Date,Close,High,Low,Open,Volume
1999-03-10,14.830991744995117,14.948932037201837,14.668823843210877,14.860476818046797,6008800
1999-03-11,15.696528434753418,15.755649069159269,15.075761773491983,15.075761773491983,17270800
1999-03-12,16.420747756958008,16.5389889649289,15.859102019096257,15.859102019096257,16184600
1999-03-15,16.24339485168457,16.420756760893138,16.13993373797957,16.420756760893138,8657200
1999-03-16,16.24339485168457,16.43553691999385,16.110373419778146,16.24339485168457,6542600
1999-03-17,15.799981117248535,16.3025062416512,15.755640665095358,16.2433856387803,6938800
1999-03-18,16.13991928100586,16.213820010314496,15.79997592618614,15.79997592618614,8341800
1999-03-19,15.962568283081055,16.287731711069743,15.962568283081055,16.139930152893065,8632800
1999-03-22,16.00691032409668,16.169492054073654,15.903449223202243,15.962569852284778,5739800
1999-03-23,15.578278541564941,15.726080045754362,15.327015984442925,15.726080045754362,12744000
1999-03-24,15.460046768188477,15.652188840833267,15.297465014412115,15.578288043662193,6156600
1999-03-25,15.578278541564941,15.652179293659652,15.35657628528081,15.460037338213404,5522000
1999-03-26,15.445260047912598,15.445260047912598,15.090536372171064,15.445260047912598,7042800
1999-03-29,15.32701587677002,16.051243242210454,15.282675425824687,15.445257079290906,7931400
1999-03-30,14.957517623901367,15.001858091165897,14.51411295125607,15.001858091165897,21393400
1999-03-31,14.514116287231445,14.927960743486517,14.381094854863743,14.927960743486517,13089800
1999-04-01,14.410648345947266,14.588010171743539,14.203726215851614,14.514109410995092,9611200
1999-04-05,14.307190895080566,14.469772609797392,14.218509959780482,14.410651986264002,8302400
1999-04-06,14.144608497619629,14.366310825168526,14.100268032109849,14.307190204488819,10912000
1999-04-07,13.937687873840332,14.115049755585915,13.627304580785562,14.115049755585915,15249200
1999-04-08,14.395870208740234,14.484551134050749,13.93768542796924,13.93768542796924,13011600
1999-04-09,14.366310119628906,14.528891818513594,14.144607802967966,14.39587042851703,8467400
1999-04-12,14.632359504699707,14.661919826931424,14.144614187876384,14.366316604614259,9582000
1999-04-13,14.972299575805664,15.31224319894834,14.898398788165952,14.898398788165952,11245000
1999-04-14,15.00185775756836,15.075758534699236,14.780155426175723,14.972297446716007,8003000
1999-04-15,15.19399356842041,15.253114165962902,15.001851626407312,15.001851626407312,8768000
1999-04-16,15.53394603729248,15.548726195272778,15.016640507982075,15.194002403745642,9169600
1999-04-19,15.356583595275879,15.859108948730528,15.1496613909122,15.533945484730461,12480200
1999-04-20,15.4304838180542,15.48960444570958,15.046199738294229,15.356583033484974,6711400
1999-04-21,15.9773530960083,16.110374537140654,15.489607811856336,15.489607811856336,13177000
1999-04-22,15.726083755493164,16.051247141415015,15.66696313987101,15.977346371887322,9231800
1999-04-23,15.726083755493164,16.021686833603937,15.607842524248854,15.726083755493164,5469600
1999-04-26,15.873881340026855,15.933001940920809,15.445256983545683,15.726079837791968,4614600
1999-04-27,16.420747756958008,16.420747756958008,15.918222623081704,15.918222623081704,9852200
1999-04-28,16.06603240966797,16.33207526465787,16.02169193383632,16.33207526465787,5784400
1999-04-29,16.03646469116211,16.228606664420273,15.933003628638483,16.06602499474029,5667600
1999-04-30,16.09558868408203,16.272950542859796,15.81476574101724,16.036468064489444,7045400
1999-05-03,16.317293167114258,16.361633637677066,15.903448775194693,16.095590814300206,5654800
1999-05-04,16.24339485168457,16.31729564718814,15.992132146972434,16.31729564718814,5216800
1999-05-05,16.67201805114746,16.73113868253451,16.110372052970508,16.243393473591365,10742800
1999-05-06,16.346847534179688,16.760691775551326,16.199046019404104,16.672010866685973,8282800
1999-05-07,16.021692276000977,16.33207561345118,15.977351799222376,16.33207561345118,5550200
1999-05-10,15.859094619750977,16.125137213558542,15.726073322847194,16.021676204855602,6254400
1999-05-11,15.82954216003418,15.962563522723542,15.519158980425665,15.859102462854038,5540600
1999-05-12,15.711309432983398,15.814770548722706,15.312245129417498,15.814770548722706,5440200
1999-05-13,15.548722267150879,15.696523809614291,15.474821495919175,15.696523809614291,6660000
1999-05-14,15.4304838180542,15.578285387192649,15.208781464346524,15.54872507336496,5762400
1999-05-17,15.873881340026855,15.903441640473833,15.400916532875216,15.430476833322194,6298000
1999-05-18,16.25816535949707,16.332066111131148,16.036463104594837,16.036463104594837,10695000
1999-05-19,16.18427085876465,16.258171638941658,15.962568518233626,16.258171638941658,5608400
1999-05-20,16.06603240966797,16.18427367855237,15.977351458004668,16.18427367855237,4121600
1999-05-21,16.080808639526367,16.37641173951766,15.99212770952898,16.066028484526804,6302200
1999-05-24,15.799981117248535,16.184265035909398,15.726080363659907,16.080803980885317,5638400
1999-05-25,15.844321250915527,16.2729456131138,15.770420498812376,15.799980799653637,8837600
1999-05-26,16.19904899597168,16.361630692099133,15.859105449523367,15.859105449523367,8707600
1999-05-27,16.110366821289062,16.24338819871255,15.933004984724413,16.199047739571387,6468200
1999-05-28,16.19904899597168,16.420751308872752,16.080807762424442,16.11036807081125,5551000
1999-06-01,16.346847534179688,16.42074829156748,16.006904050195843,16.199046019404104,6923400
1999-06-02,16.228614807128906,16.28773544394905,16.110373533488623,16.28773544394905,3718200
1999-06-03,16.272947311401367,16.30250761532762,16.154706095696362,16.22860685551199,4614400
1999-06-04,16.49465560913086,16.524215923842565,16.184272304657966,16.27295324879308,6448400
1999-06-07,16.021692276000977,16.420756567008382,15.992131958148576,16.420756567008382,4600000
1999-06-08,16.021692276000977,16.18427402418918,15.799989892107975,16.021692276000977,5791000
1999-06-09,15.844321250915527,15.962562454280569,15.755640348391747,15.962562454280569,4262600
1999-06-10,15.637401580810547,15.711302344424965,15.460039748135948,15.711302344424965,4696200
1999-06-11,15.275296211242676,15.704960217184516,15.171584209808438,15.675328216774734,5896600
1999-06-14,15.364190101623535,15.541982079655824,15.127134130913818,15.275294112607392,5623200
1999-06-15,15.112320899963379,15.230848907021915,14.978976892022526,15.230848907021915,7671400
1999-06-16,15.14195442199707,15.364194457544974,14.934530388819029,15.112322417257351,7770800
1999-06-17,15.30492877960205,15.438272786394325,15.127136770545688,15.141952771300383,7760200
1999-06-18,15.038247108459473,15.275303220514006,14.96416707344243,15.275303220514006,13430600
1999-06-21,14.59376335144043,15.008611446709804,14.549315341232997,15.008611446709804,12047400
1999-06-22,14.845643043518066,15.34938741824822,14.534506812067088,14.59377085615299,14922400
1999-06-23,14.63821029663086,15.053058361717564,14.608578291981809,14.845634329174212,10523600
1999-06-24,14.845643043518066,14.919723098625441,14.519690801045613,14.638218889217415,10789400
1999-06-25,14.66784954071045,15.008617762363318,14.5493214636138,14.845641656355426,6839200
1999-06-28,14.475235939025879,14.66784399143871,14.386339914835341,14.66784399143871,8389800
1999-06-29,14.504864692687988,14.504864692687988,14.312256683489883,14.475232691272895,8821600
1999-06-30,14.69747543334961,14.845635467959989,14.40115536412885,14.504867388356116,15421400
1999-07-01,15.379003524780273,15.438267507534725,14.727099714481302,14.727099714481302,14922400
1999-07-02,15.364190101623535,15.527166081486467,15.216030119929963,15.379006099792893,8407400
1999-07-06,15.08268928527832,15.290113302954055,14.978977276440455,15.290113302954055,6175800
1999-07-07,14.934534072875977,15.067878127098083,14.816006024678549,15.067878127098083,6491000
1999-07-08,14.964168548583984,15.216040692471042,14.78637644701665,14.934536531656097,5172800
1999-07-09,15.08268928527832,15.304929304216607,15.008609278965558,15.008609278965558,5405200
1999-07-12,14.949349403381348,15.171589483709118,14.816005355184686,15.08269345157801,4791800
1999-07-13,14.801193237304688,14.904905302030548,14.69748117257883,14.904905302030548,5662800
1999-07-14,14.66784954071045,14.741929588895855,14.593769492525043,14.741929588895855,5309600
1999-07-15,15.171590805053711,15.230854831635952,14.845638658851385,14.845638658851385,9338400
1999-07-16,15.408637046813965,15.408637046813965,15.097501106445606,15.171581092247596,7277000
1999-07-19,14.978973388671875,15.393821316350225,14.875261406752287,15.393821316350225,6306800
1999-07-20,14.919713020324707,15.141953035523189,14.830817014245314,14.978977024377636,5544200
1999-07-21,14.845643043518066,15.201227308033468,14.830827032496591,14.919723098625441,7261400
1999-07-22,14.964168548583984,15.097512624759485,14.712296404696927,14.845640480872428,6185000
1999-07-23,14.756744384765625,14.919720477368458,14.593768292162792,14.919720477368458,5908400
1999-07-26,14.949349403381348,15.08269345157801,14.593765274856915,14.756741333763946,5491400
1999-07-27,14.816003799438477,14.9789798412323,14.727107776641846,14.949347833633423,5647200
1999-07-28,14.549320220947266,14.75674433815018,14.490056187460718,14.75674433815018,6001800
1999-07-29,14.578946113586426,14.667842126474147,14.401154087810982,14.549314109290517,6723000
1999-07-30,14.356708526611328,14.623396610696988,14.282628503254202,14.57894859668271,5677200
1999-08-02,14.23818302154541,14.504871153062389,14.22336701423891,14.356711079997401,5161000
1999-08-03,14.41596794128418,14.490047940982453,14.252991941947975,14.252991941947975,5486000
1999-08-04,14.252998352050781,14.667846536933757,14.252998352050781,14.415974424683379,6119600
1999-08-05,14.43078899383545,14.608581055361144,14.16410090154691,14.252996932309756,7089400
1999-08-06,14.04556655883789,14.519678510191069,13.867774577080448,14.430782519312347,7642000
1999-08-09,14.16409969329834,14.282627724204602,14.001123650802228,14.045571662392076,4808600
1999-08-10,14.17891788482666,14.312261940169856,14.104837854080438,14.164101878677416,4855000
1999-08-11,14.09001636505127,14.223360368506013,13.867776359293362,14.178912367354432,6254800
1999-08-12,14.252998352050781,14.415974424683379,14.090022279418184,14.090022279418184,5596600
1999-08-13,14.17891788482666,14.386341970916078,14.060389835632707,14.25299791557288,4847400
1999-08-16,14.075204849243164,14.149284874765495,13.927044798198498,14.149284874765495,4236800
1999-08-17,14.252998352050781,14.282630365256708,14.015942246403368,14.07520627281522,3749200
1999-08-18,13.867779731750488,14.134467803514921,13.852963727763576,14.134467803514921,5697000
1999-08-19,13.764068603515625,13.89741264811373,13.675172573783554,13.86778063820304,9124000
1999-08-20,13.941863059997559,14.001127090008175,13.645542909944476,13.764070969965708,7397800
1999-08-23,13.941863059997559,14.178919180040024,13.823334999976325,13.941863059997559,7271200
1999-08-24,14.04556655883789,14.134462549716611,13.852958578600662,13.941854569479382,6457000
1999-08-25,14.534505844116211,14.63821791435965,14.060393523003349,14.060393523003349,10551000
1999-08-26,14.59376335144043,14.801187399075117,14.519683334428041,14.53449933783052,6892800
1999-08-27,14.712288856506348,14.712288856506348,14.460416841843097,14.593760849605994,5256200
1999-08-30,14.43078899383545,14.786373116886837,14.31226095281832,14.712293091251132,4504600
1999-08-31,14.17891788482666,14.519686026259276,14.164101878677416,14.43078998936381,6173800
1999-09-01,14.223363876342773,14.341891908645628,14.030755823850631,14.178915864229202,4987600
1999-09-02,14.104836463928223,14.164100482684225,13.91222840297122,14.164100482684225,4256000
1999-09-03,13.601095199584961,13.764071285854499,13.423303105472739,13.764071285854499,15629600
1999-09-07,12.949179649353027,13.630715420371608,12.741755719043024,13.601083430327321,20932600
1999-09-08,13.097344398498535,13.245504403006437,12.934368393539843,12.949184393990633,16796800
1999-09-09,13.038082122802734,13.275138161399148,12.919554103504527,13.097346132451838,8579800
1999-09-10,13.067716598510742,13.112164614151935,12.949188556800895,13.03808458808328,6515000
1999-09-13,13.16518497467041,13.25433972619188,13.031452847388206,13.105748473656098,5002200
1999-09-14,13.016596794128418,13.0760333091701,12.927442021565893,13.0760333091701,6496000
1999-09-15,12.853150367736816,13.209769568691364,12.853150367736816,13.016600834840984,7234000
1999-09-16,12.853150367736816,13.001741701467878,12.749136434125074,12.853150367736816,6510400
1999-09-17,12.838288307189941,13.016597867012024,12.734274397293728,12.853147437175116,10967400
1999-09-20,12.897724151611328,13.046315443680582,12.838287634783626,12.838287634783626,7170800
1999-09-21,12.778855323791504,12.986883201155552,12.704559653304344,12.897728396570958,7690400
1999-09-22,12.466814041137695,12.763996735801289,12.437095771671336,12.763996735801289,11921400
1999-09-23,12.110196113586426,12.645125021671225,12.080477840915048,12.466815385642958,12639800
1999-09-24,12.154766082763672,12.362793864131266,12.110188701042045,12.110188701042045,10570800
1999-09-27,12.125048637390137,12.377653817335764,12.095330380925944,12.154766893854328,9242000
1999-09-28,12.065616607666016,12.199348811445565,11.783293066353634,12.12505314267915,13730200
1999-09-29,11.619837760925293,12.065611588070764,11.590119505782262,12.065611588070764,12171000
1999-09-30,11.471250534057617,11.753574057564217,11.396954869976932,11.619841862218985,16804000
1999-10-01,11.664421081542969,11.694139351814416,11.352379243692775,11.471252324778563,11814600
1999-10-04,11.3077974319458,11.842726088384762,11.3077974319458,11.664416536238441,13134600
1999-10-05,11.396956443786621,11.47125211812682,11.248365095106221,11.30780163457838,13728200
1999-10-06,12.347941398620605,12.347941398620605,11.426675012682606,11.426675012682606,16290200
1999-10-07,12.362802505493164,12.57083043226829,12.31822509261278,12.34794336786637,11634400
1999-10-08,12.615409851074219,12.823437810927032,12.377663611242431,12.377663611242431,10347400
1999-10-11,12.451955795288086,12.719420239578284,12.377660116318586,12.615406289020983,5630800
1999-10-12,12.021035194396973,12.362795156660422,11.917021292838532,12.362795156660422,9377800
1999-10-13,11.813006401062012,12.035893314289597,11.768429018416494,12.02103418674109,8828000
1999-10-14,12.021035194396973,12.229062997513855,11.827866520074155,11.827866520074155,9138200
1999-10-15,11.872446060180664,12.125051295503656,11.798150402732725,12.021037375076542,9028200
1999-10-18,12.125048637390137,12.125048637390137,11.827866072748222,11.872443457444508,7876800
1999-10-19,12.555971145629883,12.570830283080333,12.243929259170443,12.243929259170443,11870400
1999-10-20,12.54110336303711,12.749131143940568,12.496525981414939,12.5559624902445,8752000
1999-10-21,12.912586212158203,12.942304477318523,12.451953102173274,12.541107897654229,11963800
1999-10-22,13.135469436645508,13.298919848187477,12.97201902510354,12.97201902510354,14658400
1999-10-25,13.388075828552246,13.447512347213964,13.07603410557822,13.13547062423994,8613400
1999-10-26,13.19490909576416,13.551528260514543,13.19490909576416,13.38807781000395,9280400
1999-10-27,13.536670684814453,13.596107219105626,13.194910612640214,13.194910612640214,7181800
1999-10-28,13.982441902160645,13.982441902160645,13.685259289999951,13.685259289999951,10987600
1999-10-29,14.027026176452637,14.116181003845345,13.848716521667221,13.982448762756283,8153200
1999-11-01,14.027026176452637,14.116181003845345,13.759561694274515,14.027026176452637,8425200
1999-11-02,13.729836463928223,14.01215994100034,13.625822551322706,14.01215994100034,6453600
1999-11-03,13.521811485290527,13.729839354294997,13.328642749786376,13.729839354294997,7917400
1999-11-04,13.4772367477417,13.670405521413851,13.328645383378506,13.521814157050658,7537000
1999-11-05,13.81899356842041,13.893289232766756,13.700120505466256,13.700120505466256,8209600
1999-11-08,13.982441902160645,14.012160163376715,13.714977551216021,13.818991465472264,5470000
1999-11-09,13.71497917175293,13.982443554300657,13.610965245206591,13.982443554300657,4456400
1999-11-10,13.759556770324707,13.848711565812772,13.551528914185889,13.714979372580675,5149000
1999-11-11,13.492094039916992,13.774417593615697,13.432657502296212,13.759558459210501,4844600
1999-11-12,13.670403480529785,13.670403480529785,13.447516467260277,13.492093869914179,4832600
1999-11-15,13.848713874816895,13.863573009875712,13.670404254111098,13.670404254111098,5541800
1999-11-16,14.086450576782227,14.086450576782227,13.729831574838373,13.848704575486325,6558800
1999-11-17,14.249905586242676,14.264764716155337,13.908145598251453,14.086455157203396,7905000
1999-11-18,14.368780136108398,14.457934924957055,14.086456638087654,14.24990708431019,6596400
1999-11-19,14.383641242980957,14.428218643527385,14.190472507279766,14.36878210946548,7501800
1999-11-22,15.542657852172852,15.70610836495861,14.621391325562225,14.621391325562225,25021800
1999-11-23,15.854696273803711,15.914132810912628,15.6466683939225,15.6466683939225,19265800
1999-11-24,16.151884078979492,16.270757190876306,15.735828187340648,15.85470129923746,11651200
1999-11-26,15.824972152709961,16.137013857129592,15.824972152709961,16.137013857129592,3306600
1999-11-29,15.982266426086426,16.012056298269254,15.669472768166747,15.86310693735512,8520200
1999-11-30,16.041845321655273,16.190794674688284,15.848211162712358,15.982265580442068,7551000
1999-12-01,16.250383377075195,16.44401764279653,15.892904732666574,16.04185416783683,10861600
1999-12-02,16.07164192199707,16.19080145431957,15.967377331214884,16.19080145431957,4753600
1999-12-03,16.28016471862793,16.444009011313113,16.161005233038704,16.161005233038704,7668200
1999-12-06,15.397638320922852,16.250373308949776,14.924724157257264,16.250373308949776,26527600
1999-12-07,14.060826301574707,14.954522888539202,14.001246529110409,14.954522888539202,36138200
1999-12-08,14.2991361618042,14.50766523083051,14.150186826785406,14.150186826785406,20022800
1999-12-09,14.805571556091309,14.82046649729462,14.31403849638204,14.31403849638204,13725400
1999-12-10,15.073676109313965,15.103465983047787,14.805567245709566,14.805567245709566,11719000
1999-12-13,14.775787353515625,15.01410650437878,14.626837884226154,15.01410650437878,5586200
1999-12-14,14.597046852111816,14.760891255553888,14.552362014809434,14.760891255553888,7121200
1999-12-15,14.26934814453125,14.582141788618053,14.150188661069611,14.582141788618053,9054200
1999-12-16,13.941661834716797,14.3885099704449,13.792712456140762,14.269350467584072,10605200
1999-12-17,14.239558219909668,14.269348090662616,13.673550675603634,13.941659512380177,16030000
1999-12-20,14.194873809814453,14.388507975110977,13.941659901349768,14.239558617190575,7583600
1999-12-21,13.926773071289062,14.299146682820854,13.852298348982703,14.194882071591953,6346400
1999-12-22,13.941661834716797,14.47787959759052,13.941661834716797,13.941661834716797,9053400
1999-12-23,14.120394706726074,14.35871360472989,14.016130188849404,14.016130188849404,6739400
1999-12-27,14.17998218536377,14.28424676025615,13.956558096308667,14.120402428282409,6182400
1999-12-28,14.09061050415039,14.209770001014242,13.98634594439452,14.179980126798279,4732200
1999-12-29,14.045928001403809,14.269352094745333,13.971453303623301,14.090612820072113,3655600
1999-12-30,13.926773071289062,14.16509218266941,13.926773071289062,14.045932626979235,3969200
1999-12-31,13.882081985473633,14.031031363000174,13.83739717221567,13.926766798731595,2829800
2000-01-03,13.435229301452637,13.822497551827103,13.167120512731852,13.822497551827103,10997000
2000-01-04,13.450125694274902,13.539495300216927,13.25649154806718,13.435230759951232,7308000
2000-01-05,13.56928825378418,13.688447755463953,13.360759125844575,13.450128752104407,9457400
2000-01-06,13.584183692932129,13.748028013789863,13.47991912511357,13.569288754672334,7129200
2000-01-07,14.477882385253906,14.477882385253906,13.792715111877692,13.792715111877692,11474000
2000-01-10,14.016133308410645,14.522561079384037,14.00123837397025,14.477876276062855,8723800
2000-01-11,14.492774963378906,14.59703953146077,14.328930642107409,14.328930642107409,9398000
2000-01-12,14.656617164611816,14.731091845326308,14.403403250182548,14.492772867039935,8389800
2000-01-13,14.433191299438477,14.641720379100127,14.403401430915384,14.641720379100127,6106000
2000-01-14,14.552351951599121,14.760881048141995,14.462982338795033,14.462982338795033,7513200
2000-01-18,15.490726470947266,15.490726470947266,14.552345925111037,14.552345925111037,18350800
2000-01-19,15.550313949584961,15.550313949584961,15.2673101516519,15.490734202651684,12813400
2000-01-20,15.699258804321289,15.714153736773207,15.520519614898276,15.550309479802113,11539800
2000-01-21,15.937577247619629,15.937577247619629,15.669468471491449,15.699258335505691,11385800
2000-01-24,15.460946083068848,15.907794235758699,15.148152376185951,15.907794235758699,11306000
2000-01-25,15.699258804321289,15.743943601677042,14.984302046629239,15.460939885090605,9718600
2000-01-26,15.028989791870117,15.60989227143695,14.954515115002573,15.60989227143695,23723800
2000-01-27,14.17998218536377,14.939624088151113,13.926768217767988,14.939624088151113,17550800
2000-01-28,13.56928825378418,14.194875637602989,13.56928825378418,14.179980699893017,10875200
2000-01-31,13.688446998596191,14.001240673210468,13.479917882186674,13.56928750350504,10734600
2000-02-01,13.852289199829102,13.911868938322991,13.420336095748409,13.688444918970909,8114600
2000-02-02,13.435229301452637,13.792707686413683,13.360754637919085,13.792707686413683,7164000
2000-02-03,13.167119026184082,13.524597370786365,13.122434233108796,13.435227784635794,9464400
2000-02-04,13.405445098876953,13.762923634847004,13.122441257900661,13.167126074896919,11501800
2000-02-07,13.554391860961914,13.733131094293281,13.241598202632025,13.405442499852443,7742800
2000-02-08,13.628868103027344,13.792712419020022,13.52460353830473,13.554393413939762,8261200
2000-02-09,13.584183692932129,13.762922952049657,13.524603939892952,13.62886850771151,7948600
2000-02-10,13.509710311889648,13.673554648638033,13.405445733958857,13.584185010411641,8031000
2000-02-11,13.241601943969727,13.330971585886283,13.07775760045604,13.330971585886283,7688600
2000-02-14,12.899019241333008,13.167128186302978,12.824544534396905,13.167128186302978,7134000
2000-02-15,13.27138900756836,13.286283944726124,12.690486458415535,12.899015578624242,7850800
2000-02-16,12.764961242675781,13.211809360855797,12.690486556312445,13.211809360855797,6869200
2000-02-17,12.467061996459961,12.764960729947655,12.198953136321038,12.764960729947655,11661000
2000-02-18,12.243637084960938,12.467061119358034,12.094687728696206,12.467061119358034,11443400
2000-02-22,12.333009719848633,12.541538869701146,12.035110934345044,12.243640084197557,10543000
2000-02-23,12.21385383605957,12.258538667167105,11.915954962009337,12.258538667167105,11021600
2000-02-24,11.871267318725586,12.035111660640244,11.513788754548154,12.035111660640244,15451600
2000-02-25,11.603155136108398,12.079793087784225,11.454205776209703,11.87126398392605,10905200
2000-02-28,11.75210952758789,11.84147918179008,11.335051141311007,11.603160103917576,10790800
2000-02-29,11.588258743286133,11.632943545638136,11.349939797408783,11.632943545638136,10346200
2000-03-01,12.154267311096191,12.24363692367778,11.722314183618508,11.722314183618508,15612200
2000-03-02,11.826577186584473,12.34789985853719,11.76699745264702,12.154265723240465,11358600
2000-03-03,11.9457368850708,12.005316620158435,11.692523010948353,11.82657741489553,9010600
2000-03-06,11.677629470825195,11.796788955221372,11.513785179780454,11.796788955221372,7866000
2000-03-07,11.230783462524414,11.677631610900717,10.67967074619364,11.677631610900717,23440200
2000-03-08,11.320147514343262,11.45420189280259,10.932879309905204,11.23077792870371,14441600
2000-03-09,11.141411781311035,11.335045943285692,10.932882683799866,11.32015100774918,12389400
2000-03-10,10.843510627746582,11.111619407004053,10.500927187584258,11.111619407004053,14059200
2000-03-13,10.465557098388672,10.60011426108224,10.316049139840262,10.60011426108224,15646400
2000-03-14,10.360902786254883,10.600115548996698,10.256247202555338,10.465558369954426,11162000
2000-03-15,11.377554893493652,11.43735807296011,10.405753227163707,10.405753227163707,22138200
2000-03-16,11.900826454162598,11.930728028168032,11.616761501110979,11.616761501110979,17610200
2000-03-17,11.751323699951172,11.945684015599218,11.661618938882842,11.900831635065053,14530800
2000-03-20,11.616765975952148,11.72142152528505,11.497159633857402,11.72142152528505,6755200
2000-03-21,11.826079368591309,11.885882551239053,11.332703111747424,11.616768229324206,8575800
2000-03-22,11.257954597473145,11.721429487940167,11.04864335661707,11.721429487940167,11884200
2000-03-23,11.242999076843262,11.571916603027505,11.108441907040616,11.257949873488,10333800
2000-03-24,11.242999076843262,11.287851466777477,11.093491110395878,11.242999076843262,8769200
2000-03-27,10.824373245239258,11.272896998495028,10.824373245239258,11.242995414944644,10535400
2000-03-28,10.734675407409668,11.123396243889685,10.734675407409668,10.824380215828134,13673000
2000-03-29,11.213096618652344,11.257949005126953,10.839326731363933,10.839326731363933,16292600
2000-03-30,11.616765975952148,11.945683416712697,11.272897742429755,11.272897742429755,18795200
2000-03-31,11.228045463562012,11.646667664600276,11.228045463562012,11.616766078811828,8857000
2000-04-03,11.796175956726074,11.945683890271399,11.302799776026506,11.302799776026506,14186800
2000-04-04,12.528769493103027,12.528769493103027,11.527065965611497,11.79618034613161,27390200
2000-04-05,11.392501831054688,12.184893690694974,11.332698671836553,12.184893690694974,20256600
2000-04-06,10.943985939025879,11.467263955236133,10.704773131615477,11.392509952920381,20675000
2000-04-07,11.0486421585083,11.108445363696438,10.704773728676514,10.943986549429061,12374000
2000-04-10,10.764580726623535,11.287858956389957,10.734679113494025,11.04864605135388,12903000
2000-04-11,11.287849426269531,11.42240657174824,10.929030371659639,10.929030371659639,12096400
2000-04-12,11.601818084716797,11.945686404238042,11.407457730204788,11.407457730204788,15586400
2000-04-13,11.302801132202148,11.63171862546729,11.272899541905318,11.601817035170459,8892800
2000-04-14,11.242999076843262,11.377556246645907,11.018737127172185,11.302802263422215,9488200
2000-04-17,11.601818084716797,11.631719677718644,11.063589410683544,11.242998968694629,10710200
2000-04-18,11.631721496582031,11.751327887292385,11.093492738385432,11.601819898904441,13001000
2000-04-19,11.766277313232422,11.885883689987008,11.467261371345955,11.631720139383512,10073200
2000-04-20,11.826079368591309,11.826079368591309,11.482211068366784,11.766276185943566,8278600
2000-04-24,11.870938301086426,12.065298751859881,11.721430262029923,11.826085889369475,9377600
2000-04-25,12.080243110656738,12.080243110656738,11.527063661282606,11.87093196765031,8711600
2000-04-26,11.826079368591309,11.990538120872603,11.691522207633886,11.990538120872603,9536200
2000-04-27,11.542012214660645,11.75132331699905,11.34765190534641,11.75132331699905,9023200
2000-04-28,11.302801132202148,11.571915444873628,11.183194771014824,11.542013854576796,7568800
2000-05-01,11.063589096069336,11.242998648978569,11.063589096069336,11.242998648978569,7754000
2000-05-02,11.063589096069336,11.377555813660493,10.988835115690488,11.063589096069336,9209400
2000-05-03,11.601818084716797,11.676572067221416,11.033687817681697,11.063589410683544,14397400
2000-05-04,11.601818084716797,11.766276846226958,11.317752951199246,11.601818084716797,6842400
2000-05-05,11.257954597473145,11.482216641247511,11.183200582881689,11.482216641247511,5999200
2000-05-08,11.601818084716797,11.601818084716797,11.392506933703865,11.392506933703865,6013000
2000-05-09,12.080243110656738,12.259652661805106,11.945685947295463,11.945685947295463,22386000
2000-05-10,12.633426666259766,12.678279068625185,12.080247037086261,12.080247037086261,21062000
2000-05-11,12.812834739685059,12.872637935669585,12.678277548719871,12.678277548719871,15919400
2000-05-12,12.498865127563477,12.678274674849076,12.319455580277877,12.678274674849076,7498200
2000-05-15,12.379251480102539,12.618464069090027,12.199842038361922,12.498857774596283,8056600
2000-05-16,11.706476211547852,12.140049404568142,11.63172221275125,12.140049404568142,16476600
2000-05-17,11.542012214660645,11.766274110023222,11.482209042563957,11.706470937926534,8448600
2000-05-18,11.826079368591309,11.93073493822486,11.527063455352591,11.542014251014526,8098600
2000-05-19,11.975592613220215,12.035395822274998,11.736379777001085,11.826084590583259,10053600
2000-05-22,12.125099182128906,12.125099182128906,11.826083172705259,11.975591177417082,9716400
2000-05-23,11.9606351852417,12.005487567186357,11.885881215333939,12.005487567186357,7210000
2000-05-24,12.603520393371582,12.693225164854653,12.005488583484437,12.005488583484437,10788000
2000-05-25,12.603520393371582,12.663323574360296,12.439061645652616,12.603520393371582,7731800
2000-05-26,13.052046775817871,13.156702362794647,12.738080014887544,12.738080014887544,12380200
2000-05-30,12.887590408325195,13.156704825204375,12.693229996134676,13.05204921864025,7451200
2000-05-31,12.767982482910156,12.887588876192687,12.618474491306992,12.887588876192687,5541000
2000-06-01,12.738075256347656,13.066992692544428,12.69322287868446,12.767976841456454,5993800
2000-06-02,12.573619842529297,12.738078603846564,12.46896426714558,12.738078603846564,6324800
2000-06-05,12.43906021118164,12.64837132050441,12.379257037089422,12.573617352889135,4837400
2000-06-06,12.394214630126953,12.4241162335772,12.214805009425477,12.4241162335772,6609200
2000-06-07,12.678272247314453,12.73807541829235,12.40915797791391,12.40915797791391,6865200
2000-06-08,12.633426666259766,12.678279068625185,12.40916465443267,12.678279068625185,7779000
2000-06-09,12.513815879821777,12.767979404262602,12.46896349315575,12.63342224426452,4966000
2000-06-12,12.588567733764648,12.78292804319332,12.498862975566801,12.513813768599777,4122600
2000-06-13,12.809359550476074,12.959352051067128,12.674366299944124,12.674366299944124,5626200
2000-06-14,12.7193603515625,12.989346774119252,12.569367894586527,12.809355825748085,10165800
2000-06-15,13.409331321716309,13.469328329867164,12.914356004471747,12.914356004471747,20672400
2000-06-16,13.319336891174316,13.484328676988413,13.229341371639356,13.409332410709279,14330400
2000-06-19,13.06434440612793,13.16933913729084,12.959349674965019,13.16933913729084,6989800
2000-06-20,12.704368591308594,12.869360391195718,12.644371573167822,12.869360391195718,6947800
2000-06-21,12.839364051818848,13.03435439372731,12.719369995259793,12.719369995259793,8780600
2000-06-22,13.469330787658691,13.559326316306745,12.719368048924911,12.839362087122316,11664600
2000-06-23,13.889307975769043,13.99430274448436,13.349334879518842,13.469328900907776,15346000
2000-06-26,14.159294128417969,14.21929113743669,13.799312074305648,13.889307587833729,9900400
2000-06-27,13.889307975769043,14.12929601854691,13.799312459727343,14.12929601854691,10429600
2000-06-28,14.410520553588867,14.609260493568105,14.009290863442104,14.009290863442104,18989000
2000-06-29,14.174291610717773,14.444278117588588,14.099295358809215,14.410529804229737,12743200
2000-06-30,13.784306526184082,14.114289925069881,13.499320863509983,14.114289925069881,19122800
2000-07-03,13.96430778503418,14.039304067445748,13.874312246140295,13.874312246140295,7707200
2000-07-05,14.099297523498535,14.204292292290546,13.979303502021953,13.979303502021953,6960400
2000-07-06,14.144286155700684,14.144286155700684,13.87429978157278,14.099288426679367,5041200
2000-07-07,14.099297523498535,14.21929154497512,14.009302007391097,14.144295281552255,5043200
2000-07-10,13.814311981201172,14.084298534579696,13.739315716373804,14.084298534579696,6447200
2000-07-11,13.484321594238281,13.799305747162647,13.394326121974178,13.799305747162647,8134200
2000-07-12,13.469330787658691,13.559326316306745,13.259341220813234,13.484330042433367,7153800
2000-07-13,13.90431022644043,13.949307994163538,13.544328084655564,13.544328084655564,8450600
2000-07-14,13.829314231872559,14.024304562690718,13.679321669704743,13.904310512956465,4648000
2000-07-17,13.761816024780273,13.829312670133419,13.574325343243757,13.829312670133419,7003000
2000-07-18,13.96430778503418,14.099301093375004,13.589326372976334,13.761817822522943,7595200
2000-07-19,14.519268035888672,14.549266523566127,14.099289208404288,14.099289208404288,16435400
2000-07-20,14.519268035888672,14.564265767404855,14.369275597501392,14.519268035888672,9225600
2000-07-21,14.60551929473877,14.699264604717838,14.485525297965562,14.519273609558027,8141200
2000-07-24,14.21928882598877,14.399279823786095,14.174291076539438,14.399279823786095,6808200
2000-07-25,14.21928882598877,14.234288075805212,14.114294077273662,14.21928882598877,4664400
2000-07-26,14.114294052124023,14.399279798128653,14.069296302754871,14.219288800652045,10162400
2000-07-27,14.504277229309082,14.684268260076102,14.324286198542062,14.324286198542062,9117200
2000-07-28,15.044244766235352,15.119241001361152,14.414276391178637,14.504271873329596,13619000
2000-07-31,14.714264869689941,14.969252130428707,14.69926561905825,14.969252130428707,8017000
2000-08-01,15.119237899780273,15.35922580295139,14.714258313179016,14.714258313179016,9321400
2000-08-02,15.104246139526367,15.1342446422861,14.939254374347826,15.119245390906233,6662400
2000-08-03,15.119237899780273,15.299228827158611,14.894249240557354,15.104238655832079,6653400
2000-08-04,14.909255027770996,15.029249032018651,14.66926701927569,15.029249032018651,6006600
2000-08-07,14.729259490966797,14.819254966471686,14.669262507296871,14.819254966471686,4263600
2000-08-08,14.624271392822266,14.969254205165765,14.519276623848157,14.729266161796374,6135800
2000-08-09,14.354276657104492,14.504269098662533,14.324278168792885,14.504269098662533,7111600
2000-08-10,14.639266014099121,14.819256989682307,14.414277294620138,14.414277294620138,6214800
2000-08-11,14.939257621765137,15.05925165888775,14.639272528958609,14.639272528958609,6165400
2000-08-14,15.134246826171875,15.179244586804696,14.939256530096321,14.939256530096321,5329400
2000-08-15,14.879262924194336,15.014256237014648,14.78926738231413,15.014256237014648,4402600
2000-08-16,14.564275741577148,14.729267536795838,14.279289913472137,14.729267536795838,11729200
2000-08-17,14.324273109436035,14.549261692306759,14.29427463171994,14.549261692306759,5834000
2000-08-18,14.47427749633789,14.47427749633789,14.279287229547846,14.324284983422471,5274600
2000-08-21,14.354276657104492,14.384275145416101,14.189284971390649,14.384275145416101,5735000
2000-08-22,13.919303894042969,14.384280640503457,13.919303894042969,14.354282140731812,4243400
2000-08-23,14.110546112060547,14.204291435685716,13.904306400085174,13.9193056518652,7007400
2000-08-24,13.90431022644043,14.159297576871376,13.889310970532726,14.110549995171342,4619200
2000-08-25,13.439330101013184,13.784312904945441,13.19934206349509,13.784312904945441,13902000
2000-08-28,13.679312705993652,13.859303662651463,13.604316474052897,13.604316474052897,12625800
2000-08-29,13.514327049255371,13.649320327216858,13.454330036828045,13.649320327216858,5934600
2000-08-30,13.019349098205566,13.439328101373487,12.914354347413585,13.439328101373487,9392800
2000-08-31,12.633118629455566,13.004350076269487,12.359382310087726,13.004350076269487,16123800
2000-09-01,13.019349098205566,13.079346098658126,12.809359596621606,12.809359596621606,10053000
2000-09-05,13.514327049255371,13.694318086537352,12.839360659447944,13.019351696729926,11223000
2000-09-06,13.034347534179688,13.1843400259424,12.974350537474603,13.1843400259424,9854000
2000-09-07,12.95935344696045,13.094346712032955,12.779362426863777,13.034349705334064,7458200
2000-09-08,13.09434986114502,13.24434241396455,12.914358797761583,12.959356563607441,5253600
2000-09-11,12.7193603515625,13.124339985397627,12.55436864888893,13.094341494002434,7846000
2000-09-12,12.839364051818848,12.92935959423814,12.52437965335133,12.719369995259793,8248000
2000-09-13,12.639534950256348,12.925429193178813,12.534205492337545,12.880287996927898,6986400
2000-09-14,12.27840518951416,12.489064102079354,12.022605081399282,12.489064102079354,11181600
2000-09-15,12.233261108398438,12.549249402711313,12.158025800228707,12.278402293300278,12373800
2000-09-18,12.790002822875977,12.880285195743335,12.218214461382697,12.233261523527258,8759800
2000-09-19,12.729812622070312,12.880283220439939,12.5342008441898,12.790000861418163,7630400
2000-09-20,12.0978422164917,12.684677846396147,11.902230339856883,12.684677846396147,14690200
2000-09-21,11.932319641113281,12.23326086787528,11.842037273084681,12.09783731583238,10247200
2000-09-22,12.729812622070312,12.744859681907275,12.248306707287512,12.248306707287512,16349000
2000-09-25,12.895336151123047,13.06085388468472,12.669630150811674,12.729818417561374,8079600
2000-09-26,13.226367950439453,13.271509137983614,12.820097262541996,12.895332575115598,10269400
2000-09-27,13.391885757446289,13.452074008041553,13.000662128577071,13.226368068309313,10414600
2000-09-28,13.346738815307617,13.391879983792311,13.030750635914766,13.391879983792311,8353200
2000-09-29,13.271507263183594,13.632636712521924,13.241413142405401,13.346742565129079,11962600
2000-10-02,13.722920417785645,13.722920417785645,13.301602685660646,13.301602685660646,9516000
2000-10-03,13.557409286499023,13.813209461715987,13.512268079107795,13.72292704693353,7380800
2000-10-04,13.783108711242676,13.783108711242676,13.482167473005937,13.557402782565122,8279000
2000-10-05,14.234519958496094,14.29470820356373,13.798155181755726,13.798155181755726,10596400
2000-10-06,14.069003105163574,14.249567850898293,13.903485421573414,14.234520788753732,9617400
2000-10-09,13.91853141784668,14.159284393722947,13.91853141784668,14.069002027769347,4073000
2000-10-10,14.008821487426758,14.279668734229853,13.737974240623663,13.918539071825725,6280600
2000-10-11,14.099095344543457,14.339848306670135,13.903483562815534,14.008812983745955,7904000
2000-10-12,13.783108711242676,14.144238197126764,13.572449844476958,14.099097011391253,8552800
2000-10-13,13.76806354522705,13.888440057097888,13.572451713436939,13.783110609210905,7312400
2000-10-16,14.114141464233398,14.264612055536526,13.722917926845266,13.768059104236205,7054600
2000-10-17,13.948628425598145,14.189381451282687,13.722922464018888,14.114146130756268,6069800
2000-10-18,14.008821487426758,14.174339249361982,13.677785963556307,13.948633210359402,7339400
2000-10-19,13.753021240234375,13.828256586187518,13.512268133184321,13.828256586187518,5797600
2000-10-20,13.196270942687988,13.421976831103404,12.940470935817183,13.421976831103404,14655200
2000-10-23,13.31664752960205,13.467118123156876,12.97056516442595,13.19627105475819,7077800
2000-10-24,13.512267112731934,13.5273141807862,13.105996275266719,13.31665522802646,6334800
2000-10-25,13.948628425598145,14.069004938440417,13.391887053702641,13.512263566544913,9350200
2000-10-26,14.129193305969238,14.279663948205332,13.587498993919299,13.948628535285925,9351000
2000-10-27,14.189374923706055,14.279657266804927,13.873386722860001,14.129186694973473,7562200
2000-10-30,14.415084838867188,14.565555453051605,14.174331856172119,14.189378917590561,10526800
2000-10-31,14.5354642868042,14.670887867116038,14.129193545868677,14.415087770971452,9830000
2000-11-01,14.655837059020996,14.791260604740904,14.52041351330109,14.535460573936636,8289000
2000-11-02,14.625747680664062,14.791265401330014,14.460229959998111,14.655841811694236,9108400
2000-11-03,14.27966594696045,14.565560207226254,14.234524747971111,14.565560207226254,6068400
2000-11-06,14.565550804138184,14.685927257064945,14.159280275510362,14.279656728437123,5558200
2000-11-07,14.460238456726074,14.655850423362327,14.400050159299536,14.56556797722252,4236000
2000-11-08,14.490324020385742,14.595653478477852,14.219476842434608,14.460229889502283,5048200
2000-11-09,15.001925468444824,15.092207868455526,14.415089868375267,14.490325201717518,11855000
2000-11-10,14.89659595489502,15.182490220696035,14.89659595489502,15.001925421242763,10323400
2000-11-13,14.700984001159668,14.836407599942103,14.535466269314472,14.836407599942103,8175800
2000-11-14,14.580611228942871,14.76117607388334,14.354905172767284,14.700987792236516,7423400
2000-11-15,14.7611722946167,14.806313494294427,14.50537216310958,14.580607495905792,7506600
2000-11-16,14.911636352539062,15.001918711888441,14.700977514057179,14.76116575362343,7607400
2000-11-17,14.791264533996582,15.122299955917157,14.716029210832815,14.91164105105861,12093800
2000-11-20,13.617591857910156,14.174333182487699,13.467121229645956,14.174333182487699,19313200
2000-11-21,13.301604270935059,13.843298562511599,13.301604270935059,13.61759260768804,13995800
2000-11-22,14.339851379394531,14.520416139680716,14.023863048893707,14.023863048893707,13403800
2000-11-24,14.204432487487793,14.324809033991926,14.114150077609692,14.324809033991926,3905000
2000-11-27,14.339851379394531,14.460227886251987,13.97872185882216,14.204427809179892,6476800
2000-11-28,14.55051040649414,14.625745724004451,14.41508683497558,14.41508683497558,5817800
2000-11-29,14.998969078063965,15.08950611475248,14.42556784570337,14.591552412965648,9692000
2000-11-30,15.11968994140625,15.11968994140625,14.832989233934475,14.998973854049712,12816400
2000-12-01,15.014059066772461,15.059327586571774,14.802805974375662,15.059327586571774,8201200
2000-12-04,15.149866104125977,15.300761184844362,14.938612991120236,15.014060531479428,8572200
2000-12-05,14.832984924316406,15.164954068095614,14.651910845891384,15.149864561560195,9266800
2000-12-06,14.69717788696289,14.923520462224126,14.576461846823564,14.832983432119631,7761200
2000-12-07,15.059331893920898,15.225316513994175,14.621736077364078,14.69718363194284,7895200
2000-12-08,14.69717788696289,14.96501660102202,14.636819866893228,14.96501660102202,8300800
2000-12-11,14.078509330749512,14.531194518233418,14.048330318250583,14.531194518233418,11578000
2000-12-12,14.003061294555664,14.169045857314407,13.912524260323623,14.078508823082366,8008200
2000-12-13,13.957793235778809,14.078509285385543,13.821987679971231,14.003061754381335,7409800
2000-12-14,13.76163101196289,13.867257565782781,13.459840858191775,13.867257565782781,10047600
2000-12-15,12.916620254516602,13.686185246316072,12.916620254516602,13.686185246316072,27540400
2000-12-18,13.248587608337402,13.414572191129784,12.946797457805799,12.946797457805799,10304600
2000-12-19,13.701274871826172,13.987975557470111,13.20332104939196,13.248589578704161,11688200
2000-12-20,13.580554962158203,14.00306111653646,13.414570401509604,13.701271006266277,13344200
2000-12-21,14.335033416748047,14.395391452186987,13.550378956041838,13.580557973761309,11930800
2000-12-22,14.214313507080078,14.24449251664925,13.882344401819184,14.24449251664925,7483600
2000-12-26,14.485923767089844,14.485923767089844,14.153954680760702,14.21431269645691,5670000
2000-12-27,14.621739387512207,14.81790307382558,14.485933758526025,14.485933758526025,7711000
2000-12-28,14.742450714111328,14.953703846145677,14.62173463866313,14.62173463866313,5520800
2000-12-29,14.712267875671387,14.757536392211914,14.531193809509277,14.742446886698405,4970400
2001-01-02,14.682087898254395,14.95369897961984,14.546282357571672,14.712266907295,10606000
2001-01-03,14.304854393005371,15.014061309114288,14.259585866445228,14.682092114339902,12469600
2001-01-04,13.897440910339355,14.21432067050996,13.701277249281363,14.21432067050996,14770600
2001-01-05,13.92760944366455,14.184130961045154,13.882340940597386,13.897430441619774,7960200
2001-01-08,14.153953552246094,14.410475098502152,13.957790016873814,13.957790016873814,9529200
2001-01-09,14.335033416748047,14.47083899648566,13.912527168675473,14.15395931043123,8516200
2001-01-10,14.274672508239746,14.304851519885073,13.972882391786474,14.304851519885073,7963200
2001-01-11,13.852165222167969,14.214313332551445,13.791807203770722,14.214313332551445,6909000
2001-01-12,13.671098709106445,13.867262377117907,13.580561631562695,13.852172864193948,7212000
2001-01-16,13.76163101196289,13.83707855040567,13.565467412011666,13.671093965831556,7163600
2001-01-17,13.98797607421875,14.169050198156857,13.776722929624293,13.776722929624293,7651800
2001-01-18,13.791815757751465,14.16905360670528,13.746547215877007,13.987979439207448,7014400
2001-01-19,13.474929809570312,13.791809457947666,13.354213753045606,13.791809457947666,9824200
2001-01-22,13.444751739501953,13.535288788252808,13.324035674500815,13.474930755752238,6874600
2001-01-23,13.731453895568848,13.8069014444456,13.38439517073579,13.44475320983719,7707800
2001-01-24,14.018156051635742,14.018156051635742,13.550381199535948,13.731455335832642,9189400
2001-01-25,14.153953552246094,14.244490568571761,13.957790016873814,14.018148027757592,7486800
2001-01-26,13.98797607421875,14.289766280782262,13.88234950192152,14.153960687828683,6394600
2001-01-29,13.790602684020996,13.930633758209533,13.648157693824935,13.906489993181959,5123000
2001-01-30,13.981330871582031,14.068246562491355,13.824399660663502,13.824399660663502,5507600
2001-01-31,14.003061294555664,14.051347897010821,13.657813330338255,13.981332369500361,8614000
2001-02-01,13.867859840393066,13.882346098313066,13.667471671280248,13.882346098313066,6720800
2001-02-02,13.940288543701172,13.99823172647851,13.807500164440015,13.867858183744074,6059400
2001-02-05,14.2927827835083,14.391769923454444,13.91131956259991,13.940292082333308,9183600
2001-02-06,14.345894813537598,14.430396600387361,14.085148626749758,14.292780378278987,6257000
2001-02-07,14.485923767089844,14.616297302031308,14.309678471775745,14.345892728599331,9615600
2001-02-08,14.633200645446777,14.724945107073866,14.379697108757341,14.485926907858413,6654600
2001-02-09,14.519721031188965,14.71286645628324,14.47384928053846,14.633194371364992,4456400
2001-02-12,14.683897018432617,14.6959684365793,14.365206790211344,14.519723152865275,6766000
2001-02-13,14.476272583007812,14.505245106302613,14.353142582472122,14.505245106302613,6660600
2001-02-14,14.36521053314209,14.449711403176174,14.275880910393143,14.449711403176174,5678000
2001-02-15,14.092395782470703,14.232426885903111,13.75922004442447,14.232426885903111,11421200
2001-02-16,14.331411361694336,14.360382959371588,14.102050654355757,14.102050654355757,7635600
2001-02-20,14.116537094116211,14.722531341975861,14.099636918505935,14.33141154486728,15772000
2001-02-21,13.259446144104004,13.592622590781794,13.066300711606035,13.592622590781794,19289000
2001-02-22,12.793488502502441,13.259451648920695,12.412025309083727,13.259451648920695,18957800
2001-02-23,12.554468154907227,12.747613634630818,12.436166030519487,12.747613634630818,9069200
2001-02-26,12.667936325073242,12.694493990314974,12.421675594181599,12.55446299940035,9415600
2001-02-27,12.554468154907227,12.754857223301281,12.44340961918995,12.66794152717809,7369600
2001-02-28,12.803144454956055,12.832116971170425,12.532740750554776,12.554469677220352,11189600
2001-03-01,12.723472595214844,13.013191316286175,12.638970802699225,12.803144713939966,9725000
2001-03-02,12.687256813049316,12.807972864402766,12.5568832565499,12.723471996851504,9115800
2001-03-05,12.119893074035645,12.385468047847047,11.958133068503239,12.385468047847047,14449600
2001-03-06,12.02331829071045,12.119891498262486,11.924331167415275,12.119891498262486,9274600
2001-03-07,12.175422668457031,12.264752300725789,12.023320165195791,12.023320165195791,10325800
2001-03-08,12.409616470336914,12.426516652049395,12.124726377196755,12.1754269223342,9774600
2001-03-09,12.43375301361084,12.525497468481774,12.305794296731372,12.409610172271817,7863400
2001-03-12,12.095746994018555,12.385465677915171,12.07884682188203,12.385465677915171,7984800
2001-03-13,11.812254905700684,11.875253191834108,11.703218521708877,11.875253191834108,10361200
2001-03-14,11.550565719604492,11.705640176422245,11.208919054453672,11.705640176422245,14145800
2001-03-15,11.545723915100098,11.56995381514546,11.194384818573708,11.55056915566002,9442800
2001-03-16,11.788029670715332,12.052139716692523,11.414883197626148,11.545726910160539,18494000
2001-03-19,11.727452278137207,11.89706344645427,11.640223149110406,11.788027959482314,7439600
2001-03-20,11.492415428161621,11.819523654856928,11.400340157028873,11.727449308035489,8841200
2001-03-21,10.964193344116211,11.63052553630007,10.964193344116211,11.492413119501396,18423000
2001-03-22,11.078081130981445,11.19438633066985,10.780048883471489,10.964198551900239,14688800
2001-03-23,11.024772644042969,11.024772644042969,10.661318600832761,11.024772644042969,15672800
2001-03-26,10.879389762878418,11.17015221433773,10.782468329517787,11.024770988608074,11227600
2001-03-27,11.293718338012695,11.373677672920232,10.799421074602295,10.879381333820406,13466000
2001-03-28,11.133811950683594,11.44880535223187,10.867278361441457,11.293731734504206,14176000
2001-03-29,10.787318229675293,10.9520841688663,10.603167627373999,10.9520841688663,15293800
2001-03-30,10.942389488220215,11.024772440129905,10.758239849763418,10.787315913875245,10279600
2001-04-02,11.109574317932129,11.368838037134298,10.869695251232717,10.942385849495839,10424800
2001-04-03,10.82123851776123,11.073233546961024,10.704933332971658,11.073233546961024,9345400
2001-04-04,10.964193344116211,11.158035251525654,10.70250607588012,10.821234764093411,8798600
2001-04-05,10.976312637329102,11.291305977165452,10.811546719695658,10.964197686626067,9242200
2001-04-06,10.90362548828125,10.9884310945765,10.624976911633793,10.976316140007434,7907800
2001-04-09,10.637086868286133,11.046578020330639,10.637086868286133,10.90361941765998,8231600
2001-04-10,10.576512336730957,10.734008523920863,10.469898566122819,10.637088006645083,11896400
2001-04-11,10.69282054901123,10.843047994258503,10.266367194080628,10.5765153406606,13748400
2001-04-12,10.799428939819336,10.879389257272495,10.334208299655948,10.692816107526372,10429200
2001-04-16,11.002963066101074,11.024770341110885,10.697662140274948,10.799428807446578,8287000
2001-04-17,11.07323169708252,11.07323169708252,10.85758247854178,11.0029637041637,8815800
2001-04-18,11.32764720916748,11.407607515489765,11.07565226866898,11.07565226866898,14767400
2001-04-19,11.509371757507324,11.57479356051994,11.155610236900669,11.327644835020367,10836400
2001-04-20,11.388227462768555,11.448803140762005,11.213769214367742,11.448803140762005,9167200
2001-04-23,11.49726390838623,11.606300314019569,11.39549628835795,11.39549628835795,6661000
2001-04-24,11.482726097106934,11.739567320757944,11.429419201329363,11.497264593494876,8686800
2001-04-25,11.678983688354492,11.7274443856793,11.485141823366181,11.485141823366181,6495400
2001-04-26,11.363994598388672,11.625680978449536,11.363994598388672,11.625680978449536,8592800
2001-04-27,11.388227462768555,11.509378818755454,11.145924750794755,11.363997561295772,6961800
2001-04-30,11.191963195800781,11.327653062564423,11.109580227464212,11.327653062564423,7674000
2001-05-01,11.540875434875488,11.67898787091083,11.17742146124327,11.191959028629357,8458000
2001-05-02,11.526335716247559,11.606296025604605,11.424569058132578,11.540874206397337,7669600
2001-05-03,11.32764720916748,11.523912659340354,11.242841663956986,11.523912659340354,8591600
2001-05-04,11.347029685974121,11.380951897553144,11.102303575049554,11.327645036894141,8819000
2001-05-07,11.344609260559082,11.363993914966608,11.245265217498496,11.34703280451562,7014600
2001-05-08,11.28403377532959,11.31553337707007,11.148343965326239,11.31553337707007,6875600
2001-05-09,11.08776569366455,11.284031116916786,11.00053754097455,11.284031116916786,10038000
2001-05-10,11.051424026489258,11.206497574769235,11.029616750992933,11.087768869442295,7317200
2001-05-11,10.97389030456543,11.12169511022665,10.806700837822042,11.051427100271068,9636400
2001-05-14,11.148344039916992,11.172574858460719,10.988424334773267,10.988424334773267,7585600
2001-05-15,11.121696472167969,11.172579827272461,10.954506984950882,11.148348997952493,6936400
2001-05-16,11.686258316040039,11.72987287302149,11.032040885629659,11.1216935440423,11359000
2001-05-17,11.662028312683105,11.800140767113621,11.54572313654748,11.686258211094595,9574800
2001-05-18,11.654753684997559,11.703214385679805,11.55783320794405,11.662023390902036,6726000
2001-05-21,11.700797080993652,11.715334650783483,11.463340556541882,11.654758978495437,7996600
2001-05-22,11.582072257995605,11.666878782352516,11.521496565302835,11.666878782352516,5928600
2001-05-23,11.800139427185059,11.800139427185059,11.4609153420755,11.582066668998733,8525800
2001-05-24,11.894630432128906,11.957628678981596,11.75167191210204,11.800132599694505,6694000
2001-05-25,11.671719551086426,11.897061115484375,11.603875097052242,11.89463849540231,4007000
2001-05-29,11.712912559509277,11.8219489594138,11.666875379243567,11.67172061985137,4531800
2001-05-30,11.60145092010498,11.788024067973026,11.574797481222227,11.71290991514992,5220400
2001-05-31,11.485147476196289,11.519069703726426,11.376111084627004,11.519069703726426,7223400
2001-06-01,11.584490776062012,11.606298052940298,11.388225284157437,11.485146720130112,6972600
2001-06-04,11.526335716247559,11.53360449916687,11.363993402308568,11.53360449916687,4484800
2001-06-05,11.53845500946045,11.550569960327115,11.262230062729854,11.526340058593783,6841400
2001-06-06,11.32764720916748,11.506951550298254,11.233149337558324,11.506951550298254,7095400
2001-06-07,11.17499828338623,11.434262052462728,11.111999999255566,11.327649216121877,6785400
2001-06-08,11.145925521850586,11.201655038542452,11.061119936517649,11.175001590491656,4425000
2001-06-11,11.1289644241333,11.175001609921,11.027196797245283,11.145925541229378,3476200
2001-06-12,11.124116897583008,11.177423787255115,11.027195448053982,11.128963062490604,4899400
2001-06-13,11.153305053710938,11.16546861550879,11.04384042112612,11.16546861550879,5575600
2001-06-14,10.951400756835938,11.114382062474753,10.907614540525653,11.114382062474753,7021600
2001-06-15,10.76653003692627,10.992758608994565,10.730042126303786,10.951405458032477,13749800
2001-06-18,10.64733600616455,10.812750483152906,10.574359249363763,10.766531159084218,6354400
2001-06-19,10.64246940612793,10.725176634059254,10.591385775686442,10.647334646353265,5441000
2001-06-20,10.68625545501709,10.76166528527843,10.56949247548157,10.64246922169756,8301800
2001-06-21,10.603546142578125,10.8200441825407,10.59381566421027,10.686253352805911,10298800
2001-06-22,10.423537254333496,10.632737924577695,10.360290993258312,10.603547413923733,9211200
2001-06-25,10.603546142578125,10.751932689864697,10.523271087967558,10.523271087967558,14690600
2001-06-26,10.691118240356445,10.776257603401195,10.46732188500395,10.60354579382501,20446600
2001-06-27,10.747068405151367,10.788421549963177,10.642468073280869,10.691119541491496,12653800
2001-06-28,11.031676292419434,11.046272009057105,10.756797255364038,10.756797255364038,15615000
2001-06-29,10.946545600891113,11.107094899252843,10.912489829715923,11.068173885345459,13146800
2001-07-02,11.09249496459961,11.201960564687397,10.86626636706812,10.946541449782437,7314800
2001-07-03,11.175199508666992,11.187363071926459,11.094925373262154,11.094925373262154,3896200
2001-07-05,11.004921913146973,11.160605888527884,10.95140519862865,11.160605888527884,5515000
2001-07-06,10.849235534667969,11.065734519441667,10.84193813929848,11.004920416830414,5020200
2001-07-09,11.000057220458984,11.1119549673401,10.839507996862247,10.849237549845583,4552000
2001-07-10,10.866256713867188,11.017076263538598,10.81274096754897,11.000048399535213,9439200
2001-07-11,11.070595741271973,11.128977671782295,10.773823634363305,10.8662603764098,7234200
2001-07-12,11.065736770629883,11.068168926931317,10.922215422151684,11.068168926931317,6950800
2001-07-13,11.192224502563477,11.223848088588209,10.973294339494466,11.06573201436326,6472800
2001-07-16,11.428187370300293,11.428187370300293,11.201958808241024,11.201958808241024,8402400
2001-07-17,11.464675903320312,11.481703779329294,11.167902759250111,11.42818706732984,7532000
2001-07-18,11.243313789367676,11.420890892411572,11.094927201467364,11.420890892411572,8188800
2001-07-19,11.360075950622559,11.406294340229973,11.141144783114436,11.243312970601453,5038400
2001-07-20,11.216548919677734,11.377098051698692,11.13870697251298,11.360070183753226,7086000
2001-07-23,10.820050239562988,11.201962913774373,10.761669192573356,11.201962913774373,10382000
2001-07-24,10.751931190490723,10.849233176751882,10.618140379413276,10.820042673668471,9968400
2001-07-25,10.941678047180176,10.95384068746672,10.705718928231335,10.751938260450164,7287400
2001-07-26,10.946545600891113,10.948977758282126,10.800592030725966,10.94168035815892,6933200
2001-07-27,10.895455360412598,10.96843210139806,10.751934034363027,10.94653898630746,4724000
2001-07-30,10.76653003692627,10.895456586051568,10.705715924605753,10.834642473731051,5806800
2001-07-31,10.849235534667969,10.883292211607905,10.654630591901867,10.76652831799868,8695000
2001-08-01,10.72274398803711,10.885725352366203,10.644901075937797,10.873562716333376,7926000
2001-08-02,10.68139362335205,10.810319280405992,10.581658488509387,10.78842615676004,10578800
2001-08-03,10.873557090759277,10.893017112753977,10.72760275002777,10.751928937457606,11690800
2001-08-06,10.851665496826172,10.941670082974166,10.776255697218811,10.893018629290362,7596400
2001-08-07,10.917346954345703,10.917346954345703,10.80301615503056,10.871127646733465,8588000
2001-08-08,11.06816577911377,11.148440833476942,10.839505105870817,10.897886119999043,13201200
2001-08-09,11.094921112060547,11.116814218389719,10.946534605601624,11.024376555227741,9790400
2001-08-10,11.109518051147461,11.184927860443203,10.812745908651705,11.01708129801652,7793800
2001-08-13,11.141143798828125,11.177632632839027,11.031678224745015,11.068167058755918,5174200
2001-08-14,11.199524879455566,11.214119669568845,11.116817666332064,11.165469131925216,6728200
2001-08-15,11.574141502380371,11.603332014450976,11.226284729711038,11.238447365744653,15860400
2001-08-16,11.605764389038086,11.617927025300748,11.413591581059169,11.574141720345098,9601600
2001-08-17,11.564409255981445,11.64954862316188,11.435482735458848,11.605762397769226,6383600
2001-08-20,11.80766487121582,11.80766487121582,11.605761631027494,11.651980936971515,8027400
2001-08-21,11.75172233581543,11.866052264545011,11.690908208296523,11.797940738667819,8164600
2001-08-22,11.737123489379883,11.76144876273758,11.630090987476445,11.75171921016432,7915600
2001-08-23,12.029031753540039,12.065519664620407,11.727393344347153,11.793072697831485,9309600
2001-08-24,11.970643997192383,12.126327902789512,11.873342020168813,12.016863294631657,8325400
2001-08-27,11.800373077392578,11.975518064291155,11.773615640349702,11.919569177465211,8020400
2001-08-28,11.644680976867676,11.800364889216421,11.579001652355053,11.800364889216421,6329800
2001-08-29,11.6033296585083,11.700631654970646,11.508459817578995,11.664143754278314,5472200
2001-08-30,11.868477821350098,12.10200370019373,11.690900792982585,11.700630341972387,13128600
2001-08-31,11.839288711547852,11.93902472780277,11.749284102089224,11.7541493415126,7670800
2001-09-04,12.041190147399902,12.257688165214583,11.788203303413342,11.90010100934799,14190400
2001-09-05,12.272285461425781,12.333099560909606,11.87091203365273,11.87091203365273,13798400
2001-09-06,12.043622970581055,12.250391450437919,12.024162942706562,12.250391450437919,10386200
2001-09-07,12.097138404846191,12.157952493505954,11.956050201689203,11.982807621222044,12133000
2001-09-10,12.238868713378906,12.29522375158856,12.128608449626865,12.187414235190039,13732600
2001-09-17,12.34460735321045,12.34460735321045,11.978203261641664,12.172471209104755,20256600
2001-09-18,12.16508960723877,12.371652713650205,12.037217118692055,12.369193104179717,11112000
2001-09-19,12.172467231750488,12.280666602773323,11.884754820180895,12.226567386295011,14416000
2001-09-20,11.889669418334961,12.150332630520106,11.877374187340548,12.002787982455153,16598600
2001-09-21,11.508523941040039,11.761810473210065,11.127365744050602,11.311797220471329,23054200
2001-09-24,11.810981750488281,11.975740888583543,11.510974099765846,11.510974099765846,13608400
2001-09-25,11.803604125976562,12.11344832153433,11.75688186401506,11.766717487856415,17787200
2001-09-26,11.53065013885498,11.803608741083174,11.498681769189249,11.779018264765869,11593800
2001-09-27,11.545401573181152,11.57491032364865,11.434742586345203,11.552778526281461,11084800
2001-09-28,11.5208101272583,11.619173879240279,11.486383095484486,11.56999200324929,11554000
2001-10-01,11.333921432495117,11.491302703380466,11.274902986879926,11.434743867785192,12393400
2001-10-02,11.353591918945312,11.427365199412701,11.191292390436269,11.37326504388761,9414200
2001-10-03,11.262609481811523,11.311791371038035,11.154410075966409,11.299496133248036,11105800
2001-10-04,11.10522747039795,11.13473622680379,11.021618545526023,11.06588214916801,12277400
2001-10-05,11.188836097717285,11.287199867209504,10.891287055199648,11.065881854885227,10504800
2001-10-08,11.348677635192871,11.432286562604773,11.154409695314264,11.181459780369067,6919000
2001-10-09,11.356051445007324,11.37080628860544,11.183915355294179,11.250310744386372,5939800
2001-10-10,11.348677635192871,11.397858584674534,11.240477294973656,11.348677635192871,8301800
2001-10-11,11.324085235595703,11.434744238419494,11.213426232771912,11.311789999296703,9565400
2001-10-12,11.01669692993164,11.149487700680785,10.82242905473191,11.10276543900216,16640000
2001-10-15,10.942926406860352,11.016698756821427,10.832267412885578,10.869154056899276,9715400
2001-10-16,10.952759742736816,11.016695510377883,10.893741317319947,10.942923182156331,9620000
2001-10-17,10.888830184936523,11.038834549027232,10.881453228691624,11.014244069499792,10608200
2001-10-18,11.341303825378418,11.36097696270693,10.906045511686685,10.906045511686685,15165200
2001-10-19,11.948689460754395,12.020003123485186,11.560153729793088,11.606876927200354,23672000
2001-10-22,12.044600486755371,12.047060097536017,11.74213308733546,11.830660314105515,12130800
2001-10-23,12.017550468444824,12.044600558793755,11.877382671242787,12.044600558793755,8877600
2001-10-24,11.992959976196289,12.047060156836883,11.936401122829604,11.965909885875991,6779200
2001-10-25,12.15771770477295,12.170013882049139,11.86508688409207,11.867545556707336,7438400
2001-10-26,12.083938598632812,12.170007101278195,12.020002827526216,12.0495115728011,6475600
2001-10-29,11.953614234924316,12.086405071165228,11.926564145534504,12.049518415076097,5771000
2001-10-30,11.842955589294434,12.000336909327583,11.697869509001375,11.828200738766327,7737200
2001-10-31,11.77409839630127,11.879839118745629,11.739671358866625,11.842952471170559,6391000
2001-11-01,11.948689460754395,11.970821254772016,11.646222234557666,11.656058795913523,7242800
2001-11-02,12.020004272460938,12.037217787446046,11.779014124603222,11.808522873425376,5705000
2001-11-05,12.123292922973633,12.197065310069728,11.877384340608785,11.877384340608785,7725800
2001-11-06,12.25854206085205,12.25854206085205,12.015093097468979,12.061815388909476,6333000
2001-11-07,12.147881507873535,12.270835770349718,12.07656781050137,12.147881507873535,5599600
2001-11-08,12.066729545593262,12.19706074528847,12.000334140635388,12.110993148898512,7392800
2001-11-09,12.103617668151855,12.135585100379776,11.938858471772518,11.990499035894443,5188800
2001-11-12,12.12821102142334,12.172474640616379,11.983124922527665,12.039683783037262,4106200
2001-11-13,12.209358215332031,12.2265717364359,12.083944346642083,12.147881086227775,5599600
2001-11-14,12.295426368713379,12.31263989058425,12.197062582537036,12.233949236869812,8670400
2001-11-15,12.295426368713379,12.406085393645117,12.233949236869812,12.32001684622417,10053200
2001-11-16,12.278203010559082,12.401157175745482,12.241316385776829,12.401157175745482,8534600
2001-11-19,12.16508960723877,12.344602637871802,12.076562427624417,12.320011233497725,6804200
2001-11-20,12.049513816833496,12.11099092814387,11.9757414708743,12.024923347535855,7764200
2001-11-21,11.990498542785645,12.049516997973969,11.933939698016198,11.951153218682267,4568600
2001-11-23,12.086400032043457,12.086400032043457,11.929017844670808,11.929017844670808,2171600
2001-11-26,11.879837989807129,12.071646287610598,11.828196500496226,12.037219253447546,8057400
2001-11-27,11.8011474609375,11.89705161067588,11.683110574111133,11.879838093444189,7262400
2001-11-28,11.539504051208496,11.695009930947137,11.4950737998546,11.653047608402602,9075800
2001-11-29,11.62096118927002,11.670327304034311,11.467923220386211,11.588872461394603,7146400
2001-11-30,11.591334342956543,11.662916490255869,11.541967312350188,11.601207937397373,6975200
2001-12-03,11.485203742980957,11.539507609513706,11.381533752253123,11.44077347792661,8425800
2001-12-04,11.490134239196777,11.613551365163655,11.425957747997096,11.586399446795271,7857600
2001-12-05,11.63083267211914,11.69994692068296,11.591339219339039,11.670326124899242,12115800
2001-12-06,11.460518836975098,11.574062410913056,11.3938734501163,11.527164223833893,7025800
2001-12-07,11.502481460571289,11.57653252610674,11.379064273476754,11.398811475379118,6653800
2001-12-10,11.263051986694336,11.569126062436256,11.233431185868978,11.393873894745452,7431400
2001-12-11,11.267988204956055,11.40621483527635,11.243304205542932,11.29267126277088,7332600
2001-12-12,11.349441528320312,11.386467051679826,11.218619644553533,11.267986695166826,8400000
2001-12-13,11.411147117614746,11.477792477248586,11.295134720296812,11.317349840174758,10977800
2001-12-14,11.416089057922363,11.532101507498128,11.374127669028018,11.403747528341576,6786600
2001-12-17,11.391404151916504,11.514821310911923,11.30501157566079,11.514821310911923,8741400
2001-12-18,11.477800369262695,11.490141901770146,11.32476329465346,11.465458836755246,9842800
2001-12-19,11.722151756286621,11.83569521565412,11.416077059733627,11.416077059733627,15066400
2001-12-20,11.788810729980469,11.872734465070216,11.660457668406528,11.662925598145112,9772400
2001-12-21,12.040578842163086,12.040578842163086,11.79127657227385,11.885073885419532,16875000
2001-12-24,11.939379692077637,12.04551855965199,11.875203162231953,12.040581758648704,5177400
2001-12-26,11.97640323638916,12.040579755558335,11.7986821962309,11.860390786108256,4803000
2001-12-27,11.833236694335938,11.833236694335938,11.717225206845141,11.724629934966332,7931600
2001-12-28,11.643173217773438,11.709818590269768,11.598743911040659,11.677730809940433,8710400
2001-12-31,11.638240814208984,11.77399952813031,11.588873752347123,11.66292387434072,6934000
2002-01-02,11.717218399047852,11.759179756152298,11.418548336514302,11.551839014841905,8848000
2002-01-03,11.564188957214355,11.76165719111378,11.4777973110821,11.76165719111378,10789800
2002-01-04,11.460518836975098,11.512353823999169,11.359316792100254,11.502480224109352,10145600
2002-01-07,11.161849975585938,11.601214831731532,11.058179055543578,11.32969741443673,17142800
2002-01-08,11.021147727966309,11.22355170253968,11.016210930830644,11.22355170253968,12292800
2002-01-09,10.998932838439941,11.129754669640233,10.976717721670289,10.984122446727575,12000600
2002-01-10,11.053239822387695,11.095202143662965,10.981658589903295,11.01127844271057,9222800
2002-01-11,11.181598663330078,11.255648798531226,11.026092720288677,11.095206995861831,11290600
2002-01-14,10.98412799835205,11.149506552202766,10.934760942624072,11.10754516687286,16115200
2002-01-15,10.947102546691895,11.060647058129186,10.870584504303908,11.045836658829119,12015800
2002-01-16,10.897741317749023,11.05818314490127,10.843437437568944,10.99894340434,10501000
2002-01-17,11.119879722595215,11.156905226573626,10.937222955015844,10.959438069083355,9838000
2002-01-18,11.216150283813477,11.218619154115206,11.11001145919427,11.132226583919177,9820800
2002-01-22,11.329697608947754,11.339570267827382,11.156913366976317,11.216153086647552,9442400
2002-01-23,11.053239822387695,11.295137327109744,10.8607093667432,11.29266939837503,13132600
2002-01-24,10.915010452270508,11.132223906677412,10.803934855359076,11.107540859185052,13154000
2002-01-25,11.14456558227539,11.203805268698268,10.86564264570731,10.885388893982324,8429800
2002-01-28,11.159378051757812,11.169251649365103,10.986593860022602,11.070517556488383,9345200
2002-01-29,10.86070728302002,11.144567054556319,10.86070728302002,11.107541539452292,15979600
2002-01-30,10.823686599731445,10.932294323668051,10.764446879037282,10.922420723019563,11985000
2002-01-31,10.799001693725586,10.910077328037836,10.737293112618582,10.885393330636102,18087600
2002-02-01,11.02855396270752,11.033490760519044,10.786656519530242,10.7989980432601,14601200
2002-02-04,11.02855396270752,11.105072916389293,10.949567080918934,11.02855396270752,9806000
2002-02-05,11.292671203613281,11.376594917981661,11.008811332238329,11.080393517763948,15225200
2002-02-06,11.477800369262695,11.48273717058539,11.159383745938202,11.305016089362683,15027600
2002-02-07,11.324756622314453,11.455578484693007,11.292667903422311,11.329693420728477,8603800
2002-02-08,11.317352294921875,11.322289093920876,11.11494824395354,11.208745541738274,6663800
2002-02-11,11.388933181762695,11.413617173969925,11.181592355212095,11.181592355212095,9030800
2002-02-12,11.381524085998535,11.386460882544947,11.230955086924796,11.255638128059193,6057000
2002-02-13,11.448174476623535,11.448174476623535,11.233427969322138,11.292668612411715,7968400
2002-02-14,11.598738670349121,11.601206597875477,11.354372414941956,11.391397919021056,8097800
2002-02-15,11.5888671875,11.613550233649315,11.514817107454201,11.601208710574658,12432600
2002-02-19,11.425962448120117,11.569125883501712,11.364253859752562,11.440771906705397,6432600
2002-02-20,11.571592330932617,11.601212183498326,11.211213534724255,11.354377881721765,7912000
2002-02-21,11.354377746582031,11.657983821161906,11.324757894368858,11.539503470711086,9376200
2002-02-22,11.675263404846191,11.724630458253218,11.329695914193453,11.354378970097853,12420400
2002-02-25,11.692544937133789,11.76906393796785,11.60121647533722,11.675266604945207,8480200
2002-02-26,11.598738670349121,11.761649193421338,11.504941417187032,11.695003851037566,8453000
2002-02-27,11.719697952270508,11.843115160202924,11.551850474154534,11.588876013173689,8153200
2002-02-28,11.697479248046875,11.84804834643859,11.687605648441254,11.823365289022824,8506200
2002-03-01,11.94924259185791,11.95911618502129,11.591332843265569,11.591332843265569,9108000
2002-03-04,11.791272163391113,11.946778003587657,11.650576717079264,11.875195845541858,9246600
2002-03-05,11.749309539794922,11.828296421888496,11.662917931754423,11.729563290070482,8700000
2002-03-06,11.734504699707031,11.848048269640836,11.63083378771657,11.638239458171924,7829200
2002-03-07,11.5888671875,11.648106874897499,11.440766085810548,11.625891756723973,11507000
2002-03-08,11.811019897460938,11.890006791573262,11.699945224964143,11.722160347783111,7939800
2002-03-11,11.744378089904785,11.872731115264846,11.69994783435774,11.872731115264846,6068800
2002-03-12,11.87026309967041,11.872731028694691,11.603681568331924,11.699947749047436,6878800
2002-03-13,11.885135650634766,11.922314860568301,11.798382269728586,11.823169355214908,6989600
2002-03-14,11.870261192321777,11.981800692445262,11.842995876121542,11.909919576195632,8102200
2002-03-15,12.05615520477295,12.157779831754043,11.949573163606184,11.984274117375815,14707200
2002-03-18,12.063594818115234,12.175134310126314,11.942141440004583,12.09581754814741,8276200
2002-03-19,12.194961547851562,12.251970400089393,12.10820820663993,12.120602216477447,8382400
2002-03-20,12.247014999389648,12.336246589925587,12.175133890843437,12.19496355342047,7312000
2002-03-21,12.492403984069824,12.584113825157933,12.361034811126842,12.38830012901181,15073200
2002-03-22,12.703093528747559,12.76010242038848,12.45522828916224,12.494886689674658,13291000
2002-03-25,12.827024459838867,12.911298668024255,12.727877998845212,12.75266508685899,15111000
2002-03-26,13.03770923614502,13.057538906143268,12.82454595684809,12.827024192832518,16579000
2002-03-27,12.9608736038208,12.973266676692917,12.851812293272124,12.879077620909293,19315200
2002-03-28,12.953437805175781,13.000532808747055,12.874120999249424,12.960874405783878,10190400
2002-04-01,12.963342666625977,12.975735730728097,12.779923048642157,12.888983336483072,7959000
2002-04-02,12.95838451385498,12.960863693852318,12.814623276503749,12.938555801526938,8597800
2002-04-03,12.824538230895996,12.928641099079456,12.765050202269634,12.879067899479178,8403000
2002-04-04,12.893948554992676,12.990615837237096,12.779930783398271,12.824546597592734,9461600
2002-04-05,12.93360424041748,12.958390378427518,12.792321173593045,12.864202297564931,5724800
2002-04-08,13.136857032775879,13.161643177266908,12.774974028234352,12.789845336716649,10295200
2002-04-09,13.223600387573242,13.273173587984935,13.074881731868318,13.136847996000395,8951600
2002-04-10,13.43924617767334,13.496255037859163,13.141807865178775,13.161636581728905,8325400
2002-04-11,13.171552658081055,13.414460368350536,13.141809107678577,13.411982133121338,8850800
2002-04-12,13.22608470916748,13.260785679286338,13.01044229090707,13.074886814623445,7078600
2002-04-15,12.985651969909668,13.139328061625028,12.941036177874517,13.099669684874925,8734000
2002-04-16,13.35496997833252,13.359927393100369,12.839410188838556,12.985650615134423,12718200
2002-04-17,13.364885330200195,13.399587237386434,13.201294407014803,13.297962587309604,8254800
2002-04-18,13.312835693359375,13.434290021158548,13.188903130333061,13.37232373964539,7437000
2002-04-19,13.61027717590332,13.627627663090239,13.285573445419791,13.315317948195055,9241200
2002-04-22,13.706941604614258,13.843267238049693,13.57557338728035,13.6301040188667,11199000
2002-04-23,13.513607025146484,13.669762322073293,13.449161561734591,13.64497524171086,7624600
2002-04-24,13.627623558044434,13.647453220587993,13.508648419374138,13.568136461474463,9417000
2002-04-25,13.627623558044434,13.632580973680323,13.42189600957195,13.620187907355776,8991200
2002-04-26,13.496255874633789,13.654889398991493,13.496255874633789,13.61027360207459,6252400
2002-04-29,13.543354988098145,13.65241628616111,13.402071893362706,13.496260938363246,8159000
2002-04-30,13.75899887084961,13.890368089239299,13.565664288826273,13.605322688870313,13047600
2002-05-01,14.281991958618164,14.353873090522551,13.80609124848704,13.820962554721975,16158400
2002-05-02,14.286946296691895,14.324126445327334,14.150620660912711,14.22745919351174,13051000
2002-05-03,14.093612670898438,14.170450262752931,13.942414777141444,14.128313640836662,9020600
2002-05-06,14.026687622070312,14.153098421233373,14.00437972274384,14.078739071988606,7796400
2002-05-07,14.041563034057617,14.123358052998261,13.942416582370726,14.123358052998261,8967400
2002-05-08,14.004376411437988,14.120873296545279,13.840785503568062,14.029162540148805,10446000
2002-05-09,14.004376411437988,14.101043637152461,13.982068517386171,14.029162540148805,5404200
2002-05-10,13.969683647155762,14.103531089976867,13.93002525063811,13.979598482667864,6790600
2002-05-13,14.101045608520508,14.103524789056307,13.868052751263034,13.880445817351031,6302000
2002-05-14,14.041563034057617,14.103529329979265,13.96224625092036,14.091135314370426,7122000
2002-05-15,14.051471710205078,14.086173617293763,13.93001834475069,13.979591552204237,7274000
2002-05-16,14.140705108642578,14.177885255385194,13.979593345662197,14.115918974501108,7680800
2002-05-17,14.12830924987793,14.190275518517746,14.019248957462734,14.115916185256012,7058200
2002-05-20,13.930017471313477,14.128309343164121,13.855658137560765,14.066343074115155,5421200
2002-05-21,13.746602058410645,13.96720190773792,13.694550599800282,13.930022699672195,8376200
2002-05-22,13.930017471313477,13.954803600720972,13.758989963598985,13.768904793574075,5470000
2002-05-23,14.051471710205078,14.051471710205078,13.823436279661165,13.93001834475069,5719400
2002-05-24,13.930017471313477,14.247284466274506,13.820956232647951,14.063864839386497,6929000
2002-05-28,13.543354988098145,13.917631986491196,13.521047081269879,13.868058755147189,7020000
2002-05-29,13.42190170288086,13.508654149481744,13.337627492383964,13.508654149481744,8976200
2002-05-30,13.4813871383667,13.53343859981638,13.335146642724286,13.359933728317445,9656800
2002-05-31,13.771385192871094,13.803606974847053,13.55326364176223,13.607794265922024,8404400
2002-06-03,13.392151832580566,13.731727720194861,13.382237946604603,13.60779516295675,6607600
2002-06-04,13.384718894958496,13.384718894958496,13.124460661107083,13.23600017433785,10837400
2002-06-05,13.731734275817871,13.744127348352144,13.288055282162784,13.38472257167327,8356200
2002-06-06,13.42190170288086,13.744126291652256,13.374806707128306,13.744126291652256,7283600
2002-06-07,13.397111892700195,13.496258336272689,13.322752532786106,13.384718823636275,7087200
2002-06-10,13.317794799804688,13.4342917264064,13.290529481193177,13.372325437027708,6861800
2002-06-11,13.384718894958496,13.62019099054999,13.317795187020035,13.33514567290809,11366200
2002-06-12,13.553889274597168,13.670819240784061,13.387202764458205,13.434471860830769,10515600
2002-06-13,13.558865547180176,13.680771361422817,13.44691142166046,13.556378099522082,7487600
2002-06-14,13.6459379196167,13.65588960649362,13.359834039743484,13.48422727856969,9062000
2002-06-17,13.74545955657959,13.78028952849558,13.606138719870076,13.63350539753137,7105600
2002-06-18,13.757894515991211,13.792724477323208,13.658380476334825,13.683258748987605,7294800
2002-06-19,13.703168869018555,13.949467116226542,13.635996360949358,13.75790128559492,9771000
2002-06-20,13.862388610839844,14.019123473713407,13.710628644431212,13.720580335452054,10251400
2002-06-21,13.932046890258789,13.944486028030301,13.66086951104015,13.66086951104015,17739400
2002-06-24,14.168395042419434,14.228103286452265,13.907169339423588,13.932047616263029,11513800
2002-06-25,13.79521656036377,14.21566555443754,13.64096914079906,14.168396444147934,11779200
2002-06-26,13.817605972290039,13.882290061256235,13.519061906113958,13.558867718334406,13409200
2002-06-27,13.954439163208008,14.044002482912097,13.640968493289172,13.879803379803093,11711000
2002-06-28,13.932046890258789,14.292787579904921,13.87731354520968,14.016634355768604,14290600
2002-07-01,14.019124031066895,14.205713974421178,13.994245751571201,13.994245751571201,10267600
2002-07-02,14.10123348236084,14.230602710066902,13.969376804661616,14.168406020730112,12085600
2002-07-03,14.083812713623047,14.15596107145789,13.939515997953361,14.039031039728714,12984600
2002-07-05,14.04897689819336,14.056440191060462,13.822581173785881,13.882289414813469,6698000
2002-07-08,14.250495910644531,14.305229265441666,14.071370206932583,14.106200178514197,10446200
2002-07-09,14.041516304016113,14.23805795896781,13.961904662600727,14.205715433066052,18088000
2002-07-10,13.608627319335938,14.168397173841154,13.521551439207784,14.041515475354453,15884200
2002-07-11,13.213056564331055,13.533991508202613,12.97670910297497,13.434476487933031,25808200
2002-07-12,12.700552940368652,13.185686893230546,12.613478029182442,13.185686893230546,17365800
2002-07-15,12.936901092529297,12.999097732397226,12.28756802046085,12.62591789318965,18263000
2002-07-16,12.531376838684082,12.862263368255475,12.461716916267058,12.70055174944994,13761800
2002-07-17,12.439332008361816,12.924466146497071,12.377135348320008,12.737876166371644,19555200
2002-07-18,11.924341201782227,12.52889268467095,11.762629540465543,12.451768500973753,15981000
2002-07-19,11.21778678894043,11.742726617979208,11.130711866654817,11.675554128339389,20025800
2002-07-22,11.416815757751465,11.767604790012662,11.170517580336934,11.240177517537736,23931200
2002-07-23,11.090907096862793,11.439207767853787,10.996367923016487,11.120761223165893,23664800
2002-07-24,11.655652046203613,11.717848697355278,10.847095581231981,10.847095581231981,26732200
2002-07-25,11.832290649414062,12.003953056125056,11.419304944926814,11.618334028587139,14898000
2002-07-26,11.804923057556152,11.944242930798003,11.655650544595721,11.842240474012165,10545200
2002-07-29,12.297514915466309,12.33980815854339,11.909407692367923,11.941750198220713,12973200
2002-07-30,11.979077339172363,12.240303126674364,11.84473232306994,12.240303126674364,10814600
2002-07-31,12.424406051635742,12.436846144466017,11.979078630259535,11.979078630259535,14246800
2002-08-01,12.421915054321289,12.625919991061094,12.302497599818397,12.40201167071469,11129800
2002-08-02,12.464205741882324,12.648308205967483,12.265176692226321,12.439327466567338,8567400
2002-08-05,12.0313138961792,12.464201824497616,11.96662888221755,12.464201824497616,9946400
2002-08-06,11.909408569335938,12.377127418940072,11.829796971409078,12.185561714851968,10717200
2002-08-07,12.193028450012207,12.193028450012207,11.842239450975349,12.013902778597782,9408400
2002-08-08,12.643331527709961,12.643331527709961,12.150734306388895,12.202979250533861,8422000
2002-08-09,12.712991714477539,12.797579175374626,12.511475226050159,12.62342935797944,8503400
2002-08-12,12.640847206115723,12.700555457320368,12.45425726027151,12.489087231648476,7161800
2002-08-13,12.504011154174805,12.80006774585328,12.429375381557959,12.439327070985629,7377800
2002-08-14,12.92446231842041,12.961779733965079,12.334838421596658,12.504012413680934,9480800
2002-08-15,12.790120124816895,13.078712566699911,12.69060509697628,12.936904268906702,10489200
2002-08-16,12.984167098999023,13.111048745519588,12.75030813055343,12.79011393260896,9989400
2002-08-19,12.862268447875977,13.046370015268629,12.755290125318501,13.046370015268629,9767400
2002-08-20,12.844852447509766,12.92446408373349,12.668213239908162,12.737874133388093,8636000
2002-08-21,13.12100601196289,13.138420998451204,12.77519183258424,12.961781786998102,8965200
2002-08-22,13.036417007446289,13.183201125759608,12.87968119828738,13.12100448154287,6997800
2002-08-23,13.111052513122559,13.285203303051563,12.98665922732262,13.036416731451686,7769400
2002-08-26,13.18817138671875,13.245393114445701,12.964264115665383,13.111048182386595,6329600
2002-08-27,13.066272735595703,13.235447704565104,12.936903585851715,13.193153487799957,7990600
2002-08-28,12.757776260375977,12.996612112335216,12.638358808919127,12.986660420785759,8312000
2002-08-29,12.538843154907227,12.757774647036078,12.43932815008835,12.601039795657668,7309200
2002-08-30,12.688117980957031,12.961782891124113,12.476649727559346,12.489088869104092,9969000
2002-09-03,12.41943073272705,12.610996592104687,12.309964934102348,12.538849175466932,10677800
2002-09-04,12.563720703125,12.650795615508711,12.439327428836634,12.439327428836634,9965400
2002-09-05,12.277618408203125,12.484111743053848,12.210446860937456,12.451769219116088,7905000
2002-09-06,12.41196346282959,12.513965932023861,12.220397664772921,12.377133490282118,5966000
2002-09-09,12.526399612426758,12.705526192074977,12.317418919185554,12.329859003140694,5963400
2002-09-10,12.68065071105957,12.725432365820275,12.454254989345062,12.563720729290468,5660800
2002-09-11,12.763072967529297,12.885459021604246,12.723110349363106,12.882961774811847,5970600
2002-09-12,12.375943183898926,12.620714502601437,12.32848784090448,12.575756408065812,6457800
2002-09-13,12.400914192199707,12.4633558528799,12.266039976462302,12.313495295576962,7089800
2002-09-16,12.65817642211914,12.713125400966273,12.375939784564801,12.450869603948124,7943400
2002-09-17,12.226079940795898,12.838008535603748,12.223581740280547,12.788055005924353,11016200
2002-09-18,12.313499450683594,12.470852755475036,12.126174405431456,12.163639795595664,8992800
2002-09-19,11.906373023986816,12.063726244263982,11.749020756493591,11.98879645696474,12532600
2002-09-20,11.868907928466797,12.11367906114136,11.781489054293385,11.938842265578419,17571600
2002-09-23,11.739030838012695,11.911369458377019,11.59166849789224,11.76900256486214,7769800
2002-09-24,11.788987159729004,11.96382402143883,11.664103823191164,11.714057348363148,9446400
2002-09-25,12.111186981201172,12.276032955275905,11.788987728714647,11.938847358679208,10466000
2002-09-26,12.096199035644531,12.158640698660337,11.866413220298602,12.111185377770624,10570000
2002-09-27,12.111186981201172,12.3134973863749,12.038754413845108,12.096200637091,8752400
2002-09-30,11.97880744934082,12.113681659371071,11.85142688616831,11.938844826307868,10303000
2002-10-01,12.503316879272461,12.513306819588314,12.051238970735879,12.088704343468349,11120400
2002-10-02,12.463357925415039,12.738100896981313,12.438380685319013,12.525799596478672,11077400
2002-10-03,12.643189430236816,12.838008094006726,12.513310638651644,12.563264166612756,11420000
2002-10-04,12.713123321533203,12.910438257985614,12.663169799186896,12.788053128660566,10234200
2002-10-07,12.520801544189453,12.96039039781986,12.490828862308405,12.695638377359217,12451400
2002-10-08,13.017834663391113,13.192671470431392,12.678151941777761,12.738096343797038,14686400
2002-10-09,12.895452499389648,13.112749219679051,12.740596489266936,12.86298256787564,11657800
2002-10-10,12.852991104125977,12.98786531879706,12.593233569081846,12.83800571546305,12181800
2002-10-11,12.850495338439941,12.987866816130632,12.668165784009139,12.83800719551974,12385000
2002-10-14,13.125237464904785,13.157707396674077,12.77806196861397,12.788052863432856,8373800
2002-10-15,13.107752799987793,13.262607845839335,12.800539955392464,13.125236388094383,13850800
2002-10-16,11.788987159729004,12.488333653784062,11.709061900567526,12.488333653784062,37382000
2002-10-17,11.464288711547852,11.951332878391321,11.132098635922222,11.913868455517868,33108000
2002-10-18,11.58667278289795,11.651612634482193,11.26946907667152,11.364380654410954,17405000
2002-10-21,11.988798141479492,12.013774423160612,11.714055231850882,11.764007795213121,15011400
2002-10-22,11.958826065063477,12.17362551129598,11.821454614244844,11.988797792765858,10844600
2002-10-23,11.973812103271484,12.033756514718133,11.796478021617299,11.961323962115461,10801200
2002-10-24,11.71155834197998,12.033757556739223,11.619144946082276,12.013775766932055,10427200
2002-10-25,11.731539726257324,11.776497798985185,11.581679166236404,11.7215488316991,9369200
2002-10-28,11.471784591674805,11.734039435762496,11.406844716203583,11.734039435762496,9626800
2002-10-29,11.584176063537598,11.586673310504246,11.244493309031114,11.426822826685674,11569200
2002-10-30,11.701568603515625,11.759015778496517,11.516741793454205,11.539220832816731,10282800
2002-10-31,11.609149932861328,11.778991274834743,11.464285819286264,11.669094328233527,11850000
2002-11-01,11.696574211120605,11.754020433821946,11.401849449237702,11.609155300483039,10783000
2002-11-04,11.414342880249023,11.714063228959809,11.364389329999772,11.699076878049617,13604200
2002-11-05,11.579178810119629,11.601657840448214,11.449300074086025,11.451797320663028,10645200
2002-11-06,11.33940601348877,11.569190868526507,11.214522691546312,11.566693621312677,19806600
2002-11-07,11.194534301757812,11.336901128601813,11.139585367613261,11.289445837248337,11576200
2002-11-08,11.119607925415039,11.289449270989389,11.109617033843874,11.152077846629393,10365600
2002-11-11,11.129598617553711,11.236998318059568,11.054667884896531,11.117109526921618,8224600
2002-11-12,11.067159652709961,11.341902562967995,11.042182418187547,11.264474565124623,11236800
2002-11-13,11.296945571899414,11.451800629582921,11.089639745888551,11.114616030010865,11831600
2002-11-14,11.274468421936035,11.469286138489835,11.271971174219537,11.426826257819116,9944400
2002-11-15,11.48177433013916,11.48926702548221,11.241997598534805,11.274467532995105,13655600
2002-11-18,11.469280242919922,11.561694558259973,11.386857771662715,11.539215529229127,8862400
2002-11-19,11.58667278289795,11.778993185229753,11.451798586023594,11.469282172346123,11389800
2002-11-20,11.509246826171875,11.661603670906803,11.341902687774502,11.661603670906803,11292800
2002-11-21,11.429320335388184,11.614148057026059,11.219516332375706,11.614148057026059,16084800
2002-11-22,11.341900825500488,11.534221214333154,11.177054914041623,11.489263151864016,9489600
2002-11-25,11.266969680786133,11.339402211897582,11.182049012223974,11.251983344174993,10346400
2002-11-26,11.239374160766602,11.337216775440202,11.184181455351274,11.19421588368232,10625800
2002-11-27,11.598132133483887,11.638272721630065,11.23937520822806,11.28955118266756,10498000
2002-11-29,11.450115203857422,11.578064005175257,11.420009997617386,11.578064005175257,5242200
2002-12-02,11.339730262756348,11.588099920861668,11.30209803236348,11.585591552114916,10058000
2002-12-03,11.2644624710083,11.510323666776053,11.236865640162337,11.414989421224636,13710800
2002-12-04,11.450115203857422,11.590607761356333,11.196727883701568,11.214289333760526,12994600
2002-12-05,11.297079086303711,11.487747628864337,11.239377041247204,11.452624728136662,8642800
2002-12-06,11.38990306854248,11.44509577879623,11.239375146056636,11.239375146056636,7989600
2002-12-09,11.314637184143066,11.462655762657024,11.254426788458025,11.339725646534323,8486400
2002-12-10,11.66586685180664,11.66586685180664,11.314636069156546,11.317145393661885,12368400
2002-12-11,11.728596687316895,11.768737300799863,11.545455078486608,11.653333156664788,15685200
2002-12-12,11.507819175720215,11.61820654547136,11.37736198412267,11.615697219598427,11997200
2002-12-13,11.502795219421387,11.645796091458413,11.164109145023563,11.226828859321449,15263600
2002-12-16,11.472689628601074,11.537918665154866,11.364811647169452,11.502794822457593,12417200
2002-12-17,11.269479751586914,11.530394037804982,11.2519183051133,11.502797205624429,11792200
2002-12-18,11.17414665222168,11.274497639950074,11.131496740741133,11.264463211096183,11923600
2002-12-19,11.068778991699219,11.164113260543397,10.930795760783344,11.12648103528123,13308200
2002-12-20,11.058744430541992,11.123972535595744,11.011076818168835,11.101393392110362,16630800
2002-12-23,11.136516571044922,11.189200921490741,11.008568726101178,11.063761444985118,10149600
2002-12-24,11.096379280090332,11.128993821658346,11.00104498159866,11.00104498159866,3392600
2002-12-26,11.07630443572998,11.214287647022307,11.063759724408499,11.088848190024354,4606400
2002-12-27,10.905710220336914,11.106413224957898,10.84549884043691,11.038675781455675,6725200
2002-12-30,10.915740013122559,10.980969060041268,10.76270469510222,10.930793090956186,10272400
2002-12-31,10.998537063598633,11.063765192382924,10.853026762193364,10.903202761196132,8993400
2003-01-02,11.251919746398926,11.287043600872309,11.051216791686906,11.076305259167896,9358800
2003-01-03,11.224326133728027,11.269483470256016,11.093868947571137,11.254431343755812,6184400
2003-01-06,11.269479751586914,11.327182740888283,11.123970486944529,11.189198579985518,7796000
2003-01-07,11.128994941711426,11.226837619235086,11.088854331521523,11.164117855999136,7628000
2003-01-08,11.056232452392578,11.226830171788622,11.013583501057068,11.189197955999758,6403600
2003-01-09,11.171640396118164,11.20927262499591,10.963411345536032,11.013587331697245,9030200
2003-01-10,11.339730262756348,11.384888556416836,11.116448120228021,11.126482552242395,10570200
2003-01-13,11.480215072631836,11.527882663796115,11.314635079753433,11.364811038176818,9982800
2003-01-14,11.472689628601074,11.47770732041497,11.29456587582862,11.414987608281555,10436800
2003-01-15,11.2644624710083,11.477709143319277,11.249409393175865,11.472691450708464,8891200
2003-01-16,11.45764446258545,11.475206874571176,11.29206434653126,11.309626758516986,7965400
2003-01-17,11.314637184143066,11.54293692825507,11.299585063735298,11.414989119654118,10638400
2003-01-21,11.219304084777832,11.437568447564304,11.166618791393233,11.339725835178196,7587600
2003-01-22,11.176657676696777,11.435063660901724,11.141534774792317,11.221815966867455,8775000
2003-01-23,11.013585090637207,11.241884872039993,11.006058072176865,11.17916514135761,11129000
2003-01-24,10.745146751403809,11.043692381366538,10.72507597441775,11.038674687120023,11273200
2003-01-27,10.484232902526855,10.727584864637812,10.416495462446267,10.624724520151151,13448600
2003-01-28,10.311123847961426,10.536915272322059,10.286036337266772,10.536915272322059,17152600
2003-01-29,10.17314338684082,10.3111266471748,9.987493460435815,10.3111266471748,26361200
2003-01-30,9.834455490112305,10.228335383421799,9.834455490112305,10.223317689344489,24866000
2003-01-31,10.15056037902832,10.173139519009462,9.821909622335925,9.859540884286439,23750000
2003-02-03,10.07278823852539,10.19070067098948,10.057735159964695,10.173139224515529,12605400
2003-02-04,10.117947578430176,10.178157984934186,9.959893586559621,10.037665441379566,12553800
2003-02-05,10.047696113586426,10.223311471371149,10.000029484384495,10.173135518143127,11931800
2003-02-06,10.012578010559082,10.11042063967096,9.947349910160218,10.047700907468252,10054200
2003-02-07,9.917243957519531,10.095368728049554,9.909717895746144,10.060244873376986,9516400
2003-02-10,10.050207138061523,10.10790915907732,9.872082426112826,9.959890598375281,9055200
2003-02-11,9.784276962280273,10.062752690484885,9.746644744999148,10.010068351912942,15029400
2003-02-12,9.969930648803711,10.09787850189722,9.862052615575294,9.879614066842494,18589400
2003-02-13,10.030136108398438,10.1079088948792,9.85953841723388,9.97996014799236,10950400
2003-02-14,10.235862731933594,10.286038721982896,10.010072212252854,10.072791960557629,10808000
2003-02-18,10.311123847961426,10.416493498338784,10.198229092808297,10.273492581919445,9979800
2003-02-19,10.203248977661133,10.333706178987288,10.110424011016024,10.333706178987288,7042800
2003-02-20,10.047696113586426,10.235855220421477,10.042678422560954,10.155574078067326,8909400
2003-02-21,10.195716857910156,10.205752242135034,10.035154538419746,10.11041800605251,11297600
2003-02-24,9.99000072479248,10.193213039415173,9.99000072479248,10.193213039415173,8390400
2003-02-25,10.130491256713867,10.145543379712398,9.909717534806276,9.959893511198068,11328800
2003-02-26,9.964910507202148,10.115437468816594,9.914734534321639,10.110419775825836,9374600
2003-02-27,10.10038948059082,10.193215412164891,9.962406203394107,9.997529115004808,9354000
2003-02-28,10.090348243713379,10.195716907506426,10.022610835406313,10.100382670960157,8920800
2003-03-03,9.836956024169922,10.145536786456125,9.836956024169922,10.075291039374347,11912800
2003-03-04,9.626225471496582,9.841981531213058,9.61117334632483,9.841981531213058,12807600
2003-03-05,9.420501708984375,9.626222313069876,9.285026884725053,9.395414203911303,23918800
2003-03-06,9.420501708984375,9.473186043854009,9.332694484201651,9.420501708984375,14582000
2003-03-07,9.458138465881348,9.493261372662174,9.320155207659203,9.320155207659203,14152600
2003-03-10,9.300084114074707,9.433049672973972,9.285031030094123,9.382874640426824,11275400
2003-03-11,9.448095321655273,9.58357009978473,9.30760285281436,9.30760285281436,12187600
2003-03-12,9.602035522460938,9.652506336357655,9.458194328578253,9.463241506232995,17142400
2003-03-13,9.955333709716797,9.955333709716795,9.715597982552183,9.735786700172843,16248600
2003-03-14,10.068890571594238,10.09664860809333,9.957854574994581,10.00580228721746,13410200
2003-03-17,10.343955993652344,10.343955993652342,10.018420200639778,10.068891022933727,14134200
2003-03-18,10.338910102844238,10.351527569326484,10.169832971498986,10.351527569326484,12957600
2003-03-19,10.550882339477539,10.560975730793425,10.285910842436015,10.338905719434667,12900000
2003-03-20,10.480224609375,10.560977529559556,10.333860302534521,10.550884136524544,9475400
2003-03-21,10.661917686462402,10.6745351479991,10.422182066662712,10.586211954591608,13678800
2003-03-24,10.323768615722656,10.596310513790414,10.288439324340018,10.548362793213128,9899400
2003-03-25,10.346476554870605,10.39442329479017,10.237964650575766,10.321241631260442,10120200
2003-03-26,10.278343200683594,10.361620198340242,10.260678558026274,10.35909612787444,9894800
2003-03-27,10.311147689819336,10.409565243552453,10.12945315206548,10.21525324348806,8500400
2003-03-28,10.278343200683594,10.366667376621024,10.202637451773532,10.311149378183257,7672600
2003-03-31,10.215254783630371,10.265725603132612,10.020942754269775,10.174878320558742,11954400
2003-04-01,10.192540168762207,10.240487867337622,10.063840528832014,10.220299160011015,13867600
2003-04-02,10.460037231445312,10.530695798448843,10.34647813258194,10.38433148641999,10338600
2003-04-03,10.39694881439209,10.48274891434067,10.333860533919626,10.460037094864552,8541200
2003-04-04,10.573596000671387,10.75024241267317,10.384331162683122,10.626589924271922,8908400
2003-04-07,10.523122787475586,10.765381493877053,10.497886903902186,10.737622503271577,10194400
2003-04-08,10.560980796813965,10.611451628206177,10.500416569264143,10.586216693835592,6925600
2003-04-09,10.515555381774902,10.765385425821464,10.454991164379352,10.593785205449274,8999200
2003-04-10,10.457515716552734,10.56855173486384,10.42218642441775,10.56098048465562,6655400
2003-04-11,10.454992294311523,10.58621606305184,10.422186111463697,10.535745234666951,6974600
2003-04-14,10.70229721069336,10.72248592506326,10.454991235567386,10.454991235567386,6648400
2003-04-15,10.732577323913574,10.813330241075697,10.596307377859187,10.725007038757973,7816600
2003-04-16,10.068890571594238,10.523126026576882,9.970472039339771,10.258155424724576,30495000
2003-04-17,10.195063591003418,10.253104676905332,9.841768936430338,10.073933280037998,23306200
2003-04-21,10.121880531311035,10.296003781374377,10.073932837885293,10.232915521730355,7049600
2003-04-22,10.197589874267578,10.205160160066969,10.01337220615972,10.068890202424013,13456200
2003-04-23,10.094124794006348,10.220301353931427,10.018419050581452,10.16478335951615,12061000
2003-04-24,10.071412086486816,10.119358828475512,9.904859080580533,10.081506441426754,11738600
2003-04-25,9.947757720947266,10.129452242383936,9.90485816041393,10.106740427204352,10260400
2003-04-28,10.177399635314941,10.232916655349644,10.031034394654013,10.053746209147931,11037600
2003-04-29,10.303577423095703,10.346476987557155,10.177400874466958,10.177400874466958,10469400
2003-04-30,10.195063591003418,10.308621693226454,10.126928152079303,10.250580607324538,12709600
2003-05-01,10.205160140991211,10.24301349521898,9.952807013208187,10.195066747494488,10425800
2003-05-02,10.346476554870605,10.369188371180005,10.139547100785244,10.144594278037403,10687800
2003-05-05,10.227869987487793,10.3717111655573,10.16982889481506,10.346476242708496,7072000
2003-05-06,10.35152530670166,10.422183873678556,10.25058367160543,10.308624774857991,10097000
2003-05-07,10.91931438446045,10.969785176800736,10.664437316334643,10.727525566097425,31069400
2003-05-08,10.820897102355957,10.942026428996284,10.780520660142516,10.863796651048226,15021800
2003-05-09,11.10101318359375,11.148959925568837,10.957171032367143,11.002594666933298,16121800
2003-05-12,11.229717254638672,11.285235265968367,11.070734471154303,11.101017547871072,10735400
2003-05-13,11.166630744934082,11.219624693704258,11.010172007428753,11.179248214262524,9108200
2003-05-14,11.166630744934082,11.260001173145994,11.078307496983784,11.254953992884378,7854800
2003-05-15,11.26504135131836,11.3508414371321,11.217094612612383,11.229712074098103,8908800
2003-05-16,11.090919494628906,11.350842892636686,11.090919494628906,11.292801792239352,9979000
2003-05-19,11.131292343139648,11.196903707584575,11.007638934475604,11.027827639012761,9228400
2003-05-20,11.234761238098145,11.24737870181527,11.095967211908196,11.1540083151276,12090000
2003-05-21,11.138869285583496,11.194387293602672,11.055593236205725,11.166628289593083,10507000
2003-05-22,11.237287521362305,11.323087646596386,11.126252461562748,11.138869928845486,10194600
2003-05-23,11.15148639678955,11.28271016260273,11.116157106503497,11.179245399914585,5883000
2003-05-27,11.270088195800781,11.318034933091585,11.065681860223096,11.09848802923816,8908200
2003-05-28,11.143914222717285,11.257473324159367,11.133819866444478,11.237284611613752,10108800
2003-05-29,11.259993553161621,11.431593715324686,11.191858109715943,11.191858109715943,14845000
2003-05-30,11.49972915649414,11.595623591248767,11.353364878590234,11.376076693067631,11478200
2003-06-02,11.55777359008789,11.663762409196881,11.441691377019193,11.593102875573944,9052200
2003-06-03,11.635998725891113,11.704134161608778,11.54515147826756,11.620857197070373,7629800
2003-06-04,11.757137298583984,11.777325056876498,11.557778011195227,11.583013912374867,7991000
2003-06-05,11.805081367492676,11.822746012953617,11.686476028347922,11.757134610191688,7891800
2003-06-06,11.832834243774414,11.923681494902509,11.784887511301465,11.825263960397232,8624800
2003-06-09,11.827790260314941,11.85807332729979,11.709184950568547,11.709184950568547,6309400
2003-06-10,11.759657859802246,11.827793334249826,11.678904918823852,11.827793334249826,8389400
2003-06-11,11.86614990234375,11.866149902343748,11.559354373452345,11.759659276004841,8274400
2003-06-12,12.030952453613281,12.030952453613281,11.782473471365998,11.792614740293962,8487200
2003-06-13,12.005599021911621,12.063916406621729,11.919391933613827,12.018277302980717,6256000
2003-06-16,12.221111297607422,12.221111297607422,11.99291589010362,12.030948780426446,8161800
2003-06-17,11.967567443847656,12.256614464208619,11.861075876378468,12.195762001766644,18057400
2003-06-18,11.91685676574707,11.980244301735086,11.830649678114685,11.843326991868881,10643600
2003-06-19,11.693734169006348,11.891503969451788,11.64809505868949,11.866148370821763,10096200
2003-06-20,11.782472610473633,11.833181853058978,11.688658383813777,11.749510829019716,14901800
2003-06-23,11.85346794128418,11.86614525366035,11.60752401887539,11.734299077070942,10415200
2003-06-24,11.959959030151367,11.992920817492665,11.807829340789498,11.828113815220135,8915600
2003-06-25,11.825582504272461,12.036029658223601,11.817976306925868,11.96249985981532,9179400
2003-06-26,11.886432647705078,11.901645039407356,11.736838003590586,11.790083308982904,8056600
2003-06-27,11.792621612548828,11.977714144797377,11.772338095655627,11.878828735584168,6847400
2003-06-30,11.767258644104004,11.817968851263332,11.635412492376451,11.752045291791179,13898000
2003-07-01,11.787543296813965,11.825575227361208,11.637948715341238,11.726690853834905,11637800
2003-07-02,11.759658813476562,11.79515568752671,11.673451704833086,11.777407250501637,8860000
2003-07-03,11.721625328063965,11.777406680136934,11.637954267171738,11.701341815539303,6110800
2003-07-07,11.397074699401855,11.752044181548875,11.397074699401855,11.721618447014368,21706800
2003-07-08,11.21198558807373,11.39707704263982,11.181558880066833,11.39707704263982,23908400
2003-07-09,11.125781059265137,11.282981884361298,11.075070834880771,11.181561435592567,15254400
2003-07-10,11.158738136291504,11.244945198634678,11.108028896150495,11.151131943713702,12264000
2003-07-11,11.133389472961426,11.184099707450883,10.991401009834396,10.991401009834396,14111800
2003-07-14,11.227202415466309,11.341300197578212,11.161279789811234,11.194241586247394,14658800
2003-07-15,11.153671264648438,11.265232979855442,11.080141490726596,11.232271190301335,11134400
2003-07-16,10.879837036132812,11.194239651705498,10.72010016878121,11.016754351005615,20595200
2003-07-17,11.348902702331543,11.351438745118669,11.186630783764972,11.227198763406616,22579200
2003-07-18,11.38439655303955,11.404680052164702,11.262691689422283,11.389466702408395,14723800
2003-07-21,11.409757614135742,11.445254483069423,11.318479398467915,11.409757614135742,10212600
2003-07-22,11.432571411132812,11.495958921514518,11.343829283485087,11.460462070455428,8531800
2003-07-23,11.452858924865723,11.485820712635492,11.326083859677215,11.47314339956004,7824200
2003-07-24,11.28805160522461,11.602453216470726,11.28805160522461,11.457929723569098,8869800
2003-07-25,11.419901847839355,11.427508044734594,11.105499157532902,11.285519576980501,9610600
2003-07-28,11.315939903259277,11.394539805998471,11.270300813248307,11.389468688528723,8532200
2003-07-29,11.374260902404785,11.480751510677624,11.244949772682451,11.346370228652237,11342000
2003-07-30,11.506108283996582,11.549211353496954,11.389474457548298,11.460469170868395,10619200
2003-07-31,11.402143478393555,11.721616043540886,11.402143478393553,11.528918474712036,13449000
2003-08-01,11.346369743347168,11.470609748235326,11.257627573582136,11.282982202881541,9515400
2003-08-04,11.381865501403809,11.43004064647906,11.21959356838973,11.282981102674418,6996200
2003-08-05,11.247485160827637,11.381866435024627,11.224665607924647,11.371724196575055,8277600
2003-08-06,11.181562423706055,11.277911761829024,11.128317118644876,11.194240706335338,8778400
2003-08-07,11.353974342346191,11.39961344244204,11.20184465350468,11.232270397829586,7603600
2003-08-08,11.371724128723145,11.402150843890311,11.313407708811708,11.384402410318009,6387000
2003-08-11,11.31340503692627,11.371721443065127,11.239876244013624,11.359044131681351,5639400
2003-08-12,11.321016311645508,11.364119379457595,11.206918533294084,11.364119379457595,7505200
2003-08-13,11.285515785217285,11.343833165878054,11.206915864462042,11.343833165878054,7626800
2003-08-14,11.424975395202637,11.452865112148947,11.275380698774642,11.33369714420013,7240000
2003-08-15,11.412290573120117,11.4401812413131,11.361581322460466,11.4401812413131,4643000
2003-08-18,11.374260902404785,11.435112402212937,11.348905304803765,11.412292847980591,6087800
2003-08-19,11.232271194458008,11.376794699272605,11.14099298779257,11.33622671488986,8300000
2003-08-20,11.128317832946777,11.163814705266027,11.070001404534116,11.156208508973968,7283800
2003-08-21,11.05732250213623,11.204381090251475,11.021825634909002,11.138458475003349,8552400
2003-08-22,10.973647117614746,11.17395191230288,10.953363614232686,11.092815964341042,9080800
2003-08-25,11.17395305633545,11.17395305633545,10.973648241139335,11.016752261966664,6703200
2003-08-26,11.21452522277832,11.28298389280071,11.064930566185081,11.118175876018967,7485000
2003-08-27,11.146063804626465,11.214522457769958,11.092818507920528,11.214522457769958,6206400
2003-08-28,11.113104820251465,11.146065647155996,11.049717275442047,11.085214145780574,7210000
2003-08-29,11.034502029418945,11.115637995522121,11.009146435501071,11.080141131254107,7710800
2003-09-02,11.100422859191895,11.118171288479898,10.922938566311863,11.01168071275188,12356200
2003-09-03,11.082677841186523,11.179027177847205,11.031967613090526,11.10042627593755,13377400
2003-09-04,11.282986640930176,11.305806203162328,11.108037308628655,11.133391947901053,11328200
2003-09-05,11.194241523742676,11.35904857056876,11.148602411152748,11.282983705324625,7674400
2003-09-08,11.224668502807617,11.275378740916736,11.181564461888797,11.257630302661147,6593400
2003-09-09,11.244948387145996,11.35904614424926,11.158741300358754,11.161277343414955,8581200
2003-09-10,11.397074699401855,11.473139519346455,11.277905868918095,11.285512060747557,11486800
2003-09-11,11.333382606506348,11.511740892317613,11.312999330056911,11.504097285145882,11522200
2003-09-12,11.20853042602539,11.264585154935991,11.132090480464445,11.241653365662565,10193200
2003-09-15,11.083675384521484,11.20852640847543,11.076031781494851,11.20852640847543,10719000
2003-09-16,10.935894012451172,10.989402156570605,10.83652327218861,10.974113976540186,18932800
2003-09-17,10.958824157714844,11.045455220984183,10.884933728552635,10.93589237708549,9438000
2003-09-18,11.109160423278809,11.208532173606756,11.037817499737711,11.058201747591987,10341800
2003-09-19,11.002142906188965,11.114253321551766,10.98430718038066,11.1091572610388,11161200
2003-09-22,11.01743221282959,11.106610850978052,10.879841480851168,11.002144029729456,10950600
2003-09-23,11.063300132751465,11.119355859072318,10.991957187961088,11.081136840923785,10899600
2003-09-24,10.953728675842285,11.1091541034267,10.902769057171287,11.09641444175242,11325200
2003-09-25,10.969017028808594,11.058196613807647,10.928249524000853,10.951181306203582,9619200
2003-09-26,10.963922500610352,11.027621796518101,10.923154990108355,10.956278896133139,9366000
2003-09-29,10.974115371704102,11.083678245915918,10.920608192756243,10.958827189730062,9579600
2003-09-30,10.946089744567871,11.055652641005336,10.85436257806447,10.943542199709169,10289200
2003-10-01,11.183051109313965,11.183051109313963,10.956281713093738,10.956281713093738,12962800
2003-10-02,11.274781227111816,11.297713024418826,11.134642897779928,11.19834222674666,8843800
2003-10-03,11.221263885498047,11.577979222230105,11.167756730784301,11.498992747740406,9913200
2003-10-06,11.315545082092285,11.348668994545166,11.234010045265434,11.262037896419848,6665600
2003-10-07,11.379246711730957,11.404726051446776,11.251848069202858,11.277327408918675,9547800
2003-10-08,11.27222728729248,11.338474124169599,11.203431934396585,11.312994795826263,6935800
2003-10-09,11.19324016571045,11.338474480170433,11.14992413979787,11.335926936045743,10227000
2003-10-10,11.167766571044922,11.234013444018789,11.137190194003502,11.157574445364448,6999600
2003-10-13,11.246749877929688,11.274777729496304,11.165214839903705,11.223818087736484,6840400
2003-10-14,11.351221084594727,11.399633200328747,11.172862755625314,11.211082744681152,8420400
2003-10-15,11.491353988647461,11.598369324196538,11.465874655979423,11.504094626955716,17331800
2003-10-16,11.465872764587402,11.468420308644273,11.33847417831421,11.34102172237108,13005400
2003-10-17,11.478612899780273,11.532120074936602,11.391981818681119,11.514284349884493,11085000
2003-10-20,11.62130069732666,11.631492818819552,11.455682124976859,11.516833881960014,8543600
2003-10-21,11.667163848876953,11.713027421957197,11.618751759528825,11.690095635417075,9734600
2003-10-22,11.547408103942871,11.67480669376746,11.50409304995008,11.565243828760384,8019800
2003-10-23,11.598363876342773,11.616199595227654,11.468416813640049,11.521924942268466,7373400
2003-10-24,11.567790985107422,11.567790985107422,11.425104231365554,11.478611399528507,7056400
2003-10-27,11.51427936553955,11.603458924169828,11.493896105149629,11.567787489507197,5982200
2003-10-28,11.56269645690918,11.631491813076359,11.40472150335161,11.631491813076359,9601000
2003-10-29,11.682453155517578,11.77927637961885,11.562699112734405,11.562699112734405,12100000
2003-10-30,11.720669746398926,11.756341194459072,11.603463282208711,11.682449782349304,8750000
2003-10-31,11.822588920593262,11.82258892059326,11.656970373491735,11.723217209147911,11217600
2003-11-03,11.89393138885498,11.92195923169346,11.771628869902177,11.822588495792683,9327800
2003-11-04,11.949984550476074,11.975463872052616,11.84806532022227,11.84806532022227,8834800
2003-11-05,11.970376014709473,11.972924531797505,11.85571704511011,11.916868819554598,7830200
2003-11-06,11.980563163757324,11.985659223842584,11.899028146341312,11.949987775219839,6969200
2003-11-07,11.88119125366211,11.978013469838562,11.822588026405633,11.911766639192885,7444000
2003-11-10,11.87865161895752,11.924515217530594,11.835336538068898,11.835336538068898,4864800
2003-11-11,11.853165626525879,11.934700651157552,11.812398114210042,11.881193473488173,5364600
2003-11-12,11.995853424072266,12.018784240470984,11.794563389684503,11.812399117088558,6520200
2003-11-13,11.957630157470703,11.985657999088572,11.863355485462032,11.886287267515382,6847000
2003-11-14,11.896479606628418,11.972919535781072,11.845520949825417,11.91686384692888,7043000
2003-11-17,11.89393138885498,11.927055291479913,11.78946459316775,11.837875703178021,6101200
2003-11-18,11.84807300567627,11.919415929947444,11.799661874488608,11.853169067691988,8956000
2003-11-19,11.93979263305664,11.94998475064751,11.848065518686479,11.87354484068982,8055200
2003-11-20,11.835333824157715,11.955087884549588,11.751250255396362,11.911772813593364,7387000
2003-11-21,11.827689170837402,11.853169481806203,11.771634430655002,11.814949501340243,6645800
2003-11-24,11.827689170837402,11.944896657344927,11.779278037958402,11.820045563534004,7904400
2003-11-25,11.86590576171875,11.919412941506787,11.76908255164454,11.797110399716617,6966800
2003-11-26,11.952946662902832,11.96830740900999,11.822383739048533,11.860785116022637,6502000
2003-11-28,11.90431022644043,11.95551175606529,11.832628670918394,11.840308558556341,3406000
2003-12-01,12.03742504119873,12.045104923240373,11.876140682213572,11.9427029151986,8321200
2003-12-02,12.034873008728027,12.05023376034873,11.914550539090305,12.009272732614793,9536000
2003-12-03,12.134711265563965,12.208952425334864,12.032308251511836,12.032308251511836,10977400
2003-12-04,12.073274612426758,12.13215602979606,12.009272944426915,12.09631525197022,8888200
2003-12-05,12.00414752960205,12.032308407661223,11.904305126728655,11.993907032746439,8945000
2003-12-08,12.224311828613281,12.272952717825826,11.932464540163203,11.968305298171119,14496200
2003-12-09,12.226877212524414,12.285759601605815,12.150075412601895,12.150075412601895,10372600
2003-12-10,12.33695125579834,12.39071335591178,12.201268141207127,12.201268141207127,10398600
2003-12-11,12.38815689086914,12.447038280618884,12.25759397909145,12.324155252890616,10501000
2003-12-12,12.639047622680664,12.680008646274231,12.3523204575257,12.416322117927386,13889800
2003-12-15,12.746560096740723,12.76448046830979,12.685118125227492,12.751680342415744,16332800
2003-12-16,12.974413871765137,13.030735633258978,12.749127802377398,12.792649429873808,17192800
2003-12-17,12.843852996826172,12.987217070557046,12.779851335147935,12.941135796021689,11163200
2003-12-18,12.784968376159668,12.848970021773061,12.649285199967313,12.792649237712851,14947200
2003-12-19,12.825925827026367,12.851527064111826,12.73888357411048,12.808005449360214,14125000
2003-12-22,12.841287612915039,12.843847248537944,12.736324973802477,12.813126738126012,9522400
2003-12-23,12.843852996826172,12.889934271361529,12.777291698379463,12.838733723289225,7370200
2003-12-24,12.774730682373047,12.831051474489415,12.756810297164963,12.802890590137356,3341400
2003-12-26,12.790093421936035,12.820814926495672,12.767052781810296,12.787533784850053,2147400
2003-12-29,12.841287612915039,12.84128761291504,12.7414452216357,12.772165732047633,7101400
2003-12-30,12.933454513549805,13.012816917038881,12.790090455288563,12.80033095443317,7118600
2003-12-31,12.992338180541992,13.007698931933003,12.90273623889756,12.933456765091663,6974600
2004-01-02,12.889933586120605,13.05377865164053,12.80289129180194,13.00513676633469,7210200
2004-01-05,12.905291557312012,12.95137281947686,12.815689645651245,12.889930811061197,9740200
2004-01-06,12.851529121398926,12.895049766530033,12.831048128451938,12.856649369635672,8223200
2004-01-07,12.769607543945312,12.861770062215761,12.728646533223726,12.851529565388484,10242800
2004-01-08,12.831048965454102,12.84128946259561,12.713286178089438,12.751687554076314,9070800
2004-01-09,12.695367813110352,13.007696189428406,12.692808176712143,12.831051003732851,13127800
2004-01-12,12.802891731262207,12.81569284462702,12.659528636819553,12.672328773596528,9204400
2004-01-13,12.726083755493164,12.851527378815387,12.695363246825679,12.73888388605567,8906000
2004-01-14,12.749128341674805,12.76192847621369,12.6979268269316,12.728648321730123,7565200
2004-01-15,12.731207847595215,12.746568594861264,12.590404415713225,12.646726179101083,9990200
2004-01-16,12.769607543945312,12.808007942166313,12.695365406828834,12.731206169136781,8282800
2004-01-20,12.782405853271484,12.815686974918814,12.710724338880983,12.723524469795374,8777000
2004-01-21,12.744009971618652,12.797772107149347,12.713289448878122,12.754250471394768,7990200
2004-01-22,12.628804206848145,12.723526361603348,12.552001456767538,12.680004738118502,11138600
2004-01-23,12.810571670532227,12.83873255536294,12.6339264753533,12.646727587794727,11214600
2004-01-26,12.848969459533691,12.902731581703026,12.756807914216761,12.77472829607735,8437000
2004-01-27,12.797769546508789,12.948813469927527,12.795208933783197,12.810569680373915,8519400
2004-01-28,12.64416217803955,12.874568442350641,12.580160546462848,12.74912481476185,10017800
2004-01-29,12.695367813110352,12.838731866102906,12.569924144668404,12.608325526755536,8916600
2004-01-30,12.605766296386719,12.646727316191408,12.454722352746726,12.56992454954334,12398200
2004-02-02,12.700491905212402,12.792654468836469,12.52384666607027,12.544327669803623,8595600
2004-02-03,12.756804466247559,12.800325102835295,12.62624060330975,12.66208135734372,7749600
2004-02-04,12.736330032348633,12.79521144093579,12.644167487920805,12.65440798765452,9109400
2004-02-05,12.897610664367676,12.948812171280744,12.692805613302914,12.697924885065456,10215800
2004-02-06,13.053773880004883,13.056333515701642,12.859208363078006,12.864328611058971,10103000
2004-02-09,13.414746284484863,13.512028089732246,13.08193692187875,13.08193692187875,11581000
2004-02-10,13.355859756469727,13.414742115805343,13.289298490585265,13.401941008461804,10408000
2004-02-11,13.261139869689941,13.29698063253055,13.084495691437999,13.209938361380127,11974200
2004-02-12,13.194581031799316,13.23554205070218,13.130579378726857,13.13825926458748,6958200
2004-02-13,13.092175483703613,13.30722103582078,13.06913485395579,13.30722103582078,8566200
2004-02-17,13.092175483703613,13.15361748856032,13.030734455434445,13.133136494745571,7491600
2004-02-18,13.11777400970459,13.145933905487558,13.033291392593684,13.092172772737344,7385200
2004-02-19,13.056333541870117,13.153616300528537,13.017932170229637,13.094734913510596,9698800
2004-02-20,13.040966987609863,13.04864784446829,12.841282287856982,12.915524385770699,14664600
2004-02-23,12.887374877929688,13.081939503406595,12.864334240226961,12.941136040373427,11319600
2004-02-24,12.744009971618652,12.915534924811228,12.68256892613759,12.856653515980287,14578400
2004-02-25,12.710724830627441,12.810567222844693,12.690243839102145,12.697923722630419,10332400
2004-02-26,12.756804466247559,12.78752497304992,12.664641969253177,12.708162605840911,9824000
2004-02-27,12.790093421936035,12.887376233198934,12.447044433723898,12.575047772958458,14180400
2004-03-01,12.703048706054688,12.756810840556751,12.62112666258881,12.731209591606294,15142800
2004-03-02,12.616005897521973,12.726088822043328,12.549444606144936,12.646727395007758,12598600
2004-03-03,12.580166816711426,12.623688455701231,12.544326041418577,12.544326041418577,11588800
2004-03-04,12.500802040100098,12.557122824836702,12.429119532072642,12.518722422960057,8508000
2004-03-05,12.825925827026367,12.864327194360886,12.436796789200766,12.480317427365039,22941800
2004-03-08,12.764486312866211,12.85152857602213,12.738885072768909,12.79520682439552,12211400
2004-03-09,12.846415519714355,12.953937858554083,12.703051424673388,12.736332567137683,12788400
2004-03-10,12.774730682373047,12.920654377117582,12.728649412812903,12.846412223205379,11676000
2004-03-11,12.396507263183594,12.767012728561408,12.375923135465545,12.749002107560731,18371000
2004-03-12,12.465974807739258,12.465974807739258,12.267857033595238,12.43767212836082,15979600
2004-03-15,12.275577545166016,12.545737832406449,12.242129811030338,12.517436130023613,16688400
2004-03-16,12.39135456085205,12.465970511405551,12.311592581139204,12.350187309081967,11500800
2004-03-17,12.57660961151123,12.610057333914677,12.401648519305303,12.447961807330687,9687000
2004-03-18,12.617776870727539,12.736132615023154,12.574036106919683,12.574036106919683,9101600
2004-03-19,12.550881385803223,12.664092099000237,12.509714121414765,12.620351328490935,12974200
2004-03-22,12.414511680603027,12.55087802332399,12.337323203242196,12.440240845888392,11216800
2004-03-23,12.383635520935059,12.476262079151807,12.368197434064045,12.427375294812599,8855600
2004-03-24,12.47626781463623,12.504569514653374,12.388787245160659,12.427381007823191,10076200
2004-03-25,12.545738220214844,12.548311726923416,12.383642631763076,12.517436516957158,8376600
2004-03-26,12.550881385803223,12.64865400679019,12.440244178727053,12.504568090678083,8349200
2004-03-29,12.710409164428711,12.818472897439108,12.653803791039287,12.705263132165555,9608200
2004-03-30,12.923959732055664,12.95740843969566,12.725841973734077,12.748998620330235,14505400
2004-03-31,12.941971778869629,12.988285077181898,12.821043483503214,12.880221368789986,10403200
2004-04-01,13.014019012451172,13.034602161287571,12.923964914464031,12.988288849523979,8979400
2004-04-02,13.1040678024292,13.137516512438282,13.026879302143271,13.134943006242565,9452800
2004-04-05,13.014019012451172,13.083487998591202,12.990862356569377,13.057758817169367,9491000
2004-04-06,13.088628768920898,13.152952678119552,12.900803071841421,12.916241163390884,9925800
2004-04-07,13.142661094665527,13.186400880121127,13.014013281200931,13.044888481611055,11291200
2004-04-08,13.183825492858887,13.268732520925479,13.122074123942964,13.204408628161053,8024800
2004-04-12,13.083484649658203,13.17868475586275,13.0629015060904,13.134943980835372,9983600
2004-04-13,13.093770027160645,13.119500170365239,13.006289503274239,13.08605147495157,12863000
2004-04-14,13.170963287353516,13.250725288060323,13.047461499536654,13.070618146096376,8876400
2004-04-15,13.173542022705078,13.302189892103554,13.127228711201198,13.23529245037335,8750000
2004-04-16,13.361367225646973,13.392242438167198,13.18897857760631,13.237865394060755,10517000
2004-04-19,13.636667251586914,13.765315055847168,13.456560129321588,13.456560129321588,17597800
2004-04-20,13.451415061950684,13.657252348700641,13.4334044465858,13.649532812469316,9239600
2004-04-21,13.412820816040039,13.559479239504967,13.250724302182267,13.276453471332122,14946400
2004-04-22,13.240429878234863,13.276451101216095,13.044885675691866,13.044885675691866,18415600
2004-04-23,13.134943008422852,13.212131508721592,13.057754508124109,13.186402335790357,13696000
2004-04-26,13.042319297790527,13.168394628628077,12.998579497840005,13.134945911221338,11161600
2004-04-27,13.047465324401855,13.068049452491385,12.996005985683283,13.057757388446621,11534200
2004-04-28,12.91881275177002,13.068044681419593,12.903375642844125,13.044888036525863,9501200
2004-04-29,12.983138084411621,13.029451379293398,12.808176966303796,12.90080355606735,10371400
2004-04-30,13.011445045471191,13.181260188766535,12.929110490025288,12.983142358004413,10971200
2004-05-03,13.024310111999512,13.109218177504758,12.936829520951088,13.032029651639762,8053800
2004-05-04,12.934250831604004,13.006293290545527,12.839051727787725,12.998574736088903,10786000
2004-05-05,13.145233154296875,13.178681859436402,12.954833965239045,13.070617189564421,11156200
2004-05-06,13.140085220336914,13.232711786376864,13.057750713080237,13.057750713080237,9009600
2004-05-07,13.055177688598633,13.271306007237195,13.034593571821288,13.096344940648612,10231800
2004-05-10,12.846772193908691,13.01915981245802,12.803031421967571,12.993430639437385,13490400
2004-05-11,12.877644538879395,12.890509122533656,12.684672839551018,12.71040298836436,10300800
2004-05-12,12.844199180603027,12.864783305013486,12.676957586540897,12.864783305013486,8902400
2004-05-13,12.76444149017334,12.836483981438883,12.671814869114593,12.77987860601291,7085000
2004-05-14,12.864782333374023,12.875074394801922,12.682102659801311,12.700113276547635,8548800
2004-05-17,12.815896034240723,12.895657053559551,12.738706557925134,12.769582741053355,7597800
2004-05-18,12.890509605407715,12.988282211551304,12.743851186944761,12.787591950813546,9899400
2004-05-19,12.700113296508789,12.905949617865293,12.687248710456196,12.872500908924549,9078400
2004-05-20,12.769582748413086,12.851917273792536,12.651226009363286,12.653799515377935,7053400
2004-05-21,12.705260276794434,12.934253262762047,12.68467615236787,12.934253262762047,9992000
2004-05-24,12.821039199829102,12.841622335810202,12.71040202210455,12.761860352809672,9990000
2004-05-25,12.965128898620605,12.99857761117246,12.743854461209303,12.787595236316356,11520800
2004-05-26,12.921384811401367,13.04745910054178,12.854487408526847,12.972843144068191,7401600
2004-05-27,13.204414367675781,13.227571018396581,13.078340032699872,13.096350651982146,11214800
2004-05-28,13.212128639221191,13.250723371740811,13.17096138256918,13.219848174628007,7948400
2004-06-01,13.140085220336914,13.26358698122193,13.050032159745156,13.173533920630174,6464000
2004-06-02,13.363934516906738,13.381945132281558,13.248152269927163,13.276453964441219,11810600
2004-06-03,13.320199012756348,13.423116707762617,13.30218839159262,13.366512319036003,8386800
2004-06-04,13.448848724365234,13.505454102411917,13.32791940999473,13.384524788041412,7293600
2004-06-07,13.562056541442871,13.572348605330445,13.407679509150212,13.44884678319527,7378000
2004-06-08,13.536323547363281,13.54661560834954,13.448842991989993,13.482291699442857,8212000
2004-06-09,13.317620277404785,13.379371655368622,13.230139731167181,13.353642487094856,13833400
2004-06-10,13.284175872802734,13.379374996998411,13.181257210993014,13.379374996998411,9386000
2004-06-14,13.284173965454102,13.312614354979962,13.185925616077679,13.245391436776897,7353400
2004-06-15,13.245393753051758,13.405692992807067,13.173000738894041,13.405692992807067,9286200
2004-06-16,13.235050201416016,13.2453923412736,13.12128962182481,13.209195838052796,7924400
2004-06-17,13.209196090698242,13.24280755273789,13.175584628658594,13.235050454555966,6106800
2004-06-18,13.286764144897461,13.307448431198459,13.105780584887958,13.147148171208897,10107400
2004-06-21,13.229880332946777,13.361740162403859,13.22471024882921,13.26349179739595,5516800
2004-06-22,13.191091537475586,13.25831344316282,13.134210780623109,13.180749402360536,7195000
2004-06-23,13.2634916305542,13.284175911887607,13.108363465676932,13.20144075911562,6094000
2004-06-24,13.196263313293457,13.286754534706185,13.172994001175848,13.224703693246125,6205600
2004-06-25,12.95323371887207,13.273833160831552,12.953233718872072,13.216952376061135,10580800
2004-06-28,13.028216361999512,13.123878719544484,12.994604890215207,13.01787421894572,7731600
2004-06-29,13.066991806030273,13.147140905449648,13.030795311288554,13.030795311288554,6743400
2004-06-30,13.051477432250977,13.092844992009283,12.989426585753728,13.043721323008926,8854000
2004-07-01,13.020453453063965,13.154898283759461,12.9790858887177,13.05923498985579,9761200
2004-07-02,13.064410209655762,13.222124407049298,13.046311956146422,13.0825084631651,6780200
2004-07-06,13.098020553588867,13.198853953448488,13.035968699524078,13.04631083958167,5764600
2004-07-07,13.03596305847168,13.108357021267024,12.973912217538912,13.059232370391552,6745000
2004-07-08,13.07217025756836,13.219542347266133,13.033387713424286,13.064413156970904,8869200
2004-07-09,13.191091537475586,13.191091537475584,13.017864226279539,13.074744983132014,6813400
2004-07-12,13.141975402832031,13.286761432255087,13.064410331320133,13.19109909334616,6718600
2004-07-13,13.098020553588867,13.134217057509678,13.028212587621264,13.035968699524078,5210600
2004-07-14,13.227293968200684,13.27641765265201,13.056652607240453,13.05923764904074,8310000
2004-07-15,13.144556999206543,13.279001838627735,13.126458750272977,13.276415810905457,8425000
2004-07-16,13.077336311340332,13.25056270647859,13.007528350435447,13.25056270647859,7449600
2004-07-19,13.015287399291992,13.105778672954923,12.94030835181076,13.095437517594096,9049600
2004-07-20,12.948065757751465,13.012702665121356,12.880842821769454,12.950650800082649,8366800
2004-07-21,12.720536231994629,13.015280201823956,12.720536231994629,12.914446842280277,9999800
2004-07-22,12.661079406738281,12.728301365335227,12.552488875120362,12.6817627069677,8141800
2004-07-23,11.678598403930664,12.115544620776323,11.404538490320258,12.115544620776323,50347800
2004-07-26,11.45366096496582,11.756162235389516,11.40712230797756,11.725135806543317,21925000
2004-07-27,11.311454772949219,11.520878633520832,11.233890708905113,11.466582901037432,27922000
2004-07-28,11.293359756469727,11.417462491715662,11.257163248641437,11.311458010383872,25208600
2004-07-29,11.133056640625,11.293355827937184,11.06583373265889,11.293355827937184,26268800
2004-07-30,11.33989143371582,11.370916851882685,11.133053668802953,11.135638709366749,17788200
2004-08-02,11.430389404296875,11.531222812653253,11.290773460596883,11.321799883384111,15973400
2004-08-03,11.404529571533203,11.471751482787917,11.350234837102816,11.451068197125071,12271600
2004-08-04,11.427804946899414,11.51054010600341,11.329556575608084,11.339898717066307,10292400
2004-08-05,11.337310791015625,11.500196039737116,11.311456427978252,11.427803034207889,15254600
2004-08-06,11.246820449829102,11.34765385467781,11.177012480407498,11.308872306964128,17143200
2004-08-09,11.17442512512207,11.288185688991764,11.156326876012814,11.246818121559093,9179800
2004-08-10,11.23647689819336,11.23906292615134,11.133058464329919,11.182182146444001,10483200
2004-08-11,11.492441177368164,11.536393796565715,11.182183855789514,11.236478615838548,13898400
2004-08-12,11.334731101989746,11.541569062809026,11.324388957378483,11.489859326033908,11305000
2004-08-13,11.47175407409668,11.47951117096779,11.30111273714113,11.334724193501032,8895200
2004-08-16,11.510536193847656,11.544147649022705,11.40970281460307,11.505365124876066,9069400
2004-08-17,11.461413383483887,11.588101130871985,11.438144064494962,11.510537063002445,8221200
2004-08-18,11.523467063903809,11.533809205159395,11.414877539562768,11.479514442988876,8944000
2004-08-19,11.38126277923584,11.518292659225041,11.285600466013978,11.466582954195719,10514000
2004-08-20,11.430389404296875,11.430389404296873,11.262334052463192,11.350240277798648,9611600
2004-08-23,11.463994026184082,11.56224233380305,11.376087853320847,11.438139675575,8768200
2004-08-24,11.38126277923584,11.505365479537858,11.373506668679648,11.505365479537858,9699600
2004-08-25,11.463994026184082,11.492434403622225,11.301108855762152,11.37091678594298,9734400
2004-08-26,11.49502182006836,11.544146477171509,11.422628834375875,11.463996395668788,5642400
2004-08-27,11.56224536895752,11.606197973786816,11.505364599149713,11.518291777847711,5444200
2004-08-30,11.466586112976074,11.549321269302384,11.464001070838755,11.505368649001909,5287800
2004-08-31,11.559667587280273,11.56225361663287,11.381270026918754,11.474347357987797,7030200
2004-09-01,11.541565895080566,11.598446688549664,11.453659662574196,11.582933475890567,7076200
2004-09-02,11.735472679138184,11.756156955746421,11.518292706154634,11.541562024198608,10707400
2004-09-03,11.761331558227539,11.862164971283509,11.740647275405344,11.748403388323222,9841800
2004-09-07,11.802696228027344,11.841477769337319,11.673422451099468,11.815623408464,8490200
2004-09-08,11.233893394470215,11.72513324170533,11.2209662117526,11.72513324170533,23239400
2004-09-09,11.249406814575195,11.280433239931309,11.12271902968764,11.195112049623386,18173800
2004-09-10,11.107207298278809,11.166673142053732,11.03222823975697,11.130476627258654,20256000
2004-09-13,11.130606651306152,11.174817521483666,11.05258857740578,11.130606651306152,18311200
2004-09-14,11.14881420135498,11.23203363758016,11.065594765129802,11.065594765129802,18448400
2004-09-15,10.704111099243164,10.724916456165587,10.501263829519651,10.61569031643091,61406200
2004-09-16,10.412839889526367,10.753519073377667,10.389434366112226,10.717110701856495,43299200
2004-09-17,10.480457305908203,10.553275054976558,10.389436359640149,10.389436359640149,24090600
2004-09-20,10.516871452331543,10.529875302119358,10.431051797647795,10.506469761377526,14747000
2004-09-21,10.592279434204102,10.659895817984987,10.498657359463504,10.571475079847037,15514000
2004-09-22,10.511667251586914,10.649500283821554,10.506466903551662,10.6026892150708,20142000
2004-09-23,10.407646179199219,10.571484963168771,10.407646179199219,10.514271199103812,15195200
2004-09-24,10.3998384475708,10.428444320452549,10.332222040985947,10.40503879387377,14931800
2004-09-27,10.306215286254883,10.399837382986327,10.202190513874665,10.202190513874665,17705800
2004-09-28,10.3998384475708,10.418042635792757,10.324420529477639,10.350426229207903,13817200
2004-09-29,10.405036926269531,10.428442448647242,10.308814664073902,10.350424371406092,13398800
2004-09-30,10.415437698364258,10.50385843429867,10.379029335106587,10.44404455293914,12534000
2004-10-01,10.483059883117676,10.602687712053978,10.475257378062496,10.52726977952951,15593800
2004-10-04,10.59748649597168,10.63649604553921,10.493461691827637,10.493461691827637,13469800
2004-10-05,10.568878173828125,10.698908665124344,10.555875323109287,10.59748504064192,15395400
2004-10-06,10.636490821838379,10.636490821838379,10.51686205820755,10.555871588617059,12522200
2004-10-07,10.433649063110352,10.652100385104179,10.43104888911048,10.649500211104307,8238000
2004-10-08,10.40243911743164,10.477857039125956,10.379033589735263,10.418043133247194,13898800
2004-10-11,10.405036926269531,10.444046460916944,10.353025536144548,10.433643786070476,7699200
2004-10-12,10.345226287841797,10.363430478521996,10.2906137158012,10.314019245540598,11810200
2004-10-13,10.243802070617676,10.373832563500976,10.207393691338982,10.345225696338021,12224000
2004-10-14,10.181386947631836,10.342624464531154,10.181386947631836,10.272407886513589,10283600
2004-10-15,10.194396018981934,10.269813981257794,10.157987621208605,10.269813981257794,14591400
2004-10-18,10.204797744750977,10.225602116361307,10.144982820242218,10.1683883583378,10428200
2004-10-19,10.241201400756836,10.337423683050394,10.194390346223996,10.337423683050394,15291600
2004-10-20,10.259406089782715,10.272408940663906,10.209993867558675,10.215195206321939,11038000
2004-10-21,10.267205238342285,10.27760791347407,10.181385648639333,10.220394192302965,11923600
2004-10-22,10.116366386413574,10.467448099770902,10.077356866239068,10.402432894182263,22106400
2004-10-25,10.05135440826416,10.150176838211895,9.988939354354452,10.147576665656901,14432800
2004-10-26,10.22039794921875,10.2724103519432,9.960336927650568,10.077364585767063,16715800
2004-10-27,10.514269828796387,10.514269828796387,10.124178198221367,10.176190614042234,17942400
2004-10-28,10.529866218566895,10.59748161568486,10.399835769294688,10.488256514481932,12326400
2004-10-29,10.574081420898438,10.636496504488797,10.532471695856232,10.636496504488797,16822600
2004-11-01,10.54026985168457,10.605285088355814,10.48305711801045,10.584480728488982,11649200
2004-11-02,10.571476936340332,10.727513093607694,10.402436939255946,10.402436939255946,12005400
2004-11-03,10.623491287231445,10.683306189304599,10.558476038247033,10.605287096880128,13773800
2004-11-04,10.756120681762695,10.787327716917142,10.64169323277346,10.65989841133846,17884000
2004-11-05,10.766522407531738,10.854943159379138,10.701507177998463,10.836737982420443,12283600
2004-11-08,10.735315322875977,10.818534744599528,10.709309625607526,10.805531895965304,10122200
2004-11-09,10.724910736083984,10.80813013528095,10.717108235372493,10.779523280796964,10215800
2004-11-10,10.706707954406738,10.789928364249167,10.665098245512379,10.787327199413056,10052000
2004-11-11,10.652097702026367,10.688506081179007,10.236000523062028,10.446649285889132,37510800
2004-11-12,10.60788345336914,10.613084789976376,10.42844081260687,10.587078106940202,23008600
2004-11-15,10.553272247314453,10.613086137813596,10.511661549172116,10.584479278867562,13567400
2004-11-16,10.467459678649902,10.66250551117133,10.441453964468808,10.555880495741793,14366400
2004-11-17,10.475251197814941,10.607882792907796,10.379028956705831,10.480452534098333,14161200
2004-11-18,10.475251197814941,10.52986473276383,10.418038482804544,10.527263568595405,12628600
2004-11-19,10.332220077514648,10.498658905088583,10.327018740146256,10.454449025537734,18230600
2004-11-22,10.36862564086914,10.37642814083689,10.26720206976896,10.37642814083689,14761600
2004-11-23,10.327025413513184,10.36343380656553,10.24380594594945,10.350430950768878,15814800
2004-11-24,10.350428581237793,10.358231086572996,10.29841617790412,10.350428581237793,11893600
2004-11-26,10.366031646728516,10.386836010916637,10.319220587237755,10.324421926298282,6474800
2004-11-29,10.392202377319336,10.468096315200249,10.29798935075206,10.468096315200249,13666800
2004-11-30,10.287516593933105,10.392196902952689,10.261345767942009,10.34509041448365,16382800
2004-12-01,10.407901763916016,10.407901763916014,10.284901349591307,10.324157098342006,20019800
2004-12-02,10.57801342010498,10.598950097019024,10.389588319457097,10.407907412599034,25100400
2004-12-03,10.653898239135742,10.79521769215589,10.598941006843965,10.60155759005626,20564000
2004-12-06,10.570157051086426,10.682689133938796,10.533518884262895,10.669604216975417,11860600
2004-12-07,10.509965896606445,10.598944731818516,10.50211514589559,10.570157314791787,11603200
2004-12-08,10.570157051086426,10.596327883328357,10.512582218469351,10.562306300571432,12023200
2004-12-09,10.680073738098145,10.708860159294181,10.486413551222624,10.504732636672504,15715600
2004-12-10,10.606795310974121,10.661753560006792,10.533518976684132,10.533518976684132,10780000
2004-12-13,10.693156242370605,10.706241157835642,10.530901094311037,10.625113084648328,13432400
2004-12-14,10.808302879333496,10.837090286974036,10.674835169190388,10.693154247086209,14325800
2004-12-15,10.85279655456543,10.876349805521897,10.732412717279477,10.847562387873413,12765800
2004-12-16,10.763816833496094,10.884199662580869,10.716710335451593,10.858029829585096,13292600
2004-12-17,10.716714859008789,10.805693726393855,10.716714859008789,10.72718319595187,22433000
2004-12-20,10.716714859008789,10.784757052507695,10.677459094630018,10.782140467429704,11756400
2004-12-21,10.729795455932617,10.77166778851097,10.677454790630891,10.716710539185975,14368000
2004-12-22,10.881582260131836,10.936539504278345,10.72979444489093,10.732411028667642,14404000
2004-12-23,10.863265991210938,10.93915992545458,10.813542895490313,10.860649406516341,8831800
2004-12-27,10.899907112121582,10.957480970525442,10.847566424041679,10.850183009203658,8800600
2004-12-28,10.95224380493164,10.960095554900219,10.86588254179981,10.926073967210558,10439400
2004-12-29,10.876348495483398,10.923454991722432,10.808305334998085,10.920837409534098,10343200
2004-12-30,10.899907112121582,10.967949307804542,10.813544827042403,10.860651346482756,9978600
2004-12-31,10.897285461425781,10.962711047527824,10.87111562631105,10.90775379479776,9805800
2005-01-03,10.871115684509277,10.983647773072445,10.83709410002582,10.96532868873102,14072000
2005-01-04,10.719328880310059,10.899904155284963,10.703627376966375,10.871116734734452,16860200
2005-01-05,10.669600486755371,10.782132530265192,10.661749738985094,10.729791882395421,13271000
2005-01-06,10.758584022521973,10.769052356365062,10.612030343664522,10.64866851380007,10038600
2005-01-07,10.771671295166016,10.850181819519673,10.690543187621797,10.74811803802837,9732800
2005-01-10,10.831854820251465,10.868492971639672,10.732407696258655,10.748110188988495,10577000
2005-01-11,10.771671295166016,10.813543641375665,10.732415533831446,10.797841137178741,10594000
2005-01-12,10.771671295166016,10.795224552303662,10.690543187621797,10.774287880041095,10857200
2005-01-13,10.661751747131348,10.779516979125944,10.62773016986079,10.771666229876974,9431200
2005-01-14,10.721949577331543,10.758587760195672,10.664374719507562,10.664374719507562,8296400
2005-01-18,10.795225143432617,10.797841728450976,10.625118166088676,10.656523176202212,10045800
2005-01-19,10.755962371826172,10.844941179208687,10.750729205199157,10.753345788512664,8542600
2005-01-20,10.816157341003418,10.871114588486922,10.643432851800771,10.735029262588398,13351600
2005-01-21,10.706244468688965,10.834479075858372,10.680074629665999,10.79260673443241,13431600
2005-01-24,10.719328880310059,10.77690372141108,10.664371621976532,10.716712295857885,13641800
2005-01-25,10.792600631713867,10.842323697067544,10.750728313964771,10.769047390585325,9709400
2005-01-26,10.907756805419922,10.957479905187942,10.769054844061685,10.769054844061685,15601000
2005-01-27,10.928690910339355,10.991499920572812,10.868499482953109,10.907755239138437,11226400
2005-01-28,10.858030319213867,10.894668486386154,10.784752986554109,10.868497653895105,13453000
2005-01-31,10.858030319213867,10.947009153053072,10.831859486722816,10.931306653558442,14094600
2005-02-01,10.839710235595703,10.860646901585225,10.763817317171632,10.860646901585225,10813000
2005-02-02,10.970561981201172,10.973179563745392,10.824009304812336,10.847562556134147,13188200
2005-02-03,10.923452377319336,10.970557863969113,10.886813223657505,10.965324697475138,9620200
2005-02-04,11.114496231079102,11.124963563635083,10.876347194497159,10.889432108928368,15542400
2005-02-07,11.119735717773438,11.145905559159221,11.059543285618311,11.145905559159221,8667000
2005-02-08,11.161603927612305,11.221795339151091,11.106645683759426,11.164220511455259,9454600
2005-02-09,11.190394401550293,11.281990842314192,11.096182374309937,11.20348032045617,14255400
2005-02-10,11.122349739074707,11.27937074782967,11.059540736583585,11.221796910387638,8683800
2005-02-11,11.190394401550293,11.274140089623025,11.077863285820246,11.077863285820246,10168000
2005-02-14,11.216564178466797,11.245351600027886,11.161606918203997,11.242734017168504,6977200
2005-02-15,11.161603927612305,11.237496838838982,11.04645427222064,11.237496838838982,11663400
2005-02-16,11.331708908081055,11.554156452603142,11.292454163740691,11.47302838366238,33930000
2005-02-17,11.253206253051758,11.3448017185759,11.203483142955182,11.342185133124795,14434800
2005-02-18,11.242735862731934,11.271523289018656,11.190395178421122,11.271523289018656,11256600
2005-02-22,11.198247909545898,11.292460949883596,11.111885623131142,11.200864494748343,17063600
2005-02-23,11.143287658691406,11.2322655082239,11.096181151106357,11.198244918102183,11546800
2005-02-24,11.16422176361084,11.206094098000008,11.098796178733066,11.156371012886371,9311000
2005-02-25,11.258434295654297,11.266285046051086,11.088327382746023,11.174689630371343,10707200
2005-02-28,11.200860023498535,11.289838859596445,11.17207260618521,11.216562523391769,13223200
2005-03-01,11.323858261108398,11.357879838495867,11.190389533527183,11.200857864771791,9999400
2005-03-02,11.263671875,11.357884901569358,11.216565361715322,11.258437707044429,9719200
2005-03-03,11.300305366516113,11.36573094135777,11.26628378807024,11.302921950251159,9450000
2005-03-04,11.420689582824707,11.454711165435727,11.31862583330682,11.368348916880487,13141400
2005-03-07,11.44162368774414,11.475644264425743,11.386665451729733,11.394517198768904,9485000
2005-03-08,11.363119125366211,11.462566329116857,11.34480003497998,11.40237488951702,11534600
2005-03-09,11.30815601348877,11.365730838288128,11.200858111654082,11.310773595515125,12479200
2005-03-10,11.271525382995605,11.35527009412444,11.245355535136234,11.318631907795037,9968600
2005-03-11,11.189854621887207,11.303123005929915,11.142439902760158,11.30048930146605,11803400
2005-03-14,11.152983665466309,11.260983702890764,11.089763665703009,11.221471077432726,11332000
2005-03-15,11.126638412475586,11.247808944663472,11.11083316724991,11.195125798758651,10415800
2005-03-16,11.047613143920898,11.195125750853691,11.02127207350492,11.129272069966317,14509600
2005-03-17,11.063424110412598,11.102936741317535,10.997570395469666,11.031814608597415,8479200
2005-03-18,10.921178817749023,11.092398862435223,10.905374570751919,11.066056776026965,31165400
2005-03-21,10.95805835723877,10.981765736094372,10.865863553271423,10.963326775300903,13221800
2005-03-22,10.905375480651855,11.029179780132917,10.873764974324494,10.96859448361071,13188600
2005-03-23,10.847420692443848,10.89746913876792,10.81581120028378,10.879030184603913,13798200
2005-03-24,10.852691650390625,10.913276943240113,10.776301105335579,10.913276943240113,10321600
2005-03-28,10.831612586975098,10.955417822147762,10.823710467231269,10.908003093990034,11567800
2005-03-29,10.902737617492676,10.918542866087215,10.823713384215274,10.852689170881439,10896000
2005-03-30,11.050251007080078,11.066055251900465,10.918543607722384,10.918543607722384,13239800
2005-03-31,10.9764986038208,11.03971862312401,10.9343522592347,11.03971862312401,9457400
2005-04-01,10.900111198425293,11.050257643477947,10.876403812109174,11.018648130005893,11705200
2005-04-04,10.923809051513672,10.958052242537505,10.865857490015742,10.958052242537505,9298200
2005-04-05,11.026537895202637,11.050245254940203,10.931708456252366,10.968586348100319,8743600
2005-04-06,10.98703384399414,11.08449806812022,10.958058047894387,11.060790689933873,8363000
2005-04-07,11.095036506652832,11.131914435865758,11.016012229075391,11.016012229075391,10670200
2005-04-08,11.089765548706055,11.16879081304034,11.07659500626633,11.12137605637896,7767400
2005-04-11,11.029180526733398,11.137180585209581,11.013376277347811,11.129278460516788,9955200
2005-04-12,11.150344848632812,11.171417502330112,10.981758594817695,11.002832253362339,14217000
2005-04-13,11.089765548706055,11.21357085830499,11.066058170375364,11.150351852655133,13992400
2005-04-14,11.08185863494873,11.187224938626152,11.068688098200939,11.116102834371024,13765800
2005-04-15,10.876399040222168,11.09766754714433,10.839521123209787,11.084497006046746,14048600
2005-04-18,10.792104721069336,10.886934210227361,10.731519437406758,10.831616338320032,15410600
2005-04-19,11.16878890991211,11.30576373376269,11.079227829795773,11.247813155932924,25291800
2005-04-20,11.031815528869629,11.208303017312229,10.965961808433189,11.200400892411226,16812400
2005-04-21,11.058152198791504,11.142444846898202,10.994933215135296,11.142444846898202,16392600
2005-04-22,11.097664833068848,11.210933267532992,11.034444844474681,11.05025009283513,13380200
2005-04-25,11.242545127868652,11.255715668519844,11.092398753779815,11.176691419764852,12265400
2005-04-26,11.316298484802246,11.408494258895361,11.221469005093953,11.24254266940585,17567600
2005-04-27,11.279424667358398,11.313668881859389,11.189863571250568,11.297863627894012,10492600
2005-04-28,11.2451753616333,11.305760633798775,11.226736409445873,11.229371119671239,10612000
2005-04-29,11.442740440368652,11.458545692724545,11.221471931625574,11.250447725187437,16370800
2005-05-02,11.476984024047852,11.490154564533915,11.390057652961566,11.455911360239714,10587800
2005-05-03,11.527029991149902,11.595518394647325,11.463811008526633,11.47698154616918,13355600
2005-05-04,11.571808815002441,11.653467740547434,11.508588839605121,11.58497935012972,11776000
2005-05-05,11.629765510559082,11.653472886195257,11.527032879570415,11.532301296917106,9011800
2005-05-06,11.640301704406738,11.729862792405399,11.616594328029214,11.648204833097843,11362800
2005-05-09,11.740400314331055,11.7483024386366,11.61659500768844,11.642937096786845,9263200
2005-05-10,11.650834083557129,11.698248818178367,11.595517228114852,11.621858300749981,8607000
2005-05-11,11.661373138427734,11.674543677256981,11.534934156941103,11.624495227766763,9109200
2005-05-12,11.635029792785645,11.787810840192073,11.524396072813479,11.635029792785645,7955200
2005-05-13,11.61922836303711,11.714057863028682,11.556008361426784,11.714057863028682,9995000
2005-05-16,11.658740043640137,11.685082129797314,11.611326298252903,11.64556950298547,5694200
2005-05-17,11.695623397827148,11.716696069893258,11.519134870638396,11.598159149370696,8947200
2005-05-18,11.832592964172363,11.837861381034816,11.682446600559638,11.706153974016793,12734800
2005-05-19,11.919517517089844,11.922151222474518,11.822054340296363,11.837858582299475,12546400
2005-05-20,11.866838455200195,11.90635108351949,11.787814203409484,11.90635108351949,12042800
2005-05-23,11.84576416015625,11.898446317534917,11.808886248052087,11.84576416015625,10954600
2005-05-24,11.858933448791504,11.890542940854539,11.790445043666022,11.793079754165728,7739800
2005-05-25,11.8273286819458,11.906352946098732,11.808889720471718,11.819425552136881,7436800
2005-05-26,11.824692726135254,11.866839062905154,11.811522184303648,11.837863267966862,6121200
2005-05-27,11.835227012634277,11.864202801332173,11.787812268373674,11.824690179499097,6379200
2005-05-31,11.756204605102539,11.800984645630965,11.687716183902996,11.793082521972506,12964600
2005-06-01,11.745665550231934,11.835226619208369,11.703519223939946,11.732495011674628,9291200
2005-06-02,11.795717239379883,11.814156199395466,11.669278225766751,11.711424563637795,11104000
2005-06-03,11.650834083557129,11.76146879928919,11.550736198818122,11.753565673620644,9711200
2005-06-06,11.582350730895996,11.635032894538039,11.537569685982827,11.592886560715689,8067200
2005-06-07,11.61922836303711,11.714057863028682,11.582350447451018,11.598154694217722,7902600
2005-06-08,11.56391429901123,11.64820698507129,11.527035369617884,11.624499604313893,8908600
2005-06-09,11.498055458068848,11.566542858194623,11.445372301515679,11.51122599599523,10212600
2005-06-10,11.577079772949219,11.579713478614204,11.474348169604886,11.519128199843127,9273400
2005-06-13,11.555869102478027,11.651306586200722,11.524056945000547,11.558519694230212,8915400
2005-06-14,11.592987060546875,11.664565195602028,11.555872696730997,11.555872696730997,9641600
2005-06-15,11.569130897521973,11.624802458718197,11.505506545095104,11.624802458718197,9612200
2005-06-16,11.606240272521973,11.64865682630018,11.508152181526826,11.585032501278077,7681600
2005-06-17,11.677818298339844,11.717584259611732,11.60358958267542,11.70432927628457,14473400
2005-06-20,11.640707015991211,11.677821383629066,11.600941044213124,11.611545438192703,5860800
2005-06-21,11.579732894897461,11.65131103502016,11.547920725273142,11.611545064521781,7781000
2005-06-22,11.513453483581543,11.61684376218597,11.46838532983916,11.579729406921851,10469000
2005-06-23,11.41801929473877,11.53201399675941,11.399462111739187,11.492248026737093,9401400
2005-06-24,11.187381744384766,11.399464604536577,11.16882455732716,11.380907417478973,15487000
2005-06-27,11.221843719482422,11.258958087625563,11.155567773143755,11.20063493123452,9165200
2005-06-28,11.364998817443848,11.396811999318702,11.258957911733013,11.31728005592224,10173800
2005-06-29,11.319928169250488,11.370297508083585,11.298719387874222,11.362344720712663,7701000
2005-06-30,11.068086624145508,11.301378313995569,11.046877829026862,11.282821123912258,20526600
2005-07-01,11.19002628326416,11.266906594501014,11.094588795010173,11.123750362120036,15284600
2005-07-05,11.240403175354004,11.301376936954112,11.187382205308856,11.256308758463925,11501200
2005-07-06,11.121109008789062,11.21919717040505,11.113155203966963,11.197989383892116,10375800
2005-07-07,11.07073974609375,11.147620129019357,10.972651574497327,11.01241756878057,12983600
2005-07-08,11.327884674072266,11.359696845286049,11.068083084696548,11.121104044246644,12800400
2005-07-11,11.338489532470703,11.402113877503233,11.277515780443393,11.31993234756199,10255400
2005-07-12,11.351744651794434,11.433927193979986,11.277515911298284,11.38355682467982,12893000
2005-07-13,11.380904197692871,11.39150859052307,11.30402386660976,11.306675470462592,7104800
2005-07-14,11.447182655334473,11.486948631554462,11.386208900077065,11.396813295241166,12267200
2005-07-15,11.420668601989746,11.439225781257356,11.327881694361277,11.404762014921614,9868200
2005-07-18,11.380904197692871,11.50550328522132,11.37560200127777,11.42067016516084,7096600
2005-07-19,11.48694133758545,11.51079969461894,11.378247873107675,11.457779775046548,10527000
2005-07-20,11.48694133758545,11.545263451373108,11.388852261538212,11.48694133758545,12966800
2005-07-21,11.6513090133667,11.815673041078803,11.53996492206527,11.752048712869811,26064600
2005-07-22,11.67251968383789,11.706983460094195,11.43922907409401,11.585035958006614,14347600
2005-07-25,11.571778297424316,11.714933544013547,11.516105745166328,11.685772982999959,10391800
2005-07-26,11.582382202148438,11.683121907950229,11.550570036054909,11.571778820977613,11479600
2005-07-27,11.667216300964355,11.714935059765079,11.579732584023441,11.638055736177792,11134200
2005-07-28,11.767961502075195,11.826284681422832,11.664571146897902,11.725544920174483,12293000
2005-07-29,11.600942611694336,11.775911090835873,11.600942611694336,11.741448322681752,9949400
2005-08-01,11.630104064941406,11.683125030126863,11.57178191339912,11.661917250827159,10047400
2005-08-02,11.738794326782227,11.757351509328112,11.61949844221313,11.624799627548581,8803400
2005-08-03,11.842182159423828,11.850135958346991,11.63009939512998,11.661912568241851,12820200
2005-08-04,11.760002136230469,11.813023086795262,11.688424004661574,11.770606528601531,9906400
2005-08-05,11.68046760559082,11.71758195612696,11.55851915359896,11.691070983393857,8597800
2005-08-08,11.577079772949219,11.68047108043104,11.521408230583203,11.677819476723798,7319400
2005-08-09,11.69107723236084,11.701681627122209,11.598291306425732,11.630103479419093,8243200
2005-08-10,11.638056755065918,11.778561439785271,11.619499570717728,11.733493269732024,8072000
2005-08-11,11.693729400634766,11.699031598271151,11.56117749359749,11.585036877315833,8301200
2005-08-12,11.55321979522705,11.688422238006007,11.505501048060275,11.630099100070977,8020000
2005-08-15,11.54261589050293,11.587683036230176,11.513454320307458,11.532011499288139,5786800
2005-08-16,11.478997230529785,11.566481991996115,11.4471850496743,11.558528188313998,8983000
2005-08-17,11.481645584106445,11.510806151713096,11.428624623501307,11.441879610829915,11194000
2005-08-18,11.539966583251953,11.579732552574761,11.457785063211043,11.49489942855734,13145600
2005-08-19,11.767961502075195,11.85279466587662,11.733497713252403,11.757357103777247,23074000
2005-08-22,11.7361478805542,11.863397610665642,11.653965320750764,11.813028241858287,12600200
2005-08-23,11.714936256408691,11.752051636937614,11.653962505332961,11.744097835464629,8960200
2005-08-24,11.619499206542969,11.773258873650413,11.598290418643643,11.728191716300346,10785200
2005-08-25,11.614195823669434,11.646007990979488,11.532013295887014,11.590336445364251,7725800
2005-08-26,11.550567626953125,11.640702921494045,11.545265431828327,11.569124804244757,10020600
2005-08-29,11.664562225341797,11.691072189519632,11.489593832413282,11.494896027506911,6421200
2005-08-30,11.502857208251953,11.643361941244741,11.45248783504291,11.611549758759612,13138600
2005-08-31,11.664562225341797,11.680468810622685,11.431270697673675,11.494896027506911,15536400
2005-09-01,11.6327486038208,11.74674325577879,11.5638210875582,11.61419142897091,9958400
2005-09-02,11.638056755065918,11.706983295317666,11.585035794946505,11.683123913828465,8507600
2005-09-06,11.802416801452637,11.847483944865624,11.757348646749293,11.757348646749293,10253200
2005-09-07,11.836880683898926,11.852786258773046,11.730838798716416,11.820974097734439,12324400
2005-09-08,11.738794326782227,11.741445930740554,11.57973247316303,11.585034669789085,17879000
2005-09-09,11.677818298339844,11.754698617443943,11.640703940507633,11.738792030677107,15940800
2005-09-12,11.730842590332031,11.770608562951129,11.63805666927506,11.63805666927506,9145200
2005-09-13,11.648138046264648,11.704164118964501,11.618790765022633,11.624126726860332,12303000
2005-09-14,11.610785484313965,11.693491353047076,11.576102246750985,11.63746427152826,10005200
2005-09-15,11.640130043029785,11.66147286427178,11.562760153350755,11.632125594550061,10943200
2005-09-16,11.578767776489258,11.69615583504957,11.533412628541482,11.658805135404481,39747600
2005-09-19,11.568096160888672,11.618786252061817,11.514737580967843,11.565427672140986,11264800
2005-09-20,11.445374488830566,11.570766006993358,11.440038527970167,11.552090652847188,14977600
2005-09-21,11.271955490112305,11.365332229092191,11.245276712612373,11.341320922250203,14035400
2005-09-22,11.263957023620605,11.2746279286844,11.16524326436856,11.234609744801379,12395200
2005-09-23,11.298636436462402,11.36800289964579,11.269290182671314,11.271957653841296,10658200
2005-09-26,11.303972244262695,11.400017488773413,11.20525952861793,11.351994866518055,15488400
2005-09-27,11.293306350708008,11.42136639427497,11.285301898295177,11.285301898295177,10018800
2005-09-28,11.437370300292969,11.47205353781369,11.298638367940587,11.360001410373588,11590600
2005-09-29,11.49872875213623,11.501397240663557,11.351993432768678,11.456042095270575,15022800
2005-09-30,11.522744178771973,11.576102773358391,11.46138215120328,11.522744178771973,9953400
2005-10-03,11.528081893920898,11.594779892868923,11.504070573590383,11.5280818939209,13063800
2005-10-04,11.482723236083984,11.632126043738083,11.474718787295158,11.570764030918678,9836800
2005-10-05,11.370678901672363,11.520082842539757,11.370678901672363,11.461388255461303,10305600
2005-10-06,11.394684791564941,11.44003995567339,11.322650837555473,11.37867792471657,13721400
2005-10-07,11.258623123168945,11.384014676899296,11.215936441908042,11.37601124220374,14741800
2005-10-10,11.19992446899414,11.28263032902281,11.167909724160301,11.24261113468272,12022200
2005-10-11,11.11455249786377,11.205261800769698,11.093209671272646,11.165242601531885,11594800
2005-10-12,11.1305570602417,11.205258457618823,11.074529994478645,11.079865953967042,17748200
2005-10-13,11.1305570602417,11.18391461966524,11.071862523599552,11.071862523599552,9680400
2005-10-14,11.223937034606934,11.263956233413037,11.085205101204417,11.130560261033366,10720800
2005-10-17,11.229275703430176,11.293306233414006,11.183920532664391,11.191924984994088,9956200
2005-10-18,11.138566970825195,11.263959547428103,11.138566970825195,11.2079324490695,11762000
2005-10-19,11.151902198791504,11.178582001779848,11.013170276443386,11.143898766760213,14578800
2005-10-20,11.231939315795898,11.456044567128059,11.226604373050483,11.445373663906832,21683000
2005-10-21,11.18658447265625,11.376006477811389,11.154569729551378,11.309308502666875,13578600
2005-10-24,11.311980247497559,11.335991566169907,11.221270934483197,11.253285686802787,11878600
2005-10-25,11.327980041503906,11.36533073217644,11.22126392782952,11.271954005495104,11748200
2005-10-26,11.295969009399414,11.43203242966685,11.287965578127896,11.333319712306933,10462600
2005-10-27,11.245278358459473,11.338655111105883,11.23727390985387,11.298635921268694,8195200
2005-10-28,11.426700592041016,11.464051305097051,11.295972078614293,11.311979963237137,12878000
2005-10-31,11.413360595703125,11.464051723326133,11.311980375918385,11.365337957813242,19920400
2005-11-01,11.378680229187012,11.421366912312132,11.3306575834549,11.370675776411124,11631400
2005-11-02,11.351991653442383,11.376002957773885,11.309305003267491,11.359996100039563,12415400
2005-11-03,11.360002517700195,11.416028586881438,11.335991199803864,11.373341912591359,9076400
2005-11-04,11.285301208496094,11.392018413810995,11.21326724756814,11.381346489733364,11434800
2005-11-07,11.314648628234863,11.330656514545685,11.234611232142164,11.29864074192404,10704000
2005-11-08,11.2426118850708,11.349329065280283,11.205261177316618,11.314645829052633,9146200
2005-11-09,11.25328540802002,11.314647439166846,11.210598733407853,11.250616918383296,9225400
2005-11-10,11.343994140625,11.38401232356086,11.266624228792898,11.306643429459308,9571800
2005-11-11,11.408023834228516,11.408023834228517,11.269292909750602,11.325318977450978,8627000
2005-11-14,11.360002517700195,11.416028586881438,11.333322710187275,11.397353230487692,6991200
2005-11-15,11.327980041503906,11.384006077512707,11.271954005495104,11.330648529540511,8944200
2005-11-16,11.2426118850708,11.338657143713244,11.23727592428728,11.322649261362685,10351400
2005-11-17,11.170575141906738,11.287964214267282,11.170575141906738,11.25328098673074,14969200
2005-11-18,11.258623123168945,11.333324560942836,11.175917232968738,11.330657088621237,17160400
2005-11-21,11.245278358459473,11.290632490393365,11.215931088276237,11.290632490393365,13533000
2005-11-22,11.295969009399414,11.319980320944294,11.223935074764777,11.247946386309655,13147600
2005-11-23,11.378680229187012,11.421366912312132,11.301310297981855,11.32532162084791,9917600
2005-11-25,11.418691635131836,11.450706374014139,11.400016285972974,11.432031024855279,3958400
2005-11-28,11.413360595703125,11.546756585901546,11.405357161965023,11.45871576159052,15625800
2005-11-29,11.56106185913086,11.614771992306096,11.49123940310796,11.504666680292873,14827800
2005-11-30,11.464385032653809,11.595974821580983,11.45901391632661,11.555691961344829,13232000
2005-12-01,11.504666328430176,11.526149766381863,11.467069543688057,11.467069543688057,10905200
2005-12-02,11.499298095703125,11.52883872667363,11.442902904451694,11.448274021395042,8286800
2005-12-05,11.453644752502441,11.55569289768094,11.440216448378527,11.469757078353902,9906000
2005-12-06,11.424105644226074,11.475129723611769,11.373080540404473,11.448275160658437,16146600
2005-12-07,11.332789421081543,11.46169306174586,11.271023157290417,11.389184571790606,12944600
2005-12-08,11.246861457824707,11.316683927427679,11.201207477193863,11.303256647631235,13954400
2005-12-09,11.147497177124023,11.276401929780967,11.077674708500968,11.233434020373908,18714200
2005-12-12,11.050822257995605,11.203895528494826,11.037393951389458,11.126015857697409,19171400
2005-12-13,10.999789237976074,11.07229773885354,10.948765192663146,11.066926624962406,20553000
2005-12-14,11.034707069396973,11.117957844103083,11.002481392661231,11.04276323247196,13085800
2005-12-15,11.053504943847656,11.072303339758145,10.970254173075672,11.010537035418574,13107800
2005-12-16,11.06692886352539,11.147493539318162,11.053501588299167,11.099155553390846,16554200
2005-12-19,11.123319625854492,11.214626495416596,11.04006993778333,11.04006993778333,14156200
2005-12-20,11.069622039794922,11.158242932729879,11.048137566091846,11.14750069587834,11937600
2005-12-21,11.06692886352539,11.128695149114362,11.032018152824296,11.053501588299167,9821400
2005-12-22,11.085722923278809,11.088408991936046,11.013214436058899,11.072295653297722,11072200
2005-12-23,11.050822257995605,11.085732986750893,11.040080022485073,11.066934586825441,5063200
2005-12-27,11.002477645874023,11.104525758191677,10.913855784485307,11.037388356934327,14248000
2005-12-28,10.951457023620605,11.050821155526169,10.938029742789976,11.005167171378991,9763000
2005-12-29,10.903115272521973,10.983680986274615,10.854776254044628,10.921913665881426,11163400
2005-12-30,10.825237274169922,10.921914292233254,10.825237274169922,10.84403566860743,11743200
2006-01-03,10.983680725097656,11.00785023376161,10.835977603020392,10.954140100682203,13640800
2006-01-04,10.96219539642334,11.029332801361962,10.91922749824004,11.007849364488063,19993200
2006-01-05,11.015909194946289,11.045449826869714,10.897747691688435,10.93534448706885,16613000
2006-01-06,11.12063980102539,11.16092265408142,10.97293771387913,11.026647843142,17122800
2006-01-09,11.17435359954834,11.19046592651306,11.07767554001664,11.142127921183056,13819600
2006-01-10,11.18509292602539,11.206576364538579,11.058874267290326,11.058874267290326,13849800
2006-01-11,11.190467834472656,11.228065660817686,11.136758702851795,11.18778278766602,10574400
2006-01-12,11.12869644165039,11.179721527645924,11.085728541274735,11.085728541274735,17086000
2006-01-13,11.093782424926758,11.15823374408909,11.023958967326442,11.112580811718708,10548400
2006-01-17,11.018587112426758,11.085724496293722,10.983676410409265,11.032015408748293,11574000
2006-01-18,10.96219539642334,11.010534409933987,10.903114152257992,11.010534409933987,12906200
2006-01-19,10.99173641204834,11.048131588351405,10.903114542627348,10.994421457590398,10907600
2006-01-20,10.766154289245605,10.975622664685142,10.570113189897102,10.964881458473615,18971600
2006-01-23,10.876253128051758,10.919221000666667,10.741978398075812,10.741978398075812,13222200
2006-01-24,10.983680725097656,11.091099966820888,10.929970592018249,11.064245412498975,15888400
2006-01-25,11.048135757446289,11.061563039094539,10.983684395760317,11.048135757446287,13699000
2006-01-26,11.139437675476074,11.166293251078548,11.050816837076566,11.08572754870659,14573200
2006-01-27,11.271026611328125,11.276397726056182,11.069614418985221,11.139436861579192,13646400
2006-01-30,11.21195125579834,11.268346453376056,11.155556058220622,11.23880581909175,12143400
2006-01-31,11.112581253051758,11.209259260070043,11.066927294432993,11.209259260070043,13115000
2006-02-01,11.14480972290039,11.155551954040005,11.01859106809877,11.061558968221687,12966600
2006-02-02,11.072300910949707,11.147494478097281,11.005163504729225,11.096470418166502,12468400
2006-02-03,10.978313446044922,11.072305443455502,10.881635377602073,11.015910245009154,12538000
2006-02-06,10.994423866271973,11.010537216361081,10.911174118567642,10.964884261095579,13500600
2006-02-07,11.018587112426758,11.139434608274327,10.905796799259145,11.117951178143192,20573000
2006-02-08,11.072300910949707,11.08841425723941,10.92191275221904,11.080357071876799,18185800
2006-02-09,11.01053524017334,11.123325597246039,10.98368068594715,11.042760910131886,15045200
2006-02-10,11.053504943847656,11.12332741088151,10.932657381254694,10.986367522899982,12782000
2006-02-13,10.940713882446289,11.112585505386962,10.91117325517167,11.112585505386962,11791600
2006-02-14,11.101838111877441,11.128692656314536,10.994417885258656,11.007846181912408,14048800
2006-02-15,11.101838111877441,11.128692656314536,11.04007184012396,11.115265384095988,13561600
2006-02-16,11.168975830078125,11.177031988762169,11.053499441575738,11.085725100747148,14381400
2006-02-17,11.222691535949707,11.252232165088175,11.072303344170125,11.182408673590754,14525200
2006-02-21,11.238801956176758,11.289827043106579,11.171664546583264,11.222689633513085,20793200
2006-02-22,11.300565719604492,11.324734195997147,11.257596807523552,11.29250853637169,11821200
2006-02-23,11.287142753601074,11.362337360824029,11.26297324135722,11.327425615486076,9523400
2006-02-24,11.340847969055176,11.370388585015938,11.236113802965411,11.281766737133653,10691400
2006-02-27,11.421414375305176,11.421414375305176,11.327422423308988,11.35427697404063,13199800
2006-02-28,11.271026611328125,11.434842025010013,11.25759831229029,11.418728680825842,16189400
2006-03-01,11.362337112426758,11.381135507712603,11.23880348341672,11.252231786708647,11036800
2006-03-02,11.254919052124023,11.31937143755357,11.198523855145615,11.297886967598417,11537800
2006-03-03,11.225377082824707,11.292514506794275,11.163610775704997,11.179724126254579,10586800
2006-03-06,11.265658378601074,11.330109722955045,11.198520963978225,11.21731935811777,10945800
2006-03-07,11.225377082824707,11.28982946058724,11.198522523011196,11.265659946980763,11242600
2006-03-08,11.340847969055176,11.416041519184178,11.19851702790091,11.203888142115167,13843000
2006-03-09,11.386504173278809,11.437528231724153,11.311309583884816,11.311309583884816,13296600
2006-03-10,11.485869407653809,11.52883731349788,11.421417036669864,11.445586547734383,15399000
2006-03-13,11.493982315063477,11.57783984190361,11.472340997224196,11.521032930447745,13502200
2006-03-14,11.575139045715332,11.596779338842378,11.480459796528379,11.4885758093768,11377200
2006-03-15,11.558907508850098,11.583253482421137,11.510215561708018,11.548086846837386,12805400
2006-03-16,11.54808521270752,11.567020852592686,11.499393272455668,11.553495542948278,14209000
2006-03-17,11.575139045715332,11.588664357909131,11.518332115352266,11.548087389412556,16508800
2006-03-20,11.602187156677246,11.62923880711972,11.54808488770725,11.583251517324989,11851600
2006-03-21,11.56432056427002,11.594076875857642,11.499397608813812,11.577845879014747,14625800
2006-03-22,11.569727897644043,11.618419843636264,11.548086574129677,11.58325320888297,16481600
2006-03-23,11.472341537475586,11.58866104655232,11.41553462334459,11.564315078794051,12053200
2006-03-24,11.539969444274902,11.56702006171417,11.450701581193393,11.45611087914932,9723600
2006-03-27,11.466934204101562,11.537267476854774,11.450704242631705,11.512921502734839,9339200
2006-03-28,11.40471363067627,11.493982520486488,11.391188322742407,11.445290586392705,10910400
2006-03-29,11.40471363067627,11.456110213590886,11.366842355695516,11.388482642006725,8702000
2006-03-30,11.393892288208008,11.431763560917412,11.334380730485284,11.356021015498605,13586200
2006-03-31,11.326265335083008,11.412828543661565,11.310035378421306,11.393892906279683,14535800
2006-04-03,11.326265335083008,11.423649202712596,11.307329697701126,11.38848257675417,11291600
2006-04-04,11.38306999206543,11.396595296016105,11.274865496630918,11.312736760458632,9257600
2006-04-05,11.347908020019531,11.383074650213715,11.293805750162704,11.374958638990462,13148800
2006-04-06,11.27757453918457,11.361433107419188,11.247819271664172,11.361433107419188,10988400
2006-04-07,11.185601234436035,11.328972404651324,11.174781605973442,11.30462643475929,11893400
2006-04-10,11.220768928527832,11.226179259229559,11.15043669323553,11.185602294924148,7726200
2006-04-11,11.169366836547852,11.364133486359625,11.109854260039347,11.364133486359625,11085200
2006-04-12,11.131501197814941,11.18289779228321,11.063873611028495,11.161256469192308,10010000
2006-04-13,11.161250114440918,11.207237383868305,11.112559229039118,11.136904155782771,9029000
2006-04-17,11.101743698120117,11.199127577704235,11.053051758328056,11.172075926755886,9270800
2006-04-18,11.172077178955078,11.223474805560254,11.104449591876762,11.104449591876762,11528400
2006-04-19,11.27757453918457,11.393894055932773,11.199127332936321,11.220767621307061,16677600
2006-04-20,11.310033798217773,11.426353286977438,11.239700556127666,11.291098163481522,12246600
2006-04-21,11.320856094360352,11.366843383792718,11.27757448590839,11.364137702812315,13110600
2006-04-24,11.242406845092773,11.334380375325697,11.231586186967782,11.293803423314355,12466400
2006-04-25,11.185601234436035,11.258639144112133,11.158550615407096,11.239703504408881,12600800
2006-04-26,11.285694122314453,11.30192408575076,11.185604532185945,11.185604532185945,12248600
2006-04-27,11.374955177307129,11.399301139737867,11.255931045376103,11.261341373906784,13146400
2006-04-28,11.350610733032227,11.3857773572279,11.315445140751347,11.364136040210626,11529400
2006-05-01,11.353316307067871,11.412827864477284,11.337085319457243,11.38577725037435,13265600
2006-05-02,11.42635440826416,11.442584364250935,11.3587268398798,11.388482103160486,10551400
2006-05-03,11.339788436889648,11.423646980348973,11.315443506633173,11.402006698371672,14313200
2006-05-04,11.38306999206543,11.396595296016105,11.307326432495453,11.34790337626203,13301800
2006-05-05,11.553500175476074,11.602192135251606,11.372258683356902,11.434475958199995,18958000
2006-05-08,11.732030868530273,11.832120417786637,11.583250416932922,11.591365395337277,27358400
2006-05-09,11.813183784484863,11.813183784484863,11.680634321205272,11.680634321205272,13929600
2006-05-10,11.78884220123291,11.837533117567725,11.75908589597847,11.813187143442743,14902400
2006-05-11,11.734737396240234,11.79154431300052,11.704981097390107,11.778019004045442,16969400
2006-05-12,11.680635452270508,11.737442370605375,11.661699812825553,11.707686070930459,14767800
2006-05-15,11.886221885681152,11.902452874726954,11.64546789036692,11.68333916622558,18623200
2006-05-16,11.859172821044922,11.956556704233362,11.805070549060787,11.94032571306362,16978000
2006-05-17,11.780725479125977,11.894340362172194,11.686047269850032,11.837532404691542,19862400
2006-05-18,11.780725479125977,11.880814019205557,11.729328884364048,11.788841491288975,15375800
2006-05-19,11.807771682739258,11.834822292355941,11.704977508749561,11.832117644160117,16014600
2006-05-22,11.794246673583984,11.829413295575739,11.734735119345702,11.780721367253227,15634200
2006-05-23,11.78884220123291,11.840238799090027,11.77261120784454,11.829418136831114,13705800
2006-05-24,11.910568237304688,11.948439514384368,11.7536727991296,11.772608437669438,20534800
2006-05-25,12.002540588378906,12.002540588378906,11.861875121835498,11.95384865642485,14125400
2006-05-26,12.034998893737793,12.108035737478572,11.961961018082526,12.034998893737795,12337000
2006-05-30,11.813183784484863,11.989015884493137,11.80236415721755,11.959259587699597,16652200
2006-05-31,11.910568237304688,11.926799226873797,11.783429097382179,11.821300374461858,14599800
2006-06-01,11.88080883026123,11.91597544916831,11.81318127262473,11.897039815583259,9973400
2006-06-02,11.872700691223145,11.93762363798672,11.794252431525768,11.834829402242406,12120400
2006-06-05,11.74826431274414,11.869994173826347,11.737443651333486,11.845648201609906,11428600
2006-06-06,11.767197608947754,11.824004522158969,11.686044728372465,11.794248225167895,16578600
2006-06-07,11.734737396240234,11.848351229760805,11.726621385335246,11.799659291990581,11577400
2006-06-08,11.737443923950195,11.772610558394081,11.645470363653558,11.759085247274154,23080400
2006-06-09,11.780725479125977,11.859173727906093,11.748264526219236,11.848353066298817,13947800
2006-06-12,11.715800285339355,11.815888797329661,11.704979626768838,11.813183116729633,13990600
2006-06-13,11.691279411315918,11.783916018119234,11.650409922678998,11.76484386724981,18118600
2006-06-14,11.664031982421875,11.748494054879693,11.57684472348561,11.669481316024655,12402600
2006-06-15,11.726702690124512,11.748498994345425,11.585023074947662,11.702181198279392,14639400
2006-06-16,11.773018836975098,11.816612478664684,11.69673022385692,11.69673022385692,16754800
2006-06-19,11.69672679901123,11.805711391001301,11.642234503016194,11.773015389791821,11623000
2006-06-20,11.661312103271484,11.748499401888667,11.634066462211583,11.688558783685968,11303800
2006-06-21,11.718523025512695,11.75394317360619,11.628611621095787,11.628611621095787,9266400
2006-06-22,11.680377006530762,11.72941996146725,11.612261906824967,11.721246482095815,8044600
2006-06-23,11.647689819335938,11.721254300812195,11.634066998178401,11.644965670846283,7681400
2006-06-26,11.66948127746582,11.680378905281263,11.57684468523287,11.64223460954195,9625600
2006-06-27,11.582297325134277,11.655861797098915,11.516907376290932,11.631340306444036,12008800
2006-06-28,11.557771682739258,11.595917018442362,11.541424721077764,11.560496869252255,10224200
2006-06-29,11.732154846191406,11.756676343930998,11.557779173734975,11.593199345882118,14379000
2006-06-30,11.7212553024292,11.84931211883308,11.7212553024292,11.781196967870116,22568000
2006-07-03,11.816610336303711,11.83840767287383,11.745771071159247,11.770292555123525,5875600
2006-07-05,11.7212553024292,11.816616098035459,11.672212310587488,11.77029829427091,11837800
2006-07-06,11.80571174621582,11.876551005592935,11.72669796661333,11.764842263151325,10246000
2006-07-07,11.764841079711914,11.849304184517036,11.748493080259754,11.778463892911702,5874000
2006-07-10,11.887446403503418,11.920141357350216,11.78118702398594,11.797533981232418,9588800
2006-07-11,11.93649673461914,12.010061205776784,11.884728566385345,11.906525908663678,15525400
2006-07-12,11.871100425720215,11.952838343914607,11.835680280072838,11.941940717014969,8300400
2006-07-13,11.743041038513184,11.892895067208277,11.674925948871335,11.852025597681655,12870400
2006-07-14,11.620441436767578,11.7648451778235,11.54415178543714,11.715802201737642,13775200
2006-07-17,11.634060859680176,11.669481007484686,11.590467231364654,11.595916564823355,11175800
2006-07-18,11.865654945373535,11.911973772314301,11.73487402592712,11.811162635765607,23951200
2006-07-19,11.939221382141113,11.963742873552722,11.865656907906288,11.958293537755194,16154800
2006-07-20,11.944669723510742,11.980089883568576,11.892902596775787,11.93649624017218,10657600
2006-07-21,11.961013793945312,12.07544668045046,11.925593645541962,12.07544668045046,18399800
2006-07-24,11.988263130187988,12.031856772723586,11.952842970829558,11.952842970829558,11459200
2006-07-25,12.056375503540039,12.094519802113327,11.911971790554254,11.952840236445269,10983800
2006-07-26,12.110871315002441,12.162638443879933,11.999162534216127,12.015509501569817,16632800
2006-07-27,12.07273006439209,12.162641525682847,12.048208567793749,12.138120029084504,12820000
2006-07-28,12.129938125610352,12.170806565343245,12.072721686371885,12.121764645534578,12831000
2006-07-31,12.124490737915039,12.203504522506009,12.105418588441935,12.129940071957954,12836200
2006-08-01,12.07273006439209,12.162641525682847,12.053657904743908,12.124497206386481,9094400
2006-08-02,12.07273006439209,12.121773057588776,12.040034042691135,12.067280727441931,9120600
2006-08-03,11.9937105178833,12.083621936295579,11.958290364276403,12.042753487691545,11378000
2006-08-04,11.94739055633545,12.042752339360188,11.920144926530755,12.040027152767227,9781800
2006-08-07,11.88200569152832,11.977366475828468,11.846585526207722,11.947395646661393,10029400
2006-08-08,11.93649673461914,11.988263863498451,11.906525908663678,11.936496734619142,8162800
2006-08-09,11.920145988464355,12.015506740630371,11.909247319829884,11.97463829228247,7719000
2006-08-10,11.961013793945312,12.037302384948743,11.90924564488947,11.925593645541962,8430600
2006-08-11,11.922870635986328,11.955566643261003,11.88200218592442,11.911973006249061,5677400
2006-08-14,11.9855375289917,12.029131166241537,11.955566708503508,11.985537528991701,8528800
2006-08-15,12.075454711914062,12.083628197999497,12.018238230606434,12.053658402567972,9501200
2006-08-16,12.07817268371582,12.113591795160366,12.045476680199696,12.094519646119712,9839400
2006-08-17,12.037308692932129,12.07545300842284,11.974642883289585,12.03185935652565,9517200
2006-08-18,12.07273006439209,12.102699858585844,11.922875896649582,11.922875896649582,9963000
2006-08-21,12.04002857208252,12.135390366348796,12.010058791506088,12.083622208521472,8328400
2006-08-22,12.09997272491455,12.129943551069719,12.020958917660831,12.064552563153487,8017800
2006-08-23,12.075454711914062,12.108149695610592,12.023687567781655,12.078179900179068,7561200
2006-08-24,12.127220153808594,12.151741647977731,12.03730870142486,12.07000368053216,10326200
2006-08-25,12.129938125610352,12.157183752098947,12.083619313354905,12.110865979197529,5025800
2006-08-28,12.181708335876465,12.255272793366522,12.08362239255639,12.129941216614998,8918600
2006-08-29,12.298869132995605,12.304318468750179,12.165364044749396,12.173537528703994,14100000
2006-08-30,12.249826431274414,12.369709741913203,12.241652947132511,12.320666758352706,12119200
2006-08-31,12.208955764770508,12.298867192145988,12.206230577646014,12.293417857251358,7306800
2006-09-01,12.279793739318848,12.296141742271557,12.225301435497402,12.25527225456691,7852000
2006-09-05,12.25527572631836,12.2797972180169,12.208957930529193,12.263449210433025,8144800
2006-09-06,12.178987503051758,12.22258115201961,12.127219330346165,12.154466010547681,9858000
2006-09-07,12.121761322021484,12.1789777455725,12.089065331974838,12.165354936063268,14780600
2006-09-08,12.151737213134766,12.170809363933092,12.075448609941462,12.10541942958291,8646200
2006-09-11,12.138117790222168,12.22530508663362,12.070002649941063,12.070002649941063,8995000
2006-09-12,12.200783729553223,12.252551901926566,12.116321619857041,12.116321619857041,10300800
2006-09-13,12.239192008972168,12.285832677038256,12.195294478663042,12.285832677038256,10795800
2006-09-14,12.230963706970215,12.277604383264963,12.187065122316527,12.187065122316527,7799800
2006-09-15,12.236444473266602,12.299548136990175,12.200778459196016,12.263881076320198,15846400
2006-09-18,12.192545890808105,12.288572423215355,12.148648376353144,12.214495171335237,8969000
2006-09-19,12.176088333129883,12.225473181328665,12.132190806575364,12.219985859684401,8292600
2006-09-20,12.195289611816406,12.23644294134559,12.15139209902572,12.189802291892663,8288200
2006-09-21,12.126700401306152,12.222725889164053,12.091033342987794,12.195290334518745,12089600
2006-09-22,12.069087028503418,12.126702330383418,12.055368202399094,12.09926572477426,9691600
2006-09-25,12.1815767288208,12.239192041266111,12.074575517222778,12.118473047647731,12606800
2006-09-26,12.247415542602539,12.272107954849686,12.156877395429063,12.200774900912979,10611400
2006-09-27,12.26662540435791,12.31875443192153,12.165112579701665,12.222727881809304,11340200
2006-09-28,12.332473754882812,12.343448398543307,12.25565229585897,12.294063548670703,9706200
2006-09-29,12.25839900970459,12.33247629980001,12.244681225597994,12.288578762699002,9214800
2006-10-02,12.20901107788086,12.32698587539509,12.20901107788086,12.318755416321865,9450600
2006-10-03,12.225475311279297,12.296808411883362,12.209013343478466,12.209013343478466,10755000
2006-10-04,12.291318893432617,12.29680621505258,12.0142159545217,12.0142159545217,10242000
2006-10-05,12.299548149108887,12.33247102620625,12.258393767787641,12.269368409019894,8949800
2006-10-06,12.280343055725098,12.31601011948586,12.252907496893423,12.296805018983791,10106200
2006-10-09,12.18706226348877,12.252909078423164,12.118472310956934,12.222729331853218,15335800
2006-10-10,12.088289260864258,12.20626402049229,12.058109525154867,12.20077670067247,25847200
2006-10-11,12.104753494262695,12.112984999550086,12.044395052885816,12.069087475548935,10412400
2006-10-12,12.085550308227539,12.140422483574934,12.060857881651195,12.12670470138801,11042400
2006-10-13,12.07731819152832,12.126703037906639,12.03342066659199,12.104753752138697,16628600
2006-10-16,12.140419006347656,12.20352162361358,12.071829068458685,12.112983449831825,14568800
2006-10-17,12.014217376708984,12.134935326839484,12.003242732169927,12.099268255387402,16209800
2006-10-18,12.060856819152832,12.112985852110425,11.995011051816379,12.049882175730222,20173800
2006-10-19,12.321504592895508,12.384607252117451,12.236452636587623,12.26388925794505,35323000
2006-10-20,12.826323509216309,12.927836364797452,12.373629319662866,12.403809071846403,53627400
2006-10-23,12.971728324890137,13.03208780331201,12.812600218049784,12.826317995891293,30265400
2006-10-24,12.903144836425781,12.960761206708394,12.864734620637295,12.90863215962412,20931600
2006-10-25,12.947041511535645,12.97173394098065,12.894913514529437,12.936067912471053,14119400
2006-10-26,12.93332576751709,12.949787738609977,12.864735791196699,12.938813091214719,15688600
2006-10-27,12.85923957824707,12.900393954230367,12.829059842072553,12.883931994517196,13495800
2006-10-30,12.829061508178711,12.947036284946298,12.80162595169297,12.886677851357792,10973600
2006-10-31,12.81808853149414,12.878446967992481,12.76047218553742,12.845524089302529,12161800
2006-11-01,12.796141624450684,12.867475762559684,12.75773141774567,12.823578233954006,10464600
2006-11-02,12.815349578857422,12.848273517586057,12.733041825235576,12.760477394242901,15476800
2006-11-03,12.757729530334473,12.848268758401371,12.730293971489676,12.840037253468346,11942600
2006-11-06,12.842785835266113,12.867478265322033,12.711093223834482,12.812606082242226,18737000
2006-11-07,12.87295913696289,12.897651556651669,12.776933641839527,12.804369198560659,16346000
2006-11-08,12.861988067626953,12.89491095147645,12.765961507049813,12.801628575069872,14765000
2006-11-09,12.7988862991333,12.897654957330998,12.765962366467722,12.812604081110784,16073600
2006-11-10,12.749506950378418,12.826327399893545,12.697377891121612,12.798891824095323,9880800
2006-11-13,12.733034133911133,12.785162102177365,12.672674662635004,12.733034133911133,13673200
2006-11-14,12.77145004272461,12.78791200951388,12.664449875093615,12.71109159103003,16383000
2006-11-15,12.7988862991333,12.82632186308827,12.722064836179964,12.74950144673461,19823800
2006-11-16,12.93332576751709,12.947043553461173,12.826325571913276,12.840043357857358,14747000
2006-11-17,12.966243743896484,12.996423489483691,12.908628436829769,12.930577723293041,18904800
2006-11-20,12.905889511108398,12.993684592413905,12.883940217482062,12.925094619731484,12338400
2006-11-21,12.892165184020996,12.938805839410211,12.845523482032386,12.859241260288073,12110600
2006-11-22,12.922348976135254,12.944298267284095,12.861990518675553,12.894913408799008,7258600
2006-11-24,12.87295913696289,12.947036396029226,12.853754037938216,12.867472862898184,4565800
2006-11-27,12.77145004272461,12.883937532618694,12.727552511219594,12.856501967902949,18962400
2006-11-28,12.80711555480957,12.88119282644248,12.71657631839171,12.722063639986693,14540000
2006-11-29,12.881690979003906,12.92864451776376,12.804356978219138,12.870642963578442,15077800
2006-11-30,12.934162139892578,12.983876077569962,12.818160142388765,12.829208152359836,21071200
2006-12-01,12.8623628616333,12.903792410018452,12.768456798411185,12.884458901731296,15461000
2006-12-04,12.934162139892578,13.05292455949483,12.854065647996638,12.906542114964898,14004400
2006-12-05,13.257315635681152,13.257315635681152,12.939692027137578,12.978360082762947,26343400
2006-12-06,13.36225414276123,13.406445101354091,13.2379667424702,13.271109698015954,29681000
2006-12-07,13.456178665161133,13.527988677056332,13.39265414020849,13.417511654633177,24190600
2006-12-08,13.508649826049805,13.527983323662989,13.436839842571782,13.472744307512494,16320400
2006-12-11,13.481034278869629,13.577701791560182,13.417509762873427,13.4920812420365,18181400
2006-12-12,13.505887985229492,13.57769796677145,13.450648970568292,13.467219937449052,16227000
2006-12-13,13.489307403564453,13.572165346170953,13.439592427281374,13.572165346170953,12960800
2006-12-14,13.5335054397583,13.580457912088306,13.45893293641377,13.503123932440552,15830200
2006-12-15,13.514174461364746,13.630175452437298,13.362267950085458,13.533507959876838,23760200
2006-12-18,13.505887985229492,13.56112594629412,13.483791957926382,13.492077441366762,10438400
2006-12-19,13.469977378845215,13.494834873372028,13.367785925166618,13.442357355150882,15461400
2006-12-20,13.464459419250488,13.483792917718604,13.43407790634441,13.458935412031506,12103600
2006-12-21,13.439599990844727,13.497600477951309,13.431314507999929,13.464457492975619,14383200
2006-12-22,13.36225414276123,13.478255013969155,13.326348659655919,13.4589215354345,7878000
2006-12-26,13.40921688079834,13.423026368422546,13.342930918763612,13.37054989401202,5260400
2006-12-27,13.447888374328613,13.472745881821139,13.337411382714837,13.447888374328612,9620800
2006-12-28,13.406457901000977,13.481030412372762,13.39540988740592,13.436839411589101,7907000
2006-12-29,13.326361656188965,13.436839687212588,13.309789635456447,13.376076664789936,12339600
2007-01-03,13.417501449584961,13.500359416781682,13.334642428792021,13.356738448629129,15753400
2007-01-04,13.42302417755127,13.45064420188798,13.32635672636328,13.37330918734139,11810400
2007-01-05,13.329117774963379,13.414738267269794,13.30426028065482,13.395404777651597,11607000
2007-01-08,13.414741516113281,13.442360492657832,13.260072508113103,13.260072508113103,17551000
2007-01-09,13.425786018371582,13.486549015200502,13.384356510788926,13.406452529125314,13724000
2007-01-10,13.445123672485352,13.475505180311028,13.359503155303578,13.392647193075119,8928000
2007-01-11,13.461694717407227,13.497599175333974,13.423026676138091,13.464456193556824,11009600
2007-01-12,13.40921688079834,13.442359861815705,13.326358901456743,13.423026368422546,13667200
2007-01-16,13.395408630371094,13.447885109628334,13.351217633734347,13.389884624091943,12685200
2007-01-17,13.42302417755127,13.494835187230517,13.389881201943416,13.403690687313672,14400200
2007-01-18,13.353979110717773,13.533505627211204,13.312550644016845,13.373312605897501,15223000
2007-01-19,13.329117774963379,13.376071288033401,13.276641310799159,13.370547283343036,13008200
2007-01-22,13.265599250793457,13.35398125828466,13.254552290054535,13.287695279464577,12198800
2007-01-23,13.290456771850586,13.320838284510717,13.240741760878848,13.2987433094103,12149000
2007-01-24,13.293218612670898,13.312552109979608,13.240741074035903,13.30978957973746,8641600
2007-01-25,13.240741729736328,13.318076776397492,13.229694769010422,13.276647249486274,11596600
2007-01-26,13.210357666015625,13.284929108352786,13.20207113073656,13.257310133679493,14459000
2007-01-29,13.177215576171875,13.23521606370061,13.135787108049852,13.191025065545883,10077800
2007-01-30,13.204838752746582,13.24350575363948,13.15788521337895,13.210362760530817,8986000
2007-01-31,13.22417163848877,13.249029145563993,13.11645612569503,13.202075608378923,10604400
2007-02-01,13.284932136535645,13.331885668498504,13.215883630517068,13.254551678908605,10398600
2007-02-02,13.323599815368652,13.370552292432595,13.268360801366645,13.284931768049656,10703600
2007-02-05,13.22968864440918,13.32359461548434,13.213116630597275,13.287689112356622,9192800
2007-02-06,13.27112102508545,13.301502532598208,13.218644546215701,13.257311536287773,11168800
2007-02-07,13.265599250793457,13.293219286632356,13.218646770262284,13.265599250793457,9242400
2007-02-08,13.218647956848145,13.271124449257705,13.160647456774937,13.243505464536197,9076600
2007-02-09,13.19102668762207,13.254552243027833,13.157883698329618,13.17997972692234,9828400
2007-02-12,13.235218048095703,13.359505578289575,13.202075057909557,13.215884549354062,13925400
2007-02-13,13.31531047821045,13.37331095659656,13.282167498217865,13.284928974218772,19411800
2007-02-14,13.22417163848877,13.40922114947356,13.182742108831158,13.39541165745326,32846800
2007-02-15,13.215883255004883,13.284931759061536,13.141311797788669,13.254551302297719,19195000
2007-02-16,13.22140884399414,13.284933348896784,13.191027329997947,13.257314365407526,17492200
2007-02-20,13.196545600891113,13.224165625970661,13.11921163786083,13.12473564287674,17828800
2007-02-21,13.138548851013184,13.196549339718512,13.124739361359039,13.13302484443222,16489600
2007-02-22,13.063979148864746,13.185505212558146,13.04188417139115,13.171694666340803,16721000
2007-02-23,13.052926063537598,13.237976564289,13.03083109464575,13.166165544798721,29516200
2007-02-26,13.179976463317871,13.229691461744517,13.141309476451895,13.174452457537535,18709000
2007-02-27,12.812641143798828,13.213122706165983,12.583400642105149,13.11093120799394,30318600
2007-02-28,12.892729759216309,12.953492746934382,12.793299798803455,12.912063245563697,27629200
2007-03-01,12.848546028137207,12.961785534998057,12.779497522646528,12.820925993782987,27342000
2007-03-02,12.674542427062988,12.961784438467527,12.652447455045365,12.829211445572314,34050600
2007-03-05,12.785016059875488,12.901016993746348,12.641395103466714,12.67730060596794,29572400
2007-03-06,12.961786270141602,12.997691790040223,12.85683224083613,12.895499237528504,25097800
2007-03-07,12.912071228027344,12.981119737268132,12.887213722556796,12.914832704814456,26321800
2007-03-08,13.022546768188477,13.080547251970453,12.950735742328131,12.95349827218238,17422400
2007-03-09,13.138548851013184,13.166167830321475,13.022547873602532,13.04464284632986,26127200
2007-03-12,13.243504524230957,13.254552538773831,13.110931510506445,13.138550493266973,26009000
2007-03-13,13.090510368347168,13.315824459500709,13.062693093369822,13.171177812980124,32198000
2007-03-14,13.08494758605957,13.16839729304075,12.959772495027506,13.143362274834336,32553400
2007-03-15,13.096077919006348,13.109986030284368,12.984810906540424,13.05991598078679,19059000
2007-03-16,13.13222885131836,13.160046113929795,13.02374417993394,13.143355756362935,28231600
2007-03-19,13.16562271118164,13.212910513153732,13.084954160748051,13.168403909659533,15513600
2007-03-20,13.246283531188965,13.282445459921366,13.140581064310556,13.190650039551564,14456000
2007-03-21,13.424307823181152,13.44934283757182,13.17673993705147,13.268535343524059,24361000
2007-03-22,13.421527862548828,13.474379092853919,13.32695125070988,13.32695125070988,16486800
2007-03-23,13.365899085998535,13.427096050856061,13.343646319490922,13.388152913627057,16012200
2007-03-26,13.393712997436523,13.404838847327923,13.262974445846675,13.338079503496973,14385200
2007-03-27,13.357548713684082,13.39927303094668,13.310259880775261,13.351985259158312,13230600
2007-03-28,13.326948165893555,13.435432859425767,13.237935029604545,13.293568505065247,22657800
2007-03-29,13.382590293884277,13.463258832402625,13.032099914656072,13.243507045868222,18947800
2007-03-30,13.35198974609375,13.49107297261556,13.24072274042798,13.424312556991937,17937600
2007-04-02,13.496637344360352,13.535580480648274,13.365898763004429,13.407624158239136,22443400
2007-04-03,13.627374649047852,13.6718812379389,13.499417277505403,13.499417277505403,19033200
2007-04-04,13.758111953735352,13.808181998138009,13.61346527669665,13.632936842728709,22203000
2007-04-05,13.774803161621094,13.84434477629338,13.713606201150816,13.72473311416738,17959200
2007-04-09,13.805394172668457,13.894407306400185,13.749760698806062,13.797048461860932,14632800
2007-04-10,13.930570602416992,13.994548732299165,13.81095899316586,13.847119852803376,26317400
2007-04-11,13.808182716369629,13.96395631384942,13.797055803452324,13.93057663621833,24374000
2007-04-12,13.816523551940918,13.894410859715038,13.532794778811251,13.810961158140397,15512400
2007-04-13,13.874939918518066,13.988988096698257,13.766455195507708,13.988988096698257,13829600
2007-04-16,13.983424186706543,14.03071196243121,13.888847574136665,13.911100332971646,20130200
2007-04-17,14.345047950744629,14.514729704812098,14.11973267812897,14.200401226967786,50341600
2007-04-18,14.370075225830078,14.39232904568791,14.283843265561776,14.350603664014741,22955600
2007-04-19,14.39511489868164,14.436840293850807,14.272722033237429,14.286630144586859,18696200
2007-04-20,14.489686012268066,14.506376376190987,14.358947481006368,14.47855910298612,21201000
2007-04-23,14.367295265197754,14.520286575963217,14.350604898868191,14.489688101586,14465800
2007-04-24,14.383984565734863,14.459089622512561,14.289407945472647,14.459089622512561,16117400
2007-04-25,14.392326354980469,14.481339495529342,14.32278477260664,14.461867937354297,21349800
2007-04-26,14.48690128326416,14.528625591217397,14.422922101052814,14.461866274044134,15173600
2007-04-27,14.481345176696777,14.498034483896852,14.395113198720296,14.422929418134256,13926200
2007-04-30,14.517502784729004,14.562009362454278,14.422926174422736,14.442397735857512,23486000
2007-05-01,14.639898300170898,14.642679497348324,14.50081509664575,14.517504401951564,20552200
2007-05-02,14.662151336669922,14.723348286930381,14.60373664475984,14.631552861539692,17473000
2007-05-03,14.717785835266113,14.742820856523906,14.628772662154116,14.687187358048728,16194400
2007-05-04,14.801240921020508,14.83183940933636,14.728918089554854,14.742826203938122,18067000
2007-05-07,14.912501335144043,14.923628246157234,14.784545041854262,14.80123434725341,14151800
2007-05-08,14.762287139892578,14.887462201394053,14.720561765685304,14.842955630762455,15197400
2007-05-09,14.77342414855957,14.854092694583292,14.701100258634485,14.76786069078679,11234400
2007-05-10,14.598170280456543,14.753943822299135,14.584262174837843,14.728908807737298,14908400
2007-05-11,14.656590461730957,14.667717374850316,14.511943774541798,14.589831105256478,12985200
2007-05-14,14.631558418273926,14.731698534505387,14.6037421909301,14.614869106316052,13295800
2007-05-15,14.59261417388916,14.684409627211677,14.509164437036583,14.548107576826387,31652800
2007-05-16,14.670499801635742,14.68440791263374,14.500818088545959,14.603739383276162,16792200
2007-05-17,14.520284652709961,14.740036338566306,14.4924673791785,14.737254080652917,18808400
2007-05-18,14.639898300170898,14.64546175564638,14.489688185694787,14.564793242932843,25827200
2007-05-21,14.439619064331055,14.692750468373726,14.395112478822037,14.639899229681987,26409400
2007-05-22,14.320002555847168,14.456304524580814,14.303312194026619,14.45074107064063,19057200
2007-05-23,14.278285026550293,14.400677888021821,14.253250002485565,14.364515950790361,15167600
2007-05-24,14.253246307373047,14.395110699548006,14.228211289798576,14.261590959524348,17765600
2007-05-25,14.434062004089355,14.514730557668091,14.322796021576329,14.342267595044138,18502400
2007-05-29,14.514720916748047,14.562008689154492,14.439615871349165,14.472995537819624,16716400
2007-05-30,14.756731986999512,14.756731986999512,14.442403558215096,14.567578690131098,29334600
2007-05-31,14.740042686462402,14.870780214441536,14.7094442029606,14.731696970248583,21255400
2007-06-01,14.687183380126953,14.778978786916957,14.584262125551852,14.745598060200354,17018400
2007-06-04,14.65102481842041,14.687186750100532,14.523068520008515,14.676059838641928,20438800
2007-06-05,14.553669929504395,14.645465375859818,14.492472965267446,14.595395325324295,19282600
2007-06-06,14.464651107788086,14.553664260484837,14.420144531439712,14.534192699652452,11280800
2007-06-07,14.292194366455078,14.486911119133506,14.258813624084421,14.46187609291598,18724600
2007-06-08,14.372859001159668,14.386768171626304,14.194832654842244,14.256029609309131,13315200
2007-06-11,14.361735343933105,14.422931246626185,14.275503355024416,14.372861196436737,21803400
2007-06-12,14.225431442260742,14.400676594978489,14.203178679046207,14.281064941978206,22790200
2007-06-13,14.382247924804688,14.421451700258679,14.298239681942878,14.329041885354755,20020800
2007-06-14,14.368241310119629,14.47465121244199,14.301034100243395,14.382242500612323,17990600
2007-06-15,14.443854331970215,14.600669432308525,14.382247789281447,14.446654143809361,26360400
2007-06-18,14.49425983428955,14.564266887536785,14.429853473488837,14.443855738716572,11100800
2007-06-19,14.390645027160645,14.471853438961993,14.312237494785556,14.443851054034464,21341400
2007-06-20,14.418645858764648,14.583862463532007,14.371040531176265,14.432647048682766,19981600
2007-06-21,14.586668014526367,14.603470089973632,14.382247570253659,14.393448953885168,18870400
2007-06-22,14.45505142211914,14.63426925007184,14.404646274479632,14.575463600566582,30157400
2007-06-25,14.49705696105957,14.572664687177046,14.421449234942097,14.469053506077591,21450600
2007-06-26,14.547465324401855,14.656676152392757,14.455055504887822,14.533464127930195,22278800
2007-06-27,14.684673309326172,14.707076070271091,14.491454303177221,14.491454303177221,18175600
2007-06-28,14.737882614135742,14.819089970087377,14.623071109284112,14.6510734984781,16126400
2007-06-29,14.648270606994629,14.827488423889362,14.547460317935728,14.796685161318871,19029200
2007-07-02,14.718281745910645,14.838693950572816,14.651074511685556,14.74348432521721,18294600
2007-07-03,14.813486099243164,14.835887790530412,14.701474438139819,14.78828352890603,8382800
2007-07-05,14.749086380004883,14.84149620876875,14.695881400797852,14.813493813022506,10865400
2007-07-06,14.729483604431152,14.74348586968598,14.645475354016481,14.715482407399183,12349600
2007-07-09,14.757487297058105,14.841495548784005,14.721083329628494,14.765887801763832,19237800
2007-07-10,14.589470863342285,14.824694627455667,14.581070357981332,14.824694627455667,14505200
2007-07-11,14.586668014526367,14.637073172645419,14.505459585532039,14.564265247263352,12185400
2007-07-12,14.737882614135742,14.743483305619076,14.575465765787124,14.603469223203787,23446200
2007-07-13,14.872293472290039,14.914297048927738,14.69867633876473,14.737880104248914,16634800
2007-07-16,15.07951545715332,15.258734370542829,14.942302261794815,14.9535036441734,33549400
2007-07-17,14.889097213745117,15.22793210964656,14.788287970342433,15.213930914859187,33030000
2007-07-18,14.961904525756836,15.00390917662899,14.86109421824178,14.928301445992698,28491200
2007-07-19,15.037513732910156,15.10471989903733,14.961905994850024,15.093519583497969,14462400
2007-07-20,14.900300979614258,15.093521130535516,14.866697893106464,15.048716659117503,22396600
2007-07-23,15.02071762084961,15.051520904313682,14.883504354066426,14.933909532785238,14063800
2007-07-24,14.903096199035645,15.065511945649005,14.830288292998052,14.833089172273127,18704400
2007-07-25,15.13552474975586,15.177529409135845,14.89190050273137,14.973108941147153,25611600
2007-07-26,14.835887908935547,15.18312320654931,14.718276625238511,14.883493239162236,29326200
2007-07-27,14.639869689941406,14.866692850433711,14.623068686497714,14.819087514824092,24074400
2007-07-30,14.670674324035645,15.079515158760309,14.502657864572043,14.858293736385175,19912000
2007-07-31,14.59227466583252,14.805095700633682,14.572672770583328,14.768692791298424,19887000
2007-08-01,14.91710376739502,14.97590943863995,14.61187295750378,14.662278123777408,24743400
2007-08-02,15.026309967041016,15.065513735770722,14.886295896879165,14.886295896879165,19595400
2007-08-03,14.919897079467773,15.191524682910444,14.908696767126669,15.07111251240838,22044200
2007-08-06,15.18592643737793,15.191527128561347,14.883496591031639,14.883496591031639,23334800
2007-08-07,15.25032901763916,15.34273879701138,15.040307957126686,15.107515166508515,22657200
2007-08-08,15.642374038696289,15.64797473038741,15.227932467557642,15.230732279291844,25070400
2007-08-09,15.63957691192627,15.880401371324044,15.348348351657839,15.348348351657839,34244000
2007-08-10,15.395947456359863,15.717980254005921,15.149522386897385,15.513559834052966,29816800
2007-08-13,15.267138481140137,15.429554291121194,15.180329349525326,15.398752084634847,19106400
2007-08-14,15.160719871520996,15.359539549209883,15.06551028290314,15.339937669337589,26200600
2007-08-15,15.073920249938965,15.30914293945965,15.012313697032347,15.166329011075957,14280600
2007-08-16,15.003911018371582,15.202730778030094,14.793889874675827,14.9815082502971,29002000
2007-08-17,15.24753475189209,15.919601749007922,14.886298140067037,15.381948151315257,28468600
2007-08-20,15.267138481140137,15.367948809925627,15.163528340209657,15.227934701773084,15993800
2007-08-21,15.129922866821289,15.359545898725953,15.115921670870572,15.233534066946714,16781600
2007-08-22,15.107521057128906,15.26153634791283,15.059915709375172,15.22513238412736,15279400
2007-08-23,15.115922927856445,15.16912790418262,15.015112599471808,15.087920533626432,13930000
2007-08-24,15.121525764465332,15.32594626235375,15.023516302540413,15.023516302540413,13493400
2007-08-27,15.124319076538086,15.163523912680768,15.037511038492834,15.115918574333078,9995800
2007-08-28,14.91429615020752,15.121517414423037,14.891894457661815,15.121517414423037,15706000
2007-08-29,14.984304428100586,15.037510455262204,14.863893317682889,14.975903926221392,15922800
2007-08-30,14.95350456237793,15.020710724330929,14.877896829013793,14.903099406801838,13982600
2007-08-31,15.059920310974121,15.115926179705411,14.950709454470811,15.057120498237952,15035200
2007-09-04,15.225131034851074,15.244732920947,15.029111105669159,15.029111105669159,12463000
2007-09-05,15.034710884094238,15.21952941907649,14.94230215071442,15.15792395289748,18938600
2007-09-06,15.30633544921875,15.41274642316442,14.897494691720125,14.995504096523769,19000200
2007-09-07,15.286736488342285,15.401547985138961,15.15232310684051,15.286736488342285,23982600
2007-09-10,15.281142234802246,15.407155166865715,15.202734662950778,15.289542740865462,20339400
2007-09-11,15.586365699768066,15.664773234471152,15.31753895088102,15.320338762167896,23866200
2007-09-12,15.732882499694824,15.879392279054205,15.575102489279711,15.665262188148807,18437000
2007-09-13,15.741327285766602,15.834305036381334,15.670889986738917,15.76386773735365,14353000
2007-09-14,15.890657424926758,15.935737259935268,15.682162516269866,15.699067857443573,15459800
2007-09-17,15.575100898742676,15.806135237849944,15.507481668890357,15.77796073787619,21078400
2007-09-18,15.893477439880371,15.899112554667006,15.611728149278141,15.611728149278141,19898800
2007-09-19,15.952640533447266,15.992085252276212,15.74414671255483,15.918830927992163,17220600
2007-09-20,15.865300178527832,15.961094963645895,15.823037362380312,15.935737488914995,12583400
2007-09-21,15.932918548583984,16.020261195749892,15.865299336084187,15.885021695962294,21948800
2007-09-24,15.97518539428711,16.166775002703048,15.921652339860486,15.921652339860486,20872800
2007-09-25,16.065340042114258,16.13577734443423,15.93010055063446,15.97236228715368,15230200
2007-09-26,16.158313751220703,16.25129148908525,16.034344508855714,16.10759881689236,14776200
2007-09-27,16.15268898010254,16.225943330162576,16.096338901324167,16.147053864745867,14274400
2007-09-28,16.192136764526367,16.27947838204509,16.068166352891698,16.144238812361547,13061200
2007-10-01,16.313282012939453,16.434434276482094,16.21748722490081,16.23157447245012,19918600
2007-10-02,16.31891441345215,16.386534699602027,16.24002497526728,16.341454867098104,17565600
2007-10-03,16.220306396484375,16.34991081079393,16.163956324022934,16.27102135422085,12628400
2007-10-04,16.304826736450195,16.378082134075733,16.22030218708746,16.242842640137766,11534600
2007-10-05,16.361169815063477,16.420336866899557,16.293550634332952,16.33299533555701,10896400
2007-10-08,16.28510856628418,16.378086346850523,16.254115972762065,16.33018840919228,6021600
2007-10-09,16.307640075683594,16.307640075683594,16.144225063079393,16.22874958779745,16272000
2007-10-10,16.304826736450195,16.39780449310077,16.27946926416258,16.338637416025655,13236400
2007-10-11,16.113245010375977,16.3921773410085,16.037172556567103,16.34146237180259,12950600
2007-10-12,16.28510856628418,16.321736274518337,16.101972174689866,16.116059424075857,10410200
2007-10-15,16.240026473999023,16.406258573220935,16.1047869640065,16.366813850488292,13801000
2007-10-16,16.273826599121094,16.369621330555965,16.180849960403766,16.248469138600466,14228200
2007-10-17,16.648557662963867,16.744352418948953,16.358356376356568,16.440062814718296,32814800
2007-10-18,16.724637985229492,16.8063455370777,16.558405861546834,16.634478298634313,20771800
2007-10-19,16.555578231811523,16.83451034048511,16.535855878901916,16.772525188604842,24173600
2007-10-22,16.693639755249023,16.73590256429139,16.451335276286944,16.49359808532931,18251800
2007-10-23,16.834522247314453,16.842974383171615,16.69364758415701,16.710552930659723,11663000
2007-10-24,16.95567512512207,16.961310240816236,16.724640755603417,16.764085490674148,18633200
2007-10-25,17.27122688293457,17.31630671491308,16.93031058642284,16.969755305055543,19553800
2007-10-26,17.347299575805664,17.35293468924077,17.152892998840528,17.282497383483953,16187400
2007-10-29,17.423370361328125,17.476902321760303,17.26840851815043,17.32757559148935,16951200
2007-10-30,17.392377853393555,17.51071307537405,17.28531285727556,17.420553418049813,13738200
2007-10-31,17.400829315185547,17.485354931110837,17.223328101233285,17.46563257400503,16640000
2007-11-01,17.158527374267578,17.4684510763522,17.135986921496652,17.364204169256528,20035400
2007-11-02,17.048648834228516,17.22896928020989,16.90777419113535,17.226151185466616,17152600
2007-11-05,17.000749588012695,17.110631622254065,16.882414345514857,17.0458294244909,17845400
2007-11-06,17.18952751159668,17.212067975680046,16.975398476747134,17.01484321410454,15285600
2007-11-07,16.8936824798584,17.186701918049664,16.885230347437403,17.158527426787714,14486800
2007-11-08,17.31912612915039,17.36702298405881,16.876779908271672,17.107814199120885,26091200
2007-11-09,17.138803482055664,17.3980122170019,17.082453429958008,17.32757492057679,18189800
2007-11-12,16.865509033203125,17.14725826242526,16.848603692526112,17.085273088064227,16680200
2007-11-13,17.197969436645508,17.24304926043957,16.80633826591188,16.972570317675196,15326800
2007-11-14,17.28813362121582,17.39801565337632,17.116266412026093,17.271228279811105,16542800
2007-11-15,17.45436668395996,17.583971084214866,17.183887655222392,17.183887655222392,21229800
2007-11-16,17.643142700195312,17.671318277998942,17.383933833132307,17.536078728906713,21454000
2007-11-19,17.552976608276367,17.626232009098914,17.471269074585067,17.609326668573402,16893400
2007-11-20,17.6910343170166,17.77837588999494,17.496626661470216,17.614961896340365,21572400
2007-11-21,17.53888702392578,17.876986265850597,17.50789444115439,17.691031844010126,18067800
2007-11-23,17.552976608276367,17.679763975247695,17.4459116011908,17.62059689559041,9446000
2007-11-26,17.392377853393555,17.71075474788796,17.355750156734363,17.567062055110778,16760800
2007-11-27,17.744565963745117,17.837543723381007,17.378292188221042,17.45436460752641,21048000
2007-11-28,17.84370994567871,17.90886385915617,17.70207072143514,17.90886385915617,25499000
2007-11-29,17.787059783935547,17.894704851075613,17.738901870217624,17.821052906157576,15031600
2007-11-30,17.591598510742188,17.874877076651863,17.48395343374433,17.874877076651863,21684200
2007-12-03,17.619918823242188,17.846541354476322,17.551931523561212,17.591590331449503,17112000
2007-12-04,17.77573013305664,17.82955267192565,17.4244642334397,17.549107494895054,16878600
2007-12-05,17.860719680786133,17.860719680786133,17.69075291338168,17.80123142025681,14622000
2007-12-06,17.86637306213379,17.894700476957578,17.67091130635778,17.82104855004276,15824600
2007-12-07,17.88903045654297,18.05899705540414,17.863535358651664,17.863535358651664,13413800
2007-12-10,17.923030853271484,17.98818477870083,17.812552410994684,17.869208327209424,8487800
2007-12-11,17.83804702758789,18.098662722121905,17.829547937985826,17.91453235027636,17336600
2007-12-12,18.064672470092773,18.14399119543339,17.83238415574053,17.911701800459287,23241400
2007-12-13,18.155309677124023,18.16947446010635,17.954183374602383,18.010839264668025,12418200
2007-12-14,18.076004028320312,18.220475608261847,18.056174616967983,18.061839236821328,19006000
2007-12-17,17.696409225463867,18.17231721839411,17.64258561587111,18.12982500878107,23869200
2007-12-18,17.62558937072754,17.792723736111007,17.529274633377376,17.789890345841485,23756400
2007-12-19,17.804044723510742,17.846536910307574,17.591585950768984,17.619914435507273,14402000
2007-12-20,17.642587661743164,17.83521716124893,17.534942591318455,17.775728925389714,15065400
2007-12-21,17.86637306213379,17.979684882672164,17.648248510001462,17.704904420270648,25318800
2007-12-24,17.906044006347656,17.97403136085593,17.789899797888705,17.85788715239698,4593800
2007-12-26,17.849374771118164,17.974017981498683,17.778555158173425,17.974017981498683,9484400
2007-12-27,17.648252487182617,17.90320360053852,17.622757375847026,17.818220256293838,7729800
2007-12-28,17.639751434326172,17.778557287171925,17.563266113512086,17.65391514248693,8346400
2007-12-31,17.38480567932129,17.619927413026744,17.342314541849866,17.580268585804617,11729200
2008-01-02,17.305477142333984,17.444284030944758,17.20349674753771,17.407457537130256,15453800
2008-01-03,17.486778259277344,17.59159098122806,17.29981452902564,17.32814194124318,13902600
2008-01-04,17.52077865600586,17.764398392622414,17.469788428313002,17.472621819085916,18027400
2008-01-07,17.934362411499023,17.971187838836336,17.534939765548565,17.591594601643422,23782000
2008-01-08,18.008024215698242,18.24314602070784,17.934372240038535,18.01368991853704,20883200
2008-01-09,18.489582061767578,18.50091345824724,18.01650760526696,18.02217330350679,35949600
2008-01-10,18.57174301147461,18.580241023074773,18.330956650745815,18.41310769828746,28944200
2008-01-11,18.064672470092773,18.520750007847486,17.976855734424248,18.520750007847486,32147800
2008-01-14,18.21480941772461,18.277128875712524,18.059005369645927,18.059005369645927,22931400
2008-01-15,18.019346237182617,18.186479521086262,18.005182527773027,18.025011937070808,22999400
2008-01-16,17.747400283813477,18.08733365430209,17.699242371933764,17.925864979133447,25334000
2008-01-17,17.57459831237793,17.934362135272174,17.53493949547366,17.91736503633247,37273000
2008-01-18,17.206340789794922,17.690746884372043,17.04203870075876,17.65958606882229,33758200
2008-01-22,16.653945922851562,16.826746008231698,16.34800457549882,16.63694882112467,37369800
2008-01-23,16.67660140991211,16.696430814202564,16.002399502793676,16.297008258232495,32257400
2008-01-24,16.962718963623047,17.00237778558906,16.696436449356625,16.75875807280142,30700600
2008-01-25,16.546293258666992,17.093020721809935,16.495303054183708,17.093020721809935,25926400
2008-01-28,16.82957649230957,16.832408801979152,16.44431753993985,16.53496657807134,18341400
2008-01-29,16.585954666137695,16.900393949529228,16.509469347424485,16.900393949529228,26833600
2008-01-30,16.364994049072266,16.668101864539736,16.30550584168999,16.571787160892598,23066800
2008-01-31,16.713430404663086,16.815410830879138,16.214860752811067,16.23185677009931,24041800
2008-02-01,16.787086486816406,16.988215079658854,16.574627573186344,16.79558557818451,16520200
2008-02-04,16.608623504638672,16.84091185458142,16.563298974908918,16.832412762329447,15315800
2008-02-05,16.260181427001953,16.571787250750415,16.234686326468253,16.566121552784992,24709600
2008-02-06,16.348011016845703,16.483984642370707,16.308352177812033,16.401834653210525,16816400
2008-02-07,16.55763053894043,16.62278447212719,16.384830460191186,16.384830460191186,23313200
2008-02-08,16.784252166748047,16.934389435267665,16.71060022765025,16.73892764715976,20221800
2008-02-11,16.855073928833008,16.911729855642548,16.656778725310588,16.812581713570374,13635800
2008-02-12,16.97404670715332,17.138348751068587,16.897562465327045,16.94005359071701,23823800
2008-02-13,16.823915481567383,17.124191179460414,16.716269313549567,17.124191179460414,29032000
2008-02-14,16.585954666137695,16.90889195806793,16.543463542822558,16.860735135519782,25045400
2008-02-15,16.645442962646484,16.66244006042261,16.432984103242298,16.55479393575043,20761400
2008-02-19,16.458480834960938,16.727595632907132,16.42165540707508,16.713431923672438,17218000
2008-02-20,16.495311737060547,16.509475450067804,16.302682214420162,16.45282059803878,14832000
2008-02-21,16.427322387695312,16.588791062928035,16.35366936493754,16.52080374043023,17465200
2008-02-22,16.50380516052246,16.523635649965993,16.257353164721735,16.43015322498746,14768400
2008-02-25,16.648279190063477,16.733262532185098,16.486810515845846,16.486810515845846,16020800
2008-02-26,16.860746383666992,16.880575803900328,16.52081176726042,16.600129448193755,16807800
2008-02-27,17.010879516601562,17.112859984318437,16.792754867456487,16.792754867456487,19804800
2008-02-28,16.84374237060547,17.030706170901784,16.755926711458688,16.996713047381157,15436000
2008-02-29,16.560461044311523,16.806914120241224,16.48114340918292,16.74175911353218,15967400
2008-03-03,16.719097137451172,16.7559236448882,16.529299981234246,16.529299981234246,12492600
2008-03-04,16.818241119384766,16.877730414610486,16.57745487134594,16.597284276214005,20105800
2008-03-05,16.906064987182617,16.996714042291746,16.72193348614233,16.781422806563054,16079400
2008-03-06,16.74175453186035,16.954213351201833,16.719092819720405,16.857898643208838,14563200
2008-03-07,16.67093849182129,16.826742523833296,16.571791453833345,16.642611075430924,18332600
2008-03-10,16.617115020751953,16.809744466961387,16.61428271152311,16.6709375410728,18909600
2008-03-11,16.84657859802246,16.90606684435614,16.67661079055497,16.71626962144409,29836200
2008-03-12,16.87508201599121,16.960612954003032,16.809509094400923,16.86367883348455,22601200
2008-03-13,16.80095672607422,16.849423243385797,16.624194887098064,16.729681668212905,17542000
2008-03-14,16.40181541442871,16.80095616003303,16.28777597823536,16.80095616003303,26531400
2008-03-17,16.447433471679688,16.541517078734785,16.179439621024464,16.222205094698815,21630200
2008-03-18,16.93780517578125,16.93780517578125,16.51870747592635,16.592834147194985,18364800
2008-03-19,17.094608306884766,17.342646272292026,16.926399139715112,16.926399139715112,23258600
2008-03-20,17.40251922607422,17.431028815562573,17.11741898090618,17.15163070580643,31028600
2008-03-24,17.442432403564453,17.53366439144106,17.259968427811234,17.462389332939267,14037600
2008-03-25,17.507999420166016,17.62489043317034,17.411065329803595,17.442426518975367,15298200
2008-03-26,17.433879852294922,17.590684764453584,17.391114381901154,17.50800543506355,16547800
2008-03-27,17.4794921875,17.64770133489494,17.45098151734865,17.493746978790245,16830400
2008-03-28,17.374008178710938,17.56217429300849,17.35690286041095,17.55647324528923,13671600
2008-03-31,17.35404396057129,17.448127521992088,17.288471063628297,17.334087039222144,18541400
2008-04-01,17.51656723022461,17.533673644818524,17.362613849166028,17.39397397789738,25873200
2008-04-02,17.237165451049805,17.49660670423866,17.165890369541092,17.49660670423866,18167000
2008-04-03,17.26566505432129,17.362599146459363,17.17728361845192,17.188687885190692,16176200
2008-04-04,17.177289962768555,17.37115821864865,17.163035167865548,17.25711768428231,15262800
2008-04-07,17.211496353149414,17.27992087007448,17.18298677218027,17.18298677218027,16193200
2008-04-08,17.251415252685547,17.268521658818205,17.06895127088832,17.182991803297146,19942800
2008-04-09,17.328388214111328,17.342644092856837,17.194391871984568,17.24856051347659,12995600
2008-04-10,17.48520278930664,17.527967183887416,17.24001634511987,17.35690743042154,14842200
2008-04-11,17.188690185546875,17.533661143781497,17.131669931792757,17.396813187314148,15567600
2008-04-14,17.391115188598633,17.490899840717876,17.148780411982685,17.217203862701265,20029600
2008-04-15,17.374008178710938,17.45383698520491,17.22575592387482,17.39966724373202,23441800
2008-04-16,17.433879852294922,17.63059862344985,17.259968534464537,17.604939558727807,23117600
2008-04-17,17.29988670349121,17.499457135763887,17.25997283455095,17.388268190124194,16659800
2008-04-18,17.13737678527832,17.413924385221392,17.006230926828046,17.32269130154818,22254200
2008-04-21,17.2058048248291,17.231463898545503,17.00623545989207,17.0832115934698,12428800
2008-04-22,17.074649810791016,17.220051513373026,17.020481167467437,17.168733393352422,17274000
2008-04-23,17.197250366210938,17.21720730061977,17.037593803368914,17.037593803368914,18987200
2008-04-24,17.177289962768555,17.391115149027087,17.046144109547065,17.185842622196134,12836600
2008-04-25,16.915002822875977,17.24856968145832,16.8095149194586,17.17729460012998,18802400
2008-04-28,16.815210342407227,17.077503102503023,16.780998621549863,16.91499606896679,16098000
2008-04-29,16.7410888671875,16.820916597934552,16.641303116182417,16.763896324156114,14869000
2008-04-30,16.78384780883789,17.040438413766406,16.732529687852185,16.741083433063743,23359200
2008-05-01,16.84657096862793,16.866527895749158,16.649852220902567,16.709723002266248,15127600
2008-05-02,16.755342483520508,16.963465543716385,16.706874873572872,16.846574480111272,16519000
2008-05-05,16.644153594970703,16.815213317089718,16.575729053580385,16.75534252310518,14121400
2008-05-06,16.612794876098633,16.64415608360953,16.501605931339153,16.607092739499254,13390400
2008-05-07,16.25926971435547,16.6156450883336,16.24786652894238,16.612794563873162,29866200
2008-05-08,16.04829216003418,16.41322010532716,15.979867626506213,16.350497706890778,28002800
2008-05-09,16.008384704589844,16.06255337826832,15.91715268177794,16.048298578623616,20830000
2008-05-12,16.07965850830078,16.09676383148196,15.96561794509298,16.01693608977935,17243400
2008-05-13,16.10816192626953,16.18228750262024,16.042589008228635,16.048291142958842,20876800
2008-05-14,16.119577407836914,16.250723335138353,16.019791612007925,16.148087013747052,20732200
2008-05-15,16.25356674194336,16.299182743963677,16.039741528553495,16.108166075369613,16503200
2008-05-16,16.270671844482422,16.36475545285602,16.187992507591296,16.2678213203974,17961000
2008-05-19,16.39896583557129,16.490197824810735,16.233607175342858,16.279223169962577,20009200
2008-05-20,16.276369094848633,16.43602558496853,16.239305767440808,16.393260123530975,17955200
2008-05-21,16.150928497314453,16.336242994647996,16.093908233684488,16.225054078733656,25203800
2008-05-22,16.612794876098633,16.655559269236935,16.116719867666315,16.15948534837597,25230600
2008-05-23,16.715431213378906,16.832322295112828,16.53866824094509,16.56717892403346,30583000
2008-05-27,16.70402717590332,16.735388383957478,16.567179157861755,16.692622902507015,15614200
2008-05-28,16.37615966796875,16.775300494419472,16.347650075038523,16.775300494419472,24045600
2008-05-29,16.498754501342773,16.57288119038143,16.290631407239626,16.401820353226245,24705200
2008-05-30,16.324844360351562,16.532968557588806,16.256420890430135,16.447437588829853,26831600
2008-06-02,16.250715255737305,16.356202050245837,16.093910326047066,16.26497005160529,19121200
2008-06-03,16.07965850830078,16.32199334565309,16.048297299040065,16.210804394689763,18839800
2008-06-04,16.16518211364746,16.242159300804232,16.036886801719508,16.036886801719508,14971800
2008-06-05,16.304885864257812,16.324842798373016,16.096762774505457,16.17944212302349,15701400
2008-06-06,15.908592224121094,16.28207390773524,15.891486906788456,16.253563232895775,24947800
2008-06-09,15.925701141357422,16.036890071844145,15.823064870886224,15.823064870886224,19351600
2008-06-10,16.538665771484375,16.706874970089952,15.96561472161488,16.002678060309993,32680000
2008-06-11,16.398040771484375,16.596057717362278,16.360733056432554,16.564489734990897,23459000
2008-06-12,16.398040771484375,16.527182019939076,16.286118721070988,16.44682795189707,19044000
2008-06-13,15.904433250427246,16.386559803966865,15.473963191534157,16.36647128879788,61756600
2008-06-16,15.548584938049316,15.933138390839192,15.508407891372263,15.904439718396715,35384800
2008-06-17,15.485447883605957,15.697813666039337,15.485447883605957,15.654766207720764,28668600
2008-06-18,15.255860328674316,15.49692362891377,15.241511544262627,15.433787663811842,26037200
2008-06-19,15.313258171081543,15.382132781395882,15.20994516086784,15.324737637714662,25221200
2008-06-20,15.399353981018066,15.465359280616296,15.189858614099602,15.230035657790495,33273000
2008-06-23,15.284564018249512,15.453882369492506,15.215689387595509,15.453882369492506,17910600
2008-06-24,15.316134452819824,15.35918192489157,15.10376969728069,15.209952075050257,21827400
2008-06-25,15.52562427520752,15.663375698142477,15.324739064140484,15.341957170950632,23750600
2008-06-26,15.273082733154297,15.67485425473754,15.247254477894193,15.473967946574765,30532200
2008-06-27,14.877042770385742,15.278815195497629,14.874173452163449,15.258725588974427,35673200
2008-06-30,14.917230606079102,15.181252958308926,14.762261035949154,14.882793288742194,30142000
2008-07-01,14.635982513427734,14.900003633291837,14.613023584008939,14.900003633291837,35340600
2008-07-02,14.742170333862305,14.796697264236094,14.598680255602714,14.638857302356612,32505400
2008-07-03,14.773734092712402,14.851218844137826,14.690509608432269,14.742166109382552,14904400
2008-07-07,14.71921157836914,14.859831233292741,14.635987075398319,14.828263242873302,23402400
2008-07-08,14.770868301391602,14.831133868646159,14.635987283947468,14.658946220849606,26657400
2008-07-09,14.604416847229004,14.819651918299762,14.595807794703672,14.816782599038712,23205400
2008-07-10,14.360488891601562,14.62164081928,14.262915583746842,14.62164081928,30312600
2008-07-11,14.426487922668457,14.492493205900539,14.211252875056072,14.251429908784987,26927400
2008-07-14,14.624509811401367,14.710603647049446,14.503978660442558,14.503978660442558,25123000
2008-07-15,14.862695693969727,14.922961236224111,14.518319446493095,14.535538642026596,38457400
2008-07-16,15.020543098449707,15.095157465716213,14.707734649433041,14.888532474578373,27188400
2008-07-17,14.446576118469238,14.739295908085662,14.262909057080588,14.6933791427385,79214400
2008-07-18,14.357614517211914,14.48675578533862,14.24856286389802,14.48675578533862,36493800
2008-07-21,14.234212875366211,14.37770292892733,14.188296102016341,14.37770292892733,21760400
2008-07-22,14.736431121826172,14.95740598154944,14.366227538795526,14.383445648161976,43142600
2008-07-23,15.066457748413086,15.08080653684405,14.641727261350717,14.785217335145127,25824200
2008-07-24,14.882786750793457,15.178375875464488,14.788082801291806,15.04636530471258,21340400
2008-07-25,14.940184593200684,14.994710418798206,14.788084393810177,14.994710418798206,16853600
2008-07-28,14.679032325744629,14.940184168913717,14.66755285918414,14.922964969072986,14040000
2008-07-29,14.799566268920898,14.868441986705285,14.670424982289171,14.696253239615517,16244800
2008-07-30,14.724946975708008,14.922962819006932,14.63598276479526,14.87991537297837,19487000
2008-07-31,14.779479026794434,14.879921650244585,14.699124928034312,14.779479026794434,21216800
2008-08-01,15.250125885009766,15.273084823824751,14.848354308429649,14.905749465982195,33156000
2008-08-04,15.468233108520508,15.51988963173465,15.181252910549757,15.24438780967837,22279000
2008-08-05,15.758079528808594,15.783907785337933,15.511276431915443,15.52562522004455,25483200
2008-08-06,15.887222290039062,15.921659603702388,15.669116749105592,15.74660152590492,20380000
2008-08-07,15.499795913696289,15.829823492024426,15.451009818413189,15.829823492024426,19928800
2008-08-08,15.901573181152344,15.936010499367113,15.413706611682228,15.496931134215313,19658200
2008-08-11,15.884356498718262,16.022107982951447,15.74086637282291,15.824090908580484,14183600
2008-08-12,15.723647117614746,16.01923640519675,15.531369793598271,15.838438553157344,16690800
2008-08-13,15.844171524047852,15.910176817619206,15.611718336849217,15.657635110409387,19036800
2008-08-14,15.789650917053223,16.024974596181575,15.71216613079253,15.798259972834655,15411800
2008-08-15,15.801135063171387,15.961843323935769,15.712170779717589,15.847051865495912,23892000
2008-08-18,15.591629028320312,15.887218174743648,15.479705872106859,15.803993684767814,21137600
2008-08-19,15.591629028320312,15.666243371053769,15.491185338601907,15.56293036208269,16564200
2008-08-20,15.597375869750977,15.709299084826753,15.46823563536226,15.654772137669713,11033200
2008-08-21,15.356306076049805,15.565802531614164,15.273082671430078,15.55145264950586,11670800
2008-08-22,15.603107452392578,15.643284490517788,15.327606824040698,15.387872381228512,14812600
2008-08-25,15.373529434204102,15.666249373529519,15.316133174479837,15.537108062835571,12329200
2008-08-26,15.359177589416504,15.465359937213705,15.252995241619306,15.373526377809254,9461400
2008-08-27,15.436665534973145,15.499800435833386,15.27308690522268,15.379269274856247,13595400
2008-08-28,15.24438190460205,15.37352316261314,15.181247029929413,15.28168962241462,20861000
2008-08-29,14.943050384521484,15.23577015256313,14.934441333760306,15.23577015256313,17841200
2008-09-02,14.911487579345703,15.198467714874647,14.897138791517724,14.986103027638938,25723800
2008-09-03,14.825394630432129,14.934447394881108,14.713472546145569,14.82539463043213,22448800
2008-09-04,14.839742660522461,15.003321251462866,14.69338327195454,14.848352809079877,25899000
2008-09-05,14.902881622314453,14.954538145022923,14.773740315543279,14.834005893788971,18284200
2008-09-08,15.319002151489258,15.36204852118449,15.009063034919599,15.129595278499743,22306800
2008-09-09,15.462491989135742,15.646159124238062,15.258735234810532,15.258735234810532,29463600
2008-09-10,15.442404747009277,15.525628171878028,15.298914648952207,15.517019116312225,24609000
2008-09-11,15.65050220489502,15.77478143914477,15.332578146512237,15.373040947890546,27409200
2008-09-12,15.751653671264648,15.766104509173001,15.477083340892914,15.563789470871289,20364200
2008-09-15,15.823912620544434,16.11871441262786,15.474197190706368,15.537781112704234,32162400
2008-09-16,15.852810859680176,15.904834758896557,15.520437173051377,15.615813586595893,32829400
2008-09-17,15.219855308532715,15.864372408215141,15.216965581842542,15.76899599204317,37536000
2008-09-18,15.430842399597168,15.618706629228154,15.058004769883729,15.381709322556455,40347200
2008-09-19,15.237196922302246,15.823909563348863,14.485741194763218,15.823909563348863,47807400
2008-09-22,14.849906921386719,15.219853638726178,14.829675529190228,15.17650002543188,23355200
2008-09-23,14.64759349822998,15.12736861317869,14.615800992008896,14.864359383342862,25686000
2008-09-24,14.505970001220703,14.768979183306051,14.413483328566171,14.740077511549549,21740600
2008-09-25,14.873021125793457,15.095567439025812,14.555098451191622,14.566659556366005,26174800
2008-09-26,15.167828559875488,15.219852450756704,14.693834089649396,14.722735761237582,27516800
2008-09-29,14.748754501342773,15.306565619694254,14.569561629381095,15.052227705467551,39031200
2008-09-30,15.283441543579102,15.28922209995016,14.742971099433223,14.974188944162007,35193200
2008-10-01,15.653388023376465,15.68807025839262,15.179393435551624,15.208295114310358,29096400
2008-10-02,15.491534233093262,15.685178989834265,15.289220296610775,15.332572810487767,30669000
2008-10-03,15.193840026855469,15.896161429107366,15.141816137612508,15.543555313689094,27695800
2008-10-06,14.716957092285156,15.11291687945689,14.081111415641269,14.838346554072535,46243600
2008-10-07,14.24874496459961,14.89904266574539,14.18516105020688,14.82678736561808,34820200
2008-10-08,13.702493667602539,14.335449634932628,13.425033608158795,14.060880404613576,49084200
2008-10-09,12.514619827270508,13.76608236126184,12.514619827270508,13.748740689458566,46288400
2008-10-10,11.994380950927734,13.020406088874893,11.644665529977402,12.153342405675296,73567200
2008-10-13,13.659140586853027,13.737176438357242,12.488605019346412,12.552190032245027,50478400
2008-10-14,12.638893127441406,13.612893968638419,12.326750899006063,13.612893968638419,57665600
2008-10-15,12.777626037597656,13.679372908388803,12.690919904548434,13.534862319130667,56256000
2008-10-16,13.231389045715332,13.2689621071932,12.176462417922256,12.948148426368357,53069400
2008-10-17,12.774738311767578,13.344109372903102,12.40190066847912,12.994393956731047,42030000
2008-10-20,13.427926063537598,13.546424723580651,12.870115002168749,13.031967287666198,27773000
2008-10-21,13.3036470413208,13.621571060073252,13.294976757114414,13.39902457770509,21927000
2008-10-22,13.1157808303833,13.358558654083534,12.780516321704717,13.17936473722576,31891200
2008-10-23,12.4452543258667,13.179367398292234,11.994380818664482,13.179367398292234,56321200
2008-10-24,12.026174545288086,12.427913911607572,11.84987140409094,11.84987140409094,40797600
2008-10-27,11.852758407592773,12.491496069529878,11.849868680831866,11.893222299943805,29412000
2008-10-28,13.078208923339844,13.098440318554896,11.884551093009948,12.011721122965541,36079600
2008-10-29,12.673577308654785,13.237168785987084,12.57242034459462,12.890343176665036,29859200
2008-10-30,12.907689094543457,13.150466990782116,12.679362040426314,12.988614692446815,25942200
2008-10-31,12.734269142150879,13.294969638699003,12.572416940943622,13.046411334266685,31870200
2008-11-03,13.136012077331543,13.193816530430485,12.763174512498024,12.864331478524992,18576200
2008-11-04,13.3036470413208,13.58110826373877,13.182258652317355,13.497291841315336,23774200
2008-11-05,12.92791748046875,13.422143442507165,12.890344417688375,13.214048938902126,23496800
2008-11-06,12.85855770111084,13.138907603212349,12.676473979364387,12.933702751537862,34002800
2008-11-07,13.367229461669922,13.560873121414584,12.85855267429504,12.95970964542609,29180800
2008-11-10,13.266069412231445,13.667808579399859,13.037742470342275,13.546419139681955,22561600
2008-11-11,12.844099044799805,13.231387415901185,12.696698748740452,13.176473796296358,27487000
2008-11-12,12.667797088623047,12.881672114692636,12.372995393677694,12.62733320292109,35027800
2008-11-13,13.375901222229004,13.401913175183932,12.5203987067556,12.673579594974385,37546800
2008-11-14,13.011734962463379,13.63602072984926,13.000173849495688,13.176476963403513,33382200
2008-11-17,12.70826244354248,12.985722529336037,12.485715988522117,12.89612556094237,30672000
2008-11-18,12.569526672363281,12.644671664571902,12.147555077178671,12.520392517723595,38923200
2008-11-19,12.216922760009766,12.89034138997305,12.199581096062465,12.615772210573192,32379800
2008-11-20,11.870097160339355,12.647563566413838,11.84986577039702,12.138886886748168,42268800
2008-11-21,12.716931343078613,12.800747746082958,11.705357258970087,12.034841212818058,50104800
2008-11-24,13.072427749633789,13.326766695001114,12.630225700069111,12.858552695313321,36720800
2008-11-25,13.026185989379883,13.442376139434776,12.792078409801764,13.245842728805178,32370600
2008-11-26,13.227307319641113,13.247710745245518,12.752196597917216,12.900850286164056,21349000
2008-11-28,13.661606788635254,13.67326620385978,13.174837877993115,13.174837877993115,12565600
2008-12-01,12.921253204345703,13.5566758408123,12.912508085965989,13.463402732051891,25153200
2008-12-02,12.80466365814209,13.122375591769533,12.516099159491953,13.122375591769533,28670000
2008-12-03,13.448822021484375,13.52460707786983,12.679318718539495,12.72886954533549,39894200
2008-12-04,13.043669700622559,13.574160759271072,12.886270961400829,13.282682106743193,32059200
2008-12-05,13.402191162109375,13.434253998615628,12.656005252546835,12.921251950224734,28276200
2008-12-08,13.402191162109375,13.71698870754926,13.244792389389431,13.55084592920145,26908400
2008-12-09,13.066988945007324,13.568331487316808,12.935823324788647,13.27102311878876,26635000
2008-12-10,13.206902503967285,13.3730453017751,12.96206031058158,12.96206031058158,29363800
2008-12-11,12.889195442199707,13.303094886384544,12.795922296695979,13.169014878710886,33283400
2008-12-12,12.9912109375,13.011614365977646,12.533589278381152,12.752198393701754,30458000
2008-12-15,13.107797622680664,13.195241011153108,12.778426377134677,13.081564494948628,20399200
2008-12-16,13.542104721069336,13.63829325835626,13.037846532734672,13.19524535089325,35063000
2008-12-17,13.256454467773438,13.53918923350258,13.119459088601046,13.431342398783503,26407400
2008-12-18,13.169013023376465,13.539191253899139,13.049506753042644,13.428428992254506,31094400
2008-12-19,12.950398445129395,13.410934202811104,12.877528771732045,13.247706846018943,50547600
2008-12-22,13.017441749572754,13.061164009585006,12.825065806944714,13.03784517440427,22376800
2008-12-23,12.81632137298584,13.154436688526202,12.784258531631485,13.03784474031095,20176200
2008-12-24,12.85421085357666,12.927080532138666,12.82506342691308,12.83963714024487,5316600
2008-12-26,12.994119644165039,13.096136733918422,12.903760856167125,12.944567692068478,9626600
2008-12-29,12.944570541381836,13.075736194152828,12.743450615068404,13.075736194152828,13950600
2008-12-30,13.09614372253418,13.157354009050419,12.982467158460171,13.005784886317247,16001800
2008-12-31,13.19524097442627,13.262280942465315,13.134030713856227,13.166092437081243,15550400
2009-01-02,13.378870964050293,13.40801838534425,13.12819913807201,13.233131633774812,16355800
2009-01-05,13.244791984558105,13.375957624482272,13.169008010325822,13.282684527625758,20237200
2009-01-06,13.03200912475586,13.399272816833859,12.9591394681264,13.320573454245716,21307800
2009-01-07,13.09614372253418,13.169013428930697,12.889194023224908,12.889194023224908,21581000
2009-01-08,13.186498641967773,13.198156946481706,12.988293010489953,13.069906701603237,20087000
2009-01-09,12.99994945526123,13.192325351009659,12.897932355963954,13.183581345899317,19802400
2009-01-12,12.746360778808594,13.020350299801956,12.682235122274983,12.959140052330477,20469800
2009-01-13,12.830894470214844,12.918337871210765,12.71430252761817,12.766768790596355,22602400
2009-01-14,12.422823905944824,12.688069521668666,12.320806789090723,12.67932551505351,27053600
2009-01-15,12.638520240783691,12.647264248486769,12.358700875252019,12.408251734773884,28061600
2009-01-16,12.778425216674805,12.964971391649152,12.670578417749557,12.795914337542241,28353200
2009-01-20,12.498603820800781,12.97079888459251,12.498603820800781,12.7609339176172,28331800
2009-01-21,12.618114471435547,12.664751023696143,12.288743195649591,12.65017730959654,23800600
2009-01-22,12.568565368652344,12.600628214107864,12.32955284495183,12.428655680040094,23489400
2009-01-23,12.300405502319336,12.43448548258982,12.113859249438075,12.431571183846275,31255800
2009-01-26,12.542327880859375,12.64434609117648,12.277082313079669,12.3295485670935,25210800
2009-01-27,12.629776954650879,12.80466379012406,12.53358841680826,12.615202125108627,19822800
2009-01-28,12.784255027770996,12.825061864891182,12.606452855830536,12.825061864891182,18563600
2009-01-29,12.69389820098877,12.967888913019314,12.63268793583845,12.737620454326478,21258400
2009-01-30,12.451972961425781,12.73179230368399,12.396591285503709,12.661836912167825,22607400
2009-02-02,12.31205940246582,12.38784336676642,12.10510870352777,12.303314286348265,15966800
2009-02-03,12.626859664916992,12.679325930131865,12.2362780860414,12.38784717311734,17950000
2009-02-04,12.358695983886719,12.693895785376935,12.323717743111573,12.635599829321238,18307000
2009-02-05,12.443232536315918,12.50152853258562,12.21587937395809,12.306238223771311,22119800
2009-02-06,12.69389820098877,12.734705044422316,12.434482314672856,12.45488573638963,18722400
2009-02-09,12.332466125488281,12.638518585959533,12.242107314075438,12.626859169279841,19688400
2009-02-10,11.854439735412598,12.332465799516152,11.740763205548248,12.24502128863298,45488000
2009-02-11,12.029330253601074,12.12260338099131,11.93897142498405,11.93897142498405,21237400
2009-02-12,12.938739776611328,12.956228899520234,12.285828087988104,12.431567443186527,61226200
2009-02-13,12.781340599060059,12.935825066744187,12.734704051358039,12.88335881159154,22736400
2009-02-17,12.416993141174316,12.58896563202842,12.370356590022512,12.533585075005368,26421200
2009-02-18,12.440311431884766,12.54524394539037,12.314975497631188,12.469458858123861,18108200
2009-02-19,12.6210298538208,12.743451508962078,12.440313337272755,12.565649290723087,19813000
2009-02-20,12.486946105957031,12.670577977017496,12.352866186345905,12.524838643900305,30173200
2009-02-23,12.26834487915039,12.588971170386625,12.218792896306349,12.539420299446157,23461400
2009-02-24,12.55107593536377,12.591882784280223,12.297488610977403,12.451973111465282,26216000
2009-02-25,12.34995174407959,12.615197306646786,12.288741486233995,12.516094507890749,26349400
2009-02-26,11.971028327941895,12.46654226614228,11.953539208274998,12.46654226614228,21334000
2009-02-27,11.906904220581055,12.035155557725291,11.790313409971633,11.938967054867113,35448000
2009-03-02,11.568792343139648,11.86901624173144,11.548388917553245,11.79031683793961,31199000
2009-03-03,11.318115234375,11.746588045367778,11.297710708229932,11.603764145671079,37264600
2009-03-04,11.5804443359375,11.752416749830312,11.321028566755693,11.44053474509459,33883400
2009-03-05,11.032469749450684,11.495920985704801,10.91296351177022,11.414307295162965,36464600
2009-03-06,11.396818161010742,11.428880999954501,11.10533942429023,11.119914250648767,33002400
2009-03-09,11.294804573059082,11.621260548740976,11.288974863076827,11.507583983845713,35127400
2009-03-10,11.414305686950684,11.562959332622146,11.26565204127922,11.55130102983243,35181400
2009-03-11,11.65584659576416,11.76778074260109,11.502673848426149,11.535075927010595,27254000
2009-03-12,12.02994155883789,12.03583294809225,11.591042610562786,11.658793025154113,25473600
2009-03-13,12.141877174377441,12.209626473486969,11.909172327217926,12.100638568281878,24396800
2009-03-16,12.156607627868652,12.374583483830023,12.112422755722656,12.212574158741335,23204000
2009-03-17,12.209624290466309,12.27442732117241,12.024049472548404,12.177222213279487,20241600
2009-03-18,12.268535614013672,12.445272765956744,12.077069429685835,12.165438005657371,28792800
2009-03-19,12.424654960632324,12.445274260045505,12.312720818341099,12.327448728826578,22777600
2009-03-20,12.560159683227539,12.707441107512418,12.462954527506927,12.465899661578664,38328800
2009-03-23,13.001993179321289,13.001993179321289,12.666191990068995,12.713321961829543,26501400
2009-03-24,12.966654777526855,13.060914784990526,12.786971287153007,12.842937815438335,21878800
2009-03-25,13.181682586669922,13.222921190394462,12.969597054752079,13.078586077358569,24485400
2009-03-26,13.211136817932129,13.255321672975732,12.907737592546521,13.240593762517044,27807800
2009-03-27,13.28477954864502,13.31423649778603,13.087423045904966,13.087423045904966,23103600
2009-03-30,12.937199592590332,13.155176591959744,12.792864428022598,13.108046581780963,22905800
2009-03-31,12.946032524108887,13.172845966583115,12.919521832815336,13.040292510115362,23836600
2009-04-01,13.21408748626709,13.252380965179492,12.813481895494643,12.890067729651532,21254800
2009-04-02,13.355475425720215,13.499811670830514,13.152227528239417,13.343692645779017,24926400
2009-04-03,13.246485710144043,13.47918940200837,13.102149484759002,13.364310122450677,17886600
2009-04-06,13.25238037109375,13.32307481119745,13.11982689131448,13.166956892606235,16084000
2009-04-07,13.143391609191895,13.305400921842907,13.096261606899457,13.208195783719455,15666200
2009-04-08,13.25238037109375,13.296564115241598,13.113935500694527,13.164010635462326,13595600
2009-04-09,13.25238037109375,13.47035620569267,13.202304112658085,13.464464815072718,16203000
2009-04-13,13.17579174041748,13.246487295194834,13.078586616724808,13.24059590532441,13174400
2009-04-14,13.022619247436523,13.137498543145623,12.90479481856441,13.137498543145623,16458200
2009-04-15,13.26415729522705,13.290667981722319,12.990213909331775,13.019670851919553,16665600
2009-04-16,13.28477954864502,13.405550230953876,13.060912353511915,13.364311625824177,17325600
2009-04-17,13.26121711730957,13.384932951397168,13.155174331709983,13.328966425072,22426000
2009-04-20,13.057967185974121,13.255323688193387,12.904794421848205,13.211138826432324,27665400
2009-04-21,12.692708969116211,13.240595865054248,12.554264116751646,13.007891022385044,37523000
2009-04-22,12.645583152770996,12.731006648359433,12.54837687358386,12.725115256560082,28969200
2009-04-23,12.642635345458984,12.710385781013448,12.574886033572472,12.686820216704426,28034600
2009-04-24,12.60433578491211,12.692704353227715,12.539531643769255,12.65146576292492,29316200
2009-04-27,12.442326545715332,12.657357140455044,12.395196567740427,12.495346787728206,23763600
2009-04-28,12.454111099243164,12.53364316629426,12.371633899486874,12.404035977581866,18167600
2009-04-29,12.580780029296875,12.692714235602997,12.477683473270307,12.4806286075847,20426400
2009-04-30,12.680923461914062,12.981377537761837,12.607282790098454,12.704489016255446,35959200
2009-05-01,12.510078430175781,12.728054202434686,12.424654976118962,12.707434902995805,21220200
2009-05-04,12.71627426147461,12.736894689181307,12.43938566176094,12.548373572204818,26789000
2009-05-05,12.707435607910156,12.887119047560097,12.672088396006636,12.76045698759924,22393600
2009-05-06,12.648530006408691,12.839996333079156,12.592563462208334,12.813485628211987,19488600
2009-05-07,12.607282638549805,12.760455368925117,12.539533356133937,12.760455368925117,27057600
2009-05-08,12.642635345458984,12.716276048422753,12.521864637545123,12.651472993908845,24158600
2009-05-11,12.592557907104492,12.72216511613091,12.530699997591958,12.586666517103144,18437800
2009-05-12,13.078590393066406,13.16401276168328,12.62496335507205,12.654419189261585,37052200
2009-05-13,12.851771354675293,13.07563851990944,12.795803720616084,12.969595764499951,23717800
2009-05-14,13.225872039794922,13.305403018213983,12.934254332142121,12.937199466144726,34590000
2009-05-15,13.24354362487793,13.278891971003969,13.14633848220118,13.205251268743302,34102200
2009-05-18,13.570505142211914,13.585233054261652,13.161063119423824,13.296561708149673,28462000
2009-05-19,13.73840618133545,13.823829646657321,13.496864821483577,13.591124809539542,31889400
2009-05-20,13.844452857971191,13.929876347413463,13.708954227339456,13.78848632540626,33379200
2009-05-21,13.750187873840332,13.791426474896543,13.667710671727908,13.738405095347813,28366400
2009-05-22,13.932816505432129,14.053587176328296,13.738405154143962,13.747241676217367,24576400
2009-05-26,13.9063081741333,13.985840257285863,13.80910304383648,13.844450261792797,28784800
2009-05-27,13.735461235046387,13.90041565455303,13.708950542816003,13.882742608844579,19064800
2009-05-28,13.814992904663086,13.903361501604579,13.655928755967793,13.741352219933894,18940200
2009-05-29,14.480705261230469,14.480705261230469,13.829721830205857,13.84739487668849,45436800
2009-06-01,14.43946647644043,14.566128551786484,14.351097874114002,14.507215775679617,42668400
2009-06-02,14.627984046936035,14.707516113004662,14.398225494071704,14.436517837104054,33442000
2009-06-03,14.460086822509766,14.580857516589349,14.36582682340706,14.533727517037995,26862800
2009-06-04,14.657443046569824,14.666280693827705,14.348152360571213,14.474814442478763,21710200
2009-06-05,14.56318473815918,14.710466141301165,14.501326818519848,14.701629616686384,19833400
2009-06-08,14.545511245727539,14.619151945054698,14.377610541155047,14.501326376664084,15849400
2009-06-09,14.460086822509766,14.61031334493351,14.392337518383934,14.583802649956636,20304400
2009-06-10,14.259783744812012,14.539618602891384,14.153740967125696,14.521944432054397,28236200
2009-06-11,14.432090759277344,14.619249614706026,14.283551337547106,14.295433630003478,20569000
2009-06-12,14.524182319641113,14.568744592852164,14.402380057232017,14.46179604375819,17240800
2009-06-15,14.29246711730957,14.455860297739957,14.289495693460823,14.441006578294676,17630000
2009-06-16,14.209277153015137,14.357816527979047,14.20630573088718,14.316224551046135,15866200
2009-06-17,14.238986015319824,14.449911677125094,14.212248879790591,14.224132302973718,16653800
2009-06-18,14.720251083374023,14.74698821483789,14.247895849689359,14.256808982354272,24154600
2009-06-19,14.50041389465332,14.821258348699097,14.47070534031035,14.773725795015816,30718400
2009-06-22,14.256808280944824,14.500412740846055,14.256808280944822,14.414259640004907,21359600
2009-06-23,14.200369834899902,14.417237275161831,14.185516117974062,14.316230413493786,18727000
2009-06-24,14.111237525939941,14.405345922485715,14.069646691396454,14.295425993174783,17777000
2009-06-25,14.215217590332031,14.268691855452095,14.016175373813828,14.087473638463594,20630200
2009-06-26,14.298397064208984,14.345929607274453,14.149857725471247,14.176594851774649,26200600
2009-06-29,14.345938682556152,14.408324972308096,14.295434686138435,14.301376399438515,17526600
2009-06-30,14.256808280944824,14.334048249559567,14.20333402064793,14.322164828767951,31447400
2009-07-01,14.61033821105957,14.735110786460936,14.3815873562245,14.40238278545806,24212400
2009-07-02,14.52121353149414,14.68460666138351,14.488534678863106,14.488534678863106,22199200
2009-07-06,14.556862831115723,14.571716546126964,14.372674271791544,14.461797695124805,16671800
2009-07-07,14.44991397857666,14.607365394400905,14.42317683878898,14.476651118364343,17109000
2009-07-08,14.41129207611084,14.521212047961054,14.310285238873096,14.423175500083678,21321000
2009-07-09,14.470706939697266,14.512297787108816,14.411290957709795,14.473678362092718,17427000
2009-07-10,14.351881980895996,14.518245438607897,14.26572882842887,14.408326563581669,15619200
2009-07-13,14.571714401245117,14.610334961202245,14.28948932451037,14.372672156207697,20608400
2009-07-14,14.643013000488281,14.660837001587234,14.479619901909555,14.562801595746233,15369200
2009-07-15,15.011398315429688,15.026253168884208,14.67272850876484,14.696495367679107,20127200
2009-07-16,15.088634490966797,15.11537163178293,14.901474505253875,14.957919076636449,15817800
2009-07-17,14.949010848999023,15.017338863168494,14.862857692029037,14.946040558498664,19808400
2009-07-20,15.159932136535645,15.159932136535643,14.874736735401394,15.035159573514079,19104800
2009-07-21,14.957916259765625,15.100515072774712,14.794523155888669,15.100515072774712,28738600
2009-07-22,14.595484733581543,14.95494988280031,14.512301882021276,14.94900816959844,28358800
2009-07-23,14.61033821105957,14.859884495128199,14.521214781020609,14.595484494930725,26749000
2009-07-24,14.66381549835205,14.74699723231889,14.509334325794976,14.678669217522398,16574000
2009-07-27,14.711342811584473,14.732138237629423,14.601423969166055,14.663810247300908,16257600
2009-07-28,14.672720909118652,14.779669452307093,14.556860365086383,14.68460433242084,16079600
2009-07-29,14.64004135131836,14.836113293228317,14.58359679327016,14.681632197592355,18125000
2009-07-30,14.755903244018555,15.002479188510103,14.720254105835492,14.800465516696633,19436600
2009-07-31,14.806408882141113,14.913357441899672,14.705402034954231,14.74699288969016,16822200
2009-08-03,14.735105514526367,14.883644889202099,14.645982116374027,14.862849467408736,18436000
2009-08-04,14.705400466918945,14.898502138477687,14.66083819401595,14.723225602733278,17580200
2009-08-05,14.607361793518066,14.732135459524367,14.556858949294082,14.708368615231542,15010000
2009-08-06,14.672720909118652,14.72025346906178,14.616276348331697,14.678662620769746,13811600
2009-08-07,14.657867431640625,14.779669689276906,14.607363448429387,14.752932553051107,13305400
2009-08-10,14.687581062316895,14.699464490830126,14.550925034213089,14.634106767273472,13499200
2009-08-11,14.568740844726562,14.699455074842517,14.542003714331779,14.681629943490861,12509000
2009-08-12,14.396441459655762,14.583601461058809,14.387529456391878,14.5449808914721,24894800
2009-08-13,14.295434951782227,14.452887523995372,14.087479515478833,14.387529809745917,26560600
2009-08-14,14.399407386779785,14.399407386779785,14.259780011522007,14.27463372238091,14806400
2009-08-17,14.467733383178711,14.494470512371487,14.29542718765519,14.390492284059428,16211600
2009-08-18,14.441000938415527,14.5420077777682,14.402380376327994,14.482591789925621,15516200
2009-08-19,14.66381549835205,14.699464651014107,14.354853153237901,14.354853153237901,17039600
2009-08-20,14.681635856628418,14.72916955937738,14.592512430505813,14.672723853995914,11873200
2009-08-21,14.827201843261719,14.847997267170726,14.631129894072789,14.735107013617824,17650000
2009-08-24,14.574687957763672,14.794525659597173,14.500418249499365,14.794525659597173,21742400
2009-08-25,14.479619979858398,14.601422232174489,14.464765134508523,14.592509098311446,21427800
2009-08-26,14.61033821105957,14.651929069526691,14.467740496344051,14.503389641706457,13591400
2009-08-27,14.687581062316895,14.746997071616933,14.485567310656434,14.610341043513127,13884800
2009-08-28,14.574687957763672,14.746993091638648,14.533095969192377,14.741051378985606,13716200
2009-08-31,14.488534927368164,14.666781775165502,14.408323505879617,14.509330355168993,21321600
2009-09-01,14.41723918914795,14.631136367727395,14.372678032454639,14.47368490753203,24552800
2009-09-02,14.794528007507324,14.943067447609337,14.423179407252292,14.423179407252292,40824000
2009-09-03,14.729164123535156,14.80937438415757,14.625185887044056,14.744017833529476,22579800
2009-09-04,14.839086532592773,14.877707094547253,14.571715154855147,14.645984856086075,15117600
2009-09-08,14.975743293762207,15.088633562849191,14.770759315624531,14.83611588550372,31283600
2009-09-09,15.041105270385742,15.094579563921862,14.925244678812842,14.96980583458222,15813000
2009-09-10,15.02624225616455,15.091598804181562,14.901468604013193,15.011387413498271,21545000
2009-09-11,15.42758560180664,15.496473130314142,14.975331105143235,15.014267285924195,34130200
2009-09-14,15.622262001037598,15.715109445217069,15.247878803981937,15.298795512895467,33162200
2009-09-15,15.709122657775879,15.748058838804633,15.469517587074122,15.598305526800148,27725400
2009-09-16,15.775016784667969,15.819943245095693,15.544397639219195,15.706130383198843,26104600
2009-09-17,15.999645233154297,16.008631209875272,15.700138573072541,15.724099654292157,27358600
2009-09-18,16.101476669311523,16.209299243892815,15.96370388735862,16.07751673191967,124169000
2009-09-21,15.873849868774414,16.10147438304873,15.807958050880291,16.017612900294036,24711600
2009-09-22,15.8289213180542,15.966695204662786,15.792980850582198,15.966695204662786,19425600
2009-09-23,15.748059272766113,15.91877796175347,15.625260456712516,15.855880700657762,20835200
2009-09-24,15.67617130279541,15.91577629029457,15.64322540279052,15.74805337030851,24283000
2009-09-25,15.864866256713867,15.957712579040843,15.655211391172887,15.673182199942834,21737000
2009-09-28,15.912790298461914,16.062543639122126,15.843903898861493,15.882838944813479,15193400
2009-09-29,15.966696739196777,16.035583117858202,15.930755125743623,15.993652378023159,17321200
2009-09-30,16.083498001098633,16.158374620151672,15.754040191749327,15.969685220230579,28275800
2009-10-01,15.909795761108398,16.08351019745433,15.885835818956055,15.993658414960096,28071000
2009-10-02,16.134428024291992,16.197325309028045,15.846901823458106,15.891828292194209,25169000
2009-10-05,16.11345672607422,16.173358281548346,15.963703408652476,16.116452432237853,15554600
2009-10-06,16.26919937133789,16.368037103526735,16.07152504948727,16.11645149912349,19109800
2009-10-07,16.415952682495117,16.55671996920508,16.269193985788096,16.430927779907663,20761400
2009-10-08,16.350061416625977,16.475853610030118,16.269194516926145,16.475853610030118,18030400
2009-10-09,16.368040084838867,16.44291675285272,16.248236959005794,16.37402921285597,11828400
2009-10-12,16.40996742248535,16.547740188764504,16.332095064134844,16.421947961081898,16013800
2009-10-13,16.412960052490234,16.460881058704473,16.338083408872553,16.403975220864723,11937400
2009-10-14,16.424943923950195,16.48184977334187,16.350067265132505,16.448903860657744,16081000
2009-10-15,16.44890022277832,16.53575740200381,16.278181569832714,16.391994385972083,24241800
2009-10-16,16.47585678100586,16.53276376352117,16.38001476495865,16.448901142584646,22090800
2009-10-19,16.40996742248535,16.62261684120235,16.374025806695713,16.51479427888752,20656000
2009-10-20,16.19432830810547,16.218289394191313,15.927767509301544,16.050565219172817,26859600
2009-10-21,16.19432830810547,16.380022155160876,16.083511141277118,16.119451627878412,16511200
2009-10-22,16.21828269958496,16.254223171350695,15.996647314887765,16.04756403053897,16361000
2009-10-23,15.945734977722168,16.2182859908539,15.9097933561356,16.14640389020799,21709400
2009-10-26,15.94273853302002,16.263210550898926,15.786994940939037,15.897813221908136,21567600
2009-10-27,16.01162338256836,16.149396151424273,15.900806254795304,15.94573270410909,14735200
2009-10-28,16.026594161987305,16.17335286663708,15.942732697917009,15.948722965711568,16017200
2009-10-29,16.2003116607666,16.206301929729726,15.918775874661605,16.029592994161966,14807000
2009-10-30,15.966696739196777,16.25422279166019,15.906795192635158,16.191326681907626,21812200
2009-11-02,16.089500427246094,16.1494008537366,15.92177626250144,16.026603151387224,18603600
2009-11-03,15.909795761108398,16.077519926284396,15.804968871953024,16.068535090793194,16314800
2009-11-04,16.020601272583008,16.17334906661157,15.882827430732481,15.999634768964881,14114400
2009-11-05,16.29315757751465,16.317117508577887,16.008626112529885,16.026595775195595,16305800
2009-11-06,16.32010841369629,16.323102975750803,16.116443918193053,16.16436490875108,10680400
2009-11-09,16.61663055419922,16.6226208249331,16.224276390084654,16.350069790441598,19230400
2009-11-10,16.715469360351562,16.82928108388192,16.547745196820536,16.577695409849074,16139400
2009-11-11,16.811304092407227,16.853234829398932,16.69449671292265,16.790338723911372,14304600
2009-11-12,16.7544002532959,16.886183900001743,16.727444611244895,16.805316973848733,15196000
2009-11-13,16.910144805908203,16.982026903009594,16.742421816883578,16.79034283410878,23351000
2009-11-16,16.994009017944336,17.098835895800033,16.901161538609806,16.967053371848976,16239400
2009-11-17,17.03294563293457,17.047920739362134,16.90715336791016,16.96405922934586,11344000
2009-11-18,16.946081161499023,17.071873364190715,16.859223987720387,17.05090799707543,15253200
2009-11-19,17.03593635559082,17.06588655968352,16.784350756620153,16.844252307332606,18154400
2009-11-20,17.215641021728516,17.27853714006471,16.979030508908973,16.979030508908973,20697600
2009-11-23,17.443262100219727,17.476206861234246,17.28452285065933,17.28452285065933,18542400
2009-11-24,17.428295135498047,17.500177248989186,17.329458514791096,17.500177248989186,15581400
2009-11-25,17.40433120727539,17.482202431742277,17.368390730023535,17.482202431742277,13380600
2009-11-27,17.247478485107422,17.35305020808759,17.012203702097057,17.187151293127833,15675400
2009-11-30,17.253511428833008,17.289707283992207,17.132857044108352,17.28065860786378,18884800
2009-12-01,17.518953323364258,17.573246539887133,17.307808690002716,17.371151734817474,15359800
2009-12-02,17.482759475708008,17.5551523619171,17.398302067335646,17.443547765047065,13599400
2009-12-03,17.274625778198242,17.521966231369216,17.241445764857787,17.521966231369216,20241800
2009-12-04,17.340993881225586,17.50387588066865,17.1358820219977,17.37417275937319,24927200
2009-12-07,17.455604553222656,17.524980415168415,17.10269240976223,17.181116946982755,16705400
2009-12-08,17.398296356201172,17.416394859473936,17.21429893352072,17.353050673342022,18290800
2009-12-09,17.44353485107422,17.449566532367477,17.202226176122572,17.32891334553669,19494600
2009-12-10,17.669771194458008,17.772325945391735,17.470691076116417,17.488789582505394,30755400
2009-12-11,17.829635620117188,17.917110000086108,17.67580120697935,17.67580120697935,30435600
2009-12-14,17.80851936340332,17.932189588816726,17.772322357931973,17.829633707938868,16670200
2009-12-15,17.814552307128906,17.853764003995625,17.7512081224875,17.84169948607651,15299800
2009-12-16,17.621505737304688,17.85678168074843,17.60944121892325,17.78137297529818,19605000
2009-12-17,17.187152862548828,17.576262078170387,17.175087192922053,17.5732450854409,25472000
2009-12-18,17.16905403137207,17.27160991995678,16.98505775097046,17.27160991995678,37737800
2009-12-21,17.247478485107422,17.37718154513762,17.16302110672329,17.199216961652848,14616200
2009-12-22,17.274625778198242,17.368132983917217,17.22033142012213,17.23842992302933,12111800
2009-12-23,17.280658721923828,17.344001756531892,17.190168508105803,17.25351154271387,10937600
2009-12-24,17.325895309448242,17.347009644636508,17.208257970357923,17.340977963706976,5814200
2009-12-28,17.325895309448242,17.36812513046974,17.277633807497214,17.31684663740898,7679600
2009-12-29,17.41639518737793,17.485771058594743,17.328920812547608,17.328920812547608,9551000
2009-12-30,17.398296356201172,17.464656384222454,17.337969162604146,17.416394859473936,9625200
2009-12-31,17.193187713623047,17.419413867749668,17.17207336462289,17.368136491790914,10848800
2010-01-04,17.205244064331055,17.25953840396106,17.163015389206628,17.24143990720269,13870400
2010-01-05,16.99712371826172,17.19017099313154,16.933780674496727,17.14794114664255,23172400
2010-01-06,16.991098403930664,17.024277284071385,16.88552547409569,16.99713009075909,19264600
2010-01-07,16.9488582611084,17.003152614800204,16.816139369109205,16.991088097815112,13234600
2010-01-08,16.635162353515625,16.78296278490559,16.51450795386838,16.72866842012889,28712400
2010-01-11,16.972984313964844,17.027278650758934,16.529580947028123,16.63515377996998,28642400
2010-01-12,17.15699005126953,17.19318590995182,16.909649574090295,16.918698251099464,23269800
2010-01-13,17.20223617553711,17.322890583147622,17.09968027426189,17.150958800222355,15157400
2010-01-14,17.23240089416504,17.2685967573271,17.123812154033114,17.20525370913206,12392600
2010-01-15,16.979022979736328,17.298755127775127,16.903614280573148,17.178101899501304,27460800
2010-01-19,17.01823616027832,17.039351656480882,16.86741874878782,16.957910116198548,14615400
2010-01-20,16.740734100341797,17.009188931541274,16.67739105827924,16.939813054428146,18810200
2010-01-21,16.399883270263672,16.764862241992695,16.34558891581292,16.75581241582063,27396800
2010-01-22,16.360673904418945,16.54768717934076,16.282248203207956,16.393852769620665,23551400
2010-01-25,16.39385223388672,16.45116358689393,16.252084648961414,16.436082075814074,16853200
2010-01-26,16.33051109313965,16.43909982655599,16.249069543077397,16.309396745047103,15515000
2010-01-27,16.442115783691406,16.487361473146088,16.197792282444027,16.28828251070771,20414800
2010-01-28,16.342571258544922,16.541650152531766,16.327489750794232,16.502437311863744,20905200
2010-01-29,16.36368751525879,16.571815108132956,16.258115797999157,16.420997711678957,22146800
2010-02-01,16.40289878845215,16.457193138023612,16.2882772559518,16.44211047930741,14517600
2010-02-02,16.60500144958496,16.6532629888226,16.333530722865433,16.448151159401167,16888600
2010-02-03,16.55069923400879,16.577846408885648,16.448143367879013,16.565780742130308,15899400
2010-02-04,16.116352081298828,16.493395689506933,16.10730340290848,16.454182832072473,21342800
2010-02-05,16.013797760009766,16.116353677626382,15.8448817925689,16.059043457734642,29285000
2010-02-08,15.881072044372559,16.068085290703735,15.856940709028974,16.068085290703735,16721200
2010-02-09,16.291297912597656,16.583884088364258,16.098251790681992,16.194774851639824,31495000
2010-02-10,16.22493553161621,16.469258973617798,16.037921134488464,16.469258973617798,18717600
2010-02-11,16.354637145996094,16.387817153883127,16.068083892279795,16.167622765295594,26327200
2010-02-12,16.282249450683594,16.408936689020816,16.173660718007593,16.264150945022372,24640000
2010-02-16,16.53562355041504,16.53562355041504,16.26716869909706,16.442116326092016,19339400
2010-02-17,16.689449310302734,16.75580816507277,16.517516464395722,16.532599120641073,17064600
2010-02-18,16.864402770996094,16.867418612917575,16.635160813661155,16.635160813661155,17264600
2010-02-19,16.807092666625977,16.861387026691176,16.64420958643037,16.831222854074102,18944800
2010-02-22,16.704544067382812,16.84932870716186,16.671364038353982,16.831230195697216,13487600
2010-02-23,16.538639068603516,16.77089688619306,16.52657339867414,16.71358667999696,14835600
2010-02-24,16.638181686401367,16.644214522713977,16.496412909669655,16.58992014654634,14470600
2010-02-25,16.02284049987793,16.161593384499263,15.869007255799549,16.02887333404803,63648600
2010-02-26,15.902190208435059,16.01379478460185,15.754388620555513,16.01379478460185,63095400
2010-03-01,16.068092346191406,16.09825537797005,15.923307722491279,16.053010830302085,39449800
2010-03-02,16.077131271362305,16.19476863483096,16.031886751144857,16.10126260266111,24506200
2010-03-03,16.267166137695312,16.324476339978258,16.040940019871602,16.077135876542645,26574200
2010-03-04,16.430055618286133,16.601987442748964,16.38480991683971,16.499431516696927,28983200
2010-03-05,16.499418258666992,16.57482693338609,16.39686241502322,16.496401267316994,24238600
2010-03-08,16.427030563354492,16.550700782554507,16.384801876405035,16.505456253956698,18915600
2010-03-09,16.342571258544922,16.46624146313303,16.273195402375524,16.3908327737343,23070000
2010-03-10,16.348609924316406,16.39988729909156,16.30034839190921,16.366707279815547,21574800
2010-03-11,16.299951553344727,16.354690290984227,16.117489867921797,16.354690290984227,29130600
2010-03-12,16.223926544189453,16.351650659014616,16.196557173874286,16.32732181426195,22334400
2010-03-15,16.315153121948242,16.372932368911016,16.230003353716576,16.339480798541018,23874000
2010-03-16,16.330360412597656,16.382057457828886,16.290826627380106,16.36077030272627,22287800
2010-03-17,16.37294578552246,16.418561811599737,16.299960375811565,16.366863571374573,26074400
2010-03-18,16.406387329101562,16.433756695962618,16.342525859780103,16.391182383081645,23496200
2010-03-19,16.6496639251709,16.74393641250673,16.299944492854596,16.6496639251709,43610800
2010-03-22,16.58580780029297,16.680079157812003,16.543233489147216,16.57060285489277,18127400
2010-03-23,16.816932678222656,16.829097103408394,16.546280598188872,16.63751146695504,19081200
2010-03-24,16.610132217407227,16.835169309329643,16.60709169294977,16.792595006548773,17052600
2010-03-25,16.664871215820312,16.780430868195854,16.619256387821935,16.69832278572345,16638800
2010-03-26,16.6192569732666,16.716570001833162,16.573640983598548,16.66183127825662,16276800
2010-03-29,16.655750274658203,16.71352952703256,16.62533922599047,16.664873009227076,13853600
2010-03-30,16.6861572265625,16.740895944467724,16.60709083406756,16.695281119588493,13631600
2010-03-31,16.72570037841797,16.81389071337392,16.573648556795987,16.661838891751938,22922000
2010-04-01,16.816932678222656,16.85646648004459,16.76523561127842,16.835179316001263,14346000
2010-04-05,16.683115005493164,16.895987646800577,16.619253561119713,16.895987646800577,19191800
2010-04-06,16.509788513183594,16.677045299574342,16.488501349100957,16.677045299574342,17604200
2010-04-07,16.366846084594727,16.51281558799503,16.287779705276332,16.51281558799503,24060800
2010-04-08,16.348608016967773,16.35469022780012,16.251294963776417,16.35469022780012,19466800
2010-04-09,16.601011276245117,16.60709348587942,16.37597416002732,16.394220788930234,20640600
2010-04-12,16.6527099609375,16.683121012109268,16.57668407310256,16.619259544743034,16930400
2010-04-13,16.731788635253906,16.750035278063386,16.619270571421502,16.628393312794362,15055000
2010-04-14,16.710493087768555,16.74394466945024,16.61926223958598,16.73482077258776,13865200
2010-04-15,16.500659942626953,16.655753419963325,16.461127311987813,16.65271173449071,20351000
2010-04-16,16.71657371520996,16.76827076559232,16.47328992968831,16.491536561621356,35075600
2010-04-19,16.823009490966797,16.823009490966797,16.701367598280893,16.719614230202698,26468600
2010-04-20,16.56451988220215,16.813884687487903,16.51890388803842,16.79259753289494,32508800
2010-04-21,16.4793701171875,16.59797147009719,16.421590863254256,16.594929785116907,19263200
2010-04-22,16.515859603881836,16.57667936883948,16.42158711209724,16.464161411592652,20295600
2010-04-23,16.385103225708008,16.561482720517372,16.342528904894134,16.561482720517372,21675400
2010-04-26,16.339481353759766,16.52802520399596,16.339481353759766,16.421589440168148,17890800
2010-04-27,16.077957153320312,16.379020230484574,16.06883441645761,16.318199277919117,27600400
2010-04-28,16.22696304321289,16.29082450018194,15.98368047376214,16.120526121535015,24754600
2010-04-29,16.342525482177734,16.479371153258107,16.287786749720386,16.306032220497507,17437600
2010-04-30,16.254335403442383,16.409427707559637,16.239130457558417,16.306032451460464,19349600
2010-05-03,16.348608016967773,16.40638843984352,16.19959791179612,16.333403069918454,16123400
2010-05-04,16.172222137451172,16.360765958321497,16.132688362731336,16.23608358580138,23282800
2010-05-05,16.31819725036621,16.39118261638889,16.17830988889104,16.248253569628627,23670400
2010-05-06,15.904617309570312,16.482414586769703,15.57314435455736,16.321238897409785,47912000
2010-05-07,16.017131805419922,16.068830006935933,15.673495663840756,15.871162255356912,43535600
2010-05-10,16.43375587463379,16.448960819893788,16.193513795311706,16.375975458557637,35311400
2010-05-11,16.30299949645996,16.442886919648718,16.26954790394449,16.306040023023392,23165200
2010-05-12,16.427682876586914,16.452010570632442,16.245219950959196,16.36077968785039,24005400
2010-05-13,16.26650047302246,16.42159278332613,16.254336051804863,16.406387836835663,19319800
2010-05-14,16.220884323120117,16.315156846588007,16.07491475005126,16.226966533672535,25868200
2010-05-17,16.242172241210938,16.284746557010052,16.071873817951385,16.263459399110495,17393400
2010-05-18,16.14789581298828,16.336440823219355,16.141814763682728,16.330358613850983,20435600
2010-05-19,16.153980255126953,16.223923932436474,15.953271958480462,16.117488153935675,21119200
2010-05-20,15.673490524291992,15.96542952868728,15.670448840461063,15.96542952868728,29290400
2010-05-21,15.688703536987305,15.728237326696924,15.296409645413524,15.460625854918327,34233400
2010-05-24,15.649168968200684,15.773851381788688,15.51536381900427,15.573143077962557,16832600
2010-05-25,15.393718719482422,15.427170289819314,15.18692824836598,15.317692845103224,28693800
2010-05-26,15.229503631591797,15.472786196300673,15.186928167712814,15.45758125351814,32607800
2010-05-27,15.5792236328125,15.585305842592765,15.284242838815494,15.390679769875819,22663600
2010-05-28,15.630921363830566,15.798178067516302,15.509279492024834,15.564018218331128,23577000
2010-06-01,15.597471237182617,15.846836053447365,15.42717283287814,15.545773030850038,24274800
2010-06-02,15.938069343566895,15.938069343566895,15.56098037590648,15.673499541132651,18742200
2010-06-03,16.04146385192871,16.11748974696155,15.950233009901925,16.017135008687916,23564400
2010-06-04,15.591382026672363,15.85595166951812,15.51535617389557,15.85595166951812,23942800
2010-06-07,15.448454856872559,15.661327501527193,15.439332124693639,15.579219431729152,20177800
2010-06-08,15.679577827453613,15.758644231815639,15.363309889879796,15.44541797906124,22429800
2010-06-09,15.615716934204102,15.767768710233598,15.560978202028444,15.679579561784362,17645800
2010-06-10,15.950230598449707,15.96543554314488,15.770809466895658,15.770809466895658,18790000
2010-06-11,15.839828491210938,15.86436198242688,15.680356703737692,15.858228317153637,14946000
2010-06-14,15.79688835144043,15.937960272937435,15.781554777547214,15.928759192700147,13656400
2010-06-15,16.00236701965332,16.00850068511563,15.812228069829876,15.895030798755505,16368600
2010-06-16,16.069835662841797,16.082101823502345,15.876629301444524,15.895030297250894,16784800
2010-06-17,16.05756950378418,16.16183948120656,15.959433192078068,16.100503993920963,20740200
2010-06-18,16.042234420776367,16.171037879113836,16.026899672984474,16.066767911464787,28405800
2010-06-21,16.09437370300293,16.247711868431555,16.029971954293476,16.198643702289488,18346400
2010-06-22,16.088239669799805,16.27837983291502,16.07903975444425,16.088239669799805,20805000
2010-06-23,16.02076530456543,16.146502500569476,15.950228748625497,16.118901595598984,20718000
2010-06-24,15.885828971862793,16.09436890830952,15.845960733162888,15.980899027261952,17401400
2010-06-25,15.413552284240723,15.925702378735101,15.413552284240723,15.882767878453125,57969600
2010-06-28,15.665021896362305,15.75702452848806,15.520883698443226,15.55768451731814,23525400
2010-06-29,15.435015678405762,15.625154619118682,15.364479113907455,15.511684738195472,23502600
2010-06-30,15.370612144470215,15.511684097765382,15.336877572375217,15.450348618490565,21933800
2010-07-01,15.343008041381836,15.425810745673708,15.171270139037262,15.425810745673708,26030800
2010-07-02,15.349143028259277,15.474880218977017,15.287807556472787,15.401278588734682,16270200
2010-07-06,15.465681076049805,15.542350127122875,15.339943879085045,15.514749221941495,18338200
2010-07-07,15.784627914428711,15.821428739083986,15.425816071939128,15.499418891126801,23480000
2010-07-08,16.075969696044922,16.08210336190045,15.812229083519975,15.849029908776014,21562600
2010-07-09,16.069835662841797,16.097436571612835,15.968631940722311,16.057568332304218,12948000
2010-07-12,16.08517074584961,16.091304411692207,15.93183260941611,15.996234345947666,10770600
2010-07-13,16.167970657348633,16.238506047408908,16.13116866871784,16.17410432212043,13706400
2010-07-14,16.198638916015625,16.229306072089063,16.075967951967844,16.118903608298478,12392600
2010-07-15,16.207834243774414,16.238502561049007,16.045296256787474,16.167967186132472,14970600
2010-07-16,16.060638427734375,16.278379502372218,16.01157026370556,16.18330942274507,19563800
2010-07-19,16.029970169067383,16.12197282410293,15.96250100943194,16.112772909562544,11367400
2010-07-20,16.327444076538086,16.36424489899909,15.922630349958828,15.937965098371546,19539000
2010-07-21,16.585050582885742,16.80279041888959,16.339708670337078,16.407177813275656,36364000
2010-07-22,16.640254974365234,16.7690596244527,16.55131973940552,16.563585901894207,20692000
2010-07-23,16.790525436401367,16.81506009903666,16.548250907324796,16.621853725353578,16177400
2010-07-26,16.84879493713379,16.8610622694939,16.775193282727535,16.81506152795929,13305800
2010-07-27,16.88252830505371,16.943863792576924,16.811992903859007,16.839593814750597,17905400
2010-07-28,16.830392837524414,16.92852914340923,16.796658263024565,16.882527238204514,12954800
2010-07-29,16.864126205444336,16.96226250430778,16.76292248918562,16.89172711261699,18292600
2010-07-30,16.90093231201172,16.95613414362531,16.69239231922202,16.7782613151199,16672600
2010-08-02,17.29960823059082,17.324142893571135,17.06653478166341,17.1186691856809,32091200
2010-08-03,17.2904052734375,17.33640600361282,17.19226897854452,17.256670702716118,15427400
2010-08-04,17.342538833618164,17.388540731456423,17.238268879078053,17.333338922001257,11974400
2010-08-05,17.28734016418457,17.302673742956852,17.112534792451026,17.29960749515322,15099800
2010-08-06,17.403881072998047,17.41614840650728,17.066537590635356,17.20454099804362,18090600
2010-08-09,17.5142822265625,17.603218626951662,17.284275020652213,17.287341268651737,18731000
2010-08-10,17.474414825439453,17.603219475292736,17.33334401311979,17.37014484027335,15376000
2010-08-11,17.186134338378906,17.40387415719629,17.167733345427084,17.24746981167479,24302000
2010-08-12,17.078800201416016,17.13400202084678,16.974530228033135,17.0297320474639,18782800
2010-08-13,17.091064453125,17.167733502979253,16.980660834154577,17.063463548382394,14906800
2010-08-16,17.137067794799805,17.152401372087148,16.903993208475114,17.023596749144144,13958400
2010-08-17,17.210668563842773,17.302671192793667,17.020529641360675,17.18000141081811,18060600
2010-08-18,17.124799728393555,17.210668693410586,17.05426434000429,17.207602446035796,16616800
2010-08-19,16.953062057495117,17.091066598531572,16.857993172463228,17.091066598531572,18781400
2010-08-20,16.959197998046875,17.00213248993494,16.84266068443844,16.84266068443844,19263200
2010-08-23,17.05120086669922,17.134003603493753,16.992932794085515,17.023599954434374,15240000
2010-08-24,17.06960105895996,17.15547003978454,16.91319667676132,16.91319667676132,24366400
2010-08-25,16.986797332763672,17.084933639360944,16.885594778406446,16.995997245920584,15853800
2010-08-26,16.916261672973633,17.02666530865136,16.8579936074224,16.999064399731928,14817400
2010-08-27,17.222936630249023,17.235203959934765,16.876392170827,17.002129375413478,19665600
2010-08-30,17.035865783691406,17.247473149013818,17.023598452683164,17.235205818005575,10220000
2010-08-31,17.137067794799805,17.186135944045482,16.867192389010093,16.928527868036433,18567800
2010-09-01,17.575620651245117,17.578686899756825,17.256676991669934,17.290411574685415,24166000
2010-09-02,17.597082138061523,17.609348297968975,17.43761036049508,17.609348297968975,14701200
2010-09-03,17.652286529541016,17.664552691239393,17.508148308221664,17.590951041540624,14865400
2010-09-07,17.673755645751953,17.728957473808098,17.603220236541826,17.640021065286838,14392200
2010-09-08,17.735090255737305,17.85162640259734,17.695222010823503,17.704421925081615,18378800
2010-09-09,17.87615966796875,17.937495154602257,17.728955201974603,17.85775867101557,18106600
2010-09-10,17.94669532775879,17.983496152320413,17.78722352815559,17.873092508758422,18445600
2010-09-13,17.931243896484375,18.07647406531698,17.844724397812914,18.070293932734767,18019600
2010-09-14,17.79527473449707,17.959044032318687,17.782914476126617,17.87561405642679,20985200
2010-09-15,17.742753982543945,17.798373997057354,17.680955014186612,17.72730424045461,17402400
2010-09-16,17.770570755004883,17.823101312594563,17.690231358311518,17.73658178096475,16574000
2010-09-17,17.786012649536133,17.91579188107572,17.739662250420785,17.813822653257418,19971200
2010-09-20,17.91270637512207,17.92197598550402,17.78292593607541,17.804555812793208,14062200
2010-09-21,17.955963134765625,17.983773140014595,17.813823631821865,17.86326351018229,14754000
2010-09-22,17.9930477142334,18.082657886846743,17.952877433623964,17.968328357601443,15176000
2010-09-23,17.881799697875977,18.011580093293766,17.835450482807783,17.928150091683648,12696000
2010-09-24,18.11355209350586,18.169172103128123,17.993042465570845,18.020852470381975,13812000
2010-09-27,18.107372283935547,18.18771282314943,18.0919225429297,18.153722685692763,10544400
2010-09-28,18.261877059936523,18.30204734056048,18.033218001363245,18.104287772473317,19884000
2010-09-29,18.156814575195312,18.230974992113847,18.05175467215896,18.230974992113847,15742000
2010-09-30,18.082653045654297,18.28041256072463,17.999223029220307,18.187712935377874,15849600
2010-10-01,18.268056869506836,18.30513767191996,18.08265757240113,18.243337513304734,16454400
2010-10-04,18.193889617919922,18.243329487313478,18.091919224254767,18.209339356091757,11523800
2010-10-05,18.434911727905273,18.45345212386575,18.234061563922225,18.277322487830002,20063000
2010-10-06,18.478172302246094,18.48126295774802,18.342212928653968,18.425642946110397,14123400
2010-10-07,18.366928100585938,18.44108849214488,18.29276888776643,18.43799783734606,14960800
2010-10-08,18.357662200927734,18.44727234835888,18.24951283591751,18.37929207392978,16189400
2010-10-11,18.404014587402344,18.422553806981057,18.33294482862441,18.404014587402344,12997000
2010-10-12,18.416378021240234,18.478178184816223,18.336038633709503,18.336038633709503,16164400
2010-10-13,18.52143669128418,18.53070748137374,18.434917175381603,18.453457576820725,24011000
2010-10-14,18.512163162231445,18.53379303662959,18.441093406531866,18.521432771619292,14491600
2010-10-15,18.52143669128418,18.53379695891026,18.459637710633768,18.52761682509722,19697600
2010-10-18,18.539974212646484,18.539974212646484,18.478174062856365,18.48126471865277,19661800
2010-10-19,18.645034790039062,18.68520506567084,18.487445522160346,18.52761461905226,35052800
2010-10-20,18.895322799682617,19.05909218264844,18.654302351107948,18.654302351107948,32398000
2010-10-21,18.994199752807617,19.080719236114803,18.852059086137817,18.852059086137817,23266400
2010-10-22,19.03746223449707,19.077632505559723,18.981842221868696,19.000382618991395,9534600
2010-10-25,18.852062225341797,19.08072241339477,18.845883271567708,18.938582901795765,21228200
2010-10-26,18.923133850097656,18.96330294479313,18.777903677574624,18.78408381031388,15502200
2010-10-27,18.907678604125977,18.910769259158577,18.632669243200844,18.85514925596703,19029400
2010-10-28,18.913860321044922,19.02201086020145,18.811891092471782,18.935490193128302,16533600
2010-10-29,18.947851181030273,19.00347119101045,18.858241033980022,18.89532182645992,14239600
2010-11-01,19.068361282348633,19.142521690406824,18.913861512738794,18.963301391864356,17996800
2010-11-02,19.114713668823242,19.13943302158203,19.089993137324637,19.096173270199287,13196000
2010-11-03,19.142518997192383,19.142518997192383,18.935488722098224,19.10543938774997,15687400
2010-11-04,19.297021865844727,19.358822010736294,19.120892219084574,19.139431437434236,27487000
2010-11-05,19.33719825744629,19.358828138193672,19.157977898407875,19.287757182892165,16013800
2010-11-08,19.30010986328125,19.334099999303216,19.25066998690556,19.31247012706008,11142200
2010-11-09,19.355730056762695,19.37735992921281,19.266119911618137,19.30938083525801,16637600
2010-11-10,19.32792091369629,19.355730919334285,19.250671029006263,19.33101156917812,18013800
2010-11-11,19.40517234802246,19.40517234802246,19.269212964457015,19.309383237750815,16253600
2010-11-12,19.44225311279297,19.45461337895728,19.278483711705366,19.380454139451135,20022800
2010-11-15,19.45461082458496,19.56894150348353,19.4113510774297,19.43298095100733,22949400
2010-11-16,19.182689666748047,19.46078851154777,19.102349136063562,19.439158640688,23609000
2010-11-17,19.318655014038086,19.38045516940408,19.18887456989551,19.201234836716694,16749200
2010-11-18,19.726530075073242,19.760520212027973,19.42062002122033,19.429890808678678,41436000
2010-11-19,19.87485122680664,19.877941882442123,19.636921428684186,19.65237117064232,40774800
2010-11-22,19.859399795532227,19.87176006027686,19.64619171175583,19.7945101737325,33680600
2010-11-23,19.65855598449707,19.775976173071893,19.553496063928023,19.754346293431798,17662200
2010-11-24,19.96446990966797,19.970648866099207,19.720359874725037,19.72654000989653,16093000
2010-11-26,19.809951782226562,19.890292286562325,19.775961659525986,19.8130424363298,9016800
2010-11-29,19.72284698486328,19.803742747570112,19.561056646335427,19.77262853618833,22397800
2010-11-30,19.654394149780273,19.781960618223078,19.576610412565277,19.58594526811331,23550600
2010-12-01,20.13043212890625,20.161547525726256,19.859746217235607,19.893970067834662,20951600
2010-12-02,20.192655563354492,20.211322897820466,20.071313141783836,20.11487183805172,22773600
2010-12-03,20.068201065063477,20.205101180772925,20.061979411518006,20.161542484641902,20677800
2010-12-06,19.909521102905273,20.065087352968472,19.909521102905273,20.027752687314074,22221600
2010-12-07,19.956195831298828,20.08998395694997,19.949974176655875,20.033979570078063,19714600
2010-12-08,20.033979415893555,20.0495371130382,19.934416325973242,19.934416325973242,18226600
2010-12-09,20.170875549316406,20.195766910296573,20.08686779945106,20.10242549350637,19622400
2010-12-10,20.114870071411133,20.19265378988235,19.999749313516276,20.183320123469116,17909400
2010-12-13,20.177099227905273,20.21443627312314,20.00597644497497,20.033977448560066,18748400
2010-12-14,19.88152503967285,20.18643598068354,19.8192978083523,20.17088065646055,27936800
2010-12-15,20.142871856689453,20.20820989790249,19.8348489841792,19.88151969183731,26126600
2010-12-16,20.329553604125977,20.357556980006894,20.127317814387023,20.177098164950614,28817200
2010-12-17,20.44156265258789,20.457120347607773,20.177098453646778,20.229990818680804,29294200
2010-12-20,20.320220947265625,20.4540090583542,20.282886275929044,20.36689166020742,18271400
2010-12-21,20.3762264251709,20.41045145825294,20.273553699695963,20.332667723752152,18720200
2010-12-22,20.407339096069336,20.407339096069336,20.233104293366782,20.351337087004502,15419800
2010-12-23,20.40422821044922,20.497567260297977,20.370003180040037,20.38555850146266,13063600
2010-12-27,20.24555015563965,20.3948959691213,20.242438141629087,20.3948959691213,9923800
2010-12-28,20.335777282714844,20.357556630794864,20.242435863074228,20.261105571264896,9861600
2010-12-29,20.36378288269043,20.42912331545593,20.332669860374896,20.3451155440554,8747200
2010-12-30,20.379337310791016,20.410450328114347,20.33577861178414,20.35755796128758,9285800
2010-12-31,20.46333885192871,20.47267489176636,20.335774792728248,20.335774792728248,10773400
2011-01-03,20.29222297668457,20.49757082104072,20.257997940329975,20.49757082104072,18945600
2011-01-04,19.872188568115234,20.282887786691386,19.853521231056515,20.229993042072945,27940400
2011-01-05,19.75395393371582,19.897075692795976,19.557938628175815,19.84729415977308,34379000
2011-01-06,19.61083984375,19.806855237808,19.54861378953493,19.794409552210624,21712400
2011-01-07,19.57661247253418,19.601503840767307,19.46460487614241,19.533053765011974,16592800
2011-01-10,19.620166778564453,19.66372547367991,19.464599332074716,19.508158027190174,14904600
2011-01-11,19.505043029785156,19.732171324488558,19.498820190451266,19.70728115403824,15504000
2011-01-12,19.61394500732422,19.71350808355344,19.508159090469984,19.66683737230859,14223200
2011-01-13,19.7259578704834,19.869079673991,19.641951284889178,19.679287149524697,17947600
2011-01-14,19.641948699951172,19.71662041939519,19.595277985134473,19.71662041939519,12631400
2011-01-18,19.750844955444336,19.831740700841365,19.654392701128046,19.666838383017673,16344000
2011-01-19,19.732181549072266,19.887749052373884,19.660620639979822,19.813077315445188,18326800
2011-01-20,19.579721450805664,19.875299874867384,19.523717067851422,19.794404127539885,20580000
2011-01-21,19.529943466186523,19.663731606847392,19.51438695406252,19.65750876462063,16708200
2011-01-24,19.679285049438477,19.685507890694613,19.50193822773826,19.56105343934313,15062800
2011-01-25,19.58905792236328,19.697955876752125,19.458381801359568,19.66995368126765,18195800
2011-01-26,19.58905792236328,19.69173303476827,19.557944899329755,19.65439598286514,13657000
2011-01-27,19.508159637451172,19.66683792373889,19.489491115052694,19.660615082939398,13520400
2011-01-28,19.35569953918457,19.68861374758883,19.33392019372899,19.554825661570074,23842400
2011-01-31,19.554826736450195,19.554826736450195,19.25613753645374,19.389925629826493,15717800
2011-02-01,19.6170597076416,19.70106629233839,19.55483247599001,19.56416733221347,16028000
2011-02-02,19.557937622070312,19.750840904249973,19.464597400814686,19.64816701693438,15595200
2011-02-03,19.46770668029785,19.595271916150747,19.33080777912664,19.508154541485904,12997400
2011-02-04,19.464601516723633,19.55794175771662,19.402374293766453,19.492603707710085,9374600
2011-02-07,19.452163696289062,19.498833242204135,19.389936448182926,19.498833242204135,12012800
2011-02-08,19.561050415039062,19.57660692233143,19.396149301346224,19.424151489226652,13056800
2011-02-09,19.648170471191406,20.145985863330303,19.56105188740296,19.94374769265077,29979600
2011-02-10,19.769514083862305,19.769514083862305,19.54549655052906,19.65128247606025,18352400
2011-02-11,19.77884864807129,19.806850841006398,19.63883768339575,19.673062717748174,19098000
2011-02-14,19.645055770874023,19.834848234074272,19.601497078379282,19.809956874428504,12122600
2011-02-15,19.660619735717773,19.66995459256891,19.461493530551962,19.573502317679182,16289200
2011-02-16,19.7259578704834,19.753960065681472,19.564167541215166,19.626394773531523,12992800
2011-02-17,20.083757400512695,20.136649760268146,19.68550394808152,19.719728974692874,18450600
2011-02-18,20.083757400512695,20.114870413676446,19.949969307514895,20.0993127202092,24652400
2011-02-22,19.837961196899414,19.996639477630215,19.70417427849489,19.7135079459245,17950200
2011-02-23,19.884632110595703,20.018419030364548,19.819294064151165,19.844184239845777,18192200
2011-02-24,19.87529945373535,20.02775609007723,19.82240589900572,19.974861348462046,17057000
2011-02-25,20.00908660888672,20.037089986975968,19.82240612545254,19.841074648550187,11435400
2011-02-28,19.88774299621582,20.061980161020205,19.8690756611111,19.965526724180155,19370000
2011-03-01,20.19577407836914,20.301558839424704,19.974866138477015,19.999757508291857,31084000
2011-03-02,20.046428680419922,20.16777114375942,19.95308722841797,20.09620904738836,20776000
2011-03-03,20.401111602783203,20.497562644706278,20.155314791452025,20.158426804544195,29005800
2011-03-04,20.289106369018555,20.394893468466304,20.15220625459354,20.34511074548598,23050800
2011-03-07,20.29222297668457,20.454012115456948,20.061983765203003,20.323335998705634,23630000
2011-03-08,20.42289924621582,20.485125290723445,20.292223128486942,20.34822751805238,20717600
2011-03-09,20.41667366027832,20.435340995282143,20.304664902713437,20.38867028400161,14819200
2011-03-10,20.31399917602539,20.39178290588897,20.21443609675085,20.30155349439469,17761800
2011-03-11,20.310863494873047,20.404881721409613,20.204311736382238,20.345336685204266,12006400
2011-03-14,20.03821563720703,20.24818818199808,19.909725403704993,20.163571291933287,17802600
2011-03-15,19.753034591674805,19.828248958621163,19.53992861340056,19.727963933020554,25421200
2011-03-16,19.304874420166016,19.70288091299054,19.20772402913598,19.64647046862227,31957200
2011-03-17,19.517986297607422,19.67781633777765,19.40203199086044,19.56499541424372,20128800
2011-03-18,19.649608612060547,19.837642663748817,19.571260891275212,19.73422429396767,23653000
2011-03-21,19.92226219177246,20.01314585234703,19.759298757618897,19.784370606946325,12545600
2011-03-22,19.90345573425293,19.984938038552087,19.82197462544519,19.956732809447214,8418800
2011-03-23,20.141632080078125,20.223114383509262,19.82197441428339,19.834510337194548,12962600
2011-03-24,20.27326011657715,20.392347809750525,20.232517765267605,20.23878692284587,13312800
2011-03-25,20.439359664916992,20.49263555655171,20.314002797377416,20.329673302438632,12419400
2011-03-28,20.37981605529785,20.523975626313295,20.37981605529785,20.43309195069808,11600200
2011-03-29,20.596050262451172,20.599184840915996,20.395480278393034,20.433085656039676,11569600
2011-03-30,20.696332931518555,20.83735786383042,20.561574764450146,20.596047950745497,18826200
2011-03-31,20.790353775024414,20.950183823615983,20.671266078789724,20.671266078789724,17723000
2011-04-01,21.066133499145508,21.147615790315225,20.8718303097354,20.962713943928073,18720200
2011-04-04,21.204030990600586,21.244770949822776,21.04733552915417,21.066138219413183,13485600
2011-04-05,21.144487380981445,21.23850322962154,21.094343682253538,21.153888726747137,12470200
2011-04-06,21.194631576538086,21.254176629144823,21.06300793591807,21.16956211474152,14099800
2011-04-07,21.135089874267578,21.232240319470705,20.97839437375488,21.13195529478192,12734600
2011-04-08,21.081809997558594,21.197765519950035,20.953320940136617,21.119417775600432,11201800
2011-04-11,21.12255096435547,21.26044135946475,20.934516868491357,21.07867642168662,14664000
2011-04-12,20.965852737426758,21.037931309083532,20.812291858217037,20.990924584517348,16587400
2011-04-13,21.084941864013672,21.14448690717298,20.987791438634254,21.06927375174966,8497400
2011-04-14,21.40772819519043,21.457871878854515,21.025390975690303,21.103738688178613,23879600
2011-04-15,21.3137149810791,21.420266735421,21.269840447999176,21.413999969687893,17532200
2011-04-18,21.09433937072754,21.20089351325389,20.8843680549331,21.175821669014436,16104600
2011-04-19,21.025402069091797,21.153893533038726,20.981527518227896,21.06300985168244,10701800
2011-04-20,21.263574600219727,21.32625422221833,21.188361444804503,21.276110524619448,12817800
2011-04-21,21.272977828979492,21.363861495685686,21.144488776728195,21.27611240810269,10948800
2011-04-25,21.229103088378906,21.30431864073844,21.097479458224658,21.294914903456032,10709200
2011-04-26,20.975250244140625,21.00658885177783,20.624251622049385,20.88436660830497,32800000
2011-04-27,20.997188568115234,21.128812161422815,20.859295818374367,21.11314405230484,16872600
2011-04-28,21.125680923461914,21.138214454926434,20.890637757287124,20.97838682343514,14084400
2011-04-29,21.1413516998291,21.238502122320398,21.081806658439973,21.172690314408584,14824200
2011-05-02,21.222829818725586,21.26670434866765,21.175820710649788,21.23536574027797,12514200
2011-05-03,21.272977828979492,21.279246987225886,21.17582739501022,21.222836517924915,10542400
2011-05-04,21.1413516998291,21.288645818433988,21.059869389136033,21.26670854913005,13529000
2011-05-05,20.903175354003906,21.22910222807051,20.80915950383941,21.21656630318527,14206200
2011-05-06,20.965852737426758,21.178958655730895,20.91257685559646,21.135084118813833,17042600
2011-05-09,20.98151397705078,21.084933519191747,20.943908609713816,20.953309951548057,8884200
2011-05-10,21.103742599487305,21.14135036920549,20.990924072298515,20.997190838426775,11111800
2011-05-11,21.09747314453125,21.207159470168065,20.965849553767075,21.088071801045604,11215400
2011-05-12,21.40772819519043,21.445335957938493,21.050462817522348,21.11000784412784,17097400
2011-05-13,21.36699104309082,21.551890521101065,21.31684735286128,21.395195075607873,16011000
2011-05-16,21.25731086730957,21.382667738214344,21.222837668036174,21.341925380354816,12364600
2011-05-17,21.307445526123047,21.36699055917638,21.1538846624927,21.225965617819504,13276400
2011-05-18,21.404603958129883,21.42027207185741,21.20089935180542,21.310585711831415,13418000
2011-05-19,21.45473861694336,21.52995175607073,21.313713682206718,21.439070508074057,12960200
2011-05-20,21.404603958129883,21.47354796230099,21.276112514254198,21.41087072542423,12970600
2011-05-23,21.150754928588867,21.27924636808489,21.053604497446283,21.182093545959066,13230200
2011-05-24,21.144487380981445,21.24163780853782,21.063005066040173,21.204032425475045,10881000
2011-05-25,20.96898651123047,21.153885996715175,20.940780086590433,21.08493961535381,13132000
2011-05-26,20.903175354003906,20.968989557397204,20.777820887117915,20.915711278889145,14872400
2011-05-27,20.843631744384766,21.04420175139122,20.834230398897446,20.956452672198782,9097400
2011-05-31,20.937650680541992,21.07240889804381,20.884374787595174,20.97839303831121,20294000
2011-06-01,20.921972274780273,21.053595848251724,20.871828594801286,20.871828594801286,14883000
2011-06-02,20.696332931518555,20.92197473600357,20.564709342563145,20.88750154970822,14264200
2011-06-03,20.536508560180664,20.630526801524674,20.436223551872544,20.455026243748065,12937800
2011-06-06,20.502038955688477,20.611725329147724,20.48323626051935,20.530245389425776,10445400
2011-06-07,20.43309211730957,20.592922195797065,20.426825349381083,20.533377141050366,11522000
2011-06-08,20.49576759338379,20.536507554112667,20.392348011168462,20.442491708357622,11753000
2011-06-09,20.64932632446289,20.784084507851013,20.455023104629397,20.508301375072392,13112000
2011-06-10,20.49263572692871,20.62739394223205,20.44562660233761,20.583519396875932,14003200
2011-06-13,20.55576515197754,20.596800055217038,20.451596849570045,20.549450607914274,19081600
2011-06-14,20.710447311401367,20.783047743541793,20.612593507953818,20.6441590179407,14045000
2011-06-15,20.50841522216797,20.675714511514432,20.40424692221127,20.6473062887769,16378400
2011-06-16,20.672557830810547,20.75778731804653,20.45475422538147,20.508415808726827,15538800
2011-06-17,20.71359634399414,20.906149009089397,20.71359634399414,20.795666155649794,21317400
2011-06-20,20.779882431030273,20.877736185280753,20.634679231457916,20.634679231457916,11091800
2011-06-21,20.915620803833008,20.92509021331267,20.76094575468732,20.868271348141334,14265000
2011-06-22,20.95980453491211,21.092381030752758,20.868262933033837,20.925081775293027,15701200
2011-06-23,20.511573791503906,20.824076302847242,20.337959947261485,20.81144962251206,26467800
2011-06-24,20.495784759521484,20.637830663576075,20.429496510409848,20.53997692559591,32073800
2011-06-27,20.584177017211914,20.66309197391413,20.470539286897246,20.470539286897246,14777600
2011-06-28,20.843015670776367,20.865111759874406,20.628366915984092,20.682028502608887,12932400
2011-06-29,21.057661056518555,21.09554109246603,20.89036177892945,20.893519050664914,17035400
2011-06-30,21.240745544433594,21.30387653313143,21.092385071871547,21.14289178946409,15594600
2011-07-01,21.493268966674805,21.49326896667481,21.155513165940256,21.155513165940256,16487000
2011-07-05,21.55956268310547,21.714235291985464,21.49011715021853,21.49011715021853,14801200
2011-07-06,21.632164001464844,21.70160953731111,21.556406329765714,21.562718465618573,11486000
2011-07-07,21.701608657836914,21.745800831894897,21.647947076236914,21.723704744865906,12423400
2011-07-08,21.679515838623047,21.679515838623047,21.502747115746256,21.575347523373555,12671600
2011-07-11,21.496429443359375,21.553248297202153,21.373322328082175,21.385949007635332,14152400
2011-07-12,21.417510986328125,21.60375146879662,21.37963336217977,21.455391018768957,13343400
2011-07-13,21.483800888061523,21.600595857511248,21.392259275513254,21.518523651727854,14688000
2011-07-14,21.360700607299805,21.569037255851832,21.26600410110715,21.455399521785896,15011200
2011-07-15,21.31650733947754,21.423832930993875,21.237592384180616,21.417518385925867,17491600
2011-07-18,21.187091827392578,21.28494561868325,21.019790069488177,21.231284017542798,14792000
2011-07-19,21.881542205810547,22.026745457770087,21.31651074657822,21.370172346766672,37415400
2011-07-20,21.73948860168457,21.887846666351923,21.717392514751744,21.85943844384951,15833800
2011-07-21,21.887853622436523,21.976240406550506,21.622700494975426,21.723711554240644,22086600
2011-07-22,22.010957717895508,22.039365942371507,21.93204277218259,21.954138860650488,13323200
2011-07-25,21.862594604492188,21.9572910829796,21.783679668272978,21.818402432872848,13154800
2011-07-26,21.840503692626953,21.925730784284923,21.80893578402675,21.891008011459338,11830600
2011-07-27,21.68267250061035,21.85944121851056,21.635323048803322,21.707923454386695,18677600
2011-07-28,21.720542907714844,21.868903350138456,21.660569203123014,21.67003860867476,15270200
2011-07-29,21.468017578125,21.73317057887443,21.433294817318412,21.578497995103927,20545600
2011-08-01,21.379636764526367,21.625850993843013,21.187084116821225,21.622693721897374,17654200
2011-08-02,21.171300888061523,21.34175745455142,21.171300888061527,21.275469191187508,18127600
2011-08-03,21.591129302978516,21.64163361516048,21.133421179772988,21.149205131994655,28086000
2011-08-04,20.77672576904297,21.505899060209593,20.75147240969093,21.392261351418313,32324800
2011-08-05,21.076601028442383,21.231276044173967,20.530510994543345,20.918771149094685,43916600
2011-08-08,20.55576515197754,21.2154929173058,20.50210116061151,20.890363738542653,50096800
2011-08-09,21.048192977905273,21.10816910320054,20.072804267410945,20.77672539054848,43128400
2011-08-10,20.189599990844727,20.991376150865435,20.1075289748162,20.909303930690363,38237200
2011-08-11,20.981910705566406,21.247063824732205,20.173821052578866,20.202230487367597,38406600
2011-08-12,21.19339370727539,21.38594633185662,20.95980618550028,21.073443878967648,20310400
2011-08-15,21.52799415588379,21.597439686756445,21.23127562619079,21.297563885216658,23081600
2011-08-16,21.518524169921875,21.616380328198346,21.32912880518542,21.3670088414498,21413800
2011-08-17,21.86890983581543,21.891005924753337,21.515372412808915,21.610068904702917,23176000
2011-08-18,21.38910675048828,21.76158537648169,21.168143465882707,21.543779363907134,39569000
2011-08-19,21.18077278137207,21.55325145371537,21.105015101251144,21.3165065960809,30478200
2011-08-22,21.23443603515625,21.48380759373517,21.202870533323324,21.468026046965416,19652800
2011-08-23,21.799474716186523,21.799474716186527,21.25022709414194,21.2975765668669,23951200
2011-08-24,21.99517250061035,22.004641908224485,21.638477833485073,21.72686218227414,19475400
2011-08-25,21.455394744873047,21.969919298015018,21.389106482808835,21.969919298015018,25320000
2011-08-26,21.62269401550293,21.707921092849467,21.054505472216352,21.442768044844332,19849600
2011-08-29,22.010957717895508,22.048835350530172,21.739490111979634,21.767898336455634,17660600
2011-08-30,22.051992416381836,22.18456894594894,21.94466683890394,22.026739055999624,31678000
2011-08-31,22.23823356628418,22.33924461330905,21.9888644254207,22.055152699253274,22322800
2011-09-01,22.23823356628418,22.44341293288594,22.026742062871698,22.12459583734454,23530000
2011-09-02,22.01411247253418,22.093027417855577,21.938354799347685,22.007800336557395,17530000
2011-09-06,21.916257858276367,21.95098062553024,21.27231164051315,21.284938320268456,25784600
2011-09-07,22.348711013793945,22.364492556142082,22.067774032094025,22.099339525083042,21287400
2011-09-08,22.465503692626953,22.654899059814408,22.269796190126776,22.30451895507863,24867600
2011-09-09,21.897315979003906,22.301360041469852,21.69529394777093,22.28873336348122,32891200
2011-09-12,21.900470733642578,21.950977445346567,21.527992163849632,21.606907094667694,29144200
2011-09-13,21.96085548400879,22.03395346655574,21.795593958933246,21.916361903230055,21421800
2011-09-14,22.17378807067871,22.405792377778504,21.782879859376656,22.03712853081843,22250000
2011-09-15,22.571062088012695,22.571062088012695,22.199221725264607,22.21829214046743,21186000
2011-09-16,22.637798309326172,22.780813045729765,22.571055512638278,22.68546827164848,34620600
2011-09-19,22.40262222290039,22.46618623384426,22.23100303043057,22.269141436996893,28571200
2011-09-20,22.453472137451172,22.717257312045874,22.412154926539383,22.497965730187754,18313400
2011-09-21,22.018064498901367,22.586949549502023,22.014885692831367,22.517030364273545,23531000
2011-09-22,21.554058074951172,21.65893685205821,21.1726837896583,21.41104332414599,36341000
2011-09-23,21.42694091796875,21.519106931791388,21.25214531221094,21.407872923632866,24284400
2011-09-26,21.852806091308594,21.894120877275547,21.503212539695866,21.614446520929153,24008200
2011-09-27,22.110219955444336,22.377183769754982,22.018054021022653,22.285017835333296,22249200
2011-09-28,21.63033103942871,22.297739632336135,21.57630346372658,22.189682056213456,19032600
2011-09-29,21.944969177246094,22.13247751725287,21.671650045421707,21.900475590643858,21372600
2011-09-30,21.471426010131836,21.960857876742,21.471426010131836,21.754279129351172,25026200
2011-10-03,20.791309356689453,21.268028477874612,20.695966987283725,21.163149689281354,38471200
2011-10-04,20.730924606323242,20.79448617986504,20.130257552535095,20.606975415895104,30800000
2011-10-05,20.826271057128906,20.848517854709897,20.51481589099506,20.80720306626494,23037800
2011-10-06,20.781780242919922,20.975646258376408,20.483035414238895,20.966112261668613,25205400
2011-10-07,20.943864822387695,21.13773083193187,20.781779609140088,21.13773083193187,18857800
2011-10-10,21.261669158935547,21.271203151551905,20.97881606263121,21.15361158494063,12354400
2011-10-11,21.229890823364258,21.357013972532318,21.16314801791679,21.207644029787982,11161000
2011-10-12,21.446008682250977,21.60173627439559,21.226717075656055,21.372910671812928,17549600
2011-10-13,21.42057991027832,21.477786302468267,21.258494728287,21.391975501823918,12909400
2011-10-14,21.563594818115234,21.674828796783405,21.404688441526737,21.674828796783405,13503000
2011-10-17,21.293453216552734,21.563593555998086,21.23624682734041,21.55405956191582,20232800
2011-10-18,21.210819244384766,21.449178773040437,21.102764088592412,21.36972559682188,23650600
2011-10-19,21.302989959716797,21.5540623433977,21.252141176476606,21.290277157726987,15389400
2011-10-20,21.331594467163086,21.477788053630672,21.156796469908873,21.449183642844044,13323600
2011-10-21,21.671655654907227,21.712970446097895,21.43965124352764,21.592202454734924,23146600
2011-10-24,21.569950103759766,21.817843636536647,21.48731811792793,21.738390456814898,13609200
2011-10-25,21.27756118774414,21.58901872832431,21.229891218278695,21.582663540635146,14228200
2011-10-26,21.442832946777344,21.465079748841735,21.10595210845385,21.385626537937544,16041200
2011-10-27,21.79241943359375,21.95768099112908,21.643047058189808,21.906832213702355,26704600
2011-10-28,21.90683937072754,21.922730982769536,21.735220144496154,21.77653494119795,17307400
2011-10-31,21.712963104248047,21.94496743717952,21.703429111406198,21.817841874945223,18998600
2011-11-01,21.306167602539062,21.45236118035745,21.22353560647861,21.334769586914454,23682800
2011-11-02,21.53816795349121,21.630333937476593,21.404687186913243,21.426933981342906,14538600
2011-11-03,21.817842483520508,21.871870060943614,21.61444254815947,21.64304452748282,17363400
2011-11-04,21.54134750366211,21.65893909240477,21.385619937276616,21.598553894845182,15177200
2011-11-07,21.678003311157227,21.69707129666249,21.38243741223366,21.50320778634939,12513800
2011-11-08,21.817842483520508,21.840089275678167,21.54770217168649,21.70342971679011,12063600
2011-11-09,21.302989959716797,21.60808993331511,21.24896236979939,21.563596338710298,18243400
2011-11-10,21.417402267456055,21.531815058052004,21.264853496474117,21.48732146445569,16201600
2011-11-11,21.649402618408203,21.805130166957646,21.595372615071074,21.60173022709593,12882400
2011-11-14,21.544523239135742,21.60172962216476,21.426931667154296,21.544523239135746,9428600
2011-11-15,21.61126136779785,21.754276098138636,21.445999847743654,21.541342193064768,12217600
2011-11-16,21.296632766723633,21.547705126774563,21.264851977099717,21.506387918016532,17781400
2011-11-17,21.172687530517578,21.4174022956191,21.00742353289767,21.274387519545602,17467200
2011-11-18,21.417402267456055,21.519102256350344,21.26167468986895,21.360195872158076,18688400
2011-11-21,20.959753036499023,21.2553190353216,20.781778645713548,21.194936252573225,18588200
2011-11-22,20.966106414794922,21.090053186869685,20.82944684241522,20.851693636769184,11787600
2011-11-23,20.61650848388672,20.816729590253196,20.594261694290445,20.804016792667007,14089600
2011-11-25,20.575191497802734,20.772236225344006,20.575191497802734,20.705495855866697,7572600
2011-11-28,20.711854934692383,20.89618689915736,20.578374170653063,20.74045934111149,21318200
2011-11-29,21.188838958740234,21.28807582389159,20.81109556071321,20.86231372125389,21656200
2011-11-30,21.521766662597656,21.755453958868905,21.358504035417578,21.556977775976794,25300400
2011-12-01,21.39371109008789,21.633802110257665,21.345692397587506,21.448131135166655,15429000
2011-12-02,21.24966812133789,21.62421220002844,21.182442887299498,21.59539998982132,21170400
2011-12-05,21.227251052856445,21.5089594718425,21.08959874148808,21.42892911505467,17955200
2011-12-06,21.34569549560547,21.454535601559563,21.1728296429144,21.28487164678847,16730800
2011-12-07,21.377710342407227,21.470545857299427,21.19203931262283,21.304083775572884,16832800
2011-12-08,21.361703872680664,21.524964041775068,21.307281373983198,21.35209817832276,16118200
2011-12-09,21.630613327026367,21.688235304495493,21.422533828258207,21.48335770512385,18298200
2011-12-12,21.412925720214844,21.608200019481245,21.230456573299215,21.531371547709686,13380200
2011-12-13,21.281679153442383,21.534572998206286,21.220855284727026,21.476951028458398,14276200
2011-12-14,21.211244583129883,21.419323980961448,21.150420735769092,21.208042685286564,15762200
2011-12-15,21.412925720214844,21.572986461099887,21.38091406050445,21.419329517556772,13474600
2011-12-16,21.5889892578125,21.678622864271706,21.531367304755495,21.5985925095999,23957200
2011-12-19,21.566577911376953,21.726638598864984,21.51855921666409,21.595387662805308,11762000
2011-12-20,21.89630889892578,21.97313736738995,21.713839759865277,21.72984436786495,15931000
2011-12-21,22.270841598510742,22.344470581576193,21.87068992220982,21.934713213485164,18730400
2011-12-22,22.149198532104492,22.280447024741367,22.053161143476732,22.197214784086125,15586800
2011-12-23,22.389297485351562,22.39890073914667,22.155607726227174,22.162011523645987,9255200
2011-12-27,22.370088577270508,22.472527355165095,22.347680170928975,22.347680170928975,10099800
2011-12-28,22.251638412475586,22.424504255454135,22.216424864331863,22.35087526142661,8210000
2011-12-29,22.459716796875,22.469320047332406,22.251637415079568,22.280447166451786,8734000
2011-12-30,22.398897171020508,22.501335932405077,22.398897171020508,22.408500423285822,7862000
2012-01-03,22.45330810546875,22.635777151366693,22.440502960207102,22.456510002367093,15639600
2012-01-04,22.31245994567871,22.430905739428646,22.248436644498,22.379687586950556,14239200
2012-01-05,22.20682144165039,22.366882134762765,22.200417646219776,22.331668586891453,14287600
2012-01-06,22.065967559814453,22.290051556383382,21.966730710238554,22.238833403881507,13646600
2012-01-09,22.065967559814453,22.14279600973346,22.024352658260906,22.088375959471346,10522600
2012-01-10,22.19721794128418,22.254839894190184,22.123591382885316,22.238835288697324,12964400
2012-01-11,21.78746223449707,22.01474814096743,21.624202074989675,21.886701531706535,23428800
2012-01-12,21.630613327026367,21.928326470227915,21.56018619430481,21.902716159723052,15237000
2012-01-13,21.444931030273438,21.5857852220932,21.310480633899495,21.556973027251722,19991800
2012-01-17,21.5601749420166,21.729838886479595,21.55057169117264,21.685022087652857,15577000
2012-01-18,21.63701057434082,21.710639592475808,21.50576203201303,21.595395659423847,13282200
2012-01-19,21.59218978881836,21.685025297940804,21.53136837702503,21.656215541143865,13544800
2012-01-20,21.797061920166016,21.80666761238845,21.576179845692423,21.620996640068636,19158600
2012-01-23,21.937925338745117,21.96673754288438,21.739451577859032,21.76826133966515,13803200
2012-01-24,21.736248016357422,21.92832040737146,21.67542415630868,21.819480281318924,14751200
2012-01-25,21.905912399291992,21.928320804610685,21.621004484954494,21.739450308686433,14476000
2012-01-26,21.77145767211914,21.96673192665649,21.69142732000818,21.96673192665649,14721000
2012-01-27,21.5889892578125,21.813073273960512,21.521764052968095,21.73944671536871,16825000
2012-01-30,21.59539222717285,21.63060578124948,21.45773990914588,21.54097216808453,10591600
2012-01-31,21.617801666259766,21.76185778774813,21.505759644435194,21.76185778774813,13543400
2012-02-01,21.720239639282227,21.877098464089276,21.704235032369645,21.72984289189634,14915000
2012-02-02,21.71384048461914,21.8450890208623,21.688230180165284,21.79066895564765,13150000
2012-02-03,21.793867111206055,21.925115624907374,21.71703621104014,21.85148906516417,16555800
2012-02-06,21.777864456176758,21.841890219230464,21.672223778887986,21.717040591859018,14586400
2012-02-07,21.94432830810547,22.232435684626406,21.6498146919808,21.797070278876607,24269600
2012-02-08,21.8739013671875,22.04036346256145,21.832284011594208,22.037161563900487,16428400
2012-02-09,21.758649826049805,21.893100214773344,21.694624086896532,21.88349696448341,16311400
2012-02-10,21.749053955078125,21.749053955078125,21.58258941913146,21.617802977030443,10994600
2012-02-13,21.90911102294922,21.960329180736135,21.79706657077085,21.902707226767955,11091000
2012-02-14,22.056358337402344,22.06596158575072,21.80026031723092,21.918706078968256,12596000
2012-02-15,21.89630889892578,22.16841165824998,21.841888835527538,22.16201030351671,14776800
2012-02-16,22.043560028076172,22.08517493126822,21.902705829068502,21.9635296772459,11752000
2012-02-17,22.104387283325195,22.142800294551748,21.960331164227053,22.110788637752,14841800
2012-02-21,22.030757904052734,22.104386911553362,21.928319138616743,22.049964409342977,13424800
2012-02-22,22.168399810791016,22.197209555193417,21.96032047933531,21.96032047933531,13766400
2012-02-23,22.146005630493164,22.184421090015523,22.062773356028003,22.117193425268084,11120000
2012-02-24,22.08837127685547,22.248431938281957,22.03395123813011,22.200413251387637,12485400
2012-02-27,22.033954620361328,22.08837466744021,21.934715334257916,21.989137823669044,12086200
2012-02-28,22.04034996032715,22.120380281491975,22.02434536149313,22.07236160032676,9049000
2012-02-29,22.363679885864258,22.402095330847626,22.056363652994253,22.056363652994253,23464400
2012-03-01,22.28045082092285,22.39569472997872,22.213225614362372,22.366884973881085,15294200
2012-03-02,22.146005630493164,22.280456075321563,22.078780408078966,22.219634650661042,11995800
2012-03-05,22.162006378173828,22.197217486469693,22.088377378951005,22.09477873255047,10338600
2012-03-06,22.011560440063477,22.117198704883798,21.973144971370928,22.03076695324284,13161200
2012-03-07,22.021148681640625,22.069167374181546,21.928313194016756,22.008343534140902,10933800
2012-03-08,22.1748046875,22.248433672120175,22.120384644533647,22.145994938517365,33754800
2012-03-09,22.251638412475586,22.325264964170742,22.187612669335916,22.22602811521972,36742600
2012-03-12,22.456514358520508,22.517335757396907,22.19721439075323,22.242033629028974,18143600
2012-03-13,22.65323257446289,22.6661315074541,22.414608464675318,22.414608464675318,18068000
2012-03-14,22.64354705810547,22.772533859830027,22.604850279522516,22.656445984299786,12918000
2012-03-15,22.679027557373047,22.682250445046204,22.501670326565367,22.6596779302361,17991400
2012-03-16,22.62419891357422,22.720937165490447,22.533906434146495,22.695139314225383,22898800
2012-03-19,22.70159149169922,22.74351115758236,22.572604687157444,22.640322205992675,10652400
2012-03-20,22.762866973876953,22.820910934983864,22.550040756631347,22.582286854975273,10180400
2012-03-21,22.933765411376953,23.024055429260496,22.685465401978743,22.72738752472358,19870800
2012-03-22,23.0305118560791,23.082107576209328,22.87572961612712,22.898302128629258,14252800
2012-03-23,23.053085327148438,23.088556771158064,22.988593134523363,23.024064578532986,16206600
2012-03-26,23.18528938293457,23.18528938293457,23.08532332116568,23.133693678767585,11536400
2012-03-27,23.175617218017578,23.211088651742788,23.104674350567155,23.159492944426578,11430400
2012-03-28,23.430362701416016,23.481955942378804,23.185288041242043,23.204635199075785,26260600
2012-03-29,23.80120086669922,23.988231628663776,23.30460321952724,23.33040107501592,41063600
2012-03-30,23.865694046020508,23.90761371346202,23.6399665146263,23.73993258347722,26555800
2012-04-02,23.907611846923828,23.926959005737302,23.74637896289536,23.807648246096118,14579000
2012-04-03,23.78508186340332,23.8882708373353,23.68834112399619,23.7560586574935,12989200
2012-04-04,23.688339233398438,23.733484252126892,23.607722777066336,23.633520633545167,12487400
2012-04-05,23.691564559936523,23.707686375057538,23.562577737873386,23.630295265907257,11531400
2012-04-09,23.498077392578125,23.575468474838985,23.45615527534746,23.527098125844145,9806800
2012-04-10,23.22398567199707,23.41746711882659,23.201413164562798,23.404568191690036,17290600
2012-04-11,23.25623321533203,23.369095747627988,23.16594072927658,23.356196821048638,12026600
2012-04-12,23.288476943969727,23.301375869243206,23.1594901514534,23.265904439795754,10640600
2012-04-13,23.198190689086914,23.411016840065017,23.198190689086918,23.28848072042422,10525600
2012-04-16,23.359420776367188,23.4722833019406,23.262680062893672,23.28847791451575,14147600
2012-04-17,23.846343994140625,24.017252928046332,23.59804642033888,23.59804642033888,22614400
2012-04-18,23.917287826538086,23.97533176902205,23.775404547303033,23.804425288435606,11779800
2012-04-19,23.80443000793457,23.972111174900263,23.67544317015057,23.955989357814325,10731200
2012-04-20,23.904388427734375,23.97533129606182,23.778626964869815,23.84956983319726,13461000
2012-04-23,23.762516021728516,23.885052193846803,23.64642808594492,23.85603144001085,10472200
2012-04-24,23.90117073059082,23.97533650160425,23.768958545416616,23.836676081645123,10288000
2012-04-25,24.16236686706543,24.20106365575035,23.962437149188883,24.036605379113503,18596000
2012-04-26,24.41387367248535,24.497715428993956,24.126879445431896,24.168799093577388,16782000
2012-04-27,24.71054458618164,25.09427953907207,24.48159424477696,24.494493167418934,25103000
2012-04-30,24.610593795776367,24.797624580917493,24.484832309958524,24.642839889023648,26517600
2012-05-01,24.80729103088379,24.82986353568931,24.597687794707642,24.681529581221803,13841000
2012-05-02,24.881465911865234,24.910486657162554,24.71378229386128,24.74602838648691,16558600
2012-05-03,24.97174835205078,25.036240517665842,24.894354801050603,24.945950501717387,15612000
2012-05-04,24.829866409301758,25.023345395772036,24.816967482174565,24.929830019263996,13160800
2012-05-07,24.920154571533203,24.974973162551734,24.781494190580172,24.82019096906193,8965400
2012-05-08,24.87500762939453,24.920152637343325,24.707326522758795,24.833087967790203,10561600
2012-05-09,24.75892448425293,24.891136647183707,24.665409104179208,24.697655193117313,14070800
2012-05-10,24.962081909179688,25.05559483798869,24.89436191764071,24.897587264909024,12659200
2012-05-11,24.981422424316406,25.06848709563833,24.89435529277602,24.89435529277602,10604000
2012-05-14,24.787954330444336,24.91049048534044,24.707337856381745,24.868570804506927,15411800
2012-05-15,24.691207885742188,24.878238652906347,24.591244268218126,24.687982538661707,16397800
2012-05-16,24.61381721496582,24.778273015709548,24.481605044724247,24.720231528542836,17804400
2012-05-17,24.223630905151367,24.60414063379145,24.18170877812827,24.562218506768353,22310800
2012-05-18,23.87858772277832,24.278444529609008,23.691557013373338,24.265545605489535,31913000
2012-05-21,24.026927947998047,24.05594868969831,23.904389366902183,23.930187221892773,13488800
2012-05-22,23.92374038696289,24.04950186212111,23.833450349435864,24.04950186212111,15260600
2012-05-23,24.03983497619629,24.046283212007367,23.804433775467043,23.86247773864551,18000000
2012-05-24,24.36551856994629,24.459033960640994,24.05595165258752,24.11722095068178,20204600
2012-05-25,24.25910758972168,24.407441589235816,24.18816470729769,24.384869077575388,8999600
2012-05-29,24.333271026611328,24.420338177682723,24.204284203680498,24.420338177682723,10533800
2012-05-30,24.20428466796875,24.265553963585447,24.126893556813336,24.207510015164118,13884600
2012-05-31,24.097877502441406,24.25588510269773,24.075304988119072,24.172043280834977,15147600
2012-06-01,23.56902503967285,24.00757874121038,23.54322964445569,23.85924476278135,20843400
2012-06-04,23.746376037597656,23.77862211838727,23.398112460546027,23.54967174649729,13397200
2012-06-05,23.617395401000977,23.746382217948426,23.556128569620586,23.64641860341813,12275200
2012-06-06,24.05916976928711,24.05916976928711,23.63674042467207,23.665761161224967,12496400
2012-06-07,23.9527645111084,24.204287496925375,23.926966650968364,24.181714984357683,14342800
2012-06-08,24.262325286865234,24.304247413994858,23.910838757595556,23.914064104348313,11594200
2012-06-11,24.075294494628906,24.436454566370507,24.062395569178353,24.417107408303913,10657200
2012-06-12,24.249425888061523,24.265550161292712,23.972105117972113,24.178485482412864,11911200
2012-06-13,24.24942970275879,24.392281796944044,24.178002417157256,24.223455693991355,9376200
2012-06-14,24.5903263092041,24.674740588994514,24.25267166705997,24.281893042648676,13945400
2012-06-15,24.703960418701172,24.73967405853486,24.486433686636065,24.713702528942946,19748800
2012-06-18,24.668256759643555,24.811108885414427,24.600074352298975,24.661762017506756,10457200
2012-06-19,24.5903263092041,24.75590749882673,24.5643547805911,24.75590749882673,11115400
2012-06-20,24.531890869140625,24.59033115481639,24.298129726437566,24.5740992558619,14706800
2012-06-21,24.242935180664062,24.67149642111992,24.226703282801406,24.606563875633633,12804000
2012-06-22,24.330598831176758,24.447479404223056,24.304624820051348,24.333843724803906,15252800
2012-06-25,24.275390625,24.298117253484428,24.080590598416823,24.17474448128565,9734200
2012-06-26,24.376049041748047,24.466955592218415,24.090339909392345,24.346827663658157,11859400
2012-06-27,24.785127639770508,24.830583390411164,24.42799371401065,24.42799371401065,13644400
2012-06-28,24.859804153442383,24.892270426032187,24.574097486827146,24.70720994755069,10891200
2012-06-29,25.38576316833496,25.38576316833496,25.025381895393984,25.041613790930327,18519800
2012-07-02,25.622766494750977,25.648740497333677,25.327320265678747,25.356539160821367,13350200
2012-07-03,25.700702667236328,25.76563523246292,25.554600679948617,25.613040979459985,7335000
2012-07-05,25.470178604125977,25.69420009684184,25.3890116838107,25.655239083364087,10546400
2012-07-06,25.372770309448242,25.418223569686972,25.27212168147657,25.33056194135735,10036000
2012-07-09,25.317581176757812,25.392253339512468,25.229919535416098,25.343552702880103,8615600
2012-07-10,25.317581176757812,25.49939424470022,25.26563317047868,25.496146875053455,11583400
2012-07-11,25.14875602722168,25.30784248314019,25.04810984774514,25.2916105867504,13645600
2012-07-12,24.882530212402344,25.087069954270092,24.843569199991347,25.009150406465867,19104000
2012-07-13,25.09031867980957,25.190964871035494,24.78513025864981,24.879284185965435,13307400
2012-07-16,24.830583572387695,25.12927722324734,24.739674547457774,25.031875935045534,17575600
2012-07-17,25.223430633544922,25.538358651771105,24.921489618618725,25.34355607928896,21209600
2012-07-18,25.14225959777832,25.220179127783133,24.94096479516393,25.2071921266128,13852000
2012-07-19,25.17798614501953,25.194218047044565,24.83708400125376,25.16824403138235,18050400
2012-07-20,25.009153366088867,25.113046934462016,24.931233809063517,25.087072923114214,16436000
2012-07-23,24.960460662841797,24.999421692270822,24.794881861060844,24.85332216669496,10655800
2012-07-24,24.88902473449707,24.98317617888273,24.70720915519289,24.966944281617295,10445800
2012-07-25,25.00591278076172,25.070847826751326,24.911761298859567,24.98318613392004,9020400
2012-07-26,25.60004234313965,25.619524085473635,25.226674070128997,25.226674070128997,14144600
2012-07-27,25.976659774780273,26.05133194831381,25.61627847950414,25.66497912316641,17825000
2012-07-30,26.337039947509766,26.35327184336026,25.83380411281143,25.89873665024846,15947800
2012-07-31,26.233139038085938,26.405212443310994,26.10002415358092,26.200670301463465,16333600
2012-08-01,26.301328659057617,26.379248206348322,26.164966355026696,26.288341655006207,12954600
2012-08-02,25.892248153686523,26.298082764245873,25.817573495455733,26.21042357825292,13393200
2012-08-03,26.242883682250977,26.29482921214139,25.976656339392182,26.035096608654715,11834200
2012-08-06,26.181201934814453,26.37924942093614,26.1747096709987,26.301329870057764,9179400
2012-08-07,25.898727416992188,26.291577302587623,25.892235156370077,26.24612157016627,12782800
2012-08-08,25.8305606842041,25.973415260784144,25.765628136859302,25.879261333221653,8790200
2012-08-09,25.726665496826172,25.90198633600181,25.593553040074035,25.801340150870846,9583400
2012-08-10,25.58057403564453,25.71693390530692,25.52213373764372,25.700702002929123,40577600
2012-08-13,25.518877029418945,25.57731730603741,25.356543202925163,25.52537176960856,8898200
2012-08-14,25.570825576782227,25.759130936913426,25.486411291677964,25.713677662707518,10841200
2012-08-15,25.551342010498047,25.681209560546044,25.473422471276248,25.596795281462224,7692500
2012-08-16,25.681211471557617,25.73315948624941,25.525372381517585,25.583812659537017,8824100
2012-08-17,25.668222427368164,25.798089976756046,25.499396347076154,25.75263670602291,10541000
2012-08-20,25.6292667388916,25.707186286359047,25.492904434551377,25.67472001466576,9211800
2012-08-21,25.492900848388672,25.772115204305,25.473421583516455,25.590302126784565,8329000
2012-08-22,25.17473602294922,25.48641674578285,25.12278799730118,25.4149894490259,13479200
2012-08-23,24.746171951293945,25.220186485726654,24.68773166748619,25.200707216796708,14973300
2012-08-24,24.97994041442871,25.03188597248618,24.72020519308543,24.72020519308543,9317800
2012-08-27,24.785127639770508,25.03837049183572,24.752661369613726,25.03837049183572,9589400
2012-08-28,24.674747467041016,24.88253461597043,24.525400608561636,24.76565403507036,16148800
2012-08-29,24.3241024017334,24.707210369681395,24.272156860105767,24.707210369681395,23435400
2012-08-30,24.116315841674805,24.43449127072852,24.109823577702162,24.27215742421534,17041800
2012-08-31,24.285144805908203,24.402025375372265,24.12281095687678,24.291637069981558,20710300
2012-09-04,24.207212448120117,24.408507226773168,24.16825392626378,24.363053966596173,17293400
2012-09-05,24.356571197509766,24.427998492036178,24.09683850843514,24.259172367988576,20839200
2012-09-06,24.77215003967285,24.869548877376136,24.479948572526343,24.531894123897764,19851400
2012-09-07,24.609800338745117,24.99940039302452,24.505906825802825,24.921480877571984,16391700
2012-09-10,24.453969955444336,24.661757075855608,24.408516677667983,24.648770071202673,18216900
2012-09-11,24.525392532348633,24.56435353882486,24.389032725207908,24.434485994254818,16505000
2012-09-12,24.54828453063965,24.73133602162081,24.52213396137726,24.70518545235842,14632200
2012-09-13,25.071285247802734,25.16281224679665,24.587512150970667,24.665961370538298,23803400
2012-09-14,24.920913696289062,25.2020259941622,24.849000900016197,25.2020259941622,25087400
2012-09-17,25.071285247802734,25.090899423086437,24.862085666385237,24.94707377566601,23594400
2012-09-18,25.247787475585938,25.496212811515925,25.038587980230595,25.09088910099678,24373700
2012-09-19,25.182416915893555,25.37200476309018,25.110504112208282,25.27394139554571,26276800
2012-09-20,25.2608642578125,25.411226248173904,25.090890592925,25.097426986482084,26953000
2012-09-21,24.862075805664062,25.32623953082867,24.764014943561058,25.319700643708963,98967500
2012-09-24,24.920913696289062,24.999365379780244,24.718253081907108,24.718253081907108,21902000
2012-09-25,24.63326072692871,25.01897270861436,24.620185448617665,24.979746873681222,20299200
2012-09-26,24.685562133789062,24.966674414583622,24.67248934785619,24.698637413576556,16677400
2012-09-27,25.045120239257812,25.071268298866322,24.777083300901744,24.881683020897917,15176100
2012-09-28,24.79669761657715,24.986285408641596,24.777085946313345,24.953595966396183,22721200
2012-10-01,25.09088897705078,25.234712070737928,24.940526996372817,24.94706338950895,16671400
2012-10-02,25.06474494934082,25.29355617656017,24.914382929474485,25.208570574367464,10276000
2012-10-03,24.999366760253906,25.18241571079848,24.933990353734483,25.051665391614538,13637100
2012-10-04,25.058208465576172,25.202031596237084,24.9666814811579,25.143194067467288,9654500
2012-10-05,25.221637725830078,25.23471051129448,25.005899357849437,25.162800215822134,12287900
2012-10-08,25.221637725830078,25.287011628570227,25.13011077059753,25.19548716719221,9434600
2012-10-09,25.20856285095215,25.385075383807912,25.143186453308584,25.169337012366007,13078700
2012-10-10,24.90130615234375,25.31970522493777,24.875155586842826,25.26740658779111,13754500
2012-10-11,24.91438102722168,25.025517187998414,24.855543502735422,24.973218551707934,10843800
2012-10-12,24.99282455444336,25.097424297132097,24.914375370890447,25.01243622686794,12059700
2012-10-15,24.927452087402344,25.00590127547746,24.849000405472502,24.901301526759063,13785100
2012-10-16,24.77708625793457,24.98628572289392,24.47635984493296,24.96013516631042,25811800
2012-10-17,24.6724853515625,24.94052230915463,24.646334796223215,24.881684806568348,15449600
2012-10-18,24.737863540649414,24.888225519172423,24.489438209506996,24.685562420891156,23063300
2012-10-19,24.45021629333496,24.80323889692853,24.45021629333496,24.79670250350384,19864500
2012-10-22,24.33907699584961,24.502514259448265,24.16256445190049,24.4306014644481,13340500
2012-10-23,23.933759689331055,24.175646205949555,23.8879974427777,24.162570922097824,13287300
2012-10-24,24.110265731811523,24.21486548035899,23.92721430146241,23.92721430146241,13531400
2012-10-25,24.2475528717041,24.312926780530354,24.090651999124425,24.18871535621857,10457900
2012-10-26,24.214872360229492,24.358695496685744,24.044896161887433,24.267171002434832,11896500
2012-10-31,24.306392669677734,24.45675466918165,24.13641650060027,24.2933173879137,11643500
2012-11-01,24.40445327758789,24.554815260096653,24.286778248867172,24.286778248867172,10622300
2012-11-02,24.241016387939453,24.613653153339563,24.18871526598973,24.567890918560934,11237500
2012-11-05,24.038360595703125,24.182186230974228,23.946836098296245,24.156035662042115,12139600
2012-11-06,24.463287353515625,24.502513192859514,24.097189495057812,24.13641284054708,11448400
2012-11-07,24.00567626953125,24.443687124928815,23.796476682795728,24.37177429939052,16745000
2012-11-08,23.77031135559082,24.260623050239627,23.77031135559082,23.959899142713375,12921700
2012-11-09,23.72454833984375,23.874910288597324,23.567647505487667,23.567647505487667,11520300
2012-11-12,23.587265014648438,23.724551705527336,23.528427505149697,23.724551705527336,10169700
2012-11-13,23.639564514160156,23.901065120263,23.52188949079934,23.554576443098544,12105200
2012-11-14,23.54150390625,23.770317586712927,23.44997943160679,23.659178943321244,13508300
2012-11-15,23.81607437133789,23.848761319961795,23.44343767054586,23.469588226986712,17643600
2012-11-16,23.90106201171875,23.95989951574682,23.711474221644487,23.855299785680725,15624800
2012-11-19,24.345613479614258,24.378300430336267,24.064501214466883,24.090649278731803,14076200
2012-11-20,24.352148056030273,24.36522333411482,24.09064748204796,24.339072777945727,12278600
2012-11-21,24.443681716918945,24.495982848959425,24.33254555211578,24.40445836174382,8631300
2012-11-23,24.79669761657715,24.80977289470445,24.509048979339383,24.54827231986699,5365500
2012-11-26,24.4240665435791,24.698639965926944,24.339078463105057,24.567892142249807,13217000
2012-11-27,24.463287353515625,24.705176288687674,24.410988728245062,24.476362633296922,11873700
2012-11-28,24.723295211791992,24.729876453694278,24.223035454374095,24.39417787542559,14846300
2012-11-29,24.993179321289062,24.99317932128906,24.68380812264256,24.80229060250859,12433700
2012-11-30,24.960256576538086,24.999751559254488,24.7891166733655,24.97342157077689,13039500
2012-12-03,24.60481071472168,24.97342049364591,24.57189948602713,24.94709301726975,12864900
2012-12-04,24.45342445373535,24.677224391933866,24.446840699424673,24.558741924007208,11794200
2012-12-05,24.55873680114746,24.68380048633043,24.407343126147225,24.48633058463299,14561400
2012-12-06,24.60481071472168,24.644303184768823,24.552150740037764,24.578480727379723,8974700
2012-12-07,24.82202911376953,24.841777861573608,24.61139421761026,24.644305449329018,10654700
2012-12-10,24.77595329284668,24.868105747554495,24.690382080203964,24.815448278135488,8603200
2012-12-11,24.92075538635254,25.006326563485022,24.736450553419523,24.769361772019703,10671300
2012-12-12,24.77595329284668,24.966841955293475,24.683800838138865,24.94051196510094,14681700
2012-12-13,24.749618530273438,24.874684704088892,24.70354231180424,24.815443493061988,11442100
2012-12-14,24.78911781311035,24.861524029269866,24.683800365323613,24.696965360167706,11800900
2012-12-17,24.683809280395508,24.894444252044195,24.604821793768984,24.874698008129297,17588900
2012-12-18,24.538982391357422,24.815442198718358,24.4402487187728,24.703541023297245,17952100
2012-12-19,24.209877014160156,24.545578194282236,24.20329577047607,24.519248197612526,17991900
2012-12-20,24.387592315673828,24.420503544678862,24.12429997266771,24.150627449292248,16182700
2012-12-21,24.28227424621582,24.47974412608803,24.04530938598287,24.354680454727642,27942400
2012-12-24,24.176959991455078,24.223036219123777,24.071642540931474,24.170378749345016,4851800
2012-12-26,23.97290802001953,24.223037924232525,23.854428076935758,24.157215454634176,9982100
2012-12-27,23.97290802001953,24.058479239270394,23.828098084709914,23.926831789107435,11380600
2012-12-28,23.67670440673828,23.97290803103319,23.663539410619308,23.841263091776014,14053400
2012-12-31,23.861011505126953,23.88075774562192,23.41999539429611,23.61746533214524,15651400
2013-01-02,24.749618530273438,24.749618530273434,24.130878945854555,24.348097556608398,21872400
2013-01-03,24.749618530273438,24.749618530273434,24.427085000989077,24.650884852538983,16357900
2013-01-04,24.78911781311035,24.927346492524318,24.696965360167706,24.782536571171313,15311300
2013-01-07,24.55215835571289,24.696970820046303,24.420510889134018,24.696970820046303,14610200
2013-01-08,24.38101577758789,24.538990711673254,24.295444556894637,24.479749483649666,14324300
2013-01-09,24.374435424804688,24.486336653780732,24.24279046502109,24.486336653780732,10563700
2013-01-10,24.328353881835938,24.466582566047638,24.1967064397917,24.433671333278106,15603700
2013-01-11,24.29543685913086,24.31518309189356,24.03872578935372,24.249360642040887,15644800
2013-01-14,24.348106384277344,24.427093857295784,24.22304016511778,24.3217763896157,11001500
2013-01-15,24.56531524658203,24.637721454853715,24.22303295082137,24.34809913273273,12721600
2013-01-16,24.56531524658203,24.63113770266588,24.433667823448587,24.492909038310348,9168000
2013-01-17,24.69037437438965,24.78911055131328,24.571894477432693,24.637716921404923,12121800
2013-01-18,24.815444946289062,24.82202618747053,24.558733853794312,24.677216282786617,14056100
2013-01-22,24.440256118774414,24.841779704035048,24.387596135345902,24.841779704035048,21249400
2013-01-23,24.440256118774414,24.52582482539642,24.381014892900446,24.4073448846147,13570200
2013-01-24,24.427085876464844,24.51923831670601,24.35467967028516,24.486327089614974,13258900
2013-01-25,24.387592315673828,24.519239742659796,24.295439870073395,24.47316351985958,14040700
2013-01-28,24.361268997192383,24.42709398418844,24.26253528314806,24.40076398939002,13386500
2013-01-29,24.631141662597656,24.72987787356293,24.262531831721756,24.2756968272482,17705800
2013-01-30,24.683809280395508,24.756215522706043,24.565326794972258,24.61798679336789,13219400
2013-01-31,24.512657165527344,24.703543287741322,24.427085966004448,24.703543287741322,12969100
2013-02-01,24.710140228271484,24.822038962707865,24.598238982868082,24.710140228271484,11932600
2013-02-04,24.585060119628906,24.73645627997539,24.55214889340969,24.670631316571352,9456300
2013-02-05,25.105070114135742,25.118235108957634,24.723295308164854,24.723295308164854,17897300
2013-02-06,25.216962814331055,25.295950245670777,25.012909229824498,25.09848041183888,16823700
2013-02-07,25.611907958984375,25.710644152497192,25.243295682297656,25.289371903012785,18805300
2013-02-08,25.519760131835938,25.63165882781511,25.407858924890604,25.57241760318903,12308000
2013-02-11,25.414440155029297,25.55925258106417,25.282792723267224,25.48026261542738,12159900
2013-02-12,24.723295211791992,25.118235011045275,24.538987795969923,25.085323779601836,30700500
2013-02-13,24.492904663085938,24.973415537367355,24.36125726346897,24.795691924529248,19943800
2013-02-14,24.249364852905273,24.690380867624047,24.1572124027232,24.51265971996773,22748600
2013-02-15,24.631141662597656,24.631141662597656,24.05189692523091,24.31518930286139,25204300
2013-02-19,24.795703887939453,24.861528874989766,24.657475181583553,24.690386419625455,14850600
2013-02-20,24.835193634033203,24.933929838268583,24.624558741899303,24.815447397572516,12949300
2013-02-21,24.82202911376953,24.874689093292364,24.637724207371676,24.76278789228936,14135100
2013-02-22,25.355199813842773,25.355199813842773,24.82202882668767,24.85494005802579,20102800
2013-02-25,24.828617095947266,25.486851886308823,24.828617095947266,25.381534420289633,15874600
2013-02-26,25.085325241088867,25.137982712273025,24.86810658116806,24.980007787754396,15770000
2013-02-27,25.309131622314453,25.368372861915958,24.960265428675907,25.03267166718517,14271100
2013-02-28,25.486846923828125,25.651405589377706,25.289374516395856,25.322288258278547,19005500
2013-03-01,25.473669052124023,25.532910242213614,25.33544044556988,25.33544044556988,13724500
2013-03-04,25.55266571044922,25.55266571044922,25.30911962353528,25.407853302084693,9934300
2013-03-05,25.460519790649414,25.671154705302804,25.381532325395955,25.657989709266186,13240700
2013-03-06,25.684314727783203,25.697479721270525,25.47367985391752,25.539502310388386,11653900
2013-03-07,25.750144958496094,25.796221194129757,25.56584001596145,25.697487479614704,15094900
2013-03-08,25.815963745117188,25.947608666184372,25.690897554751075,25.783050003884473,11183600
2013-03-11,25.875198364257812,25.921274577072314,25.789627178617188,25.80279216955923,9200400
2013-03-12,25.644824981689453,25.875208648292638,25.53950752326025,25.85545989854785,11375900
2013-03-13,25.585147857666016,25.770786886946922,25.558627273728145,25.73763742159563,14358300
2013-03-14,25.870243072509766,25.93654201669335,25.63156282682069,25.737642654999988,14572500
2013-03-15,25.7442684173584,25.81719622829939,25.631557202009507,25.737637006909733,20781900
2013-03-18,25.69785499572754,25.817195087107887,25.571886023333587,25.598406605671872,11479900
2013-03-19,26.075777053833008,26.122186826299163,25.737645821130553,25.803944773469944,15192000
2013-03-20,26.43378257751465,26.466932038184517,26.095654032055247,26.122174612247832,19271900
2013-03-21,26.566396713256836,26.805077000365735,26.360865903992384,26.42053597576961,23063600
2013-03-22,26.546499252319336,26.705617707999625,26.447048320662464,26.506718373828136,16128500
2013-03-25,26.599538803100586,26.685729444871207,26.49345898597611,26.59290992103008,15718400
2013-03-26,26.97744369506836,26.98407510514687,26.606165663212582,26.606165663212582,13666500
2013-03-27,26.66583824157715,26.87799785969134,26.559758432520052,26.81832780902534,14559900
2013-03-28,26.81170082092285,26.91778064747788,26.533242224644372,26.77192246667882,14227200
2013-04-01,26.818321228027344,26.84484180606922,26.632679710875735,26.778540360964527,8200500
2013-04-02,26.997343063354492,27.11668318724104,26.798441170781828,26.80507258274365,13359200
2013-04-03,26.6326961517334,27.063646958952482,26.573028608017587,27.03712636453895,13639200
2013-04-04,26.878005981445312,26.91115545757831,26.652586002940833,26.698995775355616,11435900
2013-04-05,26.573020935058594,26.75865998406387,26.526608643664918,26.659209048301125,10729500
2013-04-08,27.090164184570312,27.096793067777813,26.36749451609919,26.559765007972874,22757900
2013-04-09,26.990711212158203,27.269172339742806,26.858110795648514,27.057012684984336,21056100
2013-04-10,27.22938346862793,27.295682392863476,26.99070329475303,27.037113047546278,9703700
2013-04-11,27.302324295043945,27.454813902700863,27.222765049558344,27.269174820186848,10962500
2013-04-12,27.236021041870117,27.255910217813202,26.97082022663105,27.12330981019367,10394700
2013-04-15,26.579654693603516,27.17635535936875,26.55313410198221,27.083533288694188,16050600
2013-04-16,28.09128189086914,28.164212224394074,27.34872332334057,27.448174237991267,32135700
2013-04-17,28.210628509521484,28.310079447202007,27.865868462476055,27.93879881288945,24208000
2013-04-18,27.91227149963379,28.27692316383107,27.905642618985567,28.164211959676877,16034200
2013-04-19,28.2835636138916,28.356493976563275,27.978584396485356,28.031623050792046,13875800
2013-04-22,28.32333755493164,28.409525663184475,28.111177931453234,28.190737157972084,10544100
2013-04-23,28.310081481933594,28.482460253274493,28.018360059313107,28.363120131137492,11216200
2013-04-24,27.9454345703125,28.44268427776188,27.912282566501634,28.27030296285946,11368200
2013-04-25,28.07802963256836,28.204001164381403,27.89902198161543,28.018359572536536,10197100
2013-04-26,27.91227149963379,28.131062498152158,27.905642618985567,27.965312661386776,15159800
2013-04-29,28.005107879638672,28.038257358145774,27.792945653078423,28.005107879638672,11311100
2013-04-30,28.064773559570312,28.10455191589501,27.766423241421627,27.94543343231084,13432200
2013-05-01,27.98520851135254,28.217259855689942,27.93879874831354,27.945430159686197,8710600
2013-05-02,27.819461822509766,27.952062244589513,27.507853739136447,27.620562453961487,18709600
2013-05-03,28.005107879638672,28.12444549643562,27.819466247541342,27.958695574757023,11757800
2013-05-06,27.899019241333008,28.038248524684445,27.759787428839275,28.038248524684445,9356100
2013-05-07,28.310081481933594,28.31671036465561,27.94543223280057,27.985210587417846,13785300
2013-05-08,28.150959014892578,28.296819718632086,27.952059664702087,28.20400019048602,12636300
2013-05-09,27.925540924072266,28.217262350847527,27.845981684562023,28.184110349337523,10113700
2013-05-10,27.9454345703125,28.005104636372135,27.746532664018506,27.918913978920926,9927000
2013-05-13,27.97194480895996,28.137694665083753,27.845975828797034,27.938795343563623,9291000
2013-05-14,28.19074821472168,28.29019665458956,27.85261694339856,27.96532821022067,13023900
2013-05-15,28.45594596862793,28.57528611720521,28.104556936229905,28.177487308043037,12306200
2013-05-16,28.568649291992188,28.794069228963895,28.369749942697723,28.449309176587022,12330000
2013-05-17,28.489084243774414,28.595164043691163,28.21725459841638,28.542122879161827,12611200
2013-05-20,28.09792137145996,28.47583090905496,28.044880193973096,28.47583090905496,9966000
2013-05-21,28.071407318115234,28.217268061019894,27.89239709613491,28.164226871184333,9148800
2013-05-22,28.011728286743164,28.416158377912762,27.872499001661204,28.03161746199992,13615600
2013-05-23,27.799560546875,27.8923800431958,27.55425151672124,27.799560546875,10934200
2013-05-24,28.005107879638672,28.091296017928517,27.514486998647065,27.541007593109985,11542100
2013-05-28,28.210628509521484,28.542128262933353,28.11118010098337,28.243777979034192,14412100
2013-05-29,27.44817352294922,28.13106202972606,27.38850348154161,28.07139198831845,16986600
2013-05-30,27.03049087524414,27.580779164567616,27.017230581277705,27.507851341465926,20874500
2013-05-31,26.51335334777832,27.030492191947697,26.51335334777832,26.950932953416086,26184400
2013-06-03,27.057008743286133,27.0768979176652,26.274669181908,26.486828805758794,16577200
2013-06-04,27.46143913269043,27.66034101365781,27.149831075516996,27.574150367181442,19241000
2013-06-05,26.95093536376953,27.448185075063115,26.91778335970237,27.448185075063115,16429300
2013-06-06,27.04375457763672,27.04375457763672,26.72551506976076,26.884633559127344,11171600
2013-06-07,27.454811096191406,27.666970748560658,27.16972108910599,27.31558179853831,14459600
2013-06-10,27.302324295043945,27.527744264872172,27.209504753786938,27.51448396910077,11247400
2013-06-11,27.04375457763672,27.169723592480494,26.785185135558926,27.103424643434884,16491600
2013-06-12,26.963634490966797,27.33080405329692,26.890200069176164,27.23066828900127,11611100
2013-06-13,26.97699737548828,27.023727927101458,26.48966266107654,26.91024017221919,17861200
2013-06-14,26.930267333984375,27.23067984763378,26.876859533058205,26.956971234447458,13635100
2013-06-17,27.15723991394043,27.31078349067963,26.970317741670726,27.063778827805578,12409200
2013-06-18,27.32413101196289,27.364186848084984,27.083801088476697,27.170587460096307,9893100
2013-06-19,26.97699737548828,27.664606246331356,26.97699737548828,27.377545688350953,16936100
2013-06-20,26.12247657775879,26.93692464301282,26.01566359149814,26.88351942319373,24899700
2013-06-21,26.543060302734375,26.683254463995127,26.23597318116003,26.456276472695976,21938300
2013-06-24,26.389514923095703,26.709953968734094,26.12248365837529,26.336109688800885,16433700
2013-06-25,26.51636505126953,26.65655669812696,26.32944030883571,26.583122250737663,12942100
2013-06-26,26.923587799072266,27.023723587897077,26.743340323239213,26.75669227107392,13855600
2013-06-27,26.876853942871094,27.290756674087838,26.863504542040243,27.13721309829721,11459100
2013-06-28,26.77672004699707,26.997020828986752,26.77004279948673,26.87018113915171,16316000
2013-07-01,27.010374069213867,27.31746125715873,26.94361687066025,27.037077967284873,10754300
2013-07-02,26.950298309326172,27.197305608297885,26.82345858171535,27.017058071193336,12248300
2013-07-03,27.030391693115234,27.077122221420037,26.723302090025783,26.86349622156299,5264800
2013-07-05,27.05043601989746,27.237358255323258,26.803431273567018,27.18395299375494,10402200
2013-07-08,27.06378173828125,27.210648083734394,26.9836700444444,27.137216184319758,9936300
2013-07-09,27.257387161254883,27.417605490847627,27.18395269909803,27.27741381579787,8760500
2013-07-10,27.15723991394043,27.344162086210133,27.057101580725316,27.31745819113629,9539300
2013-07-11,27.390901565551758,27.471013276909712,27.197304629664444,27.370874911024483,13489600
2013-07-12,27.390901565551758,27.45766132501672,27.190627380405733,27.390901565551758,10686400
2013-07-15,27.37753677368164,27.537757574630078,27.32413153778099,27.404240664943586,11418400
2013-07-16,26.856828689575195,27.03707616963427,26.36949404198898,26.556416222810068,33575600
2013-07-17,27.264049530029297,27.357510604448688,26.91023187783496,27.07045013494726,18513100
2013-07-18,27.244028091430664,27.417598327578983,27.197297545289814,27.277406689156443,9708800
2013-07-19,27.43094253540039,27.437617234412542,27.23066845893623,27.29075093653778,11401100
2013-07-22,27.264049530029297,27.464323624731314,27.210641746576343,27.42427033376488,9425100
2013-07-23,27.344165802001953,27.45765609817616,27.230678052451697,27.33749110063827,9400900
2013-07-24,27.27740478515625,27.45765225624247,27.203970347311095,27.450975009189133,10511000
2013-07-25,27.264049530029297,27.290753421755777,27.023719597737568,27.24402288454608,9147300
2013-07-26,27.130537033081055,27.13721428041093,26.709959583128274,27.13721428041093,12279600
2013-07-29,26.89020347595215,27.157237307817695,26.876851529696534,27.110506769234725,10132000
2013-07-30,26.916913986206055,27.190622585181217,26.870183436134,26.983671187273565,10769400
2013-07-31,26.756694793701172,27.09048588116776,26.74334284460764,26.976995587184692,13557100
2013-08-01,27.08380126953125,27.203966232077644,26.970313553028102,26.970313553028102,12001100
2013-08-02,26.85014533996582,26.976984986576873,26.64319403027346,26.72330314673187,25516600
2013-08-05,26.896888732910156,27.017053738375246,26.823454279945476,26.823454279945476,9933200
2013-08-06,26.950298309326172,26.99035416644647,26.74334941409928,26.85683718933667,8645600
2013-08-07,26.803417205810547,26.923582164551334,26.743334726440157,26.9102302195109,9301800
2013-08-08,26.836801528930664,26.943614565452208,26.716636544515968,26.903558721772754,9481100
2013-08-09,26.810100555419922,26.91691360358399,26.736666107315138,26.870183054176206,9021600
2013-08-12,26.58979034423828,26.770035230071716,26.50967867650893,26.729981942830083,13970000
2013-08-13,26.46963119506836,26.736662506200567,26.36949286175403,26.656553367523266,13548700
2013-08-14,26.389514923095703,26.489653239005335,26.26934996265341,26.429570758784187,13787100
2013-08-15,26.095773696899414,26.302724979875933,26.049043172779324,26.235965269259687,14227800
2013-08-16,26.0690860748291,26.15587247945723,25.842108010387633,26.05573412437676,20565200
2013-08-19,25.888826370239258,26.095777684841963,25.828743894814146,26.06907379651459,11913000
2013-08-20,25.802053451538086,26.1291673085364,25.802053451538086,25.93556785632366,10238200
2013-08-21,25.555036544799805,25.83542229148586,25.535009900973325,25.78869175814203,15799000
2013-08-22,25.575075149536133,25.71526680117273,25.43488095127553,25.581749851060923,10307900
2013-08-23,25.71525764465332,25.77534012347866,25.61511933107005,25.77534012347866,11302800
2013-08-26,25.448226928710938,25.768666005803627,25.44155222875258,25.768666005803627,12740600
2013-08-27,25.4682559967041,25.52833848252775,25.234600753335066,25.354765724982364,16742500
2013-08-28,25.60176658630371,25.721931540200213,25.401492512017207,25.408169757579802,19245200
2013-08-29,25.43487548828125,25.681882684253406,25.434875488281254,25.681882684253406,14215700
2013-08-30,25.488283157348633,25.555040344444716,25.368118183276916,25.474931210604723,14296600
2013-09-03,25.30135726928711,25.635148248846974,25.23459754540129,25.54836188110695,19068500
2013-09-04,25.728607177734375,25.85544682264302,25.241272693667007,25.288003223192447,19138600
2013-09-05,25.528345108032227,25.82875506849404,25.40818010519788,25.78870176529863,14290500
2013-09-06,25.60176658630371,25.782014017148466,25.43487109996112,25.621795776368476,13976900
2013-09-09,25.71525764465332,25.73528428872073,25.548362153096605,25.71525764465332,10605500
2013-09-10,25.78870391845703,25.88883973143019,25.708592212129382,25.88216502921502,11757300
2013-09-11,25.888826370239258,25.888826370239254,25.72193088812761,25.82206919604378,11996500
2013-09-12,25.848493576049805,25.962809271655676,25.740903691144677,25.949360215399384,12114100
2013-09-13,26.0166015625,26.050225483943976,25.83504316031177,25.929186549151822,11623600
2013-09-16,26.13090705871582,26.359535783566038,26.05021532204635,26.2452201385689,13351500
2013-09-17,26.08382797241211,26.28555852942815,26.08382797241211,26.097277018232273,12881700
2013-09-18,26.621782302856445,26.62850554453932,25.94262202656254,26.09728223670583,18030500
2013-09-19,26.433509826660156,26.675585087485754,26.32591996680058,26.65541279036977,14251700
2013-09-20,26.49402618408203,26.49402618408203,26.07711328139197,26.446955786220943,30675300
2013-09-23,25.976253509521484,26.352816754267312,25.848488781358675,26.33264445619728,19016200
2013-09-24,25.90899658203125,26.13762526280928,25.902273340748174,26.036761252701762,15083300
2013-09-25,25.774526596069336,26.00987865839324,25.754351729909363,25.98970635737836,11446100
2013-09-26,26.05022621154785,26.05022621154785,25.81487158059166,25.882116860212772,10941100
2013-09-27,25.821584701538086,25.94262358022841,25.65347543281751,25.93589777299902,12609600
2013-09-30,25.47191619873047,25.754338528755166,25.384498663899297,25.68037004275524,18101500
2013-10-01,25.518985748291016,25.613126521871628,25.29708029758498,25.552607086692134,13196000
2013-10-02,25.169322967529297,25.424849805184063,25.02138597228535,25.424849805184063,25664200
2013-10-03,24.98776626586914,25.189496912973276,24.967593970702033,25.189496912973276,14437900
2013-10-04,25.014667510986328,25.06173791571715,24.819660082733122,25.04828886220196,17217500
2013-10-07,24.91380500793457,25.135710579876765,24.765870525118203,24.93397987411256,16708600
2013-10-08,25.06845474243164,25.155872285329316,24.81293048649076,24.94741585692532,20471300
2013-10-09,24.933969497680664,25.16259565462945,24.88689653961847,25.135700119493375,18998900
2013-10-10,25.404666900634766,25.45846308737522,25.182764043188815,25.39794365986389,17174400
2013-10-11,25.397951126098633,25.498815158172928,25.229841840830687,25.498815158172928,14266900
2013-10-14,25.49209213256836,25.518990234074938,25.223116247790845,25.256740157246142,14202900
2013-10-15,25.32398223876953,25.80141198591712,25.283635087476917,25.67364985453996,21676600
2013-10-16,25.552621841430664,25.71400795014568,25.404684788870664,25.559345086935586,17995100
2013-10-17,25.922460556030273,25.92918636632967,25.559343754214087,25.592967675420986,15900200
2013-10-18,26.077112197875977,26.077112197875977,25.835034410280652,25.942626818228966,18896600
2013-10-21,26.10401153564453,26.191429088668848,25.956074532856356,26.191429088668848,12977500
2013-10-22,26.285558700561523,26.393148502680095,26.016582912693483,26.130898520337528,17110200
2013-10-23,26.285558700561523,26.393148502680095,26.090551382614354,26.278835460179273,12591800
2013-10-24,26.09056282043457,26.473851818833182,26.063664716827287,26.3259173792818,17143800
2013-10-25,26.24522590637207,26.312471172661557,25.976252536647998,26.117463748138984,14383400
2013-10-28,26.635231018066406,26.722648549712183,26.218320780064804,26.238493070004722,16552100
2013-10-29,26.76300048828125,26.87059033944959,26.460403230262685,26.608340237548294,14199600
2013-10-30,26.6419620513916,26.82352040938058,26.567993546454115,26.81679716581555,12360000
2013-10-31,26.608341217041016,26.803348631069756,26.5679940594385,26.5679940594385,14853500
2013-11-01,26.635231018066406,26.70919950137101,26.446949471577362,26.60833292138406,12430400
2013-11-04,26.567996978759766,26.76973022379451,26.426785759351258,26.702484953734675,10252100
2013-11-05,26.561264038085938,26.655404816658674,26.37298248094047,26.467123259513205,10575000
2013-11-06,26.93111228942871,27.045427959793752,26.507476088902365,26.641964056625213,17198000
2013-11-07,26.78317642211914,27.065598830823596,26.736103455523907,26.95128573162736,16233200
2013-11-08,26.93111228942871,26.93111228942871,26.554549057978296,26.722658376345695,11903600
2013-11-11,26.810077667236328,26.931116601050537,26.742834955181785,26.904218490170702,9567800
2013-11-12,26.816802978515625,26.890771499486224,26.641967826195124,26.83697527872761,10509200
2013-11-13,26.978178024291992,26.978178024291992,26.662134304756783,26.77644739019322,11770500
2013-11-14,27.038694381713867,27.193354602356933,26.917655502055133,26.958002650322676,10887200
2013-11-15,27.045425415039062,27.11266811000118,26.87059030390654,27.00507825897516,12021500
2013-11-18,27.011798858642578,27.05887181868207,26.897485775366455,27.05887181868207,9553900
2013-11-19,26.99163246154785,27.05215192036882,26.843695436619992,26.99163246154785,11014800
2013-11-20,26.937833786010742,27.200083870255614,26.857139479209074,26.93110797787183,14422500
2013-11-21,27.186635971069336,27.22698312617975,26.96473046567854,27.031975724195895,26364300
2013-11-22,27.186635971069336,27.206808266052377,26.958007222398965,27.126116520975874,26396500
2013-11-25,27.14629554748535,27.48924003810377,27.119400002553387,27.22026406762442,14059100
2013-11-26,27.06559181213379,27.30094375835568,27.058868570160516,27.22697783607439,14240400
2013-11-27,27.214567184448242,27.343226910338934,26.875993308927352,27.146853442589535,9909100
2013-11-29,27.214567184448242,27.41094065219764,27.160396707584013,27.26874024442615,8641100
2013-12-02,27.140085220336914,27.221342233533417,26.91662520515418,27.153625903274765,16738800
2013-12-03,27.322914123535156,27.350000656896917,27.092683756188155,27.11977028954992,16592300
2013-12-04,27.336462020874023,27.404178365749235,27.04528819569668,27.221348109257807,13196100
2013-12-05,26.970794677734375,27.35676866791102,26.950478489805292,27.275509082421753,18171200
2013-12-06,27.39739990234375,27.424486434819304,27.119769402254086,27.119769402254086,12557100
2013-12-09,27.356779098510742,27.424492862456187,27.22134898750534,27.356779098510742,12237100
2013-12-10,26.984344482421875,27.282291230392854,26.91663072139996,27.261975035594755,15967800
2013-12-11,27.173931121826172,27.316131483281946,27.011414577938982,27.05204435968899,14963500
2013-12-12,26.550973892211914,27.228121928737277,26.53066027771288,27.079151117219737,19817700
2013-12-13,26.56450653076172,26.84213701129395,26.550963265477986,26.727023131052803,14037400
2013-12-16,26.591590881347656,26.794734677722463,26.544190748297318,26.720248016325215,14562100
2013-12-17,26.476486206054688,26.57805944098585,26.320742473444326,26.490029476253156,17655700
2013-12-18,27.099462509155273,27.140092317935853,26.4087712585727,26.58482859705945,23884500
2013-12-19,26.99111557006836,27.153629618698123,26.787971717724044,27.06560225198793,14791800
2013-12-20,27.113000869750977,27.21457149864053,26.98434112346449,27.031741266902433,22237200
2013-12-23,27.194259643554688,27.248432715614626,26.997886132008787,27.153629839509733,10943200
2013-12-24,27.214567184448242,27.295826774415104,27.153623783529937,27.201023919453768,4783800
2013-12-26,27.417713165283203,27.45157003570507,27.180709906102855,27.23488296526875,8588300
2013-12-27,27.532821655273438,27.620851567640482,27.444791742906393,27.553135256930013,6762200
2013-12-30,27.824005126953125,27.857862002668632,27.600545097625496,27.60731802263702,10927500
2013-12-31,27.972978591918945,28.027149076658002,27.74951856169597,27.851091772363514,11729200
2014-01-02,27.532821655273438,27.918795585427162,27.431248480764296,27.84430893520221,12698600
2014-01-03,27.39739990234375,27.58023012188288,27.322913229592928,27.54637324784539,10403400
2014-01-06,27.268735885620117,27.485422924667773,27.194249231613746,27.410936270661406,11036300
2014-01-07,27.349990844726562,27.573450790120912,27.28227711872934,27.410934231369286,11872300
2014-01-08,27.045278549194336,27.383852403464683,26.97079447107021,27.383852403464683,15339600
2014-01-09,26.903079986572266,27.085910190330644,26.760879578020315,27.052053319215467,14070200
2014-01-10,27.173931121826172,27.282274623380022,27.018187499787064,27.05881469842424,13290000
2014-01-13,26.767650604248047,27.173940817372227,26.747336997681654,27.085910883728257,14091900
2014-01-14,26.87599754333496,27.031741240638894,26.80151344880062,26.842140667071337,12801100
2014-01-15,26.92339324951172,27.045280050464,26.801509031673096,26.9707959682053,12844900
2014-01-16,26.88953971862793,26.964026393251856,26.801512360539625,26.936939860095162,11063100
2014-01-17,26.598365783691406,26.916626088567796,26.598365783691406,26.896312480380438,13992700
2014-01-21,27.031734466552734,27.031734466552734,26.767647281516357,26.842133940498602,17579000
2014-01-22,27.018203735351562,27.14686091353565,26.916630511496386,27.07914715304179,9841700
2014-01-23,26.57128143310547,26.84213900960343,26.49002183535355,26.82182540172241,14828100
2014-01-24,26.3004207611084,26.578051256900512,26.28687749508026,26.46293737033216,16507500
2014-01-27,26.225934982299805,26.395221938743607,26.212391715810625,26.286878389944132,14601900
2014-01-28,26.320724487304688,26.46292743565755,26.151437600177236,26.253010765698868,8915500
2014-01-29,25.663909912109375,26.11759782653729,25.60973683289223,26.11759782653729,23776100
2014-01-30,25.846723556518555,26.009240122775,25.731609700384848,25.731609700384848,13662000
2014-01-31,25.609729766845703,25.839960123765927,25.54201601962194,25.697759704727698,16185000
2014-02-03,25.189903259277344,25.745164349643698,25.12218691708978,25.745164349643698,23164900
2014-02-04,25.379497528076172,25.426897664240936,25.196667324391925,25.352410997949537,17759700
2014-02-05,25.467529296875,25.5420159685405,25.311785612080715,25.386272283746216,13665200
2014-02-06,25.751922607421875,26.36812682502705,25.67743595752788,26.246240049402896,22661500
2014-02-07,25.6977596282959,25.968617199499228,25.643586564186908,25.846730388367874,20389000
2014-02-10,26.117589950561523,26.151446823305122,25.623272375786314,25.779016056897916,20877200
2014-02-11,26.164989471435547,26.25978974612551,26.076959537888968,26.185303077979466,15361300
2014-02-12,26.076963424682617,26.35459394899019,26.002479328548407,26.307193804580177,10633400
2014-02-13,26.171762466430664,26.246246551664278,25.819645314406397,25.819645314406397,10435600
2014-02-14,26.36136817932129,26.422311594167578,25.914450664819928,26.137908130513477,16030100
2014-02-18,25.37272834777832,25.806102517174438,25.230525349665253,25.718072581792786,46098500
2014-02-19,25.122180938720703,25.460754819744505,25.088324067241064,25.39304107678523,26645100
2014-02-20,25.25761604309082,25.406589407036893,24.979985508627653,25.095101994344407,22639900
2014-02-21,25.176353454589844,25.474297533520296,25.149266924746986,25.453983927694985,19419800
2014-02-24,25.39304542541504,25.46075917997048,25.20344484616847,25.257615333189992,24223500
2014-02-25,25.57587242126465,25.690986306043545,25.393042207397723,25.48107214365524,22845500
2014-02-26,25.643579483032227,25.6909796094817,25.542008890546132,25.663895668019972,18195100
2014-02-27,25.77901840209961,25.806104936004164,25.596188172914943,25.623274706819497,18423400
2014-02-28,25.86705207824707,25.99570925818736,25.758708510109347,25.785795047922385,15763200
2014-03-03,25.81287384033203,25.839960372728058,25.630043621329687,25.650359812183662,18683400
2014-03-04,25.9415340423584,25.995704525006932,25.88736097659591,25.961847650462353,20425200
2014-03-05,25.968616485595703,26.03633281387035,25.90090274043486,26.016016623831053,14367400
2014-03-06,26.049875259399414,26.104045737199886,25.914445190227656,26.002475122656357,14700000
2014-03-07,26.10405731201172,26.144687125713045,25.975400109963143,26.110830239186036,17047600
2014-03-10,26.171762466430664,26.171762466430664,26.029559470897613,26.104046139244986,14540800
2014-03-11,26.273334503173828,26.300421035512706,26.097277209198914,26.300421035512706,13812100
2014-03-12,26.256263732910156,26.276738280242903,26.078808977428803,26.11976067567356,15673700
2014-03-13,25.915021896362305,26.269929002388842,25.88089416026726,26.2426278549451,18302800
2014-03-14,26.051509857177734,26.153887808906465,25.853583142657367,25.90135882584292,14687200
2014-03-17,26.119768142700195,26.18801838904,25.969614476456616,26.051515292780383,19203000
2014-03-18,26.2085018157959,26.249450931964237,26.03104696713099,26.119774391463444,16880400
2014-03-19,26.031042098999023,26.338173430727306,26.003740957605366,26.181195773083992,20882200
2014-03-20,26.242624282836914,26.25627485470069,25.901367796983585,26.010569768313434,13228000
2014-03-21,26.23579216003418,26.501974349849654,26.126590211743146,26.467846625600103,19189100
2014-03-24,26.2085018157959,26.297226636547723,26.078822671714477,26.263101505213896,15693000
2014-03-25,26.358652114868164,26.48150466680807,26.249450135763865,26.26992729680755,16898900
2014-03-26,26.351816177368164,26.577044018043605,26.351816177368164,26.406415840364275,15835500
2014-03-27,26.495147705078125,26.618000222081807,26.263093240024475,26.28356779166515,13031500
2014-03-28,26.583881378173828,26.638481063300365,26.495153960815223,26.542929661643605,11502100
2014-03-31,26.385953903198242,26.638482997856205,26.249450775098044,26.61118445510066,24489800
2014-04-01,26.215322494506836,26.542928400440957,26.147072240446505,26.297223320095288,20515700
2014-04-02,26.160715103149414,26.304042156589844,26.140237950101113,26.26991703961539,15709100
2014-04-03,25.983274459838867,26.26993132619407,25.96279989923526,26.20167845154714,18114000
2014-04-04,26.085649490356445,26.26310173700688,26.03104719687591,26.09930006372658,15453600
2014-04-07,26.358652114868164,26.542930942778025,26.11294701098835,26.11977359919643,17295700
2014-04-08,26.549753189086914,26.549753189086914,26.263096413579618,26.392772928939987,14769900
2014-04-09,26.611177444458008,26.611177444458008,26.413248091035705,26.508799474458904,12031400
2014-04-10,26.54292869567871,26.891011764566912,26.49515299658901,26.604354966448373,21025700
2014-04-11,26.36547088623047,26.768153552961405,26.324519179865028,26.50197397053549,18084200
2014-04-14,26.43372917175293,26.481504875263354,26.20850122714387,26.42007859880987,19389800
2014-04-15,27.423364639282227,27.621293977057956,26.959255724846592,27.184486199607882,47529200
2014-04-16,27.703203201293945,27.703203201293945,27.382421253202114,27.382421253202114,21919900
2014-04-17,27.79193687438965,27.79193687438965,27.47115485412718,27.594007431947652,18547100
2014-04-21,27.81239128112793,27.81921526224783,27.53938517190603,27.62128856682013,12630900
2014-04-22,27.785099029541016,27.819224153205255,27.58716966727635,27.696374228729997,17404900
2014-04-23,27.79874610900879,27.853348382879155,27.682720182403838,27.77827155809726,12072500
2014-04-24,27.778270721435547,27.907947212602323,27.614466508337834,27.778270721435547,11392600
2014-04-25,27.98985481262207,27.98985481262207,27.60082264109448,27.614473212464958,16811400
2014-04-28,28.00350570678711,28.17413394551446,27.80557892858441,27.860178611115405,20736700
2014-04-29,27.68954849243164,28.00350380551499,27.655423367719127,27.96255469729202,18928400
2014-04-30,27.839696884155273,27.901123138417034,27.70319380762029,27.77144404409797,12362000
2014-05-01,27.8328857421875,27.846536317773353,27.47797858769859,27.839712331770965,15385800
2014-05-02,27.948911666870117,27.955735652221573,27.730507685491887,27.839709676181002,14197000
2014-05-05,27.819229125976562,27.935257691471495,27.675902018818565,27.7441548819275,10163500
2014-05-06,27.63494873046875,27.750974674858266,27.607647589348822,27.655423284518637,9359900
2014-05-07,27.921600341796875,27.96255204972255,27.730497578636808,27.778273269426826,11115600
2014-05-08,27.79874610900879,27.955723741016513,27.74414643871814,27.880646916234618,8538700
2014-05-09,27.894304275512695,27.948906562675877,27.785102304766692,27.832878004244296,8516400
2014-05-12,27.860183715820312,27.962561719247137,27.77145628642245,27.901135437907197,8906000
2014-05-13,28.05810546875,28.133182303608862,27.860176104773018,27.86700269171295,11579600
2014-05-14,27.907957077026367,28.10588647843605,27.86700796196268,27.996684498965287,10036100
2014-05-15,27.65542984008789,27.95573465285237,27.600827544904856,27.723680105485947,12379200
2014-05-16,27.907957077026367,27.921607649907784,27.607652284376908,27.655427987671583,13823900
2014-05-19,27.785099029541016,27.798749599722722,27.58716966727635,27.710022195331657,7559500
2014-05-20,27.69637680053711,27.935255291948426,27.689550213022333,27.846527879318383,9639500
2014-05-21,27.894304275512695,27.901130863198272,27.641775206333875,27.675900334020685,8607300
2014-05-22,27.69637680053711,27.873829022216903,27.662249070123817,27.82605332393464,8430400
2014-05-23,27.69637680053711,27.778277625652375,27.662249070123817,27.730501927370113,6255200
2014-05-27,27.8260555267334,27.860180656267854,27.628126130420853,27.68272842054038,11282900
2014-05-28,27.69637680053711,27.907954149049907,27.662249070123817,27.778277625652375,7536700
2014-05-29,27.750972747802734,27.894299823359404,27.71002103896657,27.764623317414788,9867100
2014-05-30,27.921600341796875,27.928424324661215,27.634946197056774,27.669071318538233,10446100
2014-06-02,27.887481689453125,27.907956246375566,27.764629140757524,27.812404842630205,7472100
2014-06-03,27.9011287689209,27.983029589937786,27.785100219198497,27.791926806371663,10493100
2014-06-04,27.839696884155273,27.928421670860324,27.78509461210943,27.921597688644407,7864700
2014-06-05,27.907957077026367,27.983033926083873,27.73050483672909,27.798755097555606,10131700
2014-06-06,27.97620964050293,28.023985343283695,27.873831646783838,27.94208190687621,8760600
2014-06-09,27.921600341796875,28.044452861994024,27.880648633871196,27.880648633871196,7316400
2014-06-10,28.030807495117188,28.085409782485442,27.853355268331093,27.873829824304007,9168600
2014-06-11,27.887481689453125,28.023984810623848,27.839705987580444,27.969382520723368,9648600
2014-06-12,27.794654846191406,27.9734443059433,27.76027306490428,27.787779539198688,11583600
2014-06-13,27.760263442993164,27.870286678874173,27.67774667187262,27.774016675373396,9194600
2014-06-16,27.959678649902344,28.0353201090333,27.608980439484974,27.636484278401195,12878200
2014-06-17,28.13846778869629,28.331010416370084,27.925299247460025,28.317257184167612,26926600
2014-06-18,28.578561782836914,28.585437086980793,28.02156771339839,28.049074176295257,18518200
2014-06-19,28.736719131469727,28.7917294324215,28.55792975126512,28.564807678359468,13275200
2014-06-20,28.667953491210938,28.798607876744093,28.557930264170757,28.791729949526218,23402600
2014-06-23,28.69546127319336,28.702339200727486,28.42040450452598,28.509796577183476,13099300
2014-06-24,28.77798843383789,28.80549490758605,28.516684802715545,28.551066583319884,14962800
2014-06-25,28.853614807128906,28.86736803679694,28.509791934909085,28.60606191942498,17621800
2014-06-26,28.901750564575195,28.915503794607353,28.72983912391384,28.81923380754266,16903300
2014-06-27,29.011789321899414,29.080555508894957,28.81924924463552,28.874262194231957,18674400
2014-06-30,29.12868309020996,29.218077798896346,28.757353644738345,28.867376892674994,14058700
2014-07-01,29.080547332763672,29.190570577861177,28.984277321198487,29.14931087726421,11497700
2014-07-02,29.080547332763672,29.16306411079653,28.984277321198487,29.094300566295995,6707000
2014-07-03,29.039281845092773,29.101170072074336,28.887998929546615,29.059910379699776,7537700
2014-07-07,28.977388381958008,29.018648066877027,28.832983419481558,28.853611950361028,8991900
2014-07-08,28.839868545532227,29.053039722151052,28.819240007626235,28.860499706599196,10090500
2014-07-09,28.846752166748047,28.991157206911442,28.73672890426715,28.83299893104275,9891600
2014-07-10,29.059913635253906,29.080544795332752,28.571685691681754,28.57856361942832,12564500
2014-07-11,28.860496520996094,29.05303651529551,28.798608290948327,28.963641822301916,9773000
2014-07-14,29.142440795898438,29.14931610231647,28.86738132226937,28.87425925184895,11857700
2014-07-15,28.949893951416016,29.176818377997144,28.846748631011007,29.163065143977576,10541900
2014-07-16,28.963642120361328,29.14930681241527,28.894878585449813,29.059912118501728,10331400
2014-07-17,28.89488410949707,28.98427882050085,28.764232318923245,28.83299586698079,9983500
2014-07-18,29.17681884765625,29.20432531613816,28.894884103619717,28.97740088590423,19272400
2014-07-21,29.156177520751953,29.273076025789674,28.94300641825015,28.96363494898385,17607200
2014-07-22,28.324134826660156,28.42040746002414,27.92530155251067,28.26224658822097,24706000
2014-07-23,28.062828063964844,28.227861598883838,27.939051601195228,28.17972659926907,17531700
2014-07-24,28.1728572845459,28.262249375314905,27.959686081530954,28.1728572845459,14856000
2014-07-25,28.193477630615234,28.22098409200851,28.06282587373798,28.138464707828682,10809900
2014-07-28,27.97343635559082,28.193482841082975,27.925301350836975,28.186607536044296,11709100
2014-07-29,27.74651336669922,28.04220133860575,27.746513366699215,28.021572799269393,10863600
2014-07-30,27.24452781677246,27.849656898685698,27.237652512469683,27.815275130850335,20346200
2014-07-31,27.017606735229492,27.32016997227351,26.990100270999818,27.182640274285937,15434700
2014-08-01,27.017606735229492,27.15513643321707,26.859448500650064,26.907583501471596,13566700
2014-08-04,27.09324836730957,27.134505440747624,26.900705739675622,27.10012367182897,11012900
2014-08-05,26.941972732543945,27.182647803313582,26.886959788847154,27.051995996776,11639200
2014-08-06,27.450822830200195,27.478329295519654,26.907584567525916,26.907584567525916,17567500
2014-08-07,27.058868408203125,27.512714652499767,27.0451177969116,27.47833287794845,14367400
2014-08-08,27.127626419067383,27.21702110453524,26.99697204265425,27.051984963914613,13667000
2014-08-11,27.210145950317383,27.416439179742632,27.17576418260663,27.17576418260663,14102600
2014-08-12,27.285783767700195,27.395806983571553,27.189513781707806,27.203267011586775,13297500
2014-08-13,27.46458625793457,27.57460953689301,27.299552651077846,27.299552651077846,9638900
2014-08-14,27.629610061645508,27.636485365854945,27.45769860164182,27.45769860164182,6902000
2014-08-15,28.110963821411133,28.296628520570813,27.959680891023062,28.090332661619513,23221600
2014-08-18,28.43414878845215,28.482283777840934,28.049068873341874,28.049068873341874,14891500
2014-08-19,28.372264862060547,28.52354777911554,28.303501330577685,28.434153089659354,10260400
2014-08-20,28.365398406982422,28.427286653887748,28.255375148390883,28.296634854048236,6782500
2014-08-21,28.47541618347168,28.667956193148612,28.344764408785316,28.39289941120455,11951000
2014-08-22,28.2760066986084,28.551066185938183,28.227871681799936,28.392907898830142,11244600
2014-08-25,28.47541618347168,28.50292264861435,28.27599824592863,28.413527948481107,10229300
2014-08-26,28.606060028076172,28.674826171869725,28.475408289608673,28.475408289608673,8416500
2014-08-27,28.606060028076172,28.681701474668998,28.496036821166655,28.557925039000768,7693100
2014-08-28,28.626689910888672,28.674824897825403,28.49603555506608,28.544170542002806,9746400
2014-08-29,28.68858528137207,28.709213817158606,28.516673821389087,28.60606589190453,7666700
2014-09-02,28.633567810058594,28.77109748084706,28.40664608294387,28.55105105684963,9798100
2014-09-03,28.729843139648438,28.777978139908885,28.647326371082062,28.66795490743346,8635400
2014-09-04,28.791728973388672,28.99802218919989,28.695458980887476,28.743593977138076,16785300
2014-09-05,28.771102905273438,28.784856137261308,28.61294467215407,28.784856137261308,12768100
2014-09-08,28.729843139648438,28.83986637212386,28.62669783473066,28.654201675478934,9097700
2014-09-09,28.839868545532227,28.901756782411177,28.70921676685932,28.722969999850307,11892500
2014-09-10,28.998023986816406,29.011777218477803,28.764226918054792,28.812361917289326,17558000
2014-09-11,29.056909561157227,29.13310211726038,28.856038757298382,28.869892189523686,19614000
2014-09-12,28.717506408691406,29.036127415638873,28.648241891449597,29.022276626008082,12966800
2014-09-15,28.74521255493164,28.80062628115937,28.627462350105564,28.71058029717526,12259600
2014-09-16,28.842182159423828,28.953006962790354,28.52356118002903,28.599753727769468,15232800
2014-09-17,28.821386337280273,28.939136465420965,28.620515673930676,28.93221107528864,16693800
2014-09-18,28.94608497619629,29.0084241005707,28.779846430440518,28.918378111524987,12586400
2014-09-19,29.126163482666016,29.333959605896368,28.91836735943566,29.077677808654634,47559700
2014-09-22,29.24393081665039,29.264709646611948,28.90452828773481,28.987646249853416,11518100
2014-09-23,29.01534080505371,29.20235812216232,29.00841541209617,29.091533338942913,10251300
2014-09-24,29.278541564941406,29.327027227402944,28.987624947901757,28.987624947901757,13540900
2014-09-25,28.939151763916016,29.20928704047479,28.932226370122628,29.13309713966126,11076300
2014-09-26,29.230073928833008,29.26470618876767,28.890671440020373,29.0915422468223,9939600
2014-09-29,29.264694213867188,29.27161960611147,29.008412424492864,29.02226585125242,12441100
2014-09-30,29.54868507385254,29.652584461209475,29.146946236766155,29.16079702229398,22613700
2014-10-01,29.60410499572754,29.680294901199254,29.347820491086523,29.47249872516276,30409700
2014-10-02,29.54868507385254,29.63180299837538,29.382446582535678,29.507124790455528,16643200
2014-10-03,29.784196853637695,29.832682544110696,29.548693796080844,29.68722547269169,14046300
2014-10-06,30.199783325195312,30.255197041893137,29.763412196421452,29.804969841673376,20328100
2014-10-07,30.42144012451172,30.57382523931056,30.116672537186105,30.116672537186105,24936600
2014-10-08,30.857803344726562,30.864731379701034,30.1374409591088,30.18592927711662,26115600
2014-10-09,30.386796951293945,30.99633454930616,30.386796951293945,30.78161038668554,25029300
2014-10-10,30.80239486694336,31.07945551698792,30.37294649962651,30.393727964026606,25920800
2014-10-13,30.525331497192383,30.91321957699645,30.4976246395768,30.670788536267143,20175200
2014-10-14,30.22749137878418,30.559965765303318,30.10974118955245,30.5045546886859,21027400
2014-10-15,29.943506240844727,30.151302426879717,29.57639955744051,29.57639955744051,22988600
2014-10-16,29.479415893554688,29.742623053104897,29.354737705443217,29.541754987610425,22519200
2014-10-17,29.701074600219727,29.80497136091689,29.30626109657303,29.569468337489777,23236000
2014-10-20,29.985065460205078,30.109743695811602,29.58332389163478,29.611030753385513,17647800
2014-10-21,28.177223205566406,28.530476313543325,27.886306549934723,28.260341117630837,55953500
2014-10-22,28.135663986206055,28.475066323491617,27.775482830690866,27.837821927650626,27728200
2014-10-23,28.301904678344727,28.662085862106007,28.218786756637076,28.3573157453928,23346800
2014-10-24,28.419662475585938,28.58590100589372,28.343469925956196,28.385030219101093,13396000
2014-10-27,28.232637405395508,28.33653678873179,28.094108417308572,28.19107976587786,17222500
2014-10-28,28.094120025634766,28.301916235896435,28.059485122031017,28.2326490709611,18658700
2014-10-29,28.371173858642578,28.41965954116943,28.066406333863586,28.156452305244105,25761800
2014-10-30,28.675941467285156,28.807545073506418,28.28112800635008,28.398878184189424,18295600
2014-10-31,29.008411407470703,29.01533679947219,28.67593710371072,28.9737791629215,18477700
2014-11-03,28.95993423461914,29.285480599634717,28.807549143161847,28.946080804280143,13230600
2014-11-04,28.96686553955078,29.1261760575502,28.856040716495876,28.932233277772163,10105300
2014-11-05,29.306255340576172,29.46556578950583,29.08460579056351,29.299327305860807,20676800
2014-11-06,29.29239273071289,29.520967601515235,29.167714567631524,29.389364048160566,11528800
2014-11-07,29.313190460205078,29.410161840230373,29.18851221666629,29.403236445487966,11803800
2014-11-10,29.361671447753906,29.48634967132466,29.153875289226487,29.26470008325921,9088900
2014-11-11,29.44478416442871,29.583315792986557,29.34088742471361,29.3547408517965,8563700
2014-11-12,29.58332633972168,29.708004585645607,29.306265626102274,29.444794661775983,12768800
2014-11-13,29.63874053955078,29.83961134365558,29.527915723884686,29.541769156126954,12007700
2014-11-14,29.597179412841797,29.763417952815185,29.437868909931275,29.576400586197106,10939500
2014-11-17,29.72878074645996,29.7772690753237,29.597177117463378,29.611030548242766,10664000
2014-11-18,30.151290893554688,30.379868460349105,29.611020488070942,29.749552106527783,26143000
2014-11-19,30.629222869873047,30.77467987085049,30.17207040803632,30.24826028311687,25402300
2014-11-20,30.65001678466797,30.767766993290266,30.372953429140708,30.449145984024305,13465400
2014-11-21,30.823171615600586,30.98941010826158,30.670786550850607,30.87858532724465,14382700
2014-11-24,30.663862228393555,31.01711540450604,30.61537655014814,30.83009808458603,12890800
2014-11-25,30.77468490600586,30.885509683302633,30.55996074399975,30.663860128709086,10741700
2014-11-26,30.889774322509766,30.94556842096197,30.666592607629134,30.68054179737616,9199200
2014-11-28,31.266386032104492,31.384950122175823,30.7921243507488,30.7921243507488,10502000
2014-12-01,31.071094512939453,31.224532870705854,30.778169641423286,30.81304126986073,10065700
2014-12-02,31.064128875732422,31.154794599815496,30.84792046949934,30.945562117302874,9878100
2014-12-03,30.548019409179688,30.9943827451932,30.520121035545007,30.98043355837586,15246500
2014-12-04,30.338783264160156,30.57591409034741,30.248114891064585,30.42247571442183,13779700
2014-12-05,30.359695434570312,30.415492156213766,30.12954060912638,30.338772994221078,12536900
2014-12-08,30.08769989013672,30.42944823635737,30.05282826146965,30.345753134914727,12802300
2014-12-09,29.320518493652344,29.662264238505507,29.062462543661777,29.39723768632331,25714600
2014-12-10,29.013629913330078,29.4599957016794,28.985734213242207,29.320506559103617,18324100
2014-12-11,28.96482276916504,29.299595272868707,28.94390031910086,29.027592779892935,16201500
2014-12-12,28.532407760620117,29.020618644888724,28.50450938768242,28.86718025426666,18432400
2014-12-15,28.29527473449707,28.720715577187303,28.288301472066856,28.68584394396607,23378500
2014-12-16,28.16973876953125,28.811388087141886,27.75824705317722,28.03722548005758,23475400
2014-12-17,28.978778839111328,29.125241345419177,28.16277116636534,28.20461607643273,20223900
2014-12-18,29.56463050842285,29.56463050842285,29.11826707947709,29.194986292677626,18030700
2014-12-19,29.25775718688965,29.843609869950356,29.215909616479607,29.599503033362407,24009500
2014-12-22,29.536727905273438,29.599497919776415,29.355393785895686,29.390265424945,11190900
2014-12-23,29.969146728515625,30.087710841244725,29.620424993850225,29.669245823860525,13411300
2014-12-24,29.948230743408203,30.150490049690767,29.934281550505627,30.05982162609229,6405900
2014-12-26,29.962167739868164,30.19929860161209,29.941245289299278,29.969143663748078,6466900
2014-12-29,29.892427444458008,30.031916670073183,29.634374106418132,29.85057987861275,8694500
2014-12-30,29.822681427001953,29.983095765407512,29.74596488061385,29.80873489895734,9222000
2014-12-31,29.446062088012695,29.948219542003017,29.446062088012695,29.9342703543178,9369500
2015-01-02,29.3902645111084,29.571601285383338,29.153133648196473,29.473956974331596,9921100
2015-01-05,29.3902645111084,29.969143811362823,29.348419609764516,29.77385784979478,26292600
2015-01-06,29.613441467285156,29.948213927361284,29.460005752584642,29.578569834877538,16897500
2015-01-07,29.983095169067383,30.0667876383489,29.69714346019788,29.850579210458054,13412300
2015-01-08,30.345760345458984,30.387607906123826,30.05980866558762,30.115605413140745,21743600
2015-01-09,30.010990142822266,30.38063697236578,29.95519605152652,30.317866956823337,12733500
2015-01-12,29.738977432250977,30.12954657954731,29.613437444210536,30.038878219177068,11415800
2015-01-13,29.732006072998047,30.15744687518161,29.606466076926342,29.871495253137137,12529500
2015-01-14,29.683185577392578,29.71108128529173,29.341437215413166,29.34841313778909,13447600
2015-01-15,29.557649612426758,29.89242209770215,29.411184488433914,29.87149964878969,11193100
2015-01-16,29.66227149963379,29.70411906784429,29.460014904622653,29.543707380507808,15114900
2015-01-20,30.101652145385742,30.220218887594417,29.71805886983533,29.780828872055217,17047300
2015-01-21,30.24115753173828,30.289978375109012,29.822689739299463,29.913358160075006,10720600
2015-01-22,30.53407859802246,30.568952904899696,30.038894302584247,30.24812684116726,14709100
2015-01-23,30.206279754638672,30.51315394509355,30.115611352251772,30.408536353067447,12357700
2015-01-26,29.990060806274414,30.15047244016006,29.871496726655224,30.115600808538826,11151900
2015-01-27,29.56463050842285,29.738991389138285,29.397245552836143,29.669248101066472,15274000
2015-01-28,29.23682403564453,29.850574930288513,29.222877509877044,29.704112464912694,14278500
2015-01-29,29.362363815307617,29.397238111051145,28.922976422719614,29.13220889450465,13657900
2015-01-30,28.713741302490234,29.243799735806423,28.67189640443674,29.174056465360454,19193700
2015-02-02,29.006664276123047,29.03456264407646,28.52542940133337,28.741635101635275,15197500
2015-02-03,29.034568786621094,29.18800452175605,28.853232017095188,29.118261247652466,13193100
2015-02-04,29.069433212280273,29.355384822024174,29.027585661878224,29.132203207615994,16400000
2015-02-05,29.146162033081055,29.167084484936193,28.950876060469266,29.153135296854238,11078500
2015-02-06,28.909021377563477,29.125227068357866,28.81835301596939,29.034561367298462,12366400
2015-02-09,28.755598068237305,28.90903650498965,28.623084747746876,28.860215667938647,13371100
2015-02-10,29.571598052978516,30.01098543227344,29.432108855830148,29.927292978198473,32184200
2015-02-11,29.550682067871094,29.634377208322192,29.083396172764324,29.36237199266008,20496300
2015-02-12,29.41118621826172,29.752934646964775,29.341442944094744,29.57160053780942,13818200
2015-02-13,29.285642623901367,29.453027510491133,29.1252283384952,29.306565069591386,10792100
2015-02-17,29.16010093688965,29.20892174769043,29.041534210277298,29.16010093688965,12804200
2015-02-18,29.10431671142578,29.153137543206647,28.922982573459098,29.11826590058257,9789800
2015-02-19,29.369342803955078,29.460011193387924,28.964824343820474,29.06944192089956,16578300
2015-02-20,29.27170181274414,29.36934346793985,29.041544202180923,29.320522640341995,15982400
2015-02-23,29.18800163269043,29.411183280373535,29.07641080884888,29.09035999439596,11830300
2015-02-24,29.383289337158203,29.522778540483905,29.132209303278994,29.188003388288116,12782700
2015-02-25,29.327486038208008,29.460001948996805,29.111280348874153,29.411178477287738,10323300
2015-02-26,29.613441467285156,29.676211469832868,29.271695744941503,29.32051656241917,14346500
2015-02-27,30.19929313659668,30.450373140128306,29.62041660448538,29.65528823596812,28312800
2015-03-02,30.12954330444336,30.199286552202615,30.04585087502538,30.199286552202615,13514600
2015-03-03,29.955188751220703,30.10165119828054,29.87846956641748,30.06677956715223,10036300
2015-03-04,29.641347885131836,29.976120436099624,29.620425432113766,29.93427286952775,16263000
2015-03-05,29.571598052978516,29.71806051274349,29.466980489983452,29.683188878590183,9223000
2015-03-06,28.95784568786621,29.432107337381687,28.825332420706157,29.376310597186922,18180500
2015-03-09,28.867176055908203,28.978766870894273,28.818355240635228,28.964817686454154,10123300
2015-03-10,28.378978729248047,28.69980480276791,28.372005463981516,28.66493049482677,14599100
2015-03-11,27.967477798461914,28.406867862201967,27.95353127246979,28.406867862201967,18549700
2015-03-12,28.53005599975586,28.53005599975586,28.143279831375402,28.199536866221717,17728700
2015-03-13,28.065929412841797,28.530061439922118,27.854960797371014,28.438640722927232,17438400
2015-03-16,28.333160400390625,28.375352517855024,28.122191765233424,28.129222890606908,15238800
2015-03-17,28.487863540649414,28.64257509369422,28.354250724681478,28.600380302151674,21661800
2015-03-18,28.551158905029297,28.68477442475379,27.988575008486123,28.466771991200726,26247500
2015-03-19,28.143287658691406,28.494902942759097,28.101092858863062,28.46677307620687,16057600
2015-03-20,28.586322784423828,28.593353909538756,28.136252981330596,28.178447779855112,31608500
2015-03-23,28.565221786499023,28.790255328956622,28.480834878730285,28.579286718229053,17060500
2015-03-24,28.459732055664062,28.825412145863964,28.459732055664062,28.769152432320535,13485700
2015-03-25,28.445667266845703,28.621474848615318,28.29798954198582,28.544119083418956,22811300
2015-03-26,28.375350952148438,28.523031402960278,28.290964039264242,28.36831982716292,17359600
2015-03-27,28.185468673706055,28.466759153820977,28.10811291982607,28.466759153820977,14384400
2015-03-30,28.487863540649414,28.558188193220325,28.087022410134413,28.20657297819936,12561400
2015-03-31,28.5159969329834,28.762129223544814,28.375350293035662,28.487867068471544,16604800
2015-04-01,28.607404708862305,28.698825385859784,28.29095058280204,28.684760459967073,14300700
2015-04-02,28.607404708862305,28.74101748092761,28.466758132545486,28.642565682288932,14343100
2015-04-06,28.951995849609375,29.261418959251888,28.544123590459552,28.670705283929447,19843400
2015-04-07,28.83948516845703,29.092648608783676,28.811357983785467,28.86761503574039,9773400
2015-04-08,28.75510025024414,28.89574691383654,28.649617264508827,28.81839111473012,8954700
2015-04-09,28.867612838745117,28.888711578907795,28.57225730258352,28.691805205521806,12710900
2015-04-10,28.748069763183594,28.94497348702207,28.72697101947801,28.89574755606245,8720000
2015-04-13,28.621477127075195,28.81134965241479,28.621477127075195,28.81134965241479,9616300
2015-04-14,28.487863540649414,28.58631805424869,28.354250724681478,28.544123262706144,11209700
2015-04-15,28.4105167388916,28.69884117176033,28.35425700437488,28.54412958445113,11189100
2015-04-16,28.551158905029297,28.73400034803809,28.34019027915206,28.417546067916426,13121000
2015-04-17,28.340190887451172,28.593354316982452,28.199544239643608,28.45974147700169,15330300
2015-04-20,28.59334945678711,28.7621259419905,28.417541847563722,28.42457297158372,13023700
2015-04-21,28.677734375,28.825414795319983,28.508960584078647,28.600378603073114,19673100
2015-04-22,29.050460815429688,29.233299614768512,28.881684269214297,29.226268488206795,26887200
2015-04-23,28.797286987304688,29.120772345122923,28.776188249978293,28.994190651609486,17408800
2015-04-24,28.75510025024414,28.916842974461204,28.69884319437437,28.860585918591436,11623300
2015-04-27,28.71290397644043,28.937937532598383,28.677740303668827,28.83245187950677,10044600
2015-04-28,28.67070770263672,28.811354338647472,28.551157123113565,28.79728940678525,12174800
2015-04-29,28.47380256652832,28.656641306169625,28.41051171768877,28.593350457330075,11371400
2015-04-30,28.523033142089844,28.537098075530054,28.326126756538653,28.410516357179915,12700800
2015-05-01,28.769163131713867,28.78322806533054,28.480838699101508,28.537098433568207,10848300
2015-05-04,28.804330825805664,28.902782701415525,28.67071794927977,28.748073760862493,10204800
2015-05-05,28.65664291381836,28.930902379972036,28.607416993360594,28.930902379972036,11721300
2015-05-06,28.59334945678711,28.895738759260233,28.403476916912506,28.8605777739378,11906900
2015-05-07,28.621477127075195,28.76915486369121,28.487861637422693,28.50192656699722,13834700
2015-05-08,28.818401336669922,28.95201423903885,28.72698057051595,28.832466276279217,11144400
2015-05-11,28.790260314941406,29.106714627142992,28.74806819505579,28.81839018327308,10113500
2015-05-12,28.614444732666016,28.804317267372905,28.494896849301206,28.67070445373968,12384500
2015-05-13,28.867612838745117,29.085615269682194,28.635548157848373,28.656644215399464,13183700
2015-05-14,29.18406867980957,29.254390663824662,29.015292162516932,29.04342202916766,9961000
2015-05-15,29.198135375976562,29.317683292542284,29.134844513497097,29.14890944767163,8479000
2015-05-18,29.057493209838867,29.17704382750192,29.008267273922407,29.17704382750192,11511700
2015-05-19,29.050460815429688,29.10671787576002,28.923879076421194,28.994201072487158,9072000
2015-05-20,29.078575134277344,29.247351605793227,29.0504479578672,29.092640063787915,10965200
2015-05-21,28.99418830871582,29.05747915035828,28.88167155497489,29.0152843617263,9270900
2015-05-22,28.980138778686523,29.001237525519507,28.860590837953517,28.91684790341245,11909500
2015-05-26,28.825420379638672,28.95903321355367,28.649612748513462,28.91683841634346,15194300
2015-05-27,28.916845321655273,28.973105064703653,28.712910459635385,28.79026358240861,9863100
2015-05-28,28.930898666381836,29.04341542478706,28.748059939952512,28.973093456762967,9395200
2015-05-29,28.804330825805664,28.959042448971108,28.67071794927977,28.959042448971108,19628600
2015-06-01,28.790260314941406,29.12077956130883,28.74806819505579,29.085618567200186,12684100
2015-06-02,28.825420379638672,28.944968281150267,28.60741795130325,28.719934727918922,11878600
2015-06-03,28.74102783203125,28.980126293098248,28.67773698402495,28.902770514133735,8153800
2015-06-04,28.544126510620117,28.818385980325488,28.501931714276406,28.628513420696038,10145800
2015-06-05,28.199539184570312,28.494897360281207,28.18547693666088,28.466767499239943,15975600
2015-06-08,28.241743087768555,28.312065080448512,28.14329122497179,28.19954828259334,14339300
2015-06-09,28.269861221313477,28.424570077502562,28.206570381132643,28.24876248617923,10772700
2015-06-10,28.36128807067871,28.50896583559073,28.326124398699296,28.354254263238214,11979900
2015-06-11,28.432188034057617,28.538543938084324,28.382556000109954,28.439279870188997,11944900
2015-06-12,28.332931518554688,28.446376584209556,28.247848395499464,28.38965540375398,15568600
2015-06-15,28.070587158203125,28.26202619213085,28.056406188496247,28.240756089942238,11364800
2015-06-16,28.41800880432129,28.474729967727324,28.077671004913466,28.09894380784077,12517400
2015-06-17,28.552732467651367,28.58818354346831,28.368382545813333,28.418017297649506,13898400
2015-06-18,28.82215690612793,28.885969905441403,28.47472997547837,28.47472997547837,16314600
2015-06-19,28.64490509033203,28.822163159691158,28.64490509033203,28.77962024933731,23550600
2015-06-22,28.701622009277344,28.93560392440604,28.6874410412626,28.722892108927923,8775900
2015-06-23,28.63071060180664,28.729974641019826,28.581078582200046,28.666161657991033,11094900
2015-06-24,28.496007919311523,28.68035783685886,28.496007919311523,28.623633953077018,10385100
2015-06-25,28.375469207763672,28.60235929729681,28.375469207763672,28.55981639123064,10607600
2015-06-26,28.361291885375977,28.60945210747559,28.361291885375977,28.43219403319199,16215600
2015-06-29,27.93587303161621,28.347110349282502,27.93587303161621,28.21948432196522,15500800
2015-06-30,27.81532859802246,28.084761549859355,27.737334635274195,28.084761549859355,14621300
2015-07-01,28.00676918029785,28.07767131151536,27.850781245927823,27.92168608188826,11177400
2015-07-02,27.999679565429688,28.226569627098108,27.900412796799728,28.09894362931676,8975900
2015-07-06,27.950048446655273,28.077674460956796,27.808244168314236,27.879146307484753,10252600
2015-07-07,28.538545608520508,28.630720550422694,27.93586932974094,27.999682334943504,20335000
2015-07-08,28.262025833129883,28.52436700751617,28.24784486360314,28.354200782682017,11383700
2015-07-09,28.30455780029297,28.77252154426709,28.2903795396355,28.687435751866747,13392000
2015-07-10,28.637802124023438,28.729977041598456,28.474725088155296,28.5527190411232,13360400
2015-07-13,28.82925033569336,28.90724431367676,28.708716154986867,28.75834819465934,9854200
2015-07-14,29.190845489501953,29.254658476265853,28.956866341195898,28.999409233952623,19531000
2015-07-15,29.162504196166992,29.32558132822141,29.141231384337956,29.176685169138338,11252100
2015-07-16,29.41065216064453,29.49573525814356,29.318477227253894,29.368109259523568,10483700
2015-07-17,29.247575759887695,29.297207793282613,29.105768791012373,29.29011866197318,9608300
2015-07-20,29.339754104614258,29.45319915194811,29.22630905728041,29.31848129872816,10024200
2015-07-21,29.205034255981445,29.43901617153896,29.141221252169675,29.339752099996897,13653800
2015-07-22,28.999420166015625,29.488651445805356,28.77961919435992,28.9356071551958,15528600
2015-07-23,28.956872940063477,29.084498942675463,28.701620934839504,29.06322884382113,13522200
2015-07-24,28.673261642456055,28.94978647676243,28.651991541641426,28.9001517336229,10912500
2015-07-27,28.74416732788086,28.772529266292807,28.47473432245401,28.55981743294653,10945700
2015-07-28,28.751258850097656,28.878884878817175,28.673264865353115,28.822163702021577,11021800
2015-07-29,28.779605865478516,28.864688938918754,28.70870375506867,28.737062976387325,8479900
2015-07-30,28.758344650268555,28.893059783527224,28.63780777967461,28.75125281419322,9095500
2015-07-31,29.127044677734375,29.22630875503203,28.907243717472962,28.98523769384776,15309500
2015-08-03,29.453201293945312,29.460290426594053,28.95687816148567,28.96396729413441,14672600
2015-08-04,29.672996520996094,29.687177489580996,29.31139128868225,29.43192546453913,17559900
2015-08-05,29.864431381225586,29.93533621427677,29.65172229155767,29.722624419866033,15329200
2015-08-06,29.722627639770508,29.956609557072863,29.680087440074164,29.779351512356453,11378900
2015-08-07,29.61627769470215,29.758084687028052,29.44610876296238,29.64463963411601,10886700
2015-08-10,29.55246353149414,29.772264496269045,29.481561390466524,29.701359650498123,9501900
2015-08-11,29.41065216064453,29.47446515995453,29.1908512286339,29.353930997226147,11254900
2015-08-12,29.254671096801758,29.254671096801758,28.963967966076705,29.162498846512413,9602200
2015-08-13,29.141233444213867,29.339764375102014,29.077420413704143,29.26885950523331,10270900
2015-08-14,29.247575759887695,29.247575759887695,29.041955790255628,29.077406856288718,9904800
2015-08-17,29.31848907470703,29.38939393856094,29.04905870629418,29.091598919862527,8272800
2015-08-18,29.28301429748535,29.446091295261123,29.205020362735677,29.268833336190703,11199400
2015-08-19,28.914323806762695,29.240480579121435,28.914323806762695,29.169575756981533,15796500
2015-08-20,28.751258850097656,28.94269789317693,28.65908389496833,28.72998874689225,14218000
2015-08-21,28.028043746948242,28.694535787513924,28.013862777495422,28.47473481811027,28036200
2015-08-24,27.21265411376953,27.609710378554972,25.922215843730946,26.936132013724542,44065300
2015-08-25,26.936134338378906,27.850783816369677,26.893591432876214,27.74443060972773,31363700
2015-08-26,27.460817337036133,27.531722181316642,26.865230168796092,27.474998305892235,23523300
2015-08-27,27.84369659423828,27.92169057397108,27.36864358347638,27.69480047188113,18871600
2015-08-28,27.9713134765625,27.985494441403137,27.687699589234693,27.73024248375661,14503900
2015-08-31,27.879146575927734,27.971321521531532,27.694799389463398,27.758612397228603,12673300
2015-09-01,27.474998474121094,27.673526629835607,27.32610235733521,27.418274598349367,23703200
2015-09-02,27.581356048583984,27.70189023473739,27.340284971533748,27.67352829514479,14054800
2015-09-03,27.76570701599121,27.893333056741312,27.5388168779341,27.58135979309873,13311600
2015-09-04,27.31192398071289,27.503363022498075,27.212659893433948,27.425369038280756,15450500
2015-09-08,27.581356048583984,27.67352829514479,27.368644206382918,27.56008324151782,15273900
2015-09-09,27.15592384338379,27.801142826310084,27.08502172845478,27.73732984097705,13764600
2015-09-10,27.24100685119629,27.40408658364382,27.120472715182895,27.163015606874726,14952500
2015-09-11,27.269630432128906,27.312539196982044,27.062228974749388,27.183807446069018,11802300
2015-09-14,27.248170852661133,27.33399383094489,27.069377073501474,27.33399383094489,8950000
2015-09-15,27.53423500061035,27.627208506060096,27.119432228739075,27.22670956027154,13019800
2015-09-16,27.999109268188477,28.027714201851424,27.51278992962005,27.655822782465172,22233400
2015-09-17,28.16359519958496,28.328085139349806,27.920435565111628,27.99910525982012,21232500
2015-09-18,27.877525329589844,28.106381145461704,27.684427723414867,27.79170508068203,27527300
2015-09-21,28.027708053588867,28.113531020281645,27.848914298576542,27.927583987290156,12935800
2015-09-22,27.74163055419922,27.884666056779043,27.591444504169285,27.66296089137155,15021300
2015-09-23,27.72017478942871,27.805997732011694,27.569988732171634,27.74163188916217,8910800
2015-09-24,27.999109268188477,28.034867481399754,27.541394863283,27.548548142831333,19385700
2015-09-25,28.335222244262695,28.664204695862292,28.12782364447123,28.199340026719998,22511300
2015-09-28,28.270870208740234,28.478271637945014,28.127837374424534,28.263719658295024,19323100
2015-09-29,28.36383628845215,28.399594487645015,28.127829991238645,28.26371223944183,14166900
2015-09-30,28.69282341003418,28.77149310524459,28.46396760297285,28.521182918826394,19752600
2015-10-01,28.463958740234375,28.943127312693022,28.320923223313486,28.764333598585804,19606600
2015-10-02,28.88591194152832,28.88591194152832,28.14928271428757,28.292318230846355,15537300
2015-10-05,29.329320907592773,29.35792855782725,28.914520891895574,28.928824717012812,15664000
2015-10-06,29.293577194213867,29.56534454947578,29.272122810016914,29.350792522975127,14579400
2015-10-07,29.694059371948242,29.758425215998457,29.39368452365542,29.42229217171673,14329700
2015-10-08,30.023042678833008,30.030195955779206,29.50811586573876,29.50811586573876,11960200
2015-10-09,30.05166244506836,30.123178874306138,29.880019195450036,29.908626858415907,13931200
2015-10-12,30.037355422973633,30.24475686518036,29.901473130584712,29.915776960548275,12299100
2015-10-13,29.787038803100586,29.972983096222368,29.70836911933429,29.894313412456068,12903600
2015-10-14,29.808494567871094,30.008742697203402,29.72267433075384,29.72267433075384,14180000
2015-10-15,29.980133056640625,30.058802738861523,29.751277287366726,29.944374854224574,11801600
2015-10-16,30.05166244506836,30.187544751890897,29.951538352864713,30.151786537272006,20384200
2015-10-19,30.030193328857422,30.08025535039838,29.894308360524338,29.965827482851108,15553800
2015-10-20,30.24474334716797,30.323413012717523,30.03734199766013,30.03734199766013,16199300
2015-10-21,30.173242568969727,30.409251709067533,29.829958779154136,29.994448757929707,19254900
2015-10-22,30.924165725708008,31.360420149129048,30.33056921368571,30.352023588952477,35920200
2015-10-23,30.602340698242188,30.974232047418376,30.57373304180334,30.974232047418376,18796100
2015-10-26,30.459299087524414,30.673851011800497,30.36632558667368,30.580877510949758,14788600
2015-10-27,30.473608016967773,30.588035910959093,30.38063450054477,30.394938328315707,30166600
2015-10-28,30.559432983398438,30.63810268422183,30.18754158834569,30.573736813382382,13667300
2015-10-29,30.602340698242188,30.681010389360882,30.280511383745846,30.50936717890407,9427400
2015-10-30,30.28765296936035,30.652393660560612,30.28765296936035,30.609482188603092,15356200
2015-11-02,30.20899772644043,30.294817975409078,29.965838080882154,30.266210316360688,16252200
2015-11-03,30.151775360107422,30.266203241375962,29.90146522238745,30.166079186287973,9693100
2015-11-04,30.015888214111328,30.316260330445107,29.958672918709404,30.230440115517663,10488500
2015-11-05,30.27335548400879,30.28765658152474,30.023042626666992,30.037346452358733,9625100
2015-11-06,30.00873565673828,30.1946826430721,29.758425553799114,30.015888932922547,11926700
2015-11-09,29.7083740234375,29.88716779672033,29.56533845917594,29.822801929211455,10842700
2015-11-10,29.87286376953125,29.901471427829293,29.629704130350778,29.63685468083706,8283100
2015-11-11,30.065956115722656,30.180384000738187,29.980133155829023,29.99443698247796,9101200
2015-11-12,29.736984252929688,30.073114720602625,29.729830973601093,30.044507059641656,10725000
2015-11-13,29.593944549560547,29.880012934749203,29.579640721074664,29.651157135327747,11619500
2015-11-16,30.00873565673828,30.03734330512433,29.60108621585135,29.6296938642374,11244900
2015-11-17,29.80133819580078,30.14462456497942,29.686910315466523,29.930069902198806,12739400
2015-11-18,30.237598419189453,30.287660451419146,29.80849450631319,29.87286036606224,12966300
2015-11-19,30.83119010925293,30.9670723569362,30.266201288369942,30.266201288369942,24090700
2015-11-20,30.344871520996094,31.16732375528203,30.323417146803234,30.974226203019008,19780800
2015-11-23,30.723920822143555,30.881260212965397,30.41639531908801,30.430699148087854,13338100
2015-11-24,31.00998878479004,31.181629258939154,30.509365733532178,30.537973388615747,15767200
2015-11-25,31.00998878479004,31.11011284940638,30.924168547715478,30.98138112970647,10344900
2015-11-27,31.096471786499023,31.16133127912387,30.844239204469503,31.01719876783543,7236700
2015-11-30,30.71451759338379,31.09646912800933,30.707312205529917,31.074847466250183,16063000
2015-12-01,30.909099578857422,31.060437482933047,30.79379411635708,30.79379411635708,11153000
2015-12-02,30.82261848449707,30.9379239369539,30.692899506845787,30.865859060080446,12598500
2015-12-03,30.59920883178711,30.909092708836408,30.498316918161475,30.79378727196447,15004400
2015-12-04,31.197349548339844,31.33427385986183,30.68568197733386,30.68568197733386,16488000
2015-12-07,31.13250160217285,31.305458401857283,30.988369103036646,31.2117746141527,12030700
2015-12-08,30.99557113647461,31.16853066653966,30.844233265854236,31.024398183001864,10736200
2015-12-09,30.743350982666016,31.18295395807053,30.628045509535266,30.829829400239245,12945500
2015-12-10,30.81541633605957,31.038821896342352,30.6496648877592,30.793797418615853,15483300
2015-12-11,30.462297439575195,30.865868014806363,30.36861087318053,30.72173547014526,17313400
2015-12-14,30.592004776000977,30.8154075232944,30.246088450331747,30.491112857984774,20092900
2015-12-15,31.038814544677734,31.161328129072846,30.815409037309422,30.873063135636233,17916400
2015-12-16,31.593717575073242,31.64416352810518,31.168528293019566,31.168528293019566,21868600
2015-12-17,31.34148406982422,31.6297462314505,31.29103537371424,31.572094898764416,14697000
2015-12-18,30.62803840637207,31.29104403583675,30.62803840637207,31.24780621162739,24583700
2015-12-21,30.829824447631836,30.945129902239525,30.599213538416457,30.85865149855848,10444400
2015-12-22,31.197349548339844,31.269414396699258,30.77936573038155,30.887465752018418,12280800
2015-12-23,31.471216201782227,31.514456785029793,31.240605255993845,31.269432311492224,9092300
2015-12-24,31.377511978149414,31.507230894386492,31.291030867926338,31.341479556771898,3036600
2015-12-28,31.34148406982422,31.36310297594426,31.211765134908113,31.305448894160243,6326100
2015-12-29,31.50003433227539,31.550480290554876,31.34869645743693,31.377523504767648,7739800
2015-12-30,31.399133682250977,31.54326612971652,31.31265531341076,31.528852610060188,5112500
2015-12-31,30.959543228149414,31.233394711989614,30.894683738531967,31.20456766124878,9727900
2016-01-04,30.555973052978516,30.62803792492712,30.246089155221952,30.512732480350166,16084100
2016-01-05,30.664072036743164,30.721726136731856,30.390220559994468,30.491115234974682,15781900
2016-01-06,30.498321533203125,30.635245901114835,30.29653767541768,30.411843129737775,16245100
2016-01-07,29.993852615356445,30.346977038767978,29.871341799520746,30.015474273343784,20563600
2016-01-08,29.914583206176758,30.35418606698233,29.8425183351687,30.015477874326102,14645900
2016-01-11,29.965038299560547,30.16682218065684,29.75604628036842,29.96503829956055,15815200
2016-01-12,30.354183197021484,30.592002197240017,30.17401828743715,30.483902151850078,21814800
2016-01-13,30.159608840942383,30.678484730384415,30.116371016221365,30.390219736450238,16854300
2016-01-14,30.181230545043945,30.39021977938784,30.008270998619324,30.260503555942783,16028000
2016-01-15,29.907373428344727,29.972232902370127,29.496597675883272,29.511011197788715,21153600
2016-01-19,30.210052490234375,30.35418497616954,30.015476795685185,30.10195518760688,15462200
2016-01-20,29.82090187072754,29.993858674978814,29.366885448644986,29.8713478343924,19923500
2016-01-21,29.828105926513672,29.91458432477677,29.611908556306577,29.871346500194576,15568900
2016-01-22,30.310951232910156,30.440670212794846,29.871348328756355,30.008272696812913,15209200
2016-01-25,30.383010864257812,30.62803525627192,30.217259473939208,30.440664956072148,12505200
2016-01-26,30.32535743713379,30.62803315105947,30.21725739696135,30.383008775887063,13018500
2016-01-27,30.33257484436035,30.599218233598688,30.130790955109646,30.397434344347978,14167000
2016-01-28,30.678485870361328,30.786585934378202,30.310950601081856,30.397429002836056,16622800
2016-01-29,30.93071937561035,31.175743834044972,30.736143635737967,30.887481544127223,20457000
2016-02-01,30.98835563659668,31.09645565124709,30.678471860302906,30.700090763593963,17097800
2016-02-02,30.58479118347168,30.837023682614827,30.56317227606727,30.772164211303515,12332900
2016-02-03,30.786584854125977,30.945128126929173,30.469492810322116,30.84423620357294,15958300
2016-02-04,30.649656295776367,30.909094228770535,30.555972513716277,30.64245090834813,14413700
2016-02-05,30.58479118347168,30.981156146539757,30.455072240849052,30.93791558263285,17315700
2016-02-08,30.73613166809082,30.772164096663296,30.195636992209494,30.390212656320458,17254400
2016-02-09,31.204553604125977,31.341480658912197,30.45506711708843,30.45506711708843,24853800
2016-02-10,30.664072036743164,31.26942634113045,30.63524498674882,31.233393903186915,16729600
2016-02-11,30.563180923461914,30.707313428166977,30.25329700053063,30.289329439432176,16825300
2016-02-12,31.067636489868164,31.089255398639676,30.671274250833562,30.786579679445413,15222400
2016-02-16,31.247806549072266,31.319871422931893,31.002782129211326,31.218979499888928,12675900
2016-02-17,31.34148406982422,31.435167829076345,31.190143479690143,31.29103537371424,12332500
2016-02-18,31.42797088623047,31.514449283040165,31.204565382948523,31.442384410548527,11170300
2016-02-19,31.54328727722168,31.543287277221683,31.190162681641343,31.40636287233523,12850000
2016-02-22,31.665786743164062,31.82433275945334,31.44238399195496,31.54327591173954,20716100
2016-02-23,31.485618591308594,31.745056500817665,31.46399968188229,31.52165377248357,11166400
2016-02-24,31.644174575805664,31.66579349205322,31.25501758875436,31.391944722586793,10844200
2016-02-25,31.824331283569336,31.83874480702707,31.615339317079975,31.68019879809052,10903300
2016-02-26,31.08925437927246,31.752262633875322,31.067635471209798,31.737849112134157,18421000
2016-02-29,31.082054138183594,31.427970469939083,30.930713509397926,31.11087843733924,15049800
2016-03-01,31.485618591308594,31.485618591308594,31.110875249695304,31.262215862974497,12358300
2016-03-02,31.54328727722168,31.543287277221683,31.291054637778693,31.32708983562742,12856300
2016-03-03,31.68020248413086,31.69461600926563,31.3775267035972,31.42797266701948,13134800
2016-03-04,31.78829002380371,31.817117062715663,31.478406228244566,31.550471076426707,13691500
2016-03-07,31.716232299804688,31.80991883088433,31.60813499388072,31.64416742918871,10695300
2016-03-08,31.93963623046875,32.047736280188445,31.572101009799006,31.65137126394853,18900200
2016-03-09,32.29275894165039,32.307172464111694,31.918015604951474,31.99008046815967,18466600
2016-03-10,32.595428466796875,32.61704737182802,32.19906629633832,32.314371705000774,28908600
2016-03-11,32.82784652709961,32.864159961900285,32.631750654530954,32.6825900173594,16129300
2016-03-14,32.893211364746094,32.98762573981951,32.71164142270692,32.71164142270692,13206700
2016-03-15,32.85690689086914,33.089316258416765,32.73343785593173,32.74070220709533,13686300
2016-03-16,32.718894958496094,32.80604773350079,32.355755163683625,32.718894958496094,15386100
2016-03-17,33.24182891845703,33.34350765371674,32.6608055951603,32.7189065422211,24080000
2016-03-18,33.11836624145508,33.314462170069035,32.9658481093792,33.292674657069135,23853400
2016-03-21,33.169189453125,33.31444593358659,32.94404454041962,32.98761954518224,9740400
2016-03-22,33.045745849609375,33.21278994671417,32.96585459218125,33.08205930192975,13788300
2016-03-23,33.01667785644531,33.19824779991965,32.936786638030604,32.973102843155445,9292100
2016-03-24,33.103843688964844,33.11836685087317,32.82059216206255,33.009426513330745,10890200
2016-03-28,33.263614654541016,33.35803180533792,33.05299284527776,33.08930905211029,13306600
2016-03-29,33.75749206542969,33.779279577565234,33.27088582414796,33.3071992678866,25010400
2016-03-30,33.830108642578125,33.93904893167081,33.648538723553216,33.86642207227569,14312200
2016-03-31,33.6921272277832,34.0480056306705,33.64128785173333,33.80833191168836,15544500
2016-04-01,34.01168441772461,34.04073350416206,33.4887620743244,33.51054958178688,14922900
2016-04-04,34.055259704589844,34.08431156179686,33.77201102316544,34.01894626834987,10629800
2016-04-05,33.79380416870117,33.99716443253975,33.72843886434914,33.8591694730532,10696700
2016-04-06,33.924530029296875,33.939055958290716,33.68485912724269,33.822851296877666,9122700
2016-04-07,33.67033767700195,33.83012014665043,33.52508113827952,33.772016422946244,9292000
2016-04-08,34.040740966796875,34.120632205723695,33.72844036219467,33.72844036219467,11959300
2016-04-11,33.72842788696289,34.22956264740654,33.70664038278261,34.06251865077104,11880100
2016-04-12,33.880950927734375,33.96083937176162,33.66306478963557,33.7066425713628,11219100
2016-04-13,33.43791961669922,33.97536506833277,33.278137188654874,33.968103490029534,13234100
2016-04-14,33.28540802001953,33.568656728144404,33.227304300128345,33.452452058899894,12982200
2016-04-15,33.48149871826172,33.52507650501729,33.17646252258573,33.27814125447773,13647800
2016-04-18,33.56865310668945,33.61222812136902,33.27814007965039,33.4814975362552,11538100
2016-04-19,33.84464645385742,33.85917238613407,33.51782267451697,33.63402736219182,14418300
2016-04-20,32.225032806396484,32.958576929859795,31.999887849532225,32.929525073962,40360300
2016-04-21,31.709373474121094,32.159666139109625,31.13561181212148,32.145140211782596,37206900
2016-04-22,32.34849166870117,32.4356444385381,31.80378200878134,31.80378200878134,25134200
2016-04-25,32.47197723388672,32.47924158518658,32.23230628121816,32.31945910304871,11173800
2016-04-26,32.34123611450195,32.653536626072224,32.2686092483152,32.624484771382576,13935500
2016-04-27,32.4501838684082,32.58091446284482,32.137883311758266,32.42113200952501,11335500
2016-04-28,32.413875579833984,32.60997150264368,32.290406545233125,32.31945840873194,10932500
2016-04-29,32.53732681274414,32.58090458786089,32.31944347823421,32.34123098052413,11716000
2016-05-02,32.668067932128906,32.820586038555206,32.370293298875644,32.370293298875644,12577500
2016-05-03,32.56637191772461,32.733415865268896,32.428379814240984,32.588159415501934,10420500
2016-05-04,32.668067932128906,32.76248509014711,32.326715509666215,32.479236386630326,9350500
2016-05-05,32.72616958618164,33.03847012946644,32.58817464766095,32.63175243412079,8801100
2016-05-06,32.91499710083008,32.9803623872699,32.62448410097815,32.726165590302436,8564000
2016-05-09,32.85690689086914,33.04573846304976,32.806064744338535,32.91500784748695,8110600
2016-05-10,33.22730255126953,33.2926678474378,32.987628875139976,33.00215480434823,8933500
2016-05-11,33.01667785644531,33.32171680216169,33.00941627774282,33.21277372786209,8833100
2016-05-12,33.28540802001953,33.336247389655384,33.03847275155772,33.082047770938246,10463400
2016-05-13,32.93679428100586,33.285411091446015,32.849641463664874,33.22730736619329,10341200
2016-05-16,33.13288879394531,33.21278002751343,32.78427476881553,32.79880069951319,9413600
2016-05-17,32.50101852416992,33.08930611384443,32.471966669498684,33.0094148987672,17457000
2016-05-18,32.304931640625,32.55913128385123,32.12336165426546,32.36303536611835,12524300
2016-05-19,32.18872833251953,32.23956770922465,31.985370825699047,32.13788895581441,10659500
2016-05-20,31.920001983642578,32.34850723310859,31.91273763318126,32.32671695226257,12914100
2016-05-23,31.93453025817871,32.072522451155805,31.91273997573317,32.007157144895466,13554700
2016-05-24,32.225032806396484,32.261346241,31.95631006568553,32.028936934892556,12634200
2016-05-25,32.2322998046875,32.41386976316506,32.13788265052861,32.32671418830869,9218100
2016-05-26,32.45744705200195,32.51555077263999,32.27587708081491,32.34124238126376,8695800
2016-05-27,32.52280807495117,32.65353865865478,32.42839369713886,32.47196871134838,7893900
2016-05-31,32.39207458496094,32.66806165585503,32.145139367958286,32.66806165585503,18935200
2016-06-01,32.464717864990234,32.52281882665634,32.312199723760955,32.392088199734545,8916000
2016-06-02,32.47924041748047,32.47924041748047,32.31945794108715,32.46471448594124,6693900
2016-06-03,32.71165084838867,32.71891242912615,32.45018961322766,32.50102899000471,13434900
2016-06-06,32.95131301879883,33.031204238311425,32.740693987082686,32.747955565884965,10310600
2016-06-07,32.91499710083008,33.03120174666339,32.82784430908942,32.93678460613092,9812600
2016-06-08,33.0820426940918,33.16193391141295,32.82058153578162,32.856897740409366,7915400
2016-06-09,33.234554290771484,33.26360614058653,32.90773067723129,32.922256602138816,8042900
2016-06-10,33.40160369873047,33.416126854256284,33.08930321472028,33.13287822237196,12357000
2016-06-13,33.02104568481445,33.42356231521169,32.99909109516239,33.28451192777528,10613500
2016-06-14,32.96250915527344,33.02837573594288,32.52339768688219,32.82345593397968,11298200
2016-06-15,32.94053649902344,33.18204811346403,32.84539809798647,33.021040370503634,8360400
2016-06-16,33.16011428833008,33.18206888819423,32.728322809694646,32.83809860080074,11305400
2016-06-17,32.7795524597168,33.094248089837166,32.47949416027474,33.05765336724869,20805400
2016-06-20,32.91859817504883,33.16010990879882,32.90396084647747,32.99910208629883,10712400
2016-06-21,33.02835464477539,33.138130347934236,32.93321346861124,33.05030922705054,7919400
2016-06-22,32.83077621459961,33.17474644838361,32.794184289933945,33.11619713549063,10738900
2016-06-23,32.99176788330078,33.05763164038673,32.81612282238766,32.95517318476388,9655300
2016-06-24,32.15015411376953,32.61122015727142,32.06965020867407,32.34775384669891,26003700
2016-06-27,32.04036331176758,32.12086718610407,31.703713284345604,31.95985943743109,15779500
2016-06-28,32.33311080932617,32.340428075867756,31.959866004667333,32.24528965190585,16509800
2016-06-29,32.523399353027344,32.72099910515853,32.37703164785019,32.48680742673306,12250900
2016-06-30,33.174739837646484,33.174739837646484,32.5599861336968,32.581940725764326,16056500
2016-07-01,33.02104568481445,33.233282690731116,32.98445377146634,33.17473618773096,11799700
2016-07-05,33.247928619384766,33.42357096562761,33.043011618173196,33.050328886023,12339100
2016-07-06,33.13081741333008,33.33573431942764,32.87466848892467,33.29914241359357,10902600
2016-07-07,32.99908447265625,33.31377988950577,32.9112633398886,33.24059328571316,9741100
2016-07-08,33.211334228515625,33.31379272150736,32.98445985704496,33.15278492292917,11127100
2016-07-11,33.350372314453125,33.49674273253243,33.013722307119174,33.18936457538753,10937800
2016-07-12,33.357704162597656,33.45284259496411,33.06496322295677,33.401613349294635,9739000
2016-07-13,33.47480392456055,33.48943846066098,33.24792953001616,33.379662689198724,8028400
2016-07-14,33.438194274902344,33.621156604076916,33.35769319516375,33.46746891759833,7621200
2016-07-15,33.394290924072266,33.59189060904122,33.25523774291777,33.57725328514159,10621000
2016-07-18,33.394290924072266,33.44552016182895,33.28451239071704,33.43820010398709,7958300
2016-07-19,33.394290924072266,33.45283742788673,33.247920476859996,33.269875066817406,7761100
2016-07-20,33.30646896362305,33.496751393862965,33.21864780678076,33.48211406909187,8478200
2016-07-21,33.26255798339844,33.306467163554366,33.12350480148043,33.182054097400446,8045100
2016-07-22,33.54066467285156,33.547981939629615,33.269878341729644,33.29915299241056,8836100
2016-07-25,33.350372314453125,33.540654695491284,33.277188501305226,33.526017374504995,9134300
2016-07-26,32.84540557861328,33.40893001553522,32.80881366282026,33.321106067490916,15819900
2016-07-27,31.76226234436035,32.24528279513709,31.54270530982065,32.128187012881625,37461100
2016-07-28,31.94522476196289,31.974496613765375,31.63052932287089,31.66712123146175,13077800
2016-07-29,31.93059730529785,32.01841847140546,31.82081875382493,31.996463877824695,16530500
2016-08-01,31.798860549926758,32.076964134774705,31.784223225273266,31.97450286220025,12349700
2016-08-02,31.857402801513672,31.893997504151507,31.69639783539936,31.725669689012243,12825200
2016-08-03,31.937911987304688,31.981823962696247,31.74031228571914,31.952549312435206,12119100
2016-08-04,31.842758178710938,32.054995121505115,31.762257110000956,31.87935287295926,11244100
2016-08-05,31.820812225341797,32.018411902382,31.769582989640703,31.945228077604426,10398200
2016-08-08,31.791526794433594,31.85007606782181,31.630521876182033,31.784209531151575,8680300
2016-08-09,31.81349754333496,31.93791061391793,31.747630978972154,31.835452134194497,7281300
2016-08-10,31.91596794128418,31.97451446936709,31.835464022358096,31.937922540342118,8412100
2016-08-11,32.01841354370117,32.106234696292915,31.923272333186052,31.99645895349926,11303300
2016-08-12,32.22332763671875,32.34042342704181,32.04768534712608,32.13550649192241,10928900
2016-08-15,32.377010345458984,32.44287688616595,32.208682570043145,32.27454911075011,10390600
2016-08-16,32.076961517333984,32.38433693462325,32.076961517333984,32.38433693462325,9706100
2016-08-17,32.24529266357422,32.25260993079923,32.040372888075204,32.20869795209561,11208500
2016-08-18,32.27456283569336,32.391658647658836,32.201379000134075,32.208696266976254,9144300
2016-08-19,32.1428108215332,32.24527203964123,32.01108055324549,32.23795198531357,9385900
2016-08-22,32.01110076904297,32.16478850558849,32.003780710092514,32.15746844663804,8687500
2016-08-23,32.09160232543945,32.186743550639235,32.01110121834606,32.09160232543945,8421100
2016-08-24,32.09160232543945,32.15746889799553,31.952551913058645,32.06964773184894,11508900
2016-08-25,31.959857940673828,32.15745758885014,31.930586090108992,32.09159103945804,9815700
2016-08-26,31.703718185424805,32.142826741962786,31.696400919255623,31.996459084306203,11824900
2016-08-29,31.864721298217773,31.915950529261234,31.71103360508739,31.7183508701863,9544600
2016-08-30,31.645170211791992,31.857404422256053,31.557346271133774,31.806175186097416,9720100
2016-08-31,31.78422737121582,31.806181965167717,31.528081135828444,31.78422737121582,10217900
2016-09-01,31.725675582885742,31.769587559138632,31.615899829930065,31.623217096746696,8457800
2016-09-02,31.952547073364258,32.07696293236309,31.813496682044722,31.850088596414693,9026000
2016-09-06,32.04768371582031,32.0550009809376,31.76226291592295,32.01109180666645,8600400
2016-09-07,31.937911987304688,32.05500779656453,31.857408094978986,31.996461287826765,8656600
2016-09-08,31.93059730529785,32.00378114509011,31.79886416024416,31.95986916614403,10020400
2016-09-09,30.935272216796875,31.78421734720899,30.935272216796875,31.78421734720899,23624200
2016-09-12,31.60857582092285,31.637850468099398,30.986504923233348,31.00114224682162,15932300
2016-09-13,31.195383071899414,31.55692021728671,31.143735310357215,31.55692021728671,12962700
2016-09-14,31.069957733154297,31.291305714164736,30.981419103668575,31.188010177332682,9823900
2016-09-15,31.254423141479492,31.276557101072573,30.900265715025053,30.996181416323754,10158500
2016-09-16,31.092086791992188,31.180625407539107,30.966657321183373,31.11422074223096,16354000
2016-09-19,31.062589645385742,31.261803748178043,31.04783554703966,31.106860384204037,7659900
2016-09-20,31.23967170715332,31.37985816680868,31.165889952512295,31.217537743679717,8407200
2016-09-21,31.379850387573242,31.43887802832761,31.062583855000586,31.195393232105086,13654700
2016-09-22,31.69710922241211,31.734000081628125,31.497895205135055,31.51265211173989,9288300
2016-09-23,31.534793853759766,31.682357313902912,31.468389170858316,31.586441627728384,8852700
2016-09-26,31.02569580078125,31.520042485860234,30.996181977727232,31.51266262280019,15036000
2016-09-27,31.424123764038086,31.45363758690032,30.988804727895825,31.128991164601853,11920400
2016-09-28,31.099475860595703,31.549548931407912,31.01093440423913,31.45363324224397,15523800
2016-09-29,31.01093101501465,31.276549725869206,30.878121659587368,31.00355396842085,12671700
2016-09-30,31.224918365478516,31.357727790700757,31.03308409270964,31.143756737332275,14375700
2016-10-03,31.01093101501465,31.21752490934173,30.90763547514729,31.21752490934173,11152800
2016-10-04,30.870746612548828,31.239660887166004,30.82647588634145,31.239660887166004,13682700
2016-10-05,30.848617553710938,31.04045176854328,30.7453191761626,30.937156205587943,9607300
2016-10-06,30.774826049804688,30.944526267000157,30.6789103713414,30.752692095481216,9722900
2016-10-07,30.789596557617188,30.944539935506224,30.671544058093122,30.863381128940734,8122800
2016-10-10,30.789596557617188,30.9814336284648,30.693678022193385,30.929783021241516,8983600
2016-10-11,30.649398803710938,30.767451259748164,30.546103256502434,30.737937442090715,12249100
2016-10-12,30.82648468017578,30.87075541901222,30.61989352812577,30.715812054974712,12216300
2016-10-13,30.811716079711914,30.907634570176995,30.627258959751828,30.730557311186995,17655600
2016-10-14,30.74531364440918,30.92239373089561,30.708422780647314,30.87812300562588,9893800
2016-10-17,30.69367218017578,30.88550921451048,30.671538220288344,30.789590697343133,10792500
2016-10-18,30.9666748046875,30.988808767422903,30.789594659023972,30.84862231244296,11297300
2016-10-19,31.02569580078125,31.077343583829236,30.848618491643318,30.937157146212282,16367400
2016-10-20,30.93714714050293,31.069956486699645,30.907633326994286,30.96666095401157,10620500
2016-10-21,31.084720611572266,31.114231617341424,30.752697168981996,30.878126683631194,14401500
2016-10-24,31.401987075805664,31.556930410480454,31.1732591903861,31.22490696861103,13439200
2016-10-25,31.38723373413086,31.638095605998405,31.306072126380606,31.4610154786712,16484700
2016-10-26,31.313453674316406,31.748772784677396,31.291319710692584,31.726638821053573,16886200
2016-10-27,31.077335357666016,31.468386373137914,30.91501500302125,31.453629465517057,14537000
2016-10-28,31.158496856689453,31.33557693306096,31.06257836471354,31.18063081076377,13398400
2016-10-31,31.283935546875,31.291312594874178,31.077341613190253,31.077341613190253,13327500
2016-11-01,31.077335357666016,31.306063203900813,30.92239204953551,31.28392924976569,12223400
2016-11-02,31.02569580078125,31.239666796033244,30.996181977727232,31.062586672302228,12034300
2016-11-03,31.01093101501465,31.15112023162809,30.959283245080968,31.15112023162809,11258000
2016-11-04,30.76007652282715,31.018318248465395,30.76007652282715,30.878128998532535,14464200
2016-11-07,31.328210830688477,31.35772465881099,31.018324079182786,31.018324079182786,14038500
2016-11-08,31.638099670410156,31.71188142442892,31.261805406971348,31.261805406971348,12036600
2016-11-09,31.188020706176758,31.224911579700535,30.76745855590058,30.81172647829182,21351000
2016-11-10,30.206695556640625,31.18062887989191,30.140290883937485,30.885499190338518,33245500
2016-11-11,30.273115158081055,30.346899727799286,29.97798532298877,30.214090316900016,13421000
2016-11-14,30.376405715942383,30.560862887833,30.140300761089836,30.346894707530623,19514200
2016-11-15,30.575618743896484,30.63464638786859,30.376404667380115,30.383784530173116,16554000
2016-11-16,30.44280433654785,30.730559831543268,30.369022608349546,30.546102696454994,12681400
2016-11-17,30.339508056640625,30.472317415855947,30.250969422027893,30.457560507655085,12398800
2016-11-18,30.184568405151367,30.398539378139414,30.177191357451992,30.273107050507775,16345300
2016-11-21,30.516592025756836,30.51659202575684,30.051759209321823,30.18456858544611,12307000
2016-11-22,30.52397346496582,30.767458294421303,30.428057757537793,30.583001113776803,12743500
2016-11-23,30.339508056640625,30.479697277252605,30.273103377032964,30.413292597644944,9281300
2016-11-25,30.64202308654785,30.678916770906074,30.42805491607208,30.538727525367904,7402300
2016-11-28,30.80433464050293,30.833848450989894,30.450177358435003,30.627254592173024,19424400
2016-11-29,30.61832046508789,30.893624121177996,30.61087821475778,30.893624121177996,11421900
2016-11-30,30.023061752319336,30.655519550878456,30.023061752319336,30.506705784253572,22410400
2016-12-01,29.88913917541504,30.052834654730255,29.67336212532102,29.9933108321349,20409900
2016-12-02,30.030515670776367,30.127245082426846,29.90402292655842,29.98587067192516,11176300
2016-12-05,30.223976135253906,30.276060555772723,29.99331736963858,30.01563845317863,15977800
2016-12-06,30.186765670776367,30.335579479261558,30.075154604815648,30.32069781457431,11303500
2016-12-07,30.722503662109375,30.722503662109375,30.142129914977097,30.16445383804369,13726500
2016-12-08,30.491830825805664,30.662965701604158,30.39510143048056,30.558796893586567,13077100
2016-12-09,31.250776290893555,31.41447174165348,30.722490039569884,30.878743239811488,28125800
2016-12-12,31.17637062072754,31.258215507207858,31.042438496106058,31.25077609512307,17561900
2016-12-13,31.072214126586914,31.221027986292725,30.90852143545999,31.042453625356387,18986000
2016-12-14,30.66297149658203,31.243345139830037,30.55136325477918,31.168936806907126,17937900
2016-12-15,30.915945053100586,31.109403823377054,30.581114749458113,30.581114749458113,14265300
2016-12-16,31.057327270507812,31.07220609808451,30.863868451360073,30.960597860933945,19675200
2016-12-19,31.005245208740234,31.10197463450044,30.93828195827705,31.02012687719473,8687300
2016-12-20,30.997798919677734,31.042443915140808,30.834103441367194,31.02756224998645,10603500
2016-12-21,30.930835723876953,31.12429455049809,30.893632976722937,30.953156804491826,9693600
2016-12-22,30.915945053100586,30.96802945162421,30.566235925640083,30.930826715305457,11894100
2016-12-23,30.953161239624023,31.020127329451565,30.767144638812848,30.968042908295484,6436600
2016-12-27,30.960601806640625,31.072210058014864,30.90851738832173,30.923399056182546,6999200
2016-12-28,30.796890258789062,31.00522782355736,30.796890258789062,30.871298559339483,8988000
2016-12-29,30.953161239624023,31.020127329451565,30.78946856101408,30.78946856101408,6875300
2016-12-30,30.84898567199707,31.131731638337932,30.767137931341495,31.020120566828066,11470200
2017-01-03,31.101966857910156,31.109409109470597,30.715052089999716,30.87874756368149,14711000
2017-01-04,30.990354537963867,31.22845546548679,30.945709549658215,31.161489402221783,9959400
2017-01-05,31.064760208129883,31.14660793467645,30.901064755036746,30.99779414444514,8968300
2017-01-06,31.057327270507812,31.109411682188924,30.908513449252837,31.027563938579306,10246600
2017-01-09,30.74480628967285,30.938265035373377,30.66295857713697,30.677840237451356,14822500
2017-01-10,30.536483764648438,30.834108602389936,30.402551594229006,30.834108602389936,19706800
2017-01-11,30.543909072875977,30.595993466385774,30.380216481153706,30.39509530353945,9266200
2017-01-12,30.469526290893555,30.53649239502958,30.35791517120396,30.51416846805845,8541200
2017-01-13,30.417423248291016,30.536473711873125,30.27604887139624,30.50671038638086,8123500
2017-01-17,30.670413970947266,30.729937799328532,30.357904647185602,30.387667980570082,12469400
2017-01-18,30.722503662109375,30.789469754532785,30.610892561940965,30.69274032361271,10390500
2017-01-19,30.610876083374023,30.72248712345954,30.529028365762866,30.610876083374023,10987100
2017-01-20,30.74480628967285,30.83409341317268,30.60343477426591,30.707603558080127,14695400
2017-01-23,30.8266658782959,30.87875029026872,30.662970390159845,30.737378720397857,11628900
2017-01-24,31.17637062072754,31.22845502048179,30.856421971730324,30.856421971730324,17040100
2017-01-25,31.340072631835938,31.4368020482715,31.1763799713924,31.20614046704447,12538200
2017-01-26,31.10942268371582,31.332642075343745,31.094541012488815,31.273115390435734,8976800
2017-01-27,30.84154510498047,31.213578211582433,30.819221188480952,31.183814881841315,12967400
2017-01-30,30.78944969177246,30.863855151142488,30.66295700477981,30.72992305356737,11626200
2017-01-31,30.930835723876953,31.020122884724117,30.774582482797495,30.79690356341237,12678000
2017-02-01,30.700178146362305,30.99780583911212,30.692738731318176,30.893636998166098,11136100
2017-02-02,30.80434226989746,30.87130834242109,30.692731202895633,30.811781683116823,9459700
2017-02-03,30.908517837524414,31.09453443090616,30.848991165216034,30.938281173678604,11882400
2017-02-06,30.92340660095215,31.005251536573482,30.804356067407298,30.901082674520318,15742800
2017-02-07,31.17637062072754,31.23589443256658,31.005232920521387,31.02755683354957,13315200
2017-02-08,31.26567268371582,31.36240211731756,31.131740495155952,31.18382491977498,14219700
2017-02-09,30.692726135253906,31.265657363718404,30.2983720168302,31.265657363718404,27240300
2017-02-10,30.1942138671875,30.655534209771375,30.171889946567656,30.521602039603817,28847300
2017-02-13,30.223976135253906,30.3802322351984,30.134688962705653,30.335587229730255,23617100
2017-02-14,30.157007217407227,30.209091633040337,29.926348473428543,30.045398971788185,32177800
2017-02-15,30.09003448486328,30.23140887181359,30.060273995641186,30.075152821058662,26600800
2017-02-16,30.6555233001709,30.71504711106894,30.13467647247543,30.171879209085066,22214800
2017-02-17,30.677854537963867,30.774583955904642,30.543922371088264,30.603449040094223,15065100
2017-02-21,30.84898567199707,30.87874900285136,30.655529698219084,30.655529698219084,17072600
2017-02-22,30.953161239624023,31.012687914309872,30.804350229685543,30.886195149796475,11186800
2017-02-23,30.997798919677734,31.25078155052702,30.968035589369016,31.00523833306121,12856800
2017-02-24,31.087095260620117,31.183824693520034,30.953163073031995,31.02757142079664,13215300
2017-02-27,31.005245208740234,31.064771882558215,30.94572137331028,31.064771882558215,12186400
2017-02-28,31.221025466918945,31.30287322507187,30.982924445958478,31.012687783175554,15946800
2017-03-01,31.369831085205078,31.51120264231735,31.16149345611598,31.258220019114596,14662000
2017-03-02,31.600502014160156,31.667468106022238,31.30287430846464,31.310316562220518,15507600
2017-03-03,31.607927322387695,31.615369572821972,31.436792461428947,31.600487910340313,11740000
2017-03-06,31.384714126586914,31.570730685972382,31.340069130514923,31.503764611058116,16307800
2017-03-07,31.24335289001465,31.429369510883447,31.213589549462426,31.250792305958512,11273700
2017-03-08,31.24335289001465,31.273113392178487,31.057336269145846,31.250792305958512,14636000
2017-03-09,31.273107528686523,31.33263419863012,31.191259776707998,31.317752531144222,14496400
2017-03-10,31.46656608581543,31.548413837060963,31.362397252734866,31.42192108375755,16369700
2017-03-13,31.54912567138672,31.616682802172026,31.40650633459089,31.46655552671138,12831500
2017-03-14,31.504093170166016,31.601673476680876,31.39900492411004,31.511598246267177,9844500
2017-03-15,31.616683959960938,31.736785212039585,31.50409064682205,31.511595722322088,22757800
2017-03-16,31.71428680419922,31.819375107056576,31.451566047055824,31.549146406313945,16004200
2017-03-17,31.54912567138672,31.7893281667479,31.534112657496692,31.73678404985262,37526500
2017-03-20,31.661727905273438,31.781829175946633,31.57915774479058,31.601675838216757,11484200
2017-03-21,31.901931762695312,31.999514943968013,31.684247305794784,31.759312392712353,17187300
2017-03-22,31.811853408813477,32.052055936563576,31.71427023709,31.946967688602907,11605500
2017-03-23,31.654220581054688,31.819360905233463,31.571653282405517,31.684246615167233,11503300
2017-03-24,31.616683959960938,31.714267122099752,31.45905160350266,31.699254107659957,13804400
2017-03-27,31.766809463500977,31.781822477100764,31.56413807506319,31.60917711586255,12387400
2017-03-28,31.849380493164062,31.946963652559297,31.706761155155366,31.706761155155366,14123800
2017-03-29,31.841873168945312,31.924443315916353,31.744292871106534,31.909430301608918,9580100
2017-03-30,31.97698974609375,31.99200276148657,31.721774211295596,31.78933134884334,11999900
2017-03-31,31.856887817382812,32.01452304397707,31.849382741563964,31.93945796858937,11551800
2017-04-03,31.83438491821289,31.999525299432847,31.72929662596063,31.96199417554864,11240000
2017-04-04,32.03704833984375,32.04455341735046,31.804350848969136,31.9094391147059,10946200
2017-04-05,31.954490661621094,32.17217521913841,31.924464612975616,32.01454275891205,10142800
2017-04-06,32.02953338623047,32.09709052276153,31.87940896144131,31.96197911313926,14597800
2017-04-07,31.984498977661133,32.08208214993681,31.909433897664453,32.007017069940126,11028800
2017-04-10,32.044559478759766,32.12712966415455,31.946979135512315,32.074585521347146,9426900
2017-04-11,32.02203369140625,32.089590839289734,31.91694543101868,32.03704670909595,8909400
2017-04-12,32.232208251953125,32.269742225614884,31.90943554985508,31.931956506740168,13417200
2017-04-13,32.119625091552734,32.33730960858122,32.112117149067025,32.17967431423307,9891900
2017-04-17,32.32978439331055,32.32978439331055,32.11209999258397,32.119607931058425,11318100
2017-04-18,32.637542724609375,32.720112863935036,32.34479613131979,32.35980914423713,13181600
2017-04-19,32.44988250732422,32.87023825471393,32.41985648320225,32.83270715628111,13893100
2017-04-20,32.34479522705078,32.50242756311677,32.314769202055544,32.42736536406802,10838300
2017-04-21,32.32978439331055,32.352302481854835,32.194670135165744,32.26222726423814,13833800
2017-04-24,32.487430572509766,32.60002679005154,32.389850238310366,32.45740739614728,16703800
2017-04-25,32.35981750488281,32.600020046741356,32.14213305649845,32.16465114997264,18745100
2017-04-26,32.4573974609375,32.600016811185974,32.262231125397605,32.32228318662215,13626600
2017-04-27,32.28475570678711,32.487427159002834,32.21719855604854,32.40485698994008,10386200
2017-04-28,32.389835357666016,32.42736645845702,32.16464302604106,32.247213165844954,10337800
2017-05-01,32.44239044189453,32.65256696814719,32.352312333408754,32.389846310331365,13208200
2017-05-02,32.570003509521484,32.607534630734726,32.39735806118777,32.44239712470826,11823900
2017-05-03,32.517459869384766,32.645069119609985,32.38985348260059,32.52496781180798,10389000
2017-05-04,32.77265930175781,32.88525547490381,32.577495846869674,32.592505997412154,10193100
2017-05-05,32.79518127441406,32.907777460893,32.69760096713495,32.870246353213346,8133000
2017-05-08,32.945308685302734,32.96032170111578,32.682588067174315,32.72011917498695,14284300
2017-05-09,32.66006851196289,32.94531009775998,32.5624882001545,32.94531009775998,8694400
2017-05-10,32.705108642578125,32.74263975324062,32.54747625973154,32.63755149800956,7597700
2017-05-11,32.78017044067383,32.78767838077351,32.60001996644373,32.64505901672133,6860100
2017-05-12,32.72011947631836,32.78767661637925,32.622536304354846,32.75765058447663,7275800
2017-05-15,32.825218200683594,32.847736300077194,32.62254671581845,32.62254671581845,8493000
2017-05-16,32.91529083251953,33.110457223144444,32.85524161778619,32.93030385206304,10454100
2017-05-17,32.975337982177734,33.15548846289304,32.81019765532182,32.91528591297912,14538800
2017-05-18,32.87775802612305,32.99785931285962,32.75765673938647,32.93030216010526,13832200
2017-05-19,32.952823638916016,33.02788587051823,32.847732505856094,32.91528965967432,11796800
2017-05-22,33.16299819946289,33.19302423568849,32.88526452297715,32.94531373198793,12857900
2017-05-23,33.32062911987305,33.47826150792075,33.18551482627779,33.21554086117458,11996100
2017-05-24,33.80103302001953,33.846072070759824,33.410703170590885,33.410703170590885,12738300
2017-05-25,34.086273193359375,34.13881731864561,33.75599542535449,33.778513518065715,16704200
2017-05-26,34.07125473022461,34.19886391654794,34.026218552001936,34.04122870244975,11341400
2017-05-30,34.10127639770508,34.12379448393718,33.861073933098474,33.898605031298395,13093500
2017-05-31,34.131309509277344,34.303954887599566,34.056244433850395,34.10128347910656,14148000
2017-06-01,34.371524810791016,34.371524810791016,33.951168822337166,34.116309186272765,11049300
2017-06-02,34.44657516479492,34.44657516479492,34.236398674810566,34.40153898176394,9923700
2017-06-05,34.521644592285156,34.521644592285156,34.2964521949943,34.36400934149351,10015200
2017-06-06,34.51413345336914,34.57418551733228,34.36400615690131,34.454084252846016,9836700
2017-06-07,34.16134262084961,34.30396487396021,34.041241328643174,34.153837542842,12776300
2017-06-08,33.876094818115234,34.16133352147758,33.80102974083048,34.16133352147758,12879000
2017-06-09,34.01872253417969,34.041240631181815,33.75600185768614,33.82355901213314,9358800
2017-06-12,34.026222229003906,34.138815550167465,33.928639059910225,34.01871428952905,11228500
2017-06-13,34.079200744628906,34.13974701454584,33.90513454912529,34.05649733691258,10023400
2017-06-14,34.28353500366211,34.412194364701,34.17758193398575,34.19271849922589,11497500
2017-06-15,34.24569320678711,34.31380630323106,34.086763610752705,34.19271667477564,9908700
2017-06-16,34.291114807128906,34.32138505950027,34.06406914880809,34.291114807128906,27025300
2017-06-19,34.34408950805664,34.34408950805664,34.13218043083585,34.32138321124404,7624700
2017-06-20,34.51814270019531,34.71491224732085,34.29866686482143,34.32137026606554,14920900
2017-06-21,34.22299575805664,34.57112813956153,34.18515289688896,34.5257184383633,9515800
2017-06-22,34.109474182128906,34.26840381156295,34.07920104690192,34.18515413319128,7446300
2017-06-23,34.24569320678711,34.34407943209604,34.07919388503423,34.09433044946671,9544800
2017-06-26,34.381927490234375,34.44247087520658,34.28354124177376,34.298677809768094,7747100
2017-06-27,34.09433364868164,34.359219220598774,34.05649367755198,34.313809523040334,11432200
2017-06-28,34.298683166503906,34.434909412723485,34.230570043394124,34.245706613752475,9218800
2017-06-29,33.927833557128906,34.23812590629875,33.791607366078296,34.15487624654511,9283500
2017-06-30,33.94297409057617,34.147313418427075,33.94297409057617,33.97324722514779,9352800
2017-07-03,33.87485885620117,34.260834080263166,33.87485885620117,34.13974443657809,6434500
2017-07-05,33.92027282714844,34.04893221370748,33.85215971355957,33.89756941828721,6853600
2017-07-06,33.6024169921875,33.94297970796202,33.51916730184067,33.84459633482984,13113000
2017-07-07,33.594844818115234,33.69323107109047,33.48132488345638,33.65539109287085,9566000
2017-07-10,33.58727264404297,33.738635419892255,33.47374984040481,33.6402491825395,9672000
2017-07-11,33.54943084716797,33.66295075762727,33.41320464501308,33.54186112093455,10300700
2017-07-12,33.68565368652344,33.8824261477477,33.63267715165644,33.74619994751694,7737400
2017-07-13,33.62511444091797,33.70079438944697,33.57970473959759,33.67052414223836,6371900
2017-07-14,33.814327239990234,33.844600383193054,33.67810098258336,33.69323755418477,8558700
2017-07-17,33.85215759277344,33.89756729465623,33.76134107601287,33.79918105074602,7189200
2017-07-18,33.80675506591797,33.9429813134735,33.76891508315379,33.89000476020253,9037200
2017-07-19,33.927833557128906,33.93540039574086,33.71592454493661,33.8067410433022,6986900
2017-07-20,33.92027282714844,34.04136248608361,33.86729628180212,33.98081910011862,7430300
2017-07-21,34.079200744628906,34.10947387958737,33.80674830401279,33.889997981646054,8545600
2017-07-24,33.93539810180664,34.09432768495436,33.92783126370618,34.0867608468539,9103600
2017-07-25,34.238136291503906,34.27597627005026,34.011090646215166,34.07163692149358,14096300
2017-07-26,34.616546630859375,34.65438661463071,33.534306350366236,33.715939427270904,13608900
2017-07-27,34.904117584228516,35.13873000043006,34.58625839486299,34.66193832937732,15195200
2017-07-28,34.820865631103516,34.90411528578995,34.60895951881386,34.81329879295214,11945300
2017-07-31,34.69221115112305,34.873847034157045,34.654371184200585,34.81330077747757,13622900
2017-08-01,34.586265563964844,34.85871800389797,34.54842558886414,34.79060489391469,10306800
2017-08-02,34.503013610839844,34.81330600540785,34.34408399369632,34.510580450558884,10187900
2017-08-03,34.56356430053711,34.77547338855661,34.53329404825329,34.548430617897935,14261400
2017-08-04,34.434898376464844,34.631667954048304,34.41219497170648,34.56355485276851,9523600
2017-08-07,34.54085922241211,34.63167574889111,34.43490612701906,34.450042695933114,6226300
2017-08-08,34.510581970214844,34.67708132141397,34.47274199594367,34.540855104433774,5747900
2017-08-09,34.503013610839844,34.555990149887684,34.306244021091416,34.48031020467787,9635300
2017-08-10,34.616546630859375,34.69222659840204,34.40463752512966,34.48032037967802,8901600
2017-08-11,34.503013610839844,34.73762606019804,34.48787704439691,34.707352927312165,8357600
2017-08-14,34.66194152832031,34.76789460122054,34.52571532401868,34.563555294768086,8421200
2017-08-15,34.95709228515625,35.0025019756895,34.66193651420085,34.66193651420085,9638100
2017-08-16,34.96466064453125,35.07061369796552,34.90411439285214,34.9268206807339,8087300
2017-08-17,34.707359313964844,35.063061473315955,34.69978958584801,34.90412893992171,8477000
2017-08-18,34.56356430053711,34.73763340794775,34.53329404825329,34.661950559724545,10879800
2017-08-21,34.571128845214844,34.66194536246006,34.48031232796963,34.563559118024806,9429700
2017-08-22,34.510581970214844,34.624104780033335,34.46517515589143,34.58626480576217,10536700
2017-08-23,34.465171813964844,34.5559883208106,34.38948898575613,34.53328491585034,6528400
2017-08-24,34.36678695678711,34.518149732260156,34.29110701255299,34.46517319389531,7534400
2017-08-25,34.48786926269531,34.63166228095103,34.48030242468362,34.510572663734585,8807100
2017-08-28,34.37437057495117,34.57870998852958,34.344100314685136,34.53330315462742,8024000
2017-08-29,34.39706039428711,34.487876905574296,34.245697617471905,34.35922042183452,7762200
2017-08-30,34.35165023803711,34.46517304088913,34.27597029413897,34.32894683226863,7134900
2017-08-31,34.472747802734375,34.54843065103016,34.31381815182143,34.3592278607989,14264600
2017-09-01,34.64680480957031,34.66194137520416,34.46517179597362,34.54085173713813,7391200
2017-09-05,34.75275421142578,34.76032393694554,34.548417814462624,34.62409774763384,9916700
2017-09-06,34.78303527832031,34.84358154827978,34.65437878516402,34.79817184581018,9238900
2017-09-07,35.02521896362305,35.055492102388065,34.783039627513716,34.82087960746728,9418400
2017-09-08,35.04035186767578,35.09332841147035,34.82844569249752,34.95710218828286,10534900
2017-09-11,35.206844329833984,35.259820863251036,34.97980163133167,35.07818497224646,10430300
2017-09-12,35.35821533203125,35.380918741071554,35.15387598965288,35.191715967055124,8567600
2017-09-13,35.47172546386719,35.55497512335446,35.30522903189705,35.3279324346647,10218000
2017-09-14,35.174232482910156,35.448852847145254,35.0445493509204,35.395454766319226,13768800
2017-09-15,35.22762680053711,35.364936967986466,35.090316633087745,35.31916594217773,16141400
2017-09-18,35.174232482910156,35.27340159443442,35.02166529055986,35.204746503375645,8535300
2017-09-19,35.07505798339844,35.2352522012686,35.00640290288598,35.19711113653428,7297900
2017-09-20,34.9224853515625,35.204735588392836,34.74703415324909,34.90722834606009,11026600
2017-09-21,34.63262176513672,34.93012619016696,34.60210774462665,34.86909814914682,7555300
2017-09-22,34.701271057128906,34.808067201089536,34.60972901089693,34.67075704171825,8024800
2017-09-25,34.85383987426758,34.90723795323414,34.59447652929699,34.70890264706936,9215300
2017-09-26,34.762290954589844,34.99114021582954,34.754663906871556,34.85383007709048,6480100
2017-09-27,34.05286407470703,34.708900909135345,33.85452877847324,34.686016850717536,14816200
2017-09-28,34.25884246826172,34.32749757982048,34.06050709596864,34.07576120077901,8789500
2017-09-29,34.33509826660156,34.41138328196493,34.16727705275373,34.22067510852019,10082200
2017-10-02,34.17491149902344,34.533443873923005,34.13677043807115,34.36561971376126,10707800
2017-10-03,34.472408294677734,34.5258063503054,34.14439000440732,34.220675019572404,12038100
2017-10-04,34.70889663696289,34.754667658141656,34.281709169224094,34.41139227424232,14060300
2017-10-05,34.724151611328125,34.89960281727793,34.70889460516166,34.7165216532567,10215300
2017-10-06,34.701271057128906,34.724155113698565,34.54107393121128,34.62498601860226,5437900
2017-10-09,34.64024353027344,34.82332471542429,34.586845457516254,34.7470396757878,5268300
2017-10-10,34.99114990234375,35.01403687178683,34.73178655847951,34.78518463721829,6310400
2017-10-11,35.16660690307617,35.16660690307617,34.991155628511535,34.99878558956685,6638200
2017-10-12,35.174232482910156,35.197116543270695,35.0445493509204,35.07506337138589,7710200
2017-10-13,35.22762680053711,35.38019397658938,35.204742742621164,35.28102487565888,7126000
2017-10-16,35.56326675415039,35.66243583972805,35.16659332181614,35.18185032805704,12708600
2017-10-17,35.48698806762695,35.57090015508537,35.32679385155725,35.49461511649741,7699400
2017-10-18,35.395450592041016,35.502246741098325,35.27339743455026,35.403077641269334,6272200
2017-10-19,35.54039764404297,35.69296486062808,35.33443233814972,35.372573414801586,7515500
2017-10-20,35.380191802978516,35.54038601850216,35.30390676465059,35.5327589696577,9646800
2017-10-23,35.33442306518555,35.586159342983386,35.265767981238575,35.38019409114248,7153600
2017-10-24,35.22762680053711,35.3115388928647,35.05217556656889,35.28865192497191,9539500
2017-10-25,35.12846374511719,35.67007454883446,35.03692458772293,35.372570104820106,11994200
2017-10-26,35.26576614379883,35.6624396181606,35.258139094858485,35.334421224168686,10569100
2017-10-27,35.143714904785156,35.34205310775556,35.021661745256004,35.18948593084991,9988000
2017-10-30,34.983524322509766,35.14371856545741,34.95301030195483,35.09032048447486,7201900
2017-10-31,35.07505798339844,35.21999519337953,34.96826183815166,35.02928695973123,6560500
2017-11-01,34.937744140625,35.15896636673899,34.80806395219871,34.89960307991,7067600
2017-11-02,34.998783111572266,35.05218119526873,34.89961399471713,34.9453850278758,8317800
2017-11-03,35.06742477416992,35.212361958689996,35.02928080615962,35.06742477416992,4730400
2017-11-06,34.68601608276367,35.02928859133832,34.64787210627596,35.021661542026884,7451300
2017-11-07,35.044551849365234,35.05218181001415,34.56396908766859,34.64025123429357,9868000
2017-11-08,35.22762680053711,35.23525384985014,34.99114753215724,35.07505962448484,7586900
2017-11-09,35.26576614379883,35.387819296681165,35.10557192626139,35.18185405557159,6532400
2017-11-10,35.50224685668945,35.57852898912824,35.19711250698067,35.24288353243004,8022900
2017-11-13,35.63956069946289,35.715842839770566,35.502250518927376,35.54801863912113,7653600
2017-11-14,36.1811637878418,36.21930484990621,35.56326810648291,35.631923182189446,17200700
2017-11-15,35.70821762084961,36.204057378230424,35.685330649601966,36.09726121233232,12419100
2017-11-16,35.509864807128906,35.8378831305247,35.479350797981375,35.81499907865209,12506400
2017-11-17,34.86909103393555,35.38019058826668,34.51818859960466,35.34967657398315,19720700
2017-11-20,34.678382873535156,34.99877420414951,34.64786885919539,34.82332298666074,19160900
2017-11-21,34.9224853515625,35.05216844334492,34.73940710548601,34.75466411098842,10280800
2017-11-22,34.96825408935547,35.03690915465429,34.73940484168473,35.00639514563791,8434400
2017-11-24,34.998783111572266,35.128463340555875,34.98352610051938,35.00641016211006,2996300
2017-11-27,35.01403045654297,35.08268553233919,34.945375380746746,34.99877344970197,5649200
2017-11-28,34.96063995361328,35.20474629594459,34.922495973267594,35.082693124778935,8432800
2017-11-29,34.70889663696289,34.95300292996318,34.4876743995637,34.91486186730249,16502100
2017-11-30,35.20111846923828,35.25495433390233,34.6319926992881,34.716592753427214,17147600
2017-12-01,35.35493087768555,35.393384641515695,34.77042310566442,35.22418456006209,12468800
2017-12-04,35.55488586425781,35.6702500689928,35.20110660602646,35.37030665728214,17523600
2017-12-05,35.57796859741211,35.71640451261809,35.424153521702806,35.570279017160445,13670800
2017-12-06,35.72409439086914,35.74716606375633,35.577965972358804,35.654876438373265,8154000
2017-12-07,35.20880126953125,35.62410894596495,35.162657928039074,35.60103727521886,9106500
2017-12-08,34.84733581542969,35.1703509730441,34.64737153647707,35.1472793000243,13238600
2017-12-11,34.86272048950195,34.9242459333874,34.547391954438915,34.847338395071965,9698700
2017-12-12,34.83195877075195,35.008848468489205,34.6550690730147,34.80119457971033,13999300
2017-12-13,35.30110168457031,35.416462997834984,34.91655810601871,34.95501187710694,12418700
2017-12-14,35.40107727050781,35.508748992041674,35.22418759458299,35.2318801083122,9029000
2017-12-15,35.52412414550781,35.701013786874654,35.40876286661664,35.601034598602396,21181600
2017-12-18,35.32416534423828,35.67025507316248,35.30878325252676,35.5318191815928,10156800
2017-12-19,35.47798156738281,35.67025330348681,35.30878150078446,35.40876362503202,8253200
2017-12-20,35.43952941894531,35.608726559405966,35.34723686905696,35.5395086139067,7311000
2017-12-21,35.070369720458984,35.54720582304508,35.03960846693277,35.485677448323884,9657100
2017-12-22,35.06267166137695,35.17034335726656,35.03190748145602,35.139579177345624,5406300
2017-12-26,35.231868743896484,35.270322498635714,35.07805079110615,35.14726872317013,6100400
2017-12-27,35.32416534423828,35.33185492317703,35.16265778201832,35.301093673588,5660600
2017-12-28,35.16265106201172,35.37030485968109,35.10112270692444,35.308776504593816,6538900
2017-12-29,35.28572082519531,35.51644639364014,35.139592382573596,35.147284897361466,8371500
2018-01-02,35.024227142333984,35.33186022119198,35.00115253438966,35.3087885470821,10872200
2018-01-03,34.94731903076172,35.139590818211886,34.87041148931551,34.98577573531947,12635600
2018-01-04,35.43952941894531,35.54720112664773,34.955003800450434,35.03960383759776,12709400
2018-01-05,35.43183517456055,35.531817298469555,35.21649176968009,35.39338141423673,13113100
2018-01-08,35.37800216674805,35.45490969357691,35.285712547786595,35.339548403333616,7068600
2018-01-09,35.55488586425781,35.65486797943923,35.331849966481414,35.377996235142135,9962400
2018-01-10,35.43183517456055,35.577960637324594,35.32416347212032,35.55488896789707,10700700
2018-01-11,35.408756256103516,35.55488168895215,35.270320400211865,35.55488168895215,7583200
2018-01-12,35.49337387084961,35.67795314767152,35.40108129860394,35.593353090030355,14570100
2018-01-16,35.785621643066406,35.854839599069486,35.4856781449979,35.493370658906265,16459300
2018-01-17,36.00865936279297,36.147095281556766,35.801005484647284,35.82408009366431,12143100
2018-01-18,36.05480194091797,36.2009274251108,35.84714808411702,35.95481980234693,11952900
2018-01-19,36.27014923095703,36.33936719057818,36.04711325730725,36.13940582602519,16187400
2018-01-22,36.43934631347656,36.531635940695224,36.216310358349965,36.25476412520488,9577400
2018-01-23,36.493186950683594,36.68545874396029,36.2470792899962,36.308604738250686,11463700
2018-01-24,36.78544616699219,36.87773581951061,36.516263857546974,36.554717634943394,15964500
2018-01-25,36.79312515258789,36.91617896511825,36.68545343335312,36.68545343335312,11755000
2018-01-26,37.32379150390625,37.39300945187668,36.716214998203746,36.74697624876408,16671200
2018-01-29,36.68544006347656,37.269944726516556,36.59315047117199,37.077673031145956,11662600
2018-01-30,36.46241760253906,37.03923290078667,36.45472802278286,36.70852522841796,12404800
2018-01-31,36.600852966308594,36.83927100889734,36.431652875836946,36.49318124831183,10960100
2018-02-01,36.493186950683594,36.708530420326376,36.2316971944739,36.46242275963899,10279400
2018-02-02,35.939430236816406,36.46240955991249,35.86252272088085,36.41626329005095,12912300
2018-02-05,34.52431869506836,36.085564535120795,34.155157247196406,35.87791360443327,23261500
2018-02-06,34.35511779785156,34.408956591548794,33.40914105961633,33.73984873239381,25184300
2018-02-07,34.27052307128906,34.99346390680976,34.05517668300891,34.28590516572583,18041600
2018-02-08,33.14766311645508,34.31667622305787,33.12459143512695,34.31667622305787,23295300
2018-02-09,33.17072677612305,33.42452398841542,32.44778303903545,33.347616453498794,22853100
2018-02-12,33.8167610168457,34.01672237367936,33.355306992573865,33.501435420485464,14689000
2018-02-13,33.9859504699707,34.15515053384286,33.601407003958585,33.7782966462641,13163200
2018-02-14,33.9167366027832,33.98595455233314,33.55526769631949,33.85521116642447,13457900
2018-02-15,34.43971633911133,34.47817303776191,33.9321190155661,34.03210115115606,13467300
2018-02-16,34.59353256225586,35.10112985983021,34.39357123514102,35.0472940050749,17202300
2018-02-20,33.83214569091797,34.478179027094406,33.793688985586925,34.4166506456325,14137300
2018-02-21,33.33223342895508,34.039792118699694,33.324543849211906,33.92443081954619,12792900
2018-02-22,33.47067642211914,33.70140200311451,33.23995084112377,33.401458454437034,12377800
2018-02-23,33.87058639526367,33.88596848469479,33.39375042439966,33.51680713984862,8277200
2018-02-26,33.862892150878906,34.139763878804494,33.69369504346149,34.01671010348572,12713300
2018-02-27,33.547584533691406,34.078256606097376,33.547584533691406,33.95520276524751,12774400
2018-02-28,33.23994064331055,33.77060961017735,33.23994064331055,33.709084176577186,11929400
2018-03-01,33.401451110839844,33.56295868864427,32.93230753678806,33.14765097386063,17746800
2018-03-02,33.62448501586914,33.68601045107511,33.25532360313097,33.26301318234392,14050100
2018-03-05,33.755226135253906,33.79367989640768,33.45528269088697,33.50911854326904,11992700
2018-03-06,33.7859992980957,33.87828893616232,33.524509545378045,33.80138139341259,10010500
2018-03-07,33.70139694213867,33.778304479642856,33.43221762703952,33.52450725881144,10881700
2018-03-08,34.18592834472656,34.19361792622566,33.68602046607055,33.762930950236466,12361100
2018-03-09,34.47048568725586,34.47048568725586,34.13977797940219,34.278213900542546,9778600
2018-03-12,34.247440338134766,34.678130078687246,34.09362529792601,34.57045837700758,11857700
2018-03-13,34.27821350097656,34.478177799774905,34.14747009577616,34.355121041231556,11342100
2018-03-14,33.96786880493164,34.47218966307888,33.92907557578193,34.43339643392917,15321200
2018-03-15,33.88251495361328,34.13855554084146,33.789410630863514,34.04545121809169,12456700
2018-03-16,33.719573974609375,34.15406564811048,33.711816516034524,33.90578553746196,26603300
2018-03-19,33.56439971923828,33.913544565916276,33.50233116856915,33.71957553550989,12380300
2018-03-20,33.48680877685547,33.735088865528205,33.37042619040732,33.61094882119183,13559800
2018-03-21,33.36267852783203,33.71182342995362,33.19974522675296,33.4635432683856,13054000
2018-03-22,33.17646408081055,33.6497490231163,33.12991340434292,33.26957135321127,12274100
2018-03-23,32.842838287353516,33.48681394175692,32.81180253154953,33.223015936888245,13475200
2018-03-26,33.12215042114258,33.21525768633592,32.78076599463119,33.060081870746195,11276100
2018-03-27,33.27732467651367,33.603194169946846,32.998008813494486,33.12990928646793,11627000
2018-03-28,33.6109619140625,33.90579574411098,33.36268172867428,33.36268172867428,16277400
2018-03-29,33.696311950683594,34.07648972541824,33.58768972933084,33.78165882738463,10450500
2018-04-02,33.10662841796875,33.7506069365092,32.95145558144867,33.7040533097139,14207900
2018-04-03,33.65751647949219,33.7816565755824,33.238542545287714,33.34716475939998,15484600
2018-04-04,34.32476806640625,34.448908153312125,33.448027037783596,33.47130237916185,13563300
2018-04-05,34.44889831542969,34.611831578013366,34.09199307773344,34.35579105703991,11707800
2018-04-06,34.076473236083984,34.54200062198822,33.91353998289696,34.35578907568011,11495100
2018-04-09,34.00664520263672,34.379065313253584,33.96784903633193,34.161818028928124,11913400
2018-04-10,34.13078689575195,34.27820227177509,33.92130001841459,34.19285543733408,10379500
2018-04-11,34.13078689575195,34.24716652111798,33.95233280933961,33.99112897752704,8424300
2018-04-12,34.161827087402344,34.456660863052704,34.09975853237385,34.20062326399447,8476400
2018-04-13,34.534244537353516,34.67390247467434,34.24717120385293,34.285964417612604,10774200
2018-04-16,34.66615295410156,34.829086265042186,34.44890853951406,34.64287761246238,8962100
2018-04-17,34.82133483886719,34.93771452696462,34.64288361599752,34.87564595192606,8406400
2018-04-18,34.534244537353516,34.89114979924701,34.39458955976519,34.836838708036964,7429000
2018-04-19,34.37907409667969,34.50321416526822,34.1540692974465,34.40234943462357,10370400
2018-04-20,33.93682861328125,34.4566642821926,33.812688531173094,34.37907784077488,14690700
2018-04-23,34.123043060302734,34.13080348160423,33.79717639924455,33.936834385336205,11878500
2018-04-24,33.416988372802734,34.216139927844445,33.1531903410803,34.123035610687374,18523900
2018-04-25,32.9204216003418,33.27732387909959,32.51696569228557,33.160944245451944,20774700
2018-04-26,33.16869354248047,33.440248913906395,32.78851306275261,32.89713817105454,13561000
2018-04-27,33.60318374633789,33.626459074458765,33.13765646580032,33.153174337791384,9777900
2018-04-30,33.525611877441406,33.89803212033254,33.33940323586234,33.75061669910469,16037700
2018-05-01,33.04457092285156,33.35492261911356,32.72646176606292,33.331644318067376,11514200
2018-05-02,32.63334655761719,33.04455990224851,32.54023930395066,32.89714452354139,13736400
2018-05-03,32.5014533996582,32.89715191734586,32.214380035662224,32.75749396518937,18352200
2018-05-04,32.86611557006836,32.97473776208032,32.408348503923115,32.42386638274379,10946200
2018-05-07,32.69541549682617,32.96697388371518,32.5557575743649,32.85059129508672,9336000
2018-05-08,32.43937683105469,32.65662116531699,32.34626957945763,32.563516873452016,15062200
2018-05-09,32.41610336303711,32.76524820916188,32.330756516236335,32.56352172014119,9295200
2018-05-10,32.726463317871094,32.86612129183792,32.540251699337574,32.57904788300979,7924200
2018-05-11,32.69541549682617,32.9514560079159,32.617829077561986,32.77300487582254,6331900
2018-05-14,32.61783981323242,32.83508422646061,32.50921760661833,32.78077312315356,10715500
2018-05-15,32.36955261230469,32.52472546822525,32.160065705132915,32.41610328518785,16449700
2018-05-16,32.23765182495117,32.54024303472947,32.229894366122295,32.385070180292125,11590500
2018-05-17,32.81957244873047,32.85836567834481,32.48594534652645,32.59456757334009,14857400
2018-05-18,32.726463317871094,32.88163917336015,32.6488768699932,32.81956764727122,11950200
2018-05-21,32.904911041259766,32.99025790075341,32.79628884180712,32.82732460157443,9110200
2018-05-22,32.78076934814453,33.05232483340763,32.74973358990509,32.974738397541834,8222900
2018-05-23,32.89714813232422,32.93594134574144,32.5324854147909,32.780765532340084,8971400
2018-05-24,32.8350830078125,32.951465630427094,32.734218265528725,32.89715452913576,9269600
2018-05-25,32.89714813232422,33.0368060684122,32.74197231892286,32.85059450038407,8806500
2018-05-29,33.11439514160156,33.24629266970727,32.66438554274811,32.67990342130161,14826900
2018-05-30,33.46354675292969,33.57992642593345,33.12991969613229,33.184230802147376,10114200
2018-05-31,33.36267852783203,33.52561182891111,33.11439836626401,33.51785436874529,15571300
2018-06-01,33.455780029296875,33.61095585713406,33.39371147400164,33.44026215053988,10664700
2018-06-04,33.74285888671875,33.82044532661134,33.58768304720059,33.641994147072005,11727600
2018-06-05,33.44802474975586,33.781651765443456,33.44026433000521,33.75061600590672,9975900
2018-06-06,33.719573974609375,33.719573974609375,33.39370743928283,33.40922531616491,9202900
2018-06-07,33.70405197143555,33.92905671908045,33.61870809863108,33.61870809863108,11948100
2018-06-08,34.09975814819336,34.1385513646157,33.797166916473316,33.8049243758647,12078800
2018-06-11,34.23941421508789,34.3325185213359,34.05320264285935,34.099756275849614,7526100
2018-06-12,34.456661224365234,34.464418683925366,34.20062362262219,34.23941683988838,8243300
2018-06-13,34.27821350097656,34.54201154851544,34.254938160225,34.41011104487947,16745000
2018-06-14,34.113826751708984,34.325176414814024,34.06685850096752,34.2468989830042,12696200
2018-06-15,34.536537170410156,34.56002279433973,34.012071684778334,34.098178671635694,21562500
2018-06-18,34.09033966064453,34.4112818949488,33.97292351800199,34.3486605494246,12161900
2018-06-19,34.129478454589844,34.246897583599186,33.816365754052434,33.894643182663664,12936400
2018-06-20,33.86332702636719,34.27037617658287,33.83984439776948,34.14513051390821,10893700
2018-06-21,33.730255126953125,33.894639500835844,33.62849209193861,33.871156872021785,10465200
2018-06-22,33.855491638183594,33.98073726815287,33.72241946275621,33.777214239237054,14924400
2018-06-25,34.113826751708984,34.2468989830042,33.78505496870398,33.78505496870398,12092400
2018-06-26,33.91813659667969,34.3173563521112,33.878994887284314,34.098177112744345,13974700
2018-06-27,33.714599609375,34.13730485164804,33.65197826945986,33.91812568280671,15332600
2018-06-28,34.02771759033203,34.19210197818571,33.792879337864015,33.84767711990766,12668900
2018-06-29,34.333003997802734,34.52087101790302,33.90247217513944,34.10599527793015,11485600
2018-07-02,34.246891021728516,34.567833195288465,34.113818821368206,34.270373648594,9232500
2018-07-03,34.43476486206055,34.70091227876228,34.43476486206055,34.48955965496159,8214300
2018-07-05,34.959232330322266,34.96705887861127,34.544356590879104,34.56783922183855,11653000
2018-07-06,34.94356918334961,35.17840440374633,34.896603930925366,34.96705180956173,8733900
2018-07-09,34.75571060180664,35.01402851085004,34.7087423519385,34.86530019873975,7373100
2018-07-10,35.2018928527832,35.225375480887664,34.833982419988914,34.84180896732637,10606100
2018-07-11,35.060997009277344,35.22538140584239,34.94357787682084,35.217554857188496,7715600
2018-07-12,34.96706008911133,35.19406881655273,34.82616131238456,35.09230875481076,6331600
2018-07-13,35.0218505859375,35.0531597597549,34.81049798568748,34.99053842602818,5585900
2018-07-16,35.01402282714844,35.068817616720345,34.85746500576065,35.01402282714844,5831400
2018-07-17,35.42108154296875,35.530671151735675,34.97489357236464,35.029688376748105,11592200
2018-07-18,35.31930923461914,35.45238442905422,35.10013007448149,35.374104024653555,7351600
2018-07-19,35.311492919921875,35.56198431440812,35.16276160150675,35.21755939351277,10097500
2018-07-20,35.444557189941406,35.444557189941406,35.147100592240434,35.24103409750957,8588400
2018-07-23,35.18623733520508,35.50717953083535,35.04533559213889,35.444555206764996,9055700
2018-07-24,35.428897857666016,35.43672739094063,34.92008868022036,35.053160884968726,13786100
2018-07-25,36.078609466552734,36.46217594815029,35.81246208787675,36.008158602018156,21330600
2018-07-26,36.1960334777832,36.470007440296264,36.1647213146125,36.28996698120308,12673100
2018-07-27,36.17255401611328,36.39956275858175,36.055137863386406,36.2586609864353,10516900
2018-07-30,36.18821334838867,36.35259776861606,36.04731156359577,36.08645028468424,8967900
2018-07-31,36.50130844116211,36.53261760866606,36.25081718458259,36.32126803712629,12438800
2018-08-01,36.31346130371094,36.391741736844516,36.14124733691026,36.36042956359108,9904100
2018-08-02,36.149070739746094,36.501325163846104,36.149070739746094,36.3839060271152,12009700
2018-08-03,36.49349594116211,36.60308554379949,36.11775888093706,36.18820976636005,11462800
2018-08-06,36.51698303222656,36.6891939921296,36.438702608549875,36.4778413273418,10056100
2018-08-07,36.399566650390625,36.48567362991913,36.109936526052714,36.41522273631336,8632900
2018-08-08,36.12558364868164,36.446525865234484,36.10209803257814,36.39173107114685,6810000
2018-08-09,36.282142639160156,36.336937439503636,36.07079297274541,36.20386520612452,8924100
2018-08-10,36.07078170776367,36.33692609140444,35.984674766660255,36.17254174171159,7535400
2018-08-13,35.875099182128906,36.10993448551345,35.773336122428205,36.047310145361365,8143400
2018-08-14,35.922054290771484,36.08643865803606,35.90639821016171,35.937710371381264,6846100
2018-08-15,36.07078170776367,36.12557649099462,35.73418347586398,35.828116963389654,9686400
2018-08-16,36.180389404296875,36.3056351124559,35.98469279866756,36.09428242004506,10600700
2018-08-17,36.47783279418945,36.5795958281176,36.196032293152655,36.235171002788974,8885700
2018-08-20,36.57960510253906,36.68919471174305,36.47001549333507,36.540466382979474,6392000
2018-08-21,36.180389404296875,36.59526525268118,36.1725598678595,36.57960916589965,13986300
2018-08-22,35.953369140625,36.30562351545682,35.94553960668859,36.27431135189571,7159100
2018-08-23,35.77332305908203,36.070782593995354,35.765493526375685,35.92205133349279,13144900
2018-08-24,35.718544006347656,35.85161626004775,35.67940528385311,35.7342000925641,10952900
2018-08-27,35.7655029296875,36.0473064593705,35.663742866485094,36.0473064593705,9581200
2018-08-28,35.515010833740234,35.79681435760595,35.44455995277381,35.73419301124275,8476800
2018-08-29,35.483699798583984,35.554147689775,35.39759283900513,35.42107546940214,12410900
2018-08-30,35.18623733520508,35.47586736880017,35.139269092152304,35.444555206764996,9716500
2018-08-31,34.88877487182617,35.28016790649875,34.74787314045669,35.225373120531934,19834100
2018-09-04,35.03750228881836,35.14709484415017,34.84180577629211,34.91225664024523,11138500
2018-09-05,35.522830963134766,35.55414013498052,34.95922406462682,34.95922406462682,10554900
2018-09-06,35.828121185302734,36.00816163514742,35.46021075217676,35.53849115608233,11439400
2018-09-07,35.78899002075195,35.867267455066404,35.44456214314586,35.69505351626336,10208100
2018-09-10,36.05514144897461,36.25083804240699,35.85161531959284,35.93772229847797,8568900
2018-09-11,36.02381896972656,36.12558200529959,35.91422938653661,36.08644030893845,9278300
2018-09-12,36.1960334777832,36.24299873644702,36.02381956643657,36.133409151441796,13216400
2018-09-13,36.18024826049805,36.40918491080704,36.08551273813685,36.3223455210554,8294800
2018-09-14,36.30656433105469,36.33813983141008,36.00657449148365,36.25130042957431,7612900
2018-09-17,36.567073822021484,36.57496995449832,36.243401654791064,36.31445178962175,8527300
2018-09-18,36.25918197631836,36.732847417514066,36.25918197631836,36.62232568200116,9847400
2018-09-19,36.28287124633789,36.40128913490694,36.211821115494864,36.314449751488574,7119000
2018-09-20,36.81969451904297,36.851273024820685,36.432868363488126,36.488129242853105,9736700
2018-09-21,36.77233123779297,36.859167614905324,36.61444171410219,36.81969598685568,19240300
2018-09-24,36.36971664428711,36.73286047909772,36.18814472688181,36.70128498021734,10778900
2018-09-25,36.061832427978516,36.45655475927295,36.00657154251669,36.36182224298015,7919100
2018-09-26,36.19602584838867,36.36970458636599,35.97498237204772,36.13287186007333,10162600
2018-09-27,36.32234573364258,36.45655288536031,36.061830574355106,36.101302203157175,10826900
2018-09-28,36.464439392089844,36.464439392089844,36.29076365456603,36.314446025252984,9071900
2018-10-01,36.496028900146484,36.59076142295458,36.35392861018804,36.448661132996136,9364700
2018-10-02,36.71706771850586,36.756542358449536,36.36182005095048,36.53549581843536,7462700
2018-10-03,36.211822509765625,36.748645072028545,36.156561629370216,36.677594938449865,10542300
2018-10-04,36.19602584838867,36.2355004790137,35.86446063387724,36.04603249108467,9582300
2018-10-05,36.219730377197266,36.44077397039642,36.06973392910376,36.26709514060103,8734100
2018-10-08,36.693389892578125,36.77233617076016,36.2907744140738,36.30656366971021,9808100
2018-10-09,36.62234878540039,36.74865985016933,36.48814459661172,36.61445566138066,10824500
2018-10-10,36.061832427978516,36.867066345198246,36.05393629491689,36.55128727556574,13917000
2018-10-11,35.24080276489258,36.290765418252576,35.13028101432665,36.156558284356926,17677900
2018-10-12,35.27239227294922,35.43028182794263,34.93293078373586,35.11450271795581,12420100
2018-10-15,35.45396423339844,35.73816483029827,35.201342149819205,35.24081378572356,11608500
2018-10-16,35.91183090209961,35.99866726568629,35.41448003396355,35.54079103094347,10442500
2018-10-17,36.20393371582031,36.30656236803117,35.80921137353966,35.848683005469226,11055800
2018-10-18,36.006561279296875,36.37760112863094,35.88814340906512,36.235500888949446,12716900
2018-10-19,36.5749626159668,36.70127360682318,36.18024039310417,36.18024039310417,13989200
2018-10-22,36.290775299072266,36.67760153137345,36.16446426239333,36.60655138502326,14283600
2018-10-23,36.59864807128906,36.67759131792066,35.880253685571,36.014457807143074,17483900
2018-10-24,36.890750885009766,37.41178427241689,36.503924664089936,36.57497480834966,21626000
2018-10-25,36.71706771850586,36.89864263006857,36.409184800495346,36.82759249425906,14220200
2018-10-26,36.25129318237305,36.69338322538688,35.86446702979148,36.60654384091166,21458000
2018-10-29,36.677581787109375,36.75652802471831,36.35390974164036,36.43285597924929,20932200
2018-10-30,37.60125732421875,37.688096735574945,36.34603994982682,36.8039163758509,20895400
2018-10-31,37.798614501953125,37.956504050194575,37.27758110080119,37.498624661443635,25309400
2018-11-01,37.68809127807617,38.01176348440193,37.34073368295118,37.74335216612014,16494500
2018-11-02,37.893348693847656,37.893348693847656,37.45125854161537,37.75124839532631,17584900
2018-11-05,38.43805694580078,38.50910708110324,37.83018423521136,37.89334124947674,16543500
2018-11-06,38.76961898803711,38.78540823905415,38.36700061583183,38.406475249120284,14373400
2018-11-07,38.97488784790039,39.11698814886441,38.70647650291201,38.99067710484004,12239700
2018-11-08,38.943302154541016,38.974877648664574,38.76172725299733,38.77751650580513,9762800
2018-11-09,39.219608306884766,39.38539095155524,38.96698627362723,38.990668648153815,12398100
2018-11-12,39.36959457397461,39.66169119391013,39.10907946684672,39.1643403384039,13918300
2018-11-13,39.36172103881836,39.472242836922845,39.140677442609395,39.322249398280064,13872900
2018-11-14,39.28276443481445,39.42486471264656,39.14856028991321,39.35381457373051,12106800
2018-11-15,39.26697540283203,39.274868523709905,38.895935480237085,39.20381838984049,12080100
2018-11-16,39.6064453125,39.66960234383768,39.1801473969427,39.203829777947824,13405800
2018-11-19,39.87484359741211,40.07220473838652,39.66958933585522,39.7169570938262,13575800
2018-11-20,38.98277282714844,40.13536115049281,38.848565687311364,40.11957189807127,16255300
2018-11-21,38.46963119506836,39.03013608292139,38.359109443828814,38.86435345606207,13559200
2018-11-23,38.69858169555664,38.86436436896684,38.32754170235912,38.485431253389514,4792500
2018-11-26,38.58015060424805,38.864351096749445,38.42226110713708,38.69067234877822,9341900
2018-11-27,38.97488784790039,39.006466361779694,38.469643671802935,38.58806159310389,9180700
2018-11-28,39.24329376220703,39.25118989533057,38.84857142781792,38.84857142781792,11368700
2018-11-29,38.97275924682617,39.330819098986936,38.96480371024741,39.21146480316474,11564300
2018-11-30,40.102630615234375,40.174242574862866,38.980711937925,38.98866747330356,25538200
2018-12-03,39.53769302368164,39.75252891642356,38.90114391665313,39.68091695217625,14877200
2018-12-04,39.450164794921875,40.19015094766736,39.38650837494518,39.76048225404534,19059900
2018-12-06,39.29103088378906,39.489952664033616,38.718135185387005,39.394468024096284,17674900
2018-12-07,39.06028747558594,39.52974307752298,38.893193880482755,39.44221699381007,15565700
2018-12-10,39.17963790893555,39.34673148753802,38.56695841875413,39.34673148753802,12331100
2018-12-11,39.4183464050293,39.7923173419898,39.131898514383174,39.458130159773276,18083600
2018-12-12,39.16372299194336,39.800272112970745,39.139850313132214,39.74457425458745,12316900
2018-12-13,39.36264419555664,39.474039910663684,38.64652454800338,38.765878834364116,13766200
2018-12-14,39.25920104980469,39.40242496849273,39.00458142442714,39.1716749844614,13835900
2018-12-17,38.455570220947266,39.4103925913118,38.208906055262865,39.25921309090888,18482700
2018-12-18,38.44760513305664,38.85340730347563,38.073631179004984,38.6783551487611,14765700
2018-12-19,38.113407135009766,38.79769538059296,37.890612719064045,38.38394082663286,17903800
2018-12-20,37.82697296142578,38.29642856490453,37.4768686254244,38.04180888525226,21130000
2018-12-21,37.85083770751953,38.78974879292136,37.58030395350027,37.60417359684427,32477700
2018-12-24,36.56977844238281,38.0895406842503,36.46634130464754,37.89061890895191,10733700
2018-12-26,37.349544525146484,37.36545862846183,36.33106619540322,36.50611829656716,14342600
2018-12-27,37.819007873535156,37.83492198018496,36.62547719254948,37.190417355048204,16966500
2018-12-28,37.55643081665039,38.2009354094314,37.42116243457064,38.1054538096315,13218200
2018-12-31,37.675785064697266,37.82696756469464,37.365467564100335,37.787183814544754,10576300
2019-01-02,37.34159469604492,37.57234467641323,37.047191327995364,37.34955023126558,11603700
2019-01-03,37.11084747314453,37.69169871718229,37.02332140268717,37.25407140020103,14714400
2019-01-04,37.85083770751953,37.85083770751953,37.110848410799356,37.19837448346818,13013700
2019-01-07,37.35751724243164,37.99406643959401,37.31773348672887,37.850842490819225,13135500
2019-01-08,37.77922439575195,37.850836358537364,37.42912315285968,37.5962167209238,15420700
2019-01-09,37.05515670776367,37.62009395298395,36.943760973247684,37.46095892385032,18032500
2019-01-10,37.452999114990234,37.46891322443954,36.872147778967665,37.12676745954452,15976600
2019-01-11,37.6678352355957,37.683749345127815,37.373431797516716,37.62805147941844,11088600
2019-01-14,37.51665496826172,37.71557678031972,37.38934512995683,37.59622247896253,11514300
2019-01-15,37.85083770751953,37.87470735086354,37.246116805461796,37.309770199481,11342900
2019-01-16,37.33363723754883,37.77126757035352,37.285897954192244,37.71556971623391,16907800
2019-01-17,37.445037841796875,37.50869123453715,37.3018139139993,37.33363909271666,12044600
2019-01-18,37.88267135620117,37.946324759351036,37.492783258923794,37.59622345376164,12760700
2019-01-22,37.97019958496094,38.025897454101155,37.564397355160786,37.954285474448554,11700400
2019-01-23,38.4078254699707,38.42373957984893,37.91450020497025,38.049765585975976,12058300
2019-01-24,37.946319580078125,38.28050976574615,37.6996585029932,38.28050976574615,10272000
2019-01-25,37.69169998168945,38.21685338674629,37.588262836138334,38.097502133732156,12066500
2019-01-28,37.53256607055664,37.636006262790744,37.34955836756152,37.572352861243125,9966900
2019-01-29,37.71556854248047,37.898576205364556,37.50073266814559,37.55643052053182,11998600
2019-01-30,38.081581115722656,38.105450754932804,37.54846923602366,37.59621154974904,12952500
2019-01-31,38.296424865722656,38.81361971211235,37.77127144775295,38.073630391067894,32181500
2019-02-01,38.74997329711914,38.81362670469838,38.51126770691104,38.57492111449028,19130100
2019-02-04,39.18758010864258,39.34671809685536,38.62264313402664,38.74995291753593,15105700
2019-02-05,39.195552825927734,39.36264945622572,39.06824298660441,39.251253726231056,12651900
2019-02-06,39.195552825927734,39.27512337257106,39.00458958459574,39.15576907025907,8689100
2019-02-07,39.3228645324707,39.35469275263937,38.98867732661807,39.12394270937571,10047800
2019-02-08,39.38651657104492,39.38651657104492,39.07619904734622,39.283076384710085,9813300
2019-02-11,39.47403335571289,39.68886921430381,39.37059319373095,39.44220514659459,9369300
2019-02-12,39.51382827758789,39.62522400570978,39.35469022228264,39.5376979235266,10983300
2019-02-13,39.61725997924805,39.73661121867175,39.43425231722081,39.47403606369538,12748800
2019-02-14,36.2753791809082,37.36546978334787,36.203767212262925,37.158592449098045,58905400
2019-02-15,35.99689483642578,36.80849321245867,35.96506661590907,36.5220483337268,35701600
2019-02-19,35.670654296875,36.27537515983148,35.6229119779684,36.06053927770992,25511300
2019-02-20,35.885498046875,35.99689682483697,35.64679245042631,35.73431854402897,27464000
2019-02-21,36.49021911621094,36.53000287311675,35.77409935068192,35.80592757032901,23121200
2019-02-22,36.028709411621094,36.56182132470942,35.96505602463899,36.41063883942953,24728400
2019-02-25,35.7581787109375,36.25946245526671,35.678611211655955,36.156022277956275,23774400
2019-02-26,35.55926513671875,35.91732503675925,35.535395488484795,35.88549681557649,20463200
2019-02-27,35.7581787109375,35.821835138607156,35.34442103700131,35.48764496395251,17827500
2019-02-28,36.07646179199219,36.291297724183416,35.89345407982325,35.90140961717576,22533900
2019-03-01,36.1082878112793,36.31516515820309,35.96506386521439,36.17989978431175,16291600
2019-03-04,36.323116302490234,36.33902737297177,36.04462400417826,36.22763166776911,15973800
2019-03-05,36.2833366394043,36.36290718395084,36.12420162092303,36.32312342933052,13062300
2019-03-06,36.16399002075195,36.43452383634803,36.15603144762208,36.339039170627316,14232100
2019-03-07,36.028709411621094,36.227631178311235,35.90935817279017,36.19580600247282,12084000
2019-03-08,35.67861557006836,36.004847213463194,35.49560787112061,35.92527970446188,15579100
2019-03-11,36.744834899902344,36.792577224302,35.88549127254319,35.917319488809625,22126900
2019-03-12,36.641395568847656,36.80053361858378,36.52204430802494,36.56182806163251,19348500
2019-03-13,36.776668548583984,36.872150176181464,36.5300043890421,36.70505656905932,16222500
2019-03-14,36.68033981323242,37.00941932035237,36.624155731173126,36.792707977351014,18504100
2019-03-15,36.359291076660156,36.84087293611329,36.23086985983332,36.696398684457684,47254500
2019-03-18,36.44758605957031,36.66429746572606,36.407454998090444,36.463639096523,24006400
2019-03-19,36.567970275878906,36.672310389040554,36.39138998929346,36.55994222914172,14987000
2019-03-20,36.543888092041016,36.84086457627914,36.262967700791584,36.439547982035585,13376100
2019-03-21,36.52783966064453,36.72849798303432,36.47165557531963,36.54389269385208,20043000
2019-03-22,36.86494445800781,37.009418684192,36.4877058605488,36.4877058605488,19055900
2019-03-25,36.945213317871094,37.08166258393019,36.752583022239044,36.80876711361534,11668200
2019-03-26,37.434818267822266,37.555214492836356,37.05757962046111,37.05757962046111,11434900
2019-03-27,37.41074752807617,37.65153696316138,37.18601113023715,37.44285360256854,11543600
2019-03-28,37.38666534423828,37.659557761655684,37.30640016693601,37.466927459737114,11121100
2019-03-29,37.61139678955078,37.65152784204256,37.30639527936775,37.458894503557744,16045600
2019-04-01,37.4990348815918,37.86021747615188,37.394691678241514,37.71574627540998,11522700
2019-04-02,37.378639221191406,37.66758775075808,37.378639221191406,37.52311348597475,8495000
2019-04-03,37.065608978271484,37.394688534895586,36.9532407972491,37.25823927093748,12854500
2019-04-04,37.306400299072266,37.35455940562421,37.00942679651061,37.194032112254526,7814900
2019-04-05,37.298370361328125,37.38666051405222,37.08165900331527,37.3144233947146,7677600
2019-04-08,37.362579345703125,37.378632379052064,37.13784300242408,37.35455435993018,9421300
2019-04-09,37.45889663696289,37.49903075354349,37.13784513694066,37.28231938358179,8641800
2019-04-10,37.434818267822266,37.72376675841352,37.37060919313709,37.59534554723999,8059900
2019-04-11,37.49100112915039,37.52310719634364,37.35455493628371,37.49902917685024,7352400
2019-04-12,37.51508331298828,37.66758254393342,37.37863405430837,37.458896162847246,10690000
2019-04-15,37.72377014160156,37.75587621272512,37.48298073178182,37.62745499003436,10261300
2019-04-16,37.68363952636719,37.8040327017899,37.4829811721925,37.76390164331566,10804600
2019-04-17,37.94850540161133,38.165216782627034,37.844165266228615,37.88429632305299,11849300
2019-04-18,38.10902786254883,38.189293027831894,37.94047560815886,37.98863470732871,12167000
2019-04-22,38.044822692871094,38.21337496454276,37.739821157129526,38.044822692871094,9834700
2019-04-23,38.694950103759766,39.10429479550453,38.165212255821785,38.59863496644459,25327800
2019-04-24,38.510345458984375,38.71100378446583,38.462186358619725,38.550476511720056,15997300
2019-04-25,38.397972106933594,38.43810315425582,38.10099868258594,38.31771001228914,11444400
2019-04-26,38.73508071899414,38.88758300164327,38.510344380525495,38.51837242792965,10154300
2019-04-29,38.86351013183594,38.88759121733297,38.614695722194355,38.662851769581174,9731500
2019-04-30,39.377193450927734,39.47350859610634,38.839427511590394,38.95179569126598,17912900
2019-05-01,38.99995040893555,39.39324205537491,38.967844343552144,39.28889887378032,10551200
2019-05-02,38.839420318603516,39.14442179395388,38.74310519126229,38.95178847746873,8724600
2019-05-03,39.10430145263672,39.29693176006053,38.94377415524785,39.00798323712128,7076900
2019-05-06,38.90364074707031,39.01600892991586,38.73508541099864,38.79127256422476,8657800
2019-05-07,38.526405334472656,38.75916976820129,38.341800009661405,38.7110106592839,12487500
2019-05-08,38.406005859375,38.71100739989742,38.381927837845424,38.56653314711329,9281400
2019-05-09,38.044822692871094,38.51034845203141,37.77995221298421,38.36587420151189,11450500
2019-05-10,38.67889404296875,38.76718418768131,38.044816121656595,38.052841106720116,9653800
2019-05-13,38.5665283203125,38.630740452092674,38.30968591679773,38.45416015150016,11911500
2019-05-14,39.08021545410156,39.585875305666065,38.80732000139409,38.95179424469823,16844200
2019-05-15,39.473506927490234,39.634034203870975,39.0079781321664,39.06416221962919,11422500
2019-05-16,39.7945556640625,39.858764728148415,39.49757917453175,39.545738268948206,17771300
2019-05-17,39.48956298828125,39.77048344712845,39.46548190480623,39.54574708005069,11257000
2019-05-20,39.2086296081543,39.441393965126814,39.13639249950085,39.36113187186858,13850500
2019-05-21,39.00798797607422,39.35312063575808,38.88759478475904,39.329042609855826,10587400
2019-05-22,39.850746154785156,39.898902195146604,39.10429691115088,39.15245295151234,16050400
2019-05-23,40.01127624511719,40.05141036704739,39.69824968960482,39.730355762427536,12199400
2019-05-24,39.818634033203125,40.04337035219925,39.75442190674554,39.98718627245022,6887600
2019-05-28,39.409305572509766,39.86680644517078,39.353121469677994,39.81062234233901,18614000
2019-05-29,39.01600646972656,39.35311099700678,38.85547919215367,39.12034965941941,12534600
2019-05-30,39.52967834472656,39.57783743074556,39.06414969861602,39.10428380119959,9087200
2019-05-31,39.433372497558594,39.57784672775105,39.152449022494196,39.32902931757451,11368600
2019-06-03,40.11561965942383,40.11561965942383,39.34509227849506,39.45746047215505,14167200
2019-06-04,40.13166427612305,40.356400616292376,39.82666277031967,40.13166427612305,12010600
2019-06-05,40.75771713256836,41.04666560434822,39.88284673159178,40.13968913721766,15837600
2019-06-06,41.25535583496094,41.367724015217036,40.605221712589305,40.86206414226132,15190400
2019-06-07,41.32759475708008,41.889435682796034,41.2954886865239,41.311541721801994,15293600
2019-06-10,41.23930740356445,41.367728632735,41.0065429688792,41.367728632735,9737400
2019-06-11,41.19917297363281,41.40785630578925,41.078776741594204,41.29548812218168,9915600
2019-06-12,41.4479866027832,41.84930328648452,41.31154039999035,41.33561842123537,11088100
2019-06-13,41.359004974365234,41.82007713789239,41.07588848498764,41.6259400284419,10353600
2019-06-14,41.50461196899414,41.68256766429863,41.2942964849456,41.2942964849456,8694300
2019-06-17,41.1486930847168,41.64212199023842,40.9383806931314,41.45607558230001,12322400
2019-06-18,40.962650299072266,41.4965235864505,40.873670903558356,41.45607924822742,9221100
2019-06-19,41.35092544555664,41.44799556939971,40.825142827081464,40.88176552313717,9414100
2019-06-20,41.7877197265625,41.8928774542938,41.536959940650824,41.658296017702675,10656600
2019-06-21,41.69873809814453,41.97376385034472,41.58549274471583,41.68255974969694,21264400
2019-06-24,41.99803161621094,42.22452541840488,41.8200759471284,41.852432645399624,10780000
2019-06-25,41.868614196777344,42.14364000197768,41.77154717309047,42.06275132985613,11519900
2019-06-26,41.35092544555664,41.77155339176009,41.32665945744863,41.67448635362252,12405100
2019-06-27,41.31855773925781,41.57740514319625,41.22957836558439,41.48842576952283,12374900
2019-06-28,41.18914031982422,41.57741459974715,40.86558253416198,41.472256853696976,16339900
2019-07-01,41.73918533325195,41.76345440046574,41.07588842922891,41.310469869499286,14976400
2019-07-02,42.04656982421875,42.10319250759736,41.6987430059188,41.88478940640636,8569200
2019-07-03,42.143638610839844,42.32968810484711,42.06274994138838,42.06274994138838,7253700
2019-07-05,42.151729583740234,42.15981721645224,41.64212232314493,41.97377080702648,8916300
2019-07-08,42.062744140625,42.32968226727098,41.97376476507634,42.224524542922154,9495100
2019-07-09,41.73110580444336,42.03848833463168,41.60168206842279,41.83626355424296,10584900
2019-07-10,41.917144775390625,42.038480856321236,41.7877210623935,41.900966425552895,7620900
2019-07-11,42.09511184692383,42.11129019995495,41.78772931074312,42.05466750719868,10376500
2019-07-12,42.159812927246094,42.29732735499961,41.98994488623115,42.264970656033526,7347400
2019-07-15,42.16790008544922,42.29732378468424,41.95758464562707,42.28923306777333,5876100
2019-07-16,42.17599868774414,42.44293687256274,41.90906358863073,42.03039660251675,7132500
2019-07-17,42.20835494995117,42.27306527287103,42.070840499475594,42.240711654263684,8264200
2019-07-18,42.08701705932617,42.20026243389215,41.79581290432506,42.095107777912325,11911800
2019-07-19,41.5693244934082,42.18408954092466,41.55314614103091,42.17599882188341,10355500
2019-07-22,41.43180847167969,41.6744775586636,41.35900743701403,41.6744775586636,12090700
2019-07-23,43.947486877441406,44.19824360814614,42.677512529809526,43.07387442210814,33417900
2019-07-24,43.50259017944336,44.343845936999244,43.37316645410438,43.77761598150182,15633400
2019-07-25,42.92826843261719,43.51876431513111,42.64515502514637,43.381252970275206,19135000
2019-07-26,43.81805419921875,43.93130264307048,43.025333606484104,43.14666968204438,11451900
2019-07-29,43.67245864868164,43.92321536544384,43.59965761478508,43.81805763076995,12283900
2019-07-30,43.454063415527344,43.923223318933346,43.3327273084936,43.648197483934865,8127100
2019-07-31,42.572349548339844,43.28417835156564,42.0950990786498,43.28417835156564,16865500
2019-08-01,42.08701705932617,43.03343056307978,42.07083870785888,42.69369135367681,19527200
2019-08-02,42.32968521118164,42.653242952573954,41.98994603415926,41.98994603415926,13102300
2019-08-05,41.77964401245117,42.59663082910572,41.577419216816274,42.37822767953538,19986500
2019-08-06,42.28116226196289,42.677521148601805,41.747288904455445,41.957601342265086,19903100
2019-08-07,43.01724624633789,43.18711428463097,41.876698854548536,42.28114832802993,17937000
2019-08-08,43.429786682128906,43.50258771636672,42.75031139114427,43.04151552809552,10799000
2019-08-09,43.211387634277344,43.59966191045037,42.936364907687896,43.510682517398436,9260900
2019-08-12,43.0334358215332,43.227569891452724,42.863567738927266,43.098146149604574,6588600
2019-08-13,43.27609634399414,43.36507572738615,42.76648911183388,42.790758180025655,8581200
2019-08-14,42.86355972290039,43.65628037918472,42.847381372481756,43.1466731409645,17088900
2019-08-15,43.57537841796875,43.68053612820046,43.05768366868051,43.219464049259116,12393200
2019-08-16,44.01219940185547,44.07691281025038,43.6401065607002,43.66437254599572,14288700
2019-08-19,44.238685607910156,44.31148664201103,43.93130620677744,44.03646085604161,10936200
2019-08-20,43.58347702026367,44.230595573965594,43.55112032115241,44.1820605252987,8176700
2019-08-21,43.761436462402344,44.01219627355135,43.55921170409974,43.88277255166588,10886500
2019-08-22,44.0769157409668,44.19824876121707,43.761442482623224,43.77762083579766,7467900
2019-08-23,43.4702262878418,44.25485608725972,43.18710983415748,44.02027467624524,14160400
2019-08-26,44.11735534667969,44.11735534667969,43.462145999101466,43.68054911496087,9226900
2019-08-27,44.26295852661133,44.449004944228996,44.012198701628336,44.246780174769995,13537000
2019-08-28,44.57842254638672,44.61077924562227,44.02028028453981,44.21441739424844,10046400
2019-08-29,44.5298957824707,44.764477267016126,44.165890562608034,44.699763856504866,9262800
2019-08-30,44.52180480957031,44.66740688659423,44.335758396863085,44.61887183235125,8746700
2019-09-03,44.732112884521484,44.756381952150605,44.3842860769831,44.473265458312184,12991400
2019-09-04,45.1123046875,45.23363770513873,44.732121110347016,44.77256544955993,10718100
2019-09-05,44.586517333984375,45.11230298097849,44.51371629187296,45.09612462876427,13677000
2019-09-06,44.67550277709961,44.84537086979028,44.29531916285379,44.84537086979028,9093500
2019-09-09,44.10117721557617,44.55416180099645,43.97175348912825,44.513714379346126,10814900
2019-09-10,44.00410461425781,44.03645822748991,43.55920771813919,43.86659018662897,12038200
2019-09-11,44.30339813232422,44.32766411464237,43.656279556300454,43.91512698670996,9740400
2019-09-12,44.57842254638672,44.740202956859804,44.473264816723514,44.57033182872549,12357900
2019-09-13,44.211761474609375,44.64361457065516,44.05694809045143,44.39102136761953,11486100
2019-09-16,43.967315673828125,44.276945533014356,43.69842895768474,44.081389014511096,11172000
2019-09-17,44.19546127319336,44.57027453083356,43.967311505193365,44.0813848350608,11347400
2019-09-18,44.18730926513672,44.236199164829195,43.85323605456721,44.162865869422966,9700400
2019-09-19,44.423614501953125,44.48879793940258,44.105837862256266,44.187317936134484,7560300
2019-09-20,43.92658615112305,44.562139548888446,43.918439385524124,44.562139548888446,19211500
2019-09-23,44.113983154296875,44.293243040765915,43.90213310432339,43.92657650401809,6485300
2019-09-24,44.24435806274414,44.49695128470626,44.032507989166675,44.2036180226253,10093000
2019-09-25,44.138423919677734,44.391017098420825,43.999907185320914,44.35842382859617,10248400
2019-09-26,44.317691802978516,44.47250830848593,44.10584172737081,44.38287835440603,10031200
2019-09-27,44.25250244140625,44.5213891594187,43.99990925080569,44.456205724974794,7939900
2019-09-30,44.35844039916992,44.55399698290479,44.12214687533446,44.12214687533446,9808700
2019-10-01,44.52953338623047,44.63545684230672,44.00805043546219,44.43175358456233,14261500
2019-10-02,43.25028991699219,44.35843335461761,43.103623279549744,44.17102667527803,14343600
2019-10-03,43.869537353515625,43.983610689998635,43.03842761994116,43.59250077565747,13817500
2019-10-04,44.439910888671875,44.439910888671875,43.91028108664275,43.999911032364494,9295400
2019-10-07,43.893985748291016,44.293245579694684,43.8125056724612,44.268802178598875,5964900
2019-10-08,43.657676696777344,44.0569332773578,43.55175014940792,43.90211994525215,13301900
2019-10-09,43.86138916015625,44.05694255681857,43.625092623279514,44.048795793734804,7135000
2019-10-10,43.722869873046875,43.902129745802505,43.47842657000344,43.63323993666906,8942900
2019-10-11,43.42953872680664,43.75546521850649,43.348058658014374,43.71472518411036,8981700
2019-10-14,43.42953872680664,43.73916858309496,43.3643552934259,43.58435520908349,7306300
2019-10-15,43.60065460205078,43.7391744675519,43.40510116733437,43.53547115990058,9564300
2019-10-16,43.58435821533203,43.64954165320882,43.291024974222466,43.55991170639584,10454800
2019-10-17,43.82880783081055,44.09769460153568,43.657697785052186,43.74732463644987,13190300
2019-10-18,44.635459899902344,45.13249638016882,44.36657319755843,44.8147197736418,18122400
2019-10-21,44.18730926513672,44.45619905104789,43.7391627302164,44.36656912241084,12778900
2019-10-22,43.8776969909668,44.34214034478528,43.7880701347652,44.187326929601184,9533400
2019-10-23,44.521392822265625,44.53768945928371,44.00805963512582,44.048802781803886,8556600
2019-10-24,44.4969482421875,44.66805826394632,44.39917153093469,44.46435496901469,11051400
2019-10-25,43.796207427978516,44.45620720772923,43.731020883095,44.44805733548602,9782400
2019-10-28,43.64954376220703,43.95917365481246,43.48658049724282,43.78806362531962,8866100
2019-10-29,43.519168853759766,43.72287213487796,43.39694564178269,43.50287221827846,7999700
2019-10-30,43.95102310180664,44.04065305156308,43.315469797374725,43.608803048117366,8620900
2019-10-31,44.350284576416016,44.38287785176065,43.87769140871634,43.96732136178116,13982000
2019-11-01,43.91843795776367,44.60288125167027,43.87769480629512,44.513251291665135,9889500
2019-11-04,43.299171447753906,43.999911272753586,43.160654700529385,43.96731799990114,17515100
2019-11-05,42.71250534057617,43.095468529255804,42.46806200859017,43.095468529255804,19284000
2019-11-06,43.02213668823242,43.02213668823242,42.70436003497055,42.80213674945135,13288900
2019-11-07,42.606571197509766,43.185087663623804,42.33768142386348,43.087310976963714,11725500
2019-11-08,42.5413932800293,42.85916990720683,42.44361657357439,42.745096564965195,7141800
2019-11-11,42.23991775512695,42.67176777021034,42.19102784259711,42.639177603456226,8198300
2019-11-12,42.13399124145508,42.296954508582765,42.02806775984801,42.296954508582765,12656900
2019-11-13,42.704345703125,42.73693896643533,42.33767926154543,42.51693910148759,12257900
2019-11-14,42.88361358642578,42.916203747584134,42.65546380872577,42.80213041286676,8660300
2019-11-15,42.91621398925781,42.92436386269125,42.67992050020988,42.891770585489475,8982400
2019-11-18,43.209529876708984,43.54360306290555,42.916196716484734,42.92434658663804,13782000
2019-11-19,43.25028991699219,43.43769659633176,43.07917676779869,43.30732659730136,12679500
2019-11-20,43.36436080932617,43.511027438420406,43.193247669872385,43.2665809844195,11970300
2019-11-21,43.15250015258789,43.46212999460641,43.00583354890887,43.27472335840882,7856100
2019-11-22,43.209529876708984,43.33989982477924,42.98138324465223,43.152493218694794,9113300
2019-11-25,43.36436080932617,43.50287756554529,42.9976942365906,43.41324761351373,10963500
2019-11-26,43.91843795776367,43.95102812736604,43.364364667064706,43.43769798813563,13219800
2019-11-27,43.959163665771484,44.08138375552271,43.67397723982189,43.942867032151646,9595200
2019-11-29,43.836036682128906,44.106931901917676,43.68827451443204,44.08230591779594,7222300
2019-12-02,44.123348236083984,44.123348236083984,43.38453743163074,43.77036119967667,13173800
2019-12-03,44.164390563964844,44.19722729410087,43.83603265705341,44.09050948690025,14498300
2019-12-04,44.56663513183594,44.58305349780742,44.09872266183958,44.1643929942424,13624000
2019-12-05,44.48455047607422,44.56664231917072,44.18902923537768,44.50096884469352,14068100
2019-12-06,44.67334747314453,44.73902093359006,44.46812260647669,44.58305116225636,7843500
2019-12-09,44.38603973388672,44.74723441926102,44.34499538146654,44.57484626020624,13887200
2019-12-10,44.1397705078125,44.386039753928145,44.10693377326819,44.361413768761594,8993900
2019-12-11,44.28752517700195,44.45170569041884,44.049463589121615,44.27931442901556,8879100
2019-12-12,44.44349670410156,44.69797666655905,44.27931618417683,44.33677889642804,11233300
2019-12-13,44.67334747314453,44.78006528062704,44.19722741084627,44.27931610492023,13072200
2019-12-16,44.67334747314453,45.009919260703434,44.63230312610756,44.89499070492376,9538100
2019-12-17,44.67334747314453,44.804694394035586,44.566632797144976,44.6569322395161,9230000
2019-12-18,44.254695892333984,44.94425165949238,44.23827752508219,44.763652751206045,15132100
2019-12-19,44.591270446777344,44.60768881618474,44.26290932159697,44.361419538041346,13385900
2019-12-20,45.124847412109375,45.313653925076316,44.714397653968255,45.10021829721237,23832800
2019-12-23,45.075592041015625,45.34649038286128,45.018129325742265,45.14947312229325,9300800
2019-12-24,44.91141128540039,45.14947289403397,44.85394857041754,44.9852923663045,3359300
2019-12-26,45.16588592529297,45.16588592529297,44.9770794367236,45.083794105382765,6228500
2019-12-27,45.436790466308594,45.51888230313702,45.14947686611756,45.15768448405871,6895500
2019-12-30,45.37110900878906,45.469616057357705,45.198720890923276,45.297227939491925,6431700
2019-12-31,45.436790466308594,45.46141958309881,45.13305849875187,45.31365740829103,7982600
2020-01-02,45.141265869140625,45.50246052969843,44.952456224310225,45.41216108168819,11867700
2020-01-03,44.89499282836914,45.141265185205114,44.40245437766339,44.59126088815003,11354500
2020-01-06,44.878578186035156,45.075595461553746,44.75544512888398,44.862162950268356,14698300
2020-01-07,44.53379821777344,44.82111179239164,44.451709519734834,44.697978745333735,9973900
2020-01-08,44.61588668823242,44.85394829540638,44.45170929299267,44.55021635643314,10676000
2020-01-09,45.42858123779297,45.47783633814379,45.018131462652626,45.149475265438205,15398000
2020-01-10,45.58455276489258,45.91291385013112,45.518882426734905,45.54350841210861,13040100
2020-01-13,46.07708740234375,46.159176095457916,45.494246407894636,45.584545849209974,14302900
2020-01-14,45.97037124633789,46.208432848990924,45.830819836737646,46.16738850096044,16345300
2020-01-15,46.54499816894531,46.7748490065876,45.97036794335679,45.97036794335679,17735400
2020-01-16,46.64350509643555,46.75022289854295,46.471116968673215,46.6681310771208,10234100
2020-01-17,46.74202346801758,46.91441476900275,46.62709802168317,46.68456074485037,14264300
2020-01-21,46.93082809448242,46.99650156484665,46.438289592684384,46.668140475992345,11968900
2020-01-22,47.292022705078125,47.31664868904969,46.93903565456402,46.99649837148649,12869600
2020-01-23,47.472618103027344,47.48903333680872,46.98828728791933,47.10321271328682,12858900
2020-01-24,47.3494873046875,47.50545709518103,47.1688883977599,47.48903872805276,8594300
2020-01-27,47.18531036376953,47.48904235010014,46.89799674581944,46.96366708785793,14359900
2020-01-28,46.79948043823242,47.40694746323293,46.76664683723271,47.16067823257771,15240200
2020-01-29,46.79948043823242,47.00470531902563,46.51216685771519,46.79127282085329,13163600
2020-01-30,48.318145751953125,48.41665281652605,47.41515441033801,47.55470895567586,20225600
2020-01-31,47.94053649902344,48.49874846131561,47.735311604989064,48.40844900690314,17685200
2020-02-03,48.08829116821289,48.408441451904025,48.03903607399776,48.227842571264766,12333600
2020-02-04,48.30172348022461,48.802472642827624,48.12112460020835,48.22784240489822,15417900
2020-02-05,48.3099365234375,48.498746172744895,48.05545967099255,48.35098400549411,11414900
2020-02-06,48.42487716674805,48.71219082390378,48.3017409528333,48.416666415695595,9347000
2020-02-07,48.58903503417969,48.6957528344785,48.309929109040084,48.334558220790726,8757800
2020-02-10,49.04874801635742,49.122629100971935,48.67113497565358,48.69576096003066,7984900
2020-02-11,48.91740036010742,49.089788500132606,48.69575712372519,49.02411816980621,7431200
2020-02-12,48.769649505615234,49.06517388928375,48.695768409698104,48.82711223227481,9179100
2020-02-13,48.9338264465332,49.12263298180139,48.60546534864206,48.745019911265025,8173200
2020-02-14,49.21293640136719,49.311443486069805,48.94203800408028,48.95024875450436,9965500
2020-02-18,48.86814880371094,49.196509873578115,48.80247846862745,49.09800280521126,10075700
2020-02-19,49.065155029296875,49.25396150595848,48.81888584806359,48.85171944247416,6265700
2020-02-20,49.02412414550781,49.13904958619989,48.523374898363734,48.991287410600535,7597200
2020-02-21,49.36069107055664,49.36069107055664,48.78606075632353,48.851731092287814,10842400
2020-02-24,48.14575958251953,49.089792180686956,48.08008611578619,48.5233726217865,14415500
2020-02-25,47.464412689208984,48.59725496790644,47.30023214959606,48.186805184615814,15915100
2020-02-26,47.2838134765625,47.99799834953544,47.18530640602542,47.59575618666045,15837800
2020-02-27,45.092018127441406,47.52188034540456,45.05097377114491,46.9144163566556,23754000
2020-02-28,43.909915924072266,44.238273847360155,42.34199799393283,44.189021881182676,40890600
2020-03-02,45.90469741821289,45.937534148968616,44.082302702032266,44.27110920665317,25698600
2020-03-03,46.01963424682617,47.193520964716846,45.67485477489092,46.59426148091232,27099200
2020-03-04,48.36739730834961,48.433070771830074,46.306940929637875,46.306940929637875,20526100
2020-03-05,46.57783889770508,47.751722298964644,46.12634166858632,47.44799036149817,17948500
2020-03-06,45.36290740966797,45.89649336569754,44.31215699574503,45.10021980618723,22353900
2020-03-09,42.57184600830078,43.98379406537903,42.25990334026382,42.72781577657781,27898300
2020-03-10,44.049468994140625,44.16439442818933,42.005427770829456,43.688274325489935,27457400
2020-03-11,42.85915756225586,43.22035530779683,41.980795441662075,42.97408297893426,22653900
2020-03-12,38.713619232177734,40.98751116054476,38.32779547569275,39.84646138790016,31913100
2020-03-13,40.13795852661133,41.040586540160575,38.59769392010097,40.999179064049315,33697200
2020-03-16,37.47975540161133,39.649376827485874,34.092830722062324,34.97889946494717,28682300
2020-03-17,39.06970977783203,39.33470119633368,37.5708495002877,37.993181745300696,32106700
2020-03-18,37.140235900878906,37.38866810806611,34.4406347678248,37.04914767171657,35408300
2020-03-19,34.63937759399414,36.98289577682343,33.98517872201999,36.734466745134135,41956900
2020-03-20,31.716184616088867,34.838117590058005,31.061985781027285,34.738746614778506,51513500
2020-03-23,31.103389739990234,32.20475941900189,30.035141609703345,32.09710569854494,44978500
2020-03-24,32.66849899291992,34.28329231936583,32.155078610405845,34.13423427945105,49096200
2020-03-25,34.45719528198242,35.980897364332925,33.04942653867817,33.645658749712105,42511700
2020-03-26,36.67649459838867,37.488030998801186,35.152792763608055,35.47575077246195,37821700
2020-03-27,35.4509162902832,36.46119483565274,35.111395855726435,36.15479911640559,23297900
2020-03-30,37.26445007324219,37.728186589152195,35.64137700597704,35.64137700597704,23446000
2020-03-31,36.64337158203125,37.6867746710409,36.48603394861718,37.32241233942325,25373900
2020-04-01,34.879512786865234,36.14650581617317,34.61452148272337,35.17762879376122,21936400
2020-04-02,36.394954681396484,36.59369668876613,34.664227502395164,34.962343672396884,17621900
2020-04-03,36.29557800292969,36.717907071769844,35.86496617569157,36.088553268235216,14207100
2020-04-06,38.64738082885742,38.928934629896084,37.00774510243716,37.58741506445172,22850000
2020-04-07,38.51487350463867,40.24560010981101,38.49003155169072,40.162791494020375,21279600
2020-04-08,39.59968185424805,39.82326889515512,38.36581648943565,38.62252507944501,18937100
2020-04-09,40.57684326171875,41.18135503736059,40.038577750790864,40.11310677293555,19165300
2020-04-13,38.8626823425293,40.27873072935506,38.50659955628235,40.03858128580309,19586000
2020-04-14,40.51059341430664,40.78386754562743,38.86267850482323,39.69905693663472,21801900
2020-04-15,39.4257926940918,40.07999164230504,39.260172267349006,39.50860132798975,12893200
2020-04-16,39.00345230102539,39.62452640237259,38.72189858205682,39.25188446872126,17606800
2020-04-17,39.79843521118164,39.997177182865435,39.227044934960695,39.997177182865435,19844600
2020-04-20,38.53144454956055,39.74875106168775,38.34926492194505,39.57485103394012,18957900
2020-04-21,37.579124450683594,38.837835006500015,36.65165151969493,37.99317385092796,26863700
2020-04-22,37.82755661010742,38.21676408962122,37.6784985608871,38.13395230730632,15811600
2020-04-23,37.32240676879883,38.17534738722752,37.23959816545563,38.051134482212724,17668200
2020-04-24,37.62053298950195,37.88552438274202,37.36382119526151,37.67849965933906,15175000
2020-04-27,38.738460540771484,38.90408093122526,37.85239508463193,38.09254449284259,19175500
2020-04-28,38.70534133911133,39.74874449209234,38.56456289304971,39.66593587131237,17246700
2020-04-29,39.02001953125,39.63281411107741,38.821277562998205,39.144235630617345,15780000
2020-04-30,38.0014533996582,38.920643572438685,37.84411576499026,38.920643572438685,20801100
2020-05-01,37.76130676269531,38.415505620420454,37.43834871263888,37.77786911897339,14290400
2020-05-04,37.380393981933594,37.661947810677496,36.933219696467255,37.52945207708904,22544200
2020-05-05,37.5956916809082,38.175358389260374,37.38866695394053,37.562566966446184,13370500
2020-05-06,37.05742263793945,37.78615049275475,37.032580683905344,37.59568814095175,11892900
2020-05-07,36.93320846557617,37.46319439771588,36.850399841869674,37.38866537280143,16466000
2020-05-08,38.18363571166992,38.274727083999736,37.16507457906111,37.33069496884748,13985100
2020-05-11,37.71162796020508,38.18364412174433,37.69506560168391,37.83584091069353,10874600
2020-05-12,37.115379333496094,37.96831988831399,37.0988169822735,37.761295236449804,13424400
2020-05-13,36.386661529541016,37.0822646745625,36.038861536503454,37.02429800905624,15854800
2020-05-14,36.187923431396484,36.486039547991766,35.79871592818079,35.92293202974439,18000800
2020-05-15,35.82355880737305,37.007740546037766,35.77387489262559,36.403228698018545,31579400
2020-05-18,37.2396125793457,37.587412638740794,36.54400930160856,37.11539646730634,26118500
2020-05-19,36.88352584838867,37.53772473903004,36.64337640869299,37.27273018419391,17839900
2020-05-20,38.0014533996582,38.233320052631214,37.28100832867332,37.430066365283466,22295900
2020-05-21,37.40522003173828,38.167072544972285,37.28928670903761,38.15879294718486,13193500
2020-05-22,37.28929138183594,37.52116121523948,36.974616083343264,37.446632190028794,13008400
2020-05-26,38.167083740234375,38.86268703942056,38.034588024148775,38.85440428025749,22223100
2020-05-27,38.697052001953125,38.99516804038617,38.23331559117441,38.920639030777906,18447600
2020-05-28,38.995174407958984,39.30157009351542,38.77158734262438,39.169074405792664,16230600
2020-05-29,38.65565872192383,39.07798779084107,38.208484536754916,38.65565872192383,51125000
2020-06-01,38.91236877441406,39.11111074177924,38.58112795020994,38.63909462060367,17010700
2020-06-02,38.83784103393555,39.15251635251599,38.55628727171582,39.053145365540416,15255100
2020-06-03,39.66593551635742,39.84811511223238,39.02001627605745,39.14423236506224,15508300
2020-06-04,39.682498931884766,39.972335450726554,39.235327913610455,39.69906128944259,13604700
2020-06-05,40.651371002197266,40.98261179216274,40.12966786363285,40.19591728520446,20504800
2020-06-08,41.280723571777344,41.38009770138897,40.966048304845785,41.02401496764613,19896700
2020-06-09,40.57684326171875,41.06542170490138,40.311851884970174,41.06542170490138,16713700
2020-06-10,40.262168884277344,40.800434449577715,40.2207645697804,40.70934306231642,15716600
2020-06-11,37.71162796020508,39.68250124002106,37.645378526120396,39.59141300657495,26070400
2020-06-12,38.10436248779297,38.64751807087407,37.61134537300467,38.61409242534554,21822700
2020-06-15,38.68930435180664,38.81464894756463,37.16011749684483,37.2436784355865,15622300
2020-06-16,39.08204650878906,39.85081732073702,38.59738415440375,39.74218874142615,18803500
2020-06-17,38.92328643798828,39.324384740653265,38.80629664385412,39.09040834003089,12602800
2020-06-18,39.26588439941406,39.30766486743601,38.49711039969967,38.68930310271692,9380800
2020-06-19,38.45532989501953,39.93438141263321,38.45532989501953,39.91766858791129,30464600
2020-06-22,38.22136306762695,38.563968062173494,37.92053854799664,38.46369109719945,20876200
2020-06-23,38.13779067993164,38.68094629928137,38.087655395936125,38.43861513448564,14675300
2020-06-24,37.310523986816406,37.970662951491526,37.18517941037512,37.91216966585759,17631800
2020-06-25,37.54450225830078,37.586282726940496,36.7924410722041,37.16011684658267,13829700
2020-06-26,36.40804672241211,37.61134113711595,36.35790825976604,37.53613503696917,21955100
2020-06-29,37.068199157714844,37.24367904452877,36.391344067316865,36.76737467309352,17603900
2020-06-30,37.335594177246094,37.46093876224901,36.80079656483804,36.97627643372595,23679800
2020-07-01,37.45256805419922,38.04585875501781,37.36064914805806,37.54448696034038,14316500
2020-07-02,37.502716064453125,37.96230752461914,37.43586477471883,37.84532095522906,15111900
2020-07-06,37.79517364501953,37.828599282066115,37.27708902137435,37.71996755548683,15146000
2020-07-07,37.77847671508789,38.020807904127146,37.4358717603807,37.602996828257616,13043600
2020-07-08,37.661476135253906,37.75339504782702,37.160104305493384,37.719969409137825,13851200
2020-07-09,36.692169189453125,37.6447779488749,36.62532107373444,37.6447779488749,16087100
2020-07-10,37.728336334228516,37.811897263066754,36.65038313893168,36.667095962228345,15627800
2020-07-13,37.8119010925293,38.17121886068541,37.56956991165277,38.045874267088465,16705300
2020-07-14,38.32998275756836,38.388476046387304,37.32723565437264,37.52778635006985,17080100
2020-07-15,38.772865295410156,39.433004307629055,38.60574024400029,38.68930117588261,23738000
2020-07-16,38.563968658447266,39.01520225722377,38.38848556085234,38.6558844296258,13306100
2020-07-17,39.123817443847656,39.19902354300866,38.54723947537637,38.83135105135743,13899800
2020-07-20,38.538883209228516,39.132177212763416,38.31326490157069,39.04025828879415,16633200
2020-07-21,39.44136428833008,40.101506521249135,39.21574593577627,39.7087631089171,25681500
2020-07-22,40.51095962524414,40.54438527477389,39.29930692477665,40.05136810096899,29831200
2020-07-23,40.34382629394531,40.58615742188514,40.13492080868231,40.502596502837825,15935000
2020-07-24,40.51931381225586,40.77835460258174,40.16835090056471,40.444107701725265,16196800
2020-07-27,40.51095962524414,40.53602726856876,40.26027362906182,40.26027362906182,17346500
2020-07-28,40.26026916503906,41.17945211167117,40.19341787339198,40.39396856068819,13872700
2020-07-29,40.12657165527344,40.52766986107178,39.95944660594617,40.22684540981173,13758100
2020-07-30,39.850807189941406,40.30204378014378,39.44135424477762,39.83409436945488,17276500
2020-07-31,39.474788665771484,39.91766735041382,39.04861961768768,39.64191053251897,14849200
2020-08-03,38.68930435180664,39.575064965637544,38.630811057158375,39.39122707523129,14137500
2020-08-04,39.01518630981445,39.157243693835426,38.62244617488632,38.680939454293586,11717200
2020-08-05,39.45807647705078,39.49985694441054,39.11547154446825,39.19067766077394,10498700
2020-08-06,39.675331115722656,39.71711157707557,38.939982882860875,38.990121349071295,10745000
2020-08-07,39.9427375793457,40.17671394570457,39.44972039016716,39.666983931240004,11669700
2020-08-10,39.87588119506836,40.34382745543695,39.82574272960966,40.15999279071136,11888000
2020-08-11,40.051361083984375,40.65300991952958,39.85916841432851,40.49423970590247,16531600
2020-08-12,40.46917724609375,40.68643758248672,40.21013325593904,40.36054548407465,9562200
2020-08-13,40.42739486694336,40.71986130356455,40.159996071276815,40.32711792783459,9882900
2020-08-14,40.48588562011719,40.6864331104916,40.134922730494644,40.39396669217688,10075800
2020-08-17,40.28533935546875,40.73657603971273,40.27698453730656,40.37725829347903,9102400
2020-08-18,40.4608154296875,40.527666719294054,40.07643007738465,40.27698075855936,9829000
2020-08-19,39.58341979980469,40.42739994459207,39.458078391643575,40.2101364035467,17371000
2020-08-20,39.566707611083984,39.7756131490256,39.34944725418874,39.49985949651835,11308700
2020-08-21,39.50821304321289,39.692050930728065,39.249172224600166,39.55835151825669,14734100
2020-08-24,40.08479309082031,40.09314790924256,39.42465086787608,39.63355639253094,9257700
2020-08-25,40.034645080566406,40.15163163648212,39.81738478924359,40.10985117903287,7827800
2020-08-26,40.243560791015625,40.26027361577498,39.66698268122204,39.90931067111925,10124200
2020-08-27,40.30205154418945,40.79506868676383,40.27698390245276,40.31876436789564,10931600
2020-08-28,41.63905715942383,41.65576679885876,40.55274571269549,40.73658362293798,16420300
2020-08-31,41.38836669921875,41.8396034539247,41.237954447650104,41.61398507657173,18510800
2020-09-01,41.04576110839844,41.237953829712716,40.803433095743024,41.20453136470052,12588400
2020-09-02,42.77548599243164,42.91754337991112,41.246299498684955,41.246299498684955,26332600
2020-09-03,42.18220138549805,43.56933388348562,41.864664108808306,42.95097534153976,22289400
2020-09-04,42.65016174316406,43.00947957694917,42.015087028157176,42.56659760295473,21019500
2020-09-08,41.62232971191406,42.650144309002506,41.246299203797626,42.55822538616908,17776700
2020-09-09,41.939876556396484,42.416180949546835,41.40507886497474,41.4468593369335,15252300
2020-09-10,41.781105041503906,42.34932832507999,41.739324573991475,42.073571501736296,15439500
2020-09-11,42.66685485839844,42.78384141299573,41.864655421248585,42.11534453840797,18272300
2020-09-14,42.71739196777344,43.155433059841094,42.59945844557204,42.936414120531005,10911700
2020-09-15,43.003814697265625,43.28180368462161,42.82691436719272,42.961696030121836,12838400
2020-09-16,42.784786224365234,43.340760862495394,42.7426675665496,42.91956785744383,15353900
2020-09-17,42.58262252807617,42.65001496773538,42.06876642274407,42.30463674810291,13287100
2020-09-18,42.498382568359375,43.09647597289445,42.29620847531113,42.75109777458353,23816600
2020-09-21,41.352725982666016,42.13614516506955,40.948381116497636,41.90870057532846,17514800
2020-09-22,41.83289337158203,42.15300098761901,41.335885446727744,41.36958166177331,13034600
2020-09-23,40.6114387512207,42.05191841109424,40.57774253131236,41.8918661867022,17121200
2020-09-24,41.024208068847656,41.36116061655821,40.06388832702772,40.61143742210048,16788100
2020-09-25,41.04106140136719,41.0747544110124,40.41769412792458,40.6030201414924,12603400
2020-09-28,41.512786865234375,41.87501315303711,41.394853322870325,41.538060633918114,11215700
2020-09-29,41.209529876708984,41.74865972458,41.201107428929724,41.60545240474682,12426600
2020-09-30,41.5886116027832,41.79920818219656,41.18426655592342,41.50437425639738,15755900
2020-10-01,41.42855453491211,41.832899534685886,40.93154653683526,41.64757353807975,17577300
2020-10-02,41.58017349243164,41.76549944081634,40.89783967529054,41.074739964140896,13610100
2020-10-05,41.59702682495117,41.740230920553685,41.37800463780288,41.63914548757262,10628700
2020-10-06,41.226375579833984,41.89186138624691,41.13371580587667,41.740231627483254,10077400
2020-10-07,41.748661041259766,41.91713570974412,41.23480494741685,41.29377172407604,10135600
2020-10-08,42.50680923461914,42.57420167680625,41.73181543015848,41.87501954963331,12143900
2020-10-09,42.8016357421875,43.15543633564768,42.62473223200969,42.68369899758639,11407800
2020-10-12,43.037506103515625,43.40815483175931,42.818487130791624,42.82690957789917,11386500
2020-10-13,42.30464172363281,42.953279571122486,42.0350783601889,42.953279571122486,14365300
2020-10-14,42.220394134521484,42.53207933253554,41.82447481794811,42.16142735942655,10582100
2020-10-15,42.110897064208984,42.22883064469688,41.5296483983057,41.61388896540353,9961700
2020-10-16,42.14457702636719,42.414140330704384,42.00979537419859,42.11088402341108,13569800
2020-10-19,41.7991943359375,42.523646843291566,41.664412698298214,42.14457248322866,9930400
2020-10-20,42.32991027832031,42.64159230000701,41.94241336341808,42.02665070545818,10970700
2020-10-21,42.110897064208984,42.481545919092234,41.92557103004283,42.085623287355105,12517400
2020-10-22,42.69213104248047,43.130172233311505,42.439415836006305,43.10489846325035,20189200
2020-10-23,42.55735397338867,43.113328772957054,42.515235303343054,42.96169899003399,13491300
2020-10-26,41.95083999633789,42.54893353944167,41.44540946678942,42.405729401000876,14696400
2020-10-27,42.03506851196289,42.36359858334964,41.74023144302626,41.9592536329161,13892100
2020-10-28,40.40083694458008,41.403278469114454,40.24920718815384,41.27691926760993,19886200
2020-10-29,40.451393127441406,40.83889007927157,39.84487392391668,40.20710031341629,15369900
2020-10-30,40.485076904296875,40.535618013417356,39.90382844182785,40.2744803804337,15804000
2020-11-02,40.956817626953125,41.23480662547208,40.636713173047504,41.066328736683175,15156100
2020-11-03,41.571754455566406,42.08561051180476,41.27692059384673,41.462246571755145,15285100
2020-11-04,41.420135498046875,42.29621807773755,41.344323811071625,41.639157749694,12930800
2020-11-05,41.64757537841797,42.29621318175327,41.56333803811928,41.917138723512046,12452400
2020-11-06,41.656002044677734,42.110891405532776,41.487524146570465,41.824479942785004,9294900
2020-11-09,44.28424835205078,44.86549375294743,43.86305519426947,44.2252815670373,33442000
2020-11-10,45.47201156616211,45.724726810570054,44.183161570267515,44.28424702534096,29706700
2020-11-11,45.13505172729492,45.74156757374936,44.9244551885452,45.42988559616526,17399900
2020-11-12,44.65488815307617,44.8233660248433,44.317935622990035,44.68858437011922,15024400
2020-11-13,45.025535583496094,45.067654243838156,44.553798232700686,44.85705772868003,12447900
2020-11-16,45.36249542236328,46.011133179656966,44.882335547156636,45.91004773578407,14908200
2020-11-17,45.219295501708984,45.278262283886534,44.67174313754766,45.20244739059417,14248400
2020-11-18,44.31793975830078,45.50570420558968,44.27582108979093,45.27825953949839,15278200
2020-11-19,44.755985260009766,44.840222605084335,43.76196916357591,44.216858539255554,17189500
2020-11-20,44.36847686767578,44.857062375915504,44.30108764683645,44.806518050199905,15645600
2020-11-23,44.37690734863281,44.789674806407334,43.97256233933495,44.60435201888445,13191900
2020-11-24,44.83179473876953,45.14347673402227,44.663316855529445,44.76440230009416,13827600
2020-11-25,44.58749771118164,44.8823315686125,44.4695641682093,44.705431254153986,10194800
2020-11-27,44.39376449584961,44.80653203764728,44.31794959033281,44.73914279577076,8499300
2020-11-30,43.807945251464844,44.30885019617892,43.36647267115414,44.22395237042174,43203600
2020-12-01,44.18150329589844,44.427711523795715,43.96925549363756,44.266401121345005,18968800
2020-12-02,44.24093246459961,44.25791267743438,43.84190555959367,44.062645087801215,14913100
2020-12-03,44.80976104736328,44.94559952966661,44.06265101401741,44.06265101401741,17318900
2020-12-04,45.718177795410156,45.7351580091509,44.79277719772981,44.80975741147055,18122400
2020-12-07,44.9880485534668,45.658749191388914,44.741840309363354,45.64176897745302,16210900
2020-12-08,45.149356842041016,45.40405358007523,44.81825075873206,44.9455975084268,12485800
2020-12-09,45.27670669555664,45.505931492053534,44.99653801750197,45.31066388552061,11508400
2020-12-10,45.03898239135742,45.42951756503432,44.97955326660852,45.33613125374633,12097300
2020-12-11,45.293678283691406,45.454988681073054,44.809753568835156,44.82673378111977,10638100
2020-12-14,45.22576904296875,45.709693847383235,45.14935969286936,45.54838665879338,22292000
2020-12-15,45.70969009399414,46.032307683327474,45.50593076424554,45.66724117823455,16193700
2020-12-16,45.0474739074707,45.67572557722136,44.94559263239407,45.505926690738015,15679600
2020-12-17,45.22576904296875,45.59932406642968,45.12389098905121,45.2512377467869,12677300
2020-12-18,45.624794006347656,45.70969184111181,44.673921416036144,45.06445987642774,35480100
2020-12-21,44.835227966308594,44.996535133895435,44.13056369173784,44.724858199725745,14926600
2020-12-22,44.79277420043945,45.1493521878455,44.4786483638669,44.835226351272944,9689500
2020-12-23,45.06446075439453,45.3276459904778,44.94559924930628,44.954090976135014,7040300
2020-12-24,45.370094299316406,45.463483861308994,45.013519504775424,45.013519504775424,3265500
2020-12-28,45.98137283325195,46.219089382365276,45.61630628217358,45.718184340558565,9020500
2020-12-29,45.955902099609375,46.261539499917156,45.86251253411034,46.227579069072966,8320600
2020-12-30,46.21908950805664,46.38039994280372,45.871003172203345,45.8879833884212,8142700
2020-12-31,46.55868148803711,46.6350908320662,46.07475672206778,46.22757541012596,8495000
2021-01-04,44.79277420043945,46.380390073195535,44.17301101427441,46.07475272360304,25611100
2021-01-05,44.30036926269531,44.673924293823845,44.173019263700695,44.42771926168993,20323800
2021-01-06,42.891048431396484,44.16453560606273,42.610879698420135,44.122086681302925,38724500
2021-01-07,42.41560745239258,42.67030421196742,42.042052420925806,42.525977235711515,53225700
2021-01-08,43.36648178100586,43.408930702801555,42.31373103178889,42.47503823007059,29674000
2021-01-11,42.61936569213867,43.17969984405324,42.40711785825217,42.97594049851843,19304400
2021-01-12,42.542964935302734,42.76370130212568,42.24581596465596,42.48353578890249,18538700
2021-01-13,42.58539962768555,42.7551985200605,42.407112248081866,42.432580948412536,18864100
2021-01-14,41.79583740234375,42.60237970965892,41.78734891514115,42.585399496609234,34303600
2021-01-15,41.34587478637695,41.75339020033818,41.20154458886142,41.736409986592555,24366800
2021-01-19,41.184566497802734,41.634534088642056,40.95534169703386,41.37983734661958,29114500
2021-01-20,41.32889175415039,41.44775000361947,41.01476591789005,41.21003350468131,23115800
2021-01-21,41.55812072753906,41.676978979757855,41.14211360612881,41.41379053652733,19702500
2021-01-22,41.167598724365234,41.54964230347796,41.167598724365234,41.439275741738754,15400300
2021-01-25,41.41380310058594,41.46474375498163,40.955350165606454,41.108165651502645,16604200
2021-01-26,41.84678649902344,41.94017607034913,41.26947209323292,41.52416886316517,12922600
2021-01-27,41.20153045654297,41.872234095540016,40.946833815009924,41.50716772184003,21242400
2021-01-28,41.7279167175293,42.02506232741697,41.26946071486468,41.33737832342003,17498900
2021-01-29,40.878929138183594,41.70244843138702,40.84496871161069,41.62603909092025,18670300
2021-02-01,41.159095764160156,41.33738315091365,40.90439903470593,40.98080837740666,12183600
2021-02-02,41.566612243652344,41.89771832428785,41.286446805670266,41.43077376855458,13319800
2021-02-03,41.40530776977539,41.67698473770787,41.32040669314341,41.55812646906803,12274100
2021-02-04,41.60906219482422,41.6600028387447,41.30342804723569,41.56661327754621,20597400
2021-02-05,42.152427673339844,42.26279423233335,41.82981000874278,42.0250776577068,12742000
2021-02-08,42.38163757324219,42.59388536534851,42.01657435037205,42.415597997253826,17833200
2021-02-09,42.19486618041992,42.46654312395332,42.13543705143728,42.3222129259636,14592900
2021-02-10,42.1099739074707,42.94198836431064,42.050544766074324,42.79765813617278,22965400
2021-02-11,42.704261779785156,42.95047003427619,42.27976612941225,42.288257856060795,21928600
2021-02-12,43.03536605834961,43.171204531208275,42.780669326570184,42.93348801336677,13137100
2021-02-16,42.67878723144531,43.06083391218122,42.58539768297161,42.975932850548595,15093400
2021-02-17,42.5599365234375,42.865573922170896,42.35617717806692,42.4495667430849,12794300
2021-02-18,43.10328674316406,43.171204360001724,42.47503178453131,42.58540155536774,12747100
2021-02-19,42.542964935302734,43.15423985672871,42.42410664250226,43.1202794191727,15968800
2021-02-22,42.984432220458984,43.196680054320524,42.16939807706054,42.32221677653244,14370900
2021-02-23,42.90802001953125,43.73153935791349,42.80613873422327,43.29855523061105,16222300
2021-02-24,43.05233383178711,43.21364419826237,42.55992072445499,42.780656964574135,14442000
2021-02-25,42.59388732910156,43.08630378403992,42.43258016557578,42.8485872822873,14211100
2021-02-26,41.59208297729492,42.62785010536554,41.57510276356988,42.61936161782533,23638400
2021-03-01,42.364654541015625,42.823107245029114,41.94015901751304,41.974116198023935,13901200
2021-03-02,42.534461975097656,42.925000426576545,42.194867405146326,42.31372566656153,11755100
2021-03-03,42.432579040527344,42.92499548240988,42.20335103192455,42.21184275741596,15410700
2021-03-04,42.39862060546875,43.37496180955867,42.126943672593114,42.712749690504864,22036400
2021-03-05,43.12025833129883,43.2560967764458,42.36465677775354,42.49200349834158,21310800
2021-03-08,43.8419075012207,44.56355200475783,43.43439209107196,43.697580543700035,25084900
2021-03-09,43.1796875,44.04565880333357,43.14572707901186,43.90982035802501,23082700
2021-03-10,43.672115325927734,43.83342576050837,43.06084373594114,43.45137899261356,21331600
2021-03-11,43.19668197631836,43.66362658386104,43.13725283928448,43.6466463677592,17417700
2021-03-12,43.11107635498047,43.38501462165916,42.97410722164113,43.307969280055666,17598600
2021-03-15,43.684627532958984,43.761672863896884,43.205237265435414,43.230917953880954,13411900
2021-03-16,43.8472785949707,44.10409526447823,43.69318794014596,43.830157048256716,14214200
2021-03-17,43.86440658569336,44.189706224244645,43.78736124696245,43.872965727507186,17502700
2021-03-18,43.29084014892578,43.82159503946764,43.222357227049976,43.71030988321931,18007300
2021-03-19,43.49628829956055,43.72742424591924,42.94840868656183,43.196666176976784,67845700
2021-03-22,43.65895080566406,43.727437001867585,43.076831200340415,43.076831200340415,17911400
2021-03-23,43.9928092956543,44.215386149740695,43.51341902334756,43.65038813909253,16936700
2021-03-24,44.10409927368164,44.42083975268027,43.78735879468301,43.804477077351976,14997400
2021-03-25,44.532127380371094,44.566370476294196,43.80447628721127,44.25818914418899,17091900
2021-03-26,45.40530776977539,45.465231556208686,44.309551534420564,44.63485442191664,17126700
2021-03-29,46.09870910644531,46.17575443553068,45.12280378176487,45.13992532885064,17514100
2021-03-30,45.499481201171875,46.047357764898635,45.31114740779008,46.013114663265235,14871800
2021-03-31,45.122806549072266,45.516592359391595,44.943035192048406,45.396744788042355,15826500
2021-04-01,44.95159912109375,45.499478922989795,44.908796878996085,45.33682583117623,15834700
2021-04-05,45.20840835571289,45.55939188242344,44.76325795941642,44.81461933148076,16368700
2021-04-06,45.53371810913086,45.927507221388296,45.285463802257624,45.405311384665744,15614300
2021-04-07,45.61075973510742,45.799093501038726,45.47379061413959,45.61075973510742,10062700
2021-04-08,45.473785400390625,45.69636223744494,45.34537870110642,45.51658763348536,9695600
2021-04-09,45.525146484375,45.61075094387956,45.208406065487175,45.51658407906406,10828200
2021-04-12,45.67068099975586,45.84189320791265,45.45666655596019,45.65356271798131,8565300
2021-04-13,45.44810485839844,45.61931705692371,45.208409739823686,45.40530262516739,11071700
2021-04-14,45.439544677734375,45.53370828244655,45.071439602292514,45.353936947631034,9787600
2021-04-15,45.65355682373047,45.936054154955364,45.473782232295534,45.48234463767859,13078100
2021-04-16,45.95318603515625,46.055912063650496,45.69636933111985,46.004550682204155,17974100
2021-04-19,46.22711944580078,46.53530076460232,45.62787835542016,46.22711944580078,19352900
2021-04-20,46.37264633178711,46.73219228165705,46.064468287671474,46.09014897494749,14419200
2021-04-21,46.74930953979492,46.86059795045044,46.432569118576254,46.432569118576254,13866500
2021-04-22,46.603790283203125,46.971895436576396,46.501064250932025,46.62947424047216,12558900
2021-04-23,46.62947082519531,46.73219684994246,46.37265086492526,46.56954703862602,9020500
2021-04-26,45.936058044433594,46.663705814764135,45.86757512357478,46.62946598713528,11684600
2021-04-27,45.86756896972656,45.97029497003304,45.64499215919508,45.8504474254087,9852400
2021-04-28,45.87613296508789,46.26991872927896,45.74772300191206,46.209994950623845,10868100
2021-04-29,46.44968795776367,46.53529568453043,45.739161786404296,45.8333286530473,15391000
2021-04-30,46.20999526977539,46.458252791976065,45.961737747574716,46.44113124572763,14912600
2021-05-03,46.63803482055664,46.91197309212746,46.36409654898581,46.45826344213862,10417900
2021-05-04,46.34696578979492,46.75787311550498,46.17575358768212,46.71507088137706,14151000
2021-05-05,46.22711944580078,46.43257474686888,45.97886190947719,46.346967010756664,9665900
2021-05-06,46.689388275146484,46.749312053583004,46.269918560489835,46.329842338926355,11572700
2021-05-07,46.66371154785156,46.886288415590904,46.36409260928111,46.60378776013747,10637500
2021-05-10,47.006126403808594,47.51120055838665,46.93764348850354,46.9804457187693,15545800
2021-05-11,46.501060485839844,47.203027636458664,46.26992448274319,47.108860753833945,12986700
2021-05-12,46.26136779785156,46.70651827942279,46.12439867010669,46.5353060533413,15836500
2021-05-13,46.66371154785156,46.89484755714942,46.08159521942918,46.201442794857364,15475800
2021-05-14,46.85203552246094,47.16877594352672,46.81779243218333,46.997567023340345,11725300
2021-05-17,46.77499771118164,47.100300589839875,46.65515014157107,46.946209924454465,12119800
2021-05-18,46.51817321777344,46.70650694732905,46.3127179432036,46.56097544750858,13232500
2021-05-19,46.37264633178711,46.38120873794654,45.89325608609536,46.32984409779336,15126100
2021-05-20,46.7835578918457,46.91196459648939,46.32984505842132,46.32984505842132,10948400
2021-05-21,46.75787353515625,47.18590241147925,46.41545239345855,46.91196419188062,16033200
2021-05-24,46.91196823120117,47.02325666299589,46.64659239501567,46.76643996820931,10326100
2021-05-25,46.90340805053711,46.92908873976631,46.52674052530147,46.92908873976631,11916500
2021-05-26,47.108856201171875,47.125977747776396,46.73219197267575,47.06605396746113,16064300
2021-05-27,47.502647399902344,47.571130323830474,46.89484389743345,47.262949002150755,59109600
2021-05-28,47.33143615722656,47.69097886278663,47.254390825234935,47.38279753482011,17011600
2021-06-01,47.3228759765625,47.63961972609468,47.16878530533103,47.37424062217348,13304000
2021-06-02,47.511199951171875,47.56256458619484,47.30574467668083,47.511199951171875,11328500
2021-06-03,47.63105392456055,47.71666166114461,47.1687819438103,47.237268133077556,17364300
2021-06-04,48.14469528198242,48.350147338786584,47.75090618617156,47.853635480175214,18935100
2021-06-07,47.973480224609375,48.230296913249624,47.77658732113181,48.20461622406601,14010800
2021-06-08,47.63960647583008,48.15323972667438,47.55399875695565,48.15323972667438,10968300
2021-06-09,47.49409103393555,47.87075532744936,47.49409103393555,47.725227054592324,9838800
2021-06-10,47.86219024658203,48.041961596252385,47.73378027361677,47.86219024658203,12444400
2021-06-11,48.076202392578125,48.11900462631973,47.648173523959876,47.93067414473646,11825800
2021-06-14,47.91232681274414,48.05032798438203,47.61045027797609,48.03307742665136,9710800
2021-06-15,47.79158020019531,48.119334244104365,47.60182733947833,48.11070731941301,11154200
2021-06-16,47.153324127197266,47.83470642970855,47.12744993273992,47.81745587000104,15211700
2021-06-17,47.39482498168945,47.56732727512186,47.13607318664463,47.15332045480105,10658400
2021-06-18,46.377071380615234,47.11020211470724,46.33394662394065,47.01532567589834,31445600
2021-06-21,46.885948181152344,46.94632349438587,46.57544469011831,46.76519755468529,14404300
2021-06-22,47.05844497680664,47.30856983511587,46.7996899044336,46.86869213445505,13072800
2021-06-23,46.6789436340332,47.092947182049,46.67031999958209,47.05844935403681,12339200
2021-06-24,46.91181564331055,46.93768983378107,46.57543800636442,46.799688667592726,11488400
2021-06-25,46.85144805908203,46.980825613168584,46.58406931606683,46.78244910972165,18880300
2021-06-28,46.7996940612793,46.89457049088221,46.575443374205996,46.79107042686436,10556900
2021-06-29,46.45468521118164,46.86868869026467,46.333934607724984,46.68756278507969,12300900
2021-06-30,46.67032241821289,46.73069773312275,46.35981891855766,46.402943673463575,14614200
2021-07-01,46.54094696044922,46.989451670138,46.454697446750934,46.86870103487718,13214700
2021-07-02,46.73068618774414,46.96356375495036,46.57543447627333,46.57543447627333,10604600
2021-07-06,46.471946716308594,46.65307266416723,46.1873174066382,46.566823152865396,15278200
2021-07-07,46.85144805908203,46.903199738758225,46.33394442315157,46.33394442315157,14377700
2021-07-08,46.687564849853516,46.7220626736474,46.35118721386008,46.5840615078499,11943900
2021-07-09,46.972190856933594,47.023942527981774,46.73068963912342,46.79106494357596,10847000
2021-07-12,46.98944854736328,47.092948614964534,46.80832260650913,46.85144736049233,15107600
2021-07-13,47.455196380615234,47.696697597396685,47.22231879720142,47.39482107641987,15170800
2021-07-14,48.52470397949219,48.60232983965445,47.403444113976256,47.455195784153524,22002700
2021-07-15,48.679962158203125,48.70583964182857,48.222833860048695,48.50746314847461,15068200
2021-07-16,48.64547348022461,48.88697477143524,48.524719544410964,48.697221876793556,14860500
2021-07-19,48.06758117675781,48.602335334889254,47.57595177021304,48.36946101827974,19527000
2021-07-20,48.153831481933594,48.58508555593175,47.886452771580046,48.06757869300948,16257900
2021-07-21,48.77483367919922,49.645968725616555,48.671333625736345,49.447592252226315,20918200
2021-07-22,48.70583724975586,48.93871484970136,48.343582108660335,48.83521150069833,13402700
2021-07-23,49.17159652709961,49.44760220892232,48.68859398687796,48.80934462193337,12144000
2021-07-26,49.2147216796875,49.266470068691824,48.78346755687631,49.06809356702362,8681100
2021-07-27,49.3872184753418,49.62872301059517,49.0939655534116,49.25784421844205,12794400
2021-07-28,48.9387092590332,49.30096106853819,48.843832845056035,49.1543362761787,9858000
2021-07-29,49.206092834472656,49.37859513490689,49.04221745867438,49.22334339353685,9599100
2021-07-30,49.1888313293457,49.37858414661816,49.07670765569106,49.292334660698124,11727000
2021-08-02,49.059471130371094,49.369974632811406,48.91284301412631,49.335473512494055,9778000
2021-08-03,49.093963623046875,49.162965856179746,48.94733881295089,49.162965856179746,8825500
2021-08-04,48.3867073059082,49.119841228850795,48.30908143854269,48.94733893579327,11888400
2021-08-05,48.731712341308594,48.80933820938978,48.550586412521696,48.67996066585194,9806800
2021-08-06,48.85247039794922,48.938723203508374,48.679968077039014,48.81796927572555,10409300
2021-08-09,48.861083984375,49.05946044769148,48.6713311541561,48.99045822208198,8859900
2021-08-10,48.99046325683594,49.30959035755854,48.86971263981698,49.024964373186364,10906900
2021-08-11,48.93009567260742,49.318225067302386,48.91284511170897,49.06809686958695,8370700
2021-08-12,49.02496337890625,49.14571399347625,48.930086955970545,48.930086955970545,6169200
2021-08-13,49.3613395690918,49.421714874588716,48.96458662148137,48.99908773611028,7714200
2021-08-16,49.57697296142578,49.58559988629362,49.18884359756806,49.33547170845111,7972000
2021-08-17,49.40446853637695,49.645973069196316,49.17159092805525,49.559720275258094,10346400
2021-08-18,48.731712341308594,49.361342920097044,48.66271010736638,49.326841803125944,13873700
2021-08-19,49.042213439941406,49.145713495637615,48.25733116297966,48.352207584954286,9223700
2021-08-20,48.85247039794922,49.18884811410965,48.800722004821836,49.02497271885942,10543600
2021-08-23,48.679962158203125,48.94734088761465,48.628213771367655,48.87833865155708,8912800
2021-08-24,48.309078216552734,48.852459251870314,48.21420508739589,48.852459251870314,12067200
2021-08-25,48.36083221435547,48.44708171417682,48.06757930867236,48.35220858045634,11270700
2021-08-26,47.90370559692383,48.28320801553156,47.87782811391793,48.25733382273329,10331500
2021-08-27,47.99857711791992,48.11932772557943,47.82607483974608,48.00720075123534,8844100
2021-08-30,48.45570755004883,48.47295810766718,47.98995236497559,48.033077113917756,10034700
2021-08-31,48.56783676147461,48.74896268948009,48.30045804141348,48.43845921849493,14185700
2021-09-01,48.89558792114258,48.990464348115886,48.54195969619235,48.62821248898973,9518900
2021-09-02,48.9645881652832,49.18883883702681,48.654084704247836,48.9645881652832,11653200
2021-09-03,48.93009567260742,48.96459679440432,48.516092081668816,48.69721803579044,13220400
2021-09-07,48.01582717895508,48.895585887654946,47.877826006426126,48.81796002246944,20035300
2021-09-08,48.66271209716797,48.714463774740736,47.96408254607819,47.96408254607819,12040100
2021-09-09,48.17970275878906,48.66270518671411,48.1279510885654,48.455705086234026,12545400
2021-09-10,47.96408462524414,48.41258931302686,47.8864587506239,48.30908595339462,10573700
2021-09-13,48.36083221435547,48.645461486139446,48.076206232779,48.076206232779,20274300
2021-09-14,48.39558410644531,48.64759998082924,48.27392218502928,48.59545773663434,13918900
2021-09-15,48.56071090698242,48.664992104710024,48.16096023812085,48.38690670074341,15746000
2021-09-16,48.100128173828125,48.6563022842047,47.63954985550945,48.42166710835195,17430400
2021-09-17,47.30931854248047,47.96108176441142,47.248487573636716,47.81335035865921,33370200
2021-09-20,46.97909927368164,47.27456543194528,46.69232183402596,47.02254949680051,27542500
2021-09-21,46.97040557861328,47.639549599101606,46.874813102109314,47.26587172642579,16418200
2021-09-22,47.03992462158203,47.41360246277167,46.97909365348503,47.3701489298117,12719700
2021-09-23,46.96171569824219,47.46574422319166,46.92695419582103,47.1528973314799,13836200
2021-09-24,46.83135986328125,47.13551802483754,46.80529039501956,46.92695233362639,9682200
2021-09-27,46.588035583496094,47.14420633520095,46.55327408275475,46.79659795786583,12429500
2021-09-28,45.74508285522461,46.457676974068185,45.56258996711466,46.457676974068185,19926100
2021-09-29,46.02317428588867,46.19697848017107,45.67556921236316,45.74508890105255,13941500
2021-09-30,45.59736251831055,46.344718315601746,45.562601012613364,46.20567229281301,17672000
2021-10-01,46.075321197509766,46.231744656676476,45.684262549592994,45.86675548027428,16277400
2021-10-04,46.04924392700195,46.51851090998646,45.536523412133036,46.11007489359326,18973400
2021-10-05,46.12746047973633,46.46637684771966,45.997106500493786,46.07531822503143,17173100
2021-10-06,46.67493438720703,46.72707663649466,45.63211260672799,45.858059038601965,21284500
2021-10-07,46.82267379760742,47.170278882595646,46.7618428248585,46.91826627336699,13774400
2021-10-08,47.0312385559082,47.26587374049625,46.84005690979315,46.92695735666003,13786800
2021-10-11,47.126827239990234,47.26586993279982,46.93564229423732,47.10944648900912,12378500
2021-10-12,47.126827239990234,47.648239824305655,47.11813852201932,47.29193940175184,19474400
2021-10-13,47.13552474975586,47.30063693070213,46.74446609484136,47.0746904567339,12143300
2021-10-14,47.45704650878906,47.63085067290789,47.196341920130166,47.265861596754476,13704000
2021-10-15,47.34408950805664,47.691697955260985,47.17897731890648,47.48313222393041,17867000
2021-10-18,46.87481689453125,47.26587555048645,46.80529719738348,47.231114044392726,15861800
2021-10-19,47.05731201171875,47.100762235770574,46.72708434185361,46.96171952978098,11068500
2021-10-20,47.47443389892578,47.58740380362592,47.022544335007744,47.083375303704486,12474800
2021-10-21,47.23110580444336,47.50919117459896,47.10944386938017,47.44836020706737,14388300
2021-10-22,47.31801223754883,47.38753192651009,46.98778459862478,47.26586998454842,12828600
2021-10-25,47.126827239990234,47.33539293672426,46.94433432724752,47.25718121482891,11855000
2021-10-26,47.33538818359375,47.4309806468714,47.126822507802615,47.20503422184442,12086700
2021-10-27,48.247867584228516,48.734518734854596,48.03061313904469,48.63892624856735,24019800
2021-10-28,48.69975280761719,48.76058378154395,48.33476364901718,48.44773687846949,15928000
2021-10-29,48.98652648925781,49.07343024769334,48.47380591712623,48.552017642198486,24463700
2021-11-01,48.81272506713867,49.012602065402945,48.57809319359987,49.0039100315447,11651100
2021-11-02,48.75189208984375,49.09950049903858,48.638922174638985,49.07343102861278,11498900
2021-11-03,48.91699981689453,48.95176131530813,48.47379899971849,48.664983925954346,10788300
2021-11-04,49.18639373779297,49.21246651943846,48.69105398203547,48.760576979704794,10820200
2021-11-05,49.39496612548828,49.67305152386225,49.177711700818655,49.39496612548828,12886700
2021-11-08,48.95176696777344,49.43841474160132,48.777962770675195,49.31675279814435,12828000
2021-11-09,49.090816497802734,49.11688597073359,48.74320805520558,49.021293483267385,10155800
2021-11-10,49.29068374633789,49.4644846298689,48.917005879675365,49.134260299128485,8813600
2021-11-11,49.30805969238281,49.429721625013705,49.160324977731705,49.386271408365396,7257700
2021-11-12,49.195091247558594,49.525318893178515,49.142948993500916,49.316753191987154,10162500
2021-11-15,49.20377731323242,49.255919564479214,48.89962246855743,49.12556559388183,10289200
2021-11-16,48.85617446899414,49.481864937177406,48.83010168466698,49.203779547976104,13756500
2021-11-17,48.586769104003906,48.708431025629984,48.360826008846715,48.699742309101865,13288700
2021-11-18,48.15226745605469,48.6041570281258,47.91763229468858,48.517256589859485,15380100
2021-11-19,47.9089469909668,48.22179389508238,47.7090733166795,48.17834035781341,15813700
2021-11-22,48.20440673828125,48.68236574937851,47.865490408867544,47.88286784341884,16905600
2021-11-23,48.56071090698242,48.760584583893454,48.230483246632254,48.36952594861556,13835900
2021-11-24,48.169647216796875,48.52594431042936,47.82203884079677,48.41297109097346,12598900
2021-11-26,46.69231414794922,47.57871247682907,46.56196350004979,47.439669796712955,14754300
2021-11-29,47.430992126464844,47.56134280472364,46.86612924222414,46.97041044783912,22712500
2021-11-30,45.93343734741211,46.966830470373075,45.924677910020314,46.94055549894422,30485200
2021-12-01,45.80207061767578,46.87049476451016,45.78455508436333,46.39758538731333,18719600
2021-12-02,46.47641372680664,46.71286846684078,45.98598870961578,46.06480695629383,17074200
2021-12-03,46.88801574707031,46.94931845041517,46.39759077956466,46.70410763703573,21064400
2021-12-06,48.087799072265625,48.38555647652023,47.413466029078826,47.56234640157943,26624100
2021-12-07,48.35052490234375,48.53443300108741,48.03525196692801,48.18413233787281,23832700
2021-12-08,48.166629791259766,48.473143371814245,47.606145906390154,48.27171968448595,18026300
2021-12-09,48.04401779174805,48.28047252474581,47.80756305875028,47.94768401081411,13846400
2021-12-10,49.287593841552734,49.32262491690037,48.22792886789113,48.38556536620823,23153600
2021-12-13,50.58370590209961,50.732586279406405,49.8831012049854,49.9006167400066,31362800
2021-12-14,50.618736267089844,50.94276530860186,50.26843559378533,50.26843559378533,24806600
2021-12-15,50.846431732177734,51.012824291145364,50.48737164332915,50.732582433543854,24923800
2021-12-16,51.363136291503906,51.56455994926213,50.70631870895653,50.77637751390648,24696900
2021-12-17,50.55744171142578,51.59959114297912,50.53117007540046,51.22301877720974,51874400
2021-12-20,50.391048431396484,50.60122819824071,49.91813894487623,50.09329097774452,20879500
2021-12-21,50.592464447021484,50.76761645339526,50.38228137122362,50.45234351007179,15864900
2021-12-22,50.95153045654297,50.96028655453955,50.34725947236753,50.53992369501572,12447400
2021-12-23,50.986549377441406,51.328093910601105,50.741335262272045,51.249275684429925,11027300
2021-12-27,51.363136291503906,51.398164023605396,50.793893050330716,50.793893050330716,9860000
2021-12-28,51.56455993652344,51.61710320503618,51.05661940258706,51.144197084686596,8979900
2021-12-29,51.62586212158203,51.757223632282546,51.37189185718198,51.62586212158203,9996000
2021-12-30,51.47698211669922,51.87107333322531,51.45946658032617,51.72219628517488,7703900
2021-12-31,51.853553771972656,51.97615917632036,51.40691932174223,51.45070648890259,10021300
2022-01-03,51.93236541748047,51.94112485424875,51.12667095360565,51.512002652752784,20187300
2022-01-04,52.79937744140625,53.01831663795471,52.186347022921154,52.30895243846877,26141600
2022-01-05,53.23725891113281,53.59631908059282,52.58919738196861,52.62422845722013,22507300
2022-01-06,52.95701217651367,53.52625206424113,52.93073720208998,52.95701217651367,17902300
2022-01-07,52.83440017700195,53.175944735199955,52.59794548115415,52.79060967200509,12307900
2022-01-10,52.92197799682617,53.26352257755626,52.703038820384144,53.02706786610926,20954300
2022-01-11,52.93949890136719,52.97452997493025,52.40528672214521,52.92198336458566,19369600
2022-01-12,53.018314361572266,53.149675869413024,52.71179749511675,53.00955492326809,15753800
2022-01-13,53.333587646484375,53.45619305750553,52.88694983119658,53.01831468057461,14318000
2022-01-14,53.76270294189453,53.81524954623437,52.8606746155807,53.368611761212435,19729600
2022-01-18,53.333587646484375,53.58755456613667,52.93949643909718,53.473708593472395,21976700
2022-01-19,53.42115783691406,53.57879430762698,53.03582609780839,53.12340043009484,18654700
2022-01-20,53.20222473144531,53.80649571091132,53.17595309691327,53.421163927871014,23002400
2022-01-21,52.93949890136719,53.68389084047342,52.89571172978689,53.49122661737069,26643200
2022-01-24,52.510379791259766,52.85192442737538,51.29307830736164,52.457836518471055,30185100
2022-01-25,52.38776397705078,52.58918761120284,51.39815799991538,51.98491670874667,19027100
2022-01-26,52.19510269165039,52.85192027589471,51.85355808236286,52.36149861773703,19190200
2022-01-27,52.2388916015625,53.359859175265115,52.10752675244246,52.44031525366551,18893800
2022-01-28,53.281036376953125,53.32482354266584,51.61709735389718,52.01118852680481,19101500
2022-01-31,53.42991638183594,53.54376569162185,52.67676840372432,52.808129908172575,22045300
2022-02-01,53.035831451416016,53.54376864329419,52.685527405416124,53.342344986105694,20841700
2022-02-02,53.57879638671875,53.657614625133704,53.035828155830615,53.08837142094274,20225600
2022-02-03,53.95537185668945,54.10424889498735,53.062099604661825,53.36861311924382,19440500
2022-02-04,53.38613510131836,54.016681082598765,53.04459047504053,53.85028848898184,17403700
2022-02-07,53.94661331176758,54.05170652486125,53.29855520142395,53.75394910258945,17846400
2022-02-08,54.29690933227539,54.58591061453767,54.069214085649065,54.148032313470935,18771700
2022-02-09,53.45619583129883,54.577163465368955,53.33359041391579,54.445798609174524,23595600
2022-02-10,53.75395202636719,54.55964665942775,52.72055875996551,52.860679710965044,23561500
2022-02-11,52.79937744140625,54.27940520740493,52.67677202585864,54.095497084083505,22781400
2022-02-14,53.14092254638672,53.23725632828107,51.91486169804476,52.68552861245248,23641300
2022-02-15,53.34233093261719,54.10423819007703,53.0971201694683,53.386118091644335,13408700
2022-02-16,53.333587646484375,53.77146602341529,53.03583021654148,53.29855657455065,15484700
2022-02-17,54.40200424194336,54.5421251776692,52.904461114983455,53.027066516150235,21468700
2022-02-18,54.76982879638672,55.01503962115151,54.28816324456434,54.4020092184926,21975000
2022-02-22,54.54212951660156,54.857402482251935,54.051707872920446,54.67349436587152,21731400
2022-02-23,53.937862396240234,54.5859239095905,53.71892319238161,54.507105662571504,19248500
2022-02-24,52.99203872680664,53.08837250247042,51.86231507417303,52.51913262742955,27207400
2022-02-25,55.04131317138672,55.08510368368817,53.351102291560004,53.368617828331175,21487800
2022-02-28,54.507102966308594,54.59467730722122,53.78022324189537,53.99040633713141,25879100
2022-03-01,54.2706413269043,54.95373045313949,53.86779072405734,54.41951835564929,15871100
2022-03-02,54.673492431640625,55.06758362476149,54.104249225938624,54.49834041905949,17319100
2022-03-03,54.70853042602539,55.19019601602134,54.55089392882712,54.83113584812467,21262800
2022-03-04,54.79609680175781,54.8136123367593,53.59631105050309,53.824006324028986,17163000
2022-03-07,53.49122619628906,54.35822354529396,53.17595321819745,54.30567693536302,29151400
2022-03-08,51.37188720703125,53.89406740498897,51.310584506104036,53.81524916940445,30242100
2022-03-09,51.63461685180664,52.40528372234391,51.37189049661687,52.387768186565005,23022700
2022-03-10,50.688804626464844,51.371893862868475,50.356016106352804,51.21425737127578,20887300
2022-03-11,50.72382736206055,51.53828137479725,50.67128409720447,50.75885843246243,19855600
2022-03-14,51.65924072265625,52.10047099182895,51.15623848510496,51.15623848510496,17799400
2022-03-15,52.61228942871094,52.85055414666197,52.04751529711708,52.13576335912822,18607200
2022-03-16,52.47110366821289,52.89468432965212,51.72101354476589,52.75349077583905,17347300
2022-03-17,53.02705001831055,53.07117236874747,52.26813347204514,52.471098977110614,15586200
2022-03-18,53.03586959838867,53.21236235466391,52.691710575127594,53.21236235466391,30197800
2022-03-21,53.4594612121582,53.91833773131029,53.16824761767189,53.38886275301492,17440100
2022-03-22,53.653594970703125,53.785965385431496,53.00057611938586,53.76831577237975,17559500
2022-03-23,53.30061340332031,53.812438722253695,52.94762787098593,53.60947321937326,15529200
2022-03-24,53.812442779541016,53.84774200869981,53.35356289943604,53.51240606433083,13151300
2022-03-25,54.29779052734375,54.368388979328,53.87420991439665,53.93598187672313,12259800
2022-03-28,54.641944885253906,54.6595944967384,54.01539882599074,54.29778587710425,11485200
2022-03-29,54.85374450683594,55.1802539490372,54.48311271292958,54.89786685854103,14720600
2022-03-30,54.89786911010742,54.89786911010742,54.32427178177655,54.72137632972877,13641000
2022-03-31,54.712554931640625,55.27732915361412,54.712554931640625,54.90669733281398,16822900
2022-04-01,55.480289459228516,55.55088791349271,54.79197136175057,55.00376335822356,12644900
2022-04-04,55.189083099365234,55.40969823484432,54.46546572429941,55.24202857743553,11505800
2022-04-05,55.12731170654297,55.80680673487428,55.039063631637696,55.065539737269205,15721200
2022-04-06,55.683258056640625,55.824451606686836,54.97729030640957,55.39204783243521,19267400
2022-04-07,55.983299255371094,56.18626478942446,55.339103421292144,55.70973862380006,13960800
2022-04-08,56.327457427978516,56.51277333196135,55.73620712047927,56.01859422168734,12703500
2022-04-11,56.3098030090332,56.74221011442013,56.159782980761186,56.39804770826181,12720100
2022-04-12,56.97164535522461,57.19226047104582,56.38039846065714,56.81280220252778,18089900
2022-04-13,57.12167739868164,57.24522134363424,56.6804471002395,56.86576301766839,11883000
2022-04-14,57.377586364746094,57.862942397234804,57.20109693437213,57.324640882161944,16388400
2022-04-18,56.86575698852539,57.51877587584479,56.63631537252261,57.15696383781581,11679400
2022-04-19,57.421695709228516,57.58053884431146,56.86574810275736,56.918693570238915,11993800
2022-04-20,58.20709991455078,58.45418780340313,57.71292413684608,57.74822336848784,14827100
2022-04-21,58.427711486816406,59.12485612063316,57.99530770778967,58.22474933309838,15120400
2022-04-22,57.58054733276367,58.542426041215016,57.51877536738276,58.312991159879765,14902200
2022-04-25,58.1894416809082,59.30133695174846,57.16578437203969,59.12484756252771,25082000
2022-04-26,57.4040641784668,58.56891189011035,57.39523768741131,57.818815001114416,21982600
2022-04-27,57.85411071777344,58.48948338236608,57.3599349709301,57.3599349709301,16971000
2022-04-28,58.41005325317383,58.48947145373116,56.91869309364041,57.05988998259331,22010600
2022-04-29,57.015777587890625,58.268869973140134,56.90987989644314,58.12767978384995,20137100
2022-05-02,55.983299255371094,57.63349963489718,55.22438596703592,57.60702689411805,24970300
2022-05-03,55.66561508178711,56.42452835396293,55.30380301180287,56.230389315183054,21686300
2022-05-04,57.386409759521484,57.46583471175219,55.5420670345443,55.59501588059146,19780200
2022-05-05,56.92752456665039,57.3864010306478,56.486294348998,57.0863677143108,20155200
2022-05-06,57.130489349365234,57.63349155154047,56.53924244608961,56.653959884256196,18984000
2022-05-09,57.015777587890625,57.67762301099788,56.5127753356347,56.892233647521785,20055300
2022-05-10,56.48629379272461,57.64231479714503,56.34509689279971,56.9186975166268,21322200
2022-05-11,56.75102996826172,57.53641923822171,56.44217015411548,56.768682947720926,19648400
2022-05-12,56.92752456665039,56.94517081299541,55.78032330769865,56.61866476082148,22574700
2022-05-13,57.99531173706055,58.06591020092805,56.58337612291083,57.192269359007845,16167000
2022-05-16,58.20709991455078,58.57773174782931,57.74822336848784,57.74822336848784,13223200
2022-05-17,58.048248291015625,58.330635370415386,57.36875669555462,58.330635370415386,21300600
2022-05-18,54.006587982177734,57.8188140389461,53.79479596253063,57.730569327779776,31437300
2022-05-19,52.947628021240234,53.79478926166339,52.64759132780043,53.79478926166339,31493900
2022-05-20,53.812442779541016,54.04188440275339,52.64759514785907,53.380039004465026,29133800
2022-05-23,55.471466064453125,55.68325469357128,54.350740855884226,54.403689696323546,19406900
2022-05-24,56.495121002197266,56.6451444113179,55.374399074915004,55.48911988807801,16154200
2022-05-25,56.53923797607422,56.89222348520771,56.12448050779025,56.47746601692375,15360500
2022-05-26,56.74221420288086,57.44817858021568,56.442174124717965,56.53924532065542,16159800
2022-05-27,57.077545166015625,57.20991558697927,56.60101569013009,56.70691337342886,17709000
2022-05-31,55.93034744262695,56.75985910090104,55.63913386174115,56.54807046600197,43159000
2022-06-01,55.65678405761719,56.19508550695329,54.82727239067021,55.96564388937412,15408300
2022-06-02,56.23920822143555,56.24803471172529,54.809623129592104,55.75385561141114,14586000
2022-06-03,55.56853485107422,56.15095860542799,55.427341315664805,56.09800976727968,13539900
2022-06-06,55.480289459228516,56.27450523810275,55.29497356626439,55.886223838608444,15112800
2022-06-07,55.815635681152344,55.92153001576432,54.90670229589912,55.04789586415516,17886300
2022-06-08,55.49794006347656,55.78032715293499,55.206729850237394,55.58618813288209,10211500
2022-06-09,54.53606414794922,55.90387739819461,54.518414532074566,55.480296716163004,13382200
2022-06-10,54.1919059753418,54.615486664573375,53.35356772180592,53.83892038448877,14967600
2022-06-13,54.130123138427734,54.96846122371617,53.53887289735591,53.60947134788602,23064200
2022-06-14,52.645774841308594,54.121242997291716,52.13913841001955,53.97902932167798,24620000
2022-06-15,53.03684997558594,53.8990221022367,52.41466740031294,53.33016752447812,19684700
2022-06-16,52.5035514831543,52.90352843163091,51.77470610621507,52.121351664681185,15053800
2022-06-17,52.82353973388672,53.445725800267454,52.556889531335344,53.063525933375345,34781900
2022-06-21,53.95235824584961,54.112349033776184,52.450222891499166,52.87686725306404,17705000
2022-06-22,54.352333068847656,54.618983241312726,53.61459742136536,53.86347046358064,15207100
2022-06-23,55.00118637084961,55.02785037250644,54.42344147024999,54.485659734543354,17190900
2022-06-24,56.0322265625,56.05000369074385,55.20560874768381,55.20560874768381,18147100
2022-06-27,55.91668701171875,56.254445728003226,55.66781395268868,55.97890527647627,12142100
2022-06-28,55.356719970703125,56.672197199703646,55.20561943733308,56.067791675582264,13150100
2022-06-29,55.75669479370117,56.09445350134975,55.490044610038,55.587817135197405,11795500
2022-06-30,55.91668701171875,56.09445493558643,55.25005984019581,55.392273501161725,15514200
2022-07-01,57.22328186035156,57.28550013369659,55.83669932221498,56.10334954949958,15143200
2022-07-05,56.24555587768555,57.04550984561113,55.48115617292137,57.04550984561113,15921200
2022-07-06,56.3610954284668,56.96550084059591,56.1655504067941,56.52997306223105,13450500
2022-07-07,55.91668701171875,56.5122090480793,55.730032217446194,56.227778335506336,14828400
2022-07-08,56.121116638183594,56.36998968701744,55.89002072007231,56.02334411453001,11311500
2022-07-11,55.94335174560547,56.4055469974529,55.63226041774718,55.9877962701348,12702100
2022-07-12,55.703365325927734,56.39665989618283,55.52560079110243,55.99668291154357,14731100
2022-07-13,55.44560241699219,55.99667990477077,55.09006658514995,55.40116128567215,13145300
2022-07-14,55.26783752441406,55.33005578979386,54.48566068595793,54.51232807872154,14433000
2022-07-15,55.55226516723633,55.97001928629912,55.170065311634445,55.77447422790527,21968400
2022-07-18,54.7967529296875,55.60559373375078,54.6723130139046,55.57003947209853,10780800
2022-07-19,55.57892990112305,55.68559269290984,55.04562950475397,55.18784316982847,10998200
2022-07-20,54.66343307495117,55.623377917433814,54.35234172265111,55.46338711035337,11010500
2022-07-21,54.53898620605469,55.001181406690506,54.03234987645484,54.450100557485804,11959600
2022-07-22,54.74342727661133,54.99230035298742,54.50344107125951,54.55677246932926,11644700
2022-07-25,55.27671813964844,55.3744906572214,54.494544780346274,54.707863554468396,14941700
2022-07-26,56.183345794677734,56.70775938543668,55.57893679547618,55.7744818807007,20118000
2022-07-27,56.00557327270508,56.16556407653258,54.92119530199148,55.89002699599518,12142900
2022-07-28,56.93885040283203,57.10773146745442,55.89891357404538,55.92557757766308,10837000
2022-07-29,57.036617279052734,57.14328006422556,56.55664830833912,56.627753441146645,13734200
2022-08-01,57.34770584106445,57.809904440022244,56.912178023081765,56.965506022468546,12831500
2022-08-02,56.5655403137207,57.41882232872188,56.37888550868445,57.40993206716321,15241900
2022-08-03,56.814414978027344,56.97440578415031,56.27222768021219,56.4855464946152,11317000
2022-08-04,56.59219741821289,56.64552880913957,55.925570289513495,56.565533418070004,11795600
2022-08-05,56.33444595336914,56.55665502959189,55.703369600009076,56.55665502959189,10445400
2022-08-08,55.97001266479492,56.71663515593942,55.774467629534925,56.441094732676774,9165200
2022-08-09,56.04111862182617,56.27221791976011,55.863350713563335,56.15666827079314,7910900
2022-08-10,56.574424743652344,56.69886126751641,56.08556212755641,56.55664761300877,8857300
2022-08-11,56.192230224609375,56.87663456121577,56.06779368897936,56.609980966989966,8507800
2022-08-12,56.61886978149414,56.67219778646339,56.07667912669872,56.3788835872089,9489300
2022-08-15,57.32994079589844,57.49882186127668,56.5033227736365,56.56554104278384,9863300
2022-08-16,57.801021575927734,57.9787928987675,57.178838899194986,57.39215770532013,9569600
2022-08-17,57.66769027709961,57.96989811169308,57.56103427300478,57.62325253582078,8144000
2022-08-18,57.96989440917969,58.08544066666321,57.51658607688313,57.73879511293102,6532000
2022-08-19,57.92546081542969,58.192114421496335,57.73880600369618,57.96101508165743,8921100
2022-08-22,57.06328582763672,57.7032490271109,56.8766344153118,57.632140497995415,9087900
2022-08-23,57.1254997253418,57.214388770577656,56.601089621116905,56.72552614690864,8443800
2022-08-24,57.205501556396484,57.40104661627825,56.92996448908077,57.09883876520213,6844700
2022-08-25,57.48104476928711,57.516599036819834,56.79664376781074,57.2055076725124,7913900
2022-08-26,56.094451904296875,57.59658721963163,55.9789022514309,57.53436895823633,10089500
2022-08-29,55.75669479370117,56.023344977364346,55.47226747904165,55.721140531708464,9115900
2022-08-30,55.241180419921875,55.91669455295326,55.09896673977624,55.91669455295326,8456800
2022-08-31,54.8500862121582,55.57893169299324,54.84119934121007,55.445608284923225,14633600
2022-09-01,55.107845306396484,55.14339956873512,54.476772407770646,54.7345357237641,14939700
2022-09-02,54.352333068847656,55.79224671267177,54.130124026686616,55.45448801920753,11809800
2022-09-06,54.37899398803711,55.08117533523745,54.210116346193274,54.47676650355117,12181800
2022-09-07,55.38338088989258,55.543371665725246,54.503431622812926,54.503431622812926,13290700
2022-09-08,55.21449279785156,55.37448355323836,54.52120178493568,55.17894193381921,17193500
2022-09-09,55.39227294921875,55.89002245296032,54.98340910184591,55.258946159986216,11855900
2022-09-12,55.55226516723633,55.827805623096644,55.34783323829784,55.490046901500314,13026900
2022-09-13,53.74793243408203,55.303395967418965,53.57905136616637,55.285618834446716,18532800
2022-09-14,54.03235626220703,54.29011958755906,53.72126154141075,53.89902946891702,12881600
2022-09-15,53.298194885253906,54.07712276848715,53.145992706111,54.07712276848715,11451900
2022-09-16,53.30715560913086,53.53993644169663,52.922169165941185,53.41459265374875,20493500
2022-09-19,53.71004104614258,53.808522997205046,53.029598559228184,53.17284906983728,12596200
2022-09-20,53.62946319580078,53.745851889292254,53.11017795273437,53.432492460105024,11984600
2022-09-21,53.18180847167969,54.345719391927105,53.172853392897665,53.84434085635139,14165300
2022-09-22,53.05645751953125,53.477257393082745,53.00274071209003,53.31610014003586,11657600
2022-09-23,52.465545654296875,52.91320390532453,51.92835711920825,52.78786014149461,14824000
2022-09-26,51.81196975708008,52.43869204891978,51.65081249873953,52.36706849819161,18670100
2022-09-27,50.47795486450195,52.2596331270911,50.41528297076437,51.99999388819056,23829300
2022-09-28,51.01513671875,51.256872597612706,50.05714828142093,50.72863569536345,21480100
2022-09-29,50.6480598449707,51.29268889060177,50.13772965563338,51.113624887330715,14570700
2022-09-30,50.155635833740234,51.14943779613038,50.137729092078224,50.91665356988601,16124600
2022-10-03,50.719688415527344,50.89874900909619,50.191451467630685,50.460045773345854,16277600
2022-10-04,50.8360710144043,51.75824935429532,50.54957000065994,50.98827659909682,18861400
2022-10-05,50.35260009765625,50.71967971608994,49.699016064857446,50.58538087858634,14324900
2022-10-06,49.26927185058594,50.2272603480193,49.12602132990511,50.13773005335446,17192800
2022-10-07,48.8036994934082,49.322984687684894,48.57091871293468,49.2334544064323,11479800
2022-10-10,48.69628143310547,49.20661174874116,48.365015165056235,48.88429714615806,10239100
2022-10-11,48.776851654052734,49.439387491013264,48.561977566374,48.7589449108525,14303900
2022-10-12,49.367759704589844,50.173546058510176,49.278229405426245,49.44833833998187,18377400
2022-10-13,50.021339416503906,50.209358505436334,48.57987908840619,48.77684984092496,16220700
2022-10-14,49.224510192871094,50.55853353626417,49.18869670632155,50.39737626215327,15997900
2022-10-17,49.86017990112305,50.334700018491766,49.75274286612108,49.806463091302945,13721400
2022-10-18,50.53166580200195,50.83607357133649,50.227258032667415,50.41527710737526,11823100
2022-10-19,50.1019172668457,50.62120254614415,49.895994853960346,50.41528013325879,10182300
2022-10-20,49.31403350830078,50.066096075049515,49.20659307131267,49.931800651856385,16905100
2022-10-21,50.1019172668457,50.23621612607444,49.23346246734866,49.24241413079504,15034100
2022-10-24,51.54337692260742,51.6866274434766,50.6480603133346,50.71073220275475,17416700
2022-10-25,52.7789192199707,52.9221697528372,51.70453851579094,52.85949785816824,28829900
2022-10-26,53.1728515625,53.52202448501827,52.69833486424304,52.83263030309375,15831400
2022-10-27,53.298194885253906,53.5757442544319,53.16389944754459,53.51307236709521,16026100
2022-10-28,54.399436950683594,54.53373581136451,53.24448109334776,53.3340113902271,12888900
2022-10-31,53.58469009399414,54.229319054099406,53.42353285396782,54.175598835636855,14016400
2022-11-01,53.39667892456055,53.97863605288095,53.154943044274916,53.74585183540814,10659500
2022-11-02,52.653564453125,53.92491224033722,52.61775097353444,53.39667537014139,14549200
2022-11-03,52.62671661376953,52.823687388473,52.017900960470016,52.02685604042688,9194000
2022-11-04,53.05645751953125,53.351913621904416,52.42973866363958,53.0922710013998,9725900
2022-11-07,53.26237869262695,53.5130662131449,53.03854957348984,53.05645289750285,8849700
2022-11-08,53.360862731933594,53.530975054990336,52.76995397081765,53.49516157483508,10081600
2022-11-09,52.617759704589844,53.39668423044655,52.59985296182323,53.351919081211015,10115200
2022-11-10,54.506874084472656,54.650124599969025,53.43249351056908,53.94282368548499,16804800
2022-11-11,54.90081787109375,55.01720999436776,53.907015822023325,54.94558302147235,18972100
2022-11-14,54.37257385253906,55.25893874274686,54.354667111636104,54.900810755410824,16361000
2022-11-15,54.283042907714844,55.01720219906054,53.71899252985018,54.73070117879693,13295800
2022-11-16,54.18455505371094,54.64116496649013,53.97863266831159,54.42629091883924,14199500
2022-11-17,54.35466384887695,54.38152566629976,53.83538205530852,53.88909885943133,11212600
2022-11-18,54.73965072631836,54.945573113215886,54.4352429771304,54.605355299399854,10415600
2022-11-21,55.58125305175781,55.69764174417314,54.79337353162122,54.981389187395145,15399400
2022-11-22,55.8229866027832,55.95728545401751,55.554392315676246,55.93042704991531,12319600
2022-11-23,56.073673248291016,56.216923751413404,55.77821716446031,55.948329484979105,8990400
2022-11-25,56.12739181518555,56.23483225742282,55.84984587780967,56.163205295931306,5165500
2022-11-28,56.13633728027344,56.49446178032133,56.010993534488634,56.12738220393972,12267500
2022-11-29,55.93938064575195,56.01995927620451,55.49172234665148,55.97519412936682,10969600
2022-11-30,57.35499572753906,57.4181120953908,55.677895805572184,55.91232753765233,30433900
2022-12-01,57.51729965209961,57.805832620772215,57.19269920244686,57.354999427273235,12001400
2022-12-02,58.02222442626953,58.17550604467651,57.16564420183726,57.35499329736962,13643500
2022-12-05,57.228759765625,57.52630784878293,57.03940723316026,57.17465855069452,9185100
2022-12-06,57.20171356201172,57.59844896813939,57.012364448860374,57.27384852297466,10099500
2022-12-07,57.291873931884766,57.45417413086559,57.030389895795246,57.21072383239436,12307600
2022-12-08,57.53532791137695,57.5713919493371,57.1205587987876,57.34597537406235,9946200
2022-12-09,56.931209564208984,57.562376661377904,56.88612693717919,57.35499382537371,13914900
2022-12-12,57.679588317871094,57.71565579162328,56.81398614573665,57.07547017106459,11647900
2022-12-13,57.6976318359375,58.33781068585528,57.526313026363596,58.238626836014426,17521600
2022-12-14,57.6976318359375,58.292731495398414,57.31893017650736,57.87796579568594,12826700
2022-12-15,56.90415954589844,57.607458144432044,56.34512741474567,57.33695894804096,12212300
2022-12-16,56.57956314086914,56.9312124650367,56.20086492702228,56.57956314086914,33631500
2022-12-19,56.66071319580078,57.17466273672545,56.32709761159693,56.6516980457776,10919700
2022-12-20,56.615623474121094,56.940223867638174,56.57955599937837,56.64267236038628,10286500
2022-12-21,57.52631378173828,57.751733814071954,56.868097743660044,56.868097743660044,10411300
2022-12-22,57.111541748046875,57.33695831581789,56.48939325924907,57.18367326114999,9666700
2022-12-23,57.54434585571289,57.589428485040564,56.98531368496465,57.25581290051482,6463300
2022-12-27,57.89598846435547,57.96812341457991,57.44515534420397,57.64352301773743,7320700
2022-12-28,57.31892395019531,58.292725163306464,57.2467924378818,58.1214063723422,7159400
2022-12-29,57.66155242919922,57.841886351646906,57.43613588603549,57.52630112746759,7169300
2022-12-30,57.35499572753906,57.63451008814416,56.95826034151778,57.63451008814416,7650200
2023-01-03,56.7598876953125,57.30990462490737,56.06560431201927,57.30990462490737,12180500
2023-01-04,56.73284149169922,57.102527973746,56.36315844923638,56.94022776587608,13387900
2023-01-05,56.083648681640625,56.62464712568208,55.97544968074918,56.44431316447352,9814700
2023-01-06,57.165645599365234,57.409092476953276,56.42627949813927,56.723827592738004,9990000
2023-01-09,56.45332717895508,57.45417731494208,56.42627829082049,57.07547568313816,9442600
2023-01-10,56.02052688598633,56.56152527763614,55.831174353283394,56.44430769826459,10134600
2023-01-11,55.912322998046875,56.40824219030906,55.37132462050387,56.2459419891294,10823000
2023-01-12,55.19099807739258,56.065615563222195,54.97460007321024,56.00249919203699,13907300
2023-01-13,55.389366149902344,55.416415040709275,54.63196625104959,54.73115010345407,13986400
2023-01-17,55.614776611328125,56.24594369735309,55.506577620450216,55.65985923756193,18327800
2023-01-18,53.92866134643555,55.533626221233845,53.8114437671664,55.46149126796548,19679400
2023-01-19,53.84751510620117,54.67704649078504,53.8384965166038,53.85653025621442,14894500
2023-01-20,54.172115325927734,54.18113047590535,53.55898193992627,53.847514893387654,14237700
2023-01-23,54.3073616027832,54.613928286693664,54.14506139132566,54.35244423050273,12613400
2023-01-24,54.59589385986328,55.768059363723765,53.91964413383793,54.172113037137834,10103300
2023-01-25,54.93852233886719,54.94753748753208,54.00078865687199,54.280306419654295,11265800
2023-01-26,54.83032989501953,55.09181051248415,54.6139284658383,54.83032989501953,11884800
2023-01-27,54.541805267333984,54.96558616141931,54.4336028164494,54.85738715011929,14087000
2023-01-30,54.677040100097656,55.15492210537955,54.51473990215593,54.58687485216725,15632000
2023-01-31,55.290184020996094,55.30821776195763,54.55983299018388,54.98361730381886,14344400
2023-02-01,55.2991943359375,55.524610904847236,54.65900866615009,55.12787554223242,12535400
2023-02-02,54.352439880371094,55.01967441180334,54.01882433444685,54.821306738213046,16947200
2023-02-03,53.94668960571289,54.478669353909595,53.40568782989812,54.41555299600207,15404400
2023-02-06,54.25326156616211,54.40654663124438,53.847514468274404,53.91063083637178,11330900
2023-02-07,54.1630973815918,54.31638244971025,53.68521531665057,53.802429465676504,14922700
2023-02-08,53.84751510620117,54.027845623139136,53.73029751852419,54.027845623139136,11012000
2023-02-09,53.75733947753906,54.38850652420179,53.739305740253414,54.23522491664936,12515300
2023-02-10,53.75733947753906,54.00980835995436,53.09010839588874,53.84750816396727,14420700
2023-02-13,54.64097213745117,54.78523859660257,53.85652348078943,54.00980852840362,16191800
2023-02-14,53.73030090332031,54.91148512534506,53.70325201199247,54.28933310812991,20505700
2023-02-15,53.73030090332031,54.03686761684513,53.405700449048815,54.009818725517285,13171400
2023-02-16,53.39668273925781,53.937681177391624,53.153232410222344,53.405697889406895,16538300
2023-02-17,54.20817565917969,54.307359500072806,53.54094453976325,53.64914353001761,16814700
2023-02-21,53.919647216796875,54.307364023719906,53.84751569714691,54.09096602518585,14278300
2023-02-22,54.08194351196289,54.42457766429932,53.874560678586185,53.96472593150339,12409600
2023-02-23,54.18112564086914,54.47867371775543,53.92866018901607,54.10899068914894,12222800
2023-02-24,53.955711364746094,54.018827730386555,53.54996084306889,53.8114448947702,9736200
2023-02-27,53.93767166137695,54.37047102344372,53.865540154157614,54.26227204282293,8849800
2023-02-28,53.65815734863281,53.82947613850265,53.32454179719841,53.82947613850265,16082200
2023-03-01,53.072086334228516,53.3606193151074,52.63026827249147,53.315536681767156,13275800
2023-03-02,53.84751510620117,53.901612885448905,53.01798028203317,53.05404776125442,11758300
2023-03-03,53.59504318237305,53.811444605967466,53.3876603478697,53.69422702487116,13101800
2023-03-06,54.42457962036133,54.4426133595097,53.39668056599246,53.43274460470516,16282700
2023-03-07,54.1089973449707,54.61393175037146,53.87456560221078,54.54180022936234,13961200
2023-03-08,54.136043548583984,54.39752759176722,53.85652576729323,54.136043548583984,10851600
2023-03-09,53.613075256347656,54.58687647291123,53.45077505358706,54.58687647291123,13900900
2023-03-10,53.38766098022461,54.22621091726135,53.189296732462786,53.829478982153724,13745800
2023-03-13,53.92866134643555,54.884425400154136,53.42372699230867,53.45979446894285,21956000
2023-03-14,54.12702560424805,54.51474237921674,53.51389225962703,54.09997671655661,19496900
2023-03-15,54.487701416015625,54.53278404858597,53.41471962667027,53.58603500627131,21089900
2023-03-16,54.78752517700195,54.82386930957718,54.24237705224263,54.596723679932914,15658300
2023-03-17,54.53312683105469,54.832957279951124,54.18786448041464,54.79661661091071,27351200
2023-03-20,55.060096740722656,55.060096740722656,54.48769227549159,54.66032169843899,12904100
2023-03-21,54.80569076538086,55.19638147946761,54.405915752207676,55.03283636817702,13716500
2023-03-22,54.56037902832031,55.3054164091885,54.542206962205576,54.878384986377405,10494200
2023-03-23,54.4422607421875,54.86929561849909,54.260547018279446,54.596721566669885,15479000
2023-03-24,55.332679748535156,55.441708686167026,54.433181481661755,54.742099693258254,12975600
2023-03-27,55.74153518676758,55.85965188265828,55.37810426505593,55.55073369292142,12777400
2023-03-28,55.805137634277344,56.09588723415811,55.66885233361202,55.77788126733774,10925700
2023-03-29,56.204917907714844,56.286690477032245,55.959600199762654,56.0777169034361,9441000
2023-03-30,56.19582748413086,56.4138888139895,56.02319805305291,56.223087316592725,9870700
2023-03-31,56.359375,56.55926427199856,56.21400192926488,56.38663483361542,14440900
2023-04-03,56.695552825927734,56.80458176207137,56.2049174143303,56.60469249083522,12300700
2023-04-04,56.52292251586914,57.004473649037664,56.40480927378016,56.68646766057279,11433400
2023-04-05,57.05898666381836,57.25887594519777,56.78641257664398,56.81366894557115,12789600
2023-04-06,57.0953254699707,57.27704266644656,56.677378344253306,57.113497536215014,9644200
2023-04-10,56.959041595458984,56.959041595458984,56.350292920872505,56.777327849352154,7952600
2023-04-11,56.85909652709961,56.97720976078575,56.69555139403095,56.92269702707439,9913000
2023-04-12,56.959041595458984,57.26795981619516,56.61378270508197,56.768240082466285,9593700
2023-04-13,57.37698745727539,57.386071757439176,56.768235367284454,57.022637363477365,9871400
2023-04-14,57.2861213684082,57.3769816907506,57.040803697034086,57.2861213684082,8946000
2023-04-17,57.658653259277344,57.722253766531566,57.36790709298156,57.5314522447689,9452400
2023-04-18,57.749507904052734,57.785848571778025,57.413329866346785,57.70407600395325,9035700
2023-04-19,57.85853576660156,57.994824532438834,57.63139013418431,57.90396419989156,9769500
2023-04-20,58.11293411254883,58.14927824328298,57.64047081090611,57.81310369890978,10706400
2023-04-21,58.19471740722656,58.39459975332511,57.96756829475456,58.14928550515166,12931100
2023-04-24,58.10384750366211,59.048770603426966,57.80401363597211,58.83071275962236,15532300
2023-04-25,58.01298904418945,58.3037351559142,57.8131032586081,58.3037351559142,12818900
2023-04-26,57.74041748046875,57.94030674061217,57.5950444183555,57.749505246457375,13179600
2023-04-27,57.85853576660156,57.931220566672096,57.3406440019676,57.72224700076429,13795800
2023-04-28,58.28556823730469,58.29465600316459,57.67681616547543,57.79493285988418,13687600
2023-05-01,58.42185592651367,58.776202537277115,58.20379114147912,58.28556716885062,9091500
2023-05-02,58.15837097167969,58.27648420769382,57.48601835959349,58.27648420769382,10948400
2023-05-03,57.83127975463867,58.31282738920821,57.76767925444901,58.16745085624063,11084600
2023-05-04,57.8948860168457,58.08568753640431,57.70408103131944,57.91305808527523,11938300
2023-05-05,58.167449951171875,58.34008284840112,57.813106788462456,57.82219108864793,9039000
2023-05-08,58.076595306396484,58.20379630966099,57.79493693230149,57.976654136665374,7240700
2023-05-09,57.59504699707031,57.922137267961816,57.49510236252376,57.82219263341526,9067700
2023-05-10,57.69499206542969,57.82219306818451,57.23161648882747,57.53144692875423,10134000
2023-05-11,58.02207946777344,58.085679966003816,57.249782257027505,57.767677474851915,9581500
2023-05-12,58.249229431152344,58.32191770080843,57.876710714083586,58.022083787428286,8740800
2023-05-15,58.09476089477539,58.37642270342721,57.88578734614998,58.34916633890081,8150000
2023-05-16,57.440589904785156,58.05842631589771,57.38607370405145,58.05842631589771,9129600
2023-05-17,57.37698745727539,57.62230168733727,56.99538099701877,57.60413308700971,11583000
2023-05-18,57.05898666381836,57.277048013138405,56.85001308145242,57.24978817824367,13595100
2023-05-19,57.08624267578125,57.331556911632774,56.88635340778796,57.277044177429026,14251400
2023-05-22,55.88691329956055,57.12258617018489,55.82331279586378,57.04990136566037,15055400
2023-05-23,55.786964416503906,56.032278630591875,55.57798740070493,55.88690557566673,13932700
2023-05-24,55.31450271606445,55.814222390152175,55.16912965694862,55.768793959047315,11090100
2023-05-25,54.88747024536133,55.178216376342185,54.651240313677114,54.94198644465797,14463600
2023-05-26,54.75117874145508,55.09644105446258,54.61489344898137,54.92381163094238,12570300
2023-05-30,54.3150634765625,54.696669948085706,54.07883353968993,54.59672531349707,15634200
2023-05-31,54.20603561401367,54.76935583306081,53.942545838697264,54.44226555556008,59432200
2023-06-01,54.514949798583984,54.66940715934907,54.305976240272145,54.460433601037224,13402700
2023-06-02,55.56890869140625,55.714281760956034,54.587641338437074,54.760270775412636,15259800
2023-06-05,55.19639205932617,55.823312795461575,55.01467484906493,55.42353770566085,12915600
2023-06-06,54.79661178588867,55.41444816275045,54.6239788927858,55.37810403094278,10943500
2023-06-07,54.71484375,54.84204475588567,54.35140933378312,54.52403877520403,16817900
2023-06-08,54.85111999511719,54.88746412392826,54.49677340412643,54.63306215418452,15585900
2023-06-09,54.941986083984375,55.12369981517907,54.66940855525783,54.76026888682243,12581500
2023-06-12,54.70575714111328,55.10553570060631,54.53312769603881,55.05101949722975,14208900
2023-06-13,54.92381286621094,55.12369865952801,54.55129417952395,54.70575154099474,13397800
2023-06-14,55.29633712768555,55.49622640712195,55.06010371272116,55.17822042020335,14099700
2023-06-15,56.05620193481445,56.120286812452505,55.24140549710453,55.48859152186438,15271400
2023-06-16,56.459014892578125,56.916765959295425,56.2850707444764,56.39493002262678,26738000
2023-06-20,56.08366394042969,56.724516186959065,56.06535696947962,56.385781346562425,13971800
2023-06-21,56.23929977416992,56.504796247262924,55.82732309046763,56.129440489303875,13948700
2023-06-22,56.623809814453125,56.85268536502466,56.38578077849877,56.58719238055813,15193400
2023-06-23,56.02873992919922,56.733677100042044,56.0104294646153,56.70620965698415,25112100
2023-06-26,56.047054290771484,56.11113917508906,55.28718567334274,56.03789731166082,12856100
2023-06-27,55.92803192138672,56.175217945005606,55.827326116316364,56.04704819032112,9068500
2023-06-28,55.40619659423828,55.88225818336625,55.29633730208997,55.73577796304718,11173200
2023-06-29,54.94844055175781,55.25055445121994,54.71956500971902,55.13154168386157,17142300
2023-06-30,55.13154220581055,55.25055497429565,54.81111434850446,54.93013060935322,19739200
2023-07-03,55.46112823486328,55.50690264909974,54.95759920117037,55.11323640041107,9694500
2023-07-05,55.873104095458984,55.937188976890944,55.07661807454454,55.18647737237588,14716600
2023-07-06,55.442813873291016,55.863944042445034,55.38788248465035,55.59844756922736,12603900
2023-07-07,54.710411071777344,55.38788425048952,54.682947122763274,55.21394008612739,14574000
2023-07-10,54.29843521118164,55.06745717723433,54.14279802553244,54.90266650648278,15480600
2023-07-11,54.49068832397461,54.52730924809945,53.86814658330653,54.43575693778735,15967700
2023-07-12,54.78364944458008,54.97590406018999,54.426604160629225,54.70125411040961,14241300
2023-07-13,55.25056076049805,55.351266569273285,54.91182589746098,55.03999565686073,11269800
2023-07-14,55.75408935546875,55.88225911383654,55.0125312633014,55.05830567809504,11634200
2023-07-17,55.671688079833984,55.93718105429327,55.3787276655341,55.62591017755419,10014300
2023-07-18,55.45197296142578,56.07451479280028,55.30549273594732,55.80901829275679,11152900
2023-07-19,56.431556701660156,56.568883432626876,55.5526754020919,55.63507074219917,12936000
2023-07-20,57.11818313598633,57.13649359953056,56.459020417849196,56.468177395803224,11563000
2023-07-21,57.16395568847656,57.383677751493515,56.980858043720104,57.182266151424955,12815100
2023-07-24,57.18227005004883,57.502697934946475,57.12734214982245,57.145649121655275,10251100
2023-07-25,56.990013122558594,57.118182874417464,56.806911980318574,57.035787535027644,13422700
2023-07-26,57.722412109375,57.83227139379615,56.20267862082169,56.63296576565307,17145500
2023-07-27,57.16395568847656,57.92382418519798,57.10902779199511,57.72241258512942,11517100
2023-07-28,57.20057678222656,57.46607325721172,56.96254774792645,57.30128258255636,9721800
2023-07-31,56.69705581665039,57.17311741576598,56.513954664319165,57.17311741576598,15577900
2023-08-01,56.550567626953125,57.09071402943936,56.41324090895898,56.843528032468015,9281600
2023-08-02,56.72451400756836,57.30128135652142,56.358315232452426,56.358315232452426,11059400
2023-08-03,56.431556701660156,56.87099735144428,56.330850897933075,56.64212179474231,8037400
2023-08-04,55.580135345458984,56.66042817462042,55.49774001129028,56.46817355901464,9359300
2023-08-07,56.01957702636719,56.147750264899656,55.60760384007135,55.653378250508254,6982600
2023-08-08,55.77239227294922,56.16605849781094,55.49774231178991,56.019578285701726,7956100
2023-08-09,55.900569915771484,56.42240593077078,55.61676295455481,55.76324317819735,7904100
2023-08-10,55.77239227294922,56.51395031120673,55.65337950161055,56.16605849781094,7870300
2023-08-11,56.00127029418945,56.02873773617224,55.561829638467636,55.6991563712899,8483900
2023-08-14,55.735774993896484,56.28507491773976,55.61675872986373,56.13859470522397,7176300
2023-08-15,55.360416412353516,55.75408261826423,55.268864101465226,55.56182451158061,7187400
2023-08-16,55.369571685791016,55.68084256813863,55.29633332707823,55.42450307409837,8372300
2023-08-17,55.48858642578125,55.86394217134444,55.34210622000936,55.46112247856264,12873500
2023-08-18,55.799861907958984,55.92803166204915,55.2688689354553,55.42450613139613,11083800
2023-08-21,55.323795318603516,55.78154639455266,55.22308952311653,55.71746152330887,8648500
2023-08-22,54.98506546020508,55.46112704121908,54.911823605111906,55.241404968303435,9411500
2023-08-23,55.17732238769531,55.33295609769979,55.07661657893288,55.11323750800358,7749500
2023-08-24,55.03083801269531,55.73577512849359,55.012527549541154,55.17731822556484,8955100
2023-08-25,55.28718566894531,55.45197636928147,54.939293802417396,55.30549613480091,7629200
2023-08-28,55.442813873291016,55.59844756922736,55.26886622211075,55.43365689566905,6254300
2023-08-29,55.387882232666016,55.506898494664156,55.06745786462912,55.44281362105678,8189600
2023-08-30,55.360416412353516,55.607602413206536,55.195625745118164,55.51605010231825,9447900
2023-08-31,54.77449417114258,55.36041497617317,54.75618370943994,55.204777797882464,14663500
2023-09-01,54.29843521118164,55.04914671466598,54.124487562964084,54.93013045415349,11262300
2023-09-05,53.84984588623047,54.30759704370768,53.71251914204163,54.243512161050006,12474600
2023-09-06,53.8132209777832,53.85899888403853,53.48363960998282,53.66674075791236,13923500
2023-09-07,53.401248931884766,54.16111399777056,53.37378148905622,53.968859359790734,17628600
2023-09-08,53.401248931884766,53.47448729724489,53.10828499335227,53.37378148905622,14312300
2023-09-11,53.90476608276367,54.005471875263616,53.30968830473496,53.46532548197037,14767400
2023-09-12,53.373779296875,54.01463155618385,53.27307349282254,54.00547807052629,12292700
2023-09-13,53.501949310302734,53.72167138315455,53.41040048382673,53.46533187513065,12641400
2023-09-14,53.94487762451172,54.06483814145252,53.695730483206134,53.74187158054057,12311600
2023-09-15,53.46503829956055,54.11097493206553,53.28971410048166,53.898739263684305,55727500
2023-09-18,53.79723358154297,53.84337115736193,53.17898232141183,53.50194887221595,13617400
2023-09-19,53.68650436401367,53.88028430051837,53.446583330184666,53.760323783603866,11998900
2023-09-20,53.92641830444336,54.28629983134004,53.59422565819233,53.79723168866719,14766600
2023-09-21,53.09593963623047,53.90797092410138,52.98520521691658,53.861833342756505,15941800
2023-09-22,53.15129852294922,53.492724338207324,53.05902336859765,53.38198992889964,14644100
2023-09-25,52.59764099121094,53.04979769944054,52.35772347587198,52.96674865180945,12358800
2023-09-26,52.163936614990234,52.505362410795236,52.043979625182175,52.348490433249715,11194700
2023-09-27,51.62873458862305,52.16393679130613,51.37958746114131,52.06243201491676,13766300
2023-09-28,51.499549865722656,51.97015877711759,51.39804508559966,51.887109731568906,12484800
2023-09-29,51.65641403198242,51.92401688093979,51.32421787742447,51.80405637622249,12271600
2023-10-02,51.19503402709961,51.68409865875608,50.82592990662974,51.59182350865645,11792500
2023-10-03,50.64137649536133,51.14889686515095,50.54909782444508,50.89974973378411,13604200
2023-10-04,50.78901672363281,51.01047848442265,50.484502402457764,50.650600483085746,12100500
2023-10-05,48.33446502685547,50.705972431121744,48.20527840095327,50.51219249226844,29878100
2023-10-06,49.035762786865234,49.17417903310439,47.568565361029975,48.02072204801602,30298900
2023-10-09,48.79584884643555,49.0449959958188,48.08531886932143,48.86966826843524,15704700
2023-10-10,49.857025146484375,50.133857647566025,49.423327700261304,49.94930382020208,20909700
2023-10-11,49.561744689941406,50.08772085508324,48.92503762689386,50.03235716616628,21138900
2023-10-12,48.73124313354492,49.67246428505104,48.38059128806522,49.60786746713809,19330400
2023-10-13,48.805076599121094,49.29414128657668,48.574385177480266,48.66666385817964,14494600
2023-10-16,49.30336380004883,49.42332430761146,48.758931982736875,48.925030063955525,12816800
2023-10-17,49.89393615722656,49.92161799905162,49.100357170908126,49.19263584377739,16457200
2023-10-18,49.87548065185547,50.31840772344906,49.75552013660987,49.9216182284664,12809500
2023-10-19,50.152305603027344,50.53063933296107,49.700152460460075,49.97698141796041,16202200
2023-10-20,50.35531997680664,50.770565212913404,50.235359459693235,50.318408506914594,15686400
2023-10-23,49.903167724609375,50.65060564351523,49.875482361636564,50.17999671383642,21212700
2023-10-24,51.34267044067383,51.83173501576189,51.02893003852446,51.351900066659034,25290800
2023-10-25,51.785606384277344,51.87788505970212,51.26885988218474,51.45341019289122,16701000
2023-10-26,51.47187042236328,52.256223391639594,51.416506732345745,52.01630233465744,16228400
2023-10-27,50.973575592041016,51.80406255745804,50.84438544535379,51.259630688098085,13626500
2023-10-30,51.813289642333984,51.93324663540635,51.13966765934536,51.14889728654872,15014300
2023-10-31,52.12702178955078,52.33925742052103,51.81328139592719,52.200841195071774,16639400
2023-11-01,52.08089065551758,52.48690978373554,51.91479256125959,52.41308684403354,14110800
2023-11-02,52.680686950683594,52.73605415254919,52.00706850163983,52.13625511925489,13087200
2023-11-03,52.35771560668945,53.142064867486916,52.32080414216296,52.966740691092575,13958700
2023-11-06,52.56996154785156,52.856016653802286,52.35772586534655,52.394633817033565,12673200
2023-11-07,52.763736724853516,52.96674628110347,52.348491505283775,52.523815700181494,10449300
2023-11-08,52.680686950683594,53.031338855689704,52.52381497210007,52.89292261106138,13744000
2023-11-09,52.28390121459961,52.72682830102605,52.0162983331946,52.62532351703991,12021100
2023-11-10,52.33926010131836,52.53304001081599,51.730235014275095,52.47767281378623,11678900
2023-11-13,52.533050537109375,52.68991901335296,52.228536172535264,52.246991908576575,12798200
2023-11-14,52.68991470336914,52.81910484509071,52.42231535283875,52.61609528531396,12697100
2023-11-15,52.79142379760742,52.91138432183116,52.366952428904,52.874472849751285,10201900
2023-11-16,52.736061096191406,53.086709527295305,52.42232061778617,52.828336258045745,16010400
2023-11-17,52.83755874633789,52.91138168682123,52.32081224324071,52.77296543345074,14475800
2023-11-20,52.966739654541016,53.132837721588714,52.560720592837335,52.643769626361184,13051000
2023-11-21,53.54808807373047,53.55731770121731,52.902154952512,53.022111949268854,13891600
2023-11-22,53.907962799072266,54.01869720169622,53.64036345957594,53.760320448978284,11320600
2023-11-24,54.04637908935547,54.21247717336467,53.834143430915105,53.94487431356414,4816000
2023-11-27,53.94487762451172,54.15711329597836,53.769553422884016,54.0187005641896,16246500
2023-11-28,54.05561065673828,54.28630205724657,53.852601097868124,53.88951256676659,13739600
2023-11-29,53.732643127441406,54.13865874432922,53.61268260787872,54.0556132154838,11263600
2023-11-30,54.35581588745117,54.374418577824436,53.57452063227588,53.909361962793916,22727500
2023-12-01,54.54184341430664,54.58834836974619,54.16980022268953,54.19770248633313,15371200
2023-12-04,54.47673416137695,54.8394777704546,54.355818442317556,54.4953368526246,14942200
2023-12-05,54.5604362487793,54.718557326427174,54.33720753565878,54.45812323643656,11891500
2023-12-06,54.50463104248047,54.62554674960081,54.14188746921966,54.467429211759004,14868500
2023-12-07,54.634849548339844,54.77436439595362,54.30930780770731,54.56973836173319,11587900
2023-12-08,54.51393508911133,54.64415036910336,54.290706360481934,54.63485079828976,11178700
2023-12-11,54.91388702392578,54.96039197671455,54.41162501836598,54.71856409335268,14524800
2023-12-12,55.26732635498047,55.26732635498047,54.78367059830855,55.06270385734247,12899000
2023-12-13,55.74169158935547,55.82540193013643,55.11851381951929,55.29523762122395,16196800
2023-12-14,54.91388702392578,55.84400027210298,54.66275602114588,55.77889262857861,22478300
2023-12-15,54.50463104248047,55.034795272338606,53.76054120654801,54.718560196655,65177400
2023-12-18,54.89528274536133,55.33243709475221,54.523236037611596,54.69065670128894,16717700
2023-12-19,54.71855926513672,55.062700143128104,54.54183549279237,54.87667680028676,14612200
2023-12-20,53.583824157714844,54.56974191826923,53.546618776686266,54.411624371048404,17701000
2023-12-21,53.93727111816406,54.01167833617226,53.45361178275861,53.80705227747364,11725100
2023-12-22,54.24420166015625,54.37441694074828,53.965168409159,54.05817831012465,9029400
2023-12-26,54.46743392944336,54.60694878995837,54.00237729819227,54.00237729819227,6422500
2023-12-27,54.6069450378418,54.66275310707346,54.31861221706219,54.54183739778831,8560100
2023-12-28,54.64414978027344,54.755762369335294,54.439523743576515,54.5511398807386,8400100
2023-12-29,54.81156921386719,54.85807416259606,54.53253597339379,54.63484898945741,9244300
2024-01-02,55.63936996459961,55.695178032535985,54.56973839180362,54.690654098282344,16322600
2024-01-03,55.76958084106445,55.992809547095426,55.58355751072197,55.741678583348055,14830600
2024-01-04,55.583560943603516,56.04861752413203,55.49055104673787,55.85329461185409,12912900
2024-01-05,55.499855041503906,55.76028916006917,54.9603912100981,55.62077075554848,10412800
2024-01-08,55.90910720825195,55.97421485095256,55.26732680434535,55.50915823274797,11554600
2024-01-09,55.806793212890625,55.937008496024646,55.453349195740884,55.79749364185263,10493700
2024-01-10,55.99281692504883,56.18813985100042,55.788190879899325,56.01141961534427,12258000
2024-01-11,55.630069732666016,56.04861781886249,55.518453598120146,56.03931824836708,13754200
2024-01-12,56.1695442199707,56.23465187013716,55.68588485580505,55.88121135440523,13218000
2024-01-16,55.797489166259766,56.20673767301179,55.66727034547042,56.1695322956434,11826900
2024-01-17,55.797489166259766,56.00211164558574,55.639368086494166,55.67657346386255,8982100
2024-01-18,55.95561218261719,56.02071982534359,55.36963984997917,55.51845782593958,10397700
2024-01-19,55.6486701965332,56.0672182659932,55.47194643128564,56.04861557764609,14392600
2024-01-22,55.40684509277344,55.87190171000209,55.28592937882588,55.58356533000418,14314300
2024-01-23,55.66727066040039,55.80678905227111,55.30452709925664,55.36963473596962,14481600
2024-01-24,54.792972564697266,55.630075926493234,54.77436987353507,55.620772806861865,16370500
2024-01-25,55.02549743652344,55.034797007471944,54.560440830890855,54.88597903559353,14899700
2024-01-26,55.2208251953125,55.332441345071345,54.997599991996076,55.10921259365429,13025100
2024-01-29,55.55564880371094,55.61145686076507,55.0347842488376,55.19290530310787,14547100
2024-01-30,55.71377944946289,55.82539203468646,55.29522781974938,55.66727095319464,22061500
2024-01-31,55.33243942260742,56.22534730105129,55.14641606090649,55.89980553104953,22837000
2024-02-01,56.718299865722656,56.74620212502962,55.21151754544485,55.4068404567938,15870900
2024-02-02,56.30905532836914,56.615990846709316,56.02071895214624,56.569485895215394,17544900
2024-02-05,55.843997955322266,56.16023658850685,55.69517998371189,56.16023658850685,12759600
2024-02-06,55.75099182128906,55.85330485546578,55.509163916226555,55.769594513693995,12775200
2024-02-07,55.797489166259766,56.00211164558574,55.750980670499246,55.871896372896465,10259900
2024-02-08,55.6486701965332,55.77888546686298,55.258020837443866,55.70447471347453,12874800
2024-02-09,55.39754104614258,55.416143735100896,54.904578658997316,55.31383071988018,15235300
2024-02-12,55.527767181396484,55.58357171108611,54.83948174771764,55.490561796202854,13516800
2024-02-13,55.20221710205078,56.420666673602625,54.68135597987923,55.3417355015469,24195700
2024-02-14,55.14640808105469,55.42544130917888,54.9138797996012,55.03479195132501,15872500
2024-02-15,55.24872970581055,55.42544994994971,54.997598696917706,55.267328848898416,13695800
2024-02-16,55.239418029785156,55.453343623164876,54.839469101436116,55.202212653171294,13947100
2024-02-20,56.4578742980957,56.58808958381622,55.35103727327047,55.43474760667658,18339300
2024-02-21,56.960140228271484,56.99734206382934,56.57879391602317,56.727611902556646,14373000
2024-02-22,56.87642288208008,56.9694327816672,56.271847890463114,56.727604913880555,12982800
2024-02-23,56.922935485839844,57.313581374353014,56.73691211355232,56.82062245367667,13612900
2024-02-26,56.4671745300293,56.98803922710631,56.42066957717074,56.96013696501127,10336100
2024-02-27,56.12302780151367,56.532276311572836,55.918401772434045,56.309051141758786,9931100
2024-02-28,56.1788444519043,56.26255479040017,55.86260578959772,56.15093864033857,8076500
2024-02-29,55.82539367675781,56.402062856825424,55.713781088251224,56.13232918217597,18152700
2024-03-01,55.36963653564453,55.71378096728464,55.19291630855112,55.71378096728464,10927600
2024-03-04,55.630069732666016,55.76028500820271,55.08130282283268,55.0906023933281,10150200
2024-03-05,55.36033630371094,55.90910321593037,55.26732285785162,55.72307987231189,12310000
2024-03-06,55.388240814208984,55.80679246733405,55.23012327197302,55.36033855336741,12378800
2024-03-07,55.28593444824219,55.59287354684593,55.099914622774065,55.51846277817808,13686900
2024-03-08,55.36033630371094,55.61146728538087,54.84877476983523,55.15571027092059,13239000
2024-03-11,56.030025482177734,56.07653043650268,55.41615086002691,55.6021706773267,14114300
2024-03-12,56.2718505859375,56.504378894143855,56.002116896874035,56.1044299201809,12684600
2024-03-13,56.84851837158203,56.93222870236165,56.55088242838791,56.6252931882366,13909500
2024-03-14,56.72195053100586,57.003215686111446,56.62819667146417,56.79695647982361,13996600
2024-03-15,56.14067077636719,56.6750756634572,55.915656498206886,56.271927615093766,36849900
2024-03-18,56.375057220458984,56.628196934172514,56.06566304487116,56.15004294944234,15856700
2024-03-19,56.468814849853516,56.58132020463157,56.309432561958005,56.47819238236545,15030600
2024-03-20,56.956336975097656,57.01259143495167,56.40318063754778,56.421932124165785,15258800
2024-03-21,56.693824768066406,57.181352703185325,56.553190403068086,56.77820467176931,13067100
2024-03-22,56.712581634521484,56.9938468147165,56.65632716789016,56.740707079596746,11502800
2024-03-25,56.62820053100586,56.91883966128216,56.36568326873214,56.70320290845497,13144700
2024-03-26,56.75945281982422,56.918835094416046,56.60944450048114,56.72194984586834,13277400
2024-03-27,57.21885299682617,57.59387559170676,56.90946239605813,56.99384230108224,12551200
2024-03-28,57.3594856262207,57.43448799703618,57.19072582128536,57.32198265257276,13683500
2024-04-01,56.89071273803711,57.47199455996118,56.843835806289796,57.35948920847151,11668700
2024-04-02,56.39381408691406,56.937592964312216,56.35631110875396,56.67507927015316,13017300
2024-04-03,56.09379196166992,56.61881929894966,56.046911455286654,56.300051168538175,13672900
2024-04-04,55.59688949584961,56.393811653196266,55.475006610329636,56.33755718838381,14320700
2024-04-05,55.79377365112305,55.95315951002272,55.231243320080864,55.5500114613996,10157800
2024-04-08,55.56875991821289,55.75627121049239,55.38124862593339,55.69064279466663,10284500
2024-04-09,55.990665435791016,56.009416924677794,55.43750903131388,55.765651145630486,10779100
2024-04-10,55.24061584472656,55.68126685773183,55.02497910419733,55.61563844002643,11861900
2024-04-11,55.36249923706055,55.66251588548493,55.11873705139594,55.45625667499352,11109000
2024-04-12,54.64058303833008,55.32499624081759,54.49995224620502,55.26874535455979,12250900
2024-04-15,54.50931930541992,55.13748154217668,54.41556545586464,54.949970266586,12425000
2024-04-16,54.434326171875,54.73434283310394,54.31244328560052,54.61245994682946,11236800
2024-04-17,54.85622024536133,54.90310075294728,54.471823687928406,54.64058350109219,13805100
2024-04-18,55.23124694824219,55.29687537195891,54.884353340527966,54.95935572056956,11125900
2024-04-19,56.412559509277344,56.590696859433855,55.315624270122925,55.40937813490374,21207900
2024-04-22,56.768829345703125,56.84383529701134,55.99066227152375,56.38443278645005,15624500
2024-04-23,56.853206634521484,56.89070960844853,56.37505623463319,56.75007524446233,13689100
2024-04-24,57.706382751464844,57.80014019136908,56.10316808214901,56.55319306424746,19548300
2024-04-25,57.884517669677734,58.68143620477427,57.537620521311986,58.00639697171712,19048500
2024-04-26,57.884517669677734,58.06265143329871,57.51886903411812,57.70638032957627,10994300
2024-04-29,58.16577911376953,58.17515306852818,57.68762516203244,58.05327019778418,13409300
2024-04-30,57.91264343261719,58.90645080050707,57.63137827611416,58.25953700642157,19349200
2024-05-01,58.062652587890625,58.66268588410415,57.38761334141013,57.94076970694708,16729800
2024-05-02,58.11890411376953,58.50330064826232,57.86576440913081,58.29703787193142,10991300
2024-05-03,58.28766632080078,58.437678229145924,57.79076439209011,58.11891007687399,11628700
2024-05-06,58.456424713134766,58.484553733502665,58.034528748903455,58.409547781162466,9310700
2024-05-07,58.709564208984375,58.89707551262416,58.36267062196319,58.84082104858803,9807000
2024-05-08,58.925201416015625,59.03771034496545,58.578307826288686,58.925201416015625,10484400
2024-05-09,58.953330993652344,59.206470721460825,58.831448107711815,58.887702572718375,9113700
2024-05-10,59.30959701538086,59.40335445464424,58.86894956852512,58.99082887484659,8371700
2024-05-13,59.609619140625,59.64711854104253,59.234596524603866,59.29085098995125,10137600
2024-05-14,59.15958786010742,59.77837264465298,58.878322699219545,59.60961640930471,10852200
2024-05-15,59.187713623046875,59.43147579534236,59.06583074865895,59.12208520833346,9838900
2024-05-16,59.3658447265625,59.750241242618884,59.131456519784706,59.29084236016331,10228000
2024-05-17,59.093955993652344,59.41272411111998,59.00957609266149,59.38459866961648,11539000
2024-05-20,58.66268539428711,59.07520738786933,58.559554001771424,59.00020501470916,11000900
2024-05-21,58.98145294189453,59.04708135893849,58.54080193333035,58.897073037626505,9796200
2024-05-22,59.065834045410156,59.08458553301494,58.74706590908999,58.793942839861664,7419400
2024-05-23,58.21266174316406,58.95332941846389,58.17515876749507,58.58768434689275,9834300
2024-05-24,58.12828063964844,58.52205114662572,58.10015519671593,58.33454342510161,8203100
2024-05-28,57.95951843261719,58.2501611113311,57.56574794192129,57.93139299084759,12347000
2024-05-29,57.847015380859375,58.01577519112371,57.256356044934215,57.63137864029507,11861800
2024-05-30,58.10015869140625,58.203290090336125,57.7532615174638,57.98764975994779,9433800
2024-05-31,59.00020217895508,59.093956035019275,57.837635050765066,58.11890377191838,19816600
2024-06-03,59.00020217895508,59.15021049454601,58.55017723218227,58.793939403837406,9369000
2024-06-04,59.9471321105957,59.97526113005859,59.00957919539194,59.253344956174026,11895600
2024-06-05,59.928375244140625,60.06900959939053,59.39397041655934,59.994007232676076,9632500
2024-06-06,60.144020080566406,60.340905331587464,59.85337739347782,59.928379765851346,8658500
2024-06-07,59.919002532958984,60.20964520414962,59.82524867850022,60.0877587556887,9523100
2024-06-10,59.61899185180664,59.99401445999756,59.412729059653564,59.94713395161321,15685300
2024-06-11,59.581485748291016,59.67524318365779,59.13146078797187,59.61898872243773,8396000
2024-06-12,58.953330993652344,59.71274660059707,58.77519364270525,59.71274660059707,9569600
2024-06-13,59.056461334228516,59.10333826598794,58.55018188767326,58.934578450469516,9668900
2024-06-14,59.09897232055664,59.23124762278919,58.66435244058351,58.93835334048331,8179200
2024-06-17,59.16511154174805,59.42966575746534,58.74938863738055,58.92890460885547,10532700
2024-06-18,59.174564361572266,59.35408034070459,58.995044778208026,59.080079421845845,10651700
2024-06-20,58.749393463134766,59.278498333798964,58.532083499531275,58.95725673450857,13306300
2024-06-21,59.30683517456055,59.61862644142872,58.7493866872686,58.7493866872686,28278100
2024-06-24,60.44063186645508,60.52566290325324,59.439113161461144,59.51470111092414,13212500
2024-06-25,60.31780242919922,60.535112374598,60.006007548258516,60.41228376050938,10235300
2024-06-26,60.51622009277344,60.57290745089822,59.74145802416044,59.90208061538824,9402500
2024-06-27,60.38393783569336,60.724072778296055,60.109936939162196,60.5162167405313,8494100
2024-06-28,60.138282775878906,60.52565837307145,60.01545416931082,60.37448969392363,17358800
2024-07-01,59.788692474365234,60.752420713068325,59.637520194697025,60.497313211103375,10033400
2024-07-02,59.66586685180664,59.88317677629532,59.39186597144774,59.7697948645549,8878200
2024-07-03,59.835941314697266,60.15717927984855,59.458008784517816,59.70366240617225,9154200
2024-07-05,60.242210388183594,60.270557669036265,59.52414294800602,59.8359378077648,11735500
2024-07-08,59.486351013183594,60.08159347222972,59.37297269858535,60.08159347222972,11235100
2024-07-09,59.23124694824219,59.74145476895587,59.13676562036112,59.580835790711724,11657500
2024-07-10,59.363529205322266,59.391872884440765,58.853321355798315,59.25959757624533,11930400
2024-07-11,59.61862564086914,59.95876418505368,58.957249142989866,59.184005769625166,11431600
2024-07-12,60.18552780151367,60.57290703101903,59.89262990438258,59.95876755789093,9201500
2024-07-15,59.911521911621094,60.41227941919697,59.85483095436983,60.27055743241607,8207500
2024-07-16,60.72407150268555,60.76186547470246,59.892625743702695,59.93041971571961,9025100
2024-07-17,61.61221694946289,61.78228623345557,60.85635907163384,60.9130464301435,12508200
2024-07-18,61.59331512451172,62.1791036380635,61.149244987811045,61.224832927773434,11128200
2024-07-19,61.68780517578125,62.01849344933997,61.24373497623223,62.01849344933997,13775700
2024-07-22,61.19649124145508,61.68780571658994,60.77132163007557,61.650011740928505,11794200
2024-07-23,61.376007080078125,62.39642273530485,61.27207545546448,61.82007725643402,11810300
2024-07-24,62.17911148071289,62.33028737970549,61.25318432900588,61.49883435217343,13244600
2024-07-25,62.42476272583008,63.199521112709036,62.22634978377774,62.396419049603026,16328600
2024-07-26,63.3507080078125,63.40739537011911,62.36808621320092,62.42477357550753,13530100
2024-07-29,63.14284133911133,63.331804008947664,62.727114815314856,63.190078402338514,12140200
2024-07-30,63.94594192504883,64.08766752817043,62.698769592813235,62.81215151700324,13258000
2024-07-31,63.05780029296875,63.87980300804654,62.93497528387305,63.775871381710374,15576800
2024-08-01,64.21047973632812,64.35220531119009,63.01999499933463,63.303446149058566,16495900
2024-08-02,65.5049057006836,65.82614365631461,63.95538886048672,64.74904066272565,22514800
2024-08-05,64.34276580810547,65.71277031691635,63.99318416774193,65.18366189592649,25484300
2024-08-06,64.29551696777344,65.04192438078042,64.03095920151719,64.3899982800625,12969100
2024-08-07,64.68290710449219,65.36318423999721,64.08766821515714,64.29553147416853,13365300
2024-08-08,64.9380111694336,65.06083617572104,64.10655817775454,64.24828377483286,15240900
2024-08-09,64.8907699584961,64.9947015873531,64.48449373890874,64.9096633417139,12080400
2024-08-12,64.40890502929688,64.75849388664318,64.0876670591383,64.67345564200713,11012300
2024-08-13,64.68290710449219,64.82463270913301,64.2577374990334,64.32387515340396,9877600
2024-08-14,64.7962875366211,65.0891818265888,64.37111073249712,64.46559927238924,14328000
2024-08-15,64.86243438720703,65.1175347390848,64.72070876573514,64.83409070460556,11285100
2024-08-16,65.3631820678711,65.47656398950862,64.85297423319737,65.0419368941298,12651200
2024-08-19,65.17422485351562,65.58994418400113,65.05139262602741,65.52380652630134,9843900
2024-08-20,65.5521469116211,65.56159720752144,64.97580140558298,65.18366466460836,11957400
2024-08-21,65.73167419433594,66.26077549134006,65.50491752540053,65.64664314665936,8792400
2024-08-22,65.5049057006836,66.06235057961857,64.99469788133146,66.06235057961857,12509200
2024-08-23,65.93952941894531,65.996216777135,65.13642727458216,65.571047173785,11834700
2024-08-26,66.93159484863281,67.00718279922728,65.88284267010532,65.97732400411655,12912200
2024-08-27,67.55517578125,67.58351945689509,67.13000622964823,67.38510651891674,16988400
2024-08-28,67.79138946533203,67.8480768222881,67.36621987123452,67.65911416012554,13272600
2024-08-29,68.07484436035156,68.23546335275027,67.30008586990994,67.93311875180875,17201700
2024-08-30,68.47166442871094,68.56614575682006,67.81973101037035,68.21655691350666,18624200
2024-09-03,68.98188018798828,69.24643082051942,68.26380903650082,68.44332862648871,14755800
2024-09-04,68.55669403076172,69.47317803206711,67.94256180663702,69.25587170279739,18140800
2024-09-05,67.24339294433594,68.67008494385375,67.0638805636954,68.61339758243717,23866100
2024-09-06,67.21505737304688,67.71581501521334,66.9788503940276,67.07333174394232,17485700
2024-09-09,67.88587188720703,68.32049178393522,67.06387636428217,67.3000833000125,12939300
2024-09-10,67.60243225097656,68.42442782693487,67.57408136175034,67.99925819857465,10277600
2024-09-11,67.15835571289062,67.43235661525893,66.67649155986614,67.42290631973908,11418200
2024-09-12,67.30007934570312,67.44179773204357,66.76152785221983,67.08276580587578,12337800
2024-09-13,67.93270111083984,67.989777094684,67.04798707184564,67.39045023279252,11073800
2024-09-16,68.5890884399414,68.7222705581294,68.13246610840575,68.27515605083495,10786500
2024-09-17,68.3037109375,68.82692440197533,68.22760478554217,68.39883999850623,12974400
2024-09-18,68.25614166259766,68.8554612692366,67.79951201619512,68.3893237974063,10719700
2024-09-19,67.1811752319336,68.43689779431168,67.16214506369064,68.07539717652173,13635600
2024-09-20,68.15149688720703,68.30370918722227,66.9528504271738,66.98139567683812,48578500
2024-09-23,68.23710632324219,68.68421354700432,67.71388570474939,68.06587114427006,11613000
2024-09-24,67.85660552978516,68.32274307217578,67.16214950069116,67.75196137118355,13330600
2024-09-25,67.97074127197266,68.41785579589721,67.83755914883106,68.2180826111848,12329100
2024-09-26,67.92318725585938,68.12296046080847,67.39045145144634,67.40948161832651,10815200
2024-09-27,68.294189453125,68.68422074405929,67.98025704913401,68.05636319395876,11175700
2024-09-30,68.36078643798828,68.68422669469336,68.19906630963574,68.49396857402944,18015300
2024-10-01,68.21807861328125,69.20743665426735,68.14197247369441,68.58908697141592,13294500
2024-10-02,67.55217742919922,67.9517238307625,66.9813958186971,67.91367075567811,11155500
2024-10-03,67.08602905273438,67.53314358829654,66.7816117265042,67.40947654441231,9374800
2024-10-04,66.7530746459961,66.85771878374031,66.3249902700473,66.55330145336121,12684800
2024-10-07,65.64956665039062,66.68648572035055,65.51638451769635,66.63892482032081,14512000
2024-10-08,65.81128692626953,66.05862828379229,65.50686958542688,65.67810479326849,13549700
2024-10-09,66.18229675292969,66.34401688105886,65.70664419404478,65.8208034210147,9037700
2024-10-10,65.87787628173828,66.50574111347743,65.63053493063967,66.42963496577298,8635200
2024-10-11,66.18229675292969,66.20131966181698,65.64005312611619,66.07765260934444,8786300
2024-10-14,66.91478729248047,67.03846158212066,66.08715662368644,66.18228566795369,7659300
2024-10-15,66.91478729248047,67.74242521915535,66.74355936752792,67.02894650032968,10358700
2024-10-16,67.13359832763672,67.25726537358256,66.562816738675,66.67696870173833,7937300
2024-10-17,66.49622344970703,67.24775529888633,66.19180612858592,67.19067206138263,14674600
2024-10-18,67.00993347167969,67.11457761316214,66.22034849790556,66.46768985576243,15087500
2024-10-21,66.06814575195312,66.9052990048671,65.93496359951371,66.59136653502436,11981200
2024-10-22,66.06814575195312,66.3535402259707,65.33564391353636,65.64006129880973,18603300
2024-10-23,64.69825744628906,65.35465298491465,63.33789095626586,63.727922246419446,24655200
2024-10-24,64.02283477783203,64.72679850472265,63.689872193575084,64.3557901042072,17568800
2024-10-25,63.661338806152344,64.40335566084268,63.537671749664725,63.80403603002717,11138100
2024-10-28,63.42350769042969,64.11796358954629,63.356916625408786,63.69938703348249,10761400
2024-10-29,62.36756896972656,63.109585892784295,62.32951588932835,63.062024985698756,16525900
2024-10-30,62.71003341674805,63.29984521948792,62.139251781322315,62.32000208139534,14177800
2024-10-31,62.12972640991211,62.776614091714954,62.08216551526667,62.605378903653,13383700
2024-11-01,61.84435272216797,62.46270255012466,61.73019348599849,62.281952240660324,12163100
2024-11-04,61.93947219848633,62.23437444057083,61.501872747757815,61.910934208333835,10984500
2024-11-05,62.18681716918945,62.28194622787213,61.492361250830214,61.492361250830214,8780200
2024-11-06,60.59813690185547,61.701650696481785,60.103457803720765,61.28307412093801,22899300
2024-11-07,60.560081481933594,61.25453375754734,60.50300187049405,61.15940470075567,14856100
2024-11-08,60.80741882324219,61.11183615778366,60.63618724788588,60.7979073691994,14719300
2024-11-11,60.27468490600586,60.99767873251947,60.17004077619937,60.87400806738994,13980900
2024-11-12,60.12247848510742,60.645695524629815,60.0463723409889,60.579104462996455,15021000
2024-11-13,59.93222427368164,60.17956201521987,59.44706024534308,59.97978880525348,13177600
2024-11-14,59.50413131713867,60.03686346199125,59.38997572500627,60.03686346199125,15910800
2024-11-15,58.73358154296875,59.58024254562532,58.40062256318776,59.447060405289385,26284300
2024-11-18,58.84773635864258,59.11410063575587,58.56234554331532,58.83822127506504,16062100
2024-11-19,59.54218292236328,59.57072091245735,58.62893094994563,58.88578374761448,16254800
2024-11-20,59.92271041870117,59.941733327415015,58.999943301616774,59.64683106611744,18904900
2024-11-21,60.65521240234375,60.70278056114201,59.88465758340971,60.07491933177971,17292300
2024-11-22,60.80741882324219,61.34015460210108,60.55056964573729,61.11183615778366,19562200
2024-11-25,61.24502182006836,61.55895425569818,60.731319806492145,61.18794583463827,36805300
2024-11-26,61.40674591064453,61.49235988419163,60.94060119505995,61.17842746542204,14473300
2024-11-27,61.29258728027344,61.92995994911083,61.121352073642896,61.796777817051726,13263400
2024-11-29,61.421993255615234,61.58493997983592,61.1248505946379,61.36447705482555,10648400
2024-12-02,61.009822845458984,61.527424721388456,60.72226381007703,61.39323245499156,16500100
2024-12-03,60.885215759277344,61.42198849530694,60.415539158193305,61.07692056903542,24874500
2024-12-04,59.62955093383789,60.72226356315784,59.332411961300195,60.65516743023223,28137700
2024-12-05,60.31010055541992,60.50180536271587,59.524114136325096,59.87876930958537,21040400
2024-12-06,59.936283111572266,60.731856847385096,59.9171122636227,60.22384217435039,15581100
2024-12-09,60.00337600708008,60.319689496448376,59.33241464744764,60.08964298995642,22348300
2024-12-10,60.30051803588867,60.425126711323124,59.22697621493648,60.099229630047354,14949400
2024-12-11,60.04172134399414,60.990658213211496,59.81167848000929,60.38678929643682,32819000
2024-12-12,61.19194030761719,61.26862003553026,60.59765870454703,60.91396852394412,17542100
2024-12-13,60.50180435180664,61.19194018395472,60.49222075701125,60.933139246899195,13429000
2024-12-16,59.955448150634766,61.211111146184,59.763743346178124,60.607242291908335,24559700
2024-12-17,60.77019500732422,60.9139708738822,59.73499121707398,59.859599893263024,21902400
2024-12-18,60.24300765991211,61.000239678383004,60.18549877415728,60.20466962156398,20946100
2024-12-19,59.85960006713867,60.549732272844984,59.8116747781468,60.099230168563196,21300600
2024-12-20,59.955448150634766,60.444295584822456,59.696647213088056,59.87876842273112,42458100
2024-12-23,59.79249954223633,60.156734637010295,58.97775506331952,59.9075209586668,13010800
2024-12-24,60.233421325683594,60.233421325683594,59.437847648573296,59.61996886242342,5019100
2024-12-26,59.97461700439453,60.13756736253229,59.811670302721666,60.02254228980038,7943800
2024-12-27,59.85960006713867,60.33886026998772,59.62955356092646,59.85960006713867,8542800
2024-12-30,59.4570198059082,59.75416244905419,59.121539125312076,59.75416244905419,8972200
2024-12-31,59.6774787902832,59.84042916045093,59.23656028165433,59.447435940766034,9256700
2025-01-02,59.274898529052734,60.14715190039347,59.0640228822017,59.76374229820339,12991000
2025-01-03,59.188636779785156,59.50495027800313,59.064028099596385,59.33241630742337,10403200
2025-01-06,58.28763198852539,59.01610594802247,58.14385245324014,58.94900980661348,17924200
2025-01-07,58.316383361816406,59.159882367705755,58.10550769622775,58.57518431782104,17799600
2025-01-08,59.150291442871094,59.20780398167826,58.40264672070317,58.460159259510334,14412400
2025-01-10,58.53683853149414,59.09278209956487,58.21094146039251,59.0256859663791,22425000
2025-01-13,59.0927848815918,59.284486038881944,58.19177335388124,58.59435382841398,18016200
2025-01-14,59.466609954833984,59.4953643984388,58.75730320870378,59.10237115782305,16658300
2025-01-15,59.207801818847656,60.0225426449627,59.12153484202072,59.74457452537804,16187200
2025-01-16,59.66789245605469,59.715817742798684,58.776468228049445,58.872318801537425,12585500
2025-01-17,60.10881423950195,60.16632678062648,59.59121233877683,59.72540826806738,17948900
2025-01-21,59.83084487915039,60.607247761862816,59.71582344868145,60.290937913956874,19817100
2025-01-22,59.21738815307617,59.706235596533524,59.10236673080712,59.54328522989271,18191900
2025-01-23,58.977760314941406,59.40909523554462,58.82439719388973,59.23656126730334,16528400
2025-01-24,59.35158157348633,59.43784855597835,58.891492219017266,59.15988041813976,19244600
2025-01-27,61.22069549560547,61.5178381289991,59.87876916079839,60.26217511797253,20742900
2025-01-28,59.77333068847656,61.38364519802043,59.69664730399113,60.87562691696699,14956000
2025-01-29,60.22383499145508,60.731849603898894,59.95544680863717,59.96503405970117,11325600
2025-01-30,61.39323043823242,61.62327327122308,60.6072403988638,61.201521983298704,13201000
2025-01-31,60.84687423706055,61.27820914611234,60.760607255250186,61.05774989403367,12096800
2025-02-03,60.72226333618164,60.99065152334587,59.840426360189866,60.55931663010424,12067900
2025-02-04,60.070472717285156,60.99065509558427,59.76374647667385,60.97148424848791,15678000
2025-02-05,60.50180435180664,60.664754715048275,59.993789728955974,60.11839840008605,10686800
2025-02-06,60.73184585571289,61.09608458790145,60.30051099607706,60.98105952102208,13423400
2025-02-07,61.19194030761719,61.26862003553026,60.64558399155083,60.798947103841996,13184700
2025-02-10,61.87248992919922,61.96834049915243,61.01940376817022,61.44115139501517,16154300
2025-02-11,64.79597473144531,64.86307086398111,63.65534047833685,64.70012415824132,30589100
2025-02-12,65.85993194580078,65.96536976865454,64.09625802339224,64.09625802339224,26033800
2025-02-13,66.6171646118164,66.72260243580476,65.90786159738292,66.13790443475298,24393100
2025-02-14,66.0133056640625,67.12518557727341,65.9078678301032,66.48297863437992,20779100
2025-02-18,66.18583679199219,66.49256302861882,65.58196425746483,65.70657659020493,15569100
2025-02-19,67.16352081298828,67.2210296940057,66.30085103307741,66.33919272473233,16032300
2025-02-20,67.134765625,67.16352006518855,66.5404803803604,66.81845215706619,13398000
2025-02-21,68.39042663574219,68.63005672718693,67.22103061942306,67.40315182905867,21662300
2025-02-24,67.66194915771484,68.75466910336696,67.41273912774668,67.90157924932811,21418400
2025-02-25,68.52462005615234,68.79300459302233,67.79614983119954,67.92075484819485,21555600
2025-02-26,67.86324310302734,68.32332877170428,67.60443851558294,68.31374152066898,14531200
2025-02-27,67.93034362792969,68.57255054316413,67.49900505860138,67.78656410482026,16789500
2025-02-28,68.25624084472656,68.60130879417642,67.63320108527928,68.48628370671622,22167400
2025-03-03,69.32019805908203,69.35853975430605,66.83763362500441,67.32647378501676,21717600
2025-03-04,67.27854919433594,69.6365085000202,66.98140289763963,69.08056491309708,25411900
2025-03-05,67.1731185913086,67.80573832043225,66.94306840532627,67.0005846082874,23933600
2025-03-06,67.537353515625,67.60444965807118,66.56924576353215,67.48943187840977,21694000
2025-03-07,68.46710968017578,68.84093203593918,66.76094460762899,66.76094460762899,28393300
2025-03-10,68.48628234863281,70.18286761860641,68.36167732438656,68.97512981948138,25251200
2025-03-11,68.09329223632812,69.05181266649109,67.68112815884083,68.89844588745835,28076400
2025-03-12,67.03892517089844,67.79615723284107,66.84721668582571,67.45108927264111,18923300
2025-03-13,66.73218536376953,67.33605051509369,66.40628466175608,67.33605051509369,15746600
2025-03-14,66.78047943115234,66.87703735033372,66.0273099809847,66.1528419061278,14205100
2025-03-17,67.70744323730469,67.75571850954078,66.70322475189904,66.85771593670952,15634800
2025-03-18,66.9928970336914,67.77503304268328,66.91565512640886,67.69778376850448,12657600
2025-03-19,66.89633178710938,66.9928896857941,66.18179449656785,66.19145249650497,14780000
2025-03-20,67.3115463256836,67.40810423719846,66.71287548725715,66.92530731272771,16295300
2025-03-21,66.30732727050781,67.56260221013271,65.83418835131225,67.31154574882845,47479500
2025-03-24,66.57769775390625,66.70322967816318,65.97903423906965,66.43286455960511,12575400
2025-03-25,66.44251251220703,66.70322698521743,66.23973868147488,66.57769506602847,12513900
2025-03-26,67.61087799072266,67.92952572859517,66.52941759585319,66.54872623137739,14478200
2025-03-27,68.30610656738281,68.54750502875585,67.65916045895821,67.76537637131406,11663400
2025-03-28,67.9488525390625,68.8661638937477,67.13774974699875,68.37370889024105,17412900
2025-03-31,69.15583038330078,69.46482010362061,68.06470467803386,68.29645249344576,24016900
2025-04-01,69.39722442626953,69.43584905971912,68.74062039141774,69.2137592591079,15309100
2025-04-02,68.87581634521484,69.8703769079171,68.60545122528379,69.48413786505974,14606500
2025-04-03,70.66215515136719,71.40565914195875,69.83174388728531,69.98624243264759,24959600
2025-04-04,67.52397155761719,70.49800209000591,67.38878902131731,69.9282979439744,26517300
2025-04-07,66.01765441894531,66.99289890686018,63.77747697339708,63.95128416171101,34258400
2025-04-08,66.06593322753906,67.5722647291822,65.42864508087597,66.58735482038897,22774400
2025-04-09,67.54328918457031,68.04540212930753,64.96515528442468,65.58313478033457,27918700
2025-04-10,68.3254165649414,68.75993081046681,66.60666084972253,67.77502841605788,22450200
2025-04-11,68.97236633300781,69.3779139662701,68.11298842909176,68.47026079185872,19988200
2025-04-14,69.95726776123047,70.16004894180331,68.48956842880492,68.84684078636653,13930200
2025-04-15,69.3875732421875,70.13107725016427,69.25239069528264,70.12142661602554,14965500
2025-04-16,69.21376037597656,70.16969612686864,68.93373730412016,69.87036442142366,15276200
2025-04-17,70.48834228515625,70.90354788370354,69.25238348954446,69.42619065560834,20754500
2025-04-21,70.26625061035156,70.94217062340135,69.34893953815688,70.8552633592413,16037200
2025-04-22,71.35738372802734,71.82086462938868,70.41109855682912,70.48834782935471,15613500
2025-04-23,70.77802276611328,71.40565279186814,69.88967094307345,70.768364766163,16353900
2025-04-24,70.02485656738281,70.90355042927911,69.8124321273632,70.50765344968299,16893900
2025-04-25,69.43585968017578,70.41110419808646,68.68269026305236,70.15039709104516,16316000
2025-04-28,69.31997680664062,69.77380705183828,68.85648856112718,69.59999988063271,15997500
2025-04-29,69.86070251464844,70.2083168349702,67.86192385624592,68.7406176567524,16244100
2025-04-30,70.05384063720703,70.95184326202924,69.22342929094577,70.82631133977546,21074700
2025-05-01,68.8371810913086,69.56137642242741,68.77924782222576,69.5227517874069,18034200
2025-05-02,69.18479919433594,69.34894837690976,68.65371964260149,69.03995864687234,12629600
2025-05-05,69.23307800292969,69.32964328410347,68.56682323758976,69.2041113653362,11932700
2025-05-06,69.25238800048828,69.42619517787357,68.71165783391007,69.21376336474755,12705500
2025-05-07,69.90899658203125,70.18901968403547,69.20410982637972,69.25239246589291,15018200
2025-05-08,68.72130584716797,69.9765806767391,68.68268121290009,69.71586623715483,14371100
2025-05-09,68.09366607666016,68.7019948367143,68.03573281071041,68.54749630498772,11228900
2025-05-12,67.13773345947266,67.91021142004575,66.33628886458484,67.73640424726159,21539000
2025-05-13,66.58734893798828,67.29223566796773,66.50044903030523,67.19567039245828,14389100
2025-05-14,66.78047943115234,66.95427926554063,66.22043318624448,66.51010694378864,16286800
2025-05-15,69.14616394042969,69.2620378339884,67.20531858296833,67.30187647748635,19817100
2025-05-16,69.52275085449219,69.77380729530867,68.97236270490329,69.38756831718234,18441200
2025-05-19,69.45516204833984,69.6869024966736,69.17513896344255,69.5517199545709,13282800
2025-05-20,69.22342681884766,69.64828311167398,68.97237035020261,69.32964273377839,12137800
2025-05-21,69.37792205810547,69.60001190235492,69.11721493971412,69.22343086084685,12094400
2025-05-22,68.69234466552734,69.51309794990247,68.51853748097409,69.36825740162537,11101800
2025-05-23,69.30066680908203,69.50344799880062,68.25783105841015,69.07858435085139,12822100
2025-05-27,69.3103256225586,69.73518927548727,69.09789379609425,69.27170098439267,10666100
2025-05-28,68.7020034790039,69.42619886205688,68.60544556797612,69.2330756731049,8710900
2025-05-29,69.03030395507812,69.19446051241763,68.03574344405793,68.5571650197853,10291100
2025-05-30,69.61931610107422,69.97658848273461,69.14617717058081,69.14617717058081,28019500
2025-06-02,69.52275085449219,69.5613754889944,68.90477143624837,69.55171748864491,10202700
2025-06-03,68.71166229248047,69.31032576806793,68.04540017478838,69.24273449285978,20139800
2025-06-04,68.9144287109375,69.37790958629209,68.24816666485762,68.8082128088988,13565900
2025-06-05,68.47026824951172,69.00134048418063,68.39301896802996,68.92409120269888,13531400
2025-06-06,68.8951187133789,69.02065062685098,68.49922907147304,68.6344116191381,9524000
2025-06-09,69.30066680908203,69.35860744910008,68.64406270174976,68.89511916343761,12281300
2025-06-10,69.86070251464844,70.18900820246134,69.29100576944599,69.42618829769387,12265000
2025-06-11,69.59034729003906,69.8703703857992,69.2910155590421,69.78346310999267,12718500
2025-06-12,69.7544937133789,69.90899225674505,69.13651427370635,69.7641517140633,12806900
2025-06-13,69.06404876708984,69.90036426836417,68.78204212949082,69.79339316336805,17467200
2025-06-16,68.57781219482422,69.6475231359899,68.30552483499082,69.23908467696567,15045900
2025-06-17,67.70260620117188,68.51946829584377,67.66370694629117,68.44166978608237,15437000
2025-06-18,67.30389404296875,68.07213762938471,67.18719627895109,68.07213762938471,16227600
2025-06-20,66.94408416748047,67.64425594091952,66.88573899278538,67.18719895440934,40859400
2025-06-23,67.81929779052734,67.88736963299863,67.0705075233433,67.23582379516291,21822800
2025-06-24,68.27635955810547,68.41250325259621,67.77068403846482,68.01379883852329,15216100
2025-06-25,67.71233367919922,68.09159218628271,67.51784480043466,68.00407441662121,12540400
2025-06-26,67.5567398071289,67.99434346643818,67.24555316913073,67.78040126170043,14454100
2025-06-27,68.39305114746094,68.61671258849236,67.55673571735596,67.67342606249437,23470700
2025-06-30,68.80148315429688,68.84038240964402,68.15965656998037,68.19855582532753,15429000
2025-07-01,69.69615173339844,70.4546687511552,68.94736138540848,69.03487915548418,21729300
2025-07-02,68.95708465576172,69.85174532904846,68.79176095497682,69.71560163612547,13050200
2025-07-03,69.38495635986328,69.4335822833149,68.5097416726539,69.08349640843115,9440500
2025-07-07,69.05432891845703,69.40441481917803,68.85011337958225,69.40441481917803,16984700
2025-07-08,68.30552673339844,68.73341112175684,67.9554408555187,68.73341112175684,17115500
2025-07-09,67.56646728515625,68.31525759142838,67.07051102453329,68.22773982622861,33704100
2025-07-10,67.84848022460938,67.92627874708911,67.25528689370893,67.3817039282819,14608400
2025-07-11,67.94572448730469,68.22773853529256,67.34279713444015,67.65398377027596,12916700
2025-07-14,67.5567398071289,68.14994049507462,67.36224352133337,67.87765311423554,13983200
2025-07-15,67.44977569580078,67.63454533163889,67.24556013900492,67.59564607044796,12639800
2025-07-16,67.36224365234375,67.58591252662495,66.895467404076,67.44004216681327,13178300
2025-07-17,68.64588928222656,68.7431411346933,67.5956390167677,67.8873723163439,20464700
2025-07-18,67.92627716064453,68.75286603967888,67.90683124011649,68.50003197643797,14928000
2025-07-21,68.14022064208984,68.67507620743629,68.00407693805174,68.25691842524054,17811700
2025-07-22,67.74151611328125,68.3249901897365,66.79822943702882,67.53729313821027,22339900
2025-07-23,67.25527954101562,67.8193002191434,66.71069736246947,67.74150912444364,21030000
2025-07-24,67.19692993164062,67.63454102773488,67.08995882499147,67.35252696650302,12511400
2025-07-25,67.26500701904297,67.3233596212991,66.85657589962774,67.22610775729738,12574800
2025-07-28,66.21473693847656,67.00243385911216,66.18556435239269,66.8468368409659,13668800
2025-07-29,67.4692153930664,67.50811465066909,66.27309475370163,66.45785695322093,16223400
2025-07-30,66.85657501220703,67.42060317111795,66.6426327850839,67.2066609439948,10448200
2025-07-31,66.02025604248047,66.75932712920695,65.87438567520516,66.273097517806,17193400
2025-08-01,66.96353149414062,67.13857442178738,66.38977679046977,66.71069006103446,16107500
2025-08-04,67.060791015625,67.17748880008959,66.4286910001739,66.82740286597131,10701500
2025-08-05,67.1483154296875,67.57619246254212,66.85657468154875,67.00244505561813,11993400
2025-08-06,67.59564208984375,67.87765615241412,66.73987323258883,67.21638358966032,10783000
2025-08-07,68.49031066894531,68.77232476397133,67.4206068935446,67.54702393506281,15790800
2025-08-08,68.40277862548828,68.91818824919164,68.14994456775658,68.42223196486772,9232700
2025-08-11,68.80148315429688,68.90845425168295,68.03323955455788,68.36387951537151,10909400
2025-08-12,68.7625961303711,69.10295540110852,68.2860931513387,68.8695672467851,11061100
2025-08-13,68.51947021484375,68.82093017451922,68.29580876710854,68.7431390818534,10356500
2025-08-14,67.63453674316406,68.51947071024072,67.47893971815856,68.44167219773797,10722400
2025-08-15,67.99433898925781,68.45139595668844,67.65397978562038,67.81929605320511,12381100
2025-08-18,67.2260971069336,68.12076514679205,67.14830601504212,68.05269330434054,14094900
2025-08-19,68.19856262207031,68.28608781014285,67.33307450734513,67.39142710581851,13862200
2025-08-20,68.75286102294922,69.73504687164127,68.47085438985596,68.79176028044219,17530800
2025-08-21,68.71397399902344,68.95708881093178,68.39306066667838,68.65562139905826,8840400
2025-08-22,68.19856262207031,69.0640507367955,67.99434707560117,69.0057055575972,12999600
2025-08-25,67.0316162109375,68.29581620009569,66.8274006593243,68.17911841948447,13634600
2025-08-26,66.83712005615234,67.177479271804,66.69124970108037,67.13858001583317,17964200
2025-08-27,66.93437194824219,66.97327120854948,66.58428602475186,66.92464527834655,11562700
2025-08-28,66.47731018066406,67.00243902851135,66.39951166558859,66.98298569010511,16209900
2025-08-29,67.08995819091797,67.23582855490409,66.54538341259635,66.7787715434092,14601100
2025-09-02,67.15802764892578,67.43031502839942,66.38006476746892,67.06078321615301,24770100
2025-09-03,67.08995819091797,67.19692929655614,65.51457903383762,66.76905229327839,33581500
2025-09-04,66.37034606933594,67.54702091153418,66.23420236324857,67.20666164631577,16736000
2025-09-05,66.08832550048828,66.69125286775295,66.00080773485419,66.13695142757932,23978000
2025-09-08,65.57291412353516,66.01051772889467,65.3103534441742,65.99107181234983,21671700
2025-09-09,65.99108123779297,66.23419603533294,65.42705312687427,65.42705312687427,14120600
2025-09-10,65.95218658447266,66.21474731966617,65.3589858435175,65.92301399381509,16041900
2025-09-11,65.75769805908203,66.29254620236269,65.71879879823474,66.04943138652364,15128700
2025-09-12,65.16448974609375,65.85493485256897,65.09641790233633,65.73823708358144,18712400
2025-09-15,64.88031768798828,65.43887019959712,64.77252619660982,65.34087997366443,15986100
2025-09-16,64.90970611572266,65.1742879173627,64.73332074002066,65.01749759399466,18555900
2025-09-17,65.69364929199219,65.78183825049771,65.07630415392892,65.07630415392892,17372300
2025-09-18,65.12528991699219,65.69364363231217,65.01749843732205,65.45846562038378,17722900
2025-09-19,65.09588623046875,65.38986431922842,64.72352046405675,65.15467885775134,31192900
2025-09-22,64.88031768798828,65.2526835370025,64.75293114189328,64.83132631310944,13298700
2025-09-23,65.37027740478516,65.41927625667174,64.57654684221352,65.01750660449217,15072800
2025-09-24,65.11549377441406,65.43886823886022,64.63533644840827,65.07630366615524,14759300
2025-09-25,64.65493774414062,65.57605479413007,64.62553394924579,65.40947067059923,14395000
2025-09-26,64.35115814208984,64.99790705664735,64.18457401907035,64.74312650156337,17821600
2025-09-29,64.71372985839844,64.7725224953635,64.03758462860179,64.35115781937314,14818500
2025-09-30,64.98810577392578,65.30167896618386,64.63533499811362,64.74312648384371,13815000
2025-10-01,65.4388656616211,65.48786450927703,64.95870835452578,65.17429132233272,14877500
2025-10-02,64.77252197265625,65.31147939440201,64.53734395051924,65.19388664524624,14350700
2025-10-03,65.31147766113281,65.64464589397056,64.71372761875983,64.77252025369017,12249200
2025-10-06,64.77252197265625,65.16449032700093,64.51774142090602,65.15468906219432,14333300
2025-10-07,65.44866180419922,65.90922402189203,64.54713989681164,64.89010937503801,13328300
2025-10-08,64.79212188720703,65.52705971837518,64.7333217769151,65.33107181102581,12606700
2025-10-09,65.03710174560547,65.45846640495527,64.79212246635964,64.95870658196498,12705200
2025-10-10,65.69364929199219,66.04642007836401,65.04690035825222,65.18408816671072,17991700
2025-10-13,65.45846557617188,65.45846557617188,64.67452890204109,64.89991312561031,13690000
2025-10-14,66.15421295166016,66.21300559189413,65.40947377860472,65.52706653524768,14245600
2025-10-15,65.73284149169922,66.35998784361045,65.57605116563428,65.91902065868352,11193700
2025-10-16,66.23259735107422,66.74215846166473,65.81124014879597,65.83083520250732,15707200
2025-10-17,67.0655288696289,67.12432150338752,66.43838252228973,66.6343629522679,15541800
2025-10-20,67.0655288696289,67.26150929960708,66.55596778980696,67.05572760527774,17786800
2025-10-21,69.7896957397461,69.95627984931726,68.81957992240194,69.15274814154425,33651300
2025-10-22,69.38792419433594,70.18166209179373,69.09395356387,69.92688156445087,18293000
2025-10-23,68.53541564941406,69.50553164479624,68.3198326557346,69.38793888201415,13989400
2025-10-24,68.31002807617188,68.64320381647156,68.25123543572047,68.50601600463493,15688200
2025-10-27,68.65299987792969,68.7117999965022,67.85926930086605,68.3786242451756,13800000
2025-10-28,68.75099182128906,69.47612842938857,68.54520263779597,68.64320033514493,12730500
2025-10-29,66.97733306884766,68.62359411504399,66.79115390148044,68.51580263469621,19789600
2025-10-30,67.59468078613281,67.89845267650514,67.01652584426033,67.07531847435207,14751700
2025-10-31,67.51628875732422,67.68287286775298,66.53637167079172,67.17331927227266,16742700
2025-11-03,66.60497283935547,67.50649486310667,66.30120090174199,67.41830590425431,15660400
2025-11-04,67.28111267089844,67.34970656986725,66.79115411364286,67.09492602676555,12743800
2025-11-05,67.13412475585938,67.44769793881517,66.81075030826216,67.28111382078306,12850100
2025-11-06,67.6730728149414,67.7514679775491,66.55596791439153,66.92834119869096,15906700
2025-11-07,69.1331558227539,69.44672900218079,68.01605090378472,68.40801177093759,25108300
2025-11-10,69.10374450683594,69.24093976681417,68.04543981408145,68.60399221276452,15318000
2025-11-11,70.17186737060547,70.30905517284877,69.2409490730724,69.5545222605106,16160200
2025-11-12,70.0738754272461,70.4462412418629,69.90728383475697,70.05427289816534,13612600
2025-11-13,69.64271545410156,70.23066428181421,69.57412154880467,69.98568498058603,14002800
2025-11-14,69.73090362548828,70.20125964144074,69.1821449719783,69.97588289768096,13172000
2025-11-17,69.26054382324219,70.09347189783703,69.20175118715945,69.77009744703302,14772300
2025-11-18,69.7896957397461,69.90728100477325,69.15274814154425,69.56431152148734,12838900
2025-11-19,69.6819076538086,70.01507588916476,69.387929524586,69.77009660687074,12401500
2025-11-20,69.77989959716797,70.04448141524637,69.19195080035703,69.52511904395256,15396500
2025-11-21,71.48495483398438,71.72014033852818,70.05427665746251,70.24046331284934,26492500
2025-11-24,71.1321792602539,71.69073918877703,70.13266709990427,71.69073918877703,39818600
2025-11-25,71.15178680419922,71.46536000172232,70.69122453492395,71.33797346016362,17451200
2025-11-26,71.4163589477539,71.62214065138447,70.9362016392826,71.14198334291316,11795100
2025-11-28,71.65154266357422,71.75933414510548,71.2987719015036,71.53394991749256,7423000
2025-12-01,71.00025177001953,71.94758632563475,70.98051908409195,71.64167322861248,14388100
2025-12-02,69.73715209960938,70.85224088449384,69.50032221475122,70.85224088449384,19871300
2025-12-03,69.87529754638672,70.45751339427578,69.67794058058216,69.94437323728688,17001700
2025-12-04,69.52005004882812,70.39830135886356,69.44111177850974,69.89503882975501,17710000
2025-12-05,69.07598876953125,69.77661575217998,68.94770750071454,69.39176441704456,13978200
2025-12-08,69.32269287109375,69.4509741475746,68.57272284018585,68.91810129893102,17775100
2025-12-09,69.164794921875,69.69766772158269,68.90823239247449,69.44110519218218,13010600
2025-12-10,69.2832260131836,69.59900170709838,68.85890171867125,69.46085031155356,29789400
2025-12-11,68.19773864746094,69.756884226757,67.88196299470222,69.61873284921789,23124200
2025-12-12,69.58912658691406,69.68781260121206,68.12866693100831,68.1977426238054,18444500
2025-12-15,70.03319549560547,70.37857398144007,69.39177400552045,69.5003226051665,18660100
2025-12-16,69.44110870361328,70.35883287251339,69.39176569924918,70.35883287251339,17370000
2025-12-17,69.73715209960938,69.98385209220345,69.38190350797899,69.638473608309,13672700
2025-12-18,69.43123626708984,69.86543059913025,69.24374189122055,69.34242036795195,15524800
2025-12-19,69.13520050048828,69.83582754545967,69.10559770725773,69.13520050048828,36911100
2025-12-22,69.2832260131836,69.29309612106148,68.7404905388822,69.00692322209395,12828500
2025-12-23,68.94770812988281,69.33255946853012,68.77008385599288,69.27334635810989,9471000
2025-12-24,69.1845474243164,69.23389043495087,68.82929882807016,68.97732033128716,4515300
2025-12-26,68.94770812988281,69.23388098941024,68.8095567533779,69.0266463959675,5711400
2025-12-29,69.23388671875,69.49044927995605,68.92797362087204,69.07599511614383,9686900
2025-12-30,69.14506530761719,69.31281947552205,68.8786326602792,69.07598961914546,8610900
2025-12-31,68.9871826171875,69.2338825850155,68.95757229695229,69.14506668168093,8127800
2026-01-02,68.20761108398438,68.94771100123326,68.0694597017261,68.92797078737598,12151300
2026-01-05,67.04318237304688,68.01024198336809,67.02344216052634,68.01024198336809,21186600
2026-01-06,66.94449615478516,67.34908769463168,66.69779619985977,67.11225784593513,21019900
2026-01-07,66.64846801757812,67.17147077464801,66.38202782104587,67.0925249735506,20223400
2026-01-08,68.45431518554688,68.54312356720452,66.55965356130312,66.64846947164689,19237000
2026-01-09,69.57926177978516,69.72728326780512,68.20761054625903,68.51351610046417,19638600
2026-01-12,69.56939697265625,70.03319415706375,69.31282687578879,69.96411846121707,20582500
2026-01-13,70.29962921142578,70.29962921142578,69.34243201610218,69.49045352040655,18324800
2026-01-14,70.49698638916016,70.76341904622764,69.87529764152659,70.230546203407,16739100
2026-01-15,69.5496597290039,70.65487079013353,69.441111138545,70.64500068317753,15464100
2026-01-16,69.51018524169922,69.80622068544412,69.11546378802049,69.362163755484,20027500
2026-01-20,70.80289459228516,70.83249738543434,68.86876764345041,69.07599472418063,22152200
2026-01-21,71.05946350097656,71.28642326380957,69.89503930809639,71.02986070831885,21660600
2026-01-22,70.92131042480469,71.08906459832171,70.49698617322974,70.88183752597381,13962800
2026-01-23,71.91797637939453,72.0956006684145,70.83249795924407,71.06932783504202,18307100
2026-01-26,71.60220336914062,72.33244076713704,71.58247068237496,71.89824637142958,14017400
2026-01-27,72.57913208007812,72.58899465793839,71.31602194622288,71.48378364275746,13239200
2026-01-28,72.09559631347656,72.64820936187252,71.61206648372996,72.24361780016629,14633700
2026-01-29,72.4607162475586,73.11200026025516,72.17454337592267,72.21401627497787,20862100
2026-01-30,73.82250213623047,73.91131804699124,72.56926950749867,72.7370236927637,26420500
2026-02-02,74.33563995361328,74.70075110650464,73.41791572472846,74.01986427962527,19301500
2026-02-03,75.87504577636719,76.47699433406568,74.13827579700666,74.27642718447655,27007100
2026-02-04,76.32897186279297,77.07894190566772,76.06253919856275,76.25002606276702,28607300
2026-02-05,77.47366333007812,77.81904179412463,76.56580168770265,76.79276898046798,21633500
2026-02-06,77.98680114746094,78.15455533703133,77.22696847613912,77.46379836310241,18512400
2026-02-09,76.94078826904297,78.06573953610142,76.51646401717456,77.63154517734705,23415600
2026-02-10,75.79609680175781,76.48686123887099,75.00666141051002,75.61847252120707,28848200
2026-02-11,77.56246948242188,78.00653394803875,75.56913702664558,75.86517247503785,22649700
2026-02-12,77.95719146728516,79.34858292876153,77.74996439340934,77.93745878206704,26043500
2026-02-13,77.64141845703125,78.35191560814155,77.09867548640923,77.41445116149315,16711900
2026-02-17,78.50979614257812,78.58874193996218,77.70062054110562,77.94732051141658,16260200
2026-02-18,78.44071960449219,78.78609805345862,77.87824397940815,78.45058971122995,16304900
2026-02-19,77.86837768554688,78.6183401307477,77.55259451449156,78.41111307125654,14924700
2026-02-20,78.78610229492188,78.78610229492188,77.8486453788755,78.28283975448566,17175100
2026-02-23,79.49659729003906,79.78277016360019,78.45059180843931,78.47032449375682,17157700
2026-02-24,79.65449523925781,80.01960641188997,78.79597655011308,79.47687094249291,16448500
2026-02-25,79.40779113769531,79.62488832569855,78.50979959253391,79.33871544412028,18086900
2026-02-26,79.43739318847656,79.82224455318176,78.96372591647007,79.68409316732277,12843200
2026-02-27,80.48339080810547,80.9175851375349,79.753161050262,79.8715797388387,28483500
2026-03-02,79.16108703613281,80.32551118770682,79.09201134615323,80.17748970098327,18137200
2026-03-03,78.2927017211914,79.02293907968077,77.52299899130585,78.80584189357235,20549300
2026-03-04,77.06907653808594,78.42099521409853,76.72369805258968,78.24337091745954,21011800
2026-03-05,76.01319122314453,76.69408552866471,75.49018850735642,76.6546126312317,23165700
2026-03-06,76.02306365966797,76.17108514740708,75.34216933327939,75.78623379649675,15516000
2026-03-09,76.77303314208984,77.03946579521713,75.51979308713285,75.6086089906323,18554100
2026-03-10,76.85197448730469,77.37498476510837,76.08227176002292,76.45726054519106,17243900
2026-03-11,76.60527801513672,76.6842238186469,75.58887526317328,76.6842238186469,11546800
2026-03-12,76.58554077148438,77.12828372746395,75.88491374656532,76.39804638147584,16842200
2026-03-13,76.8438720703125,77.5493241995201,76.69484036177172,76.97304299165201,11974500
2026-03-16,77.32079315185547,77.92688067691923,77.24130452354646,77.49963877532433,11761200
2026-03-17,77.08233642578125,77.79771893430544,76.95316550702088,77.49964036226936,14900100
2026-03-18,75.48265838623047,76.63521311651704,75.36342544980671,76.58553841167979,13134600
2026-03-19,75.06536102294922,75.95958159249396,75.04548507491977,75.51247130772158,13023300
2026-03-20,74.2704849243164,75.56214856387686,73.91279368814436,75.08522438882993,33298700
2026-03-23,74.62818145751953,74.96599677096391,74.07177619751555,74.85670179768411,15054900
2026-03-24,74.19100189208984,75.20446299780555,74.151257576135,74.37978549776209,15653700
2026-03-25,74.76728057861328,75.16471614429118,73.59484982911259,74.11151075817682,14787900
2026-03-26,74.21087646484375,75.2640742865408,74.17113214962554,74.70766903439187,11202100
2026-03-27,75.22432708740234,75.56214996357933,74.22080401286095,74.34003695394449,17461000
2026-03-30,75.78073120117188,76.50605164961281,75.23426395194622,75.4429159104272,18502800
2026-03-31,75.56214904785156,76.5259202165659,75.02561219015698,76.03906564550054,18301800
2026-04-01,75.59195709228516,75.87015971059611,74.77721760418045,75.6615077468629,15834300
2026-04-02,76.22785186767578,76.46631017472605,75.6317023098237,76.08875055685873,14573400
2026-04-06,76.72463989257812,76.78425257070258,75.73105482809088,76.14835873586692,8259900
2026-04-07,75.42304992675781,77.10220362104153,75.14483972620837,76.70476805785233,12769200
2026-04-08,76.79419708251953,76.87368571375517,74.83683312594741,75.32368772647273,12331300
2026-04-09,77.67848205566406,77.78777702117893,75.88009548202379,76.15829809226068,14311000
2026-04-10,76.97303771972656,77.66854424679165,76.81406046756733,77.47976823541833,11081400
2026-04-13,75.91984558105469,76.95316747484344,75.34356436995671,76.82400413323315,12696200
2026-04-14,75.4131088256836,76.12849129366677,75.31375183411984,75.48265947782349,12397600
2026-04-15,74.82688903808594,75.25413092050265,74.24067748663992,75.25413092050265,16212100
2026-04-16,74.6977310180664,75.35349326766206,74.41952839214989,74.54869173119597,11501900
2026-04-17,75.25413513183594,75.57208206813982,74.32017027044805,74.46920197461165,15033900
2026-04-20,74.99580383300781,75.73105465653612,74.87657089657657,75.33361911555104,10141800
2026-04-21,74.2208023071289,75.04547974131874,74.14132126201923,74.99580503568177,11806900
2026-04-22,74.15125274658203,74.89644156618083,74.0717717003022,74.4195249666911,9352300
2026-04-23,75.7906723022461,76.16823950213326,74.67786181109135,74.95606443388003,12060300
2026-04-24,76.138427734375,76.515994944942,75.68137947251515,76.21791636612102,12008700
2026-04-27,74.95606231689453,76.21791205760562,74.91631800326823,76.21791205760562,15812200
2026-04-28,77.8473892211914,79.80475303460555,77.5791245859579,79.00988194129084,30710700
2026-04-29,78.36405944824219,78.77142539679481,77.68842127803904,77.86726689898849,18294700
2026-04-30,78.25476837158203,78.61245963126434,77.82752645476445,78.29451268715263,15142200
2026-05-01,78.07592010498047,79.12911790044723,77.5393832335768,78.78136462651507,12610400
2026-05-04,77.68842315673828,78.26469676666424,77.23137491002663,77.5592522393189,12672400
2026-05-05,77.9765625,78.2746334837031,77.24130406320289,77.68842190943671,11637500
2026-05-06,78.72174835205078,78.82110534286001,78.0659785678954,78.27463052273052,14060300
2026-05-07,77.9268798828125,78.64226236939791,77.59899497971874,78.2845711261052,16531400
2026-05-08,77.91693878173828,78.69193391761387,77.61886781126051,78.06597805720338,12447200
2026-05-11,78.15541076660156,78.22496142319731,77.3406636744042,77.6586181965025,10967900
2026-05-12,79.51661682128906,79.80475741893426,77.777842842034,78.49322534922855,19883100
2026-05-13,79.7451400756836,80.51019724643862,79.32782858391015,79.3576425036781,12357000
2026-05-14,79.93392181396484,80.40090804458362,79.39739250692739,80.2121320219049,10642000
2026-05-15,80.30155181884766,80.83808871150025,79.93392258301539,80.83808871150025,17527200
2026-05-18,80.67910766601562,80.86789126211345,79.8743061549928,80.35123034180992,12375500
2026-05-19,81.39449310302734,82.1297515668438,80.73873085042028,80.88777013797514,16595200
2026-05-20,81.02687072753906,81.8714165755325,80.99705680593205,81.64288865926339,16999700
2026-05-21,80.64929962158203,81.27526307733143,80.20218936500615,81.26532510394343,15708400
2026-05-22,80.95732116699219,81.15603516434358,80.40090832959272,80.65924259051201,8240200
2026-05-26,79.94385528564453,81.07654167973828,79.72526535337158,80.32141489019156,13004200
2026-05-27,81.09642028808594,81.98071043915546,80.28168079225381,80.57975178021998,13209600
2026-05-28,79.89418029785156,81.23551864608098,79.82462206468935,80.7983387830763,14691400
2026-05-29,78.50315856933594,79.8146905596223,78.40380157834277,79.52654997942535,32477000
2026-06-01,78.13553619384766,78.69194145640577,77.92688422038836,78.07592351013162,12776300
2026-06-02,77.90701293945312,78.69193851387408,77.74803568155077,78.37399157852226,12533200
2026-06-03,78.25476837158203,78.52303302611722,77.60893650935269,77.78778213919385,14964300
2026-06-04,76.32720947265625,79.52655480787077,76.31727149881779,79.26822055124178,19361600
2026-06-05,78.97014617919922,80.222057932939,76.98297600195211,77.01278234173839,25708100
2026-06-08,79.0297622680664,79.41725986290979,78.59258238446752,78.80123435242527,12828900
2026-06-09,80.81820678710938,81.235518281949,78.87078093951726,79.03969616429994,20591600
2026-06-10,83.05377197265625,83.3121062121698,81.59320829419526,82.14961350503755,20880500
2026-06-11,82.00057983398438,83.50089550771385,81.96083551900014,83.38166256276116,14264500
2026-06-12,82.09000396728516,82.35826860978896,81.34481513977678,82.17942298796885,11757700
2026-06-15,80.91000366210938,81.19999694824219,80.25,81.08000183105469,20055200
2026-06-16,80.27999877929688,81.38999938964844,79.83999633789062,81.1500015258789,17565100
2026-06-17,79.93000030517578,80.33000183105469,78.98999786376953,79.94999694824219,17055400
2026-06-18,79.38999938964844,80.01000213623047,78.73999786376953,79.87000274658203,46857900
2026-06-22,79.52999877929688,80.05999755859375,79.05999755859375,79.25,21205900
2026-06-23,80.30999755859375,81.33000183105469,79.83000183105469,81.33000183105469,16854000
2026-06-24,80.5999984741211,81.58000183105469,80.55999755859375,80.88999938964844,20632600
2026-06-25,80.41999816894531,81.37999725341797,79.97000122070312,80.52999877929688,16021400
2026-06-26,82.62999725341797,82.80999755859375,80.69999694824219,80.95999908447266,53357500
2026-06-29,82.6500015258789,83.62000274658203,82.20999908447266,82.83000183105469,15015800
2026-06-30,81.2699966430664,82.54000091552734,81.01000213623047,82.5,16422100
2026-07-01,81.29000091552734,81.9800033569336,80.95999908447266,81.69999694824219,21734800
2026-07-02,84.13999938964844,84.13999938964844,81.4000015258789,81.62999725341797,18308400
2026-07-06,82.95999908447266,84.55999755859375,82.31999969482422,84.0999984741211,18992600
2026-07-07,84.05000305175781,85.68000030517578,83.63999938964844,84.5999984741211,17835200
2026-07-08,83.4000015258789,84.83000183105469,83.2699966430664,84.16999816894531,14160000
2026-07-09,82.62999725341797,82.81999969482422,81.70999908447266,82.08999633789062,15782500
2026-07-10,83.48999786376953,83.73999786376953,82.41000366210938,82.7300033569336,10694600
2026-07-13,84.25,84.68000030517578,83.66999816894531,83.9000015258789,12085800
2026-07-14,83.08000183105469,84.62999725341797,83.08000183105469,84.16999816894531,13775400
2026-07-15,82.44999694824219,83.23999786376953,82.2300033569336,82.93000030517578,18383800
2026-07-16,84.91999816894531,84.94999694824219,83.27999877929688,83.5,17889900
2026-07-17,81.55999755859375,85.55999755859375,80.83000183105469,85.37000274658203,32903000
2026-07-20,82.12000274658203,82.37000274658203,81.30000305175781,81.55000305175781,14967200
2026-07-21,81.97000122070312,82.4000015258789,81.31999969482422,81.97000122070312,12949400
2026-07-22,82.19999694824219,82.91999816894531,81.95999908447266,82.8499984741211,11701300
2026-07-23,81.16999816894531,81.87000274658203,80.87999725341797,81.66999816894531,13755600
2026-07-24,82.25,82.33000183105469,80.9000015258789,81.56999969482422,11980400
2026-07-27,84.06999969482422,84.13999938964844,82.5,83.08000183105469,19937600
2026-07-28,88.2699966430664,90.22000122070312,86.25,88.30000305175781,34982900
2026-07-29,89.08000183105469,90.91999816894531,88.63999938964844,88.6500015258789,21711700
2026-07-30,88.48999786376953,88.63999938964844,87.20999908447266,87.62999725341797,17616100
2026-07-31,87.58999633789062,88.0,86.81999969482422,87.66000366210938,14709600
