Date,Close,High,Low,Open,Volume
2006-06-21,0.982716977596283,0.9929184015953093,0.9813572512453049,0.9925101619963818,1523200
2006-06-22,0.9595944881439209,0.9810845526261015,0.9491213907423225,0.9793165870239551,13612800
2006-06-23,0.9567383527755737,0.9733318257551624,0.9450405370054061,0.9555135304671862,3411200
2006-06-26,0.960274338722229,0.9657150074056999,0.9521133875830844,0.9589146125828878,3622400
2006-06-27,0.924366295337677,0.9616352325134027,0.924366295337677,0.9616352325134027,6393600
2006-06-28,0.9356556534767151,0.9376961247616076,0.9170216043888703,0.9283103511851754,6374400
2006-06-29,0.9922384023666382,0.9922384023666382,0.943000186447328,0.94735270094793,11289600
2006-06-30,0.982716977596283,0.9997196276537004,0.9817654908442325,0.9997196276537004,15168000
2006-07-03,0.9941421151161194,0.9949586979422892,0.9882941409661667,0.99019794431207,2380800
2006-07-05,0.9549695253372192,0.9763246873338957,0.9522492428314445,0.9759164477909904,9900800
2006-07-06,0.9493933320045471,0.9670757948247579,0.9459931337805935,0.9595947568535975,5369600
2006-07-07,0.9285829067230225,0.9507537185518847,0.9228697320990457,0.9323913438985733,4588800
2006-07-10,0.9132132530212402,0.9408239047866206,0.9050523010657969,0.9371521353597237,7987200
2006-07-11,0.9281748533248901,0.9307594028050941,0.8998835524239629,0.9064122742579606,10604800
2006-07-12,0.8914507031440735,0.9249102645864373,0.8868256827710822,0.9224623836472533,14598400
2006-07-13,0.8630226254463196,0.8956664835861083,0.8609830361312698,0.8956664835861083,26745600
2006-07-14,0.8453408479690552,0.8616628011234909,0.8364999824212036,0.8596223299776795,13856000
2006-07-17,0.8494210243225098,0.8569021129518379,0.8384039003069801,0.8521413069817582,9868800
2006-07-18,0.8541818261146545,0.8596224955091576,0.8256188565972349,0.8569021608119061,26054400
2006-07-19,0.8726800084114075,0.8850576364693232,0.8515972478896103,0.852141273268297,16940800
2006-07-20,0.8488770127296448,0.8827456967062123,0.8480613637117013,0.8827456967062123,12019200
2006-07-21,0.8296990394592285,0.8433006630569208,0.8286108846660964,0.8341873407214019,18630400
2006-07-24,0.8603022694587708,0.863159271764791,0.8363633888685781,0.8363633888685781,15334400
2006-07-25,0.8687357306480408,0.8786647002572998,0.8537735531388115,0.8643832160570724,21683200
2006-07-26,0.8705037832260132,0.8839695671108672,0.8541818269133117,0.8650631138264231,23500800
2006-07-27,0.8616629838943481,0.8909066473191339,0.8541818428148498,0.8888661757405097,12038400
2006-07-28,0.896074652671814,0.896074652671814,0.8657428399579304,0.8711835603824455,6752000
2006-07-31,0.8943068981170654,0.9038275773888406,0.8834255584719605,0.8895461433925954,9958400
2006-08-01,0.8637033104896545,0.8779848458742681,0.8541817507439159,0.8779848458742681,15609600
2006-08-02,0.8796167969703674,0.8936267578770817,0.8718640865969814,0.8739037273683598,13939200
2006-08-03,0.8943068981170654,0.9031477660629038,0.8637034546531629,0.8643833178651725,19961600
2006-08-04,0.8861457705497742,0.9181097643125862,0.8692797389341606,0.9109002996894676,18816000
2006-08-07,0.8754004240036011,0.8834255389352713,0.8671036336007135,0.8800254446593232,17017600
2006-08-08,0.8643831610679626,0.884105313195278,0.8555423466119015,0.8786646443596509,28838400
2006-08-09,0.8639748096466064,0.9004270993353378,0.8609829039603923,0.876079982327716,28825600
2006-08-10,0.8749921917915344,0.8816575803856243,0.8555424901206206,0.8646549296470831,23283200
2006-08-11,0.8664237260818481,0.8711837021664641,0.8575820286066733,0.8664237260818481,13305600
2006-08-14,0.8743123412132263,0.8977071502163482,0.872136135416645,0.877168462148771,19321600
2006-08-15,0.9198778867721558,0.9317115430810324,0.8907700082495329,0.9030119041683462,22054400
2006-08-16,0.9636744260787964,0.9646267427509845,0.9262705984709891,0.9317112665331176,31040000
2006-08-17,0.9697961211204529,0.9833977433437773,0.9575542252764637,0.9650352627802912,44345600
2006-08-18,0.9684354662895203,0.9730604869217889,0.9487133630068814,0.966395098417868,16934400
2006-08-21,0.9507535696029663,0.9601385120368373,0.9459928163351066,0.9526573728039637,16275200
2006-08-22,0.9532016515731812,0.9722439422667495,0.9451764334501894,0.9606826886159767,16268800
2006-08-23,0.9371519088745117,0.9651707934446779,0.9303506848380949,0.9556501175147862,18598400
2006-08-24,0.9443607330322266,0.9487132474875327,0.9289911466063405,0.9480334362628537,18432000
2006-08-25,0.9480335116386414,0.9628590219648374,0.9344318899128623,0.9344318899128623,15257600
2006-08-28,0.9616349935531616,0.9670755584347637,0.9453129875919857,0.9453129875919857,16588800
2006-08-29,0.9677555561065674,0.9691152823546983,0.9408238859547924,0.9602744155524756,26617600
2006-08-30,0.9763247966766357,0.9772762834046756,0.9602744639534151,0.9687079217897198,22585600
2006-08-31,0.975236713886261,0.9812213566276974,0.9691152994721779,0.9759165251362679,9395200
2006-09-01,0.9840773344039917,0.9895180028300903,0.9750999046187542,0.9888381916786403,18496000
2006-09-05,1.0017595291137695,1.0033916577560449,0.9711560793494375,0.9853017822914365,21452800
2006-09-06,0.9627231359481812,0.9885658215968393,0.9589146986595256,0.9833976580467871,23398400
2006-09-07,0.9541539549827576,0.9729237397824957,0.9466728142735235,0.9575541527367214,27027200
2006-09-08,0.9636744260787964,0.9696591713243489,0.9521132788485673,0.9589145030716482,13990400
2006-09-11,0.9765965342521667,0.9857098039404162,0.9439526195898835,0.949801528943548,26662400
2006-09-12,1.0145453214645386,1.0198501536790956,0.9779571299177285,0.9799967714900508,19027200
2006-09-13,1.0262422561645508,1.02896264316003,1.0085606227572368,1.0174014913469704,22579200
2006-09-14,1.0251539945602417,1.0315468767434093,1.0165855296326523,1.0165855296326523,15187200
2006-09-15,1.035083532333374,1.1103002563214415,1.0292346248519377,1.0493650653111284,15891200
2006-09-18,1.0342669486999512,1.048820881995748,1.0242021964633858,1.0371230682166694,13184000
2006-09-19,1.0217540264129639,1.0378043618809702,1.004887938033165,1.0337234181067503,20812800
2006-09-20,1.0520858764648438,1.0575265471982032,1.0387559270402327,1.0443331619400857,21785600
2006-09-21,1.0384842157363892,1.0629671813068602,1.0337234603789676,1.0582064259494384,50976000
2006-09-22,1.020530104637146,1.0350840466372098,1.013321467606034,1.0350840466372098,18214400
2006-09-25,1.05820631980896,1.0609266029229798,1.012369020099766,1.0320911245624842,37670400
2006-09-26,1.066910982131958,1.069767102003439,1.0490925838914913,1.0554855686970157,24934400
2006-09-27,1.0614701509475708,1.0749359296035685,1.052085210016095,1.0652785869168002,27929600
2006-09-28,1.0677281618118286,1.0724880879956815,1.0478693832494501,1.0701760437964132,14444800
2006-09-29,1.059566855430603,1.0735758877240265,1.0582062988119934,1.0731684782751163,12473600
2006-10-02,1.03372323513031,1.0617430611045475,1.0290991487144263,1.0548059975314907,22822400
2006-10-03,1.04106867313385,1.0493654640900605,1.0179454362117029,1.0242026893270417,20364800
2006-10-04,1.0888094902038574,1.0915297726331452,1.032499208074687,1.0391637651226822,27206400
2006-10-05,1.1030919551849365,1.1051315966373092,1.0862259727065495,1.0915299744319973,21580800
2006-10-06,1.096970558166504,1.1051315100961914,1.0885379307901535,1.08989765706121,21766400
2006-10-09,1.1024113893508911,1.1139733708971957,1.0922107946298103,1.0964266419628041,12217600
2006-10-10,1.1085325479507446,1.1146530284655718,1.0918024043664716,1.105812265207176,16710400
2006-10-11,1.1044516563415527,1.1180532782362622,1.0798329614634927,1.096290703959155,23334400
2006-10-12,1.141176700592041,1.141176700592041,1.1124770578255694,1.1166937356439868,26284800
2006-10-13,1.1498817205429077,1.155458124877277,1.1350552737879154,1.1411766894843651,21683200
2006-10-16,1.1520578861236572,1.1608986500563643,1.1496090710981388,1.1527376974310635,17868800
2006-10-17,1.129614233970642,1.141720288590594,1.1139729748012484,1.141720288590594,35289600
2006-10-18,1.1139730215072632,1.1433525680826537,1.1077158741900635,1.142127745789921,36768000
2006-10-19,1.1234939098358154,1.1323347769791865,1.104451619071384,1.1088041337799281,36089600
2006-10-20,1.126214861869812,1.126350595892112,1.1079890411216209,1.1244467913255085,21696000
2006-10-23,1.1463449001312256,1.1566821638423714,1.1166937695587535,1.1180534961702793,34579200
2006-10-24,1.1354637145996094,1.1490653397665938,1.1209096685053286,1.1432164292495746,31315200
2006-10-25,1.1493372917175293,1.152329249597761,1.127574720725132,1.134783355093479,24864000
2006-10-26,1.1676990985870361,1.1739562477619019,1.1364158432442464,1.1547782209635908,30323200
2006-10-27,1.1346478462219238,1.1672917640573028,1.1275750475141328,1.1630750863471282,31724800
2006-10-30,1.1479769945144653,1.1574985041324903,1.1262144186099368,1.133015645154451,28748800
2006-10-31,1.1547777652740479,1.162938715045642,1.1392715144879608,1.1595376880271633,27744000
2006-11-01,1.1234939098358154,1.1644346118692501,1.1131566484884723,1.1629390478423673,37939200
2006-11-02,1.1245821714401245,1.1298870035472168,1.1094841543641254,1.12077373367936,29440000
2006-11-03,1.1180531978607178,1.1330154789755478,1.1011872169799528,1.1330154789755478,42656000
2006-11-06,1.1432162523269653,1.1580425942868227,1.127710825426634,1.1296146292649498,28524800
2006-11-07,1.1663395166397095,1.1793970637990803,1.1466174100288906,1.1534178072381815,34387200
2006-11-08,1.1821173429489136,1.1867414299896382,1.1455291504670289,1.1517854696680667,41382400
2006-11-09,1.1656595468521118,1.1935426036778511,1.1568178486786307,1.1908223206371176,32851200
2006-11-10,1.1785805225372314,1.1785805225372314,1.1574985866450607,1.1674276101939531,24953600
2006-11-13,1.197622299194336,1.2036069405509489,1.1746357391051525,1.1773560211970573,28505600
2006-11-14,1.228226900100708,1.228226900100708,1.1878294442839936,1.1996629963315755,32083200
2006-11-15,1.2359793186187744,1.2513489026293154,1.2255062218003514,1.2272742910761658,40307200
2006-11-16,1.2486287355422974,1.2517572575191191,1.2309470034330148,1.2418283407504345,26201600
2006-11-17,1.2459087371826172,1.2459087371826172,1.2263224691949608,1.2323071131876713,24064000
2006-11-20,1.2506697177886963,1.2557021493875253,1.230403530984009,1.2357075343633128,20883200
2006-11-21,1.254069209098816,1.2558372784088576,1.2429164047187584,1.2520288417567547,25177600
2006-11-22,1.2698477506637573,1.2710716395899828,1.243052739671669,1.2589664088775818,20697600
2006-11-24,1.26182222366333,1.275152274013123,1.2493087562896963,1.2493087562896963,15078400
2006-11-27,1.2049680948257446,1.2601902382816976,1.2037441022859567,1.249308897905516,55340800
2006-11-28,1.2085040807724,1.215849385375009,1.18810205957958,1.1969429285116582,44339200
2006-11-29,1.228226900100708,1.2354355354773268,1.2061918204285433,1.2295866264321484,36140800
2006-11-30,1.2244186401367188,1.2391083148834185,1.2140813770561754,1.2295868047022993,44883200
2006-12-01,1.2080966234207153,1.230266609977303,1.1834770951906277,1.2272747550317962,59769600
2006-12-04,1.2384272813796997,1.2479487885473692,1.2072797680190015,1.2129928383549964,33427200
2006-12-05,1.244411826133728,1.253116853575208,1.2336672615902902,1.2456366483792969,24160000
2006-12-06,1.2352994680404663,1.2441403337403771,1.2271385172659128,1.2418282909233807,23872000
2006-12-07,1.2051036357879639,1.2479489715145247,1.2044238245252339,1.2418284909350992,42233600
2006-12-08,1.2173455953598022,1.2357071418425383,1.1927260698860953,1.1976226621532036,46950400
2006-12-11,1.2268661260604858,1.2410118238154928,1.208096342240386,1.2125846943608392,27724800
2006-12-12,1.2108168601989746,1.2278186801063624,1.1969427325974538,1.2241459765201232,53401600
2006-12-13,1.213944673538208,1.2261865703669463,1.2010237955283931,1.2257783307266659,31980800
2006-12-14,1.2397879362106323,1.2520290003199952,1.219385090383028,1.2206098090495252,39392000
2006-12-15,1.247949242591858,1.2657676486130933,1.2438682986863032,1.2612783612638025,40691200
2006-12-18,1.2193852663040161,1.264950888318242,1.2127207079015374,1.2569256695639688,45081600
2006-12-19,1.2146257162094116,1.2264584423453917,1.188510617951747,1.2026562183455167,58912000
2006-12-20,1.2062408924102783,1.2453382345991162,1.2050824117236465,1.2453382345991162,31494400
2006-12-21,1.1895877122879028,1.2098606796901528,1.1781477446499304,1.2069644783590974,36409600
2006-12-22,1.1671425104141235,1.1866916226616655,1.1642464192892397,1.186401615825516,48979200
2006-12-26,1.1729350090026855,1.1739488730798056,1.1599028176110382,1.1642466236243545,16716800
2006-12-27,1.1843748092651367,1.1872709004814914,1.1698941322257665,1.1733694637811518,22560000
2006-12-28,1.1743831634521484,1.1845192603340644,1.1659839035140083,1.180899312538138,18995200
2006-12-29,1.1735140085220337,1.1990000294815846,1.1707624237425767,1.174383255653037,24550400
2007-01-03,1.1772794723510742,1.2201422610528243,1.1410773395919795,1.198420804631299,75315200
2007-01-04,1.2195630073547363,1.2281058903975495,1.1693148223807521,1.1780032059921628,43257600
2007-01-05,1.2018963098526,1.212033292957492,1.1887186184920715,1.206820239883682,34419200
2007-01-08,1.209425926208496,1.2228927374069336,1.1946561282487118,1.212033004519015,32780800
2007-01-09,1.2241971492767334,1.2330301520072122,1.196394270034853,1.2166672442449489,50169600
2007-01-10,1.2561986446380615,1.2561986446380615,1.208411936074458,1.2156527147254528,39436800
2007-01-11,1.2771954536437988,1.2858839467740013,1.2554749941697485,1.2561987406538537,47155200
2007-01-12,1.2902287244796753,1.2931249261309492,1.2712588522411228,1.274734183743855,38764800
2007-01-16,1.2902287244796753,1.2948625366429172,1.2796572293964366,1.2902287244796753,40505600
2007-01-17,1.266769289970398,1.2890699809876038,1.2621354791490922,1.2890699809876038,31340800
2007-01-18,1.214929223060608,1.2617010834416544,1.211453891632669,1.2606882138567814,90720000
2007-01-19,1.218549132347107,1.2279613729153604,1.2084121509122798,1.2110191189349229,59116800
2007-01-22,1.1946560144424438,1.225064965005025,1.1859676323743629,1.225064965005025,64390400
2007-01-23,1.1890087127685547,1.2113085284632128,1.185243263600021,1.1976970975633496,46195200
2007-01-24,1.2250653505325317,1.228685299115782,1.199000196125597,1.2034893919606633,38483200
2007-01-25,1.1917603015899658,1.2373736866496567,1.1885740927951358,1.2320161273814012,61868800
2007-01-26,1.1835055351257324,1.201027915674112,1.1743834105923088,1.201027915674112,55136000
2007-01-29,1.1904561519622803,1.2063853155451598,1.1785824438547365,1.1823470086722714,51174400
2007-01-30,1.193642258644104,1.1987106937262633,1.1852429987631998,1.192628394861621,24473600
2007-01-31,1.2084122896194458,1.2194176356119184,1.1748171217550378,1.1878501957035998,71808000
2007-02-01,1.2098604440689087,1.2321601404267009,1.2018958091005372,1.223182636160903,55014400
2007-02-02,1.2202866077423096,1.223038081469551,1.2052266944265526,1.2165211598786045,38931200
2007-02-05,1.2160874605178833,1.2270926929187977,1.207832707626407,1.21623196675175,31225600
2007-02-06,1.210584282875061,1.2214450089609303,1.187705344617004,1.2188380413958961,49286400
2007-02-07,1.239401936531067,1.244470374443617,1.2157981315739794,1.2270934885541462,54099200
2007-02-08,1.2398358583450317,1.2412834618144797,1.220575871469064,1.2310019750040364,28684800
2007-02-09,1.2011724710464478,1.2477998320710189,1.1939316898046213,1.2398361879719255,61971200
2007-02-12,1.1916146278381348,1.2011722585244666,1.1859678358736472,1.200013888401058,40531200
2007-02-13,1.204647421836853,1.2073990059688409,1.1920489758201807,1.1998689942741476,40096000
2007-02-14,1.2407045364379883,1.246062206289704,1.20942621789508,1.2098609520092465,51052800
2007-02-15,1.2538820505142212,1.2538820505142212,1.2376636531398162,1.24229746517839,27660800
2007-02-16,1.249682903289795,1.2515651305579076,1.2380983175716658,1.244179733443036,19801600
2007-02-20,1.264163613319397,1.268362802032674,1.2294099657332542,1.2438906430209138,35174400
2007-02-21,1.2724170684814453,1.2735754384224383,1.2515648628407423,1.2547501868406192,71372800
2007-02-22,1.285884141921997,1.29066246033668,1.2643080749382525,1.2813948360381875,37625600
2007-02-23,1.2742997407913208,1.2829881260191356,1.2634390106792248,1.2829881260191356,23622400
2007-02-26,1.2627147436141968,1.2870422806424486,1.2460618357417688,1.2870422806424486,39673600
2007-02-27,1.1410771608352661,1.2292641919286194,1.1393394401746169,1.2165212385201853,143776000
2007-02-28,1.1655491590499878,1.1881390848535107,1.136733312568763,1.156281536840922,87148800
2007-03-01,1.1533855199813843,1.1782922976882497,1.1060344260583488,1.1302164629792228,109964800
2007-03-02,1.112985610961914,1.1539653025168033,1.112985610961914,1.144408441783011,124332800
2007-03-05,1.0976353883743286,1.1341266467206574,1.0966214139416064,1.1003868629054845,134688000
2007-03-06,1.1377463340759277,1.1433940090714207,1.115011901207235,1.115011901207235,109542400
2007-03-07,1.1273205280303955,1.14324969349137,1.1261620472870084,1.1360089126481896,84012800
2007-03-08,1.1483182907104492,1.1568611751194442,1.1357198396903556,1.1510688816259336,76480000
2007-03-09,1.144263744354248,1.161350397390144,1.1265968565986797,1.1606266506939191,65689600
2007-03-12,1.154834270477295,1.1580195953408128,1.137167384046425,1.137167384046425,41395200
2007-03-13,1.1111018657684326,1.1548340063137388,1.1041512039127745,1.1413671956373324,104352000
2007-03-14,1.1419466733932495,1.1419466733932495,1.095173815705188,1.1125506949162285,152550400
2007-03-15,1.1387604475021362,1.1445527404846736,1.12804521921086,1.1354296221739681,68441600
2007-03-16,1.1345610618591309,1.144407925076472,1.1223973481382403,1.1389048665464876,71257600
2007-03-19,1.1574406623840332,1.1627992172150896,1.1399192718838296,1.1468699371754831,64025600
2007-03-20,1.1729350090026855,1.1730796257703602,1.1538205169788314,1.1555582382460232,51993600
2007-03-21,1.2163771390914917,1.2198524714119685,1.1606267632698746,1.1743835862519063,119865600
2007-03-22,1.209136962890625,1.217825346933611,1.2007377018597376,1.217825346933611,85292800
2007-03-23,1.1985654830932617,1.2149293832849422,1.197407112783713,1.2058063746963277,46451200
2007-03-26,1.2078332901000977,1.212467103471643,1.1745282329320492,1.2020411062447849,62470400
2007-03-27,1.1949735879898071,1.205545727076004,1.1920769677332785,1.2049664030246983,41369600
2007-03-28,1.1702073812484741,1.1949731155423677,1.1678900859594228,1.1835314976763567,92390400
2007-03-29,1.1687593460083008,1.1848344464392928,1.145876114640666,1.1848344464392928,134150400
2007-03-30,1.1728147268295288,1.1858486841383653,1.1513801873545437,1.1723799301017375,75686400
2007-04-02,1.1684695482254028,1.1796210082752958,1.156303967505911,1.1767244993155157,63814400
2007-04-03,1.2022141218185425,1.2084419361219416,1.1812142674494723,1.1830968766097603,67308800
2007-04-04,1.2093114852905273,1.2120625834076815,1.1991731506194148,1.1993176777435708,52313600
2007-04-05,1.222344994544983,1.224373014131363,1.2035178038877261,1.205544939516566,40307200
2007-04-09,1.2164080142974854,1.2310354216091417,1.211194208378148,1.2310354216091417,51251200
2007-04-10,1.2258212566375732,1.2271244314987886,1.2151044831413524,1.2152491207446534,37568000
2007-04-11,1.2007665634155273,1.2230694868191447,1.1942494725379833,1.2230694868191447,65952000
2007-04-12,1.2216216325759888,1.2235042420705204,1.187877089402935,1.2004763633918694,60236800
2007-04-13,1.2259657382965088,1.2284284445549614,1.2049658857957148,1.2187247984845508,52838400
2007-04-16,1.2474006414413452,1.2513112719637567,1.23465584441528,1.23465584441528,45024000
2007-04-17,1.2524693012237549,1.254497321034654,1.241173206568212,1.25000736870732,48000000
2007-04-18,1.2476904392242432,1.2552214283545682,1.233786998179601,1.2424766350206615,36531200
2007-04-19,1.248704433441162,1.2562354224756194,1.2274145306405528,1.2326283347777638,62374400
2007-04-20,1.2675317525863647,1.2772355116972793,1.253772946782615,1.2634765953987834,53209600
2007-04-23,1.268110990524292,1.274483443098099,1.2613038516482005,1.2675316666089698,29760000
2007-04-24,1.2782493829727173,1.2882421952531078,1.2600006251394422,1.2754974011217557,48864000
2007-04-25,1.3150354623794556,1.3156146759009766,1.2807114812440494,1.2880979453226769,53702400
2007-04-26,1.328794002532959,1.3338631695274639,1.3160492082210555,1.3302418150562059,61510400
2007-04-27,1.3302416801452637,1.3312556902329027,1.3141664656317975,1.3180762109669855,105958400
2007-04-30,1.2954832315444946,1.3264768962854603,1.2917182336928672,1.322421628745618,50624000
2007-05-01,1.3034493923187256,1.3034493923187256,1.277091195450723,1.29620844878494,75372800
2007-05-02,1.3201043605804443,1.328649360450383,1.3009871139295868,1.3009871139295868,49568000
2007-05-03,1.3302416801452637,1.3357456433669566,1.3195249073011943,1.325173397622662,55737600
2007-05-04,1.3334282636642456,1.3448698811780055,1.319524823842143,1.3384974298240229,54489600
2007-05-07,1.3303874731063843,1.338207738835224,1.3269116398455985,1.3318352857781608,31603200
2007-05-08,1.3296620845794678,1.3374832310724127,1.3112696889550501,1.3185106277676981,57024000
2007-05-09,1.3395110368728638,1.3483461976654032,1.3208284728162936,1.3222772800738196,56448000
2007-05-10,1.3059108257293701,1.3377729787637405,1.2976558741202828,1.331690574753174,97267200
2007-05-11,1.3366141319274902,1.3370488181740683,1.304028132695577,1.305621466624315,70611200
2007-05-14,1.3173521757125854,1.3424071845954584,1.3038834220124016,1.33719338081272,78387200
2007-05-15,1.2983797788619995,1.3319797917136642,1.2911388378083035,1.316049213119746,89324800
2007-05-16,1.3225659132003784,1.3237245607595127,1.2872279361097752,1.303738829569507,71763200
2007-05-17,1.3083735704421997,1.323435660232963,1.3075040873731059,1.317787058889064,48966400
2007-05-18,1.3298078775405884,1.3300970422347935,1.3119939180450744,1.3179315730594052,54425600
2007-05-21,1.3483459949493408,1.3597867308933782,1.3289386986975111,1.3321253670185245,94963200
2007-05-22,1.3499382734298706,1.3629732258341984,1.339800824241631,1.3476210885179774,48595200
2007-05-23,1.3380630016326904,1.3680425446904119,1.3357458164628604,1.3583388967187138,54054400
2007-05-24,1.3002630472183228,1.3495044696060088,1.2886769016825137,1.334587018561182,123494400
2007-05-25,1.3141669034957886,1.3202493086273352,1.299684134127756,1.3047524183390466,52275200
2007-05-29,1.3309664726257324,1.3364694411761322,1.311124383244811,1.3177868833890483,60640000
2007-05-30,1.3545730113983154,1.3558771809046435,1.3069249138497034,1.31228335663623,72908800
2007-05-31,1.371663212776184,1.3732565471407516,1.3558772691334455,1.3609455530424845,60012800
2007-06-01,1.37050461769104,1.3865807211806314,1.364856125606335,1.376877071437306,51859200
2007-06-04,1.3744149208068848,1.3791940389886375,1.3568901247054208,1.359932155193302,35552000
2007-06-05,1.3762973546981812,1.3762973546981812,1.3499382849647366,1.3671730315803314,86380800
2007-06-06,1.3448703289031982,1.363552892471026,1.340235847419617,1.362394244476442,93094400
2007-06-07,1.2999733686447144,1.3564566314866697,1.2999733686447144,1.3389317208969898,156672000
2007-06-08,1.3348761796951294,1.337193475092938,1.2940352294928321,1.3046074753901102,104294400
2007-06-11,1.32951819896698,1.3509526345742113,1.3272009029582224,1.335166690859393,55513600
2007-06-12,1.3115592002868652,1.3412486925884115,1.309386542386765,1.3147458683354278,96966400
2007-06-13,1.3374836444854736,1.3447245855362795,1.3153252510830666,1.3222770274093112,89619200
2007-06-14,1.3610910177230835,1.367173311742826,1.3479114249082222,1.3479114249082222,51564800
2007-06-15,1.3867254257202148,1.391069858867723,1.3729666176545012,1.3729666176545012,42892800
2007-06-18,1.3852760791778564,1.391648419748196,1.3797731110062517,1.3897659213296343,30707200
2007-06-19,1.3835381269454956,1.3907799505092682,1.3707933351341404,1.377021148706385,49184000
2007-06-20,1.358773112297058,1.3933862402401196,1.3555864451306578,1.3848421270185844,69433600
2007-06-21,1.384263277053833,1.3862904135255059,1.3457386235234967,1.3592073796673185,97856000
2007-06-22,1.3571799993515015,1.3810763606592298,1.3482002040654997,1.3741245854384345,127193600
2007-06-25,1.3505178689956665,1.3719523033457175,1.3299528073295523,1.3589183427715934,94553600
2007-06-26,1.3353108167648315,1.3566007188348979,1.3251733679885298,1.3566007188348979,103520000
2007-06-27,1.3657251596450806,1.3703596398012179,1.3230007176744802,1.3248833267606275,100000000
2007-06-28,1.3692013025283813,1.3864350578471505,1.3650006237014758,1.3664493203398103,84198400
2007-06-29,1.377745270729065,1.3884630391191275,1.3506632319564351,1.3823797514357228,98572800
2007-07-02,1.3952699899673462,1.3967178022965465,1.376441910499204,1.378035244375955,60780800
2007-07-03,1.411345362663269,1.4114908842385767,1.3965734310905276,1.4003385394266,37523200
2007-07-05,1.4274214506149292,1.437849060318243,1.4101868123886145,1.4114908713226044,69324800
2007-07-06,1.4446561336517334,1.445670143844337,1.4223522187091615,1.4352425346151356,49600000
2007-07-09,1.4459588527679443,1.4505934425153106,1.4350965606712296,1.4439318274743282,41664000
2007-07-10,1.4223521947860718,1.445670119529054,1.4190218834979569,1.4323460015135054,69132800
2007-07-11,1.4463939666748047,1.4463939666748047,1.4117799470039714,1.4148210933323089,72134400
2007-07-12,1.4837591648101807,1.4895522935172205,1.4463941531429483,1.4484212896372426,63712000
2007-07-13,1.5056281089782715,1.507656129046323,1.4844837291023636,1.4870901890231039,59699200
2007-07-16,1.5040348768234253,1.5150418089765176,1.4950560753702276,1.5025870644256742,57894400
2007-07-17,1.5190973281860352,1.5267738406290563,1.5041807575728134,1.5066425806610264,52633600
2007-07-18,1.5206903219223022,1.5206903219223022,1.4868011469072717,1.5054835954946437,82022400
2007-07-19,1.5273529291152954,1.5476288235881663,1.525180271129671,1.5341591838372854,63494400
2007-07-20,1.5144623517990112,1.5296699606202475,1.4928832861402739,1.525614804524722,92166400
2007-07-23,1.5120009183883667,1.525035872951549,1.5025873185951133,1.519242743970265,62291200
2007-07-24,1.4708696603775024,1.5127246237414103,1.450304601423966,1.4886837319318287,145600000
2007-07-25,1.4728974103927612,1.4860760034473839,1.4513173523899268,1.4808622002640301,100384000
2007-07-26,1.440311074256897,1.4731872418951015,1.3907804740678886,1.464932289189941,212934400
2007-07-27,1.3829587697982788,1.4536347230787643,1.3829587697982788,1.4392974817932915,217145600
2007-07-30,1.4219180345535278,1.429303611221699,1.385566049622248,1.400772773091083,214092800
2007-07-31,1.3613799810409546,1.4433529302349346,1.3544282048605094,1.4417595961727552,228902400
2007-08-01,1.3778908252716064,1.3806419232711735,1.3282147112244005,1.3516763905376812,324076800
2007-08-02,1.4051183462142944,1.4084486572763542,1.3723868248148003,1.3831044818183371,120908800
2007-08-03,1.349359154701233,1.4028012632904658,1.3324145648091676,1.3990352709506773,161267200
2007-08-06,1.375862717628479,1.3828144936615467,1.3280700999234651,1.352545677405923,187257600
2007-08-07,1.3928073644638062,1.3975873667506975,1.3524012073607186,1.3725314698811235,139993600
2007-08-08,1.4336491823196411,1.4424834573430398,1.4048282882115735,1.4122147507270726,137734400
2007-08-09,1.3621037006378174,1.4372693874143743,1.3532694272455963,1.417138134439145,223526400
2007-08-10,1.3364694118499756,1.3705041053156026,1.3028694046040992,1.3357455609537923,273875200
2007-08-13,1.353848934173584,1.3725313829830719,1.3505176285835836,1.363841745996293,117228800
2007-08-14,1.3106911182403564,1.3647116776083525,1.3092424213699037,1.3579045370850424,161376000
2007-08-15,1.2621731758117676,1.3269113721312449,1.2576832226676118,1.3037389709099674,190828800
2007-08-16,1.2332075834274292,1.2611591010545424,1.1786078333859449,1.2514553443213294,437721600
2007-08-17,1.2770909070968628,1.2972212824692182,1.2427660447692372,1.2614494914019614,189926400
2007-08-20,1.2853457927703857,1.3020012179157006,1.2673871926214964,1.2911389216717273,153952000
2007-08-21,1.3215519189834595,1.3243039003349755,1.2837521192392918,1.2908484212684581,120620800
2007-08-22,1.3524014949798584,1.3560218557805552,1.3327049201100092,1.3348765841166288,110560000
2007-08-23,1.346897006034851,1.3663044085686769,1.3303871064567387,1.361379769540602,138361600
2007-08-24,1.3867254257202148,1.3874493874167018,1.3360352895734557,1.340525133830942,93126400
2007-08-27,1.3594976663589478,1.3845525716427372,1.3587737047646977,1.3771661081790587,72812800
2007-08-28,1.3012758493423462,1.3610903867192867,1.3008420471541557,1.3526899167347315,178016000
2007-08-29,1.3728216886520386,1.376007473023704,1.3176426039166418,1.3186557301966013,131680000
2007-08-30,1.3939659595489502,1.4117800307359638,1.354862978843135,1.3681870965955198,196979200
2007-08-31,1.4182971715927124,1.430897439791141,1.4052631010270544,1.419311181863743,143507200
2007-09-04,1.4678285121917725,1.4852078974423526,1.426262824087907,1.426262824087907,119251200
2007-09-05,1.4375593662261963,1.4678280634568002,1.418875927834934,1.4678280634568002,164499200
2007-09-06,1.4337939023971558,1.446683334922978,1.4158353026389916,1.442048854001686,128972800
2007-09-07,1.3864346742630005,1.4032347330486126,1.364566443787756,1.4006282731640145,201273600
2007-09-10,1.384263277053833,1.409752976783517,1.3566009192819326,1.403090365044232,178432000
2007-09-11,1.4193110466003418,1.4226423523372693,1.3917942114952226,1.3954146819511635,141196800
2007-09-12,1.4255391359329224,1.444077062025683,1.4104770433588656,1.4142421521470472,114886400
2007-09-13,1.431766390800476,1.442048476229598,1.4193107638907647,1.4403105049038805,111219200
2007-09-14,1.4316209554672241,1.4400214269507925,1.4065660570135097,1.4120699094464673,86931200
2007-09-17,1.4075801372528076,1.4275658704937415,1.3990350277562622,1.420324930227011,100806400
2007-09-18,1.4810081720352173,1.4837591595594646,1.4126494966224807,1.4265529391733314,165324800
2007-09-19,1.4898422956466675,1.5138831860996707,1.4782560394539936,1.4983872949448063,145990400
2007-09-20,1.4802830219268799,1.4940419345273674,1.4739105706335611,1.4827458386642356,96998400
2007-09-21,1.4982417821884155,1.5102627247118023,1.4911454792279084,1.4962146458959118,74963200
2007-09-24,1.5144623517990112,1.5358968903685675,1.4994002645194047,1.506642088238771,102547200
2007-09-25,1.5408220291137695,1.5432838523723442,1.5001257039627096,1.5011388304195261,82636800
2007-09-26,1.5545803308486938,1.5692076214128723,1.545165849522665,1.5571866802204104,99923200
2007-09-27,1.5750010013580322,1.5765943354246934,1.5602280763896221,1.576448813859798,71392000
2007-09-28,1.5655874013900757,1.5789116298895636,1.5486419289703166,1.5723936560204377,90483200
2007-10-01,1.592380166053772,1.6074422547004306,1.5679045896752903,1.5680492272723154,89824000
2007-10-02,1.5960006713867188,1.600635151803473,1.5809386929033145,1.5967246328508624,72844800
2007-10-03,1.571380615234375,1.601359274653875,1.5670352990853837,1.589483852462123,78572800
2007-10-04,1.578621506690979,1.5854286454343327,1.557186964220977,1.5820973396203961,70720000
2007-10-05,1.6516143083572388,1.6516143083572388,1.6007795582199495,1.605704197083738,120684800
2007-10-08,1.6640703678131104,1.6666768282754503,1.6395937936176526,1.6446629608833603,80102400
2007-10-09,1.6828973293304443,1.6855047840486432,1.660159612601667,1.6743523296195708,99353600
2007-10-10,1.6923110485076904,1.6923110485076904,1.6698634893521525,1.6804356261934896,102982400
2007-10-11,1.6430693864822388,1.7149038859798669,1.610628024562764,1.7067935731236796,207078400
2007-10-12,1.690572738647461,1.690572738647461,1.6427801262944017,1.650311114866713,105504000
2007-10-15,1.6623319387435913,1.6972352291450872,1.6356837082248865,1.6914421019252392,119532800
2007-10-16,1.6546558141708374,1.6714557654731887,1.6352494025166702,1.6430695570352774,129670400
2007-10-17,1.6899938583374023,1.6946283392554304,1.634235339210473,1.6915871925013384,154982400
2007-10-18,1.7014352083206177,1.708386873347364,1.6611735829942085,1.6742075405641452,142662400
2007-10-19,1.6200424432754517,1.7015797024236505,1.6146831178112606,1.7014351753282717,293971200
2007-10-22,1.654222011566162,1.6574077958237154,1.591221779837253,1.5957116229810315,272115200
2007-10-23,1.7115733623504639,1.7248974776719403,1.6718901810469102,1.6875314809703028,173945600
2007-10-24,1.701000690460205,1.7080979886959562,1.624387172538822,1.694628348223407,341177600
2007-10-25,1.6817389726638794,1.709836018463101,1.6329322282481082,1.7017255936675626,259436800
2007-10-26,1.7028839588165283,1.7241729778475203,1.6760900924915934,1.7156287521008575,192032000
2007-10-29,1.7195384502410889,1.7305453828654704,1.7017253736738873,1.7208426195505864,182022400
2007-10-30,1.7198288440704346,1.7445945839729227,1.7043320664338135,1.708387223613287,148761600
2007-10-31,1.773704171180725,1.7777593270224614,1.7079519738538045,1.7350350006358348,211872000
2007-11-01,1.720552682876587,1.7625531692791354,1.707663250681871,1.752414724580149,318470400
2007-11-02,1.7388008832931519,1.7414072323401433,1.683620823223371,1.7325729598708774,273952000
2007-11-05,1.7176557779312134,1.7324287009779515,1.6817385853050963,1.716641767887683,210304000
2007-11-06,1.7458977699279785,1.7499529268761729,1.6941945188385006,1.7388014662581177,196921600
2007-11-07,1.6642146110534668,1.743000768563693,1.659289972076938,1.7063596159462526,251430400
2007-11-08,1.5453112125396729,1.6698629435491728,1.507365894370652,1.6698629435491728,478278400
2007-11-09,1.4574005603790283,1.5308284927537121,1.455518062036018,1.5018629679764546,403564800
2007-11-12,1.3809318542480469,1.471448915334987,1.3787591963898094,1.4518969835159727,346969600
2007-11-13,1.4927387237548828,1.5004143501178944,1.4191662550463664,1.425973392893942,286867200
2007-11-14,1.4724630117416382,1.5387936644736302,1.4471179502857159,1.5387936644736302,293459200
2007-11-15,1.4446561336517334,1.4849177635896322,1.416704611760883,1.4517524370841814,276947200
2007-11-16,1.4730422496795654,1.4802831902684863,1.4149666620311732,1.4627592787031456,282041600
2007-11-19,1.4355318546295166,1.4784008301913765,1.4185871548454134,1.4559522769388313,321907200
2007-11-20,1.44624924659729,1.4965037917883282,1.3899106411809534,1.4555182066070862,462284800
2007-11-21,1.401931643486023,1.460732073795758,1.3851315836802267,1.4219182606353473,405222400
2007-11-23,1.4361114501953125,1.4474084344970388,1.4142422167252224,1.4337941540805257,116320000
2007-11-26,1.397587537765503,1.4715938272580256,1.3867252409020152,1.455373087508093,315123200
2007-11-27,1.4407453536987305,1.451028323457421,1.3978762767384112,1.4177174814132958,361331200
2007-11-28,1.5272072553634644,1.5457451762931753,1.477532142040799,1.4839044833011843,313740800
2007-11-29,1.5387934446334839,1.5567520409455262,1.513159222116811,1.5206902107332418,288147200
2007-11-30,1.5273529291152954,1.60541436594691,1.502152505267288,1.60541436594691,439148800
2007-12-03,1.4994003772735596,1.5358970058672505,1.4941865731887467,1.5099735069957583,186739200
2007-12-04,1.4850634336471558,1.5005593274730185,1.468263480816203,1.474490301793397,284204800
2007-12-05,1.5376352071762085,1.5486421416238292,1.5133041528942175,1.5250359328969894,294969600
2007-12-06,1.5719598531723022,1.584125433886101,1.5395184887600615,1.5484972908490826,244672000
2007-12-07,1.5825316905975342,1.6003456470148358,1.5663109573385323,1.6003456470148358,246080000
2007-12-10,1.5918010473251343,1.6029525072734365,1.5813734383733475,1.5849939087979887,188812800
2007-12-11,1.523152232170105,1.6135246598527893,1.5148972810706944,1.596724708976621,340819200
2007-12-12,1.5435738563537598,1.5847048637545529,1.4946215886294751,1.5645736044182967,303686400
2007-12-13,1.520835041999817,1.537490465707776,1.4995460216275578,1.5205457667865787,317657600
2007-12-14,1.4975179433822632,1.5358970722615835,1.4962146580468083,1.5067869042682296,254803200
2007-12-17,1.4288699626922607,1.4956352912477129,1.4243800098161672,1.4908561736939587,345606400
2007-12-18,1.431476354598999,1.4560975619133865,1.393821189932921,1.4560975619133865,362284800
2007-12-19,1.4446561336517334,1.4504492621673712,1.418007897172429,1.432490663214156,329580800
2007-12-20,1.504449486732483,1.5056704105930294,1.4513404631357925,1.4765212318320342,328115200
2007-12-21,1.5566425323486328,1.5566425323486328,1.5293247351865455,1.5357348775223192,217875200
2007-12-24,1.5749561786651611,1.5847233397395386,1.5511487381005844,1.5511487381005844,62067200
2007-12-26,1.5909796953201294,1.596931786230088,1.5577107439904114,1.5708349181529448,111123200
2007-12-27,1.5467228889465332,1.5885380802151674,1.541076552114827,1.5799918451459374,156108800
2007-12-28,1.5424498319625854,1.5673258972789197,1.5245944873878583,1.5609156385567537,190265600
2007-12-31,1.5142170190811157,1.544281374218086,1.510248608035326,1.5262726846062196,148998400
2008-01-02,1.4658384323120117,1.5261203733534643,1.4470677990913823,1.5169636744000925,474828800
2008-01-03,1.4742321968078613,1.482778549722483,1.4478306135038694,1.462786061610455,330675200
2008-01-04,1.346648097038269,1.427990078549446,1.3361181823189023,1.4261586928486718,620403200
2008-01-07,1.3292509317398071,1.3562630874512225,1.2912498786168518,1.3474110979767657,848998400
2008-01-08,1.2680526971817017,1.3645034672400072,1.2639329234114007,1.3362705061118854,790464000
2008-01-09,1.3086481094360352,1.319178141638852,1.2389046642095747,1.2701899373554653,1060332800
2008-01-10,1.3094110488891602,1.3423751814089158,1.2823988916807707,1.2903347811401122,1146156800
2008-01-11,1.2732425928115845,1.3094114583390635,1.2491293948132332,1.3094114583390635,668806400
2008-01-14,1.3065111637115479,1.318567759061009,1.2819408542249795,1.2975078098211923,574457600
2008-01-15,1.2468405961990356,1.2917079800306754,1.2288317930755137,1.2827036949026325,679347200
2008-01-16,1.2102136611938477,1.258285649003091,1.181216892438545,1.2207435770547834,968864000
2008-01-17,1.1769438982009888,1.2402781403974872,1.1677870841804219,1.2233379645992022,962131200
2008-01-18,1.170534372329712,1.2160122094946604,1.1554254702536928,1.1928152407536903,866348800
2008-01-22,1.1068949699401855,1.144132348165574,1.0278423874904352,1.0463081990810232,1192723200
2008-01-23,1.1166619062423706,1.1195618047920317,0.9848051283034683,1.0328781714772226,1652576000
2008-01-24,1.1491689682006836,1.1516106998589015,1.1073527271441914,1.1177303486674999,814208000
2008-01-25,1.098806381225586,1.1986151072271443,1.0974331620046642,1.1986151072271443,944288000
2008-01-28,1.1155941486358643,1.1247509616694658,1.082171967357162,1.1017062844859116,713836800
2008-01-29,1.1207826137542725,1.1365018646724705,1.1046062440479845,1.1320763353763668,500620800
2008-01-30,1.1194093227386475,1.169007993998849,1.111167794345873,1.1140676927134252,832857600
2008-01-31,1.1453527212142944,1.1812167460200624,1.0917865823469213,1.0937702632992454,986067200
2008-02-01,1.1827434301376343,1.1963256555467188,1.1462689396826788,1.175264776361866,750764800
2008-02-04,1.141385555267334,1.1836588011107987,1.138485656733517,1.1815227078601198,466259200
2008-02-05,1.0870559215545654,1.1314662006432996,1.0812561233736366,1.1081158769061974,784569600
2008-02-06,1.0408138036727905,1.1087259813341488,1.032878030825502,1.0952960506843599,638035200
2008-02-07,1.062179446220398,1.0879706773857167,1.009222833240972,1.016548260123578,1040883200
2008-02-08,1.0759152173995972,1.0873604204106577,1.0467661489687443,1.0591274525850156,685952000
2008-02-11,1.1000272035598755,1.1096419494589558,1.076067359706761,1.0899552225088076,561113600
2008-02-12,1.0919394493103027,1.1282606079664805,1.0737783460303438,1.1142203279262368,661849600
2008-02-13,1.1308553218841553,1.1407748919476501,1.1055213256035588,1.1145256102598218,470393600
2008-02-14,1.0951435565948486,1.1390957631333034,1.091633197099216,1.1390957631333034,708710400
2008-02-15,1.09117591381073,1.0952956866488983,1.0701150407845201,1.0841553123121848,494227200
2008-02-19,1.0807987451553345,1.1201722070103945,1.0605006207294192,1.1163571395245655,607513600
2008-02-20,1.0907185077667236,1.1001799140495692,1.059433225677437,1.0598903445682377,685689600
2008-02-21,1.074083924293518,1.1175780933242643,1.0635529591770423,1.1125421016472656,594752000
2008-02-22,1.0835453271865845,1.0835453271865845,1.0356256286113292,1.0791197975625013,707392000
2008-02-25,1.0879708528518677,1.0983484746895809,1.0627900795684615,1.0771361121938505,601376000
2008-02-26,1.09804368019104,1.1191037479254438,1.0644690820588547,1.0772885524011089,669926400
2008-02-27,1.1050633192062378,1.1171199153617097,1.078661738394781,1.083392906519837,607328000
2008-02-28,1.0812557935714722,1.1200197223440707,1.0812557935714722,1.1003329926982333,550195200
2008-02-29,1.0490554571151733,1.0821721210300481,1.037151272466648,1.0757618619746436,793939200
2008-03-03,1.026315450668335,1.043408036310272,1.0081554007368816,1.040355726499008,770668800
2008-03-04,1.0347093343734741,1.0449345425833187,0.9970139215069609,1.0144121447131125,1067334400
2008-03-05,1.0545495748519897,1.0682842151702552,1.0321153548365376,1.043561606443151,991846400
2008-03-06,1.0008301734924316,1.0563809423802444,0.9983883251557757,1.0476813628375246,798937600
2008-03-07,0.9954882264137268,1.0246372868211864,0.9660343425791845,0.990452236013352,1026643200
2008-03-10,0.9558093547821045,1.0009825580979308,0.9556570012411056,0.9954885159232446,865478400
2008-03-11,1.0424928665161133,1.0438662023245104,0.9715285475808546,0.9877049763388137,963321600
2008-03-12,1.022195816040039,1.0606539934396426,1.0202110866812009,1.041730135762614,734310400
2008-03-13,1.0386780500411987,1.0542439605692708,0.9829738192156238,1.0023558456362343,1361625600
2008-03-14,0.9968620538711548,1.0576021757505016,0.9788542903765736,1.0572964206672113,1296870400
2008-03-17,0.9712228178977966,0.9918256487345769,0.9463468112130305,0.9564197254501923,1173900800
2008-03-18,1.0553123950958252,1.0576018315948144,0.9939618309180115,1.0012872592521365,964576000
2008-03-19,1.0026615858078003,1.0663005423384828,0.9996092753076397,1.0609587952041561,1051552000
2008-03-20,1.0310463905334473,1.0415764204307218,0.9954881243126309,1.0078494232585835,781843200
2008-03-24,1.1155941486358643,1.1213930133467829,1.049818181841599,1.0504286438060866,675667200
2008-03-25,1.1239874362945557,1.1361963293222965,1.0977381474559849,1.1174258126873733,666425600
2008-03-26,1.1018589735031128,1.1256665328902487,1.0939231979965716,1.1175783455971255,616620800
2008-03-27,1.079271912574768,1.1090314341796779,1.0682838316767018,1.1047583174823628,647513600
2008-03-28,1.0629428625106812,1.1012487577133385,1.0504291431096435,1.0881245760576401,655161600
2008-03-31,1.0675214529037476,1.0835455315123934,1.0571439455051008,1.0640112081652322,513881600
2008-04-01,1.157257080078125,1.1629034168066346,1.1026214893007238,1.1056736827886018,625817600
2008-04-02,1.1651928424835205,1.182285428588934,1.1394017262402794,1.1641243302616051,643724800
2008-04-03,1.167176604270935,1.1760285937757597,1.1374169621286851,1.140316860197861,605100800
2008-04-04,1.1729766130447388,1.1980049782592075,1.1505423916954827,1.1731290248185073,755507200
2008-04-07,1.1664139032363892,1.2009037865298133,1.1627512473677202,1.186252930187676,670982400
2008-04-08,1.1560364961624146,1.1661083650471955,1.1386382662746966,1.1511529152850535,531545600
2008-04-09,1.1308553218841553,1.153899067056718,1.111015366721184,1.1517629741829005,801152000
2008-04-10,1.1577154397964478,1.1712976695180801,1.1265825688762912,1.1265825688762912,785804800
2008-04-11,1.0956019163131714,1.1337544548084302,1.0849185395335705,1.1296346801847843,1047289600
2008-04-14,1.0797301530838013,1.1017063187540619,1.0769826666401467,1.0894973119519797,834406400
2008-04-15,1.0812557935714722,1.0949913629706938,1.062637576165093,1.0919391694602698,934470400
2008-04-16,1.161224126815796,1.1618345886341106,1.1102522532749808,1.1120836387299244,908249600
2008-04-17,1.1636663675308228,1.1690079975723737,1.125971880251536,1.147794704189409,775168000
2008-04-18,1.2100603580474854,1.2231854654109793,1.1879317805254044,1.2030406855864941,1033152000
2008-04-21,1.2262378931045532,1.230815834926996,1.201209529040546,1.2063979329662256,628748800
2008-04-22,1.2025823593139648,1.2155541204927034,1.1712970920403847,1.2117390541445399,728972800
2008-04-23,1.2154017686843872,1.2289839923789811,1.197240673397248,1.209603021241893,718752000
2008-04-24,1.2318838834762573,1.2671374453856148,1.1946465242374649,1.2218120193849258,963091200
2008-04-25,1.233105182647705,1.244093150412348,1.203345535670685,1.243177981275324,660928000
2008-04-28,1.2373781204223633,1.2578285382108385,1.2329525913303445,1.239515144836447,462329600
2008-04-29,1.2526394128799438,1.2654587659019185,1.2291376149741626,1.2321898086173781,662572800
2008-04-30,1.233867883682251,1.281025755410172,1.2266959153923072,1.2627122437712872,844825600
2008-05-01,1.311090111732483,1.3149051792461735,1.235242154393369,1.235242154393369,1120076800
2008-05-02,1.3254350423812866,1.339628662481939,1.2946079335203988,1.339628662481939,1012832000
2008-05-05,1.308342456817627,1.3315395474192018,1.2973544899594167,1.3152107656942835,642604800
2008-05-06,1.337033748626709,1.337033748626709,1.2837724165279265,1.301170644073441,889068800
2008-05-07,1.2849926948547363,1.3414596573295667,1.2685106911740016,1.3266555795376476,1013568000
2008-05-08,1.2866723537445068,1.3124635938759255,1.2790412857195275,1.288351328430503,1090342400
2008-05-09,1.2859094142913818,1.2990335919528109,1.2692739445050418,1.2752260370018236,889708800
2008-05-12,1.3339812755584717,1.3377973908146743,1.2852988225266897,1.2895719401438563,755699200
2008-05-13,1.3417645692825317,1.345274929101455,1.3144467766169177,1.3347448975480443,888793600
2008-05-14,1.3306243419647217,1.3773231125095984,1.3289453677272776,1.3498529050310837,893184000
2008-05-15,1.3826647996902466,1.3826647996902466,1.3261988677931722,1.3333709523544286,880646400
2008-05-16,1.3826647996902466,1.3870903291244618,1.3510738851273612,1.3857171097778036,776800000
2008-05-19,1.369234561920166,1.4069299685877783,1.344968966190816,1.383885296516549,1040748800
2008-05-20,1.3443591594696045,1.351990343569454,1.3208574737184218,1.3512274696703341,926176000
2008-05-21,1.2891138792037964,1.3593153793863548,1.2735469234967458,1.3439018833243392,1023104000
2008-05-22,1.2865197658538818,1.30788547069417,1.278278237547714,1.2877406898867496,946060800
2008-05-23,1.282246708869934,1.2904871896626608,1.2621019271089258,1.2811780800978476,738931200
2008-05-27,1.3255881071090698,1.3304716857151235,1.2868241852489826,1.2874346471289515,792563200
2008-05-28,1.3410018682479858,1.343901766264924,1.312005100319121,1.340543701593499,839865600
2008-05-29,1.3654202222824097,1.3765606035310363,1.3379500075250053,1.339018520053419,882828800
2008-05-30,1.3811392784118652,1.3910588503586585,1.3649619754447024,1.3719825802885992,730227200
2008-06-02,1.3501588106155396,1.373508198493059,1.3210096256474189,1.3730501481888266,987193600
2008-06-03,1.3336766958236694,1.3719825791596145,1.3055961394109294,1.3550424023828644,1074073600
2008-06-04,1.3564153909683228,1.3826646731503867,1.3203989502674047,1.3217722859221013,982099200
2008-06-05,1.4076932668685913,1.4124245516217047,1.361299197927019,1.369540726872008,902118400
2008-06-06,1.314447045326233,1.389685590413187,1.314447045326233,1.3837333816835986,1139174400
2008-06-09,1.3118528127670288,1.3306243739347516,1.2642378241381629,1.326503551629667,1036710400
2008-06-10,1.2947602272033691,1.3171944440013013,1.2767525876702197,1.2830093866201282,933209600
2008-06-11,1.2353949546813965,1.2950665657891605,1.2323427597023744,1.291403908527579,1009939200
2008-06-12,1.237683892250061,1.2723261864837532,1.213723111792231,1.2514185312423594,923110400
2008-06-13,1.2840783596038818,1.2895724032084104,1.2376842782955106,1.250960871142829,803302400
2008-06-16,1.3025436401367188,1.3191781759496284,1.2694270966798602,1.2726317018663533,713766400
2008-06-17,1.2961337566375732,1.3214678755154934,1.289724544987112,1.315821421295584,659014400
2008-06-18,1.2674425840377808,1.288808172750697,1.255386919618576,1.2784305511899694,866617600
2008-06-19,1.3033064603805542,1.318109609655182,1.2440929318123464,1.260727466942821,1059968000
2008-06-20,1.2392094135284424,1.2843826687228936,1.2231854559961697,1.2840778452499313,1279577600
2008-06-23,1.2115871906280518,1.2518767592586688,1.2102139710446933,1.2447037419912128,924038400
2008-06-24,1.2039997577667236,1.2317862348604556,1.1826251593304538,1.204152232954069,938208000
2008-06-25,1.229953646659851,1.263542322614869,1.2094956538962067,1.2133123079848327,971648000
2008-06-26,1.1429297924041748,1.196213300761097,1.1397229205183619,1.1942287932488893,1457721600
2008-06-27,1.1461354494094849,1.1530055688065048,1.1068980752276543,1.1398760461195958,1126060800
2008-06-30,1.1198753118515015,1.150258061584847,1.1160586562603914,1.1343797912161058,830841600
2008-07-01,1.1491888761520386,1.1504101917206675,1.0923935670937064,1.0997219264341658,1242892800
2008-07-02,1.0928523540496826,1.164609367970672,1.0894930065437312,1.1545333056507232,1203097600
2008-07-03,1.087049961090088,1.1101042366639278,1.071324163786508,1.1062875805564283,739436800
2008-07-07,1.1035385131835938,1.1288831684329657,1.0696451154099251,1.1101037974132262,1230918400
2008-07-08,1.1426234245300293,1.155600702688031,1.0955994574744377,1.1053706804845995,1523456000
2008-07-09,1.0991114377975464,1.157586431867081,1.0919354356528639,1.1525474120836352,1279372800
2008-07-10,1.1180428266525269,1.1250654188411304,1.0742246889007525,1.0965157609792557,1150080000
2008-07-11,1.0835379362106323,1.1177372196052715,1.0485754615979739,1.095599549066963,1525894400
2008-07-14,1.0678129196166992,1.113309686154837,1.0595679629463568,1.1114776547558973,1135936000
2008-07-15,1.063232183456421,1.1003325679560145,1.0220103105601857,1.0551406334758906,1623366400
2008-07-16,1.1140731573104858,1.1212491590102687,1.0522397524097833,1.0716298434228768,1204550400
2008-07-17,1.109340786933899,1.1435400688497201,1.102012311139423,1.1313259813529841,1253017600
2008-07-18,1.0952945947647095,1.1104087394740492,1.0868972782355506,1.1104087394740492,938035200
2008-07-21,1.096210241317749,1.1125467496834727,1.0784998257143719,1.103233766939522,710099200
2008-07-22,1.0952945947647095,1.0952945947647095,1.0479647417547147,1.0555989835507928,1166649600
2008-07-23,1.1203334331512451,1.1452188004611732,1.0885768991071914,1.0942255854657446,1333984000
2008-07-24,1.0820118188858032,1.1311727786288666,1.076363014978324,1.1310204199215568,1001952000
2008-07-25,1.1110196113586426,1.1244551333183512,1.089645129117637,1.100027070412779,740652800
2008-07-28,1.0772784948349,1.1256763765846785,1.0623168241588115,1.1146838363469664,948441600
2008-07-29,1.1094934940338135,1.1256766001105254,1.0801798146147223,1.0821643219868824,920275200
2008-07-30,1.1285775899887085,1.1395702477616823,1.0934627507895982,1.1221657110439887,979865600
2008-07-31,1.1247605085372925,1.1545325311123604,1.1004849292499896,1.1056763057827022,1066112000
2008-08-01,1.0975841283798218,1.1265929679215783,1.0699501280537422,1.125219177045556,961113600
2008-08-04,1.0755988359451294,1.095141285268846,1.0652168951816317,1.0943782104678086,695328000
2008-08-05,1.1417077779769897,1.1458293826035084,1.0910195192252585,1.0937672168155521,883315200
2008-08-06,1.1759077310562134,1.1870527490903287,1.125676640891878,1.1427763460802782,861612800
2008-08-07,1.1636931896209717,1.1885785562365303,1.1501043800321238,1.1632349487764446,841401600
2008-08-08,1.2093425989151,1.2175875572557664,1.153922123601622,1.158807735792156,954188800
2008-08-11,1.2320919036865234,1.2609473328443965,1.2027781171884806,1.2113280249714045,997164800
2008-08-12,1.2369778156280518,1.2545347114920737,1.2214043786415465,1.2340767099900773,819052800
2008-08-13,1.2310227155685425,1.2527022586034495,1.207968566569951,1.23239662263927,958009600
2008-08-14,1.2604893445968628,1.2704130460022507,1.2203354826077,1.22216763120099,985248000
2008-08-15,1.2612524032592773,1.2756044071195414,1.2441527009681808,1.2641535087371831,829344000
2008-08-18,1.233924150466919,1.2626272259520612,1.2078164146711006,1.26125238665611,825510400
2008-08-19,1.203082799911499,1.2247631555203071,1.18124996917567,1.2136170956047057,831500800
2008-08-20,1.1962130069732666,1.222014976279312,1.1810979289042838,1.2125495172581457,1024723200
2008-08-21,1.1820144653320312,1.1983500445136888,1.1630827310402363,1.180182433405782,808377600
2008-08-22,1.2152972221374512,1.228274386211045,1.1972819704720914,1.198655877878567,689868800
2008-08-25,1.170105218887329,1.2046103862168893,1.1620136676319903,1.2007927991837728,795360000
2008-08-26,1.1653721332550049,1.1818610022200238,1.1490365548482628,1.1688838382329105,838393600
2008-08-27,1.1769753694534302,1.1968237008338853,1.1562114880979144,1.164914804005876,805478400
2008-08-28,1.183388113975525,1.2062889739737594,1.181860799799329,1.1876630095114002,680716800
2008-08-29,1.1462879180908203,1.1788075313919513,1.1375856504217663,1.1720897707338018,879635200
2008-09-02,1.1174322366714478,1.194074819251453,1.1084240887820462,1.1843035967280118,1141542400
2008-09-03,1.0969730615615845,1.1230807874857534,1.0817055136447813,1.113462041267447,1236364800
2008-09-04,1.0262854099273682,1.0878129317485812,1.0233843045827935,1.083843801233188,1763404800
2008-09-05,1.0227735042572021,1.0323923694871517,0.9861314728067466,1.009338100490847,1602617600
2008-09-08,1.0111702680587769,1.051934837507377,0.9801768062332347,1.0472017006276566,1637305600
2008-09-09,0.9731543064117432,1.031781711456332,0.9636879158194047,1.0107119481283158,1255411200
2008-09-10,0.9820093512535095,1.0026207647536423,0.9693370168661638,0.9879639226731094,890912000
2008-09-11,1.0217045545578003,1.025521209603432,0.955748734404499,0.9566652744224002,1328108800
2008-09-12,1.02567458152771,1.0265901314157628,0.9893373849211563,1.003841745234176,977753600
2008-09-15,0.9586498737335205,1.0070477545068295,0.9473513932660574,0.9673521410831295,1582764800
2008-09-16,0.9649092555046082,0.9839934034577287,0.922312540360514,0.9244504541563885,2132230400
2008-09-17,0.8687242865562439,0.949641842825568,0.8649066410330349,0.9412444088125647,2326515200
2008-09-18,0.9314731359481812,0.938954961324992,0.8348297901595696,0.9036867187346738,2372896000
2008-09-19,0.9670473337173462,1.0229261128157323,0.9482680164170668,1.0195676982443742,1062764800
2008-09-22,0.8939154148101807,0.9778865453670772,0.8931522818023556,0.9748329649961495,1072889600
2008-09-23,0.8763574361801147,0.9287253728662992,0.8726931983747331,0.9079614945316664,1784864000
2008-09-24,0.8945262432098389,0.9076558833193389,0.87544203326768,0.886281283967564,1331500800
2008-09-25,0.9036867618560791,0.9410919883718549,0.897884551049027,0.9053664350239442,1528147200
2008-09-26,0.8977319598197937,0.9081138988429961,0.861242290394977,0.8638385031643186,1254144000
2008-09-29,0.724445104598999,0.8705562681479956,0.7145214056927343,0.864295875407029,2718585600
2008-09-30,0.7997148633003235,0.806126741314452,0.742766143674964,0.7476517557002991,1554534400
2008-10-01,0.7787975668907166,0.7949816588638504,0.7575764361190017,0.7878056578411329,1620377600
2008-10-02,0.7160484790802002,0.7667367329778276,0.7006275243366399,0.7658201932169736,1964652800
2008-10-03,0.6832231283187866,0.7615454469282854,0.6787958158334352,0.7241401689456695,2824569600
2008-10-06,0.6192519664764404,0.6543677924204758,0.5598614279893517,0.6502453131849368,3916358400
2008-10-07,0.5572661757469177,0.645970450709426,0.5563496356297419,0.6430693452689507,3110828800
2008-10-08,0.543066680431366,0.6045951399023222,0.5264252765235253,0.5326847386262407,4987097600
2008-10-09,0.5010815262794495,0.5888692528527822,0.4945162411861409,0.5694802116341339,4425280000
2008-10-10,0.5085622668266296,0.5464257780598858,0.44504927084809165,0.48138552644110194,4740928000
2008-10-13,0.6336038112640381,0.6336038112640381,0.5410819683991288,0.5554339690626953,2673683200
2008-10-14,0.5748230814933777,0.6642914722858316,0.5607769612034118,0.6624593240593305,3801804800
2008-10-15,0.46978235244750977,0.5659684201035053,0.46978235244750977,0.5610828077847649,3394016000
2008-10-16,0.5232194066047668,0.5232194066047668,0.4316140666599625,0.4794012732203654,5613836800
2008-10-17,0.5221503376960754,0.567952997875712,0.4972639763932565,0.503829261976002,4111097600
2008-10-20,0.5572661757469177,0.5572661757469177,0.5047458120075626,0.5416927980617026,2546252800
2008-10-21,0.5012339949607849,0.5548233100201366,0.49711151595203057,0.5334487720845894,2752345600
2008-10-22,0.46733948588371277,0.49970670699266956,0.4404685924832025,0.49161515652017884,2978137600
2008-10-23,0.46306464076042175,0.4829129427357163,0.416804673459959,0.4644394508511589,3661382400
2008-10-24,0.4363471269607544,0.4569575707050534,0.38993375523089785,0.39054447128444325,3145766400
2008-10-27,0.41085007786750793,0.45497306332528353,0.402452702483055,0.4238272706509895,2875110400
2008-10-28,0.49680641293525696,0.5023027386610307,0.4149723884521902,0.43863634443279864,3720396800
2008-10-29,0.5021495819091797,0.5392499737677714,0.48138570026159,0.5027602980143661,3313126400
2008-10-30,0.5282573103904724,0.5387917262681458,0.5048982059069935,0.5268835194965862,3164121600
2008-10-31,0.5310060381889343,0.5510057979323263,0.5074935249214393,0.5158909010093421,2557939200
2008-11-03,0.5334486961364746,0.5409295300001179,0.5210812608709872,0.5303951745115353,1531443200
2008-11-04,0.5638303756713867,0.5693267028191366,0.5365022051769296,0.552837721375887,2004947200
2008-11-05,0.502302885055542,0.555738844215238,0.5000124962909979,0.5523804305011895,2146412800
2008-11-06,0.4548206627368927,0.4977222175530318,0.4522254104583983,0.48688203565231136,3151692800
2008-11-07,0.474668025970459,0.4845926583174538,0.4583324757689777,0.4684085640882878,2520390400
2008-11-10,0.4667288064956665,0.49986012205741276,0.4516146621882671,0.4990959990050715,2019488000
2008-11-11,0.44825536012649536,0.4624539268238717,0.43130813421287173,0.4529885263114448,2901536000
2008-11-12,0.4029109477996826,0.43436160154130504,0.4003156957736875,0.4296293966150552,2894784000
2008-11-13,0.45008739829063416,0.45191951723099816,0.3616880307049903,0.39985740340682413,4739315200
2008-11-14,0.4058120846748352,0.44917194094896884,0.4030634252091754,0.4308508642537819,4017075200
2008-11-17,0.39008620381355286,0.4132928898292093,0.38565886184312387,0.39237656375248936,3202387200
2008-11-18,0.38657447695732117,0.3995516711983207,0.36260465391204333,0.39436116624495227,4219782400
2008-11-19,0.34657394886016846,0.4000099212349771,0.34443600559728704,0.3893231169753568,3621836800
2008-11-20,0.3149697780609131,0.36260451356252543,0.31099971686654204,0.33863472891552954,5974124800
2008-11-21,0.3397027552127838,0.3438252336742556,0.30107607611672194,0.3238244892032751,5362598400
2008-11-24,0.3801625967025757,0.3905445384335341,0.3481002313430874,0.35390241341645373,3662035200
2008-11-25,0.3775663375854492,0.39084935418609434,0.3607725188731881,0.3902386381014168,3014950400
2008-11-26,0.4087120592594147,0.41039173204582785,0.3687115895323952,0.3713068121177825,2864876800
2008-11-28,0.40367409586906433,0.4059644558821357,0.39604078555506483,0.4016895598233586,649408000
2008-12-01,0.3436727821826935,0.3867268019964259,0.3422989624570081,0.3867268019964259,2601382400
2008-12-02,0.365658164024353,0.367032013253788,0.34061938470680053,0.35191687615736345,2950828800
2008-12-03,0.3839791715145111,0.3879482432983507,0.3451990821794861,0.3468787551056616,3620761600
2008-12-04,0.3633677363395691,0.38993376913381644,0.3508488430502273,0.37252827362555513,3048198400
2008-12-05,0.39252907037734985,0.39604083385269906,0.3416883485299,0.35634521584603784,3368147200
2008-12-08,0.4236747622489929,0.43481983423727105,0.4070333918449362,0.4099334774795238,2821516800
2008-12-09,0.42031553387641907,0.4453543436596451,0.4096287288709154,0.4125298345342758,2766342400
2008-12-10,0.4198581278324127,0.43481982507164857,0.4114607247400945,0.4253544261323341,2192640000
2008-12-11,0.3966514766216278,0.4294759785578661,0.39252899775720385,0.4168046399723847,1909267200
2008-12-12,0.41207146644592285,0.41726194114652354,0.37955179897040925,0.3856588427611823,2646476800
2008-12-15,0.39771947264671326,0.41497255019248863,0.3859637130674483,0.4139035641600451,1780428800
2008-12-16,0.4351257383823395,0.4384840943771583,0.40459063358703623,0.4351257383823395,2131968000
2008-12-17,0.42489615082740784,0.4369577623413524,0.4149725111773412,0.4270331325928988,1832435200
2008-12-18,0.4111548960208893,0.4310032250846065,0.4019943886055563,0.42565931426041437,1739680000
2008-12-19,0.41573566198349,0.43100321273220615,0.4140559891182214,0.4195522875857906,1661164800
2008-12-22,0.3995516002178192,0.4189416310255943,0.3852005883706232,0.41695709506197604,1603526400
2008-12-23,0.3945135772228241,0.4096286843685934,0.38947551879339953,0.400773038744062,1478828800
2008-12-24,0.39558255672454834,0.3984836622375355,0.3922232102620674,0.39817780911777617,361849600
2008-12-26,0.39588743448257446,0.3989409570595118,0.3920708079066228,0.3989409570595118,294259200
2008-12-29,0.38581132888793945,0.3990943466231471,0.3778721938322883,0.39817780648911355,872089600
2008-12-30,0.4033692479133606,0.40733832015270033,0.3899337849179159,0.39069691795804956,1143532800
2008-12-31,0.4105443060398102,0.42123207197033863,0.40336929378530795,0.4038265737781342,1261484800
2009-01-02,0.4467291235923767,0.4500874799021354,0.4108501041842175,0.4134453565356561,1475475200
2009-01-05,0.4467291235923767,0.4569576286886587,0.43573646619804934,0.44199592797408105,1725651200
2009-01-06,0.45588958263397217,0.46489671272220584,0.45039328365967984,0.45527889569040403,2101619200
2009-01-07,0.4303925335407257,0.44382799565638614,0.4236748024828955,0.4412327436066179,1636352000
2009-01-08,0.4397054612636566,0.44046859420823575,0.4207737013410827,0.4273390150766473,1744870400
2009-01-09,0.42016303539276123,0.44092688618051534,0.41619396345245385,0.4407744692519062,1596710400
2009-01-12,0.4045906066894531,0.4218426939744622,0.39634561991572614,0.42107956101789307,1513324800
2009-01-13,0.4041323959827423,0.4168046972887761,0.39497185798527706,0.404743082984948,1681273600
2009-01-14,0.37985655665397644,0.3977193548495509,0.3755816621299145,0.3939027010627549,1874438400
2009-01-15,0.39100176095962524,0.3984836152133747,0.36535226848075175,0.3778721517350507,2477337600
2009-01-16,0.40077298879623413,0.4056586005546,0.3818411995517517,0.4036740646623124,2330841600
2009-01-20,0.36260464787483215,0.4006206216529018,0.36092497461754375,0.3971088290651297,2157945600
2009-01-21,0.390391081571579,0.3920707546371331,0.36428427954914866,0.3725282768651213,2047974400
2009-01-22,0.38214707374572754,0.39313970080985605,0.36764265459127915,0.3745128026217975,2054265600
2009-01-23,0.38367336988449097,0.39619325402073274,0.36443674421950734,0.3691699396888862,2100006400
2009-01-26,0.3894754648208618,0.40291092608950285,0.38061979130298085,0.3862695260337016,1928780800
2009-01-27,0.39588743448257446,0.40214788669108786,0.39008627158039394,0.3905445416674952,1643763200
2009-01-28,0.42230090498924255,0.43130803336321993,0.40886544534127234,0.40947616128915243,2317088000
2009-01-29,0.4019944369792938,0.41481918384866895,0.3992467678250668,0.4126822016726974,1822316800
2009-01-30,0.38672688603401184,0.4111549477064309,0.3844374869059544,0.4081014545576518,1857670400
2009-02-02,0.39680391550064087,0.4023002141476012,0.37909352926319057,0.3795517992483408,1807820800
2009-02-03,0.40947625041007996,0.4122239194833154,0.3870326965255861,0.3983302160067497,1952128000
2009-02-04,0.4097810685634613,0.4294759611211807,0.40718581670948545,0.4106976085131032,2168153600
2009-02-05,0.4284079670906067,0.43390429475808434,0.39771945813453197,0.39771945813453197,2627801600
2009-02-06,0.4502398371696472,0.45482058581610463,0.4290186788644898,0.43268288756639056,2390707200
2009-02-09,0.4552789628505707,0.45955388856833945,0.4458126003754943,0.45146134623472794,1966048000
2009-02-10,0.4210796058177948,0.45970626332400893,0.41466673734074083,0.4488660525819771,3138188800
2009-02-11,0.41802605986595154,0.42611761089935246,0.40459062679461705,0.42092617491294,2021523200
2009-02-12,0.4274914562702179,0.42825458925812704,0.40184196423471774,0.4073382922767662,2845056000
2009-02-13,0.4229116141796112,0.43314014586968136,0.4198581216403635,0.42443787996031307,2116345600
2009-02-17,0.3908494710922241,0.40230037198443624,0.3856589943514128,0.3966516250786789,2483891200
2009-02-18,0.38978031277656555,0.4016895077026212,0.38046735973516543,0.3952766402767329,2430355200
2009-02-19,0.37863531708717346,0.40000991539286745,0.3763449569101974,0.3949718568413157,2036998400
2009-02-20,0.3797042667865753,0.3879482638553047,0.3679485067568099,0.36962718967347147,2976972800
2009-02-23,0.35359644889831543,0.38520053421861644,0.35039051040189967,0.38474226427967356,2659417600
2009-02-24,0.3755817413330078,0.3819946086410816,0.3563451196055775,0.3574131154484405,2595270400
2009-02-25,0.3713068962097168,0.38688030280742486,0.36016182211556036,0.3729865693765349,3262988800
2009-02-26,0.35115373134613037,0.3809257053554654,0.35084886833576845,0.37588764681752607,2592627200
2009-02-27,0.3438252806663513,0.3557344477298113,0.34077175859471054,0.34367283461507203,2482489600
2009-03-02,0.3221457302570343,0.3435202894157425,0.31771739980510755,0.33390148590170654,2789760000
2009-03-03,0.3215351998806,0.3346648116411314,0.3166495868687011,0.32748880908501843,2486412800
2009-03-04,0.33787062764167786,0.3476418500894034,0.32886349904097645,0.3308480347161489,2718470400
2009-03-05,0.31832820177078247,0.33634441277319627,0.31603880281690544,0.3308480847547964,2543084800
2009-03-06,0.3134426772594452,0.325810146765014,0.29924410741573054,0.32168766663667525,2782803200
2009-03-09,0.2992440462112427,0.325045956986927,0.2971070640272248,0.30733559774263836,2662112000
2009-03-10,0.33573368191719055,0.33741335469421896,0.30932106046274327,0.31176386612456375,2659622400
2009-03-11,0.3458097577095032,0.3526808946526272,0.33527537335523205,0.34489417882103396,2692896000
2009-03-12,0.3691699206829071,0.37161272676335017,0.33909209548292835,0.34642051372425736,2623270400
2009-03-13,0.37191760540008545,0.37420796552114743,0.36062008545136454,0.3702379322645518,2145433600
2009-03-16,0.358329713344574,0.37771974522005614,0.35680245720172354,0.3754293560550584,2177203200
2009-03-17,0.3853529691696167,0.385658822216201,0.3600093328471023,0.36306282545927887,1769350400
2009-03-18,0.39512428641319275,0.40901802036847934,0.3795518693263362,0.3832161079282417,3108902400
2009-03-19,0.3949718475341797,0.40764414850489983,0.38962796511930015,0.40749074146458253,2050752000
2009-03-20,0.3835209012031555,0.4058120071570738,0.37787212737737746,0.3960407545298786,1976985600
2009-03-23,0.4287128448486328,0.42886529089371234,0.3948193569391475,0.40123126380368007,2146688000
2009-03-24,0.4135977625846863,0.42779731894508893,0.41222391350771115,0.4215368676761835,1861984000
2009-03-25,0.4163464605808258,0.4316140154259851,0.39451361952856107,0.4192475371195589,2333324800
2009-03-26,0.44245418906211853,0.44275905207213984,0.4239797061468786,0.42810221467106274,2657696000
2009-03-27,0.42474377155303955,0.43512571119402677,0.4219951125846535,0.432224635301629,1868876800
2009-03-30,0.40321585536003113,0.4110025441563841,0.39252905123905063,0.4105442741005184,1966278400
2009-03-31,0.41237637400627136,0.42825464410781494,0.41008697474932393,0.4114608239714393,1843731200
2009-04-01,0.42382726073265076,0.42596520381253156,0.39695636484844443,0.40077302000762416,1945958400
2009-04-02,0.4510039985179901,0.4642860545154683,0.4358888914778306,0.4389423846257558,2867379200
2009-04-03,0.46749287843704224,0.4682560113550192,0.45237777386271893,0.45878965123476534,1767468800
2009-04-06,0.4647442698478699,0.46657635969684713,0.4470339126648597,0.4558895571850545,1833568000
2009-04-07,0.43924716114997864,0.45436229433487024,0.4343615497787232,0.45436229433487024,1613017600
2009-04-08,0.45588958263397217,0.4603169537727985,0.4424541495494807,0.4488660275706819,1609676800
2009-04-09,0.4832177758216858,0.48520327275682357,0.46917162699679027,0.47192025690957934,1943648000
2009-04-13,0.4819963574409485,0.487035376224178,0.4713095549203551,0.4786379725633854,1383603200
2009-04-14,0.4696298837661743,0.4813856432283825,0.4639811390295546,0.4758893445356245,1497120000
2009-04-15,0.46901917457580566,0.46901917457580566,0.4519195330946934,0.46306460580720843,1583974400
2009-04-16,0.49222585558891296,0.49695899195167265,0.47100367842761715,0.47970693471999537,1849260800
2009-04-17,0.4925316274166107,0.49894350408796906,0.48245455239529433,0.48917228208358066,1452729600
2009-04-20,0.4607752561569214,0.47894289551885466,0.45650033076943125,0.4751262692965495,1469632000
2009-04-21,0.4740571975708008,0.4758893164405863,0.4565002483646194,0.4572633812757153,1668038400
2009-04-22,0.4783320724964142,0.4989435022821003,0.4659655990161106,0.46901909132116093,2092883200
2009-04-23,0.4882568120956421,0.4882568120956421,0.4688667806625244,0.48398188695527633,1472755200
2009-04-24,0.5044399499893188,0.5106994112378265,0.48581401229932475,0.49405800960098223,1593561600
2009-04-27,0.5048981308937073,0.5148218291992741,0.4939055339731862,0.49527932466296676,1499513600
2009-04-28,0.49787476658821106,0.5105470404691581,0.49375321846297615,0.49833300758541804,1285670400
2009-04-29,0.5111575722694397,0.5248988566358811,0.5038291551829807,0.505203004062432,1645292800
2009-04-30,0.5209288597106934,0.5400130668114821,0.5140587408444687,0.5244406808991947,1807251200
2009-05-01,0.5236775279045105,0.5288679735637952,0.5129897060582882,0.5215395558476581,1289958400
2009-05-04,0.5458149909973145,0.5462732899358749,0.5287153561440567,0.5337533829685953,1297952000
2009-05-05,0.5441356897354126,0.5447464059568848,0.5316167643295897,0.5430667325039705,1117676800
2009-05-06,0.543982982635498,0.5534483801267607,0.5265774631244422,0.5526852473419019,1682528000
2009-05-07,0.5180278420448303,0.5516164701024153,0.5087148584134824,0.55070086188956,1719552000
2009-05-08,0.5198599100112915,0.5343643292756363,0.5088672537433296,0.5233716730076744,1620915200
2009-05-11,0.5230667591094971,0.5336011146293599,0.5023028818875515,0.5050505796054013,1182342400
2009-05-12,0.5100886821746826,0.5267310152453752,0.49741734306521457,0.5255096413584134,1319705600
2009-05-13,0.4818440079689026,0.5016923120594785,0.48123332093652765,0.5012340711009428,1499219200
2009-05-14,0.49222585558891296,0.5021494955420834,0.4842866931897181,0.4848974091898645,1184128000
2009-05-15,0.4911568760871887,0.5056612947798591,0.48840923629830213,0.49161517520537656,1045017600
2009-05-18,0.5172646641731262,0.5189443371309378,0.49329484580062827,0.4990960075425068,923884800
2009-05-19,0.5232194066047668,0.5329906335469689,0.5094781163877504,0.5149744461030158,1040729600
2009-05-20,0.5189444422721863,0.5424559662922742,0.5163491606550684,0.5271884116090819,1440819200
2009-05-21,0.5000126361846924,0.5180278889854268,0.49008899380081944,0.5120742510214208,1177772800
2009-05-22,0.49619585275650024,0.5096313133842648,0.4902412844688089,0.5041349859346755,789382400
2009-05-26,0.5340593457221985,0.534822478508977,0.4859662841858319,0.48611873019585955,1449804800
2009-05-27,0.5252040028572083,0.5458154152114553,0.5227611959795933,0.5305478576660841,1290848000
2009-05-28,0.539402425289154,0.5421511138674527,0.5163491430239765,0.5334488456188623,1210444800
2009-05-29,0.5511592626571655,0.5522272297645027,0.5326847770697136,0.5397083628966933,1094265600
2009-06-01,0.5844419002532959,0.5870371815401112,0.5595555400150853,0.5630673613618322,1440185600
2009-06-02,0.5844419002532959,0.5961976898877255,0.5748230927551701,0.5768086480530787,1315769600
2009-06-03,0.5829156041145325,0.5829156041145325,0.5687160772468413,0.5806252733020342,1234854400
2009-06-04,0.5946714282035828,0.5955869781716755,0.5819990984162109,0.5839836636301269,1252921600
2009-06-05,0.5961976647377014,0.6055115797279296,0.583983634709089,0.6016939928108493,1269100800
2009-06-08,0.59161776304245,0.6009307443863274,0.5745181242870482,0.5881060007595066,1068640000
2009-06-09,0.6015413999557495,0.6082590999465803,0.5920760026606401,0.5978771628982504,1092236800
2009-06-10,0.5968083739280701,0.6090224038160565,0.5798621391121638,0.60856509478866,1295692800
2009-06-11,0.5961976647377014,0.6103972499804637,0.5948238156837714,0.5948238156837714,1083513600
2009-06-12,0.5919228196144104,0.5934500175874278,0.5769610901932238,0.5919228196144104,968550400
2009-06-15,0.5664265751838684,0.5809300014122217,0.5572660107355462,0.5803192854674513,1067923200
2009-06-16,0.5565022230148315,0.5761980841215661,0.5552807905173585,0.5722280208170293,1090803200
2009-06-17,0.5658160448074341,0.5768087024542058,0.5528378899165852,0.5597089998389837,1480448000
2009-06-18,0.5629147887229919,0.5719229368151096,0.5568078036289518,0.5645945197576125,898086400
2009-06-19,0.5755871534347534,0.5826097470267407,0.5687160449058186,0.5717695667707883,957408000
2009-06-22,0.543066680431366,0.5678006267882431,0.5400131578578999,0.5648995211705602,1129862400
2009-06-23,0.5400129556655884,0.5476471960490735,0.5325321222791287,0.5461199985259141,1088000000
2009-06-24,0.5575709939002991,0.5661208438011094,0.5481055941024121,0.5488687270732387,989632000
2009-06-25,0.5803194046020508,0.581694243773503,0.548105617049687,0.5513115560919541,1075027200
2009-06-26,0.5824573636054993,0.585815719504457,0.5720754236121518,0.5739075135400694,890060800
2009-06-29,0.5841370224952698,0.5939082461962724,0.5742123917702796,0.5839836154712822,800243200
2009-06-30,0.5816941261291504,0.5937547468562502,0.5736015865460414,0.5881060029169188,1058643200
2009-07-01,0.5826097726821899,0.5971141914630308,0.5824573557550596,0.5871905507305863,907660800
2009-07-02,0.5575709939002991,0.5731443695191789,0.5542126380660035,0.5731443695191789,689958400
2009-07-06,0.5523805022239685,0.5554340242737118,0.5400130652379312,0.5508533043909302,716096000
2009-07-07,0.5247455835342407,0.5537544254604031,0.5238300334941283,0.5516165112827666,1064294400
2009-07-08,0.5294784307479858,0.5340592064707589,0.5172644071923059,0.5299366713952266,1116870400
2009-07-09,0.5305477976799011,0.538486933694792,0.527646750076646,0.5323798880706903,738579200
2009-07-10,0.5358914732933044,0.5421509331187868,0.5250512362247995,0.5274940417466437,918297600
2009-07-13,0.5557391047477722,0.5563497627718388,0.5223028842788521,0.5371131322765574,700371200
2009-07-14,0.5597089529037476,0.5624566511562507,0.5505484444603375,0.5542126827823569,594323200
2009-07-15,0.5969616770744324,0.5981830507301481,0.5736015882044692,0.578793023212315,867648000
2009-07-16,0.611312747001648,0.6143662688048288,0.5917702424059413,0.59222854149746,900710400
2009-07-17,0.617878258228302,0.6189472154799115,0.6059690587204909,0.6117712123805702,669363200
2009-07-20,0.6299395561218262,0.6332979112937742,0.6204731680924468,0.6245956461830074,854054400
2009-07-21,0.6397110819816589,0.6397110819816589,0.6210841792017662,0.6354361849631609,904377600
2009-07-22,0.6488713622093201,0.6561998377018194,0.6374204663694465,0.6404739881178074,907430400
2009-07-23,0.6781852841377258,0.6832233139994982,0.6461229180089886,0.6474967673137451,1230208000
2009-07-24,0.6775744557380676,0.6787958878821674,0.658642723433243,0.6639855863267811,875334400
2009-07-27,0.6786426305770874,0.6807805449885741,0.6621536424403739,0.6774211981635072,850739200
2009-07-28,0.6830707788467407,0.6865815517392249,0.6639855814104964,0.6722305977686633,1101216000
2009-07-29,0.6775744557380676,0.6807803947903334,0.666275975440784,0.6768103326343775,737420800
2009-07-30,0.6853601336479187,0.7068881357248926,0.6838338677473322,0.691925418312099,1027475200
2009-07-31,0.6806280016899109,0.69543725542423,0.6801697025349198,0.6858184478320897,804672000
2009-08-03,0.7012385725975037,0.7027658289704275,0.6885672311305497,0.6966587836761419,821120000
2009-08-04,0.7007812857627869,0.7068883312512759,0.6925363258968401,0.6958956726684364,738816000
2009-08-05,0.6911623477935791,0.7053609434401572,0.6816959572968257,0.7050560513272328,918073600
2009-08-06,0.6791006326675415,0.6981848376431975,0.6742150212141916,0.6936050501144779,815564800
2009-08-07,0.6946741938591003,0.7026133291672357,0.6862768175899232,0.6975743093465273,834496000
2009-08-10,0.6871921420097351,0.6946739657576878,0.6774209196823606,0.6907039625989635,613286400
2009-08-11,0.6748257279396057,0.6829172779135722,0.6671924187970905,0.679863756236888,802438400
2009-08-12,0.6955897212028503,0.7073454525522099,0.6725354510721904,0.6732995741923097,865497600
2009-08-13,0.702613115310669,0.7055132299153789,0.6871921584915932,0.7033762481887795,734745600
2009-08-14,0.6865814924240112,0.6987955797550118,0.6746733455112418,0.6966585978730903,659929600
2009-08-17,0.6465810537338257,0.6649020683685798,0.6462751715546688,0.6649020683685798,836396800
2009-08-18,0.6647497415542603,0.6678032638209798,0.6514667537069151,0.6546726929141066,552870400
2009-08-19,0.6740627288818359,0.6777269090285235,0.6485656518319329,0.6503977419052767,616915200
2009-08-20,0.690399169921875,0.6929943927813369,0.6713139732323408,0.6737568374068755,541452800
2009-08-21,0.7074989080429077,0.7113155635106823,0.6900934401820864,0.6989491152291786,713913600
2009-08-24,0.7064298391342163,0.71849145161247,0.7023073603268486,0.7111630339719028,703827200
2009-08-25,0.7111631631851196,0.7249034609885988,0.7073455175294965,0.7111631631851196,714003200
2009-08-26,0.7093310952186584,0.7197130369812204,0.7013919598566347,0.7088727960134076,665760000
2009-08-27,0.7122309803962708,0.7146737862065811,0.6868873724436554,0.7093309238309656,697203200
2009-08-28,0.713910698890686,0.7365067268811845,0.7042919501942714,0.7291782507409162,834809600
2009-08-31,0.6987956762313843,0.7053609616581658,0.6910099487050143,0.7033763964210635,605267200
2009-09-01,0.6728411912918091,0.7189487357153513,0.669329428636417,0.693909961750551,1140915200
2009-09-02,0.6714673638343811,0.6795589137046345,0.6650544966427785,0.6668865863288737,685971200
2009-09-03,0.6806280016899109,0.682917400785545,0.6644439087317108,0.6783376124957083,508556800
2009-09-04,0.7093310952186584,0.711009778404952,0.6813912094470784,0.6830708827320491,589465600
2009-09-08,0.7235295176506042,0.7247509497743032,0.71375829362537,0.7209342947137349,450502400
2009-09-09,0.7355910539627075,0.7429194712166145,0.7183380066905277,0.7236819172765788,695750400
2009-09-10,0.749331533908844,0.7511636239728615,0.7326901316689005,0.7366592039190428,523660800
2009-09-11,0.7505529522895813,0.7545230148732573,0.7403234278601083,0.7513160853769548,577024000
2009-09-14,0.7565074563026428,0.7577288884722703,0.7400185297003128,0.7406292457851265,530265600
2009-09-15,0.7615454792976379,0.7668893319496422,0.7531480464797055,0.7562015684045472,651955200
2009-09-16,0.7838365435600281,0.78612594239269,0.7629192576776478,0.7678049276228385,640851200
2009-09-17,0.7832258939743042,0.7928437104637743,0.7763547271090478,0.780324788989543,708736000
2009-09-18,0.7870425581932068,0.7923864695145826,0.7780344668612262,0.7907067964449027,465196800
2009-09-21,0.7904009222984314,0.7954399411875813,0.7755916115372494,0.7783402996610754,515968000
2009-09-22,0.7937602996826172,0.8004780017025639,0.7881115546247238,0.8000197608080758,544307200
2009-09-23,0.7855154275894165,0.8133028369834494,0.7836832791860767,0.8003256724168722,875520000
2009-09-24,0.7720797061920166,0.7952863873869914,0.7613928762985783,0.7925386898687612,662336000
2009-09-25,0.7586444020271301,0.7725381049283341,0.7546753300772061,0.7615455071346097,590489600
2009-09-28,0.7842937707901001,0.7933018603148678,0.7653620419708671,0.7668892395574453,446092800
2009-09-29,0.7777295112609863,0.7923863454915231,0.7705535110574844,0.7839889715560174,533849600
2009-09-30,0.7781869769096375,0.7913176072109483,0.7546754532739922,0.7836833058242907,874406400
2009-10-01,0.7328425049781799,0.7740653734601372,0.7328425049781799,0.7729964165019728,764659200
2009-10-02,0.7278045415878296,0.7409341228005486,0.7223082129866509,0.7227664539207636,680972800
2009-10-05,0.7398659586906433,0.7465836595013922,0.7264304988280661,0.7355910052282764,556038400
2009-10-06,0.7655154466629028,0.7728438634328414,0.747346792522101,0.7474992094266852,782726400
2009-10-07,0.7699428796768188,0.7708584295875006,0.7601716557827412,0.7639883107920794,514700800
2009-10-08,0.7769654989242554,0.7907067853018308,0.7736071429307735,0.7794083049772635,578201600
2009-10-09,0.7849046587944031,0.7882640049961485,0.7705536459730872,0.7733012859827916,382720000
2009-10-12,0.788722038269043,0.8001720010292858,0.7786449924152846,0.7922328686274949,377670400
2009-10-13,0.7885687947273254,0.7954399619256993,0.7816986758685536,0.7875008278782809,437312000
2009-10-14,0.8102492690086365,0.8126920751680179,0.7997149113308802,0.8085695958894852,567334400
2009-10-15,0.8073481917381287,0.8094861056962429,0.7998672983585409,0.8015469714148777,500947200
2009-10-16,0.7969663143157959,0.8041423161520741,0.785668823128269,0.8016995098911659,632384000
2009-10-19,0.811623215675354,0.8140660221282684,0.7896379575991253,0.798035334105349,553945600
2009-10-20,0.8125396966934204,0.821700205664485,0.8026150645473729,0.8212419647238778,606630400
2009-10-21,0.8093327283859253,0.8348298052227344,0.8067375052881759,0.8119289415822533,752947200
2009-10-22,0.8165085315704346,0.8226155746017902,0.7966611950087764,0.8068897262161121,638124800
2009-10-23,0.8099433779716492,0.8319286315858428,0.8050577660573839,0.8305548408003282,797702400
2009-10-26,0.8041422367095947,0.8328451928793814,0.7966613434783779,0.8104016978104771,875782400
2009-10-27,0.7803248763084412,0.8084171761651229,0.7739120078327248,0.8021577147275691,1075820800
2009-10-28,0.7447515726089478,0.7784926101735109,0.7415446440471551,0.7740652397903072,975084800
2009-10-29,0.769332230091095,0.7731488854301805,0.7500946727389922,0.7545229760419897,686060800
2009-10-30,0.728262722492218,0.7719274654723804,0.7270413485932405,0.768569051257005,1137433600
2009-11-02,0.734063982963562,0.7499421939667237,0.7171166984532752,0.729941445421159,1087539200
2009-11-03,0.7391020655632019,0.7410875628153437,0.7239879183717643,0.7287201240193258,779769600
2009-11-04,0.7415449023246765,0.7606300448031214,0.7397128120480008,0.7471946384526993,772992000
2009-11-05,0.777423620223999,0.7798664841422862,0.7574229339778887,0.7583394738758976,564224000
2009-11-06,0.7870425581932068,0.7888747064396003,0.7681108255758695,0.7710118725687206,545548800
2009-11-09,0.8207834959030151,0.8207834959030151,0.7975768702071735,0.7986458270558789,539545600
2009-11-10,0.82337886095047,0.8300965629444127,0.8166611007154377,0.8187990728723579,562867200
2009-11-11,0.8346772789955139,0.8444485023470942,0.8247535804827956,0.8366617857337166,626726400
2009-11-12,0.8259750008583069,0.8455174472854995,0.8221573560163307,0.8363569400830241,650150400
2009-11-13,0.8398677110671997,0.8439901897372013,0.8253642832904949,0.8305547869643887,488224000
2009-11-16,0.8569676280021667,0.8641435720661568,0.8439904045367764,0.8468915101662695,540908800
2009-11-17,0.8615481853485107,0.8618530774446129,0.8482651986310457,0.8520817953740586,521804800
2009-11-18,0.852692723274231,0.8580366356387598,0.8409369896888058,0.8568152032360689,541766400
2009-11-19,0.8252108693122864,0.8413949599220917,0.8137609634409433,0.8410891359910129,722201600
2009-11-20,0.8180358409881592,0.8212417796169247,0.8110122576408499,0.8163561681680888,402931200
2009-11-23,0.8427689671516418,0.8517770590352846,0.8326928500725027,0.8326928500725027,552499200
2009-11-24,0.8374247550964355,0.8433793807285255,0.8276535336535018,0.8427686648280737,463801600
2009-11-25,0.8444486260414124,0.8461282991855471,0.8381891644891972,0.8429213698396563,264486400
2009-11-27,0.8192571997642517,0.8311654042444638,0.7962029918369313,0.799256513496945,394336000
2009-11-30,0.820172905921936,0.8232263697061494,0.8044470549116591,0.8151348188083786,459718400
2009-12-01,0.837578535079956,0.848723610177259,0.8326929221828017,0.8331502312983687,465657600
2009-12-02,0.8404785990715027,0.8558995600459918,0.8369677675503674,0.8432272293664291,475456000
2009-12-03,0.8336083292961121,0.8563567748033066,0.8326927793644109,0.8470437915794677,494963200
2009-12-04,0.841853141784668,0.864906357332004,0.8244476215889042,0.8545244196601169,768160000
2009-12-07,0.8336083292961121,0.8481127485417097,0.830402390266823,0.8403260895583349,384108800
2009-12-08,0.82337886095047,0.8371201471407621,0.8099433987214949,0.8250585339735863,519616000
2009-12-09,0.8398677110671997,0.8416998590971068,0.811622998342939,0.8221573544656882,546700800
2009-12-10,0.8484176993370056,0.8577316150625811,0.8464331340646882,0.8464331340646882,416896000
2009-12-11,0.8423106670379639,0.8594103689192235,0.8354405475091004,0.8572733866730972,403827200
2009-12-14,0.8577315211296082,0.8598685031104554,0.8442961176292889,0.8534566253105146,308512000
2009-12-15,0.8487233519554138,0.8624636462790013,0.8433794997109487,0.8526924234575614,294547200
2009-12-16,0.8510138392448425,0.8635327612852238,0.8478069101715253,0.8549829112063682,326617600
2009-12-17,0.8305548429489136,0.8447533796063773,0.8278071448885999,0.8435320057451954,382662400
2009-12-18,0.8565102815628052,0.8572734146513487,0.8397154712640926,0.8450593830811812,371008000
2009-12-21,0.8763574361801147,0.8824644215343053,0.8650598889298546,0.8650598889298546,373286400
2009-12-22,0.8867393732070923,0.8904035527625456,0.8792584806973283,0.8812430456328285,303424000
2009-12-23,0.8992592692375183,0.8998699852731126,0.885670400637397,0.8904035955159688,303033600
2009-12-24,0.9157484173774719,0.9160532512802887,0.9013964132376674,0.9023129533845204,163264000
2009-12-28,0.9249088168144226,0.92857299676962,0.9143734695076935,0.9200232047134327,257932800
2009-12-29,0.9177327752113342,0.9270457581050071,0.9166638182869892,0.9253660851346404,185433600
2009-12-30,0.9230767488479614,0.9267409288905325,0.9152900313712204,0.9160531643956317,328441600
2009-12-31,0.9081140160560608,0.9276564646263359,0.9039915369262007,0.9267409146790124,245497600
2010-01-04,0.9323896765708923,0.9351373748018191,0.9268933482515694,0.9287254965187384,328230400
2010-01-05,0.9330002665519714,0.936358622176934,0.9229232194802286,0.9322371336287124,325196800
2010-01-06,0.9227707982063293,0.9383442320049632,0.9191066184354755,0.9320837810412885,440864000
2010-01-07,0.92292320728302,0.9265873867914839,0.9128470922017851,0.9239921641240784,328576000
2010-01-08,0.9378859400749207,0.9381908321696436,0.9136102975385761,0.9178851933843576,322451200
2010-01-11,0.9310159087181091,0.9420085073874813,0.9209388017940406,0.9406337263805536,412710400
2010-01-12,0.9078092575073242,0.9217019719764501,0.8972739092368217,0.9189543318079656,566784000
2010-01-13,0.9294885396957397,0.9351372844063751,0.9003272278292896,0.9129995563316856,566483200
2010-01-14,0.9307101368904114,0.9363588829567779,0.9244506746474485,0.9255196900414432,367180800
2010-01-15,0.909946084022522,0.9375801413915222,0.902007008163844,0.9337634863218237,603424000
2010-01-19,0.9384966492652893,0.9404811560770736,0.9131519917472237,0.9134578739382049,341350400
2010-01-20,0.9122365117073059,0.9262826905523976,0.8922357636313212,0.9256719744632432,603532800
2010-01-21,0.894373893737793,0.9290304945255978,0.8873503080262352,0.9171222858193666,999916800
2010-01-22,0.8429213762283325,0.8942203649682646,0.8378833468563378,0.888877443468108,964006400
2010-01-25,0.847806990146637,0.858953054292943,0.8407843954772743,0.8513187534100728,584448000
2010-01-26,0.8496390581130981,0.8700981056704323,0.8381891504761168,0.8470438350183913,503206400
2010-01-27,0.8623114228248596,0.8682659923918297,0.8362036871070816,0.8470438691808477,632224000
2010-01-28,0.8192571997642517,0.8528458215422394,0.8096384521963427,0.8513185656630402,932531200
2010-01-29,0.7899436950683594,0.8360511886066384,0.7838366504846122,0.8308607423526229,986380800
2010-02-01,0.8064326643943787,0.8078065136210759,0.7933020926932745,0.7942186328298014,573958400
2010-02-02,0.8212417364120483,0.8262797645088101,0.7984933531847132,0.8093325422424364,474022400
2010-02-03,0.8307071328163147,0.8337606543638515,0.8126918856796691,0.8139133175951155,507424000
2010-02-04,0.7835307121276855,0.8218525306909635,0.782767579190762,0.8187990088448238,839059200
2010-02-05,0.794675886631012,0.7968138588957971,0.7641407807234769,0.7875008752397942,1072064000
2010-02-08,0.7845998406410217,0.803073334437514,0.7830726425757245,0.7939128251362275,682425600
2010-02-09,0.8007827997207642,0.8148289181778934,0.7875007460308513,0.8026148894671108,816217600
2010-02-10,0.7974244952201843,0.807958852542692,0.7870425548326483,0.8007829094877452,485977600
2010-02-11,0.8207834959030151,0.8252108665974082,0.7875007550538563,0.7972719781344388,557747200
2010-02-12,0.8247537612915039,0.8287228338791245,0.8029209208841418,0.8062792773181314,661081600
2010-02-16,0.8455174565315247,0.8465854815491103,0.8276536926849285,0.8357462332110767,337004800
2010-02-17,0.8545246124267578,0.854830494625329,0.843074705566875,0.8525401055657306,354073600
2010-02-18,0.8655171990394592,0.8687241278567237,0.8504030552883322,0.8536089940071659,313619200
2010-02-19,0.8644493818283081,0.8733040665908764,0.8566626640107933,0.8627697086704663,400153600
2010-02-22,0.8607850670814514,0.8723884392580501,0.8549829150644395,0.8722350322294241,348697600
2010-02-23,0.8389521837234497,0.8612423285867274,0.8310130501041707,0.859563645768927,473395200
2010-02-24,0.8554413318634033,0.8627697508687896,0.8449069151866575,0.8475021967139605,398432000
2010-02-25,0.8572733402252197,0.8592578471779422,0.8261275187444653,0.837425009196869,528851200
2010-02-26,0.8623114228248596,0.8653649452018811,0.8476545853044711,0.8552888280552381,403936000
2010-03-01,0.8865870237350464,0.8899454380758776,0.8687242477918182,0.8687242477918182,348070400
2010-03-02,0.8919307589530945,0.9036865463688191,0.8884189965102246,0.892388067918738,506035200
2010-03-03,0.8940678834915161,0.9026176755036571,0.8875025983800678,0.8965106895294265,345363200
2010-03-04,0.8997166156768799,0.902007004749437,0.8862811535403555,0.8957475436912804,292128000
2010-03-05,0.926282525062561,0.9297942875505161,0.9096411261377243,0.9142209135772379,413708800
2010-03-08,0.9305574893951416,0.9348323850900552,0.9271981435684029,0.9279622666135973,282956800
2010-03-09,0.9432298541069031,0.9511689880181161,0.9250611972576466,0.9250611972576466,471680000
2010-03-10,0.9560547471046448,0.9604820605729713,0.941397850882411,0.941550326074277,436076800
2010-03-11,0.9629247784614563,0.9632296705760879,0.9484203587632751,0.9522370139793288,371385600
2010-03-12,0.9642986059188843,0.9697949340938468,0.9560546378262533,0.9697949340938468,391430400
2010-03-15,0.9603294134140015,0.9642984849799144,0.9458249958606029,0.9594128734907044,318368000
2010-03-16,0.9720853567123413,0.9739174467534378,0.9588023107870185,0.9646044631271704,357785600
2010-03-17,0.9755970239639282,0.985673081391385,0.9704055882281085,0.9734590519161119,386912000
2010-03-18,0.9824672937393188,0.9847576830632427,0.9734592017304192,0.978192397325343,339347200
2010-03-19,0.9711688160896301,0.9897957151890381,0.9639938047254062,0.9711688160896301,445228800
2010-03-22,0.9885743260383606,0.9962076368900962,0.9612451582219499,0.9633831305717664,368710400
2010-03-23,1.0027726888656616,1.0036891705202082,0.9823146937015391,0.9923907502042385,371296000
2010-03-24,0.9931541085243225,0.9986503202871176,0.9881160211837606,0.9984979615929196,317388800
2010-03-25,0.9888788461685181,1.016360480451559,0.9878109377926994,1.0087271720217865,499904000
2010-03-26,0.9923908710479736,1.005063200013739,0.9809399741869129,0.997428958153894,408416000
2010-03-29,1.0012465715408325,1.0081166905036585,0.9959027185795307,1.00155140540529,274681600
2010-03-30,1.0076584815979004,1.0140712917265333,0.9942230771101811,1.0061322155479226,277843200
2010-03-31,0.9991085529327393,1.0094904920456895,0.9940704662211939,1.0007882257890346,349491200
2010-04-01,0.9981928467750549,1.0201780370849198,0.9824669412412661,1.005673679851092,415923200
2010-04-05,1.0159035921096802,1.0207892050624294,0.9971242151968415,1.0018574694308011,266483200
2010-04-06,1.021552324295044,1.0281176101212317,1.0072003203701951,1.0113227416514365,311129600
2010-04-07,1.0177357196807861,1.0272010631316948,1.0062848206740789,1.0197202268967982,550726400
2010-04-08,1.0206356048583984,1.024758142132839,1.0006358477113912,1.0116285038953734,359904000
2010-04-09,1.0333080291748047,1.0343769862286565,1.0172772843149058,1.02292608809899,287219200
2010-04-12,1.034834861755371,1.0407884973273391,1.0302542012672735,1.0349873368877023,269728000
2010-04-13,1.045521855354309,1.0470490529574616,1.0267424849952322,1.0330029351804992,307072000
2010-04-14,1.0707132816314697,1.0710191638687012,1.0536136957877589,1.0559040851368386,381024000
2010-04-15,1.0800268650054932,1.0827745625954204,1.0690343274134373,1.0693391612170253,393657600
2010-04-16,1.054530143737793,1.0797213972298934,1.0403315473526784,1.0725453955161122,999302400
2010-04-19,1.0526978969573975,1.059568132283562,1.027353355274943,1.0468958032012459,598419200
2010-04-20,1.0636903047561646,1.0685759155973698,1.0499490219360006,1.0639952550263474,424723200
2010-04-21,1.0755988359451294,1.0823165965809767,1.0624693133762777,1.0771261503690652,548140800
2010-04-22,1.0868974924087524,1.089187881881073,1.042621094428171,1.0549884753890701,721132800
2010-04-23,1.096210241317749,1.0983481551320686,1.0783473505491248,1.087049617256872,537888000
2010-04-26,1.0908664464950562,1.10216498617594,1.087202266174415,1.0969734913509197,439411200
2010-04-27,1.0459800958633423,1.092087578791407,1.039720577537209,1.0832328379354763,973030400
2010-04-28,1.0468955039978027,1.0574308480360182,1.0299492156925627,1.0565142500412288,747993600
2010-04-29,1.0821641683578491,1.0867449470065702,1.056667148575114,1.056667148575114,405158400
2010-04-30,1.0412468910217285,1.0855232764210514,1.0383459026883377,1.0812483809448243,484979200
2010-05-03,1.0691869258880615,1.0792631006148905,1.0481172792461373,1.04827068628067,361849600
2010-05-04,1.0046048164367676,1.0430789904126816,0.9901003413741587,1.0420100336290903,715129600
2010-05-05,0.9948335289955139,1.0075057388517346,0.9722375056720893,0.9856729065917064,731417600
2010-05-06,0.9290302991867065,1.0003299732822752,0.7349804809850513,0.9829255554273582,1123078400
2010-05-07,0.8842965364456177,0.9369693667038119,0.844448509750161,0.9139160889396654,1490803200
2010-05-10,0.9725435972213745,0.9748329963184101,0.9554439542823852,0.9592606095426801,589920000
2010-05-11,0.9714744091033936,0.9984977453298306,0.9502522919771259,0.9549854279397849,573747200
2010-05-12,1.0076584815979004,1.0094906298616644,0.9783448082707764,0.9812459135322239,476441600
2010-05-13,0.976207971572876,1.015292875165425,0.9714747755835826,0.9997195543621533,530073600
2010-05-14,0.9395657181739807,0.9626189993386105,0.9163590299668759,0.9618558662795563,768224000
2010-05-17,0.9453667402267456,0.9522369169352018,0.9042972815220452,0.9433822334731241,538035200
2010-05-18,0.919259250164032,0.9644511995051289,0.9102521474152592,0.9601763026931903,705484800
2010-05-19,0.9030761122703552,0.926435219243526,0.8835336027476898,0.9117783807823511,779827200
2010-05-20,0.8378832340240479,0.8729990563939538,0.8328451470894054,0.8688765775780055,1186252800
2010-05-21,0.8551353216171265,0.8670445176079399,0.8039897450439848,0.8099433820614335,1011052800
2010-05-24,0.8473495244979858,0.8733039062457836,0.8473495244979858,0.8539138770243566,668179200
2010-05-25,0.8493342399597168,0.8517770461598242,0.793912772169107,0.8110124155698584,869248000
2010-05-26,0.8287225961685181,0.8823119622999468,0.827501222452693,0.8606315450648575,659609600
2010-05-27,0.8937630653381348,0.8939154822832787,0.8639910912825667,0.8676553297631678,600940800
2010-05-28,0.882311999797821,0.897579550461528,0.8671968660503392,0.8960522945218369,505446400
2010-06-01,0.8653649091720581,0.907809212067931,0.8641434769756663,0.877120699013041,613779200
2010-06-02,0.9078092575073242,0.9084199153949932,0.864601819410923,0.8765100267875898,454592000
2010-06-03,0.9238399863243103,0.9281148829376724,0.9007857135010614,0.9123890292692292,489971200
2010-06-04,0.8630744814872742,0.9088771384705813,0.8549829303550659,0.8859763341487388,932800000
2010-06-07,0.8308605551719666,0.8751359486569642,0.8278070335680063,0.8705561613002073,568774400
2010-06-08,0.8273488879203796,0.8377307693823806,0.8044470364480935,0.8334558735897281,793881600
2010-06-09,0.8126921057701111,0.853761571107162,0.8078064932673793,0.8380357765396822,502067200
2010-06-10,0.8589531779289246,0.8607852682962507,0.8282646596171905,0.8334560967876884,377747200
2010-06-11,0.8749837279319763,0.8771207101329196,0.8421582322870831,0.8426165314514574,392499200
2010-06-14,0.8751361966133118,0.9038392146373662,0.8725409733356531,0.8916251830019484,416998400
2010-06-15,0.9217019081115723,0.9242981212515297,0.8827703592305313,0.8841442083401271,344870400
2010-06-16,0.9305574893951416,0.9386490399221953,0.9136102652958398,0.916816204102682,455020800
2010-06-17,0.9359016418457031,0.9407872548272582,0.9194126543521292,0.9397182394221079,422809600
2010-06-18,0.9384966492652893,0.9504048549577431,0.9316264723554785,0.9400229152014759,312044800
2010-06-21,0.9249088168144226,0.9639937718634327,0.9102519805114527,0.9607868427081886,515155200
2010-06-22,0.9067401885986328,0.9424657987154784,0.9033808424013327,0.9288779189440689,460352000
2010-06-23,0.9003272652626038,0.9155948172014013,0.8850597133238061,0.9088771153151223,485587200
2010-06-24,0.8722352385520935,0.8971215453187881,0.8659757760230142,0.8913203820280556,555456000
2010-06-25,0.8687242865562439,0.8839918401121498,0.8565102553597381,0.8777313883496397,475219200
2010-06-28,0.8633803725242615,0.8794110591012043,0.8511663413614021,0.8696398341709168,369177600
2010-06-29,0.7968139052391052,0.8375784790052091,0.7845998155728364,0.836661938879143,779296000
2010-06-30,0.7725380063056946,0.8068897608236778,0.7687214100130664,0.7914697939220201,528710400
2010-07-01,0.7679583430290222,0.7804772062678743,0.7380338982132195,0.776202310540368,787232000
2010-07-02,0.7635298371315002,0.7778818358348607,0.7493313036611664,0.7700951205691322,488972800
2010-07-06,0.7675000429153442,0.7951340987387843,0.7548277144309554,0.7853628169955892,528659200
2010-07-07,0.8162038922309875,0.8181883992197697,0.7711643663423962,0.77269063241471,507372800
2010-07-08,0.8247537612915039,0.8322346556063449,0.8061268603646647,0.8293335500327553,404166400
2010-07-09,0.8412426710128784,0.8413950879523978,0.8210895057160112,0.8250585779404317,346713600
2010-07-12,0.845822274684906,0.856510037026598,0.8349820371958886,0.8398676484290988,376147200
2010-07-13,0.8665862083435059,0.8745253422116503,0.8481127177398544,0.8603268056853615,490700800
2010-07-14,0.8766632676124573,0.886281083838822,0.8641433563822561,0.8713193568962677,426745600
2010-07-15,0.8788003921508789,0.8832277053965754,0.8546781540621708,0.8726933475119529,472128000
2010-07-16,0.8304024338722229,0.8742205860150762,0.8281121028954569,0.8714719558785856,554016000
2010-07-19,0.8438378572463989,0.84704379629353,0.8206311707154829,0.8349821830104076,374937600
2010-07-20,0.863227903842926,0.8639910368602834,0.8111648529175569,0.8157455729777088,453990400
2010-07-21,0.8407841920852661,0.8830750788694761,0.837424846578283,0.8829226619625452,551955200
2010-07-22,0.8829227089881897,0.8908618422609763,0.862921963841966,0.864295812756405,441241600
2010-07-23,0.8942201137542725,0.8954414873977191,0.8679599106477758,0.8716241480602712,457235200
2010-07-26,0.9081140160560608,0.9096412721800217,0.8882666753754652,0.8972738347904413,417894400
2010-07-27,0.9075032472610474,0.919717335149043,0.9000224125471415,0.9181910692122865,385216000
2010-07-28,0.8936094045639038,0.9143732808290831,0.8870451108716935,0.906129314439188,337273600
2010-07-29,0.8801742196083069,0.9073509712430342,0.8626172663577449,0.903076074763015,471974400
2010-07-30,0.884602427482605,0.8951367839717816,0.8557460076461991,0.8671969041108847,494995200
2010-08-02,0.9169695973396301,0.9218552089864062,0.899564074398091,0.9062818340932217,276499200
2010-08-03,0.9097936153411865,0.9184958819401917,0.9007855247992067,0.9154423600384178,295987200
2010-08-04,0.9282671809196472,0.9297944370439623,0.9104044054038064,0.9180377157297499,324870400
2010-08-05,0.9238399863243103,0.9268934506246557,0.9114734792043511,0.9192592074628095,214611200
2010-08-06,0.9207861423492432,0.9242979046260047,0.8926938496085673,0.9030757876806266,395404800
2010-08-09,0.9325422644615173,0.9374278772822859,0.921855430504465,0.9300993998100341,227161600
2010-08-10,0.9180377721786499,0.9276565218817558,0.9015487864989539,0.9186484300533431,435065600
2010-08-11,0.8671970367431641,0.887197785980549,0.8594103770337452,0.887197785980549,441561600
2010-08-12,0.8525400757789612,0.8603267926022129,0.8302499305559318,0.8345248263271975,439008000
2010-08-13,0.8406320810317993,0.8536092467654276,0.8406320810317993,0.8470439603680585,275264000
2010-08-16,0.8438378572463989,0.855441229632402,0.8250585419047575,0.8317762439632765,314867200
2010-08-17,0.8652125000953674,0.8806324701834749,0.8526925870042014,0.8557461092818381,326419200
2010-08-18,0.8716244101524353,0.8824645922666277,0.8552888312448519,0.862617250032376,334668800
2010-08-19,0.8455174565315247,0.8685707340201183,0.834066560318331,0.8620064395655945,435212800
2010-08-20,0.8476545214653015,0.8517770005920215,0.8336083428852971,0.8429213262609528,342144000
2010-08-23,0.8310132026672363,0.863685293012268,0.8308607857175537,0.8600210544225543,343635200
2010-08-24,0.8009362816810608,0.817882516449415,0.7934543985008999,0.8136076205608874,515264000
2010-08-25,0.8151347637176514,0.8226156562976379,0.7864318100465282,0.7891794496896963,487040000
2010-08-26,0.7963553667068481,0.8249059587078486,0.7943708602018481,0.8218524372090328,465657600
2010-08-27,0.8163562417030334,0.8187990476474921,0.7751333745006388,0.8079588087035857,565452800
2010-08-30,0.7986459136009216,0.8220050169849751,0.7981876144642763,0.808111313777147,343564800
2010-08-31,0.7942185401916504,0.806889879368405,0.7829200599828204,0.7900960611348622,620857600
2010-09-01,0.8397152423858643,0.8455173935694058,0.8151347107545007,0.8158978436350398,467296000
2010-09-02,0.859257698059082,0.8595635802187027,0.8387997028349756,0.842921191202782,312345600
2010-09-03,0.8885714411735535,0.8885714411735535,0.8700979522098042,0.8768156533906287,395308800
2010-09-07,0.87544184923172,0.887960770558611,0.8725408025221886,0.8801740539102617,337491200
2010-09-08,0.8962057828903198,0.9039915099164841,0.8800216908222055,0.8806324068820521,337536000
2010-09-09,0.9029235243797302,0.913916122024024,0.8992592863375737,0.9125413411452971,295078400
2010-09-10,0.9094876646995544,0.9123887110338483,0.896662921091559,0.9056710103786424,242131200
2010-09-13,0.9355954527854919,0.9397179312714528,0.9235338412476156,0.9244503811503262,272281600
2010-09-14,0.9430763721466064,0.9526951782715575,0.9285728863589164,0.9328478401197927,358387200
2010-09-15,0.955138087272644,0.9568177602987619,0.9326945339213029,0.9384966859976185,304512000
2010-09-16,0.9624664783477783,0.9639937343993872,0.9465882105160988,0.9523903624296645,286163200
2010-09-17,0.9687260389328003,0.9752913244982615,0.9597188790180046,0.9749864323710221,450144000
2010-09-20,1.0024679899215698,1.0067428858604615,0.9742222265367787,0.9763601986760263,360742400
2010-09-21,1.0001775026321411,1.016818843864558,0.9942229342687715,1.0033834413071219,645292800
2010-09-22,0.9968183636665344,1.0107120099491995,0.9862839472869168,0.994223140453528,479168000
2010-09-23,0.9960551857948303,1.0163608275134108,0.9823149463721245,0.9846042873827541,544032000
2010-09-24,1.036208987236023,1.0378886601710304,1.0160558240702577,1.0192617629184002,392294400
2010-09-27,1.0255212783813477,1.0404839975648643,1.0241474874814185,1.036209101344125,381331200
2010-09-28,1.0270483493804932,1.0317814853985658,0.9925431890904498,1.0307125286323637,636076800
2010-09-29,1.0210938453674316,1.0311709516217475,1.0140712512883854,1.0215522027410993,341593600
2010-09-30,1.0120859146118164,1.0443006951643834,0.9989562750552428,1.0325448465633824,517926400
2010-10-01,1.0099488496780396,1.0313234463801317,1.0004824593075112,1.0287282233866732,369107200
2010-10-04,0.987811267375946,1.0110178979161768,0.9765127277600202,1.0038418960235735,388454400
2010-10-05,1.035292625427246,1.0395675221534104,1.0088800536983311,1.0104072518175884,366233600
2010-10-06,1.018803358078003,1.0377352047771389,1.004910646431173,1.033155358911658,479635200
2010-10-07,1.0244529247283936,1.0308648010747905,1.008421370148025,1.0301017265199592,370163200
2010-10-08,1.0369720458984375,1.044300521700799,1.0120857464992685,1.026590106459692,446214400
2010-10-11,1.0400258302688599,1.0504077717465268,1.033918785314551,1.0401781889787387,250835200
2010-10-12,1.0552932024002075,1.0586525482985552,1.019109296349001,1.0369720706972465,415667200
2010-10-13,1.0716300010681152,1.0812487521562415,1.061248058569192,1.0664385056487287,349728000
2010-10-14,1.0675073862075806,1.076515536927448,1.0566672034902724,1.0725454742005425,357203200
2010-10-15,1.112546682357788,1.112546682357788,1.076362778621423,1.0939197861397034,483948800
2010-10-18,1.109340786933899,1.1221654739715177,1.1053707250964495,1.1139205164548622,383520000
2010-10-19,1.0829274654388428,1.1015543674074224,1.0664384778152236,1.0829274654388428,562809600
2010-10-20,1.098805546760559,1.1152945315312723,1.0858283833058593,1.0899508042218111,411257600
2010-10-21,1.103234052658081,1.1218600229697868,1.0821642857112719,1.1130052788035667,427968000
2010-10-22,1.1185014247894287,1.1207907656471938,1.1003327665869005,1.1043018970299832,251724800
2010-10-25,1.1276617050170898,1.143844804624282,1.1270509890463953,1.1270509890463953,336550400
2010-10-26,1.134379506111145,1.140333142549646,1.1087300168054175,1.117126400734758,317593600
2010-10-27,1.1424710750579834,1.1438448657395037,1.119569283174391,1.1238441787154965,347468800
2010-10-28,1.146898627281189,1.1533114375365023,1.1275085367093778,1.1517842395988882,349484800
2010-10-29,1.1430820226669312,1.1551436370559167,1.1412498742857362,1.1456772458809323,281113600
2010-11-01,1.143386721611023,1.166746756316901,1.1331581886679947,1.1505627226187236,355564800
2010-11-02,1.167357325553894,1.174227559982416,1.158960009974528,1.162776664512175,269388800
2010-11-03,1.1788073778152466,1.1794180938393486,1.1491888737091007,1.170410993461758,482003200
2010-11-04,1.206594705581665,1.216060162702339,1.200029421377772,1.205220914940629,448454400
2010-11-05,1.206899642944336,1.2136172857465723,1.2004876493368954,1.208274365427941,332531200
2010-11-08,1.2099530696868896,1.2136172489663493,1.197281674489104,1.203082951941951,171699200
2010-11-09,1.1946858167648315,1.2239994912433565,1.1865942650902366,1.2195721197580303,302252800
2010-11-10,1.190868854522705,1.2116327310483401,1.1815558730241043,1.2006400768309853,310252800
2010-11-11,1.1937702894210815,1.1980451858033847,1.1618612747052306,1.1725481662144175,301350400
2010-11-12,1.1536160707473755,1.191327171830239,1.1371272048447134,1.1820141897336303,396966400
2010-11-15,1.1464402675628662,1.1711742113211956,1.1453723588858968,1.1665934328929124,227020800
2010-11-16,1.1079657077789307,1.1429291051607802,1.0988052023824908,1.1288829891207626,441824000
2010-11-17,1.1140731573104858,1.1262871301416082,1.10399698208343,1.1094933106262008,332787200
2010-11-18,1.1497994661331177,1.1658302083762406,1.1377378538523153,1.1388069272138466,310598400
2010-11-19,1.1514791250228882,1.1575861686696267,1.137890315169019,1.147050822398042,284230400
2010-11-22,1.1716322898864746,1.1716322898864746,1.1389592743362378,1.1429293361156398,387603200
2010-11-23,1.1349899768829346,1.1510205984698172,1.1212486952804195,1.1479671356454453,390035200
2010-11-24,1.1797244548797607,1.1856790258933863,1.1554487451529096,1.1566701776969017,253817600
2010-11-26,1.1638460159301758,1.1800291212226215,1.159875953038384,1.1658305232061625,118848000
2010-11-29,1.1633871793746948,1.1698001043665773,1.1345317542418445,1.1607919569821938,345734400
2010-11-30,1.133462905883789,1.1485780975686433,1.1252189971240107,1.1383485173387213,450963200
2010-12-01,1.1815561056137085,1.193770194144484,1.1668992692660862,1.168425535283164,319737600
2010-12-02,1.2064423561096191,1.2098006534026235,1.1835404482441454,1.1856784783788301,276473600
2010-12-03,1.2119389772415161,1.2152972753483786,1.1960607071004543,1.1960607071004543,241017600
2010-12-06,1.2108699083328247,1.2160604713558094,1.2041522637535167,1.212243815804742,209593600
2010-12-07,1.2133123874664307,1.2407940226406062,1.2101064490741158,1.2398774245514037,341574400
2010-12-08,1.222778081893921,1.2247636373084454,1.2036938728123256,1.21941978386763,271334400
2010-12-09,1.2238470315933228,1.2381989172804846,1.2160603144471176,1.236213478549059,268787200
2010-12-10,1.2401834726333618,1.2426262202633795,1.222473057266502,1.2308704900137835,274688000
2010-12-13,1.2319387197494507,1.2510238608820268,1.2301065713608768,1.2501072625178784,296960000
2010-12-14,1.2345348596572876,1.2458323507803877,1.2282744078751047,1.2371300828498422,254560000
2010-12-15,1.224915862083435,1.2498021604546232,1.2189611772544233,1.234839443768512,233241600
2010-12-16,1.2423202991485596,1.2473593172809776,1.22094570676953,1.2269002746597104,231820800
2010-12-17,1.2461382150650024,1.2533131684173178,1.2414049613436957,1.2467489311782254,209881600
2010-12-20,1.2487332820892334,1.257130714957746,1.2301063847237896,1.2499547141629617,289990400
2010-12-21,1.2618629932403564,1.2624737093127896,1.2511761026247696,1.2578938629393535,141920000
2010-12-22,1.2630842924118042,1.2661378727341013,1.2580463216881852,1.261558026420461,129344000
2010-12-23,1.2563666105270386,1.26186293845814,1.2502595665500176,1.257588042618878,136089600
2010-12-27,1.2565197944641113,1.2612519984840402,1.2316333820962229,1.2511758261672987,159072000
2010-12-28,1.2528557777404785,1.2644590326105691,1.2469010927342152,1.2620162850260863,108262400
2010-12-29,1.257893681526184,1.2627792929188668,1.2554509340709248,1.259573354326949,81356800
2010-12-30,1.251481056213379,1.2583521070953076,1.2473595672095936,1.2583521070953076,109811200
2010-12-31,1.243237018585205,1.2499547788562249,1.23148128755746,1.2488858218925831,111283200
2011-01-03,1.2814054489135742,1.298658556624971,1.265680587419204,1.2659854212873412,231584000
2011-01-04,1.2791157960891724,1.2925513147406686,1.2636948389630718,1.2914823579274424,282304000
2011-01-05,1.3014062643051147,1.3018646217324157,1.2705663225491808,1.2723984709542673,259660800
2011-01-06,1.3093451261520386,1.3116355149224819,1.2986583536283607,1.3040011574793848,214099200
2011-01-07,1.3076658248901367,1.3151475928254315,1.2820163288349633,1.3139262769997153,232908800
2011-01-10,1.316368818283081,1.3212544302648228,1.2939252652368507,1.300490550221876,214297600
2011-01-11,1.319879412651062,1.3301089926008174,1.311024788141656,1.3278186038492428,201600000
2011-01-12,1.3385064601898193,1.3395754171120002,1.3224758337867137,1.3330101322689272,180627200
2011-01-13,1.3415597677230835,1.3473609283174133,1.3327040956682976,1.340796576666038,200313600
2011-01-14,1.3607966899871826,1.3614074060697838,1.3346898878805382,1.3411017660958462,199692800
2011-01-18,1.3681249618530273,1.3713318323384596,1.3360635953751026,1.3375898611834864,229184000
2011-01-19,1.337437391281128,1.373163985704163,1.3276661683470796,1.3717891467049192,280384000
2011-01-20,1.3165209293365479,1.3298038543213775,1.2975890862214738,1.3256814347084718,308268800
2011-01-21,1.2968262434005737,1.3353004194300073,1.2960621203892806,1.3310255239247555,219827200
2011-01-24,1.3333148956298828,1.3337731364430183,1.2977417102286843,1.300947648688249,240300800
2011-01-25,1.3362162113189697,1.3378958844620983,1.3146892547372484,1.320490417119164,267814400
2011-01-26,1.3517897129058838,1.358507473949326,1.333162812434617,1.3420184876511645,258854400
2011-01-27,1.3679726123809814,1.3756068541784199,1.3556061657122773,1.3597287028757645,253420800
2011-01-28,1.298505425453186,1.3695002816226973,1.2862913343046332,1.366446700594456,471219200
2011-01-31,1.3114832639694214,1.3183533831157321,1.2826268998399901,1.30201687344888,261798400
2011-02-01,1.3597286939620972,1.366292930450235,1.3279721586006141,1.3299566654155413,277062400
2011-02-02,1.355453610420227,1.3656821426309238,1.3501097579600834,1.3537739375454692,237203200
2011-02-03,1.3594226837158203,1.364003461297106,1.3291934654800455,1.3507204177258831,224467200
2011-02-04,1.3759121894836426,1.3772859806485949,1.3531636801271456,1.3612553496926656,207417600
2011-02-07,1.3891947269439697,1.403545796860825,1.376828280328658,1.380949769134769,230598400
2011-02-08,1.4088895320892334,1.4088895320892334,1.3843089995942297,1.3887363702231752,187001600
2011-02-09,1.402630090713501,1.4110274062724575,1.3931637018693896,1.4015611339105083,212659200
2011-02-10,1.4076684713363647,1.4099588607608557,1.380645184221744,1.3855307969782626,349913600
2011-02-11,1.4267520904541016,1.4279735222578738,1.394080012765748,1.3982025489472383,282272000
2011-02-14,1.4336236715316772,1.4369820857960889,1.4236990401994534,1.4262951950664489,137292800
2011-02-15,1.4301117658615112,1.4324021548662689,1.4162181214877907,1.4278213768567536,176262400
2011-02-16,1.449043869972229,1.455761514667849,1.4357608228104835,1.4360667050558182,256160000
2011-02-17,1.4478224515914917,1.4525555891682014,1.4316382987134675,1.43377632943209,205248000
2011-02-18,1.4418672323226929,1.4520966942211695,1.4296531476523393,1.4475159174206742,169043200
2011-02-22,1.3565213680267334,1.4107214423640801,1.352552355387856,1.4032406095089232,346508800
2011-02-23,1.3345363140106201,1.365835538451633,1.313620077051085,1.3551478336189522,460089600
2011-02-24,1.3475149869918823,1.356369614989551,1.3145370102210552,1.3403389840922102,402124800
2011-02-25,1.3858352899551392,1.3896529929974148,1.3611023983495716,1.3630869050385495,247705600
2011-02-28,1.3928587436676025,1.405225187800987,1.3756065721569912,1.3971336386405242,274624000
2011-03-01,1.3484301567077637,1.4040040353803136,1.3398803650603484,1.402171887249221,545312000
2011-03-02,1.3615608215332031,1.3788128812009388,1.344155354830227,1.3458350279115978,486470400
2011-03-03,1.414996862411499,1.4192717587524522,1.3865996695242795,1.3865996695242795,271564800
2011-03-04,1.3994247913360596,1.4148447070179693,1.3821716785473217,1.4143864659823702,289286400
2011-03-07,1.3632395267486572,1.4137753205839025,1.3375900342090354,1.4113325727850805,308518400
2011-03-08,1.3734688758850098,1.3855304881339212,1.3423230578239984,1.3580488497029788,315264000
2011-03-09,1.3542324304580688,1.3662929954278105,1.3400327867254884,1.3630870563737039,336588800
2011-03-10,1.3133150339126587,1.3301088477919034,1.3015582576167688,1.3240018051848292,515859200
2011-03-11,1.3282769918441772,1.3363685426067875,1.2962156226454868,1.2977418885833916,324524800
2011-03-14,1.3186582326889038,1.3336208338651239,1.2991156689140273,1.314383220421723,322336000
2011-03-15,1.2827802896499634,1.2971312438347276,1.2339240518581087,1.2417098373395,474329600
2011-03-16,1.2209460735321045,1.2746878121169396,1.2021676298380066,1.2604892152662386,709523200
2011-03-17,1.2421679496765137,1.2684281558433517,1.2404882767957726,1.2580462165793034,315584000
2011-03-18,1.2371299266815186,1.2710234441120016,1.234839537669244,1.2710234441120016,273683200
2011-03-21,1.282474398612976,1.2966729940068318,1.269649710538293,1.2740769652553008,217376000
2011-03-22,1.2809479236602783,1.2888869983426483,1.2734660414618544,1.2870549669063422,159833600
2011-03-23,1.2937730550765991,1.3007956505299814,1.2530084778693558,1.2699557063472455,208262400
2011-03-24,1.3427813053131104,1.345071694238369,1.2989632752502573,1.3122462031200088,195564800
2011-03-25,1.3461400270462036,1.3640038533330539,1.3424758465602558,1.3479721755302763,219187200
2011-03-28,1.3301090002059937,1.3583537114934907,1.3301090002059937,1.3575905203636467,147897600
2011-03-29,1.3562170267105103,1.3562170267105103,1.317284486061673,1.3253760377458488,122169600
2011-03-30,1.3695000410079956,1.3737749372142483,1.3571325449671545,1.3687359178714011,169632000
2011-03-31,1.3736218214035034,1.3762179769033795,1.3606446548526379,1.3650719106961093,144960000
2011-04-01,1.3746901750564575,1.3962171263805996,1.3670568662123337,1.3882780518690794,171475200
2011-04-04,1.3664462566375732,1.3852245799175893,1.354232285939532,1.382171116363621,168844800
2011-04-05,1.3580487966537476,1.3763699270527574,1.353315660332034,1.3604916606331485,168787200
2011-04-06,1.3646146059036255,1.3878212382434,1.3493470509089263,1.379118037662506,207411200
2011-04-07,1.3640036582946777,1.381408192788219,1.3440028524728727,1.3640036582946777,231155200
2011-04-08,1.3507205247879028,1.3795759546686799,1.3359112142480187,1.3760641336280237,157676800
2011-04-11,1.341712236404419,1.3667510087935648,1.3322468959921432,1.3606440820505818,182732800
2011-04-12,1.3238497972488403,1.3360638867734413,1.312704781268049,1.329804366823862,247161600
2011-04-13,1.3456823825836182,1.352094260027893,1.3243077881916214,1.3415599621601482,251180800
2011-04-14,1.3398802280426025,1.343696882599435,1.3154521712036187,1.326444709419539,211500800
2011-04-15,1.335605263710022,1.345834726747274,1.3180473257583005,1.3298039863573996,192992000
2011-04-18,1.316368818283081,1.3174368433709525,1.2731613851939036,1.309497651099261,336262400
2011-04-19,1.3330100774765015,1.3330100774765015,1.3101082849795036,1.3235438044481713,183955200
2011-04-20,1.392400860786438,1.3956068001440785,1.3765227073294235,1.379728646687064,226995200
2011-04-21,1.4145386219024658,1.4217146236479565,1.4069053110823266,1.4217146236479565,168262400
2011-04-25,1.4226309061050415,1.4241571720156927,1.4125538003687785,1.4178977694940822,126009600
2011-04-26,1.437592625617981,1.448432805569745,1.4235463904886234,1.429805909204417,147200000
2011-04-27,1.457746148109436,1.4612578533624117,1.430722744504907,1.443547550795801,159257600
2011-04-28,1.4540817737579346,1.457746070492914,1.440952250740684,1.4495020434912558,193920000
2011-04-29,1.4528603553771973,1.4607994314445223,1.445684354083073,1.4485853428216726,131334400
2011-05-02,1.446601152420044,1.4641590979407837,1.438662074615572,1.4563723788634895,219321600
2011-05-03,1.431638240814209,1.4470592017164348,1.4146920620913657,1.4447688123772866,240217600
2011-05-04,1.4285845756530762,1.4411044293226933,1.4035458001712462,1.4336235945653473,283552000
2011-05-05,1.411332368850708,1.4456841236194726,1.4024776277635562,1.4139275914482736,299654400
2011-05-06,1.4223254919052124,1.4569830237645682,1.4139280570259387,1.4407989866713224,284672000
2011-05-09,1.4325544834136963,1.4427839469651011,1.4149965445794783,1.4255309584335203,155622400
2011-05-10,1.456066370010376,1.4601887911215732,1.43591320427463,1.44049386631294,228844800
2011-05-11,1.4346917867660522,1.4623267201948131,1.4149968617554374,1.4519447791649454,284064000
2011-05-12,1.4508757591247559,1.4553031304570048,1.409195638111557,1.4240049500229326,236800000
2011-05-13,1.417286992073059,1.4496541250009811,1.4165238009097043,1.4447685134373984,263264000
2011-05-16,1.3679726123809814,1.412553835498675,1.3618655683895577,1.404920642040818,279456000
2011-05-17,1.3749966621398926,1.3766752872718757,1.3488888054622066,1.3542327763042796,345625600
2011-05-18,1.399271011352539,1.403241073643864,1.3685834304225601,1.3722476104976185,196480000
2011-05-19,1.4069052934646606,1.413012338083741,1.3901105421950795,1.407974250501211,259456000
2011-05-20,1.3855304718017578,1.4067525911167673,1.381866292214881,1.403240886688972,274259200
2011-05-23,1.3459875583648682,1.355758783183886,1.3320937959496522,1.3487361885541056,307392000
2011-05-24,1.328735113143921,1.3517893796104588,1.328124397155804,1.3513311387755833,289401600
2011-05-25,1.3386591672897339,1.3504148998982848,1.3232391377776052,1.3241546878336201,205920000
2011-05-26,1.3557589054107666,1.362324191562511,1.3298044584323314,1.3302617675434814,232396800
2011-05-27,1.3690414428710938,1.3711784246697036,1.3569798311702181,1.3598809359710564,130086400
2011-05-31,1.4114850759506226,1.4119434333762213,1.3800344181764477,1.3940805397833744,182912000
2011-06-01,1.3507205247879028,1.4127062803069312,1.3496515678841878,1.4059885204125158,361216000
2011-06-02,1.3571325540542603,1.3667513035471048,1.3421708831609374,1.3560645288886586,296288000
2011-06-03,1.316826343536377,1.346293427293443,1.3125514469106854,1.3261402599993277,244384000
2011-06-06,1.2939252853393555,1.3243079146471262,1.2937728101663002,1.3108725106091474,275699200
2011-06-07,1.2902610301971436,1.3114831502198971,1.2884288821015197,1.3017119266742492,183795200
2011-06-08,1.2707189321517944,1.2884292360122007,1.264153645644135,1.2847650552966348,291296000
2011-06-09,1.2743828296661377,1.2875124679060694,1.2636950073422415,1.2705661745926837,167129600
2011-06-10,1.2368239164352417,1.2690386863864973,1.2342285776012505,1.2638481252006672,212140800
2011-06-13,1.2349921464920044,1.2493441498242246,1.2275113109402302,1.2397252837140398,286105600
2011-06-14,1.2659856081008911,1.2740771604924686,1.2543823503930254,1.2546881161637318,162387200
2011-06-15,1.221556544303894,1.2594200052173614,1.2154495006617374,1.2444583365290314,301126400
2011-06-16,1.2111743688583374,1.229801261846071,1.1896473033906863,1.2220145468444639,307782400
2011-06-17,1.2029308080673218,1.2362136140050113,1.1962130471365282,1.2327027242801007,244172800
2011-06-20,1.2146865129470825,1.2230839468862074,1.1963654954340548,1.1971285702514438,181664000
2011-06-21,1.2664436101913452,1.2699554313274286,1.2139233111238747,1.2244576097103606,245536000
2011-06-22,1.2494966983795166,1.271177181855993,1.2482753824540955,1.2568251763430711,193638400
2011-06-23,1.2727031707763672,1.2734662455387362,1.2142281844678078,1.2227779764931306,350662400
2011-06-24,1.2282741069793701,1.262473502541267,1.223541902688876,1.2594199226792255,237824000
2011-06-27,1.2681233882904053,1.2795732366807133,1.225831505993291,1.2304122840210767,214291200
2011-06-28,1.3047657012939453,1.3055288926718644,1.269497453579716,1.273466468080818,187424000
2011-06-29,1.3162153959274292,1.3209485326833665,1.2971311891100044,1.3120939070797812,217228800
2011-06-30,1.3501100540161133,1.3524004434043735,1.3236974834741415,1.3253761083774735,181779200
2011-07-01,1.3914848566055298,1.3945384362600084,1.3446132534048962,1.352857277820144,223680000
2011-07-05,1.4046149253845215,1.4075160307951908,1.3876676986757324,1.393469909497071,235436800
2011-07-06,1.4127060174942017,1.4186605850818683,1.3927062650359234,1.4024774868015533,225888000
2011-07-07,1.4534709453582764,1.4606469466049243,1.4313332738826414,1.4348450951595495,203776000
2011-07-08,1.4444630146026611,1.444768780349596,1.4124016414420433,1.4282799110776419,202688000
2011-07-11,1.3937746286392212,1.4287380362309736,1.3824771384958765,1.4142335587114672,306022400
2011-07-12,1.3705676794052124,1.3978968408498234,1.3687356479536337,1.3924005135307622,287379200
2011-07-13,1.3824774026870728,1.410417289618553,1.3728585353996607,1.3910271963233443,294278400
2011-07-14,1.3507205247879028,1.4029350567235124,1.3404910603350042,1.3905686103205697,309606400
2011-07-15,1.3862940073013306,1.386446366016086,1.3612552270212075,1.3806452031177943,222656000
2011-07-18,1.371942400932312,1.3835457705551124,1.3450714826150412,1.3722472347254444,257024000
2011-07-19,1.4346917867660522,1.4369821760497903,1.397744801214057,1.3994244743804864,157337600
2011-07-20,1.4212559461593628,1.4510279716289332,1.4172869329397122,1.449654064517183,195539200
2011-07-21,1.4420199394226074,1.4566767746794809,1.409500330080968,1.4247678813671492,167936000
2011-07-22,1.470723271369934,1.474845692660918,1.4375929401199896,1.439883212997934,166470400
2011-07-25,1.4656850099563599,1.48064772828054,1.4417151906463441,1.4476697596450758,201280000
2011-07-26,1.4708763360977173,1.4821738248812508,1.456830101164478,1.4623264286422313,184896000
2011-07-27,1.396523118019104,1.4548446912675426,1.3890422837346161,1.452707709410837,263609600
2011-07-28,1.40095055103302,1.4362187905062622,1.3865994813514007,1.3965231801073303,285440000
2011-07-29,1.3910267353057861,1.4204928787660203,1.36461417176234,1.3782020491017684,242419200
2011-08-01,1.380949854850769,1.4307225749331514,1.3450718283851448,1.423546573600606,297760000
2011-08-02,1.309651255607605,1.3780499501478982,1.3064443842881655,1.3664465762607907,391955200
2011-08-03,1.3328579664230347,1.3369794558258663,1.2664437808860578,1.3134678747984423,579257600
2011-08-04,1.2107174396514893,1.3000323665396127,1.2107174396514893,1.2957574704277537,667404800
2011-08-05,1.194380760192871,1.2482749618726987,1.1275083485053858,1.237588189040997,1010163200
2011-08-08,1.054530143737793,1.1630826909103722,1.0520873957596788,1.1223181182427464,886297600
2011-08-09,1.1520897150039673,1.1539218628422134,1.0236889878628075,1.0800268641164763,622208000
2011-08-10,1.0577365159988403,1.1334635980341727,1.0554461257859082,1.1003332544486069,704128000
2011-08-11,1.1507154703140259,1.1756017768814224,1.0778893981039281,1.0875082656096149,532646400
2011-08-12,1.1699525117874146,1.1850677026571108,1.1412495605978996,1.1649145419320985,450003200
2011-08-15,1.2043044567108154,1.2050676479373565,1.1693420981899367,1.1800288720407075,247948800
2011-08-16,1.1839993000030518,1.2047631864048811,1.1531583043528575,1.1809457187779513,391424000
2011-08-17,1.1710214614868164,1.2075100763284043,1.1465932916248238,1.1881210406116351,366169600
2011-08-18,1.056972861289978,1.1078134856558146,1.035598266161926,1.1072027696256221,450176000
2011-08-19,1.0183464288711548,1.0858285264003464,1.0165142803833453,1.03483529933265,312012800
2011-08-22,1.0249104499816895,1.0675071653048607,1.0189568131508013,1.0658274923689277,410553600
2011-08-23,1.108271837234497,1.1096456279693039,1.0307126490364136,1.0394149156132055,473881600
2011-08-24,1.1253715753555298,1.1311727377607286,1.0855234847953459,1.1052184096117905,455878400
2011-08-25,1.0899505615234375,1.1360580429473786,1.0818590120452598,1.124760555077932,446668800
2011-08-26,1.1430820226669312,1.1525473655021972,1.0610954501673475,1.0832331235186639,427737600
2011-08-29,1.2091901302337646,1.2105640375865272,1.167051768544857,1.1672041272406952,255494400
2011-08-30,1.2236946821212769,1.2389622357814198,1.185678739086915,1.1991141443742523,342342400
2011-08-31,1.229343295097351,1.2585046097000356,1.2076638640958632,1.2385039199250465,412832000
2011-09-01,1.205221176147461,1.2540773007405759,1.2010986385092388,1.2346873260889206,249267200
2011-09-02,1.1488831043243408,1.1733111652759034,1.1363641817352597,1.1635399408952785,272672000
2011-09-06,1.1493412256240845,1.1527005714244716,1.0902555281000863,1.095751855802481,393312000
2011-09-07,1.2070534229278564,1.2082747387806327,1.175907597279186,1.1814039263043747,299020800
2011-09-08,1.1959069967269897,1.2310227580668929,1.1888844035733939,1.1957545215750043,375699200
2011-09-09,1.1427761316299438,1.1896477495252118,1.1293407263845894,1.1792658084094685,420704000
2011-09-12,1.1731587648391724,1.173464647070513,1.1169742793122273,1.1185014773073174,431276800
2011-09-13,1.2032350301742554,1.208731356053524,1.1697998825306508,1.1814032501071214,350265600
2011-09-14,1.2377406358718872,1.2655271091814178,1.192090456262342,1.2159077994716312,341222400
2011-09-15,1.2743828296661377,1.2788102008035032,1.239572829398442,1.265222321671825,423833600
2011-09-16,1.2960622310638428,1.300490533960331,1.275604233475501,1.2821695183784327,379180800
2011-09-19,1.2989634275436401,1.3125513073297286,1.2447633352391347,1.2665961734905617,399872000
2011-09-20,1.2878183126449585,1.3330102558077244,1.2823219842146856,1.3123988494709218,384742400
2011-09-21,1.2424737215042114,1.3140782166436082,1.2424737215042114,1.2998796238825903,447129600
2011-09-22,1.1621661186218262,1.2015568972915496,1.1255239699437325,1.1778919117586646,821017600
2011-09-23,1.1861361265182495,1.196823834122226,1.1412499444468724,1.143234451655811,474790400
2011-09-26,1.2133123874664307,1.2181979985549334,1.1456769068343775,1.1991137950044455,395289600
2011-09-27,1.2386561632156372,1.2769779825934011,1.2227778958711044,1.2554510287755838,387289600
2011-09-28,1.2020143270492554,1.266748845198586,1.1974345962908204,1.2496491413791435,356844800
2011-09-29,1.1742278337478638,1.2421681675657295,1.1339215016483897,1.2381990369519398,512838400
2011-09-30,1.1137678623199463,1.1667465078287471,1.1123940718148018,1.144607909947812,522976000
2011-10-03,1.0555988550186157,1.128883141015024,1.0549881390457267,1.0937672637793152,422918400
2011-10-04,1.098805546760559,1.1038445659695126,1.0133072754607535,1.0345293972295395,844800000
2011-10-05,1.1552956104278564,1.1620133691027592,1.0771258359511047,1.0940730572218942,623596800
2011-10-06,1.1934642791748047,1.1945332361201013,1.1423187021533838,1.1537686672627627,403289600
2011-10-07,1.1785027980804443,1.2049153690810757,1.1635400775404443,1.1933121115677707,429734400
2011-10-10,1.2591155767440796,1.2595738177447273,1.2151450580324643,1.218198522595499,199020800
2011-10-11,1.274993896484375,1.2836961659809596,1.2501074721185657,1.253771769510092,214009600
2011-10-12,1.2896504402160645,1.3183533976265691,1.2879707671204352,1.3014061716883383,263923200
2011-10-13,1.3137725591659546,1.3169794297471469,1.2824742664165443,1.284764655295916,256140800
2011-10-14,1.3611023426055908,1.3626286083848198,1.3320935082985645,1.3467503423621074,201920000
2011-10-17,1.3214069604873657,1.3578966349410477,1.3061394078480806,1.3488884853487693,243449600
2011-10-18,1.3522467613220215,1.3667511212172425,1.291634797871026,1.316521213640493,351449600
2011-10-19,1.300184965133667,1.3462933932655508,1.2920932965671528,1.3391173912256085,264595200
2011-10-20,1.2885810136795044,1.3029330113250117,1.2513281610434335,1.298352234619762,275187200
2011-10-21,1.3197271823883057,1.3363685245649715,1.2965204389933962,1.314993929274557,198899200
2011-10-24,1.3742321729660034,1.382018773684022,1.3269032503782732,1.3299567142249424,256755200
2011-10-25,1.321101188659668,1.3667513752147593,1.3148417850896603,1.364461102348885,262771200
2011-10-26,1.317284345626831,1.3404910895040592,1.269497183573604,1.3359112433174163,344857600
2011-10-27,1.390721082687378,1.4058362766497479,1.353011024361713,1.3806450244329556,324787200
2011-10-28,1.3936222791671753,1.3972864594298244,1.3733166378121169,1.3733166378121169,178976000
2011-10-31,1.3476672172546387,1.3798819967440799,1.3455291867172994,1.3685834575961184,198496000
2011-11-01,1.2766729593276978,1.301558323450829,1.2626268421584657,1.2835430768425113,396505600
2011-11-02,1.2972837686538696,1.310261864346274,1.2751459798009246,1.3030858628094684,259494400
2011-11-03,1.3517897129058838,1.3560646093945494,1.2893446574970227,1.3198797655385688,260204800
2011-11-04,1.3383543491363525,1.3496518409210823,1.3114834206048287,1.3378959916919733,168108800
2011-11-07,1.3568274974822998,1.3595751953224622,1.3093451728067127,1.3356053784906146,202124800
2011-11-08,1.3879737854003906,1.3933176395935367,1.3465983737510014,1.376217935179385,266240000
2011-11-09,1.2920928001403809,1.3385061608238202,1.2826265288401424,1.3337730251737008,295443200
2011-11-10,1.2885810136795044,1.3186578674928215,1.2649160358392626,1.317131601989875,219596800
2011-11-11,1.3366745710372925,1.345376838795053,1.308582212393188,1.3122463925703538,183942400
2011-11-14,1.3214069604873657,1.3450718301533133,1.311483260939759,1.3308723026463951,161331200
2011-11-15,1.3501100540161133,1.361102711664941,1.3108726773897779,1.312857184535574,155987200
2011-11-16,1.3043073415756226,1.3507207184940677,1.3014062361531555,1.331941343350907,224742400
2011-11-17,1.2465951442718506,1.300336864555133,1.2290381388269322,1.2998795556232445,349638400
2011-11-18,1.2253743410110474,1.2484275640085938,1.2217101607903744,1.2459848160222082,234368000
2011-11-21,1.1789604425430298,1.1963649705605315,1.1540741503532586,1.1940745822913261,320736000
2011-11-22,1.1849145889282227,1.1933120228072838,1.1588077856350372,1.1723956658001073,261612800
2011-11-23,1.1313259601593018,1.171478878051954,1.1313259601593018,1.1691895375041297,258707200
2011-11-25,1.1149896383285522,1.14888315956061,1.1149896383285522,1.1232336652077413,103091200
2011-11-28,1.1916320323944092,1.1956019772602282,1.1682728171650656,1.169189415256408,236576000
2011-11-29,1.1774336099624634,1.2093425036227254,1.1714789247679804,1.1901058221060636,238483200
2011-11-30,1.264305591583252,1.266901862597793,1.2337704904645013,1.2410989659851548,223404800
2011-12-01,1.2820161581039429,1.2887338019384527,1.2630843092991209,1.2641533827522105,221132800
2011-12-02,1.2727031707763672,1.3082763626750795,1.2727031707763672,1.3082763626750795,166988800
2011-12-05,1.302017092704773,1.3198798714219524,1.2884292108191997,1.313926349570175,181081600
2011-12-06,1.2957576513290405,1.3122465219936323,1.286901975656723,1.3050706361152076,179238400
2011-12-07,1.2969787120819092,1.307054886254983,1.2624736629443785,1.2885813955149172,205849600
2011-12-08,1.2525497674942017,1.2994213724849355,1.2475116811978217,1.2798789278785299,259174400
2011-12-09,1.2920928001403809,1.2998795153314726,1.2574352838816263,1.2585042405647278,206336000
2011-12-12,1.2638481855392456,1.2662910493525856,1.2414046363390385,1.264763735299538,189075200
2011-12-13,1.234687328338623,1.2898029729124407,1.2252209372917442,1.2798792727901451,244780800
2011-12-14,1.1975864171981812,1.2279690359060598,1.182624635899004,1.225373813850693,289203200
2011-12-15,1.1899535655975342,1.219877955036316,1.1865942194236598,1.2188089980377845,205100800
2011-12-16,1.2007927894592285,1.234687240434031,1.1981975664651168,1.2033889443107888,219481600
2011-12-19,1.1794183254241943,1.2165187196418414,1.172089848178158,1.2114806317797169,152716800
2011-12-20,1.2481224536895752,1.2508701514383194,1.21544943986418,1.2166708718279482,204902400
2011-12-21,1.2116330862045288,1.2334659258940641,1.1838466087087591,1.2331600436574237,263955200
2011-12-22,1.2323966026306152,1.2339238001983857,1.2145338308044593,1.2174348189384936,125043200
2011-12-23,1.2540768384933472,1.2545341473993685,1.232854723311008,1.2374345683357029,83904000
2011-12-27,1.2614057064056396,1.269802091571417,1.2481226607169276,1.2507178837444586,79788800
2011-12-28,1.2345348596572876,1.2618630956929606,1.2262899008045682,1.258962922127062,158092800
2011-12-29,1.249649167060852,1.2522454389272857,1.2290386892323883,1.2369778833582972,126259200
2011-12-30,1.2436952590942383,1.2560618226687963,1.2427787773041845,1.2446108090268542,80992000
2012-01-03,1.2890396118164062,1.3035440886068481,1.2844588338411176,1.290871759931478,189516800
2012-01-04,1.300184965133667,1.3047656274104051,1.2754519514475473,1.285680485861913,125881600
2012-01-05,1.3223224878311157,1.3247652356408957,1.286291054899962,1.2965205200020018,145849600
2012-01-06,1.3307201862335205,1.3374378314099922,1.3133156483032258,1.3233917083802198,173971200
2012-01-09,1.3230865001678467,1.3395753668294184,1.3146890675056258,1.338506409947362,169088000
2012-01-10,1.3421708345413208,1.359270418861401,1.3354530741400423,1.352094417556068,133561600
2012-01-11,1.3482776880264282,1.3536216572782946,1.3317888206959765,1.3418648783313183,140518400
2012-01-12,1.3592705726623535,1.361713437260021,1.3339260271848457,1.354079194186822,197670400
2012-01-13,1.3496514558792114,1.34980381454915,1.3258339984492913,1.3447658444929496,193600000
2012-01-17,1.3717893362045288,1.384767547911583,1.3630870689010202,1.3733165340871976,157452800
2012-01-18,1.4084311723709106,1.4095001291135885,1.3734687038970093,1.3792709130357552,211724800
2012-01-19,1.4270586967468262,1.432096785168097,1.4172874703224587,1.4218672012588112,187814400
2012-01-20,1.4232417345046997,1.424004925761367,1.4128597941024559,1.4148443010377185,153158400
2012-01-23,1.423546552658081,1.4432414762606234,1.4072100432907781,1.4238524348647175,231923200
2012-01-24,1.4185082912445068,1.4259891248058705,1.40553113062856,1.4117905322928703,178534400
2012-01-25,1.45362389087677,1.4611057767517779,1.426142241006135,1.4470595354388873,227187200
2012-01-26,1.4430888891220093,1.4716394847827328,1.4302642020170075,1.4664481073540705,326771200
2012-01-27,1.4533188343048096,1.4577462062792885,1.4365239646484582,1.4374405630874376,177049600
2012-01-30,1.4549981355667114,1.4588147903858035,1.416828791803684,1.428584521960164,263756800
2012-01-31,1.4585086107254028,1.474386874643802,1.4400351245636562,1.468433239127555,220172800
2012-02-01,1.4814107418060303,1.49286163843738,1.465074233336047,1.4737765000993321,232448000
2012-02-02,1.491640329360962,1.5009531957228905,1.4798835504883752,1.491640329360962,187366400
2012-02-03,1.5322517156600952,1.5356110620773007,1.5142364633635832,1.5188163101885375,146758400
2012-02-06,1.5308778285980225,1.5308778285980225,1.5133198864893636,1.5206482466567046,149721600
2012-02-07,1.536832332611084,1.5418703033669836,1.5139305382882027,1.5270611084814825,227776000
2012-02-08,1.5510307550430298,1.5522520705614755,1.525228790284714,1.5369845200003183,241804800
2012-02-09,1.5748482942581177,1.57820670851147,1.5458394553267523,1.563397396936043,231404800
2012-02-10,1.5527104139328003,1.5611067978836743,1.5415643519781759,1.5527104139328003,180582400
2012-02-13,1.5800387859344482,1.5852302804261418,1.5618711760626771,1.5760697719716048,171155200
2012-02-14,1.5887420177459717,1.5896575676695848,1.5637031251212932,1.5727103425440971,185171200
2012-02-15,1.5658400058746338,1.6218722399859071,1.5623283013820757,1.6046200656329557,352332800
2012-02-16,1.609963059425354,1.6136273557283276,1.5603437489881573,1.5690460158995585,299283200
2012-02-17,1.6000396013259888,1.6128642899372099,1.5864517214361056,1.6111846168239146,151673600
2012-02-21,1.6079787015914917,1.622788013897986,1.588742134316811,1.6033989714403611,133996800
2012-02-22,1.59423828125,1.611948698186168,1.5898099781228636,1.6027881899180938,163104000
2012-02-23,1.6156131029129028,1.618666683748439,1.583092554376092,1.5979027999955877,223916800
2012-02-24,1.6262996196746826,1.6321018300257513,1.6183605437311794,1.6243151127737119,208902400
2012-02-27,1.6302695274353027,1.6412621826870173,1.5942380981023134,1.6078259760790758,242604800
2012-02-28,1.6632477045059204,1.6632477045059204,1.6298114936499113,1.6331699079728532,276857600
2012-02-29,1.6496587991714478,1.6774462049451557,1.6383611928081692,1.6663010737517867,336422400
2012-03-01,1.6739342212677002,1.6782091167546338,1.65194891135528,1.6614153004922723,221427200
2012-03-02,1.6721022129058838,1.6832473439478477,1.66172027307834,1.6704225399339758,209164800
2012-03-05,1.638513445854187,1.674240039015889,1.6273684326538609,1.669811736686909,258227200
2012-03-06,1.6056883335113525,1.6133225761560501,1.5887421552587044,1.607826247601996,280025600
2012-03-07,1.6293529272079468,1.6374444769702592,1.6157650502195886,1.6194292295428987,201158400
2012-03-08,1.6652321815490723,1.6745451649398548,1.6423303868418913,1.6484374311459153,167379200
2012-03-09,1.6792782545089722,1.6850795329222943,1.668743955740487,1.6696595056627566,130419200
2012-03-12,1.680652141571045,1.6838580805287136,1.6637049166744449,1.6771403204165651,174617600
2012-03-13,1.742332935333252,1.7434018921919119,1.6921029123000568,1.6994312714376543,242240000
2012-03-14,1.7559207677841187,1.7684406203574619,1.7339354579760273,1.7469135513876755,280025600
2012-03-15,1.7641661167144775,1.7725634343584458,1.748135371636264,1.7658457899112152,218937600
2012-03-16,1.7612651586532593,1.771036384559841,1.7543950384428524,1.7705781435814119,168396800
2012-03-19,1.7888987064361572,1.7957698732325718,1.7600432770599177,1.7675241115403486,168576000
2012-03-20,1.7940906286239624,1.7982130501287383,1.7597388633171474,1.7692042068078115,205926400
2012-03-21,1.795005440711975,1.8143954090319914,1.789814996058569,1.794548131786722,150438400
2012-03-22,1.786609411239624,1.7951592028223213,1.7717991687249972,1.772104934432144,252243200
2012-03-23,1.7861510515213013,1.7922580954217944,1.7646240974270742,1.7913416136767852,216089600
2012-03-26,1.847373366355896,1.847373366355896,1.8055407820580542,1.808288479515547,201772800
2012-03-27,1.851954698562622,1.8675270855017652,1.847679802343288,1.8492060684239946,175948800
2012-03-28,1.8372979164123535,1.8685960982630103,1.8157699111525805,1.8548548108749303,252966400
2012-03-29,1.8253886699676514,1.8366872094203208,1.7977546682081056,1.8201982235872007,182297600
2012-03-30,1.8160755634307861,1.8411144567934457,1.802029443030944,1.840045383326959,156454400
2012-04-02,1.853176474571228,1.858519280461312,1.8059989674029202,1.8119535378463905,183846400
2012-04-03,1.8534810543060303,1.8699700403629949,1.8321064556931717,1.8574511168371448,242092800
2012-04-04,1.803250789642334,1.8270681332323222,1.781723835088546,1.8250836263915684,292652800
2012-04-05,1.824014663696289,1.8281370843912041,1.7933270849520475,1.7963806651989238,162201600
2012-04-09,1.7976019382476807,1.8118005327690911,1.773020472239704,1.7780594910591487,327385600
2012-04-10,1.7382107973098755,1.809052239801296,1.7287454541402352,1.7962275501264573,407417600
2012-04-11,1.756531834602356,1.7789752732491313,1.747066375477107,1.7702730054233817,331948800
2012-04-12,1.7951592206954956,1.7995865916968883,1.75805883248374,1.762791969195324,291372800
2012-04-13,1.7418750524520874,1.7846242528333647,1.740043020409764,1.7827921043088413,288684800
2012-04-16,1.704775333404541,1.760654045758109,1.6919505294904993,1.7597384958651527,237664000
2012-04-17,1.7716468572616577,1.7826395140163902,1.7119504363861868,1.7179050056790062,135564800
2012-04-18,1.7617229223251343,1.7835557577398293,1.752714890239558,1.7611122063111602,158099200
2012-04-19,1.7253860235214233,1.7924108071423863,1.7104242357434263,1.749967492908535,250995200
2012-04-20,1.7136298418045044,1.7566849121243249,1.7082859894419604,1.7412639545546311,215340800
2012-04-23,1.6843163967132568,1.6872175019434061,1.6513385436965669,1.6824842484692588,222835200
2012-04-24,1.66416335105896,1.689354604962093,1.6499647544421743,1.6763774405953882,221664000
2012-04-25,1.752562403678894,1.7540886695341384,1.7272177475049264,1.7317985252675259,207820800
2012-04-26,1.7734787464141846,1.7805022716917114,1.7470660653976324,1.75057788627748,102976000
2012-04-27,1.7945486307144165,1.8052354051212205,1.7692039713011445,1.7876774631923125,129600000
2012-04-30,1.769356369972229,1.7901202501395996,1.7656921900845102,1.7823344648493618,117510400
2012-05-01,1.7745475769042969,1.8139373004767023,1.7589741451301317,1.7641656385013322,133696000
2012-05-02,1.7827916145324707,1.7866093175901616,1.748287499678371,1.7562265748058477,118969600
2012-05-03,1.7456927299499512,1.7887467635924996,1.7366845791467012,1.7866097811830288,190444800
2012-05-04,1.6591250896453857,1.7188215071576995,1.6591250896453857,1.71424072901183,221401600
2012-05-07,1.6614152193069458,1.6780566760831794,1.6383609536850112,1.6394300269510016,171616000
2012-05-08,1.6488957405090332,1.6609573544420293,1.5963753203888904,1.6401934728355627,222617600
2012-05-09,1.6433993577957153,1.6575979534539993,1.5982074159331991,1.611184579423857,248121600
2012-05-10,1.6311852931976318,1.655765829679745,1.620955827763088,1.6550027548897008,356230400
2012-05-11,1.6321020126342773,1.6669120171343825,1.6186666070412066,1.6204986389735114,95542400
2012-05-14,1.6021777391433716,1.6272165202473419,1.5966814099759439,1.604925437798279,108832000
2012-05-15,1.590574026107788,1.6366815156236953,1.58538253196699,1.6125593380984264,141740800
2012-05-16,1.5688936710357666,1.6116427466075163,1.5633973430150567,1.6030929547896018,125353600
2012-05-17,1.502632975578308,1.57500079335671,1.502632975578308,1.5704209468799135,112902400
2012-05-18,1.464769721031189,1.520037729319027,1.420799204831105,1.5117938181020985,150716800
2012-05-21,1.5435500144958496,1.5484356266812342,1.4659909356131406,1.4687385173366427,112732800
2012-05-22,1.5408011674880981,1.567061372967926,1.5197324556742384,1.5530152544729094,88070400
2012-05-23,1.5493508577346802,1.5554577838886627,1.4895019796791613,1.5172894954262715,185600000
2012-05-24,1.5291979312896729,1.5557639027738448,1.5047697570276093,1.554847304596938,102384000
2012-05-25,1.5230909585952759,1.536526361878841,1.5148469327992211,1.5298086019959718,51385600
2012-05-29,1.561260461807251,1.576528014743526,1.5343895360243949,1.5514892372466096,117417600
2012-05-30,1.5359156131744385,1.5472141507534687,1.5169838824770816,1.534389347293719,105878400
2012-05-31,1.5227859020233154,1.5398856003129688,1.499884110617771,1.5319465253998013,114307200
2012-06-01,1.440952181816101,1.4858382421630119,1.4406462995996285,1.4693492570908873,135331200
2012-06-04,1.4623265266418457,1.4675170887820972,1.423546466013326,1.4501125553588776,117708800
2012-06-05,1.4751511812210083,1.4806475085111106,1.4519444401112072,1.4537765880352953,101417600
2012-06-06,1.5438551902770996,1.5453823883963484,1.4946941108908773,1.4986632418430097,126076800
2012-06-07,1.5301145315170288,1.5750007053175825,1.5279766176471363,1.5750007053175825,93830400
2012-06-08,1.561260461807251,1.5640081600663283,1.5160685190937386,1.5249231453415781,80960000
2012-06-11,1.5114877223968506,1.5856885040163682,1.505686560213607,1.5832457561468662,118960000
2012-06-12,1.5435500144958496,1.5453821627461872,1.5017164869496262,1.5209541018192638,100153600
2012-06-13,1.5227859020233154,1.5588173300921875,1.5120981974649754,1.53499998887052,91203200
2012-06-14,1.5343893766403198,1.5459927482816054,1.5066019719132524,1.5218695232636168,118316800
2012-06-15,1.5719468593597412,1.5762217545195514,1.5414117608100597,1.5426331927077646,77667200
2012-06-18,1.6015665531158447,1.6095056282051896,1.5542367034477522,1.5606495126965276,103148800
2012-06-19,1.634238839149475,1.6479801256714857,1.6156128723275507,1.6177498544375355,104080000
2012-06-20,1.6388194561004639,1.651033427050372,1.6131699656788352,1.640345721980249,182857600
2012-06-21,1.5554579496383667,1.638208624964287,1.5524044862359982,1.6327122976542938,151052800
2012-06-22,1.5875205993652344,1.592100329219985,1.5575962109476225,1.5649245707940445,86742400
2012-06-25,1.5258396863937378,1.5624818353621543,1.5182054442833532,1.5621759531561448,129110400
2012-06-26,1.546603798866272,1.5545428760336428,1.5230912847940616,1.5356111408789908,109488000
2012-06-27,1.5646188259124756,1.578054230131321,1.5542368855899467,1.558511781637662,77593600
2012-06-28,1.5310298204421997,1.5435496720989066,1.4977470243402504,1.5414117585934481,136025600
2012-06-29,1.625688910484314,1.6259946761862474,1.5798862566742418,1.5875204982379425,102950400
2012-07-02,1.6360708475112915,1.6369873292404884,1.611337838486691,1.6305745197438941,70396800
2012-07-03,1.662941575050354,1.662941575050354,1.6324064740036026,1.6369872516821478,44665600
2012-07-05,1.6647738218307495,1.6815685710352586,1.642177794463202,1.659277493997621,105907200
2012-07-06,1.6229408979415894,1.6525593965277545,1.600344875189709,1.6510331309217197,104723200
2012-07-09,1.6183605194091797,1.6311852072364483,1.6015667013574406,1.6186664016093104,89248000
2012-07-10,1.5859930515289307,1.6427883561468288,1.5737790814223676,1.6345444475825754,134803200
2012-07-11,1.5676721334457397,1.5899632097443197,1.542328525412759,1.5817182523392939,131379200
2012-07-12,1.5398857593536377,1.5514891314086714,1.5105720876714046,1.5450762051577063,124108800
2012-07-13,1.584466814994812,1.592406006368645,1.545076041396862,1.545992639549987,109612800
2012-07-16,1.5765278339385986,1.5917953851239066,1.5643137463974837,1.578054099832009,98345600
2012-07-17,1.5914894342422485,1.603092805257212,1.5481296466591123,1.5951537302357106,126051200
2012-07-18,1.635460376739502,1.6452316016841437,1.5856885855249863,1.5856885855249863,146134400
2012-07-19,1.6708812713623047,1.682179695476763,1.6522553013879926,1.6574457482939822,137782400
2012-07-20,1.6284372806549072,1.6711863475055515,1.6262992507257148,1.6705756315742653,107200000
2012-07-23,1.5899635553359985,1.5994290149706345,1.5398859960605262,1.5646190099368158,109763200
2012-07-24,1.5627862215042114,1.5982069281801217,1.5432437787150397,1.594542749277689,125699200
2012-07-25,1.541107177734375,1.5618710574448915,1.5233967617827444,1.5408012955404773,126812800
2012-07-26,1.5808027982711792,1.601260795907642,1.5630924986979768,1.588131274410482,124224000
2012-07-27,1.6601938009262085,1.662941498624758,1.5963749720835365,1.6052306448644904,124211200
2012-07-30,1.6550028324127197,1.6800416109811436,1.6440101751910332,1.6666062057558544,121913600
2012-07-31,1.6522548198699951,1.673323531955256,1.6507276221690974,1.6598881292846257,140627200
2012-08-01,1.6437052488327026,1.6779045343345707,1.6321018761423214,1.6775986521211999,114822400
2012-08-02,1.6324067115783691,1.665079847545786,1.6088952487835668,1.6183605910083603,141529600
2012-08-03,1.6925612688064575,1.7087443705211245,1.6742402532283827,1.6830948788225137,130505600
2012-08-06,1.7197372913360596,1.7350048454967009,1.7041649032731476,1.7124089305689805,85302400
2012-08-07,1.7487456798553467,1.7624860324034441,1.7295080680592356,1.7359209935984858,83692800
2012-08-08,1.7453864812850952,1.7548528710690448,1.7340889917287394,1.73866872135671,70172800
2012-08-09,1.7560741901397705,1.7618753514690817,1.740195923637651,1.7475242826496038,61443200
2012-08-10,1.7597384452819824,1.7603491613062558,1.7365317022882827,1.7453864439883031,64825600
2012-08-13,1.7673721313476562,1.7676778971125144,1.7405012029675286,1.7603495362247863,57510400
2012-08-14,1.7695097923278809,1.7884415244742804,1.7597385682212117,1.7814179984990302,74710400
2012-08-15,1.7783641815185547,1.7829448423164707,1.7658452617663352,1.7664559777120052,48051200
2012-08-16,1.819892168045044,1.8290527925125213,1.7875250320648433,1.7924106440891476,93657600
2012-08-17,1.8357698917388916,1.8366864897317905,1.8201975103597237,1.8275259844635792,49180800
2012-08-20,1.841877818107605,1.842183700365149,1.8192819020330055,1.8333280246179944,58902400
2012-08-21,1.827831506729126,1.866611572166593,1.8128697191142844,1.8540917171430735,115910400
2012-08-22,1.8415722846984863,1.8495113589972818,1.8092050385956768,1.8174490631785847,102854400
2012-08-23,1.8125636577606201,1.8369917158539903,1.802792434523272,1.826304942767495,95843200
2012-08-24,1.8333278894424438,1.8430991145621722,1.797907169262881,1.803403497953002,82118400
2012-08-27,1.8397403955459595,1.8550079468290903,1.832106153975705,1.851037884951779,62364800
2012-08-28,1.8397403955459595,1.8501223350777753,1.8247776781076464,1.8366869318822023,64476800
2012-08-29,1.8394348621368408,1.8495118526142398,1.8247779085497697,1.8406561778672743,46963200
2012-08-30,1.8027929067611694,1.8259995389082586,1.797602343464127,1.8244732726467037,57337600
2012-08-31,1.8281371593475342,1.8421833960947291,1.790884410665635,1.829663425363759,103340800
2012-09-04,1.8235565423965454,1.8366871130424245,1.78752510849585,1.8220302763428138,80265600
2012-09-05,1.8189762830734253,1.8372974121515397,1.809509894630329,1.8211132647315857,62284800
2012-09-06,1.8986730575561523,1.9005052060013903,1.8412670209095094,1.8412670209095094,106201600
2012-09-07,1.8934822082519531,1.9011154013494604,1.8843215844561865,1.8916500601963657,64566400
2012-09-10,1.8464585542678833,1.8925660519225118,1.8437099238551682,1.8861541728828748,68544000
2012-09-11,1.8403511047363281,1.860504267695884,1.8342440609493353,1.8467629823670058,70592000
2012-09-12,1.851954698562622,1.8605044910012902,1.8284421869453558,1.8537867303810875,87795200
2012-09-13,1.8992836475372314,1.916689114851863,1.849816807623786,1.8553130196300023,103171200
2012-09-14,1.9350101947784424,1.9487505505153622,1.913635712723146,1.9166891768789909,109203200
2012-09-17,1.9362314939498901,1.9371470439085123,1.9227960895125662,1.9368422100355207,50809600
2012-09-18,1.939895749092102,1.9411170647551337,1.9261544627351954,1.9264602284591303,46108800
2012-09-19,1.9460026025772095,1.9566894927879164,1.9279864208818973,1.9402005089034597,58841600
2012-09-20,1.942948818206787,1.9456965158054276,1.9176041645842252,1.9264598370431785,72864000
2012-09-21,1.9444754123687744,1.9652392921973068,1.9402005164891665,1.960659445979475,48915200
2012-09-24,1.9188258647918701,1.9273756563023794,1.9035583133904335,1.9108867893152792,54489600
2012-09-25,1.8660005331039429,1.9392848231347335,1.8647791010909238,1.932261181372286,75536000
2012-09-26,1.836991786956787,1.8632519941044041,1.8174493397256788,1.8614198459956726,82028800
2012-09-27,1.8864587545394897,1.8953144288970065,1.8394347812434613,1.8452368752037152,69936000
2012-09-28,1.85745108127594,1.8855433238139527,1.852259586584696,1.8736341847883344,87712000
2012-10-01,1.8489010334014893,1.896535838697584,1.8385190931375526,1.8748554763736995,85872000
2012-10-02,1.8617258071899414,1.8769933592974282,1.832106252898406,1.8663055370041661,83744000
2012-10-03,1.8827944993972778,1.8907335751489263,1.8553128593296921,1.8718018433702435,98425600
2012-10-04,1.8968406915664673,1.9078333480127814,1.8788255573530677,1.8916502455523132,70044800
2012-10-05,1.8757718801498413,1.921879369177721,1.8678328045051296,1.9151617256267113,76176000
2012-10-08,1.8440154790878296,1.8626414462588308,1.8342442545899647,1.8556188518598633,70921600
2012-10-09,1.7856926918029785,1.8336332569643,1.7759214688053777,1.832106059282666,123305600
2012-10-10,1.7673721313476562,1.793021627419097,1.760043653977732,1.7832504019139956,108448000
2012-10-11,1.753631353378296,1.7948532278579215,1.752714871679447,1.7927162460014032,87644800
2012-10-12,1.7527148723602295,1.7734787506948622,1.7466078287649547,1.7563790519245268,90560000
2012-10-15,1.7774490118026733,1.7832502907373724,1.7453867069040592,1.7670670707904899,91878400
2012-10-16,1.8290528059005737,1.8330228680287766,1.7835559148781601,1.7835559148781601,92608000
2012-10-17,1.827831506729126,1.8382134476722636,1.8052354765062304,1.8095103728094892,83411200
2012-10-18,1.7859989404678345,1.826610106616165,1.7710362207324464,1.815006733244629,110323200
2012-10-19,1.6998897790908813,1.782028701612469,1.69500416707306,1.7811131516885228,127084800
2012-10-22,1.7182104587554932,1.7252330514478253,1.6901182242716712,1.6965301010210305,131088000
2012-10-23,1.6840115785598755,1.713019369631005,1.6733237558313447,1.6892020246476456,132508800
2012-10-24,1.6693545579910278,1.7075228531979645,1.6669116939120474,1.7026372415221742,101766400
2012-10-25,1.6714917421340942,1.7005005818586818,1.6614155672410618,1.6956149695917524,99580800
2012-10-26,1.6812632083892822,1.6953093311158935,1.646148251019358,1.6717977482290052,95478400
2012-10-31,1.6601938009262085,1.6824839437593988,1.6488953807445048,1.678819764417194,69708800
2012-11-01,1.7078288793563843,1.7142407574523244,1.6721022803947867,1.6803473550440442,67859200
2012-11-02,1.6669117212295532,1.7252332965973456,1.6669117212295532,1.7227904324783314,92390400
2012-11-05,1.6925612688064575,1.6992790288767672,1.6644690293891191,1.6702701912142965,62732800
2012-11-06,1.6998897790908813,1.7224856909924882,1.6864542586802387,1.6989731808273276,109587200
2012-11-07,1.6183605194091797,1.6669118055794552,1.6052308812392062,1.6644690578190042,175779200
2012-11-08,1.570725440979004,1.6354599343285579,1.5698098912175527,1.6275207434073118,129654400
2012-11-09,1.5826348066329956,1.6153068894549911,1.5682828059603737,1.57072555346959,151385600
2012-11-12,1.5798864364624023,1.603398948000469,1.5719472436685078,1.6000396017729401,78038400
2012-11-13,1.5600390434265137,1.5887421177493968,1.5496571026786554,1.5545427150022249,107510400
2012-11-14,1.5215647220611572,1.5768327186579163,1.517289826228489,1.5734744210625033,147760000
2012-11-15,1.5102661848068237,1.5340836446446016,1.500494961046465,1.5249230204473618,160185600
2012-11-16,1.5230909585952759,1.5331679478660987,1.476066872379538,1.5133197350286514,165094400
2012-11-19,1.5963749885559082,1.5991236181401087,1.5572900978833246,1.5572900978833246,113724800
2012-11-20,1.5972918272018433,1.6024822731362467,1.5673674387145404,1.59698594499754,117488000
2012-11-21,1.6049250364303589,1.6091999321621144,1.5884360530517254,1.6009559064014878,79276800
2012-11-23,1.6525598764419556,1.6531705925295948,1.6211092209914648,1.6247734010351162,61795200
2012-11-26,1.6690486669540405,1.6690486669540405,1.634849385404999,1.6464526402720676,81590400
2012-11-27,1.6559189558029175,1.6782090993117051,1.65042262838194,1.665079579159323,105158400
2012-11-28,1.6843163967132568,1.6870650267668919,1.61958200636036,1.6409566032782756,120524800
2012-11-29,1.7041648626327515,1.7160730700281406,1.6879807104717575,1.7008055162315951,120460800
2012-11-30,1.7001943588256836,1.7075227175159626,1.6892017043081038,1.7056906860844734,78684800
2012-12-03,1.6943936347961426,1.7282870403961499,1.6913400541524302,1.7258442923633712,84460800
2012-12-04,1.687369704246521,1.6968360938352558,1.6684379734085941,1.6925611981443212,87072000
2012-12-05,1.6519490480422974,1.6858434973964107,1.6342387486335759,1.6858434973964107,128528000
2012-12-06,1.6730188131332397,1.6821793208785027,1.6336280357695123,1.643399259562083,95811200
2012-12-07,1.6528656482696533,1.6940875254050178,1.642483708437508,1.690423345606077,84918400
2012-12-10,1.6632477045059204,1.6806522394429808,1.6446208055322011,1.64584223771139,68291200
2012-12-11,1.7069121599197388,1.725233173577251,1.6837054183725815,1.686454047998081,106784000
2012-12-12,1.6977516412734985,1.724928446093989,1.690118448109416,1.7234011318645794,97667200
2012-12-13,1.671797513961792,1.7163787406202822,1.6577513932034487,1.693782827484197,109872000
2012-12-14,1.6406513452529907,1.6604987405579437,1.6296586908148252,1.6516439996911563,83673600
2012-12-17,1.6855379343032837,1.6855379343032837,1.6391245575585658,1.6424839039036543,72534400
2012-12-18,1.7353103160858154,1.7405007614289183,1.6922552458147118,1.7063014808369006,193382400
2012-12-19,1.7200428247451782,1.7466078650533856,1.719126226544761,1.74538643301252,87712000
2012-12-20,1.7188218832015991,1.7282872270853082,1.7032484455131405,1.7264551949833764,94310400
2012-12-21,1.6849271059036255,1.6882864520248542,1.6525598526184606,1.667522571273191,89622400
2012-12-24,1.6757664680480957,1.6803472459726252,1.6696594242143685,1.674850918170488,17148800
2012-12-26,1.6492233276367188,1.682555943895517,1.6369910753485728,1.67674609943395,36294400
2012-12-27,1.6431070566177368,1.6544214548427918,1.6012109210462342,1.6501401609346216,121686400
2012-12-28,1.6109968423843384,1.6431071314403791,1.6097735821672974,1.6180308802736123,83398400
2012-12-31,1.6761342287063599,1.685613735827904,1.6009054854686215,1.6054920690459997,182608000
2013-01-02,1.7843904495239258,1.7862252231032498,1.7479987514878381,1.7599257130055188,169932800
2013-01-03,1.7678769826889038,1.792953235399878,1.756256243224433,1.785002160155995,78960000
2013-01-04,1.7550326585769653,1.767876655960052,1.7467753614882284,1.7675703159892253,59609600
2013-01-07,1.7583966255187988,1.7620662901603994,1.7351552605799478,1.7455527409449292,80233600
2013-01-08,1.7535033226013184,1.7651240608949865,1.7314851061831074,1.7550328061105116,89875200
2013-01-09,1.7614543437957764,1.77215816230221,1.7519748354111349,1.754115015829848,70227200
2013-01-10,1.7831671237945557,1.7892833076992478,1.7510567208330277,1.7859189340928214,109206400
2013-01-11,1.7889771461486816,1.789895116278692,1.7742983733072692,1.781637701399717,52985600
2013-01-14,1.7721582651138306,1.7825557442158668,1.757173151648493,1.7694055211767197,67878400
2013-01-15,1.755338191986084,1.7599257092070393,1.7391307532051812,1.755338191986084,75315200
2013-01-16,1.768794059753418,1.7804148002480409,1.7535036547128997,1.7605376936588846,72732800
2013-01-17,1.7850018739700317,1.7993744218336616,1.7773562067272288,1.7843903605784117,87804800
2013-01-18,1.7785794734954834,1.781025993697155,1.761454182053293,1.7739928897281207,60041600
2013-01-22,1.7850018739700317,1.7856135040181553,1.7596194019576608,1.78163750040759,73785600
2013-01-23,1.8027390241622925,1.8152766834725709,1.7978460998128993,1.8033506542880313,91958400
2013-01-24,1.7556447982788086,1.7880604995069687,1.7495286128282928,1.7568680587002188,96988800
2013-01-25,1.7733817100524902,1.782861219974145,1.7593145652898439,1.7669591845942487,78489600
2013-01-28,1.7807207107543945,1.7926467392992922,1.7694053790503348,1.7739930130451373,92531200
2013-01-29,1.7739927768707275,1.7886715471774162,1.752891483145473,1.7758275502487533,95520000
2013-01-30,1.7755218744277954,1.798457948603419,1.765430617737013,1.7868372081145132,96940800
2013-01-31,1.7651240825653076,1.790811963149752,1.762983902197361,1.7724634103571422,74070400
2013-02-01,1.806408405303955,1.8131362189767184,1.7761330104635198,1.7908117812124125,76403200
2013-02-04,1.7431060075759888,1.7963166633466516,1.7431060075759888,1.7853075541074441,115728000
2013-02-05,1.7972344160079956,1.8061024109554928,1.7510568678482548,1.7580910223819728,73308800
2013-02-06,1.7837787866592407,1.7999861085207223,1.7730749688390104,1.7837787866592407,75728000
2013-02-07,1.7874481678009033,1.7908116076853722,1.7476931529594595,1.7871418278613702,79718400
2013-02-08,1.8238396644592285,1.8311791108912234,1.8036563325919217,1.8057974467906475,64883200
2013-02-11,1.8241456747055054,1.8278153389296927,1.8125249352296358,1.8250625949713322,52332800
2013-02-12,1.8091604709625244,1.8268973943657776,1.8064086603934828,1.8204759197554314,54332800
2013-02-13,1.8220045566558838,1.8357664099113185,1.811301670722915,1.8195580360744346,42649600
2013-02-14,1.81986403465271,1.826591731676379,1.8036556638568928,1.804267293887499,46646400
2013-02-15,1.810995101928711,1.8296498761323672,1.8002922180371779,1.820169319046239,61129600
2013-02-19,1.8363779783248901,1.8369896084885458,1.8168062797140099,1.8177232000051282,40140800
2013-02-20,1.779802680015564,1.8366829897705135,1.779802680015564,1.8366829897705135,81913600
2013-02-21,1.7415772676467896,1.7700169579081688,1.7287333860364777,1.7663471774567867,129289600
2013-02-22,1.7761331796646118,1.7764394030065007,1.748305118888404,1.7605373706828547,61004800
2013-02-25,1.7317914962768555,1.811606949819215,1.7296503826211616,1.799986211189383,153708800
2013-02-26,1.7443290948867798,1.7519747625423125,1.7146661441883015,1.7369896505696019,128537600
2013-02-27,1.779497504234314,1.8024325236706449,1.7406592863490387,1.745246920181448,130291200
2013-02-28,1.7736866474151611,1.8076318254412589,1.7736866474151611,1.7807206850235506,98643200
2013-03-01,1.7880600690841675,1.7944815431398495,1.7443290445001185,1.7617605596373558,65846400
2013-03-04,1.8045740127563477,1.8045740127563477,1.7721583142670188,1.7764396087236891,86352000
2013-03-05,1.859007716178894,1.8623711569227661,1.8259803892628952,1.8268974261555,97840000
2013-03-06,1.8486100435256958,1.8703219191756166,1.843410779693926,1.8703219191756166,56294400
2013-03-07,1.859007716178894,1.8642059306470868,1.8458574934647667,1.8516682713120547,45395200
2013-03-08,1.8611477613449097,1.8761328733503098,1.848303762925957,1.8700166891820709,46614400
2013-03-11,1.87399160861969,1.8742979486095852,1.8464689553538884,1.8580895767375232,42518400
2013-03-12,1.8608428239822388,1.8709339639885425,1.8421880446024708,1.8626775979209362,64576000
2013-03-13,1.8544200658798218,1.8690988388299437,1.8424940367749505,1.8626773641634327,63180800
2013-03-14,1.867570400238037,1.874909845480559,1.8593131014602986,1.867570400238037,52873600
2013-03-15,1.8571727275848389,1.8718514998857385,1.847386879384239,1.869098756162238,66950400
2013-03-18,1.8473868370056152,1.8629825291363495,1.8140532892557764,1.8229222170653285,54707200
2013-03-19,1.8421881198883057,1.8663474553845647,1.8085491575402106,1.8596196395836384,110000000
2013-03-20,1.8652042150497437,1.8743984285868016,1.849880486851058,1.866430141364223,52937600
2013-03-21,1.8256694078445435,1.841912054431191,1.8158622313008563,1.8339437673309829,88086400
2013-03-22,1.8596879243850708,1.8621396604471416,1.8354768700197945,1.83884764175894,46230400
2013-03-25,1.845284104347229,1.8789963822870739,1.8284275561895484,1.8704151304420316,86172800
2013-03-26,1.8667371273040771,1.8667371273040771,1.8520263615126187,1.8603007215479879,44544000
2013-03-27,1.8713340759277344,1.8734798565627533,1.8357830246058984,1.8412995771309064,47273600
2013-03-28,1.8814477920532227,1.8845126078310823,1.8618334387179916,1.8707207614645618,45878400
2013-04-01,1.8544784784317017,1.886044859572393,1.8449772553797361,1.8829800431933645,71558400
2013-04-02,1.8838996887207031,1.8955457551273172,1.8688819156919263,1.871640659144186,70921600
2013-04-03,1.8495745658874512,1.8906421629027583,1.8403802352680416,1.8851256112954209,86080000
2013-04-04,1.8511064052581787,1.858768736967863,1.8302661256441282,1.8477356340062163,59216000
2013-04-05,1.819540023803711,1.8247496848355063,1.7830691230794529,1.7919573816374579,86979200
2013-04-08,1.8391544818878174,1.8391544818878174,1.8097328334484988,1.8195400106246804,45264000
2013-04-09,1.8624465465545654,1.8774632682018682,1.8308792338672766,1.8483487436135502,86963200
2013-04-10,1.9360007047653198,1.9405972862799348,1.8743987729752096,1.8743987729752096,57779200
2013-04-11,1.93232262134552,1.942742761473319,1.922208553616767,1.9252732525734493,64160000
2013-04-12,1.9307901859283447,1.9338548854908975,1.902288503378764,1.9255806409330236,55929600
2013-04-15,1.8550909757614136,1.9225152824139033,1.8511063062817446,1.9169987312280434,69660800
2013-04-16,1.9047399759292603,1.9084176380515674,1.8682689594614967,1.8768503269612413,45411200
2013-04-17,1.8302663564682007,1.871640848524623,1.8082001477620273,1.86980207573963,122806400
2013-04-18,1.7787786722183228,1.840073594484337,1.7634549416518193,1.8397676389568975,109776000
2013-04-19,1.8281214237213135,1.8351698575416575,1.7806173016202214,1.7858278980298303,109193600
2013-04-22,1.863365650177002,1.8777704622476084,1.827201635975458,1.8403805215180282,65868800
2013-04-23,1.8995295763015747,1.9133214244686656,1.8661243075247995,1.8875775531275372,91984000
2013-04-24,1.8979977369308472,1.9127085041831404,1.8820610431798328,1.890948367286238,90688000
2013-04-25,1.918224811553955,1.9335485400987262,1.9081106269541532,1.9081106269541532,83571200
2013-04-26,1.907497525215149,1.9176115915495633,1.8906419170986764,1.9087233344823673,78204800
2013-04-29,1.942130208015442,1.9565340857111302,1.9179183329209324,1.9191441426157416,71712000
2013-04-30,1.969099760055542,1.970938532820887,1.9326288573334383,1.9464207052705569,83516800
2013-05-01,1.9525502920150757,1.9776812021252952,1.9442749953974496,1.970938722906673,114310400
2013-05-02,2.0009732246398926,2.008941629970921,1.9550020331341913,1.9583728049071922,46361600
2013-05-03,2.048475980758667,2.06012216444601,2.037443110993021,2.038668803550222,60713600
2013-05-06,2.0634939670562744,2.070236445541912,2.0521538552489864,2.0555255621349238,60169600
2013-05-07,2.061041831970215,2.073913707050333,2.0463311843990875,2.0708490082914754,57040000
2013-05-08,2.0815751552581787,2.084639854093659,2.052766705618823,2.058283257051301,41248000
2013-05-09,2.077591896057129,2.103641723739977,2.0677847177995226,2.072075343673377,60803200
2013-05-10,2.0996575355529785,2.1024152264422313,2.0769784858309777,2.0837207290725916,49872000
2013-05-13,2.106706380844116,2.1159007125731257,2.089543877692972,2.0941415112006143,40915200
2013-05-14,2.1278529167175293,2.1404177819060206,2.1054797078379712,2.1060927877740343,43753600
2013-05-15,2.1361279487609863,2.1404185746165307,2.109158267123053,2.1192724530635125,35145600
2013-05-16,2.1324498653411865,2.160645466373867,2.129385166763115,2.140725042527158,50179200
2013-05-17,2.171372413635254,2.174437112097144,2.1401121152095643,2.1517580628933497,71779200
2013-05-20,2.16524338722229,2.179954035885214,2.1489998045123477,2.1603396817869522,60352000
2013-05-21,2.169227123260498,2.1866966332826383,2.148999921789733,2.164323651379108,64400000
2013-05-22,2.134596109390259,2.2102949055707493,2.1103841202206826,2.17596966609878,166185600
2013-05-23,2.121110200881958,2.1364339240527253,2.0870910490942185,2.0944463707461782,130096000
2013-05-24,2.1208040714263916,2.1208040714263916,2.082495215280577,2.093834391654747,66115200
2013-05-28,2.1477737426757812,2.185163675886334,2.1352086412995606,2.169226868048297,82128000
2013-05-29,2.126934051513672,2.142870629935768,2.103029066969731,2.1309186053069866,99123200
2013-05-30,2.1489999294281006,2.169227130970761,2.1290795017699113,2.1290795017699113,67289600
2013-05-31,2.1091580390930176,2.1652434106977467,2.1070131940402788,2.1333700264871163,79737600
2013-06-03,2.1180460453033447,2.1183521176722144,2.0634936142595834,2.112835566565457,107315200
2013-06-04,2.095979690551758,2.1428697870424234,2.0785101846271594,2.1244813626125625,124944000
2013-06-05,2.0426535606384277,2.097512070082483,2.03805592759735,2.082801187573233,97526400
2013-06-06,2.057670831680298,2.0604296928281567,2.0080218529911833,2.0466377253049393,89244800
2013-06-07,2.115900754928589,2.1211112348724015,2.0671716375470424,2.078510814753791,77740800
2013-06-10,2.1189651489257812,2.1379666563577047,2.109464979763669,2.125094546770123,56844800
2013-06-11,2.0763654708862305,2.114061474449226,2.0619606624882207,2.0763654708862305,88905600
2013-06-12,2.027942657470703,2.1018026740239795,2.0221193319495927,2.100270675276165,96025600
2013-06-13,2.077591896057129,2.0877051467544563,2.011393267452105,2.0227324446593293,83049600
2013-06-14,2.0521533489227295,2.084026726922477,2.0457178797323468,2.079736102366886,57596800
2013-06-17,2.089851140975952,2.114675044686602,2.0699297746982017,2.0846404266776664,72758400
2013-06-18,2.124481678009033,2.1333699361073304,2.0962860741092815,2.096593081787788,67235200
2013-06-19,2.0769782066345215,2.130917548245735,2.0739132746930955,2.126932996428994,101926400
2013-06-20,1.97553551197052,2.0438799275815445,1.9660353405456965,2.030394968526353,160064000
2013-06-21,1.9583725929260254,1.9887139782086323,1.9261932533805397,1.9782939548295944,88009600
2013-06-24,1.9188381433486938,1.949178598582862,1.8872708262505031,1.9268064322820055,106896000
2013-06-25,1.9455007314682007,1.962663351021088,1.9234345230303143,1.956533835687144,76316800
2013-06-26,1.9785995483398438,1.9887137318838664,1.9663407538409068,1.9795196360096636,72160000
2013-06-27,1.9982144832611084,2.023652401173844,1.9963757103139639,2.001586190521768,68038400
2013-06-28,2.0000531673431396,2.0273298538022253,1.9767610338770358,1.9847294383983565,78371200
2013-07-01,2.0288619995117188,2.0601225433657246,2.0239585269163713,2.031008014078506,81539200
2013-07-02,2.029475212097168,2.0546061245691645,2.0086349261090533,2.0257974320445804,44448000
2013-07-03,2.046637535095215,2.0653329738135215,2.012619300212917,2.0150711533621513,27404800
2013-07-05,2.0763654708862305,2.0782042432986896,2.0368297596247062,2.0702360736303556,59292800
2013-07-08,2.0800437927246094,2.0993511419189534,2.0665588346543418,2.0990450694728104,38166400
2013-07-09,2.1054799556732178,2.115287131411254,2.0815749794256,2.099657566167154,36035200
2013-07-10,2.130918264389038,2.1361278086829247,2.1014967316711104,2.101802804089454,37033600
2013-07-11,2.218876600265503,2.218876600265503,2.1741313276595697,2.175970100809169,54336000
2013-07-12,2.235119342803955,2.2372641876318053,2.206616733006712,2.2191827692803763,43164800
2013-07-15,2.245539903640747,2.247378676344852,2.2271512413134813,2.23941027159114,40771200
2013-07-16,2.239715814590454,2.2519748419703713,2.2277637948389457,2.2482970636099466,49744000
2013-07-17,2.249830961227417,2.2605570594540416,2.237571928595505,2.2525886531700587,46243200
2013-07-18,2.238490343093872,2.2605565500949334,2.231747864974487,2.248604527916043,57660800
2013-07-19,2.193131923675537,2.2011003278768366,2.179341129350802,2.2004874816251387,56723200
2013-07-22,2.203859567642212,2.2148926726446323,2.1919063747284504,2.2106018128578437,34041600
2013-07-23,2.173517942428589,2.2139725827948515,2.169227316467135,2.2139725827948515,45657600
2013-07-24,2.186697244644165,2.217037704600628,2.1768900643179148,2.2155059391494856,46150400
2013-07-25,2.2127463817596436,2.2188760136738703,2.1839379301382005,2.2078429100498114,41510400
2013-07-26,2.2366514205932617,2.237571274496177,2.1891482383572964,2.197422480874446,33664000
2013-07-29,2.2286837100982666,2.2479919966706565,2.2173445314246885,2.2283776376189652,46835200
2013-07-30,2.251361608505249,2.2709759574472415,2.236344891387952,2.2449261398223883,51635200
2013-07-31,2.26116943359375,2.286913420125987,2.252588182690188,2.26116943359375,55315200
2013-08-01,2.3059146404266357,2.3135769724566764,2.287526212662263,2.2921238457018327,42681600
2013-08-02,2.3328843116760254,2.333804165539061,2.2973331523594527,2.308979100848578,36521600
2013-08-05,2.336256504058838,2.3396270419831655,2.3215456200138105,2.3273682447374737,27232000
2013-08-06,2.3083667755126953,2.3338046921492603,2.2893652653329903,2.329207058547297,50659200
2013-08-07,2.2997848987579346,2.3071402220001698,2.266379521078931,2.295801281690892,64249600
2013-08-08,2.3206257820129395,2.3322717330055385,2.291817093878819,2.3258362619036994,55721600
2013-08-09,2.3037703037261963,2.330127141738724,2.2902855784283798,2.3160293362146085,40556800
2013-08-12,2.3123512268066406,2.321851630744477,2.284768699915277,2.285381546232647,65683200
2013-08-13,2.3380959033966064,2.3503549377487936,2.286608146174726,2.318787614478249,70147200
2013-08-14,2.3218514919281006,2.34422447305186,2.3157218600130536,2.337788067264124,71340800
2013-08-15,2.2446203231811523,2.2718970166011556,2.2308295247831977,2.2718970166011556,57756800
2013-08-16,2.2403290271759033,2.2636211596253397,2.2335865493230505,2.244006806137879,57670400
2013-08-19,2.233280658721924,2.279251842478678,2.2320547324298268,2.242780827565699,57177600
2013-08-20,2.2528951168060303,2.2734283894146254,2.2375713881725594,2.2424748597480675,45008000
2013-08-21,2.2372639179229736,2.276799625324825,2.2210212739842623,2.2391026901559226,63923200
2013-08-22,2.2795581817626953,2.2835429691857434,2.254734279547266,2.2562662785612204,55203200
2013-08-23,2.312044143676758,2.316947615024564,2.296414343369471,2.313576843819091,61897600
2013-08-26,2.3126566410064697,2.3482077966560473,2.304382399701508,2.3144954132567936,78521600
2013-08-27,2.217036724090576,2.28109049258427,2.2090685543518784,2.2593303605227515,118259200
2013-08-28,2.2369585037231445,2.2550401590361107,2.213972441119578,2.214585521258598,59622400
2013-08-29,2.267298698425293,2.28905882985667,2.228376769430236,2.234199392738147,64089600
2013-08-30,2.2375714778900146,2.2715897078829497,2.2225535872324604,2.2715897078829497,68828800
2013-09-03,2.260863780975342,2.2948817796919614,2.243394036213861,2.275574431213902,62048000
2013-09-04,2.3117384910583496,2.3184809699797277,2.266073371386198,2.27833216889244,65494400
2013-09-05,2.319707155227661,2.3322720265763297,2.312964675554248,2.3141906022059233,45568000
2013-09-06,2.3249168395996094,2.348515753690201,2.27281623980477,2.334111173126517,91158400
2013-09-09,2.3782432079315186,2.3871314683737954,2.344224971138159,2.344224971138159,49776000
2013-09-10,2.4024546146392822,2.4088900849383457,2.385597952037092,2.4064382322494677,70390400
2013-09-11,2.393566370010376,2.396018222713231,2.3650646929920165,2.371500163327767,46428800
2013-09-12,2.3889694213867188,2.404906228459952,2.3803881716495248,2.3920343538541613,51107200
2013-09-13,2.3932607173919678,2.397551343044581,2.367822802078665,2.396631255200274,32937600
2013-09-16,2.3794684410095215,2.4331019561088127,2.369661264541815,2.431263183590346,38761600
2013-09-17,2.411954879760742,2.417165593030196,2.389888906148376,2.389888906148376,35030400
2013-09-18,2.469265937805176,2.479073114172121,2.408889945663117,2.419310202077606,45824000
2013-09-19,2.4806060791015625,2.4922520325045525,2.473250518594982,2.4842836255332332,30729600
2013-09-20,2.462830066680908,2.4977681546786625,2.4609912937825777,2.4931714562544154,37628800
2013-09-23,2.4524099826812744,2.48979992642098,2.430956851267474,2.4864291542960606,39772800
2013-09-24,2.4533298015594482,2.479686636589139,2.4370859832600247,2.463136979675968,33462400
2013-09-25,2.4386186599731445,2.4637495658569293,2.4272785488402002,2.456087233812422,54444800
2013-09-26,2.474782943725586,2.4864288947313846,2.4548615796654527,2.4560875061642062,40940800
2013-09-27,2.469265937805176,2.4772343416725464,2.4389245548114964,2.447812812571711,52864000
2013-09-30,2.4514904022216797,2.468653136542578,2.401228593197939,2.417471239787706,79593600
2013-10-01,2.5063486099243164,2.508494389873961,2.453634954593855,2.456699886878909,49129600
2013-10-02,2.503592014312744,2.5112534130908992,2.467427995451017,2.4720246944249458,52505600
2013-10-03,2.4459738731384277,2.5088007842595617,2.41961704208997,2.498074688992569,59833600
2013-10-04,2.4867348670959473,2.494397199681768,2.4410706851506356,2.4447484644988924,39856000
2013-10-07,2.4456663131713867,2.4848950071025944,2.442601381478075,2.445360240880683,51856000
2013-10-08,2.3543381690979004,2.449652268242726,2.3506603892515447,2.446893407259374,89462400
2013-10-09,2.337175130844116,2.364757888844153,2.299172115901159,2.3632258901121883,85142400
2013-10-10,2.43402099609375,2.4462800257450437,2.386823883920272,2.386823883920272,87622400
2013-10-11,2.474170446395874,2.4778479925893206,2.4236016141983354,2.424214460623375,66112000
2013-10-14,2.508187770843506,2.508494778526888,2.4398445402567632,2.4435223192757407,57417600
2013-10-15,2.4894931316375732,2.5287218333400654,2.483669573209455,2.5045098502165923,113964800
2013-10-16,2.5455777645111084,2.548336624937409,2.5088009087596785,2.510946689091246,88153600
2013-10-17,2.574693441390991,2.5765322140207414,2.5189150780136336,2.5219797770037324,78169600
2013-10-18,2.657747745513916,2.6598935259855327,2.607179857832198,2.6212776612510917,86137600
2013-10-21,2.66878080368042,2.6825725344371203,2.6540699203805795,2.6681677235562495,74185600
2013-10-22,2.6733779907226562,2.706477063434604,2.644262301401998,2.688394710113286,107747200
2013-10-23,2.6454885005950928,2.661425075484385,2.619744748738188,2.651617898516772,109894400
2013-10-24,2.6675548553466797,2.679200805573142,2.640585175643608,2.6488603543226037,60364800
2013-10-25,2.7046384811401367,2.730075458296417,2.6810395750709755,2.718429275278069,95027200
2013-10-28,2.7073965072631836,2.7156719200558546,2.6831856872415876,2.706170814624757,82665600
2013-10-29,2.7150588035583496,2.7291566057130043,2.6926855894345185,2.723640054102788,132425600
2013-10-30,2.710460662841797,2.743559732480974,2.6850236898351154,2.7352854911695474,137129600
2013-10-31,2.698202610015869,2.7316086993448616,2.6785882528418514,2.697896537565868,118224000
2013-11-01,2.699122428894043,2.722414565417325,2.673378673122188,2.7141391521178018,85600000
2013-11-04,2.7055580615997314,2.7168981750026733,2.6880894842636955,2.7168981750026733,39737600
2013-11-05,2.7132203578948975,2.7352865688962926,2.670926942689949,2.684411901373377,54521600
2013-11-06,2.7116873264312744,2.7374310802432844,2.694524590068374,2.7346733887586443,71820800
2013-11-07,2.6102442741394043,2.7199622242116783,2.605646641270218,2.7110739661505296,105452800
2013-11-08,2.6807334423065186,2.681039514689021,2.614534826076936,2.627099927445087,87696000
2013-11-11,2.6724584102630615,2.685637295018573,2.653764142479446,2.669393711036787,56755200
2013-11-12,2.6795079708099365,2.6871693683555598,2.6522312818005296,2.65468313477811,93792000
2013-11-13,2.745093822479248,2.745093822479248,2.644263169713923,2.6454890963386366,95593600
2013-11-14,2.7601101398468018,2.765013845622647,2.7193496638806223,2.728236753768489,94236800
2013-11-15,2.7708373069763184,2.772062999555172,2.748464091713513,2.762561894585858,82048000
2013-11-18,2.7199625968933105,2.78125751811585,2.707703565884489,2.769304559540043,99974400
2013-11-19,2.7012667655944824,2.740189633477148,2.6926855152863447,2.7156715750354397,126345600
2013-11-20,2.690847158432007,2.736818349745846,2.6727655025711545,2.7168979210553426,172729600
2013-11-21,2.7417213916778564,2.7478510231841375,2.7064772380797906,2.708622083008538,127251200
2013-11-22,2.772981643676758,2.7748204160294683,2.7484635878069046,2.7536740663302774,128771200
2013-11-25,2.785240888595581,2.798112998612501,2.7720629399944006,2.7932092931162367,93516800
2013-11-26,2.814357042312622,2.828454847190262,2.774821319463605,2.78738712531054,91990400
2013-11-27,2.8529727458953857,2.8557304375196573,2.821712204601902,2.826615910617183,97398400
2013-11-29,2.8845391273498535,2.8958790059716546,2.8719740236882934,2.8750387230386982,46563200
2013-12-02,2.8698277473449707,2.9032340634547196,2.8627794310819623,2.8949586517913573,75283200
2013-12-03,2.86523175239563,2.881474402925743,2.8443914679529034,2.8670707591963573,88048000
2013-12-04,2.8707475662231445,2.890361919023841,2.8241635367768727,2.842858035681592,92038400
2013-12-05,2.865537166595459,2.882699667315813,2.8496005921867784,2.8777961958906557,84457600
2013-12-06,2.9056849479675293,2.917636966381101,2.877795424133201,2.91242742396279,95856000
2013-12-09,2.9283647537231445,2.941236628122691,2.918863416462008,2.926831819870948,94905600
2013-12-10,2.9249935150146484,2.935720546371933,2.9136543388333047,2.9179449643189765,74976000
2013-12-11,2.8502132892608643,2.932348477271995,2.8416320393498022,2.924687081234233,106236800
2013-12-12,2.83642315864563,2.865537686264768,2.8309066061534334,2.852972816122219,103916800
2013-12-13,2.827228307723999,2.8630853077891767,2.8158881970885914,2.86002060892738,64057600
2013-12-16,2.858181953430176,2.8906681835744457,2.851133402963061,2.8554240283096046,57100800
2013-12-17,2.8480677604675293,2.871665724412892,2.8364218146452025,2.860019778590565,43561600
2013-12-18,2.914267063140869,2.9179446080672813,2.771142804025847,2.853584999818311,166835200
2013-12-19,2.895266532897949,2.903234939293575,2.8707484672906096,2.90170200486681,114192000
2013-12-20,2.9534964561462402,2.967287252834235,2.903847483675253,2.9050734102102678,93168000
2013-12-23,3.016017198562622,3.016936117332445,2.9856755763622993,3.0022252332603347,67436800
2013-12-24,3.020001173019409,3.0230658726981186,3.007436068011818,3.019082254141151,31331200
2013-12-26,3.038696050643921,3.043905594873152,3.018774688041305,3.0288888731929937,61670400
2013-12-27,3.0230653285980225,3.0497291696723097,3.016629857927723,3.045438544130036,75680000
2013-12-30,3.013871192932129,3.0227594522956265,2.9979346161442426,3.0141782006543365,55686400
2013-12-31,3.0524868965148926,3.0524868965148926,3.0233723713802543,3.0233723713802543,55052800
2014-01-02,3.005596399307251,3.0267427506422977,2.98843389916359,3.025516824371818,70310400
2014-01-03,2.9629969596862793,3.0111139385809214,2.960852114107639,3.0065163043704333,92188800
2014-01-06,2.9387853145599365,2.9697388462097662,2.9185581130549485,2.963609214070711,131728000
2014-01-07,2.992418050765991,3.0025322365800315,2.956561045426738,2.9660612157990442,132166400
2014-01-08,3.0077414512634277,3.023372187654358,2.9823044731411446,2.9939506566017715,117705600
2014-01-09,2.98628830909729,3.030114649958307,2.9666739551641013,3.027662797261273,109100800
2014-01-10,3.005596399307251,3.012644949264072,2.956866589975646,3.0031445467662916,104531200
2014-01-13,2.9145727157592773,3.018468029732904,2.894039446134696,2.9957889801212496,146083200
2014-01-14,3.028275728225708,3.0319535073741273,2.9366394263171665,2.9366394263171665,113846400
2014-01-15,3.0763919353485107,3.089876892504452,3.047277409664831,3.0512610276261602,104457600
2014-01-16,3.079763650894165,3.0874250482344228,3.0629072205805317,3.0714884719504716,72393600
2014-01-17,3.0435988903045654,3.077311274997787,3.0288882440943463,3.060454615008165,73616000
2014-01-21,3.0895707607269287,3.092022613584828,3.038083019818831,3.0828285161000424,81907200
2014-01-22,3.107652187347412,3.120217990776459,3.0868119072292988,3.104281416013921,69168000
2014-01-23,3.085280179977417,3.086506106424184,3.0414538356040044,3.0858932601115816,101129600
2014-01-24,2.959625720977783,3.0629072794722734,2.959625720977783,3.055245881984707,152416000
2014-01-27,2.906604766845703,2.9724973150998144,2.861246660533149,2.964834983055943,204976000
2014-01-28,2.9023139476776123,2.907217652800996,2.865537094538352,2.874425352351398,94243200
2014-01-29,2.840712785720825,2.8937322775556518,2.8278409123723773,2.851132806863427,196211200
2014-01-30,2.940624475479126,2.9633037666551596,2.902927758946143,2.909977012202788,97337600
2014-01-31,2.928058385848999,2.9562539932148373,2.8725870251582326,2.8793292700157944,121593600
2014-02-03,2.7965807914733887,2.9433816642302517,2.7788052111061217,2.919170613887869,177078400
2014-02-04,2.8342769145965576,2.856955967213347,2.8051621579163357,2.8217118126869245,121347200
2014-02-05,2.819566249847412,2.8397936851784915,2.7561264862218233,2.8152756242598906,108406400
2014-02-06,2.888828992843628,2.897717249938594,2.834889409951819,2.835809263775816,83212800
2014-02-07,2.992111921310425,2.9976284734965533,2.906912019408102,2.9249936748612235,109321600
2014-02-10,3.0273561477661133,3.0310339272468116,2.9893533617518426,2.9905792882454088,87689600
2014-02-11,3.0960066318511963,3.1091855180328936,3.0350187131517266,3.0402282581391864,117619200
2014-02-12,3.1082651615142822,3.1229760443648344,3.0907965872969743,3.1101041680090704,98265600
2014-02-13,3.1536242961883545,3.15975369585587,3.0629078249437875,3.0629078249437875,104150400
2014-02-14,3.1677212715148926,3.181819074109289,3.1346219608211547,3.1514786238605654,84371200
2014-02-18,3.1986758708953857,3.210627893643411,3.16281769825729,3.1753837364160735,64608000
2014-02-19,3.155156135559082,3.2008205481135694,3.1413644055179453,3.184883739213803,115001600
2014-02-20,3.1809003353118896,3.195304211127204,3.132477292909099,3.1588341269348423,111888000
2014-02-21,3.1720120906829834,3.2130795745985385,3.1677214650148375,3.2032723968111254,91769600
2014-02-24,3.210014581680298,3.237597339752944,3.1830449036879003,3.1885614553024295,70592000
2014-02-25,3.200207471847534,3.230854929498987,3.1812061977494226,3.217064134727543,112841600
2014-02-26,3.194997787475586,3.2385171193120112,3.1704797289026936,3.22012869229311,116316800
2014-02-27,3.237291097640991,3.243113721347312,3.1867225156409127,3.1968364658624573,82201600
2014-02-28,3.2284023761749268,3.2737607065373573,3.1732371046666406,3.2354518604295257,106700800
2014-03-03,3.181206703186035,3.1977561271842654,3.1245091781084837,3.1671086646634814,104294400
2014-03-04,3.2624220848083496,3.2743741063709773,3.244646737926502,3.2501632893923262,130777600
2014-03-05,3.280503988265991,3.2915370920396776,3.2596637071180896,3.272842591278567,85004800
2014-03-06,3.2728424072265625,3.2998120850335964,3.2507762009201078,3.293988759597426,90723200
2014-03-07,3.240968942642212,3.301037928399215,3.209095560314133,3.2961344570218745,124304000
2014-03-10,3.245873212814331,3.2504696773183475,3.2057244117872115,3.2388237261762405,77929600
2014-03-11,3.2195160388946533,3.2792780210980865,3.200514530671411,3.2630353733378485,135974400
2014-03-12,3.2418880462646484,3.2458728330645727,3.166495328191232,3.19101338794164,110128000
2014-03-13,3.1520912647247314,3.269470609464561,3.1220568888396167,3.267938610781811,176160000
2014-03-14,3.106734037399292,3.1588346336751956,3.1061209571673785,3.129719168199275,129161600
2014-03-17,3.163430690765381,3.2136925037928523,3.1447361900946804,3.1471880428817647,93056000
2014-03-18,3.2391302585601807,3.245565728800231,3.1689470866369653,3.1698669405745576,108176000
2014-03-19,3.205418109893799,3.2477115162861256,3.1612856970868206,3.2412751107456175,128336000
2014-03-20,3.2210476398468018,3.2403561547813795,3.1704797573677355,3.18427078547881,98176000
2014-03-21,3.1425912380218506,3.26119748500916,3.1315581313934886,3.2562937781425045,169881600
2014-03-24,3.089877128601074,3.1710934178109507,3.0322599838604236,3.1664957840750363,196688000
2014-03-25,3.107959508895874,3.160060097541898,3.0576976930331132,3.121137224628219,171043200
2014-03-26,3.0279691219329834,3.1527047416160157,3.027356041796875,3.1401387032198596,162048000
2014-03-27,2.9942569732666016,3.046970645835555,2.962077745786797,3.0215338974733954,136320000
2014-03-28,3.0068230628967285,3.0714887604939496,2.9893535508032185,3.0135655421269623,103923200
2014-03-31,3.0478899478912354,3.0880378075891626,3.0451313213750058,3.0512607191963688,107219200
2014-04-01,3.1542367935180664,3.158527419574766,3.0763922104840242,3.0770052906758862,111977600
2014-04-02,3.1710927486419678,3.187948241353258,3.1425901378242957,3.1815127713532183,107459200
2014-04-03,3.121443748474121,3.187642364268651,3.0861986604120246,3.1787541065149476,103200000
2014-04-04,2.952883243560791,3.168641393795623,2.9390915122049033,3.1606729885861204,228656000
2014-04-07,2.900169610977173,2.9712717109746505,2.857876199073856,2.918251266868102,183072000
2014-04-08,2.9510438442230225,2.9590122477407736,2.884845231284506,2.904765655525089,135984000
2014-04-09,3.0530996322631836,3.0564713387513955,2.958092332185771,2.973723067763475,105782400
2014-04-10,2.8646185398101807,3.056164693727162,2.8474560373412947,3.054325920983084,244662400
2014-04-11,2.7981131076812744,2.8863777056606033,2.7837092321445733,2.812517918504202,173683200
2014-04-14,2.840712785720825,2.8701343107264896,2.7879991324026157,2.8446964025462114,149254400
2014-04-15,2.858794689178467,2.8912809180668244,2.739882642788516,2.8597145431000337,180780800
2014-04-16,2.9332690238952637,2.9351080306116115,2.86216692149804,2.909670113423443,89075200
2014-04-17,2.935107946395874,2.9645294809759,2.898330852804662,2.9139606557833226,69481600
2014-04-21,2.979545831680298,2.979852839365959,2.9228485501671266,2.9504313084603586,70403200
2014-04-22,3.027662992477417,3.0411479493590394,2.9893532008038366,2.9979344519752114,55772800
2014-04-23,2.9731104373931885,3.0285817939762305,2.969432658252854,3.02705002901035,64211200
2014-04-24,3.031033992767334,3.072408486721034,2.9654484437840156,3.072408486721034,94345600
2014-04-25,2.9332690238952637,3.0003865727701364,2.919171219451681,2.99364409372721,84854400
2014-04-28,2.9544146060943604,2.9948692359356457,2.859101473293951,2.9593180771367646,147641600
2014-04-29,2.998854398727417,3.0095804953802396,2.9412372577794668,2.9703517837712896,62643200
2014-04-30,3.014791250228882,3.0200007947691656,2.955947948188339,2.9731106851183826,65504000
2014-05-01,3.0340986251831055,3.066279020258331,3.009274724352196,3.022146601796402,69664000
2014-05-02,3.0224521160125732,3.063826601411497,3.007128388412508,3.05156757256714,92012800
2014-05-05,3.0530996322631836,3.054019486169191,2.9712712151812704,2.986288169238062,59558400
2014-05-06,2.973416805267334,3.046664925776076,2.970965185892255,3.0445189112196167,79705600
2014-05-07,2.9553346633911133,2.9918047432641885,2.88699026588678,2.987208045736237,105225600
2014-05-08,2.950737476348877,3.0212267294293196,2.922235796211679,2.935107907399446,110300800
2014-05-09,2.973416805267334,2.9758686584640035,2.9081382598449244,2.945528202718568,88915200
2014-05-12,3.068730115890503,3.0717950485109182,3.002837805696059,3.0080482846793775,48515200
2014-05-13,3.072714328765869,3.096313237141481,3.0629071511622716,3.0757790279254515,48579200
2014-05-14,3.040534257888794,3.0788431065735664,3.0279684560774416,3.0555509767762445,37392000
2014-05-15,2.994563341140747,3.050954781312157,2.955947481422833,3.0405345247691824,81430400
2014-05-16,3.0331804752349854,3.036858255646213,2.9620783573693172,3.000387225511906,52339200
2014-05-19,3.0770039558410645,3.0843592782015117,3.0049829644083808,3.0163219033582975,45942400
2014-05-20,3.0540199279785156,3.0944745661511304,3.027356085745102,3.071488503323069,58121600
2014-05-21,3.1116371154785156,3.113781960731774,3.0604554445773724,3.0638271516036433,44745600
2014-05-22,3.137073516845703,3.155155870729438,3.108877914323862,3.1174591643242895,46982400
2014-05-23,3.1842715740203857,3.184884420422282,3.1303319716112563,3.144429777070834,26233600
2014-05-27,3.2645668983459473,3.2645668983459473,3.2066436930657463,3.2130791631006517,33321600
2014-05-28,3.242807626724243,3.2706964555405738,3.2375971478156536,3.2602761991879756,55068800
2014-05-29,3.2835683822631836,3.285101316218584,3.2526148542049436,3.266405881908338,39878400
2014-05-30,3.2857136726379395,3.295826919977023,3.251081669421125,3.286019744976025,32217600
2014-06-02,3.2774393558502197,3.294601858148841,3.2372914930139776,3.293069859306054,31388800
2014-06-03,3.275907278060913,3.285714455398289,3.24863059114131,3.256598995797163,26681600
2014-06-04,3.297973871231079,3.309925895058796,3.249243817434557,3.259050995918905,28883200
2014-06-05,3.354670763015747,3.367236800817006,3.2832625965844033,3.3053288040083997,39452800
2014-06-06,3.3926730155944824,3.3926730155944824,3.366623194475576,3.381027067417321,36284800
2014-06-09,3.3874640464782715,3.4052396286736406,3.3693816904037575,3.3954324512247394,30595200
2014-06-10,3.397883892059326,3.4030934356558404,3.3745917607592024,3.3822531568760508,30547200
2014-06-11,3.396045207977295,3.4076913916431173,3.3703014555357784,3.375818007319182,36630400
2014-06-12,3.338120937347412,3.3914476805118876,3.3129900321332433,3.3840921225310043,58752000
2014-06-13,3.356204032897949,3.372753690121763,3.3270883366156268,3.3653981310301297,37555200
2014-06-16,3.3614132404327393,3.381334602763218,3.330152935804179,3.3454766649757683,28521600
2014-06-17,3.3647847175598145,3.3831731445464404,3.3451703642645425,3.358348312162502,31670400
2014-06-18,3.405853033065796,3.4119826661142603,3.3347509264547592,3.3727539498904595,36428800
2014-06-19,3.3984975814819336,3.417804931128439,3.3684631990313307,3.412901458692693,31721600
2014-06-20,3.404932737350464,3.411675215918577,3.3883830809982496,3.402480884449048,25084800
2014-06-23,3.406771183013916,3.409222801690112,3.387463604514327,3.4049321767298646,27811200
2014-06-24,3.400642156600952,3.4640828575214044,3.3813348084889205,3.406771788935455,60083200
2014-06-25,3.4445390701293945,3.4552825930329107,3.3843724846120713,3.385600402790153,47814400
2014-06-26,3.4473021030426025,3.450371781945281,3.3945027827911782,3.447609375394805,55641600
2014-06-27,3.4761571884155273,3.4783064553608707,3.4368647383823796,3.4368647383823796,41836800
2014-06-30,3.4902780055999756,3.5065482168414115,3.4721672049018393,3.4743155351075035,30547200
2014-07-01,3.567328453063965,3.583904998910962,3.510231539880353,3.5120735344421106,32204800
2014-07-02,3.5780723094940186,3.587895422663882,3.563645263398681,3.569784621304286,34329600
2014-07-03,3.6201276779174805,3.620741519954929,3.5814490719172207,3.6001739473762417,32624000
2014-07-07,3.5992536544799805,3.622889969623522,3.5866671989798053,3.613680933548899,54601600
2014-07-08,3.5142219066619873,3.590350969018606,3.48383192354699,3.587281290314165,67916800
2014-07-09,3.565793514251709,3.572240378572416,3.5114597061743016,3.5323338504704584,50086400
2014-07-10,3.5436909198760986,3.5719323360979054,3.4657198700625833,3.4761568235439873,43686400
2014-07-11,3.5857467651367188,3.5872812531708416,3.539087040388508,3.559347106989221,36265600
2014-07-14,3.6327130794525146,3.646834022986516,3.6081554157356472,3.6204343646948165,27360000
2014-07-15,3.6075408458709717,3.6529728805431674,3.5541276945385922,3.643149769560184,59190400
2014-07-16,3.6348626613616943,3.6652524108021107,3.627187878963846,3.657271058671007,27206400
2014-07-17,3.5390865802764893,3.640080096223783,3.51514276186061,3.6136804415084702,64441600
2014-07-18,3.6474483013153076,3.6535876594284855,3.566100986610452,3.5762306698755455,43590400
2014-07-21,3.6391608715057373,3.652053664980691,3.6066216154289052,3.6330212787546765,24688000
2014-07-22,3.6885826587677,3.697485125953881,3.666787867745234,3.673234029663377,25222400
2014-07-23,3.7337076663970947,3.7419955883447185,3.699326889243507,3.7131400924895464,31715200
2014-07-24,3.7263402938842773,3.755502124518483,3.7146754211097113,3.746293088391659,40937600
2014-07-25,3.6934938430786133,3.7060802988941486,3.6578851478018946,3.689196245962483,31808000
2014-07-28,3.6977920532226562,3.716517869679504,3.641309205074538,3.7020896510512515,30073600
2014-07-29,3.6867406368255615,3.7300243514002065,3.679066790732988,3.712833727673143,57894400
2014-07-30,3.714982271194458,3.740154014816642,3.6864345128688085,3.7244990493751953,38521600
2014-07-31,3.563337564468384,3.664024527574136,3.552900375550531,3.6545089214766966,63817600
2014-08-01,3.5378589630126953,3.5878949339086508,3.489663815591393,3.549830404835896,73062400
2014-08-04,3.5842106342315674,3.613065887226544,3.526193324395864,3.5550485773908407,44748800
2014-08-05,3.5311050415039062,3.5768434092872714,3.497338113888566,3.5562767767300425,69804800
2014-08-06,3.5240447521209717,3.567020719131032,3.4816823929232625,3.4856736541210034,53731200
2014-08-07,3.5031704902648926,3.5700905091402775,3.477692183243347,3.554741883106487,58691200
2014-08-08,3.5519797801971436,3.5602677017126743,3.4832179952734044,3.514529092006077,47734400
2014-08-11,3.5949556827545166,3.616750235251692,3.5759233021284302,3.577765296512534,29232000
2014-08-12,3.5897374153137207,3.6093836416420473,3.5544359902762293,3.5860536600516,34995200
2014-08-13,3.6680147647857666,3.669856759022381,3.6164433759877013,3.622275459964838,31372800
2014-08-14,3.705772876739502,3.706080383286748,3.6670942676120863,3.675996968587318,34316800
2014-08-15,3.7401540279388428,3.75826600143926,3.671699738024961,3.7459870506581985,49251200
2014-08-18,3.7993998527526855,3.8055392100750822,3.769316439789415,3.7763762088870854,27491200
2014-08-19,3.8411471843719482,3.845137508262202,3.812598264786432,3.816895860947141,18812800
2014-08-20,3.8432960510253906,3.8561890755103243,3.828869006988109,3.8334729392568203,22620800
2014-08-21,3.8564960956573486,3.8620216103034615,3.8331663531083775,3.8469795542200518,18966400
2014-08-22,3.8672401905059814,3.8832026596551295,3.84237572372843,3.858952269114928,24585600
2014-08-25,3.895482063293457,3.917277556639397,3.876757185694469,3.9046911001164233,31219200
2014-08-26,3.904690742492676,3.9120582523180607,3.885658594280772,3.9068402435791207,18704000
2014-08-27,3.9049980640411377,3.913285985248788,3.8881142467081227,3.9053046337501014,14576000
2014-08-28,3.8936400413513184,3.904077230719514,3.8703102942016847,3.8782914125521697,24307200
2014-08-29,3.9249515533447266,3.9252590599140578,3.8847386874137984,3.9126726029079664,16944000
2014-09-02,3.9473605155944824,3.948895003676227,3.9148214990918384,3.944291071028037,28064000
2014-09-03,3.9010071754455566,3.9666992816320676,3.8865798966969862,3.9666992816320676,42441600
2014-09-04,3.890570640563965,3.957490676280345,3.873380250024475,3.9188122975664923,43699200
2014-09-05,3.934159517288208,3.9360012772711275,3.8650911759145155,3.906225376875859,33385600
2014-09-08,3.946746826171875,3.965471233925316,3.911137897435613,3.931704533974402,44963200
2014-09-09,3.8822824954986572,3.9762160244780222,3.866933867406527,3.943677007867179,57907200
2014-09-10,3.942448854446411,3.9476668627653226,3.8696955790325864,3.8914913028293188,34265600
2014-09-11,3.9393796920776367,3.942449605276491,3.8810548543218393,3.909910352140301,48048000
2014-09-12,3.8976309299468994,3.93293211704081,3.8736871087850004,3.931704432951735,78454400
2014-09-15,3.820887565612793,3.906839967217094,3.7987855061030324,3.9053045424921122,77958400
2014-09-16,3.8881144523620605,3.903156510222328,3.7871209231485863,3.7929527739711144,62556800
2014-09-17,3.902235984802246,3.9369242745531654,3.856803934516913,3.8875011961633077,39696000
2014-09-18,3.9587180614471436,3.9593316692738623,3.9166632077752146,3.924336818631111,21830400
2014-09-19,3.951657295227051,3.993405573598438,3.9221881977901054,3.9909497374115497,42764800
2014-09-22,3.881054162979126,3.935695469885287,3.8466731554092024,3.9332396334442667,46976000
2014-09-23,3.8595662117004395,3.8936394788436925,3.8432960023916425,3.850049435559849,50550400
2014-09-24,3.941835403442383,3.9445975757886154,3.8408409300920807,3.863864341544406,39996800
2014-09-25,3.776684045791626,3.9261793067013655,3.7736143668618998,3.915742117298508,67840000
2014-09-26,3.8589518070220947,3.869081487509286,3.78804076479166,3.798171382084593,47913600
2014-09-29,3.8475942611694336,3.8663200759604317,3.7751489467029176,3.7794465441491982,60716800
2014-09-30,3.8592588901519775,3.896709578278597,3.820580283735792,3.8675475142576454,63036800
2014-10-01,3.7343218326568604,3.8414547257039726,3.709150091262247,3.8371571284562203,88470400
2014-10-02,3.731865644454956,3.756116034924338,3.6391600400102324,3.7330935627246067,98915200
2014-10-03,3.806766986846924,3.8371567342024764,3.751204329675757,3.7736138964550636,50595200
2014-10-06,3.7901899814605713,3.8485148035791634,3.76747408192858,3.8270265879557703,48710400
2014-10-07,3.683056354522705,3.775761951419492,3.6815218666631373,3.7527394810942116,69747200
2014-10-08,3.8294827938079834,3.84820766853796,3.642229596680571,3.6888893183583096,66444800
2014-10-09,3.7008609771728516,3.834087185273053,3.6891961046190516,3.815668879166512,121603200
2014-10-10,3.5154495239257812,3.6993267175864752,3.5148356818771562,3.65604300740922,78640000
2014-10-13,3.4070892333984375,3.5562779332461822,3.4000285264660346,3.5031713370817967,134067200
2014-10-14,3.4055538177490234,3.493041423077638,3.387442782464804,3.4500652157909157,141110400
2014-10-15,3.364419460296631,3.3895912027155446,3.2063290017338173,3.3027186081883344,159776000
2014-10-16,3.319908380508423,3.376697782516647,3.218607353352343,3.2216770317688863,155302400
2014-10-17,3.408622980117798,3.4709388342526104,3.36779604607516,3.4073950619012265,133523200
2014-10-20,3.509310007095337,3.5142216800669193,3.3932744264584764,3.404325456443078,66249600
2014-10-21,3.6928794384002686,3.6928794384002686,3.57837905599222,3.594955599858227,92204800
2014-10-22,3.6535873413085938,3.725726549368481,3.650211326984347,3.7128335237310104,67129600
2014-10-23,3.7656331062316895,3.8052321293331204,3.715596190868061,3.7248052278821038,80630400
2014-10-24,3.823035955429077,3.8300968951421113,3.7515117674095166,3.7769900754629027,64921600
2014-10-27,3.8331668376922607,3.8451382801691256,3.779446172294766,3.807995097611445,57811200
2014-10-28,3.9464383125305176,3.9473596609442194,3.8620213449847394,3.8623279146526435,61228800
2014-10-29,3.9160494804382324,3.940913949118856,3.8614084012051473,3.9200395710776195,96761600
2014-10-30,3.935081720352173,3.9516580322015384,3.864784508849022,3.881974896960348,63936000
2014-10-31,4.041601181030273,4.06892219086019,4.015815596214458,4.064624593390887,64524800
2014-11-03,4.064931392669678,4.086419382467505,4.04497882806111,4.049582761613651,32784000
2014-11-04,4.039758205413818,4.059404426279176,3.983274910573418,4.039451401545072,56838400
2014-11-05,4.0373029708862305,4.0910236337047055,4.010596509837148,4.0901022851554645,55926400
2014-11-06,4.064317226409912,4.0661594555544625,4.004764932687829,4.036689878481142,49459200
2014-11-07,4.055107116699219,4.081814044058936,4.015200596007745,4.077209175285177,41660800
2014-11-10,4.086111545562744,4.095934890662788,4.039144320857113,4.059711891109971,31795200
2014-11-11,4.109442234039307,4.109442234039307,4.065238576116948,4.088568323498442,36137600
2014-11-12,4.124790191650391,4.133385384992166,4.0765952797527385,4.077822963771746,28262400
2014-11-13,4.1591715812683105,4.191096519329338,4.122027229430062,4.1413671177408995,47875200
2014-11-14,4.184035778045654,4.184957126588452,4.130930128636229,4.157329785586241,24310400
2014-11-17,4.158251762390137,4.184344625248562,4.121722410152676,4.166540155171521,30188800
2014-11-18,4.223020553588867,4.233457504140291,4.167457680044708,4.167457680044708,21846400
2014-11-19,4.184035778045654,4.2135048793276235,4.146892363329413,4.2135048793276235,36588800
2014-11-20,4.221794128417969,4.228547562337869,4.142287877888767,4.150268995974575,19459200
2014-11-21,4.237448692321777,4.304062613411654,4.211970852362268,4.297922787952693,39462400
2014-11-24,4.304983139038086,4.307746247928885,4.254025584159277,4.261086289943294,25868800
2014-11-25,4.317874908447266,4.342432799915577,4.294852441424073,4.316340420807788,30569600
2014-11-26,4.374053478240967,4.378964684150885,4.316956552461152,4.325551748307314,28668800
2014-11-28,4.4130377769470215,4.433298080265783,4.392471138066913,4.397382811914431,15664000
2014-12-01,4.312350273132324,4.405056114855629,4.281039410123538,4.389093411021795,47571200
2014-12-02,4.346731662750244,4.363001639457491,4.304369299329964,4.321253352313682,30246400
2014-12-03,4.364230155944824,4.374973916615823,4.310509478977646,4.359318481602229,32976000
2014-12-04,4.357475757598877,4.392777413776327,4.3230949816067215,4.355326724897896,40777600
2014-12-05,4.359622955322266,4.386329877533022,4.340898085155522,4.373743426005842,26636800
2014-12-08,4.2948527336120605,4.374972104678569,4.2515690312469765,4.339977259186369,37024000
2014-12-09,4.326470375061035,4.32923348347384,4.1668447729802445,4.19508618602199,54467200
2014-12-10,4.1883344650268555,4.328621175954396,4.171757681388372,4.310203099959799,53939200
2014-12-11,4.228548049926758,4.326779188630009,4.210436310469691,4.211049918421918,34550400
2014-12-12,4.136456489562988,4.242055144936344,4.134921064391709,4.145972097358759,48355200
2014-12-15,4.052038192749023,4.208287597228429,4.025332195679684,4.178818490859571,73699200
2014-12-16,3.9185051918029785,4.117115770363244,3.9169697669397467,3.99647624911563,75068800
2014-12-17,4.0578694343566895,4.083961343641002,3.913898809317683,3.9240294249646945,80835200
2014-12-18,4.258321762084961,4.258935838123063,4.155179002614285,4.179430087890168,61945600
2014-12-19,4.286871910095215,4.328926999245325,4.245737701116061,4.26446257686079,48790400
2014-12-22,4.316357612609863,4.317892979927621,4.275814260791384,4.281649219004477,38771200
2014-12-23,4.288100242614746,4.347993631377597,4.274585635055975,4.347687120303126,27267200
2014-12-24,4.293015003204346,4.324650791203965,4.289328902663361,4.294857819139139,8214400
2014-12-26,4.353829860687256,4.370415671203349,4.315743283174742,4.317586567606622,16185600
2014-12-29,4.351987361907959,4.369494112908084,4.340315569679359,4.3446156296575715,20131200
2014-12-30,4.290250301361084,4.345230617555258,4.2801152813058545,4.322501458359029,28761600
2014-12-31,4.199949264526367,4.339701942624499,4.191042163166978,4.303765151357187,36044800
2015-01-02,4.182441234588623,4.279192817626034,4.137597819286278,4.241720665841124,49910400
2015-01-05,4.054973602294922,4.150803760074454,4.032551898695747,4.141897130714726,56867200
2015-01-06,3.9480860233306885,4.079853441285069,3.910921791506763,4.0672597735127605,52531200
2015-01-07,4.046681880950928,4.066031917394682,3.979415817042438,3.99968773014676,52400000
2015-01-08,4.201483726501465,4.218684432634131,4.108725236096161,4.118246293971563,52544000
2015-01-09,4.147426605224609,4.231891973616284,4.100125942684701,4.226670974055278,55964800
2015-01-12,4.062039852142334,4.169541839606591,4.039925120084541,4.16524177885488,41520000
2015-01-13,4.055895805358887,4.225441879344166,3.993237259710021,4.1394402204431495,75494400
2015-01-14,4.015658378601074,4.054052397542721,3.942556908911468,3.9748080535441077,73990400
2015-01-15,3.909693956375122,4.062654020428124,3.898943336512421,4.050674778381319,57065600
2015-01-16,4.001836776733398,4.010129446112214,3.8863491467469156,3.894949264476161,70736000
2015-01-20,4.063574314117432,4.08200294094356,3.9579151664307077,4.0491387673390795,62960000
2015-01-21,4.104732513427734,4.140976279944159,4.010130719690174,4.039310201972158,58675200
2015-01-22,4.256465435028076,4.264451130056378,4.063269168213023,4.135142298154056,63420800
2015-01-23,4.274892807006836,4.300693638458332,4.2312777741153775,4.2567716257735775,55900800
2015-01-26,4.266292095184326,4.280728579555652,4.222063108832139,4.265985584104923,45145600
2015-01-27,4.047602653503418,4.134832709806864,4.016581294251288,4.131761506193339,64156800
2015-01-28,4.0033745765686035,4.181214339839833,4.00030337189686,4.1744570334218265,67196800
2015-01-29,4.076782703399658,4.092140129625667,3.9259724310433786,3.9935452470392523,60240000
2015-01-30,4.017195701599121,4.132683843518246,4.004295520172899,4.072175079725503,50736000
2015-02-02,4.085383892059326,4.092141198858098,3.909695086970207,4.031940334778322,51113600
2015-02-03,4.163705348968506,4.168313326738924,4.060503425349326,4.1139474376656455,51491200
2015-02-04,4.154184818267822,4.210700041855103,4.110262329679352,4.126541634833385,57708800
2015-02-05,4.2269768714904785,4.2321988076361965,4.155411694181297,4.175990584346649,41363200
2015-02-06,4.175683498382568,4.260148852362761,4.145889592954988,4.242334186253879,41513600
2015-02-09,4.148655891418457,4.1879708657938775,4.129919343656249,4.143126974165199,32976000
2015-02-10,4.278271198272705,4.289328561673835,4.18121264027541,4.19564818684084,37068800
2015-02-11,4.310215950012207,4.328030621421017,4.272129362654945,4.285643973287247,40476800
2015-02-12,4.408503532409668,4.412496144829618,4.351988312164102,4.364581046418311,42793600
2015-02-13,4.483755111694336,4.4855979282987155,4.418639758757911,4.4358400052942075,52553600
2015-02-17,4.492661952972412,4.4984973811047935,4.463175489158358,4.483753914862045,30774400
2015-02-18,4.505868434906006,4.509861984082092,4.4699325850497,4.482525317453439,27852800
2015-02-19,4.5497918128967285,4.555012813016907,4.4975766563088335,4.500033432128401,37606400
2015-02-20,4.610300064086914,4.615522002027668,4.516005700059801,4.544263311284169,42032000
2015-02-23,4.621049404144287,4.621663832351902,4.585420066845069,4.607534795605177,28160000
2015-02-24,4.626884937286377,4.63671391414676,4.581427090985634,4.608149328905169,33712000
2015-02-25,4.602926731109619,4.647156183287762,4.58357669728519,4.612448726827664,32339200
2015-02-26,4.6496148109436035,4.653914871814498,4.587570673802278,4.611221711599426,29814400
2015-02-27,4.609070301055908,4.651764392341924,4.594327304331746,4.646235944322145,25292800
2015-03-02,4.692000865936279,4.694458110464186,4.623813853469134,4.62473619892611,36713600
2015-03-03,4.645928382873535,4.672651091700571,4.588798738938477,4.662514665545477,48896000
2015-03-04,4.612449645996094,4.629649887788291,4.5611554317402705,4.6176706458207555,41088000
2015-03-05,4.626579284667969,4.655143406538366,4.589721551945216,4.635485917841464,34275200
2015-03-06,4.519691467285156,4.6330288953927425,4.499112100761963,4.6161360990602,46400000
2015-03-09,4.544877529144287,4.570063466139601,4.503105308253402,4.539963039940304,29580800
2015-03-10,4.381781101226807,4.484368599164906,4.379631305196645,4.483140211243595,58320000
2015-03-11,4.3286452293396,4.402053245401923,4.325266107869834,4.391917755678602,43008000
2015-03-12,4.387309551239014,4.395909672705263,4.316665294619279,4.321273272507898,39644800
2015-03-13,4.346766471862793,4.411881815402227,4.29270802635398,4.378403204134792,60326400
2015-03-16,4.46133279800415,4.46133279800415,4.36980266870609,4.378094872773078,39872000
2015-03-17,4.472390651702881,4.485905263276306,4.414339124170255,4.4336901020193045,30633600
2015-03-18,4.561769962310791,4.600470507211237,4.402666784821616,4.4475106750754385,36582400
2015-03-19,4.574055194854736,4.598320656363294,4.558083342363184,4.571291439634727,28147200
2015-03-20,4.637020111083984,4.678177886067878,4.632720052035984,4.647463044676085,28662400
2015-03-23,4.613985061645508,4.654221911072024,4.61183526573483,4.629342487501425,28208000
2015-03-24,4.581119537353516,4.655756387768043,4.5792767215908885,4.61275532239754,28886400
2015-03-25,4.370888710021973,4.604137860973548,4.368122552099535,4.597376975242795,73417600
2015-03-26,4.3416948318481445,4.390864836736177,4.270706452039407,4.301437587864448,73030400
2015-03-27,4.377035617828369,4.39608876863159,4.3272508676898775,4.33892884730209,38044800
2015-03-30,4.48367166519165,4.48367166519165,4.429892656782286,4.430199799270172,51913600
2015-03-31,4.38072395324707,4.4695364476725645,4.379494445224896,4.452019944175884,37097600
2015-04-01,4.335547924041748,4.381952230957466,4.2793103681767315,4.379186072848171,47820800
2015-04-02,4.339850425720215,4.367816336831505,4.314650672821595,4.344152765371216,29948800
2015-04-06,4.4111456871032715,4.435116397155654,4.2765436720324335,4.28914401534544,45132800
2015-04-07,4.39578104019165,4.46922936684713,4.39578104019165,4.407767101096062,31840000
2015-04-08,4.465540409088135,4.477525060809584,4.397932024216595,4.399775816789125,44048000
2015-04-09,4.521471977233887,4.523930524013755,4.431122375983075,4.461853507351659,32569600
2015-04-10,4.557733535766602,4.558654963081877,4.4975007934525335,4.519012487136129,26812800
2015-04-13,4.5343780517578125,4.610591110381353,4.52515862048341,4.565723930522881,33088000
2015-04-14,4.50917911529541,4.551588225434192,4.458165795051183,4.526080861932321,32924800
2015-04-15,4.562036991119385,4.583855832581842,4.522393567630902,4.533456794078867,32646400
2015-04-16,4.550972938537598,4.567259929359577,4.52823220474257,4.5402168565557774,25638400
2015-04-17,4.410839557647705,4.489511176086554,4.371503748428281,4.465540931997212,56896000
2015-04-20,4.542061805725098,4.556197865102164,4.45109744062263,4.454170741662811,42476800
2015-04-21,4.579553127288818,4.609669503413568,4.570948448396033,4.592460145627997,31036800
2015-04-22,4.629031658172607,4.644703899881138,4.54482817629363,4.603831901443015,38540800
2015-04-23,4.666213035583496,4.704627403575576,4.597683239855484,4.599833705445646,35187200
2015-04-24,4.7897539138793945,4.802968543544106,4.748267169962361,4.7633251234698015,35782400
2015-04-27,4.767934799194336,4.844455007944366,4.747037857197962,4.827860405118998,44921600
2015-04-28,4.745500087738037,4.791596773504211,4.667750850845739,4.773465991896655,40409600
2015-04-29,4.6886491775512695,4.749188603059855,4.636405881644385,4.69202868275359,52985600
2015-04-30,4.537757873535156,4.672667957795121,4.492890226257933,4.636097376359513,66310400
2015-05-01,4.6612982749938965,4.6649863300145515,4.574636719186855,4.574944330641851,50771200
2015-05-04,4.673899173736572,4.732595291426395,4.6699039757089045,4.691108536132748,32883200
2015-05-05,4.525466442108154,4.65515185988848,4.518705555386346,4.639786293506165,56124800
2015-05-06,4.464925765991211,4.563572422426354,4.399775925907202,4.53806599931406,69468800
2015-05-07,4.5134806632995605,4.538065657168943,4.450789374406403,4.457550259443478,59894400
2015-05-08,4.624419689178467,4.64531709860635,4.593074278416292,4.605059867667425,46412800
2015-05-11,4.586927890777588,4.649619653048142,4.5835479169384765,4.631795542948466,33456000
2015-05-12,4.548515319824219,4.593689654170121,4.465848496583845,4.534379261163563,35318400
2015-05-13,4.566031455993652,4.6345622150817,4.553124437369137,4.588465519028497,33769600
2015-05-14,4.698175430297852,4.707394394408923,4.606596322822571,4.638864572890692,39398400
2015-05-15,4.700326442718506,4.736281337594176,4.677277627602645,4.724911439111595,25430400
2015-05-18,4.740583896636963,4.758101334559641,4.676048805647091,4.681580183909155,19603200
2015-05-19,4.72798490524292,4.764554086343474,4.715077887191055,4.749496601996029,23190400
2015-05-20,4.733209133148193,4.791598097011985,4.686497680705241,4.734438172116752,20947200
2015-05-21,4.7842206954956055,4.796513425255893,4.706163854426477,4.720914661219129,15408000
2015-05-22,4.778075695037842,4.809421577189916,4.767012470097098,4.773773355834209,16776000
2015-05-26,4.663755893707275,4.766398219306225,4.626878633280496,4.7516469399996675,20833600
2015-05-27,4.813724040985107,4.8241725123329635,4.672360659630072,4.693872825124832,19657600
2015-05-28,4.792826175689697,4.817410699088746,4.763938844884117,4.797128514176504,13361600
2015-05-29,4.738739490509033,4.799586988114872,4.714769249969771,4.785450932883904,20968000
2015-06-01,4.765169143676758,4.792212689271285,4.691414616135131,4.784837048949182,24211200
2015-06-02,4.736282825469971,4.782379532343099,4.686498532101377,4.730751445726772,18238400
2015-06-03,4.763939380645752,4.800201884981306,4.742427685792475,4.77869019012803,20905600
2015-06-04,4.695101261138916,4.771314320184742,4.662526343519319,4.708623031226995,28294400
2015-06-05,4.6705169677734375,4.701862851413748,4.615200840443428,4.682194947131947,30273600
2015-06-08,4.576480388641357,4.671132337003661,4.5561977277951735,4.664371450054932,25294400
2015-06-09,4.561727523803711,4.592458643776606,4.491045854082117,4.553122847724874,36558400
2015-06-10,4.679736137390137,4.710467265410256,4.581396621509716,4.590616053699712,29083200
2015-06-11,4.696330547332764,4.739353932930371,4.6797354779453055,4.717227486360248,23548800
2015-06-12,4.619503021240234,4.666828748298219,4.608439797277104,4.647160846688181,21289600
2015-06-15,4.575864791870117,4.5875427706161025,4.497807932729601,4.5506655106369625,30616000
2015-06-16,4.62196159362793,4.637941911934931,4.560499335899261,4.562957882478786,19147200
2015-06-17,4.647777080535889,4.678508215895084,4.591231435095836,4.638557646144148,30118400
2015-06-18,4.7799201011657715,4.7983589680734005,4.677892985991187,4.6809662867824136,37004800
2015-06-19,4.734436988830566,4.795284484343619,4.7332079501691835,4.789138353197207,21691200
2015-06-22,4.804504871368408,4.8346217171410775,4.784836966435155,4.809421964831682,25342400
2015-06-23,4.813109397888184,4.821714076716214,4.77500309705543,4.816182698435263,18539200
2015-06-24,4.765784740447998,4.842612582274437,4.761482400062515,4.80143297159625,20600000
2015-06-25,4.743042469024658,4.810036575943263,4.729520696862013,4.798973350439265,18832000
2015-06-26,4.685267925262451,4.7633247831257375,4.6465464043361155,4.741813087566548,24121600
2015-06-29,4.465847969055176,4.629952088229388,4.457857575267483,4.5764797540279805,60380800
2015-06-30,4.495965003967285,4.546364045037562,4.465233869926387,4.529768970060338,41563200
2015-07-01,4.564187526702881,4.598606242005754,4.523007456414284,4.583240677114139,35521600
2015-07-02,4.567873954772949,4.597376038214067,4.538986625069276,4.585698061801168,24888000
2015-07-06,4.546363353729248,4.596147633251067,4.489818188232883,4.509486092271611,30097600
2015-07-07,4.564187526702881,4.575865037155026,4.387175919042787,4.552509547330909,45302400
2015-07-08,4.4074578285217285,4.511329179598201,4.392092266240344,4.500265955998815,34675200
2015-07-09,4.401313304901123,4.531613489448386,4.398854757767788,4.522394054928358,33920000
2015-07-10,4.538987159729004,4.569718285345205,4.487359093775272,4.519319258091426,30080000
2015-07-13,4.693258285522461,4.703092003440057,4.6139719125950425,4.615815705397102,35947200
2015-07-14,4.755949974060059,4.781764482158031,4.703707141746327,4.706165688656604,27507200
2015-07-15,4.767012596130371,4.802660818428568,4.739354767507179,4.77377348204623,28744000
2015-07-16,4.899770736694336,4.9016145292016695,4.826015753962642,4.843225578177204,29054400
2015-07-17,5.042363166809082,5.042363166809082,4.964920598660271,4.978442369010672,26270400
2015-07-20,5.081085205078125,5.117348184339157,5.03560326143873,5.0718657717799065,32852800
2015-07-21,5.0712504386901855,5.097679225259106,5.044206898316474,5.082313662577635,21862400
2015-07-22,4.961233615875244,5.006100802299211,4.91759546830516,4.91759546830516,25454400
2015-07-23,4.91943883895874,4.999954241194787,4.896083351380287,4.970452622034612,23305600
2015-07-24,4.826016426086426,4.97844303649138,4.810036576184162,4.972911658199018,25414400
2015-07-27,4.743042469024658,4.810650860918054,4.723989318569929,4.76885650556071,33828800
2015-07-28,4.82478666305542,4.84445456445376,4.711081593442524,4.787294652746122,35726400
2015-07-29,4.8647379875183105,4.883176384222259,4.810036613466218,4.845070083015534,22785600
2015-07-30,4.908375263214111,4.924355579318579,4.782377464668425,4.8383083365741895,29233600
2015-07-31,4.896698474884033,4.943409926960342,4.87641581516302,4.939722341163744,24971200
2015-08-03,4.869655609130859,4.92435698911692,4.802046740456057,4.897928195613103,31363200
2015-08-04,4.8469133377075195,4.877029710557775,4.806348025406548,4.862278901048231,29428800
2015-08-05,4.920668125152588,4.986432721115648,4.891166504508866,4.901000221750172,31587200
2015-08-06,4.767012596130371,4.942794692103063,4.720301617518751,4.928043881432015,33689600
2015-08-07,4.751032829284668,4.774388318996848,4.674205005194811,4.741198642719651,34811200
2015-08-10,4.858592510223389,4.880104210404361,4.808807753896116,4.808807753896116,28721600
2015-08-11,4.736895561218262,4.846298290555389,4.682194196549698,4.80634773450358,34705600
2015-08-12,4.765169143676758,4.786066556796124,4.569719129879611,4.669902918012144,45950400
2015-08-13,4.747958660125732,4.822327923968659,4.7313640594829875,4.776845991725824,27896000
2015-08-14,4.7633256912231445,4.778691257969026,4.710468104103723,4.729521256814253,22438400
2015-08-17,4.842611789703369,4.846914129384706,4.719072508968059,4.741813715237898,23760000
2015-08-18,4.795899868011475,4.838923729526465,4.781763811410119,4.83154808983023,18832000
2015-08-19,4.7313642501831055,4.816181987068597,4.676048130944847,4.767011999096865,43784000
2015-08-20,4.471994400024414,4.674819587155166,4.468306345368319,4.643474170557412,57112000
2015-08-21,4.088469982147217,4.417907785899681,4.088469982147217,4.345997042750257,72264000
2015-08-24,3.7805428504943848,4.087239577599943,3.3804237107969457,3.4326665289071303,62776000
2015-08-25,3.736290454864502,4.091542205859282,3.7319881158667023,4.044216476883485,48299200
2015-08-26,4.110598087310791,4.125963660935649,3.7983697531729,3.9514109696389066,62598400
2015-08-27,4.317108154296875,4.325098546619733,4.130877618484752,4.229217121183593,77176000
2015-08-28,4.322026252746582,4.34784029029159,4.255032612129321,4.279002856838235,35776000
2015-08-31,4.210778713226318,4.315879100323316,4.189267020356126,4.269782414635874,33188800
2015-09-01,3.9563255310058594,4.12719052521749,3.9120726322909465,4.004880768822511,52409600
2015-09-02,4.170827865600586,4.170827865600586,4.000577189156436,4.086010138703455,34131200
2015-09-03,4.1253461837768555,4.258104393340354,4.105678283511162,4.205246823453853,30068800
2015-09-04,4.028851509094238,4.084781924334313,3.9833690970565456,4.01348594341336,36164800
2015-09-08,4.255031585693359,4.265480055190651,4.151160237731591,4.1868084536961865,26227200
2015-09-09,4.161609172821045,4.358902952400375,4.138867969971171,4.3576739136419045,33084800
2015-09-10,4.248271465301514,4.305431384314905,4.143785344770896,4.150546230701928,32974400
2015-09-11,4.296212196350098,4.296212196350098,4.188038484215397,4.210779689907077,22892800
2015-09-14,4.2697834968566895,4.329401967150523,4.239052365275938,4.328172459292174,16958400
2015-09-15,4.368736743927002,4.398238360666012,4.261792093718798,4.290065140729985,25451200
2015-09-16,4.419750690460205,4.428969652965987,4.34292287678028,4.374268287139461,29134400
2015-09-17,4.4240546226501465,4.5555838495285546,4.387176883665978,4.416678981069326,47859200
2015-09-18,4.301127910614014,4.401925950194387,4.285147596362581,4.290064688273744,29516800
2015-09-21,4.326328277587891,4.394551421079067,4.248885701667132,4.345996181275089,30708800
2015-09-22,4.197872638702393,4.222457168111964,4.116742472459223,4.190496998527617,33185600
2015-09-23,4.200329780578613,4.240280335347036,4.160379694729927,4.21631009626993,22238400
2015-09-24,4.174516677856445,4.202174976812572,4.049748362357908,4.116742471059784,38792000
2015-09-25,4.100761890411377,4.267939305634066,4.049748104208019,4.261792704755735,32265600
2015-09-28,3.8672049045562744,4.070030530083822,3.843234663038264,4.062654890801441,42627200
2015-09-29,3.829098701477051,3.964930472505999,3.7707095083418807,3.887487894612221,44256000
2015-09-30,3.998121976852417,4.011029000916366,3.9046990375513952,3.935430181204619,46081600
2015-10-01,4.034996509552002,4.037455055641572,3.91022799179471,4.012870063665591,33644800
2015-10-02,4.1763596534729,4.180047707297306,3.9010090391310532,3.9262085519723304,46131200
2015-10-05,4.299899578094482,4.320796989967153,4.221842715584965,4.236593526429318,42155200
2015-10-06,4.259334087371826,4.306045059473284,4.19111095276182,4.280231027166728,29628800
2015-10-07,4.307275772094727,4.326943678724023,4.199716805139541,4.310348604084374,43841600
2015-10-08,4.3416948318481445,4.356445645746587,4.19234149298165,4.274086426817039,47060800
2015-10-09,4.377955913543701,4.39823809799558,4.323254084139179,4.347839075899924,32612800
2015-10-12,4.40315580368042,4.417906613224402,4.367507584105996,4.399468218524369,16592000
2015-10-13,4.34230899810791,4.440648525653285,4.337391904500677,4.350298923529771,32056000
2015-10-14,4.332475185394287,4.388406074941571,4.294368878943949,4.344767920474958,24844800
2015-10-15,4.474451065063477,4.474451065063477,4.351526590407003,4.363818850304788,32547200
2015-10-16,4.51378870010376,4.5156324929483365,4.450482644867443,4.49104749420767,21331200
2015-10-19,4.564802646636963,4.568490701751025,4.479370127726471,4.498423750542707,21553600
2015-10-20,4.517475605010986,4.5648013335959226,4.486744478446285,4.549435770313573,18777600
2015-10-21,4.460315704345703,4.569718440220046,4.456628119201105,4.557426177124867,21136000
2015-10-22,4.642858982086182,4.648390360172841,4.515017374103319,4.537758578161364,37652800
2015-10-23,4.9022297859191895,4.939107046608308,4.841996567288439,4.887478506507692,33454400
2015-10-26,4.909605503082275,4.926200577037079,4.857977426155917,4.89178139016631,19278400
2015-10-27,4.926199913024902,4.940950723169877,4.880103221017033,4.880103221017033,15944000
2015-10-28,5.009174346923828,5.009174346923828,4.86535287909981,4.946483046084605,28817600
2015-10-29,4.993810176849365,5.009790500712877,4.952630562393371,4.960620489865139,17475200
2015-10-30,4.950169086456299,5.014704159980258,4.947710540476382,4.9968805222353305,21201600
2015-11-02,5.06326150894165,5.070637149970952,4.95385874606643,4.976599954216856,16329600
2015-11-03,5.097065448760986,5.129640372864429,5.025154714164346,5.039905525869333,13467200
2015-11-04,5.098294258117676,5.134557235204383,5.054041824995339,5.128411103014044,21131200
2015-11-05,5.063875198364258,5.129025039207247,5.015319960198707,5.101367211771584,16120000
2015-11-06,5.076167583465576,5.087230808488726,4.9839741979125955,5.046051208815816,25353600
2015-11-09,4.968608379364014,5.049124250825009,4.904073294131671,5.036831518695193,22112000
2015-11-10,4.938492774963379,4.9501707550745095,4.884406151932615,4.91390777579672,16998400
2015-11-11,4.928658485412598,5.014705269143217,4.912063413607548,4.969223330754204,16364800
2015-11-12,4.831549167633057,4.934191047806938,4.826017319396905,4.886250551386558,22065600
2015-11-13,4.6434736251831055,4.8020458891752975,4.637327024451481,4.792826925917461,30329600
2015-11-16,4.7756171226501465,4.777461384230123,4.613971557537549,4.632410421978899,21680000
2015-11-17,4.781763553619385,4.850600978060564,4.757178558210485,4.794055816863943,30881600
2015-11-18,4.962462425231934,4.974755157801375,4.810036292729262,4.819255724926394,26038400
2015-11-19,4.971067905426025,5.017164604927483,4.954473299930246,4.969224112473148,22539200
2015-11-20,5.036830425262451,5.0460498551284445,5.008557850881172,5.017162527044184,16281600
2015-11-23,5.009788990020752,5.079241175649033,4.967379880175962,5.039290612497258,14972800
2015-11-24,5.003643035888672,5.023925226218421,4.894854568218888,4.944024565990068,19467200
2015-11-25,5.008559703826904,5.027613324310869,4.988891798332381,5.013476797430499,13878400
2015-11-27,5.024539470672607,5.043592620140087,4.990735042017592,5.028841809872355,6292800
2015-11-30,4.997496604919434,5.052197983122566,4.96492167957598,5.049125151231975,17892800
2015-12-01,5.097679138183594,5.097679138183594,5.024538911014807,5.035602134713281,19022400
2015-12-02,5.037446975708008,5.148693520722969,5.019008578319148,5.105055370640195,16875200
2015-12-03,4.8641228675842285,5.076167461701772,4.803890119729531,5.060801897811521,26660800
2015-12-04,5.088460922241211,5.106285035174616,4.872728243056735,4.888708563086661,25499200
2015-12-07,5.044821739196777,5.0995231057733985,4.996266504014876,5.094606013089715,14718400
2015-12-08,5.046666145324707,5.076167767174245,4.934190098338762,4.940336230480764,18996800
2015-12-09,4.892396926879883,5.054043007947763,4.83093465275094,4.999955906605534,30688000
2015-12-10,4.934804439544678,4.999339525018539,4.883790656084542,4.914521783144414,25616000
2015-12-11,4.709852695465088,4.844455191503574,4.700633731834905,4.822328740951499,33006400
2015-12-14,4.782993793487549,4.782993793487549,4.587543757730791,4.724604825033508,38403200
2015-12-15,4.838308334350586,4.919438484576354,4.824171810703178,4.862278574036398,23908800
2015-12-16,4.974140167236328,4.994422823320857,4.796514293108914,4.899770897179502,32404800
2015-12-17,4.836464881896973,5.024539227705376,4.833391581651565,5.024539227705376,29236800
2015-12-18,4.656994342803955,4.822942694403224,4.65146296554385,4.798972455103286,34099200
2015-12-21,4.752876281738281,4.753490566664745,4.6680580699072225,4.735052171555229,27478400
2015-12-22,4.81474494934082,4.827044531473558,4.752630980412834,4.801215127475419,15635200
2015-12-23,4.887312412261963,4.891002192157729,4.846722956613066,4.862097665110581,13251200
2015-12-24,4.883623123168945,4.910682293788781,4.878087983570149,4.883008003391542,7520000
2015-12-28,4.8743977546691895,4.87685776435347,4.7882992925148695,4.859023046041592,18648000
2015-12-29,5.027531623840332,5.050286370132062,4.930978435887446,4.933438446502691,15214400
2015-12-30,4.940816879272461,5.023840693654003,4.938357338418718,5.018305553735727,10608000
2015-12-31,4.819048881530762,4.92052205592939,4.815359101472266,4.901457097496422,20696000
2016-01-04,4.617947578430176,4.621022708048508,4.49433525031481,4.603803108263218,35806400
2016-01-05,4.593348503112793,4.67022205300182,4.5539892831055235,4.654232223249206,26548800
2016-01-06,4.510324478149414,4.559523735404808,4.436526061465214,4.436526061465214,27740800
2016-01-07,4.229274272918701,4.4279156974606,4.221894713710185,4.316602966876396,48697600
2016-01-08,4.155477046966553,4.339358466967877,4.147482365818309,4.29446457169079,42179200
2016-01-11,4.184996128082275,4.238499817040393,4.055848192475606,4.215745547188835,41776000
2016-01-12,4.282163619995117,4.320908185498695,4.1591659526417715,4.261869361472953,38926400
2016-01-13,3.9838948249816895,4.331978488516141,3.969135234591211,4.311683758479909,50889600
2016-01-14,4.151172637939453,4.221896413758966,3.8861124931944584,4.015260227134503,68628800
2016-01-15,3.894106864929199,3.9808204620021357,3.7883287759603497,3.872582362917853,65014400
2016-01-19,3.9107108116149902,4.010338855686769,3.8184625618375643,4.0004992863605855,39897600
2016-01-20,3.8885722160339355,3.9691357931338063,3.6161322946605132,3.792019041327724,71588800
2016-01-21,3.897796869277954,4.009109863397668,3.8147732876087286,3.9162464758935123,39494400
2016-01-22,4.119809150695801,4.121654041715328,4.0232559440144104,4.043550683627482,30761600
2016-01-25,3.9998843669891357,4.135181619092909,3.9894296774317928,4.095207281680785,21739200
2016-01-26,4.070607662200928,4.100741957187365,3.961139821100177,4.027558200164328,21836800
2016-01-27,3.8664321899414062,4.054618733793199,3.831992988038742,4.022024422106901,35966400
2016-01-28,3.973440170288086,3.9961949104598484,3.8412175677744553,3.989430000387133,42700800
2016-01-29,4.140101909637451,4.141946799774361,3.969135208699666,3.9734401087520954,38099200
2016-02-01,4.156705856323242,4.192990411419354,4.0687629764301265,4.097667033528464,38388800
2016-02-02,3.9808192253112793,4.125956023441649,3.9568342514367756,4.123496483289257,40942400
2016-02-03,3.944535255432129,4.03186348888013,3.80616287611847,4.03186348888013,61872000
2016-02-04,3.943305492401123,4.0035740883057045,3.849212114767781,3.9217807592643332,38441600
2016-02-05,3.666560411453247,3.913170866769483,3.63765611904768,3.913170866769483,68220800
2016-02-08,3.555248737335205,3.5859981634974556,3.4211812204998333,3.5318791077640337,89908800
2016-02-09,3.5312631130218506,3.6388860779269665,3.4488548965385437,3.4593095862358783,62656000
2016-02-10,3.5613982677459717,3.7053055810236497,3.5546333569500934,3.617977329730099,52228800
2016-02-11,3.5546329021453857,3.605061932135795,3.448855056960347,3.467919547200955,64488000
2016-02-12,3.6567206382751465,3.663485547597193,3.5620123769653675,3.630276120706839,37144000
2016-02-16,3.8160030841827393,3.8160030841827393,3.718835036196343,3.761884037747584,39641600
2016-02-17,3.9937353134155273,4.005419775404601,3.857822681919567,3.8793474193399473,51164800
2016-02-18,3.9051761627197266,4.01894891771509,3.892261463209875,4.017104027670667,37030400
2016-02-19,3.927931070327759,3.9500709261325606,3.848597740474615,3.870122241868981,21908800
2016-02-22,4.054004192352295,4.06076910357671,3.9918906899448476,3.999885371755974,25412800
2016-02-23,3.9205515384674072,4.028174521876316,3.9150166327938267,4.004805128676297,24014400
2016-02-24,3.9955801963806152,4.0035748776424525,3.780334230171892,3.830148146493669,47172800
2016-02-25,4.07183837890625,4.07183837890625,3.9396157713117153,4.012799545347538,36518400
2016-02-26,4.062612533569336,4.136411410614758,4.044163166207106,4.1314913916386296,28660800
2016-02-29,3.990044355392456,4.1148873879957435,3.990044355392456,4.055233441336761,23267200
2016-03-01,4.2440361976623535,4.246496208214195,4.041704904464063,4.061999639617471,29036800
2016-03-02,4.248340606689453,4.249570377223395,4.183151507614941,4.234810784821177,33582400
2016-03-03,4.233581066131592,4.243421108410112,4.173312449372302,4.239731327155187,27324800
2016-03-04,4.237270832061768,4.2907745309362895,4.181921773571756,4.2397308423501,27908800
2016-03-07,4.1862263679504395,4.241575422390297,4.123497752384569,4.193606398275405,33275200
2016-03-08,4.11304235458374,4.19791105622308,4.098897883776467,4.124112164832396,31656000
2016-03-09,4.16716194152832,4.167776592165835,4.099513304683817,4.149327219862222,33705600
2016-03-10,4.156705856323242,4.248954104914869,4.049698019332635,4.206520229617943,51094400
2016-03-11,4.298768520355225,4.298768520355225,4.218204730073459,4.246494606147241,34801600
2016-03-14,4.311684608459473,4.333824233009121,4.265560468847539,4.266175588751421,36288000
2016-03-15,4.309839248657227,4.317833929741126,4.255719963784796,4.280319596072359,18264000
2016-03-16,4.386098861694336,4.408853609767126,4.28708565537624,4.28708565537624,26411200
2016-03-17,4.381178379058838,4.400857994251279,4.328904445191326,4.358424102579506,22763200
2016-03-18,4.3977813720703125,4.416845858825238,4.3504270112161185,4.400856031986266,19916800
2016-03-21,4.429760932922363,4.434680952244509,4.373797238029269,4.379947027582518,18492800
2016-03-22,4.4543609619140625,4.475270342119954,4.376257642228826,4.376257642228826,20251200
2016-03-23,4.376872539520264,4.437756731855325,4.360268058373661,4.4346816020286886,19715200
2016-03-24,4.379331111907959,4.381791121121917,4.319677178766143,4.330746985629561,31988800
2016-03-28,4.368263244628906,4.4051624608245925,4.351658761560494,4.4051624608245925,21395200
2016-03-29,4.5023298263549805,4.512169865547029,4.335668033430525,4.351042742768931,26508800
2016-03-30,4.552759647369385,4.6062638140997905,4.531850264241924,4.558909438336346,21083200
2016-03-31,4.538613796234131,4.576742770165088,4.5232390888880785,4.547838245282696,21683200
2016-04-01,4.632091522216797,4.636396421237864,4.469734660281117,4.482034237713079,27049600
2016-04-04,4.595193862915039,4.638242867573386,4.57735914121402,4.629633066641716,15491200
2016-04-05,4.512170791625977,4.560139819535155,4.498025849684018,4.524470373941513,22894400
2016-04-06,4.657308101654053,4.658537872202459,4.517705449861041,4.517705449861041,24446400
2016-04-07,4.517090320587158,4.618563516382574,4.483881354660428,4.60503369438332,25952000
2016-04-08,4.517090320587158,4.600114143000945,4.484496005333859,4.57858917025723,20640000
2016-04-11,4.482034683227539,4.598882557241079,4.4808049130416245,4.555833562751335,21836800
2016-04-12,4.5589094161987305,4.573669477486533,4.432837059791819,4.485726106409012,22438400
2016-04-13,4.674527645111084,4.687442347100647,4.615488806359233,4.627173268617038,29584000
2016-04-14,4.673912048339844,4.70773659952714,4.649312417403531,4.676372058353368,17824000
2016-04-15,4.649311542510986,4.684980977196533,4.627171925754361,4.665301369990515,13128000
2016-04-18,4.698511600494385,4.700971610466661,4.617947798798833,4.6234829385361875,15134400
2016-04-19,4.640703201293945,4.7280314563748815,4.590274162664208,4.710196733430354,15326400
2016-04-20,4.646237373352051,4.691131262096909,4.609952815145637,4.6400871142263265,16120000
2016-04-21,4.648697376251221,4.681906808197269,4.60933815376678,4.646237835395017,15380800
2016-04-22,4.510324478149414,4.570593544827327,4.43960119099326,4.531849446447955,20971200
2016-04-25,4.509709358215332,4.509709358215332,4.465430125134006,4.480189713094834,20844800
2016-04-26,4.468506336212158,4.5423047630824795,4.438371564114366,4.526314931887626,21633600
2016-04-27,4.391632080078125,4.413156578721221,4.320908325223196,4.373797361431308,35660800
2016-04-28,4.289544582366943,4.454976631099388,4.267404959889777,4.402702235740044,28190400
2016-04-29,4.240960121154785,4.303074083435841,4.176386618069569,4.282164233009009,34160000
2016-05-02,4.319678783416748,4.33259348468842,4.228660754683356,4.257565287186176,20142400
2016-05-03,4.241574764251709,4.297538460635896,4.218820026179658,4.258794363139152,17856000
2016-05-04,4.1862263679504395,4.220050920441173,4.1659316364559995,4.191761507993902,22870400
2016-05-05,4.185610771179199,4.23357978982809,4.167776051825323,4.2126704100883785,14476800
2016-05-06,4.228660583496094,4.228660583496094,4.133952308805581,4.146867009554432,18067200
2016-05-09,4.250799655914307,4.289543753160288,4.224355138022926,4.226815147733621,18638400
2016-05-10,4.367647647857666,4.371952548123803,4.266789582309091,4.283394532763431,12568000
2016-05-11,4.290159225463867,4.380562595666279,4.285854325416082,4.35473272618065,14916800
2016-05-12,4.250799655914307,4.317218041307577,4.190530590999459,4.3122984910850635,32142400
2016-05-13,4.221280574798584,4.294464348611797,4.203445853902972,4.244649966386487,16592000
2016-05-16,4.32336950302124,4.354733579861173,4.22374119341467,4.2311212246000105,16824000
2016-05-17,4.216360092163086,4.340588004994096,4.192375583396494,4.317218146771035,19136000
2016-05-18,4.245879173278809,4.291388174964572,4.17946032593278,4.19852481261219,26556800
2016-05-19,4.2028303146362305,4.231120192680975,4.139486587307596,4.213285473565328,20454400
2016-05-20,4.291388988494873,4.327058428372156,4.229275028598077,4.236039938547179,15123200
2016-05-23,4.279703617095947,4.333822891104073,4.274168947271771,4.298153454907602,12968000
2016-05-24,4.4543609619140625,4.462970761904596,4.326443263199132,4.326443263199132,18547200
2016-05-25,4.5183186531066895,4.54353292684476,4.472194535323565,4.486339002025734,18772800
2016-05-26,4.543534278869629,4.554604089199588,4.5047901773142405,4.531234698146977,11008000
2016-05-27,4.590274333953857,4.591504573760901,4.547839975392061,4.549070215199104,11939200
2016-05-31,4.608723163604736,4.621637863543553,4.562599034166575,4.605032914194426,12563200
2016-06-01,4.606263637542725,4.62901791016821,4.573669324388089,4.577359104987042,13427200
2016-06-02,4.628402233123779,4.628402233123779,4.539843764796287,4.588427898437128,9129600
2016-06-03,4.582893371582031,4.612413021366298,4.524469660990958,4.609337891672488,15198400
2016-06-06,4.614258766174316,4.6400881712704525,4.584739580121304,4.600728943733768,11830400
2016-06-07,4.595808982849121,4.630248186576521,4.589044072231387,4.621023265806979,8638400
2016-06-08,4.608107566833496,4.62717205488418,4.5761283801808466,4.603802667299507,10907200
2016-06-09,4.592118263244629,4.603188073195837,4.553989282789621,4.574283543367742,15601600
2016-06-10,4.489415168762207,4.526929497434351,4.458050630043108,4.509094778131291,18483200
2016-06-13,4.411311149597168,4.486954445469473,4.403316001650511,4.43960055424199,24073600
2016-06-14,4.415616989135742,4.444521050394224,4.349198127982421,4.395322258916851,19985600
2016-06-15,4.388556957244873,4.4451357735347345,4.375642258039505,4.435296203796832,15638400
2016-06-16,4.41500186920166,4.419921889108911,4.289544176760284,4.344278107931419,27001600
2016-06-17,4.3129143714904785,4.397167968611889,4.290160096275938,4.397167968611889,24080000
2016-06-20,4.362727642059326,4.450670997639228,4.357807622497078,4.41254154983014,17139200
2016-06-21,4.391018867492676,4.407623353886623,4.359654316305126,4.378718813498007,15651200
2016-06-22,4.369481086730957,4.4463977350072845,4.362712384125683,4.397170892325649,18288000
2016-06-23,4.492547035217285,4.495008423920206,4.401477531056784,4.436551498515094,17403200
2016-06-24,4.127654075622559,4.306715743133131,4.107347972972973,4.169496740417836,44379200
2016-06-27,3.9682834148406982,4.073505328797651,3.924594816844205,4.073505328797651,34388800
2016-06-28,4.135036945343018,4.136883338411035,4.04581386165398,4.047044320904241,25536000
2016-06-29,4.279641628265381,4.296255414353916,4.195340829877965,4.196571289437095,23608000
2016-06-30,4.378710746765137,4.3842485195533785,4.2654892075434905,4.29564039924617,19667200
2016-07-01,4.422399520874023,4.455012102730892,4.373172681057884,4.377479994332151,17614400
2016-07-05,4.367019176483154,4.386094352751391,4.322099652687287,4.380556580078125,14720000
2016-07-06,4.437783241271973,4.4427055501184345,4.299948265407503,4.327638541295999,21640000
2016-07-07,4.46608829498291,4.485163473172234,4.424861084945746,4.445782187545397,22222400
2016-07-08,4.603923797607422,4.608231111990487,4.498701858139341,4.510393341234259,23932800
2016-07-11,4.658071994781494,4.689454118477987,4.63222811383707,4.63222811383707,16667200
2016-07-12,4.702375888824463,4.726373844470637,4.6925308023998,4.7134519044659235,12889600
2016-07-13,4.682069778442383,4.728835229945294,4.679608858934495,4.72760477019135,13334400
2016-07-14,4.741142272949219,4.760217451032892,4.7202207010034885,4.741142272949219,13686400
2016-07-15,4.727604389190674,4.770062054478232,4.707298283922504,4.763908817280519,11956800
2016-07-18,4.790369987487793,4.805753321082463,4.731913507612881,4.731913507612881,10432000
2016-07-19,4.7546796798706055,4.783600416905373,4.738681353841925,4.758986993718635,15460800
2016-07-20,4.86667013168335,4.8838998559083535,4.795907188115512,4.808213664528532,15251200
2016-07-21,4.845132827758789,4.890667816391304,4.817443025301699,4.874053559347521,10196800
2016-07-22,4.883283615112305,4.894359629908421,4.822365768464615,4.850671035285379,7872000
2016-07-25,4.885744094848633,4.885744094848633,4.851900592195819,4.872206693787508,7715200
2016-07-26,4.898053169250488,4.9306657603358754,4.846365395332985,4.881439376051882,17550400
2016-07-27,4.960816860198975,4.987891204126857,4.920820104817174,4.97743065148513,19049600
2016-07-28,4.998966217041016,5.009427237042852,4.947278459458909,4.978660580540572,16355200
2016-07-29,5.018043041229248,5.04511738607251,4.987891372766704,5.019273501214929,13929600
2016-08-01,5.0703444480896,5.0961883236318934,5.013733919912614,5.02542492867973,17864000
2016-08-02,4.993427276611328,5.06234427060611,4.929432589714879,5.056806499072306,23694400
2016-08-03,5.028502941131592,5.028502941131592,4.981737486894998,4.984814340652631,13172800
2016-08-04,5.056192874908447,5.064807502293208,5.0001977969075,5.026657143721262,14243200
2016-08-05,5.152184963226318,5.1743365259755425,5.096189418064161,5.10911135861036,18352000
2016-08-08,5.142338275909424,5.160182990680404,5.1078797753651095,5.156491142611188,9110400
2016-08-09,5.165722370147705,5.1952585722774876,5.142339875997216,5.147262654595847,12280000
2016-08-10,5.1392621994018555,5.173721174614662,5.111572395775178,5.168798396803985,10563200
2016-08-11,5.182336807250977,5.203873377526798,5.151570144153512,5.171260789757408,10595200
2016-08-12,5.189104080200195,5.189104080200195,5.15218418855341,5.163260202993635,12123200
2016-08-15,5.233408451080322,5.255560481286146,5.199564941193113,5.200795400888139,11044800
2016-08-16,5.176182270050049,5.2137176271699675,5.172489952170416,5.211871233499198,10518400
2016-08-17,5.191565990447998,5.194642374541512,5.119571654623064,5.176797656736148,19310400
2016-08-18,5.1964874267578125,5.207563440451831,5.164490314676128,5.184796418025471,12105600
2016-08-19,5.1921820640563965,5.214334099763426,5.149724386836288,5.179260121470969,13158400
2016-08-22,5.198334693908691,5.2161789422562626,5.158337944988196,5.174951733590464,9748800
2016-08-23,5.216178894042969,5.2580215669256365,5.213717974575108,5.236485000617337,10059200
2016-08-24,5.147878170013428,5.224179361196062,5.11649604296542,5.211257419343826,14985600
2016-08-25,5.1306471824646,5.1638752259647465,5.110341547099423,5.12203255668255,9433600
2016-08-26,5.146645545959473,5.213101627427517,5.08695816553698,5.136800461368941,21740800
2016-08-29,5.161415100097656,5.189105377853746,5.149724087654072,5.150339082887622,7222400
2016-08-30,5.1275715827941895,5.173106107385776,5.092497609757352,5.144185372353968,12595200
2016-08-31,5.114034652709961,5.126956594559842,5.074037897767751,5.110957798690556,12654400
2016-09-01,5.140491962432861,5.154029363610213,5.07034403766097,5.120801325119029,18008000
2016-09-02,5.173105716705322,5.214332924633652,5.13680128659403,5.191565898788241,9112000
2016-09-06,5.238331317901611,5.239562247189816,5.171260225015592,5.190950868469118,11809600
2016-09-07,5.246944427490234,5.262943217375738,5.206332692503138,5.247559891956325,9542400
2016-09-08,5.183567047119141,5.216795098188994,5.158338628570661,5.214333708910265,17118400
2016-09-09,4.920820236206055,5.120188084273237,4.920820236206055,5.096190124295799,28272000
2016-09-12,5.0949578285217285,5.112187078762981,4.8660538594037055,4.868515247932722,32851200
2016-09-13,5.007580757141113,5.076498235526674,4.960200313506106,5.0457315795537845,27662400
2016-09-14,5.058038711547852,5.109726944420383,5.017426964505554,5.018657424341149,26166400
2016-09-15,5.2143330574035645,5.225409073042952,5.056192454334603,5.060499767668702,21566400
2016-09-16,5.207564830780029,5.216794922899627,5.157722990580984,5.2007961278564565,19907200
2016-09-19,5.160799503326416,5.2660214198261714,5.141108860521701,5.2321779074452754,20796800
2016-09-20,5.179873466491699,5.22171613131965,5.162028752282236,5.197102716221707,12260800
2016-09-21,5.280172348022461,5.294940678105597,5.163259453032832,5.221715900527646,24152000
2016-09-22,5.36631965637207,5.377395670429611,5.333091614199446,5.344783092777373,14419200
2016-09-23,5.296172618865967,5.350937233888348,5.282635213900981,5.349091309477115,18270400
2016-09-26,5.208794593811035,5.249406332797133,5.19341126687684,5.237715323561225,13180800
2016-09-27,5.3097100257873535,5.314632803860427,5.1927966285926255,5.205103104313352,18976000
2016-09-28,5.330016136169434,5.334938444783254,5.274636056471838,5.321401509267803,15054400
2016-09-29,5.2494072914123535,5.330016258501943,5.205718691276513,5.312171539664155,25457600
2016-09-30,5.3250932693481445,5.360167240995103,5.267251801576619,5.278943281946255,20096000
2016-10-03,5.312170505523682,5.325707908176416,5.27278922660402,5.31032458142774,14316800
2016-10-04,5.298018455505371,5.367551403589584,5.256791246130984,5.3398611294939595,25336000
2016-10-05,5.33309268951416,5.367551667675538,5.322632137867837,5.323862597694827,11352000
2016-10-06,5.329401016235352,5.347861200482489,5.277712782020559,5.320170924111783,15828800
2016-10-07,5.3054022789001465,5.35093679870112,5.253714052279596,5.338014859411462,18608000
2016-10-10,5.3687825202941895,5.394011408482034,5.35401465397999,5.35401465397999,10912000
2016-10-11,5.2143330574035645,5.363244038657989,5.171875388670864,5.358936255861947,19296000
2016-10-12,5.210641384124756,5.244484896790745,5.178644265345787,5.22233286476609,9936000
2016-10-13,5.173105716705322,5.199565060644476,5.078344356306074,5.139262206040615,17497600
2016-10-14,5.1811041831970215,5.262943592939197,5.17679687055069,5.218024542407717,15888000
2016-10-17,5.1546454429626465,5.194642190456461,5.14295443268249,5.178643867028474,11208000
2016-10-18,5.245715618133545,5.293711533426011,5.240177844582253,5.273405424813973,12230400
2016-10-19,5.242638111114502,5.259252368622367,5.226639787651573,5.235869409087138,8024000
2016-10-20,5.232792854309082,5.253098959728427,5.1718750075129565,5.22910100585535,14680000
2016-10-21,5.27217435836792,5.2764816715662315,5.20510280203772,5.239561777086142,10553600
2016-10-24,5.398318290710449,5.403240599446901,5.336784971616101,5.338015431434722,12548800
2016-10-25,5.360782146453857,5.405085735390553,5.34601381401306,5.400778422460794,15875200
2016-10-26,5.291251182556152,5.34786220580721,5.26048451600187,5.292482112117086,17249600
2016-10-27,5.244484901428223,5.34170718710911,5.226640182866918,5.33616941382903,15204800
2016-10-28,5.171875476837158,5.265405912027137,5.143569737916898,5.206949448716144,25560000
2016-10-31,5.16202974319458,5.2124870425734064,5.160799283461312,5.210025653644935,12478400
2016-11-01,5.088189125061035,5.182950470805615,4.998350556372192,5.181104077313319,19878400
2016-11-02,5.003889560699463,5.101112318913563,4.980507068119428,5.080190746005553,18243200
2016-11-03,4.907896995544434,5.021118061952155,4.89620551627728,4.988505482377364,12520000
2016-11-04,4.870361804962158,4.947278446008744,4.85374754759742,4.880822355473633,16256000
2016-11-07,5.106034278869629,5.112802511075958,5.014964773354676,5.025425323401247,17072000
2016-11-08,5.171875476837158,5.215564075531197,5.068499485594575,5.091266512407806,19294400
2016-11-09,5.215565204620361,5.232794461980334,5.037733917714558,5.042041232054552,27628800
2016-11-10,5.046346187591553,5.278941992153523,4.910357647608544,5.25986681891583,45632000
2016-11-11,5.051886081695557,5.072192192392559,4.968816183662947,5.0020442367683975,24038400
2016-11-14,4.95097017288208,5.062345316152699,4.897436023022957,5.056192078912572,27435200
2016-11-15,5.088804721832275,5.118956382767615,5.010042157474479,5.0217336369988725,20566400
2016-11-16,5.147262096405029,5.152184874469814,5.039578790913133,5.042655175107157,11209600
2016-11-17,5.221102237701416,5.222333167030675,5.120187627953556,5.141724196595724,14073600
2016-11-18,5.183567047119141,5.251253609167212,5.173106494781039,5.228486579897463,9241600
2016-11-21,5.288172721862793,5.298017807175488,5.203256455048604,5.206948772820019,13617600
2016-11-22,5.3226318359375,5.347245256238849,5.29432656690263,5.328169609037783,14211200
2016-11-23,5.279559135437012,5.296788390222193,5.230332290797652,5.285096908991398,13320000
2016-11-25,5.312170505523682,5.315246889196291,5.277711534372571,5.288172553352696,5251200
2016-11-28,5.289403915405273,5.335553903525394,5.275866510442792,5.294942158099905,12137600
2016-11-29,5.3244781494140625,5.373704993614229,5.26725214255271,5.293711489154453,12667200
2016-11-30,5.191565990447998,5.33924557187098,5.189719596637562,5.332477339080474,18036800
2016-12-01,5.01742696762085,5.191566375839157,4.998966783841632,5.191566375839157,20212800
2016-12-02,5.032809257507324,5.074036460703757,4.992197049370985,5.02173324342122,18075200
2016-12-05,5.110342025756836,5.150953769752961,5.039578619237502,5.086344070335957,12681600
2016-12-06,5.136801242828369,5.1534150309919005,5.09372764148919,5.133724389353453,14288000
2016-12-07,5.265404224395752,5.277095701095459,5.083881185379444,5.114032369568276,17998400
2016-12-08,5.283250331878662,5.309709675448175,5.2487918265646645,5.270328392385913,17940800
2016-12-09,5.365704536437988,5.370011849433544,5.322631406482431,5.324477330700254,17382400
2016-12-12,5.316478252410889,5.339860741972158,5.273404652319817,5.317708712088044,12670400
2016-12-13,5.451235294342041,5.509076751585332,5.350320711148552,5.351551640153907,25563200
2016-12-14,5.426623344421387,5.499232676831211,5.398318075103924,5.460466386894421,23904000
2016-12-15,5.443851947784424,5.508461640859227,5.417392606012297,5.43954463491277,20779200
2016-12-16,5.407547950744629,5.48569552943855,5.383549993687307,5.467850810441213,14985600
2016-12-19,5.450621604919434,5.515231309321058,5.403240685562933,5.416778091093362,13302400
2016-12-20,5.493078231811523,5.5103079525036875,5.471541667773676,5.481387222454913,11360000
2016-12-21,5.481318473815918,5.498559592200825,5.457304646138208,5.493633558376565,5710400
2016-12-22,5.449916362762451,5.483166388233126,5.408661414447143,5.481934644823583,10484800
2016-12-23,5.456073760986328,5.459768051731298,5.421592461306675,5.43267580331406,4673600
2016-12-27,5.516416072845459,5.575527543800802,5.475161593338535,5.480087627546893,7228800
2016-12-28,5.428979873657227,5.545354704787027,5.418512405619015,5.535503108331173,12851200
2016-12-29,5.41050910949707,5.447453426197263,5.378490357190422,5.422823725139644,8950400
2016-12-30,5.302753925323486,5.430827509458866,5.27011930532231,5.428980364317225,16683200
2017-01-03,5.3944993019104,5.435137906098736,5.336619579519884,5.373563893265398,13486400
2017-01-04,5.451147079467773,5.4708507440551895,5.403735298038573,5.403735298038573,9744000
2017-01-05,5.512106418609619,5.519495470603477,5.445606829754985,5.445606829754985,9990400
2017-01-06,5.60877799987793,5.637717868278155,5.496097885366759,5.523190138313148,13712000
2017-01-09,5.646337032318115,5.66542529656459,5.611239862280993,5.614934622655529,12824000
2017-01-10,5.670966148376465,5.702984896204845,5.623554368034036,5.647568194019117,11523200
2017-01-11,5.69744348526001,5.698675228622309,5.615549933247753,5.669735366650125,19227200
2017-01-12,5.680202484130859,5.688206936399639,5.5767581274175795,5.6561886575521,15232000
2017-01-13,5.720841407775879,5.739929200259045,5.6894385316161475,5.6906698050976,12737600
2017-01-17,5.685129642486572,5.707296328294376,5.652495485539671,5.687592659773274,10734400
2017-01-18,5.7109904289245605,5.717763608794034,5.6734302386565725,5.701138360106237,11449600
2017-01-19,5.701753616333008,5.762096356899859,5.679586933657222,5.7202260084869785,12588800
2017-01-20,5.726999282836914,5.7811842470716375,5.698059420541709,5.752244384776432,15254400
2017-01-23,5.735620021820068,5.7503976549932485,5.664193933566804,5.717147628024228,12027200
2017-01-24,5.813817977905273,5.831058625738744,5.739929352969709,5.757170000803179,12608000
2017-01-25,5.92957878112793,5.9326572005069975,5.87724048418596,5.884629536286274,12539200
2017-01-26,5.93881368637085,5.966522275579335,5.921573036964218,5.9449714638210445,11788800
2017-01-27,5.961596965789795,5.974527454415666,5.92711566278747,5.963444111340273,9688000
2017-01-30,5.872313499450684,5.923419570694342,5.805813455943437,5.922804168830834,16958400
2017-01-31,5.847683906555176,5.849531051723711,5.779952588331807,5.8304432586189465,14944000
2017-02-01,5.927114486694336,5.949281168446678,5.874160799149568,5.925267341510379,19384000
2017-02-02,5.9166483879089355,5.9498984208789585,5.872930882459251,5.906180915429273,12419200
2017-02-03,5.947433948516846,5.960980307128847,5.9172628123725906,5.930193299291557,13200000
2017-02-06,5.963443279266357,5.965290424559106,5.919725784838982,5.925267690489681,9465600
2017-02-07,6.006545066833496,6.031174295849685,5.978220607874502,5.984993786785683,13507200
2017-02-08,6.029326438903809,6.042872795127058,5.96775243408713,5.989303241818493,9296000
2017-02-09,6.071198463439941,6.09582816614655,6.03179112701837,6.039795580744703,15824000
2017-02-10,6.109990119934082,6.126614898385587,6.0761242215315,6.0921335980284015,17462400
2017-02-13,6.179567813873291,6.193729573404829,6.142007629384982,6.146933663036137,14137600
2017-02-14,6.21897554397583,6.220206817581687,6.142623896556374,6.182031228758187,14966400
2017-02-15,6.290401458740234,6.296558766149538,6.203581874020001,6.2078920361837575,14771200
2017-02-16,6.2885541915893555,6.323651362513557,6.256535909426343,6.2996375334481804,16126400
2017-02-17,6.343354225158691,6.343354225158691,6.268234328495263,6.271312747093795,10902400
2017-02-21,6.403697967529297,6.411702420870615,6.359980470469823,6.3655219066817015,18315200
2017-02-22,6.409239768981934,6.417244692551908,6.3716800474919015,6.391999117865851,13968000
2017-02-23,6.363058567047119,6.426480197927652,6.309489473957464,6.425864326233386,18371200
2017-02-24,6.3827619552612305,6.3827619552612305,6.297173651139488,6.305794444531797,17516800
2017-02-27,6.400618553161621,6.400618553161621,6.338429137396036,6.3605958199685535,14411200
2017-02-28,6.359979629516602,6.401849975635777,6.324882462164677,6.39446092522448,14988800
2017-03-01,6.497905731201172,6.5213041575678385,6.416628050149358,6.438178861456192,15451200
2017-03-02,6.433868885040283,6.496058773555638,6.417859978905612,6.496058773555638,11808000
2017-03-03,6.456035614013672,6.4591145027848285,6.389535562645431,6.4203225712671195,13326400
2017-03-06,6.428326606750488,6.448030270757434,6.375372921649495,6.411701361317262,11216000
2017-03-07,6.4024658203125,6.460345070753732,6.382762155737788,6.400618205388142,10406400
2017-03-08,6.425864219665527,6.465887423224794,6.398771502836649,6.408623570691677,8952000
2017-03-09,6.434484481811523,6.4529568739745065,6.367369031846082,6.424017012146308,12166400
2017-03-10,6.489901542663574,6.510836483136365,6.435716106574049,6.491748688026177,11372800
2017-03-13,6.509605884552002,6.512684303884757,6.477587129038206,6.4837449072487585,6617600
2017-03-14,6.475738525390625,6.4862059943556485,6.426479599205118,6.480664558940901,9457600
2017-03-15,6.556400775909424,6.586571909201404,6.464655162991447,6.5046783633507586,13812800
2017-03-16,6.551475524902344,6.582878405214795,6.520688516298265,6.582262533506421,11846400
2017-03-17,6.539159297943115,6.577951222666058,6.538543896114653,6.560710576021367,7243200
2017-03-20,6.553321838378906,6.584724714705089,6.5206876885647445,6.5397754811490865,8475200
2017-03-21,6.358748435974121,6.616127842064112,6.348896837679759,6.602581953130922,17296000
2017-03-22,6.441827774047852,6.454145126456568,6.341443818676309,6.3623826129826995,13499200
2017-03-23,6.41165018081665,6.460302658803309,6.387015949324066,6.425199031630515,11168000
2017-03-24,6.430126667022705,6.499101958827777,6.385785139514339,6.447370489973973,12824000
2017-03-27,6.455992698669434,6.476931493257396,6.313730213054147,6.343907374467093,11979200
2017-03-28,6.532973289489746,6.571771886378785,6.427662409483319,6.452296170763349,12640000
2017-03-29,6.593944549560547,6.597639520846657,6.528664217591193,6.542828587427292,8689600
2017-03-30,6.6124186515808105,6.628430502957663,6.576699038769874,6.59024788982636,10065600
2017-03-31,6.605644226074219,6.640131868866191,6.581009994140428,6.595174360347604,11584000
2017-04-03,6.595790386199951,6.646906335553785,6.525583130162185,6.616113662910593,11862400
2017-04-04,6.614266395568848,6.617961366052877,6.55514451852982,6.558223503980208,6385600
2017-04-05,6.563766956329346,6.710955910635132,6.5385167363716326,6.634590205396816,16068800
2017-04-06,6.569924831390381,6.6037969601562905,6.536052702624472,6.579162727404621,12670400
2017-04-07,6.5631513595581055,6.601949964626402,6.515730842252409,6.562535374438583,10004800
2017-04-10,6.569309711456299,6.619809683810926,6.532974577503358,6.575468152990478,8843200
2017-04-11,6.513267517089844,6.5717734185586245,6.414731039419745,6.550834622617035,16848000
2017-04-12,6.459071636199951,6.5169620182198456,6.443059782761263,6.508340106411643,12068800
2017-04-13,6.40425968170166,6.512650016852312,6.402412196590612,6.439979293378187,13960000
2017-04-17,6.508955955505371,6.511419425950381,6.4362852218839,6.44059617769793,8764800
2017-04-18,6.4923272132873535,6.5274308425280045,6.4578395690814965,6.465845495098167,12592000
2017-04-19,6.510802745819092,6.587168442026249,6.491095454221797,6.543442903477841,13726400
2017-04-20,6.614266395568848,6.646290569434562,6.542827167151536,6.562534459497879,13692800
2017-04-21,6.614266395568848,6.633357702881548,6.581626236669491,6.628430762330234,10641600
2017-04-24,6.773771286010742,6.784856665793939,6.739283646622506,6.756527466316624,11488000
2017-04-25,6.872308731079102,6.893863978682463,6.807644397845764,6.816882293981646,8708800
2017-04-26,6.852602005004883,6.907413401312607,6.84336457796438,6.876620724887053,11865600
2017-04-27,6.9326629638671875,6.9326629638671875,6.877236053830769,6.885242450194272,9142400
2017-04-28,6.957296371459961,6.993015983667042,6.935125610080317,6.988089043391812,9145600
2017-05-01,7.074924468994141,7.098327201480431,6.99917475557512,7.0028697260270985,8368000
2017-05-02,7.1038689613342285,7.109411886328175,7.061990910831091,7.100173991244172,8174400
2017-05-03,7.057681083679199,7.076156876799871,7.019498467022919,7.074309391459591,9921600
2017-05-04,7.06260871887207,7.078621043160352,7.0127247303442894,7.058297762701262,9598400
2017-05-05,7.113107681274414,7.113107681274414,7.044747907527999,7.098327329341353,8523200
2017-05-08,7.143899917602539,7.143899917602539,7.093399954220739,7.1174182008377604,6856000
2017-05-09,7.194401264190674,7.2239624417883475,7.153139188465133,7.1617611007105,9747200
2017-05-10,7.200558662414551,7.206717103146139,7.151290666702933,7.201790632476214,7777600
2017-05-11,7.188857555389404,7.1913205557227595,7.09463158250664,7.163607338312997,12984000
2017-05-12,7.221498012542725,7.224576998016503,7.184546897844975,7.193784324125226,6872000
2017-05-15,7.265839576721191,7.273845502826243,7.216571110289858,7.225809006478098,7286400
2017-05-16,7.328657627105713,7.328657627105713,7.262145327471704,7.299712433569117,7971200
2017-05-17,6.952986240386963,7.235047261484211,6.951138755029473,7.210413027046824,24633600
2017-05-18,7.071229457855225,7.11926595289019,6.932662428396406,6.9511382202678105,22795200
2017-05-19,7.1346635818481445,7.19316995346599,7.11865125731643,7.121730713139103,13368000
2017-05-22,7.254754543304443,7.261528969510219,7.159913046282528,7.162992031920372,8078400
2017-05-23,7.266455173492432,7.298479817990049,7.233815013805226,7.298479817990049,10201600
2017-05-24,7.3354315757751465,7.340974032120409,7.269535265580676,7.31202931033021,10771200
2017-05-25,7.4567551612854,7.4949377820332135,7.3582186837538055,7.390242862754453,13491200
2017-05-26,7.482619285583496,7.488161741003514,7.441357217927069,7.459217024045273,7923200
2017-05-30,7.4967851638793945,7.513413002310504,7.4684554882636585,7.472150928916422,5656000
2017-05-31,7.487547397613525,7.546669280640333,7.413644691435797,7.544205810115179,12798400
2017-06-01,7.552826881408691,7.552826881408691,7.457985391111271,7.520802707863843,13092800
2017-06-02,7.716643810272217,7.721570280711675,7.575613315779552,7.602710547702681,8580800
2017-06-05,7.715412616729736,7.74312630630281,7.694473823142864,7.718492072190833,7500800
2017-06-06,7.658754348754883,7.746205435103049,7.6347360992629065,7.697552951043703,11993600
2017-06-07,7.713564395904541,7.725881276856641,7.626728834657899,7.692009619308921,12206400
2017-06-08,7.731424808502197,7.752979586788192,7.645821210552871,7.748668631130993,14518400
2017-06-09,7.3428215980529785,7.764065172877937,7.137126281622058,7.745589379655534,39006400
2017-06-12,7.261528968811035,7.286162733347184,7.076772915636273,7.22026642650921,40088000
2017-06-13,7.37915563583374,7.398862926415792,7.268301832647908,7.342204524724753,23492800
2017-06-14,7.313260078430176,7.439510229832958,7.196863808244295,7.439510229832958,21617600
2017-06-15,7.244899749755859,7.263991055828056,7.076156040638651,7.165454600498988,27932800
2017-06-16,7.19255256652832,7.246131986331059,7.131583205965823,7.24366851612484,17182400
2017-06-19,7.423497676849365,7.437662043334379,7.302174469829244,7.320650261606718,18313600
2017-06-20,7.309565544128418,7.427193321556821,7.30340663307084,7.408717997960923,13609600
2017-06-21,7.452267646789551,7.455347284185051,7.330937263639288,7.339559684482654,18323200
2017-06-22,7.446723937988281,7.5015380936325995,7.409154621887797,7.4713591545442535,15884800
2017-06-23,7.50153923034668,7.522479261569642,7.389447286439738,7.430711797299135,11470400
2017-06-26,7.434406757354736,7.613630939722374,7.4017646685793315,7.5859156129209735,20366400
2017-06-27,7.164647579193115,7.3931426839897165,7.162799984608012,7.376513392950347,32388800
2017-06-28,7.364194869995117,7.37897609473119,7.13262015632555,7.213917597203944,24598400
2017-06-29,7.111064910888672,7.306301901409312,6.971258106763074,7.301375139197198,39684800
2017-06-30,7.102441787719727,7.186818866997951,7.071031273552407,7.152944737024698,19865600
2017-07-03,6.966330528259277,7.196673213728397,6.956476064551637,7.176964756199809,14022400
2017-07-05,7.101826190948486,7.139395511933754,6.961403370820395,7.005747518205412,15768000
2017-07-06,6.971872806549072,7.053170246700116,6.923217922649526,6.992197284058498,21062400
2017-07-07,7.117224216461182,7.159720773999649,7.018065895462591,7.018065895462591,13872000
2017-07-10,7.215766906738281,7.24964057218295,7.096900127148157,7.1320058356340095,14107200
2017-07-11,7.25518274307251,7.272427583980905,7.142474785852631,7.191130141207989,15385600
2017-07-12,7.4307122230529785,7.4436458554117495,7.35003032135769,7.378361672109361,13705600
2017-07-13,7.461505889892578,7.494147977911989,7.416545722506712,7.444261048666224,11862400
2017-07-14,7.5748291015625,7.595153579299387,7.479366457148025,7.523094579926783,13230400
2017-07-17,7.582836627960205,7.63457115408282,7.554505748909244,7.590227006042461,6811200
2017-07-18,7.686305999755859,7.686305999755859,7.526174252767312,7.571750442854426,7520000
2017-07-19,7.774992942810059,7.795933440995287,7.7244899964519265,7.728185654888521,7757600
2017-07-20,7.794702529907227,7.821801836239046,7.723259544877943,7.814410988179447,9481600
2017-07-21,7.78361701965332,7.784849062690009,7.704783181227983,7.730650446357533,5974400
2017-07-24,7.852596282958984,7.867377509099806,7.76514002928629,7.78361644449064,6931200
2017-07-25,7.819336891174316,7.851363424102351,7.773761177270023,7.80209205185305,6710400
2017-07-26,7.867377758026123,7.873536563289107,7.83288807264404,7.8562917205980645,5128800
2017-07-27,7.774992942810059,7.983163532454723,7.586530808576211,7.969613881256041,22096000
2017-07-28,7.754054069519043,7.778689759923841,7.648120929699109,7.6727566201039075,9999200
2017-07-31,7.685074329376221,7.814411118309375,7.654279833445149,7.794702659708959,9078400
2017-08-01,7.718332767486572,7.742968459249691,7.677684275481154,7.733113994589749,6574400
2017-08-02,7.7602128982543945,7.8230334625853475,7.619790073372617,7.820570316435416,11362400
2017-08-03,7.708477973937988,7.779920955772487,7.675219863987093,7.779920955772487,10845600
2017-08-04,7.728186130523682,7.762675812143635,7.666597144838524,7.7306492764508175,8856000
2017-08-07,7.821801662445068,7.825496851449409,7.735576983212429,7.75405386800753,6524800
2017-08-08,7.799629211425781,7.92157514153824,7.752821450125573,7.793470406754177,12042400
2017-08-09,7.777458190917969,7.782385423276532,7.634571741726808,7.673988660821836,17067200
2017-08-10,7.439949989318848,7.698623552736104,7.42886395260744,7.692464747871254,24116800
2017-08-11,7.5520405769348145,7.5877618267082045,7.4288626221513265,7.4633522991269885,15600000
2017-08-14,7.747894763946533,7.772529982873411,7.670292508644163,7.671524081635834,13187200
2017-08-15,7.757749080657959,7.788543575485858,7.718332164869183,7.782384770497618,9633600
2017-08-16,7.7873125076293945,7.858755495923759,7.735577508621234,7.79223927000758,11654400
2017-08-17,7.469511985778809,7.747894459630563,7.467048370005549,7.728186003331146,19133600
2017-08-18,7.449803352355957,7.556968051568215,7.39560521629282,7.474439039616166,19329600
2017-08-21,7.441181659698486,7.485525807124321,7.3426393709114635,7.457194928465971,11562400
2017-08-22,7.662901878356934,7.677683573996292,7.51139302220372,7.515088211170212,10056800
2017-08-23,7.605008602142334,7.640729858806606,7.572982064583982,7.58530014437054,9434400
2017-08-24,7.565589904785156,7.656741799852505,7.4756700524261674,7.640728533850144,11104000
2017-08-25,7.531100749969482,7.65551075850023,7.510160721339809,7.6173254199626115,12544000
2017-08-28,7.56928825378418,7.608705176504681,7.526175671511469,7.5729834434496075,6819200
2017-08-29,7.632107257843018,7.657974519954482,7.427631837077119,7.4448766784847615,7864800
2017-08-30,7.81441068649292,7.834119144004267,7.635802995871763,7.646889032589813,12700800
2017-08-31,7.959762096405029,7.978238043189039,7.846438100633411,7.852596906190329,10594400
2017-09-01,7.958528995513916,8.020117982670177,7.914184849579539,7.999177952582655,7959200
2017-09-05,7.811947345733643,7.941284601962202,7.694928639449453,7.903099728500219,16024800
2017-09-06,7.857523441314697,7.894476271377015,7.746663071580933,7.856291398380598,8940800
2017-09-07,7.895707130432129,7.935124040452489,7.836581765401587,7.888316753482456,7624000
2017-09-08,7.761443614959717,7.8796948222377035,7.741735158727829,7.873535547882327,7356000
2017-09-11,7.928967475891113,7.96099307633622,7.876000433239346,7.876000433239346,7383200
2017-09-12,7.973310470581055,7.995482542936001,7.900634979061322,7.981932890953904,10645600
2017-09-13,7.995481967926025,7.996713070909797,7.920343335892072,7.947441698134099,5560800
2017-09-14,7.899402618408203,7.9794684842339425,7.89078019838225,7.9351243413080965,7819200
2017-09-15,7.949904918670654,8.011493892995862,7.872302679452648,7.900633551255854,7004000
2017-09-18,7.932661056518555,8.02011729804204,7.884621725819363,7.965918693243656,6916000
2017-09-19,7.959762096405029,7.9807021292759,7.905563479775964,7.962225242718401,4793600
2017-09-20,7.912952899932861,7.967151509996433,7.7860797352598405,7.954833900374723,10851200
2017-09-21,7.809483528137207,7.899402920449837,7.757748536116696,7.899402920449837,8819200
2017-09-22,7.797165393829346,7.815642277252748,7.745430872062483,7.760212096869206,5692800
2017-09-25,7.634571552276611,7.741736269039028,7.5545061429270906,7.731882274453167,12168000
2017-09-26,7.671524524688721,7.738040747360829,7.6173263820781365,7.706014678974282,8515200
2017-09-27,7.80825138092041,7.8649131338962635,7.710940672622752,7.749126012177781,12598400
2017-09-28,7.8008623123168945,7.8156435395108455,7.734346085114004,7.77253096118894,8776800
2017-09-29,7.9104905128479,7.9228081236513574,7.791007714530088,7.829193059839577,9125600
2017-10-02,7.921576499938965,7.989324772604188,7.85629231342894,7.936358197549608,8859200
2017-10-03,7.960991859436035,7.975773554148223,7.911721423275406,7.942515915762464,6309600
2017-10-04,7.972078323364258,8.006568004404112,7.915416570259736,7.930197325120631,6527200
2017-10-05,8.129744529724121,8.134671760393703,8.012725855584325,8.02750660781991,8244800
2017-10-06,8.146992683410645,8.148224726522832,8.073086072829588,8.073086072829588,7084000
2017-10-09,8.132206916809082,8.185173466851277,8.111266893245977,8.174087903708363,4552000
2017-10-10,8.143294334411621,8.201188121166767,8.069387752504845,8.183943283380959,6088000
2017-10-11,8.192567825317383,8.192567825317383,8.114965095397894,8.13590606651294,4819200
2017-10-12,8.161772727966309,8.22459281735822,8.143295844120837,8.164235873918141,6525600
2017-10-13,8.220898628234863,8.240607557339603,8.207348974418721,8.225825860511048,4937600
2017-10-16,8.277558326721191,8.280022412131888,8.229518998718142,8.259082385007119,5237600
2017-10-17,8.296037673950195,8.298501760093266,8.245535185299369,8.271402451160549,4802400
2017-10-18,8.277558326721191,8.314512089695798,8.254155153958955,8.312048944058333,4096800
2017-10-19,8.215971946716309,8.215971946716309,8.10018526967133,8.187641533945946,8650400
2017-10-20,8.257848739624023,8.294801555653622,8.238139819256466,8.284948035242891,5980800
2017-10-23,8.150687217712402,8.292342091472547,8.12851514234322,8.291110048459407,10334400
2017-10-24,8.181482315063477,8.21104571090768,8.117430170281436,8.17532397909275,10473600
2017-10-25,8.114965438842773,8.198726507527665,7.994251537951095,8.144528832336354,9878400
2017-10-26,8.068157196044922,8.143295834426597,8.059534775563748,8.107574109640773,7840000
2017-10-27,8.523916244506836,8.560870016169465,8.30712366605799,8.325599612115854,13812000
2017-10-30,8.570724487304688,8.63477662649357,8.325599618645661,8.325599618645661,8524000
2017-10-31,8.632312774658203,8.65694799392326,8.574418975634604,8.622458311042829,5910400
2017-11-01,8.628618240356445,8.709915221917438,8.563333118781769,8.696365568361697,8323200
2017-11-02,8.589200973510742,8.612604150704636,8.477108560428835,8.605213772619553,8817600
2017-11-03,8.751795768737793,8.759186146737536,8.595359209404984,8.658180241722992,10007200
2017-11-06,8.813385009765625,8.820775387976374,8.737014322418668,8.743173597443242,4132000
2017-11-07,8.823237419128418,8.846641533536106,8.764112521367204,8.802297390328542,7084800
2017-11-08,8.895913124084473,8.899608312812566,8.79860241522694,8.819542444535019,4901600
2017-11-09,8.797370910644531,8.809688520416248,8.61999526243037,8.751795660511844,10623200
2017-11-10,8.799837112426758,8.813386768365742,8.72962568609457,8.760420187815242,5646400
2017-11-13,8.818312644958496,8.841716765887874,8.733320463271538,8.733320463271538,4464800
2017-11-14,8.757953643798828,8.77519848474137,8.671729439086121,8.751795309046978,7810400
2017-11-15,8.666802406311035,8.717304887437907,8.581809302734223,8.681584101646724,8024000
2017-11-16,8.892217636108398,8.931634547503778,8.760417250526348,8.761648353545397,9411200
2017-11-17,8.824467658996582,8.906996654303905,8.808454864910615,8.895911090653568,5201600
2017-11-20,8.809686660766602,8.850335610228667,8.786283489072567,8.838018003057092,4398400
2017-11-21,8.996920585632324,9.005543007421178,8.884828162603723,8.8860602056517,5812800
2017-11-22,9.021554946899414,9.036336642743839,8.98213803108768,9.016627714951271,4404000
2017-11-24,9.0880708694458,9.08930291233564,9.028945967560734,9.036336345353025,4624800
2017-11-27,9.078216552734375,9.11640236475015,9.036336491536064,9.078216552734375,7015200
2017-11-28,9.123791694641113,9.1324141144723,9.019090613898628,9.118864463341396,11962400
2017-11-29,8.810917854309082,9.099154721167164,8.719766442295851,9.099154721167164,19259200
2017-11-30,8.95257568359375,8.982138135854012,8.838020123840145,8.877437040111634,13880000
2017-12-01,8.876203536987305,8.959964587756781,8.611371673609039,8.836786627200096,17671200
2017-12-04,8.671728134155273,8.998149899630251,8.652019210459132,8.988295437782181,17936000
2017-12-05,8.674193382263184,8.874974097048604,8.596591590889494,8.655716496762752,14808800
2017-12-06,8.753029823303223,8.782593224817408,8.592898960749777,8.61014380841286,10258400
2017-12-07,8.814617156982422,8.865120586800117,8.734552210820375,8.755492244746648,9636800
2017-12-08,8.892217636108398,8.984601110295069,8.863886290524235,8.941488070522652,8942400
2017-12-11,9.030177116394043,9.032641202186197,8.897145616592464,8.898376719715165,7212800
2017-12-12,9.004310607910156,9.056045136595214,8.967357775895167,9.021555450805176,6592800
2017-12-13,9.036337852478027,9.094231660902441,9.012933732534492,9.073291627149555,7186400
2017-12-14,9.022789001464844,9.110245273552625,9.004312112483232,9.07082834895287,7492000
2017-12-15,9.219871520996094,9.246970826683407,9.063435901492147,9.092998353254035,10990400
2017-12-18,9.378771781921387,9.397248667782112,9.314719642680785,9.345514139190843,9395200
2017-12-19,9.272838592529297,9.361526892399995,9.219872021205044,9.345514092613016,9002400
2017-12-20,9.249434471130371,9.339354813958451,9.175527867856761,9.336891667751159,11491200
2017-12-21,9.250664710998535,9.33073057384426,9.228492640360846,9.270373635909042,6385600
2017-12-22,9.228492736816406,9.233419968095532,9.17922136379842,9.218638274258154,6430400
2017-12-26,9.1287202835083,9.149660314816217,9.05974091460062,9.132415472589296,5585600
2017-12-27,9.129951477050781,9.17675876734434,9.1090105079177,9.121329056739512,4949600
2017-12-28,9.148427963256836,9.184149689457131,9.127487932655301,9.180454500500788,6582400
2017-12-29,9.03264045715332,9.164440842961001,9.026481182954347,9.163208800166547,9567200
2018-01-02,9.345514297485352,9.354136719063277,9.083144581320624,9.122561499930205,10641600
2018-01-03,9.527817726135254,9.546294613341587,9.365222810311861,9.368917999798423,10131200
2018-01-04,9.562305450439453,9.620199246567918,9.541365421133978,9.600491260096097,8392000
2018-01-05,9.751998901367188,9.76678059493666,9.618966478561713,9.649760968668168,9568800
2018-01-08,9.824674606323242,9.839455360449868,9.74707188806534,9.758158393433588,9283200
2018-01-09,9.833298683166504,9.886265253849976,9.77170969119844,9.869020411280793,9404000
2018-01-10,9.779102325439453,9.785261601966512,9.65222912308073,9.73475816581086,10728800
2018-01-11,9.914595603942871,9.914595603942871,9.786490388650956,9.817284884448817,11340800
2018-01-12,10.055020332336426,10.079656497500737,9.875180555618186,9.894889487749637,10579200
2018-01-16,9.998356819152832,10.295216214160844,9.944159144786585,10.188051028868305,19343200
2018-01-17,10.213919639587402,10.24717822620293,10.000822223667159,10.093205724618073,12359200
2018-01-18,10.217613220214844,10.265652557962307,10.135084197907503,10.185587621565483,10056000
2018-01-19,10.282899856567383,10.313694356576567,10.183125037491603,10.282899856567383,10224000
2018-01-22,10.500924110412598,10.500924110412598,10.252104973144228,10.269349817322555,9268000
2018-01-23,10.672139167785645,10.694311239814876,10.557583618930172,10.56867012483145,10878400
2018-01-24,10.541574478149414,10.766990465348103,10.414701276325983,10.71648702940553,22814400
2018-01-25,10.528022766113281,10.683227293855497,10.457811350668333,10.672140786272891,12841600
2018-01-26,10.835967063903809,10.837199106841833,10.603160756607668,10.641345629725778,9285600
2018-01-29,10.73865795135498,10.840895915698798,10.695545839816488,10.795319717916078,13812000
2018-01-30,10.566205978393555,10.651199077312233,10.45411451583799,10.54280186367141,14988800
2018-01-31,10.64380931854248,10.720179061929782,10.51570411119556,10.681994190236132,11579200
2018-02-01,10.46766471862793,10.685689320661607,10.399916456535713,10.484909559928973,12460800
2018-02-02,10.04393196105957,10.430710718396963,10.03284545488484,10.388829719187259,31801600
2018-02-05,9.266678810119629,10.185586325138678,9.24573784163929,9.855469338153357,34402400
2018-02-06,9.738449096679688,9.766780440630251,8.900839542881497,8.991990969019987,32716000
2018-02-07,9.489630699157715,9.894886323732257,9.489630699157715,9.684252112741836,20606400
2018-02-08,8.698830604553223,9.558612509012384,8.691439285586874,9.536440431660436,23687200
2018-02-09,8.984601974487305,9.115170329835848,8.312050330491143,8.937793741608855,38595200
2018-02-12,9.312255859375,9.430506617044463,9.027715003100774,9.171833025906668,21568800
2018-02-13,9.396017074584961,9.439129183808186,9.171833166850694,9.208786940341172,11773600
2018-02-14,9.755694389343262,9.782793691832689,9.287618689217842,9.290081835001752,20396000
2018-02-15,10.105521202087402,10.106753244976423,9.72243762388544,9.924449428109664,22069600
2018-02-16,10.030380249023438,10.239782382747423,9.989731301019662,10.050088231836291,18961600
2018-02-20,10.055020332336426,10.22993381579541,9.940464748699798,9.95278330116876,14119200
2018-02-21,9.995892524719238,10.355571974137932,9.993428439028605,10.149864988316967,19419200
2018-02-22,10.006979942321777,10.192978975894624,9.94785503163507,10.0944362050521,16747200
2018-02-23,10.402377128601074,10.402377128601074,10.077187427442993,10.14986290401918,13585600
2018-02-26,10.675832748413086,10.675832748413086,10.488602677080966,10.498457138670336,13797600
2018-02-27,10.409770965576172,10.721411093015915,10.409770965576172,10.686921410263063,26056000
2018-02-28,10.27920150756836,10.601928136296733,10.27057908701857,10.536643960737843,15216000
2018-03-01,9.954012870788574,10.383904723871344,9.764318657234485,10.293984379481195,31126400
2018-03-02,10.127692222595215,10.162181901716103,9.638675561324668,9.70272768829585,19491200
2018-03-05,10.346951484680176,10.402381206010128,9.961404702200438,10.03531131056488,18609600
2018-03-06,10.433175086975098,10.50954577696991,10.312461186404942,10.449188826684832,18846400
2018-03-07,10.479982376098633,10.50092240637806,10.24471199191437,10.275506485774715,16130400
2018-03-08,10.597002029418945,10.613015769120752,10.486141653601829,10.563744386560538,11268800
2018-03-09,10.999792098999023,10.999792098999023,10.718945563468058,10.753436181348638,15151200
2018-03-12,11.100799560546875,11.175938201258699,11.021965730910434,11.070005066477222,15638400
2018-03-13,10.827342987060547,11.268320314094174,10.765754006405793,11.215353753140155,20951200
2018-03-14,10.818721771240234,10.9505221669169,10.722643101091144,10.93081323982305,17603200
2018-03-15,10.789159774780273,10.924656316625994,10.716485211220741,10.837200055835977,15205600
2018-03-16,10.737422943115234,10.879077790287054,10.72264218882574,10.827343270727244,12656000
2018-03-19,10.28166675567627,10.545267573454364,10.0895093961152,10.545267573454364,23240000
2018-03-20,10.339559555053711,10.385134804493449,10.215149536772188,10.27057924978882,10019200
2018-03-21,10.24347972869873,10.475053957983796,10.159718677293789,10.290287015747008,15803200
2018-03-22,9.733522415161133,10.105520397047409,9.718741660763861,9.968792780232867,26274400
2018-03-23,9.21617603302002,9.77047691938395,9.21617603302002,9.71874239553559,25210400
2018-03-26,9.909669876098633,9.93430604034067,9.299939142655173,9.593102448833632,24511200
2018-03-27,9.255593299865723,10.055018123288379,9.100388782636012,10.052554977199895,25253600
2018-03-28,9.053581237792969,9.339354104578629,8.91315842030703,9.1669047501898,31148800
2018-03-29,9.386162757873535,9.562307326715258,8.982139088305432,9.154588467694468,18369600
2018-04-02,8.84664249420166,9.335659225618269,8.649557913973828,9.249434075674374,24124000
2018-04-03,9.036337852478027,9.11393965156,8.721002483768832,9.008006499926719,24143200
2018-04-04,9.27037525177002,9.377539495386923,8.668034990858118,8.692670211517,27109600
2018-04-05,9.420653343200684,9.53644001788271,9.292548117367083,9.501950330114722,24580000
2018-04-06,8.966124534606934,9.40340576353743,8.866350679795373,9.226030126069471,20556000
2018-04-09,9.07082462310791,9.43789534623474,9.048652553391884,9.111473574216163,15968000
2018-04-10,9.46992015838623,9.537668404654328,9.232186684808834,9.357828716110916,16132800
2018-04-11,9.371380805969238,9.570928529176284,9.349208732304746,9.36891672013241,13467200
2018-04-12,9.585709571838379,9.655920977030467,9.472386065172786,9.490862948596668,13984000
2018-04-13,9.495787620544434,9.713813116162264,9.415722705654405,9.690409005166192,13190400
2018-04-16,9.63005256652832,9.705191194315086,9.508106654125706,9.618966061888147,8600800
2018-04-17,10.04023551940918,10.091970035706748,9.796342751505573,9.828369283402118,10188800
2018-04-18,10.087043762207031,10.16095035532983,9.955243373543157,10.05871335573373,9190400
2018-04-19,9.915824890136719,10.034075608351905,9.83452699274137,9.994658702280176,12736800
2018-04-20,9.593099594116211,9.864091681495289,9.521657088508116,9.851774072926535,16163200
2018-04-23,9.541367530822754,9.754465879043229,9.435434378265553,9.680558329055572,13684800
2018-04-24,9.136109352111816,9.658384595409863,9.01046824250015,9.62882120745265,21473600
2018-04-25,9.16444206237793,9.230958285529619,8.905768487748087,9.168137251479676,17077600
2018-04-26,9.533976554870605,9.598028695773328,9.330732684675455,9.391089636264834,13362400
2018-04-27,9.549986839294434,9.818514822679955,9.442822618345037,9.813587591635708,17289600
2018-04-30,9.410798072814941,9.711351711767165,9.366453923830061,9.595565046994135,15795200
2018-05-01,9.61773681640625,9.630054426339456,9.320877436216989,9.366453626720586,15316000
2018-05-02,9.514266014099121,9.718741892691753,9.492093942200803,9.662080140012344,12085600
2018-05-03,9.508108139038086,9.577087503933798,9.206321538072617,9.421882993145083,18940000
2018-05-04,9.866557121276855,9.91213331732835,9.412030962931278,9.429275806891624,12237600
2018-05-07,10.021759986877441,10.094434540062291,9.945389305082493,9.961403043072846,11336000
2018-05-08,9.999587059020996,10.05008953509359,9.864091487877683,9.986037407929338,11168000
2018-05-09,10.231163024902344,10.242249532116997,9.977416679220049,10.051323281481807,10900000
2018-05-10,10.438102722167969,10.451652376396149,10.27797189730306,10.29152155153124,13800800
2018-05-11,10.418394088745117,10.465201384241007,10.3247785579799,10.397454057058017,11444800
2018-05-14,10.449188232421875,10.582220675902496,10.417161694597265,10.462737885356386,11264800
2018-05-15,10.218844413757324,10.293983051634266,10.107984051334512,10.284128588358161,18564800
2018-05-16,10.355571746826172,10.39868384773253,10.234856924515055,10.24594343033287,10063200
2018-05-17,10.26811695098877,10.428248708118746,10.172038272620163,10.284129750792387,10403200
2018-05-18,10.162181854248047,10.25949255689788,10.135082552272996,10.196671533207832,7439200
2018-05-21,10.280433654785156,10.411002007228197,10.191745362645216,10.31861852621132,11191200
2018-05-22,10.250872611999512,10.40238101540446,10.212687735328483,10.371586517502406,7474400
2018-05-23,10.422087669372559,10.422087669372559,10.091970686356369,10.09320272914,10725600
2018-05-24,10.41223430633545,10.44795603264715,10.204063223260613,10.414698392162954,10844000
2018-05-25,10.434407234191895,10.508313838920223,10.371586197274754,10.408539969525652,8568800
2018-05-29,10.340789794921875,10.455345340063408,10.2176118298137,10.332167374955235,12250400
2018-05-30,10.484910011291504,10.52309488442,10.367890366255885,10.414698600179495,8212800
2018-05-31,10.471359252929688,10.609317974714017,10.419623792487256,10.4762864843896,13189600
2018-06-01,10.800243377685547,10.80886579714077,10.569900258277116,10.573595446647463,9189600
2018-06-04,10.98501205444336,10.999793750039444,10.840894046531725,10.853211656308435,8380000
2018-06-05,11.0564546585083,11.098334716490488,10.965302285652985,11.03674573255905,8060000
2018-06-06,11.188254356384277,11.188254356384277,10.971460883181972,11.08724846655819,7833600
2018-06-07,11.013344764709473,11.190720434931023,10.897557150987867,11.189488391868975,9358400
2018-06-08,11.002257347106934,11.036747031804936,10.847052826192506,10.886469742957853,9008800
2018-06-11,11.061383247375488,11.115580920840081,10.982549413451146,10.988707748736012,5928000
2018-06-12,11.178400039672852,11.199340067645112,11.072466917283071,11.092175842273388,5282400
2018-06-13,11.168547630310059,11.339764953602204,11.129130712856618,11.21412382289856,10618400
2018-06-14,11.40135383605957,11.432148331891428,11.25969990705177,11.268322328293753,9347200
2018-06-15,11.321288108825684,11.364400212027654,11.20796365784332,11.321288108825684,12302400
2018-06-18,11.307737350463867,11.322518104531264,11.103261481314302,11.175936967981015,11745600
2018-06-19,11.23875904083252,11.239991083813884,10.94929096525885,11.01703923263231,12672800
2018-06-20,11.398890495300293,11.491273981218766,11.321288705447204,11.339764650812166,9612000
2018-06-21,11.196878433227539,11.471564799000186,11.154997431856785,11.451856811123015,11680000
2018-06-22,11.125434875488281,11.280639390069469,11.06877311868606,11.274480115293263,8013600
2018-06-25,10.641345024108887,10.975157218536893,10.44672360100709,10.945594768120593,25484800
2018-06-26,10.731266975402832,10.851980880997703,10.641346627959983,10.720180467467427,14937600
2018-06-27,10.427018165588379,10.91357090263409,10.42332297585376,10.818724253609034,18160000
2018-06-28,10.616710662841797,10.684457989674604,10.366659507542568,10.402380295636661,16586400
2018-06-29,10.649967193603516,10.828575814305887,10.64257681611698,10.717715453141198,10381600
2018-07-02,10.810099601745605,10.816257936775491,10.42455192953122,10.468896076749317,8789600
2018-07-03,10.557584762573242,10.890165879038328,10.541571963173848,10.882774561045709,8424800
2018-07-05,10.819952964782715,10.833502617329637,10.588378708134794,10.699239074530801,10808000
2018-07-06,11.14637565612793,11.169779774124306,10.827345124448769,10.864297956272392,9174400
2018-07-09,11.353314399719238,11.357009588823407,11.182097079554273,11.2633949989397,9883200
2018-07-10,11.370559692382812,11.41736792895192,11.291725855793585,11.384109346150348,8161600
2018-07-11,11.257238388061523,11.332377050206743,11.172245259457407,11.196881425604651,9681600
2018-07-12,11.626768112182617,11.632927386379553,11.338532123413296,11.353312877848667,9515200
2018-07-13,11.650171279907227,11.69205133376938,11.57380060902697,11.630462355896881,7636000
2018-07-16,11.59967041015625,11.696981129302689,11.561485536230805,11.658796255377244,7059200
2018-07-17,11.745018005371094,11.786898999409553,11.350848919102699,11.350848919102699,8197600
2018-07-18,11.693285942077637,11.752411787308205,11.621842486524615,11.736398048092932,8352000
2018-07-19,11.578729629516602,11.683430720126706,11.54793513582108,11.618146543855937,9615200
2018-07-20,11.563946723937988,11.716688073318648,11.541774653206813,11.650171861125122,10312800
2018-07-23,11.636624336242676,11.647709903747053,11.405049124123417,11.49250632004512,7251200
2018-07-24,11.737628936767578,11.96181280577409,11.6427813730879,11.881746936891764,11300800
2018-07-25,12.059123992919922,12.075136791421176,11.736397358697433,11.746251822285915,10581600
2018-07-26,11.709298133850098,11.809072933762899,11.666186030072161,11.730239104062278,11900000
2018-07-27,11.386571884155273,11.85464760779696,11.246149073085434,11.847257230300652,18134400
2018-07-30,11.060151100158691,11.390268129020306,10.9480586856136,11.382877750838755,14644800
2018-07-31,11.18702220916748,11.308968125554104,11.019500109590208,11.135287691885065,11528800
2018-08-01,11.305274963378906,11.374254332118573,11.18332902513602,11.278175657153062,9388800
2018-08-02,11.613219261169434,11.639086522987444,11.135289059428992,11.145143522913957,12026400
2018-08-03,11.679736137390137,11.68343132646163,11.556558156215479,11.644014410076675,8567200
2018-08-06,11.825085639953613,11.825085639953613,11.636623487930592,11.673576316691424,10143200
2018-08-07,11.895297050476074,11.947031574614508,11.832476019866048,11.879284251987523,7208800
2018-08-08,11.916237831115723,11.974131633580967,11.804146355090758,11.868198492851677,6814400
2018-08-09,11.906386375427246,12.00369617205803,11.881750210643709,11.917471944749641,6632800
2018-08-10,11.729008674621582,11.822624212683978,11.644015558500886,11.751180751010741,12099200
2018-08-13,11.708065032958984,11.919930326770158,11.692051297307213,11.765957882569085,9997600
2018-08-14,11.849721908569336,11.87682121592462,11.668651058081078,11.793060147632584,6780800
2018-08-15,11.565181732177734,11.73393592155683,11.413673326476756,11.671114881748041,13655200
2018-08-16,11.629233360290527,11.780741747038455,11.586120316148756,11.733934453691843,8097600
2018-08-17,11.635391235351562,11.693285033117569,11.429684245659313,11.566411871089096,9157600
2018-08-20,11.618144989013672,11.694515661476386,11.524529477571189,11.692051576037423,9772800
2018-08-21,11.698212623596191,11.837403399258532,11.669881275391853,11.68712611698636,10044000
2018-08-22,11.78443717956543,11.812768528606396,11.618147093694462,11.642782313907416,5916800
2018-08-23,11.749946594238281,11.911309435736836,11.714224869827659,11.747483448315252,9630400
2018-08-24,11.965510368347168,11.986450401967675,11.82262438271919,11.82262438271919,6557600
2018-08-27,12.20693588256836,12.20693588256836,12.051731386850015,12.093612382736737,8938400
2018-08-28,12.245123863220215,12.29685839105045,12.193388395616543,12.275918359277275,6043200
2018-08-29,12.528433799743652,12.539520308012223,12.27715057634716,12.280845765845507,6626400
2018-08-30,12.47546672821045,12.6269760700347,12.39663288946769,12.4766987712521,8798400
2018-08-31,12.505027770996094,12.57893530877518,12.418803563285003,12.443438782695777,5545600
2018-09-04,12.404020309448242,12.468073375506632,12.26729269741686,12.436046842477436,6148000
2018-09-05,12.082526206970215,12.358445526833187,11.998766092458915,12.358445526833187,11512000
2018-09-06,11.864500999450684,12.11578414913756,11.699442985117884,12.088684847734086,14222400
2018-09-07,11.790597915649414,11.971669719951434,11.680969574501331,11.693287186134262,13063200
2018-09-10,11.844795227050781,11.915006639358939,11.717921115893617,11.898992900207661,7935200
2018-09-11,12.024635314941406,12.06528333603714,11.690823086117742,11.745020760836537,8543200
2018-09-12,11.960582733154297,12.008622074442371,11.752412567497137,11.979059619751284,11160800
2018-09-13,12.194620132446289,12.25251393394387,12.094846268453766,12.094846268453766,8707200
2018-09-14,12.130566596984863,12.261134941205555,12.039414224818243,12.224181175216566,10212800
2018-09-17,11.788132667541504,12.107164134097648,11.762265403729941,12.091151334530519,9657600
2018-09-18,11.97659683227539,12.091152404880841,11.795525029791918,11.802915408742749,6864000
2018-09-19,11.961812019348145,12.034486566167159,11.805375480624372,11.97659371317368,5288800
2018-09-20,12.210633277893066,12.251282238366057,12.064052115231233,12.11824978942178,9399200
2018-09-21,12.086221694946289,12.320259065606217,12.056658308101737,12.293160703991918,7732000
2018-09-24,12.145347595214844,12.158897247031078,11.811535410904586,11.911309265393829,8125600
2018-09-25,12.183534622192383,12.202010567630397,12.056660511619691,12.134263241553032,4893600
2018-09-26,12.192156791687012,12.42619420029014,12.152739875943741,12.197083083853194,7184000
2018-09-27,12.39909553527832,12.487782888731934,12.284539979822355,12.29193035766681,7039200
2018-09-28,12.401557922363281,12.460683760820741,12.291929605437009,12.325187243475172,5012800
2018-10-01,12.442204475402832,12.625739350136632,12.38431069094582,12.535819036874502,8796800
2018-10-02,12.384313583374023,12.577702964410937,12.331347017114314,12.412643991040055,5109600
2018-10-03,12.420035362243652,12.549371671269975,12.376923259234879,12.493941958797745,5771200
2018-10-04,11.938406944274902,12.321490452165607,11.761031331519794,12.307940802193405,14784800
2018-10-05,11.65263843536377,12.008622774784321,11.417368947613262,11.929788931161514,17824800
2018-10-08,11.502360343933105,11.704372171930629,11.226441910044155,11.53685097047102,15397600
2018-10-09,11.566412925720215,11.747484713192755,11.461711826911317,11.515909501013587,12202400
2018-10-10,10.558815956115723,11.440769750788506,10.525557377258034,11.428452141489617,37497600
2018-10-11,10.293981552124023,10.753435732880867,10.067334568429049,10.465198832568634,37673600
2018-10-12,10.865530014038086,10.9246558607191,10.45411599258033,10.829808285385267,25358400
2018-10-15,10.589613914489746,10.82118824031636,10.51817044149504,10.786698547084061,20704800
2018-10-16,11.205498695373535,11.264623587387934,10.776838999289675,10.810097573349337,14580800
2018-10-17,11.219049453735352,11.334836103605822,10.989938360059494,11.327445726317345,15159200
2018-10-18,10.7177152633667,11.136520542699165,10.604390818530868,11.127897182753122,19958400
2018-10-19,10.6770658493042,11.050294926091965,10.59823202832205,10.851978330872512,21019200
2018-10-22,10.789159774780273,10.945596349539064,10.620406528656314,10.801478325692422,14622400
2018-10-23,10.71894645690918,10.808866787846801,10.151096883985268,10.39745282216981,30164800
2018-10-24,9.723668098449707,10.711554887099638,9.687946378616628,10.684455586552254,24856000
2018-10-25,10.380206108093262,10.510775382630806,9.934302501548036,10.027918012772961,21328800
2018-10-26,9.882570266723633,10.253335329313993,9.562306750123856,9.690411968809075,36252800
2018-10-29,9.501948356628418,10.229930597089568,9.07944788967387,10.144937498618408,25815200
2018-10-30,9.751998901367188,9.772938929093996,9.309790474529631,9.398478756399948,25826400
2018-10-31,10.200366020202637,10.388828138538635,10.07226083589541,10.073492878565892,20238400
2018-11-01,10.494763374328613,10.508313027122295,10.095666987808228,10.250871503589142,15801600
2018-11-02,10.17819595336914,10.547729886263522,10.021760335277477,10.424551908632061,23082400
2018-11-05,10.107985496520996,10.189283420512387,9.881338447405865,10.184356188169865,11281600
2018-11-06,10.261954307556152,10.372814646122414,10.077187389870096,10.100591500171069,9108000
2018-11-07,10.896323204040527,10.896323204040527,10.461505116688333,10.502154072671967,16076000
2018-11-08,10.76329231262207,10.864298225749502,10.657359167174583,10.802709231409032,9666400
2018-11-09,10.397452354431152,10.604390431014483,10.2286982060479,10.557583143183486,14313600
2018-11-12,9.782793998718262,10.282897188135701,9.745841172160706,10.24594342180483,17848000
2018-11-13,9.78648853302002,10.135082384900025,9.726131595837142,9.856699932535317,16548000
2018-11-14,9.622665405273438,10.039006694275855,9.521659485940376,9.971258420429612,15684800
2018-11-15,9.96509838104248,10.015600862189327,9.426810291132057,9.585709991903418,18927200
2018-11-16,9.898581504821777,9.992197022892679,9.694105628479193,9.776635580609579,13453600
2018-11-19,9.246971130371094,9.819748938294122,9.191541414025464,9.803735199076572,17876000
2018-11-20,8.923014640808105,9.168138598223141,8.684049019542792,8.82323982153755,24724800
2018-11-21,9.049885749816895,9.228493433240715,9.0227864456233,9.147196460433278,12043200
2018-11-23,8.918085098266602,9.102852050828313,8.902071360922996,8.906998592430774,4828000
2018-11-26,9.329499244689941,9.338121665054485,9.091765723469418,9.159513983314646,12930400
2018-11-27,9.396017074584961,9.437898080525734,9.134880333133715,9.22849493036886,9388000
2018-11-28,9.98727035522461,9.992197586956307,9.420651862906421,9.527816098807424,16129600
2018-11-29,9.928145408630371,10.059945815063577,9.770477738105427,9.912132608889802,11163200
2018-11-30,10.08088493347168,10.082116976347292,9.866555522009742,9.950316581857553,8653600
2018-12-03,10.415926933288574,10.536641735262458,10.268113772291272,10.514469667135547,14574400
2018-12-04,9.61773681640625,10.366659153535275,9.598027888694402,10.307533310173131,18368800
2018-12-06,9.755694389343262,9.755694389343262,9.160745536447601,9.238347315580091,28344000
2018-12-07,9.102852821350098,9.77909966183115,9.048654209950161,9.662080957879539,22570400
2018-12-10,9.297473907470703,9.376307735788318,8.88729102777934,9.073290031984978,25332800
2018-12-11,9.355365753173828,9.607880948893804,9.198930156352331,9.591868152297355,16714400
2018-12-12,9.521658897399902,9.814822172032907,9.511804432763464,9.636214464421451,15156000
2018-12-13,9.530280113220215,9.724900596411942,9.402174908475098,9.631286013530527,12075200
2018-12-14,9.037568092346191,9.372611384863198,9.01785916584754,9.304864064514101,13204800
2018-12-17,8.65817928314209,9.121328695241317,8.507902015295784,8.983369035955317,25010400
2018-12-18,8.753029823303223,8.924247196367919,8.603984531487308,8.782593224817408,16136800
2018-12-19,8.339146614074707,9.014162175360893,8.195028642009019,8.734548649905932,27059200
2018-12-20,8.089097023010254,8.464790205499382,7.8747676194422445,8.284950482991361,32672000
2018-12-21,7.56805419921875,8.264009437816302,7.496611221983328,8.15315001822317,40079200
2018-12-24,7.208375453948975,7.654279610473256,7.198520989992471,7.463353835239694,20820000
2018-12-26,8.095865249633789,8.095865249633789,7.257681978241257,7.353826390280315,35284800
2018-12-27,8.163658142089844,8.1661229729778,7.523926849009415,7.883852345288319,29698400
2018-12-28,8.15379524230957,8.422506893202304,8.012043515112833,8.256103100587008,23563200
2018-12-31,8.281988143920898,8.359642997231262,8.116816294440156,8.305407324205342,18244000
2019-01-02,8.343621253967285,8.43853276415867,7.917134020126469,7.930692001225594,17621600
2019-01-03,7.7840094566345215,8.169819870429384,7.761822219202529,8.103258158133405,21891200
2019-01-04,8.481674194335938,8.542073367332762,7.997253567176959,8.04532576418832,25744800
2019-01-07,8.653009414672852,8.745456100472417,8.450859403624438,8.502630262388598,16092000
2019-01-08,8.825577735900879,8.882278263344661,8.56672717481703,8.825577735900879,14865600
2019-01-09,8.957465171813965,9.038818687234043,8.81448148770365,8.883508028969588,16208000
2019-01-10,9.003072738647461,9.021562259888812,8.724499855748496,8.823110008758288,13630400
2019-01-11,8.948838233947754,8.96239715527504,8.846530351356868,8.908161469965897,8992800
2019-01-14,8.78612995147705,8.862552858253595,8.709707985116513,8.788595722246363,11020000
2019-01-15,9.132498741149902,9.152221150584628,8.856391591977433,8.861322194336113,17195200
2019-01-16,9.130033493041992,9.285344168787715,9.118940343553968,9.15838422020505,12770400
2019-01-17,9.259458541870117,9.343276891231408,9.03512133334668,9.063471118039041,14449600
2019-01-18,9.439420700073242,9.534332192339628,9.286574875569347,9.397511057736343,18348800
2019-01-22,9.079495429992676,9.316158662871398,8.93281308962801,9.305064574234159,21948800
2019-01-23,9.090590476989746,9.24097056483842,8.88597470095531,9.160849918313897,20761600
2019-01-24,9.20029354095459,9.231109101030246,9.079497072091124,9.142360137545754,11466400
2019-01-25,9.432025909423828,9.478866161091819,9.28904220430906,9.343277889223057,14160800
2019-01-28,9.19043254852295,9.19043254852295,9.037587630330313,9.18427000061509,11272000
2019-01-29,9.010468482971191,9.203990139110434,8.951303141449568,9.199059537247608,8624000
2019-01-30,9.486261367797852,9.539264165766353,9.162082032567753,9.21754966142065,18242400
2019-01-31,9.75866985321045,9.844953972534483,9.56145048683799,9.579940008151434,18085600
2019-02-01,9.668689727783203,9.804277994181543,9.618151761531205,9.661293354419378,13536000
2019-02-04,9.906584739685059,9.906584739685059,9.656361648699033,9.672386338809044,10956800
2019-02-05,10.085315704345703,10.10503811270849,9.932470801198862,9.934935632036115,10905600
2019-02-06,10.018755912780762,10.123528641205365,9.932472710646707,10.087782474488007,10268800
2019-02-07,9.748810768127441,9.89056254177723,9.602129332111268,9.844956111765752,25721600
2019-02-08,9.779624938964844,9.783323595837949,9.55652060217985,9.576243010504983,13643200
2019-02-11,9.767300605773926,9.904121781015947,9.721694174304155,9.854816692028635,8244000
2019-02-12,10.059430122375488,10.084082190877929,9.877001618042573,9.902886572094976,8245600
2019-02-13,10.065593719482422,10.203646809267482,10.048336142843146,10.140782811359703,11249600
2019-02-14,10.08285140991211,10.161739166727676,9.927540727249358,9.987938960345224,16321600
2019-02-15,10.177762031555176,10.244323746892128,10.08038475951127,10.244323746892128,13076800
2019-02-19,10.211043357849121,10.275140248325886,10.108736414891922,10.108736414891922,10092000
2019-02-20,10.209808349609375,10.305952716064823,10.100105065790624,10.229529812782204,13265600
2019-02-21,10.125991821289062,10.20611245443113,10.024916835908401,10.151876775304292,10931200
2019-02-22,10.280069351196289,10.293628270649512,10.16173773267226,10.172830881088837,8028000
2019-02-25,10.35402774810791,10.48961601863084,10.340468827013995,10.43168261766888,9064000
2019-02-26,10.372515678405762,10.437844502506877,10.27390552930697,10.292395049815005,9204800
2019-02-27,10.355257987976074,10.383607768171736,10.142013961960437,10.284998569539196,9379200
2019-02-28,10.3071870803833,10.381144223621536,10.25171851764255,10.289930444974916,6304000
2019-03-01,10.457568168640137,10.480988295572963,10.309653854282743,10.456336223318823,7465600
2019-03-04,10.45263671875,10.616574757991726,10.220903141364145,10.568502567026812,14304800
2019-03-05,10.467427253723145,10.530291247780413,10.363887442726313,10.461264707115857,6786400
2019-03-06,10.344165802001953,10.487150435862791,10.313350245437064,10.479754062804233,9884000
2019-03-07,10.0927095413208,10.299790094303619,10.017519517055751,10.288696946665846,16847200
2019-03-08,10.056964874267578,10.06682607834782,9.842488857811329,9.863443211169706,12748800
2019-03-11,10.477288246154785,10.489614279537637,10.137084270374908,10.137084270374908,8944800
2019-03-12,10.595623016357422,10.644928104995403,10.483454856611955,10.526596456514058,10898400
2019-03-13,10.749701499938965,10.860637721177962,10.673278560770676,10.6979315768329,9967200
2019-03-14,10.709025382995605,10.785448326832805,10.704094779481935,10.757097591733315,5555200
2019-03-15,10.892683982849121,10.97157173756209,10.78174778390394,10.79284093359035,9206400
2019-03-18,10.949383735656738,11.024573768574076,10.855704180799439,10.898845771715251,9306400
2019-03-19,11.02827262878418,11.147837150592771,10.939523666599813,11.045529266940445,10556800
2019-03-20,11.118685722351074,11.248202629595976,10.932428352631662,11.031107990635281,13987200
2019-03-21,11.460363388061523,11.49120065782889,11.044676652809073,11.047143220315794,12127200
2019-03-22,10.94723129272461,11.422125081714361,10.933662818089575,11.35921678486818,21494400
2019-03-25,10.918861389160156,10.989170335112163,10.759741886015274,10.876923148908984,17850400
2019-03-26,11.01754093170166,11.212432724192533,10.904059992179972,11.076748910322785,11055200
2019-03-27,10.886789321899414,11.092782045593244,10.712866679241895,11.039741907167057,12356000
2019-03-28,10.921327590942383,10.997804358874276,10.790577868068015,10.922561345237082,11332000
2019-03-29,11.092784881591797,11.102653035700676,10.955867301837749,11.076749836974097,11311200
2019-04-01,11.390054702758789,11.402390364821029,11.219833294599194,11.300010392609318,10333600
2019-04-02,11.460363388061523,11.481332505644422,11.341947444005505,11.398688848526792,8560800
2019-04-03,11.592348098754883,11.732965988573225,11.518337890573532,11.588646835482704,11328800
2019-04-04,11.582477569580078,11.678689691184953,11.44309252169928,11.592345720790501,10709600
2019-04-05,11.69596004486084,11.709528519314784,11.615782952472669,11.650320545235862,8264800
2019-04-08,11.756400108337402,11.771202336215444,11.567676173016517,11.656487658127231,10833600
2019-04-09,11.67375659942627,11.751466179330524,11.621950212823434,11.668822523405222,8942400
2019-04-10,11.799574851989746,11.800807665360065,11.673758248378016,11.703361767607108,6844800
2019-04-11,11.741600036621094,11.831644344230835,11.693493967387647,11.826710267760882,6588000
2019-04-12,11.837813377380371,11.851381853781087,11.741601229141812,11.84027994532643,7475200
2019-04-15,11.8390474319458,11.863716876347446,11.681159788106731,11.836579922858247,7102400
2019-04-16,11.919221878051758,11.971029209551023,11.848912936458662,11.920455632417628,7738400
2019-04-17,11.999399185180664,12.096845078077695,11.930323996728635,12.073408450104818,7839200
2019-04-18,12.02530288696289,12.040105117002252,11.888385317605227,12.037637608122909,6980000
2019-04-22,12.096845626831055,12.10301345797072,11.90318758663976,11.919222630092424,5758400
2019-04-23,12.401517868041992,12.42865481895403,12.122748655598643,12.148651852084072,9048800
2019-04-24,12.322572708129883,12.452088671469717,12.315171123739926,12.41385075959016,7058400
2019-04-25,12.406451225280762,12.513764327200855,12.286802461967651,12.506363683228114,8656800
2019-04-26,12.443455696105957,12.443455696105957,12.172088078120694,12.38178115192032,9377600
2019-04-29,12.480460166931152,12.523632157458726,12.399049321011603,12.436054422080273,5885600
2019-04-30,12.29543685913086,12.32997445243883,12.120281383881107,12.28803621515882,10799200
2019-05-01,12.200457572937012,12.521164982690825,12.194289742698396,12.44962229266948,13489600
2019-05-02,12.107948303222656,12.327509554195238,11.941426262670698,12.202926697681518,17077600
2019-05-03,12.487860679626465,12.503896662424669,12.262132576929275,12.302837058382957,11482400
2019-05-06,12.342310905456543,12.36574753609666,11.917990632430916,11.957462307621181,12828800
2019-05-07,11.84644603729248,12.167153464688377,11.625651065922687,12.058606610500497,26300000
2019-05-08,11.774903297424316,11.966094751648095,11.693493392370536,11.772436729850064,16962400
2019-05-09,11.66635799407959,11.739133510676883,11.320980140897984,11.531906986983708,25925600
2019-05-10,11.689791679382324,11.799573224326185,11.187760970793862,11.57137667772152,19810400
2019-05-13,10.869523048400879,11.207499319446413,10.807848498300944,11.092784618617378,28607200
2019-05-14,11.108817100524902,11.24203432387218,10.908992206582719,10.98793553721546,14888800
2019-05-15,11.41225814819336,11.480100528615935,10.957100615896499,10.966968769608679,20064000
2019-05-16,11.644153594970703,11.793405872106643,11.403622319060997,11.427058945918967,19188000
2019-05-17,11.406091690063477,11.728032923758697,11.39128945893441,11.414726089619025,19876000
2019-05-20,11.029876708984375,11.176662444623762,10.948466789298292,11.095251583858696,18007200
2019-05-21,11.250670433044434,11.312344978302486,11.144590139914273,11.212432516129683,9770400
2019-05-22,11.150758743286133,11.274107842346645,11.119921468521005,11.123621790920188,7378400
2019-05-23,10.804145812988281,10.901591702252,10.669695763181632,10.899125134647335,18256000
2019-05-24,10.789345741271973,10.999038831219602,10.768376620492997,10.929963637557595,10604000
2019-05-28,10.70793342590332,10.974367892716467,10.70793342590332,10.847318489794548,10436000
2019-05-29,10.536478042602539,10.649958968780444,10.419296794648213,10.583351294647295,17305600
2019-05-30,10.626522064208984,10.678328445290523,10.499472678713401,10.593217289886086,13569600
2019-05-31,10.271278381347656,10.440266974606192,10.270045568015908,10.371191784873128,16176800
2019-06-03,9.839556694030762,10.274979781034615,9.72484200036983,10.226873710248956,30019200
2019-06-04,10.377359390258789,10.382293467162611,9.969074172526764,10.040616876013754,14740800
2019-06-05,10.530311584472656,10.577183897357703,10.314450688608213,10.573483575429782,16856800
2019-06-06,10.691898345947266,10.74740505579559,10.472337133012937,10.56361518917106,12558400
2019-06-07,11.101417541503906,11.197629676290996,10.78194386619402,10.804145797841354,14323200
2019-06-10,11.355518341064453,11.577547107198173,11.25190554425471,11.25190554425471,14978400
2019-06-11,11.394988059997559,11.645387491438344,11.322212552034907,11.605914881057318,12202400
2019-06-12,11.269171714782715,11.377718563415076,11.224765971915211,11.329612498821742,7091200
2019-06-13,11.399924278259277,11.446797541354481,11.312346524948508,11.357986033467784,7874400
2019-06-14,11.286441802978516,11.353050424909165,11.208732214598863,11.269173005560814,8337600
2019-06-17,11.429526329040527,11.493667437264662,11.320978535167487,11.340714839900334,6988000
2019-06-18,11.762568473815918,11.922922656015986,11.641685960008033,11.693493289399301,13854400
2019-06-19,11.848912239074707,11.904419889325759,11.652787654992508,11.803273682090914,12580800
2019-06-20,12.064774513244629,12.183189529870567,11.890852781071153,12.177022639853563,14650400
2019-06-21,12.035171508789062,12.184423805116358,11.980897604277704,12.031471186404913,11025600
2019-06-24,12.031472206115723,12.098080837912546,12.016669974245644,12.074644206054678,5284800
2019-06-25,11.614498138427734,12.022954995212977,11.583647899903783,12.013082692931418,13850400
2019-06-26,11.718154907226562,11.914362920825827,11.686070394400819,11.767515478925878,8439200
2019-06-27,11.811941146850586,11.863769328945239,11.74653878256809,11.804537389829834,6425600
2019-06-28,11.847725868225098,11.89215028702458,11.752706606330541,11.865001926483277,10090400
2019-07-01,12.15499496459961,12.32035180459598,12.045168181861808,12.289501563569077,11168800
2019-07-02,12.253717422485352,12.253717422485352,12.07848731919847,12.146358233303397,7073600
2019-07-03,12.427711486816406,12.427711486816406,12.283332578903202,12.304310517699204,4602400
2019-07-05,12.386988639831543,12.425243579530388,12.166100797506262,12.263587673715161,7598400
2019-07-08,12.20435619354248,12.224099859292522,12.105635040368195,12.224099859292522,4544800
2019-07-09,12.32775592803955,12.35613762123561,12.067379830590841,12.08342161624624,6504000
2019-07-10,12.568387985229492,12.639960770247168,12.430179508201858,12.475837262302214,8825600
2019-07-11,12.5486421585083,12.668341223506685,12.472133235139623,12.612810234433224,9186400
2019-07-12,12.693021774291992,12.693021774291992,12.549876220587503,12.574556975437174,5073600
2019-07-15,12.763360977172852,12.77693515771509,12.680682562215273,12.748552523451886,4829600
2019-07-16,12.63625717163086,12.760892391817642,12.560982518580136,12.73004215504192,6689600
2019-07-17,12.5153226852417,12.681913760308223,12.51162080780291,12.643659771474827,4691200
2019-07-18,12.554813385009766,12.586897898167004,12.312947616806255,12.396860307119686,8288800
2019-07-19,12.341330528259277,12.72387332387,12.327756347060784,12.72387332387,9793600
2019-07-22,12.553582191467285,12.598005678400035,12.41290420719363,12.419074632823753,5620000
2019-07-23,12.711532592773438,12.711532592773438,12.51779313177421,12.685618505292918,6175200
2019-07-24,12.887995719909668,12.887995719909668,12.60910930495515,12.617747333930643,6628800
2019-07-25,12.638725280761719,12.800381168121191,12.595535135846802,12.795445017063123,8358400
2019-07-26,12.892931938171387,12.932420205332996,12.786807043648087,12.80038122374813,5265600
2019-07-29,12.813956260681152,12.88182717070635,12.648599412946577,12.88182717070635,6031200
2019-07-30,12.695490837097168,12.797913863168727,12.594302084278482,12.616514295456955,4669600
2019-07-31,12.35860824584961,12.77940509503722,12.114273892969083,12.767065185421481,15574400
2019-08-01,12.21916389465332,12.839871577774218,12.1056352257962,12.393159717956372,20566400
2019-08-02,11.863765716552734,12.068611718850564,11.71198309499537,12.045165240124462,18462400
2019-08-05,11.003664016723633,11.368930766574143,10.823498717630287,11.365228888194947,26062400
2019-08-06,11.326972961425781,11.388673434508082,11.060426465802477,11.22454995015528,14356000
2019-08-07,11.42446231842041,11.475056227837264,10.911113818287657,11.083875368965975,21372000
2019-08-08,11.940277099609375,11.94521325096417,11.484927257981704,11.562669523501835,11144000
2019-08-09,11.713217735290527,11.902021034725232,11.529350586743108,11.823044503477702,15328000
2019-08-12,11.446673393249512,11.636710985955233,11.338079945146463,11.568840080890826,10623200
2019-08-13,11.960020065307617,12.096995197613822,11.404715780220155,11.43556601828057,17779200
2019-08-14,11.215913772583008,11.634242973801335,11.189999682588692,11.552798825458435,19658400
2019-08-15,11.201106071472168,11.325741319667863,11.030813065131557,11.265275105611915,15259200
2019-08-16,11.555265426635742,11.61449829967287,11.39237620262686,11.39237620262686,8902400
2019-08-19,11.908193588256836,11.974830224940105,11.81070670911694,11.878577619111388,8017600
2019-08-20,11.747770309448242,11.95014779636875,11.740366553565034,11.871171262032675,8296800
2019-08-21,11.951384544372559,12.02295733764655,11.868706114974023,11.953853091161177,5812800
2019-08-22,11.873641014099121,12.047635885345889,11.683603414843496,11.992105827633539,8872800
2019-08-23,11.125829696655273,11.92176541843084,11.053022649253563,11.713217519292726,18804800
2019-08-26,11.450377464294434,11.451611737752328,11.234425741427685,11.368932362619644,9049600
2019-08-27,11.410886764526367,11.644114500393139,11.310932289576206,11.604626231396505,10804000
2019-08-28,11.477524757385254,11.517013031069208,11.217148629149746,11.32450687306956,7570400
2019-08-29,11.829216957092285,11.893385046687811,11.677433351057672,11.761346047590084,9375200
2019-08-30,11.776153564453125,11.958787398168107,11.642880302672566,11.952616973623329,8736000
2019-09-03,11.542924880981445,11.734195787022612,11.463948348949366,11.619433808282627,10075200
2019-09-04,11.876107215881348,11.890915668876389,11.70211236519367,11.76134429422476,6433600
2019-09-05,12.312948226928711,12.373414436607115,12.122910626464785,12.130315324621588,7368800
2019-09-06,12.284564971923828,12.353669202780425,12.233970130422009,12.340095022937232,6122400
2019-09-09,12.226566314697266,12.364774775732418,12.101931091964184,12.357371020026829,6916800
2019-09-10,12.168569564819336,12.168569564819336,11.935341809946076,12.094529172101181,7916800
2019-09-11,12.386988639831543,12.393159064727225,12.146357132494462,12.199419585583492,6238400
2019-09-12,12.479538917541504,12.67327838974766,12.449922950346988,12.536303246945417,11579200
2019-09-13,12.398094177246094,12.502984801359048,12.362307787094695,12.446220474679974,5365600
2019-09-16,12.273459434509277,12.331458036656562,12.206822802774607,12.22903501335283,7053600
2019-09-17,12.390691757202148,12.396861240771328,12.233971999245089,12.278396423431762,3535200
2019-09-18,12.389455795288086,12.3956252780164,12.079719141500382,12.347498981952619,7505600
2019-09-19,12.42524242401123,12.577025070993134,12.378349458704164,12.42894430201451,4820800
2019-09-20,12.162397384643555,12.482006336127125,12.074782822732107,12.463496005250164,8774400
2019-09-23,12.169801712036133,12.240140214051356,12.068612973321697,12.151291381721704,6104000
2019-09-24,11.839090347290039,12.328992389552976,11.746539612096026,12.283333687926348,15376000
2019-09-25,12.106866836547852,12.171034913949663,11.625602960873515,11.819342407621129,9322400
2019-09-26,12.01801872253418,12.095760983897486,11.840321049161417,12.08588962319032,9116000
2019-09-27,11.73049545288086,12.07108238051082,11.557734854747578,12.056273925753118,11147200
2019-09-30,11.93657398223877,11.976062247502943,11.769981951102103,11.80453500699845,8552000
2019-10-01,11.740367889404297,12.162398969308589,11.709517647747994,12.024190489232138,10512800
2019-10-02,11.336847305297852,11.589818725620976,11.217148215319616,11.589818725620976,12161600
2019-10-03,11.589818000793457,11.600924576821152,11.062896312953155,11.340548474475533,13472000
2019-10-04,11.931638717651367,11.960020410259789,11.687304410916965,11.70211286454391,8134400
2019-10-07,11.851428031921387,12.041465618817272,11.809471216943928,11.855129909998158,6994400
2019-10-08,11.483692169189453,11.800832574783056,11.478756018185232,11.699643832882847,11548800
2019-10-09,11.729262351989746,11.824280682833558,11.619435566096717,11.681136049923122,6865600
2019-10-10,11.892151832580566,11.988404438663997,11.710752255819628,11.719390286071356,6428800
2019-10-11,12.19324779510498,12.394391949891322,12.154993801165048,12.167333708099747,13950400
2019-10-14,12.20435619354248,12.272226162559447,12.145123313342971,12.162399373927267,4255200
2019-10-15,12.505451202392578,12.563449796659057,12.262352133758364,12.270990162172023,6500000
2019-10-16,12.44251823425293,12.500516832413409,12.367243578105228,12.432645932124647,5408000
2019-10-17,12.51162338256836,12.631322465585695,12.421541208105054,12.594301800630467,5344000
2019-10-18,12.269758224487305,12.522730584211013,12.142655378719416,12.480773765734185,7823200
2019-10-21,12.485708236694336,12.50051668971772,12.33762747235865,12.391923250495314,4286400
2019-10-22,12.285799980163574,12.617748882852315,12.2796304966949,12.572090186105735,5113600
2019-10-23,12.33145809173584,12.33269236496087,12.194482949470755,12.225333189774158,3968800
2019-10-24,12.56468677520752,12.580728562437235,12.395627106737964,12.506688168452463,5922400
2019-10-25,12.758424758911133,12.778169363768699,12.432646310557903,12.437582461772296,6609600
2019-10-28,13.016332626342773,13.052118073361939,12.884293647439936,12.884293647439936,5828000
2019-10-29,12.821359634399414,13.008928674992548,12.811487331874885,12.971908952737442,6106400
2019-10-30,12.923783302307129,12.979313359209362,12.717702978049108,12.86825230393026,6336800
2019-10-31,12.943525314331055,13.021267572363515,12.801614036341268,13.006460061199911,7887200
2019-11-01,13.185392379760742,13.185392379760742,13.020035545368184,13.058289541673261,6411200
2019-11-04,13.337176322937012,13.401344409524878,13.29645377914442,13.36185613897666,7344800
2019-11-05,13.342113494873047,13.401345434488242,13.269306431480766,13.377899889899801,4214400
2019-11-06,13.293988227844238,13.327306078792317,13.165651093367783,13.327306078792317,5488800
2019-11-07,13.382834434509277,13.553128370748926,13.305092164578998,13.429727404302646,6590400
2019-11-08,13.488958358764648,13.488958358764648,13.26313532213213,13.333473830225785,4704800
2019-11-11,13.450706481933594,13.459344512657497,13.31496559564022,13.360623354548823,3490400
2019-11-12,13.521040916442871,13.616059225701079,13.430957816271922,13.472914625309247,4613600
2019-11-13,13.502532958984375,13.555595410000365,13.416152662667471,13.432194448705005,6140000
2019-11-14,13.509939193725586,13.525980981587999,13.351985154460344,13.429728371464073,4528000
2019-11-15,13.677762031555176,13.692570485769469,13.58521131103373,13.667890670220263,4488000
2019-11-18,13.732059478759766,13.771547750602995,13.554361784727899,13.665422843497815,5767200
2019-11-19,13.762908935546875,13.829545567007992,13.664188732306956,13.829545567007992,4820800
2019-11-20,13.596317291259766,13.776482573002886,13.391471253574357,13.697506036936712,10796000
2019-11-21,13.534616470336914,13.585210371154886,13.450703785210564,13.565466708376388,4807200
2019-11-22,13.554361343383789,13.617296098216633,13.412450988910681,13.596318160430563,4209600
2019-11-25,13.872735977172852,13.876437855411611,13.659252839290929,13.659252839290929,4988000
2019-11-26,13.92456340789795,13.95788219320726,13.857927720228481,13.887543686023198,3788800
2019-11-27,14.117070198059082,14.117070198059082,13.962818996029316,13.998605387877175,6480000
2019-11-29,13.983797073364258,14.086220098489976,13.971457165373423,14.049199433042844,2859200
2019-12-02,13.675293922424316,13.992434342060172,13.540787332133135,13.987498190837389,10956800
2019-12-03,13.476617813110352,13.49019199310618,13.187860038234467,13.33223892567241,11588000
2019-12-04,13.613591194152832,13.682695416900366,13.581506687245296,13.622229221996275,4644800
2019-12-05,13.665421485900879,13.713547783007604,13.53955292611588,13.713547783007604,6520000
2019-12-06,13.950478553771973,13.980094519814319,13.84928980677559,13.85792783609938,6270400
2019-12-09,13.83324909210205,14.039328494143327,13.824611061521718,13.907289488715564,4480800
2019-12-10,13.809802055358887,13.936904895086226,13.748101574600014,13.840652295738323,5700000
2019-12-11,13.95788288116455,13.981329365206395,13.828311494530151,13.865332159704158,4825600
2019-12-12,14.166431427001953,14.265151635987621,13.887544977204977,13.922097097423693,16383200
2019-12-13,14.251577377319336,14.34906425396706,14.087454807166514,14.14915529050244,15720000
2019-12-16,14.524293899536133,14.569952597703782,14.431743171353512,14.431743171353512,6349600
2019-12-17,14.540334701538086,14.593397149657063,14.50454831173928,14.574886818178431,5134400
2019-12-18,14.561310768127441,14.652627199162174,14.548970862551036,14.577352551229323,3756800
2019-12-19,14.753819465637207,14.759989890640806,14.585994073465802,14.587228346761457,5753600
2019-12-20,14.875985145568848,14.921642895281645,14.813050396413217,14.89326120353713,7419200
2019-12-23,14.943855285644531,14.994450128504552,14.92287734949628,14.979641675148665,5128000
2019-12-24,14.951264381408691,14.984595990460253,14.889538412016982,14.973485768064247,3299200
2019-12-26,15.224092483520508,15.224092483520508,15.003113408342012,15.003113408342012,3947200
2019-12-27,15.187053680419922,15.331493132140482,15.117920911639711,15.331493132140482,6070400
2019-12-30,14.982126235961914,15.191994139317396,14.845094518899915,15.17471094454052,9577600
2019-12-31,15.047555923461914,15.066073901643634,14.852501644759647,14.900647822914022,5025600
2020-01-02,15.541361808776855,15.54383137456877,15.24260839466532,15.296927539726829,7477600
2020-01-03,15.266067504882812,15.445072442924245,15.132739182304654,15.132739182304654,10924000
2020-01-06,15.447540283203125,15.459886230190522,14.980892119730461,15.011755103471916,6679200
2020-01-07,15.440132141113281,15.53642449141021,15.356184794878931,15.467291715169017,5158400
2020-01-08,15.673457145690918,15.82406771129647,15.394455516147662,15.43642966272168,9110400
2020-01-09,15.951223373413086,16.00183722885815,15.75987252113109,15.936407862114734,7167200
2020-01-10,15.867276191711426,16.070971119890114,15.808019793578397,16.070971119890114,8929600
2020-01-13,16.22281837463379,16.231459030089905,15.946285376680144,15.983321331971775,5419200
2020-01-14,16.103073120117188,16.262325311333512,16.04505055125894,16.198131651780518,7709600
2020-01-15,16.10553741455078,16.256147015529326,16.00553978259268,16.112944227941743,6817600
2020-01-16,16.409231185913086,16.415404159488155,16.19812942922597,16.25985539752254,4939200
2020-01-17,16.575895309448242,16.598115758210298,16.393185051121097,16.556142543619238,5762400
2020-01-21,16.56107521057129,16.641320093149144,16.47218967266386,16.480832211720344,6591200
2020-01-22,16.645023345947266,16.835138482431514,16.60181441851922,16.721562936986434,5920000
2020-01-23,16.74378776550293,16.757367554690386,16.47219198175379,16.622803504113886,5767200
2020-01-24,16.457378387451172,16.937606375260263,16.312939838718208,16.91538592948312,13505600
2020-01-27,15.779626846313477,15.953693590986795,15.616670324084527,15.730245882212436,14857600
2020-01-28,16.256155014038086,16.333930360364366,15.920367378161227,15.998140840759879,5929600
2020-01-29,16.306758880615234,16.4795926481876,16.173430620051267,16.446260112115045,8316800
2020-01-30,16.425281524658203,16.44256472146776,16.00801335117821,16.101836150469072,9340000
2020-01-31,15.893200874328613,16.57218643498597,15.78703120581335,16.5573709236374,14463200
2020-02-03,16.36602210998535,16.45490576028754,16.042576795263777,16.053687016085696,8365600
2020-02-04,17.119077682495117,17.190680022820512,16.720328504561895,16.826497232116537,7303200
2020-02-05,17.249937057495117,17.553629623678034,17.04006916046682,17.553629623678034,13258400
2020-02-06,17.536344528198242,17.551158154889507,17.210431554903625,17.332647742559924,5023200
2020-02-07,17.378324508666992,17.577082143224477,17.288203265289408,17.384497480418766,5877600
2020-02-10,17.80917739868164,17.80917739868164,17.265989579193032,17.27463023604318,5871200
2020-02-11,17.80917739868164,18.1190429947622,17.719058003790032,18.002997861865676,13471200
2020-02-12,18.158544540405273,18.17212432850964,17.937566407136423,18.01287216231027,8524800
2020-02-13,18.09805679321289,18.25607513999659,17.86349695577685,17.903002484336415,8584000
2020-02-14,18.19434356689453,18.244957419665017,18.042496357402964,18.162244863883288,5173600
2020-02-18,18.22520637512207,18.289400013092134,17.99311617772153,18.01904190808663,7386400
2020-02-19,18.567169189453125,18.64617834790381,18.40297978314269,18.43137319909594,4651200
2020-02-20,18.206687927246094,18.560996204823606,17.76843325151683,18.488158143219316,10793600
2020-02-21,17.52893829345703,18.098051703594493,17.37709107995257,18.048669806782442,11076800
2020-02-24,16.167264938354492,16.598110951326145,15.99196154704998,16.175905593572665,32115200
2020-02-25,15.294459342956543,16.54255841515016,15.194463582291124,16.43021670814684,32688800
2020-02-26,15.426552772521973,15.977148257045839,15.214215306177703,15.463588727577726,28350400
2020-02-27,13.882168769836426,15.129033982024177,13.879700145724271,14.658681501197075,44845600
2020-02-28,14.021669387817383,14.094505568980953,12.882207744632396,12.973561902285091,52608800
2020-03-02,15.341371536254883,15.354951324443542,13.924143850986237,14.316721041659457,27213600
2020-03-03,14.362398147583008,15.793206611997595,14.095742448807242,15.441368773818123,36943200
2020-03-04,15.541361808776855,15.561114567658635,14.614237645223623,14.90435040465361,19877600
2020-03-05,14.605597496032715,15.279644918922905,14.390791402155582,14.750036969544773,23922400
2020-03-06,14.113025665283203,14.258698991354265,13.404411797313452,13.634032479796033,25092000
2020-03-09,12.169892311096191,13.171087606669934,12.098289960791197,12.160015929978906,18062400
2020-03-10,13.47477912902832,13.492062324881179,12.160015809936581,13.093312153445028,27948800
2020-03-11,12.299515724182129,13.022944125644452,11.964961099361568,12.841469633754063,29296000
2020-03-12,10.023062705993652,11.721760619886165,9.993433564037382,10.65019780758538,36395200
2020-03-13,11.93286418914795,11.98718239871495,10.131700013018389,11.132895256042863,32360800
2020-03-16,9.035446166992188,10.767476423375758,8.888538083384411,9.445306496495933,23924800
2020-03-17,10.253918647766113,10.500822547336604,8.949031576210615,9.541601311925245,31902400
2020-03-18,9.611968040466309,9.914424914100254,8.534232199184373,9.084827733790117,30875200
2020-03-19,9.744062423706055,10.367495146194052,9.086063306013681,9.514441722004264,35715200
2020-03-20,8.965081214904785,10.305769507157704,8.908293429238208,10.18108277022475,36707200
2020-03-23,9.010753631591797,9.376171130982623,8.398432340029071,9.026802980875432,33055200
2020-03-24,10.382308006286621,10.38971576318285,9.778628092671566,9.94528802395153,31956000
2020-03-25,10.19698715209961,11.032846816065625,9.953761577199367,10.448856192519463,28396800
2020-03-26,11.29459285736084,11.377314285604436,10.3537880318646,10.385889236095094,22880000
2020-03-27,10.466141700744629,11.12050745691708,10.432806520410049,10.7081342548805,17913600
2020-03-30,11.267428398132324,11.31928352836642,10.630347854236126,10.701957858062762,16922400
2020-03-31,11.060007095336914,11.639057941928442,10.934072129271964,11.220511206760799,20289600
2020-04-01,10.136488914489746,10.751345793416375,9.969811145648862,10.422928032946222,15729600
2020-04-02,10.538984298706055,10.559973146181603,9.980921345133709,10.036481222642474,17881600
2020-04-03,10.252545356750488,10.659979754291808,10.005615076314198,10.480955677761203,11934400
2020-04-06,11.710668563842773,11.826726099083695,10.893329924319314,11.024202673785522,16623200
2020-04-07,11.664985656738281,12.424295437036394,11.643995869177578,12.37984791579422,23536800
2020-04-08,12.172426223754883,12.247740025375304,11.687209186704855,11.89216080441966,18464800
2020-04-09,12.203293800354004,12.504549038813039,11.99463835745465,12.382318815817058,20278400
2020-04-13,12.483560562133789,12.531711892076249,11.963772428217373,12.109461333212693,13797600
2020-04-14,13.562646865844727,13.633021965361559,12.894700878074703,12.983595938930568,23470400
2020-04-15,13.252747535705566,13.48980131789865,12.963839563294977,13.139159834174784,14076000
2020-04-16,13.75525188446045,13.872543392251544,13.289787772903033,13.54659549362683,23693600
2020-04-17,13.982425689697266,14.154042141569088,13.582398940338013,14.08366705657103,17477600
2020-04-20,13.65894889831543,14.07873058727086,13.652776206132806,13.73549762870164,14834400
2020-04-21,12.642828941345215,13.46263729293734,12.499608944735385,13.394731097654379,24203200
2020-04-22,13.424365997314453,13.56758507960839,13.082367008814751,13.189782027008452,14567200
2020-04-23,13.360162734985352,13.842911886285046,13.297195249606203,13.513259245392517,16400000
2020-04-24,13.799697875976562,13.820687665049796,13.224350830381894,13.402140928162197,12976800
2020-04-27,13.967610359191895,14.12811541119891,13.855257576358362,14.070086647135387,13344800
2020-04-28,13.470046043395996,14.223183178687036,13.433007068065487,14.223183178687036,18484800
2020-04-29,14.388628005981445,14.540489605719497,13.926868630812475,14.067618819724752,16485600
2020-04-30,14.442953109741211,14.550367183280798,14.199726622818206,14.549132268077956,14748000
2020-05-01,13.57005500793457,14.105893303604773,13.452762550953567,13.820689110229623,15874400
2020-05-04,13.909584045410156,13.931806867795698,13.378683531476819,13.4416510207955,11196800
2020-05-05,14.21947956085205,14.536784924340393,14.1145343831002,14.182440585038346,11768000
2020-05-06,14.392333030700684,14.659018216717644,14.278745314566516,14.442954196217826,11310400
2020-05-07,14.773838996887207,14.88125306504736,14.586171457954736,14.756553010806044,10453600
2020-05-08,15.161519050598145,15.18127298250158,14.862732706117168,14.991136560364316,11151200
2020-05-11,15.4133882522583,15.577597121207445,14.947925069994042,14.982495159885588,9703200
2020-05-12,14.79853343963623,15.603525829569534,14.789890916531396,15.514631709904531,10824000
2020-05-13,14.42937183380127,15.119541542138768,14.070087809744654,14.870142363728224,18562400
2020-05-14,14.744206428527832,14.75038006216104,13.978722956221958,14.254049684121048,16701600
2020-05-15,14.934343338012695,14.946689663716276,14.288621178269109,14.341711226562353,13533600
2020-05-18,15.505986213684082,15.634390070110667,15.236833117400426,15.339308465944546,15345600
2020-05-19,15.40597915649414,15.820822079040093,15.40104043813476,15.528209374505153,14496800
2020-05-20,16.033180236816406,16.077627754481597,15.772668763487008,15.772668763487008,10851200
2020-05-21,15.680072784423828,16.13071979197956,15.613401495769306,16.045530427855486,14448800
2020-05-22,15.777609825134277,15.814648800715029,15.493639635860701,15.618339686833627,7922400
2020-05-26,15.714641571044922,16.318385980441107,15.672663879053554,16.289989528085577,12181600
2020-05-27,15.864036560058594,15.887493354222572,15.001014550891782,15.629451663062014,21416800
2020-05-28,15.8023042678833,16.306043247381414,15.701062882669934,15.702297797918632,16858400
2020-05-29,16.231962203979492,16.320857256027548,15.656614195981955,15.897370843641879,23090400
2020-06-01,16.404813766479492,16.44308766129155,16.106028331575583,16.15417966439215,9300800
2020-06-02,16.608530044555664,16.608530044555664,16.103556224093616,16.444321193315627,10876800
2020-06-03,16.754220962524414,16.861636927200966,16.57025908942103,16.69125441241858,7372000
2020-06-04,16.514698028564453,16.909788021515524,16.333204104682057,16.696191952446846,14243200
2020-06-05,17.161651611328125,17.259188226809417,16.606058573551316,16.660383527562452,12560800
2020-06-08,17.444387435913086,17.453030899322066,16.92336631911919,17.144368073487936,12563200
2020-06-09,17.682674407958984,17.820954737709936,17.301167644245822,17.309809222891158,11370400
2020-06-10,18.122211456298828,18.34938684116995,17.870343422450993,17.93948359315713,15496800
2020-06-11,16.330734252929688,17.728358628785962,16.313449209049207,17.53081553928453,20905600
2020-06-12,16.559139251708984,17.20733105186162,16.003546280149585,17.035714631559276,24397600
2020-06-15,16.972753524780273,17.077699650927226,15.955400058304514,16.08256900612291,16255200
2020-06-16,17.582670211791992,17.88639338689344,16.94682364036904,17.701195685612117,17252000
2020-06-17,17.667861938476562,17.946892471149,17.561681844817407,17.785153442373325,10474400
2020-06-18,17.777748107910156,17.807378538997817,17.5122968978679,17.627120470118776,11544800
2020-06-19,17.755525588989258,18.166664826361,17.50736127840082,18.137032507692503,12873600
2020-06-22,18.196290969848633,18.212340155243034,17.699960633179845,17.756755420371412,8647200
2020-06-23,18.48643684387207,18.83090567597847,18.349390448590903,18.4308779017697,8218400
2020-06-24,17.745637893676758,18.56914986595821,17.50858513311581,18.37407667023192,16951200
2020-06-25,18.086408615112305,18.103693658952146,17.371544416180072,17.74687948802875,11276800
2020-06-26,17.20240020751953,18.034556027303967,17.136963826329954,18.030850339453448,15106400
2020-06-29,17.565385818481445,17.588844496273868,16.797432504697618,17.180173304487713,12743200
2020-06-30,18.234569549560547,18.35556487731926,17.553041347541633,17.575266055701533,9148800
2020-07-01,18.698793411254883,18.850654992432986,18.19875926199272,18.277776869199773,9286400
2020-07-02,18.951900482177734,19.267970964034976,18.883994273045435,19.069191997626973,9366400
2020-07-06,19.888999938964844,19.964313753465174,19.446994489725206,19.454403980993433,8572800
2020-07-07,19.60749626159668,20.266799579031083,19.570456347194323,19.840845273224737,10094400
2020-07-08,20.116178512573242,20.133465444316673,19.593921389957867,19.824802530536843,8076000
2020-07-09,20.450767517089844,20.576702498491688,19.7667714101204,20.41990122936881,12246400
2020-07-10,20.755722045898438,20.782884523859856,20.011227499792973,20.417426928333335,9117600
2020-07-13,19.89146614074707,21.653313982213312,19.75812358117297,21.19772737465054,16536000
2020-07-14,20.18161392211914,20.232233201016154,19.00252138186853,19.50378958134753,21487200
2020-07-15,20.22606086730957,20.527314237256004,19.726026655520517,20.3791564407074,14611200
2020-07-16,19.94332504272461,20.069260020155337,19.432179409539458,19.790227582241595,11288800
2020-07-17,20.007526397705078,20.15198038603955,19.675404868283465,20.06678913765366,9411200
2020-07-20,21.1569881439209,21.244649229202693,19.918632842209337,20.12481941629255,7736800
2020-07-21,20.71127700805664,21.412558091286677,20.574230628801182,21.410090144942256,11613600
2020-07-22,20.856966018676758,20.99771809240051,20.480398833964813,20.78041823171424,7987200
2020-07-23,19.75688934326172,20.886594455608556,19.538355549895677,20.78658800825088,16324000
2020-07-24,19.376617431640625,19.598855038159833,18.742006750980874,19.164257261403197,15490400
2020-07-27,20.075437545776367,20.135934273814456,19.527251885446194,19.647013251956572,10046400
2020-07-28,19.57663345336914,20.03468997875523,19.521074513872964,19.953202529398897,7340000
2020-07-29,20.02975082397461,20.153215974387447,19.735905047063564,19.798871595559785,6929600
2020-07-30,20.231000900268555,20.312488356832567,19.52848384860349,19.709977781892064,8896800
2020-07-31,20.949565887451172,20.96685281713801,20.187786132941422,20.953271575190275,11823200
2020-08-03,21.503923416137695,21.628622530531967,21.27551403528114,21.303910490256364,7482400
2020-08-04,21.670602798461914,21.67430660210114,21.306380997152047,21.41132524014446,7414400
2020-08-05,21.784191131591797,21.84592370592348,21.571830925176524,21.74591723693474,6196800
2020-08-06,22.33854866027832,22.406454869488254,21.638501486631206,21.738509840519658,7689600
2020-08-07,21.836044311523438,22.38669965415378,21.470586675295046,22.25212122238271,11301600
2020-08-10,21.64097023010254,21.924940437307463,21.07056186924806,21.882962740605745,10324000
2020-08-11,20.83350944519043,21.669367128423005,20.735970924705565,21.45083517610711,11932800
2020-08-12,21.88172149658203,22.026175453031538,21.164389489936752,21.164389489936752,9388000
2020-08-13,21.96815299987793,22.3471919106032,21.826168832470422,21.995315483301244,8996000
2020-08-14,21.927406311035156,22.108900190181128,21.68788367412533,22.05333937841658,5904000
2020-08-17,22.413864135742188,22.481770349977378,22.176811256535647,22.199035964798444,5020800
2020-08-18,22.850933074951172,22.93982814489605,22.362010190254328,22.604002743755153,4248000
2020-08-19,22.552143096923828,23.026248786004885,22.473125482076988,22.855866288645412,6243600
2020-08-20,23.176876068115234,23.255893681801012,22.354597789369524,22.41386052865173,4279600
2020-08-21,23.485538482666016,23.569493871439576,23.097858028308462,23.223792995397286,4805200
2020-08-24,23.789264678955078,24.176947066369163,23.399116228848435,24.038664814500304,5148400
2020-08-25,24.159658432006836,24.172005699956998,23.581842463368144,23.64851281208469,4954400
2020-08-26,25.184419631958008,25.216521775222358,24.35226576425949,24.36708097873313,6337600
2020-08-27,25.01650047302246,25.515300582145947,24.63128992517003,25.374550429359243,9339600
2020-08-28,25.278255462646484,25.39184317445566,25.014040117281326,25.241215540899677,5770000
2020-08-31,25.720256805419922,26.0141025339718,25.30541389294772,25.389369277125862,6781200
2020-09-01,26.569700241088867,26.5919249480144,25.856071815728278,26.172142302319013,7399200
2020-09-02,27.06602668762207,27.169736947508273,26.033858097309412,27.157391564528538,10671200
2020-09-03,24.29053497314453,26.322770344364585,23.78679692088972,26.261037767626426,21334400
2020-09-04,23.64604377746582,24.56709265273291,21.68294695123123,24.04360167287982,22371200
2020-09-08,21.391571044921875,22.766972729900278,21.342185738876267,21.794068636515387,14596800
2020-09-09,22.638565063476562,22.99167539115711,21.88048928244706,22.270639523870262,15787600
2020-09-10,21.710107803344727,23.34972456364544,21.445892502981074,23.152181487856073,15222800
2020-09-11,21.436016082763672,22.191623988164007,20.87548520018016,22.07062679973513,15321600
2020-09-14,22.181747436523438,22.510165160059206,21.845922106038948,22.05334263631721,10220400
2020-09-15,22.81389045715332,23.04600554395244,22.529920232991806,22.78919780373247,9455200
2020-09-16,22.060749053955078,23.0213095216393,22.03358845791686,22.92747481487148,11146800
2020-09-17,21.40391731262207,21.71998777796437,20.808814417775572,20.942156998578465,12571600
2020-09-18,20.83844757080078,21.65578624935391,20.176674300827443,21.59405367522926,16731200
2020-09-21,21.018705368041992,21.018705368041992,19.84825452583127,20.22852736964628,15192800
2020-09-22,21.77184295654297,21.87061544814636,20.850794040868163,21.403917356347137,9837200
2020-09-23,20.43347930908203,21.75208601217402,20.30754434716961,21.734800969082386,11753600
2020-09-24,20.63843536376953,21.149581020250945,19.99394711638922,20.045802254417335,14940400
2020-09-25,21.61627960205078,21.724929541501893,20.47299294292467,20.714983592156454,9966800
2020-09-28,22.48299789428711,22.4978131050319,21.96444291108197,22.39657080780084,7680400
2020-09-29,22.280521392822266,22.576836993863157,22.199033943160995,22.423739532432464,7970800
2020-09-30,22.631160736083984,23.117613693353444,22.282988133962927,22.307680785392492,11083200
2020-10-01,23.317623138427734,23.438618431121665,22.92747289872113,23.238605535290926,10772400
2020-10-02,22.003957748413086,22.90278383106906,21.85579995486304,22.285458121336738,15080400
2020-10-05,22.95710563659668,22.98426811480227,22.310147703589113,22.320025139657353,8582000
2020-10-06,22.105194091796875,23.102792480063638,21.957036325682214,22.79906934211781,11046000
2020-10-07,22.915132522583008,23.00649552758562,22.463249622840006,22.547205020294154,5386400
2020-10-08,23.1225528717041,23.290465549103587,22.94229480980576,23.27565033413349,6250000
2020-10-09,23.823833465576172,23.83370901859667,23.332440867989625,23.38429599902534,8204400
2020-10-12,25.288131713867188,25.7795224597884,24.446098526985303,24.62882641271731,11895200
2020-10-13,25.270843505859375,25.725196192700423,25.051075711244078,25.611608491972287,10455200
2020-10-14,24.86835289001465,25.601736259209883,24.564629644222585,25.441231170623333,9660000
2020-10-15,24.517709732055664,24.63870505164932,23.927546465312993,24.031256739250413,9642000
2020-10-16,24.260900497436523,25.06836170033103,24.22386057790663,24.82390124571946,10963200
2020-10-19,23.443561553955078,24.754760747288486,23.290464101044357,24.5917858570356,9526400
2020-10-20,23.589250564575195,24.095458418275484,23.327505057121837,23.599128002356462,10346800
2020-10-21,23.529987335205078,24.048540562461554,23.446030057764904,23.601597344691857,7973200
2020-10-22,23.537391662597656,23.818892000566443,22.976860816692323,23.67814183158205,9636000
2020-10-23,23.643573760986328,23.643573760986328,23.132428168612485,23.643573760986328,6109600
2020-10-26,22.895374298095703,23.705305259707153,22.2978035134834,23.2163825097972,13420000
2020-10-27,23.248483657836914,23.399111262629155,22.873148618905056,23.06575579842258,9899200
2020-10-28,21.448366165161133,22.599060391911515,21.408856412587177,22.515104993584902,16731600
2020-10-29,22.161996841430664,22.683019981954654,21.589118558324095,21.678013626731055,11930800
2020-10-30,21.112537384033203,22.001485949733134,20.695224638731485,21.865675436099313,14191200
2020-11-02,21.171798706054688,21.71257654615788,20.69275531120923,21.433546047162856,8594800
2020-11-03,21.8804931640625,22.22372611670623,21.302675305385264,21.443425495433925,8650800
2020-11-04,23.838651657104492,24.130029489750008,23.03859800357545,23.307751129327233,12656400
2020-11-05,25.093055725097656,25.24615129294242,24.68562038642101,24.93995827332437,10176000
2020-11-06,25.135032653808594,25.238742916074344,24.307816618049642,24.95230477973154,7578400
2020-11-09,24.070762634277344,25.873352406454647,24.0263151120084,25.584444453670724,14152400
2020-11-10,23.246017456054688,23.76951035145988,22.764504141926967,23.529987667637354,11485600
2020-11-11,24.275718688964844,24.342390929081358,23.571967667299855,23.623822807430034,7230400
2020-11-12,24.04606819152832,24.651048462682944,23.843585452414427,24.406586147319967,6288800
2020-11-13,24.488075256347656,24.5596852631538,23.947299227732707,24.31522481504215,4542000
2020-11-16,24.814022064208984,24.890571728238122,24.307816145974112,24.404118799626108,5726400
2020-11-17,24.65351676940918,24.927609514452392,24.56215377701372,24.870816608465226,4220000
2020-11-18,24.305347442626953,24.8609405704981,24.300409665974424,24.579440203091,5259600
2020-11-19,24.673274993896484,24.744885006590735,24.10039677627113,24.216454318088413,4780800
2020-11-20,24.357202529907227,24.804145731307248,24.347325092692,24.69055802922492,3907200
2020-11-23,24.354732513427734,24.747352633035177,23.971991714888507,24.527584837479953,6552800
2020-11-24,25.051076889038086,25.12268689841515,24.2288004642453,24.534993492948704,5338800
2020-11-25,25.36467742919922,25.456040422640736,25.063422200824796,25.206642208400904,5023600
2020-11-27,25.814090728759766,26.0066960385049,25.633830802194336,25.67087071959035,3326400
2020-11-30,25.880760192871094,25.96718729183238,25.083176500516714,25.863475149864513,5148000
2020-12-01,26.61908531188965,26.86601559536199,26.12275491461025,26.300545020138905,4608000
2020-12-02,26.63884162902832,26.70551386889084,26.031393281909036,26.354873274720397,4815200
2020-12-03,26.7005672454834,26.99441484574358,26.58944938659135,26.67340476727809,5140400
2020-12-04,26.95244026184082,26.954910092124592,26.599329888401876,26.725264857875093,3401200
2020-12-07,27.23641014099121,27.298142709865687,26.935154903455196,26.964785330800712,3628000
2020-12-08,27.40432357788086,27.47099392522025,26.82650573724911,27.152453634757507,3881600
2020-12-09,26.201770782470703,27.424074850567358,25.982002995551735,27.394444424241115,8483600
2020-12-10,26.372156143188477,26.586984293176087,25.621487823629813,25.811623321012124,7340000
2020-12-11,26.275848388671875,26.28819377061845,25.680745591355848,26.080773268204606,6267200
2020-12-14,26.61908531188965,26.99688834417376,26.4561104205122,26.4561104205122,5519200
2020-12-15,27.211713790893555,27.211713790893555,26.663530198359698,27.058618236012716,3863600
2020-12-16,27.512971878051758,27.66112967213408,27.110476192074536,27.295673905659584,5317200
2020-12-17,27.871021270751953,27.915468796331975,27.589520903387974,27.81422647764972,4388400
2020-12-18,27.678415298461914,28.041403126146527,27.268511996754434,28.004365089793897,7573200
2020-12-21,27.6068058013916,27.69816879842953,26.64624717181947,27.162330547944737,7365200
2020-12-22,27.740150451660156,27.91794057840727,27.231474609856082,27.76731293679812,6357600
2020-12-23,27.46358871459961,27.816699124706215,27.438896060983293,27.754966548701066,4632800
2020-12-24,27.703107833862305,27.78212544558888,27.508032692802974,27.51544029953852,2612400
2020-12-28,28.266109466552734,28.35006485750721,27.851266520597108,28.17721441499592,4510800
2020-12-29,28.317964553833008,28.624157573187833,28.150051888265164,28.513039700884516,4793200
2020-12-30,28.29327392578125,28.58465175204513,28.196971260517895,28.525387124245633,3214800
2020-12-31,28.424144744873047,28.530324840866868,28.10313462658609,28.30067960459784,4652000
2021-01-04,27.62409210205078,28.722931134267064,26.905524056946568,28.698238482158676,10180000
2021-01-05,28.073503494262695,28.127828456049325,27.451238147888464,27.45864575469055,8942800
2021-01-06,27.320363998413086,28.095724869284677,27.03392587454005,27.233938783620722,9966000
2021-01-07,28.653789520263672,28.784662265421822,27.799410989372795,27.799410989372795,6424400
2021-01-08,29.374826431274414,29.429151395317444,28.653790452352624,29.06369374516433,9081200
2021-01-11,28.500694274902344,29.024187179952005,28.387106564962338,28.80194953705693,8142800
2021-01-12,28.431554794311523,28.725402456267027,27.935224360267267,28.53032729180258,6837200
2021-01-13,28.799476623535156,28.950104238487338,28.367348652360832,28.47599857368462,4868400
2021-01-14,28.483409881591797,29.071105204470776,28.41179986813475,28.87849798693353,5456400
2021-01-15,28.04140281677246,28.631566052575565,27.831512449399273,28.463653381891298,5389200
2021-01-19,28.871084213256836,28.947633871391652,28.27351346380651,28.46858858626574,6685200
2021-01-20,30.19216537475586,30.37242531326724,29.466191611754077,29.520516576344594,5584400
2021-01-21,30.700841903686523,30.81936738207947,30.194634080416215,30.387239395751138,6775200
2021-01-22,30.508241653442383,30.698377170065303,30.37242922447685,30.508241653442383,5576800
2021-01-25,31.049013137817383,31.412000953863544,29.755098987360775,31.16013289509826,14268400
2021-01-26,31.093460083007812,31.31569770948884,30.84406185922269,31.152724706021758,9333200
2021-01-27,29.419275283813477,30.651456932058743,28.977269828366474,30.648988985529964,12130800
2021-01-28,29.71312141418457,30.636640145373484,29.476068568506975,29.577309004923606,9271200
2021-01-29,28.488346099853516,29.58718505440638,28.117950692620624,29.374824870211913,11287200
2021-02-01,29.888442993164062,30.05882549877481,28.750094187820746,29.10814236032567,9096400
2021-02-02,30.868755340576172,31.063830491072288,30.409464861469587,30.44650478086758,6991600
2021-02-03,30.602069854736328,31.315698217395774,30.592192417407137,31.23668060269077,7540400
2021-02-04,31.33298110961914,31.335450939763934,30.614415019614423,30.883568103615993,4824400
2021-02-05,31.552753448486328,31.73054356600459,31.194705266877204,31.520653187684463,7433200
2021-02-08,31.947843551635742,31.9824136430642,31.555223393371595,31.868824046737917,5049200
2021-02-09,31.937963485717773,32.18736549536743,31.772520640030876,31.772520640030876,3492400
2021-02-10,31.782394409179688,32.29847773184044,31.16506689493277,32.20711097641078,5258800
2021-02-11,32.135498046875,32.21698547001208,31.67126803670841,32.100927967470426,4302000
2021-02-12,32.49108123779297,32.528119266429755,31.770045393430966,31.979933835466788,3381600
2021-02-16,32.32317352294922,32.831853086436595,32.08859050051923,32.649123315017405,4618800
2021-02-17,32.00957489013672,32.05896019486107,31.281129399916505,31.72807450856495,6291600
2021-02-18,31.71819496154785,31.86141498173096,30.942834002527032,31.295944392190293,5330400
2021-02-19,31.451513290405273,32.00710458679713,31.258906072060707,31.98982142491745,4489600
2021-02-22,29.82176971435547,30.834185390807463,29.7896694554941,30.584785275258138,8728800
2021-02-23,29.636568069458008,29.955108321182784,27.70804340072368,28.80194449440986,17403200
2021-02-24,30.120555877685547,30.18722622323778,28.61674951808757,29.12789511374967,9657200
2021-02-25,27.98707389831543,30.098328309573706,27.72532843366978,29.601997974828073,16296800
2021-02-26,28.283390045166016,29.142706229300565,27.6784098240392,28.557482763535198,19246400
2021-03-01,29.955110549926758,30.014375171351272,28.93528920966769,29.194566747596696,8928000
2021-03-02,28.98467445373535,30.085983233359077,28.94516659012451,30.071168019996065,7660000
2021-03-03,27.3154296875,28.957514628664367,27.295674811918847,28.78466417715084,11431200
2021-03-04,26.399320602416992,27.809292460120012,25.702975312891947,27.22406694152991,26453600
2021-03-05,27.209245681762695,27.35740345950414,25.285658749414182,26.88082798708477,17203600
2021-03-08,25.660995483398438,27.438894715525212,25.584447695762737,27.098129706971722,11614000
2021-03-09,27.690757751464844,28.01423577221984,26.853664364740304,26.937619744445644,8753600
2021-03-10,27.525320053100586,28.569834137147588,27.401854906641127,28.463654035835305,14217200
2021-03-11,28.80194854736328,29.10320379916612,28.22166274924774,28.392045250267383,8259600
2021-03-12,28.320430755615234,28.34265357365722,27.591985393410354,28.021645381504943,9356400
2021-03-15,28.93282127380371,28.95257614890531,28.07350493009847,28.372290351278,5027200
2021-03-16,29.248891830444336,29.890912085737828,28.969861283500858,29.325441500718348,7150400
2021-03-17,29.48100471496582,29.83164524539495,28.342656022239773,28.66613407231877,8042000
2021-03-18,27.663597106933594,28.732805599585273,27.587049328137624,28.557485338644838,12377600
2021-03-19,27.912996292114258,28.142641504957414,27.24628347228171,27.643841334127693,9916800
2021-03-22,28.91553497314453,29.273585004077198,28.28092423851601,28.28092423851601,8472000
2021-03-23,28.616748809814453,29.347662182182635,28.50069128160664,29.093324305775788,9600400
2021-03-24,27.668535232543945,28.913062033178985,27.663595572550083,28.913062033178985,8714800
2021-03-25,27.589521408081055,27.856204682511095,26.885768592868896,27.33765146387731,10858000
2021-03-26,28.411800384521484,28.466125353229963,27.298146061712572,27.54507636753022,8796400
2021-03-29,28.387102127075195,28.58464708630518,27.777184090675608,28.315492126452536,8086400
2021-03-30,28.11054039001465,28.211782702686293,27.606804308585172,28.031522780777827,6412400
2021-03-31,28.937761306762695,29.24395433906167,28.36982088582217,28.436493119165515,6393600
2021-04-01,29.95265007019043,29.974872895817946,29.636577662255075,29.688434689910473,6406000
2021-04-05,31.152725219726562,31.286065913885444,30.374894456180876,30.42427975891168,7248400
2021-04-06,31.08605194091797,31.471262564234074,30.965056634555843,31.078644334150887,5124000
2021-04-07,31.239152908325195,31.40212592734914,30.82924770436217,31.01197559960983,4508400
2021-04-08,31.8959903717041,31.93056046729573,31.641652432453295,31.807095301917364,3505600
2021-04-09,32.28614044189453,32.313302928735865,31.498432091353585,31.629304863991532,5977600
2021-04-12,32.19230270385742,32.27872981787583,31.8243789603022,32.073777212285485,3947200
2021-04-13,32.94296646118164,33.031861504336376,32.46145321403379,32.49108363913313,4570000
2021-04-14,32.15032196044922,32.99482307268387,31.98981878430393,32.99482307268387,5747600
2021-04-15,33.1158332824707,33.19238109711273,32.693580676471086,32.713335558936535,6026800
2021-04-16,33.20471954345703,33.239289636617826,32.83432407336673,33.22447442067142,4457600
2021-04-19,32.592323303222656,33.115814199389085,32.20958068271046,32.89604643940824,6363600
2021-04-20,32.09600067138672,32.7182661082186,31.720669312663055,32.449112974331136,6347600
2021-04-21,32.6639404296875,32.698510521658086,31.6614039946831,31.866356599886362,5561200
2021-04-22,31.878700256347656,32.77999425992986,31.646585193194234,32.57750962429151,7203600
2021-04-23,32.67875289916992,32.92815489758269,31.999694617777276,31.999694617777276,4764400
2021-04-26,33.101009368896484,33.14545501687657,32.5775145406997,32.725674236348475,4052800
2021-04-27,32.797279357910156,33.18248996554071,32.6170175529661,33.14791987941635,4010800
2021-04-28,32.53800582885742,32.942971359475195,32.46145804073108,32.74542637110761,5616400
2021-04-29,32.809627532958984,33.31089573713367,32.184894179620926,33.224472393433715,6563200
2021-04-30,32.365150451660156,32.81702950427505,32.21205113084884,32.32564070642778,4820000
2021-05-03,32.03426742553711,32.76024312538635,31.952779972711433,32.61455514966353,5927200
2021-05-04,30.876163482666016,31.58979186531352,30.130432956817348,31.528059293223397,9809600
2021-05-05,30.653928756713867,31.436697392991675,30.527993770193444,31.273724366843574,6844000
2021-05-06,31.13296890258789,31.160131383009883,30.192163292549257,30.624291265172026,7207200
2021-05-07,31.62189292907715,32.098470357023196,31.42681777023804,31.66387062702352,5674800
2021-05-10,30.014375686645508,31.39471501992367,30.002028419321306,31.365082708702676,8011200
2021-05-11,29.95758056640625,30.100800576513333,28.792069379475524,28.9056570786861,8990000
2021-05-12,28.4068603515625,29.448906460793335,28.243885458378802,29.00690102240768,9091200
2021-05-13,28.846393585205078,29.382231810030415,28.399450406812235,28.942696238185544,9386800
2021-05-14,30.10573387145996,30.281054112660215,29.332842912265345,29.436553159071998,8473200
2021-05-17,29.742753982543945,29.908198715892198,29.20444585135673,29.769916466350583,6804800
2021-05-18,29.332847595214844,30.147716372410347,29.29333784692662,29.927948578360443,6408800
2021-05-19,29.401988983154297,29.46125172410179,28.26364021767779,28.327842619329235,13063200
2021-05-20,30.540334701538086,30.703307693865572,29.64891631019871,29.678548619680242,9842800
2021-05-21,30.19463348388672,30.915669428972546,30.130431085400634,30.841591477422575,10658400
2021-05-24,31.219392776489258,31.429283120228476,30.56749704227915,30.641574989754442,6468000
2021-05-25,31.300884246826172,31.646587031367154,31.073706947086972,31.513244448018693,5461600
2021-05-26,31.508302688598633,31.607075175307166,31.29594250155026,31.4342247365136,4153200
2021-05-27,31.281131744384766,31.59226446246719,31.251499428972092,31.42435177631955,3494400
2021-05-28,31.4539794921875,31.784867058644142,31.41940940248841,31.513244117896164,5952400
2021-06-01,31.261375427246094,31.82437809057708,31.00950735159246,31.73548303236317,4544400
2021-06-02,31.379899978637695,31.542872981427095,31.049012428602182,31.34532989065423,3727800
2021-06-03,30.70330810546875,31.078643161552993,30.40699254239458,30.826773237404385,4663800
2021-06-04,31.784868240356445,31.85400842232515,31.053954784799338,31.073707776841353,6406800
2021-06-07,31.947843551635742,31.9675984278602,31.53299868663691,31.641648621942732,4148600
2021-06-08,31.972524642944336,32.46638509549213,31.66139391426747,32.3034140097221,4288400
2021-06-09,32.002166748046875,32.40713226859094,31.96759665853179,32.25897258903648,3653000
2021-06-10,32.6738166809082,32.68863189495207,31.992286692033712,32.07130619074377,3531600
2021-06-11,32.83184814453125,32.83678403674165,32.540468486281625,32.6688732730284,2649600
2021-06-14,33.459049224853516,33.463988884905014,32.69356393470683,32.92567897499092,3428600
2021-06-15,33.01457595825195,33.45905119261078,32.88617116435788,33.389911019250164,3032000
2021-06-16,32.777530670166016,33.32571625919818,32.09600060387873,33.11335604211493,6306400
2021-06-17,33.60721206665039,33.809692933660095,32.57010189329109,32.5799812143298,5353800
2021-06-18,33.08371353149414,33.51337351891593,32.935557643589654,33.29113780313092,5902200
2021-06-21,33.483741760253906,33.552881925424735,32.67874677341914,33.12322195512907,7340200
2021-06-22,34.11094665527344,34.20478136168456,33.389910733639766,33.454111246109214,3735800
2021-06-23,34.13563919067383,34.37762978120031,33.98747953320894,34.10600499846689,4704800
2021-06-24,34.56035614013672,34.876426528457564,34.4319513674263,34.550476821082555,3644800
2021-06-25,34.48627853393555,34.733208776164176,34.36281341282123,34.67888382144536,3307400
2021-06-28,35.31596755981445,35.34559798590406,34.73321198362569,34.76778207001583,2578400
2021-06-29,35.567832946777344,35.577712267164415,35.11842183344112,35.276457048923504,2170400
2021-06-30,35.4641227722168,35.617222095717956,35.34065764208892,35.538202603864875,2516400
2021-07-01,35.48882293701172,35.58265765651345,35.113487826862155,35.38017300240074,3110000
2021-07-02,36.28887939453125,36.35801957871961,35.834524768333836,35.87403452154361,2966600
2021-07-06,36.595069885253906,36.66421006816318,35.859218642658156,36.41234387378971,2962400
2021-07-07,36.72346878051758,37.11855870593989,36.358013048608846,37.05929408676951,3650200
2021-07-08,36.32838439941406,36.491359301112716,35.42462236824142,35.69130377556623,6300600
2021-07-09,36.76791763305664,36.86669200697493,36.071576194253936,36.19010167509878,3614200
2021-07-12,37.049415588378906,37.14818995585451,36.723469595351546,37.0543552487169,3513200
2021-07-13,37.03459930419922,37.67661948672475,36.87162819632701,36.9753384532845,5558200
2021-07-14,37.16301727294922,37.67169318558877,37.00992166332009,37.548228011924486,4879000
2021-07-15,36.6395149230957,37.18770042773619,36.23454942819396,37.15806623298743,5503400
2021-07-16,36.05182647705078,37.034608089027785,35.987625950712186,36.84200274215434,4855200
2021-07-19,35.45919418334961,35.56784035524017,34.93076346827643,35.32584970534695,13662600
2021-07-20,36.283939361572266,36.58519463295888,35.3110333639326,35.666613603461556,7660800
2021-07-21,36.81731414794922,36.84200492052813,36.15059923473485,36.20492420940947,4796800
2021-07-22,37.33091354370117,37.33091354370117,36.89631765829863,36.89631765829863,4153800
2021-07-23,38.180362701416016,38.25444254677472,37.350676722684916,37.61736190526178,4845600
2021-07-26,38.264320373535156,38.34333610906749,37.8692303923016,38.05689606106602,4782000
2021-07-27,37.424747467041016,38.209987608315565,36.5259215226482,38.20010828847956,8540200
2021-07-28,37.69144058227539,38.03220559964806,37.177825109662,37.65193083026113,6524600
2021-07-29,37.83959197998047,38.07664290442751,37.58278241599692,37.59266173576517,3819200
2021-07-30,37.43463134765625,37.55315682513285,36.98027677625812,37.00003165048039,4870600
2021-08-02,37.42969512939453,37.903800850759524,37.31610553413437,37.78527536238261,9445200
2021-08-03,37.88404083251953,37.90379570587714,36.90125943208367,37.59266492817267,5711400
2021-08-04,38.007503509521484,38.20010880249328,37.65192334777152,37.87909872492142,3463000
2021-08-05,38.48655319213867,38.521123280265655,38.022323064841736,38.165543077898384,3099200
2021-08-06,38.13591384887695,38.407534901880766,37.903798777933446,38.200114366599934,3444800
2021-08-09,38.27418899536133,38.387778568946416,38.002564211477406,38.23467925082247,2604800
2021-08-10,37.88898849487305,38.442109994276514,37.62724296135424,38.377909468197934,3344000
2021-08-11,37.7655143737793,38.2544352310746,37.464259156694126,38.15072497454873,2856600
2021-08-12,38.03220748901367,38.0964080133332,37.36055674283428,37.63711748495843,2949200
2021-08-13,38.279136657714844,38.353216502247584,38.0025721559831,38.09640687691507,2254400
2021-08-16,38.30876541137695,38.32358062606347,37.22227363198381,38.04208024344797,4969200
2021-08-17,37.63711929321289,37.93343492656188,37.123503770407716,37.72601436000336,4737200
2021-08-18,36.90620422363281,37.81984557827337,36.84199993432975,37.53340552654816,4988200
2021-08-19,37.27165222167969,37.617353061604454,36.44690609796164,36.496291393971376,10185200
2021-08-20,38.04702377319336,38.116163960665936,37.42969797943281,37.47414362801191,5549600
2021-08-23,39.17301940917969,39.321179084098205,38.25937812813431,38.25937812813431,3810000
2021-08-24,39.415008544921875,39.543413340495235,39.19771246917108,39.31129828352463,2759000
2021-08-25,39.45945358276367,39.62736433942316,39.30635426996982,39.4742687944858,3226400
2021-08-26,39.00017166137695,39.464401824860175,38.91621626478961,39.32611769371611,3864400
2021-08-27,39.765647888183594,39.84960704115897,39.034736419840875,39.13844667813856,3742200
2021-08-30,40.6595344543457,40.74842949196645,39.918743730125,39.918743730125,3975800
2021-08-31,40.57558822631836,40.69905337486311,40.23976287156234,40.69905337486311,3753200
2021-09-01,40.71879577636719,41.163270969661454,40.669410481080384,40.81263047491167,3672200
2021-09-02,40.66941452026367,41.07438001040604,40.40272937780061,41.00523983656638,3180400
2021-09-03,40.92622756958008,41.005243302995,40.407672454089074,40.407672454089074,2811800
2021-09-07,41.02499771118164,41.17315739045125,40.68423270957583,40.93116299645374,3041800
2021-09-08,40.7583122253418,40.990427296019774,40.24469678057412,40.990427296019774,4814600
2021-09-09,40.43730163574219,41.02993657343012,40.40767120760777,40.78300629135775,3812200
2021-09-10,39.83479690551758,40.98055332094406,39.77059261753793,40.86696372765049,5649800
2021-09-13,39.78047180175781,40.43730351909055,39.33599651975491,40.34347256967573,6193600
2021-09-14,39.54835510253906,40.26445141741754,39.350810122203136,40.101476526051115,5696600
2021-09-15,40.131103515625,40.219998552419895,39.15819777066323,39.66193380059667,3364000
2021-09-16,40.205196380615234,40.31878221744667,39.43477122256996,39.86443133440564,3707200
2021-09-17,39.252037048339844,40.10147400502641,39.01498233326803,40.10147400502641,5933400
2021-09-20,37.61735916137695,38.36308968597327,36.61482279517417,37.97787903963498,14432400
2021-09-21,37.69144058227539,38.24950170001183,37.47414071405429,37.99763550859991,7007000
2021-09-22,38.41246795654297,38.718662813959064,37.67661688820123,37.90873191922641,6998800
2021-09-23,39.11376190185547,39.34094111615789,38.516190968583146,38.64459579235022,6841200
2021-09-24,39.177955627441406,39.28166588362915,38.56062998261669,38.61989083309156,3990600
2021-09-27,38.57051086425781,38.74830097596063,38.012449760658924,38.521125559419744,6146800
2021-09-28,36.367889404296875,37.726005872123395,36.27405469716921,37.59266518586654,12348400
2021-09-29,36.278995513916016,37.07905096052987,36.13083960978106,36.649390926038855,7409000
2021-09-30,35.938228607177734,36.940768634043856,35.91847750196822,36.60494332763049,8754400
2021-10-01,36.42221450805664,36.639514349479924,35.26658266308417,36.096264745921715,9564600
2021-10-04,34.911014556884766,36.160481541783305,34.4369087306698,36.08640168221824,12422000
2021-10-05,35.844398498535156,36.29380962564759,35.07891316291229,35.09866803643525,8216200
2021-10-06,36.29381561279297,36.35308024313832,34.9900238880551,35.17769333355331,8508200
2021-10-07,36.96052169799805,37.50377131646891,36.82718100755509,36.9210157176286,5256200
2021-10-08,36.5851936340332,37.227210144224216,36.48148336164521,37.192640053428214,4585000
2021-10-11,36.027122497558594,36.995092407504316,36.007371392982,36.27899241126165,4333000
2021-10-12,35.78513717651367,36.40740256234597,35.64191715616338,36.32838306097042,4932400
2021-10-13,36.34813690185547,36.47654170400778,35.839461121763016,36.23948697448483,4573400
2021-10-14,37.68156051635742,37.72600615615872,36.955584923414534,37.088925610675304,5528000
2021-10-15,38.155662536621094,38.17541740837642,37.72600255362,37.93836271516906,3799000
2021-10-18,38.926090240478516,38.9606603298985,37.760578985951554,37.88404412928825,4577800
2021-10-19,39.49403762817383,39.51872840048734,39.0100525229635,39.15327256667005,3963600
2021-10-20,39.40018844604492,39.73107406297728,39.08411804063843,39.612548602913954,3802200
2021-10-21,39.88418197631836,39.91875206662056,39.158206312114764,39.232286153578706,3066600
2021-10-22,39.20265579223633,39.81010603025062,38.84707930055949,39.602685468141395,4902400
2021-10-25,40.00271224975586,40.205196922801626,39.09894636501256,39.51379126614789,4804600
2021-10-26,40.224945068359375,41.02006094973344,40.00764896269124,40.49656991026633,5430600
2021-10-27,40.4323616027832,41.108948094952154,40.30395681425392,40.36322143231129,3991600
2021-10-28,41.346004486083984,41.390450125547694,40.69904839262203,40.85708361269888,3595800
2021-10-29,41.7509765625,41.780606993485655,40.580525556419715,40.65460540174131,4382400
2021-11-01,42.032466888427734,42.047282100370474,41.38057118795131,41.84973714946866,4304600
2021-11-02,42.388057708740234,42.48682832510756,41.8843177688374,41.88925743001301,3240400
2021-11-03,43.28194046020508,43.365895853608514,42.25470956066379,42.476949079967035,4803400
2021-11-04,44.37831115722656,44.60054690676198,43.4350356591985,43.56344046250149,5058800
2021-11-05,44.467201232910156,45.00550738581202,44.15113080466642,44.7882113213049,5388000
2021-11-08,44.34867858886719,44.68943980385575,44.195579257288664,44.45732474411211,3865800
2021-11-09,43.721473693847656,44.66968504133735,43.420218458261296,44.59560897345297,5863000
2021-11-10,42.44731140136719,43.73135180439178,42.00777582741966,43.084391942538254,7582200
2021-11-11,42.68436050415039,43.148590550917646,42.595465468979135,43.114020468787515,4129000
2021-11-12,43.57825469970703,43.69184428620854,42.57571836713742,42.926358912114274,3584400
2021-11-15,43.56343460083008,43.909139214305426,42.9954942677222,43.83999527732506,4993600
2021-11-16,44.17582702636719,44.27954106306571,43.36096009006275,43.39059051891537,5156400
2021-11-17,44.215335845947266,44.674626322780036,44.00791531263107,44.24496627417612,3583800
2021-11-18,45.124046325683594,45.23763215858508,44.17089517583761,44.67957101293151,6605000
2021-11-19,45.622833251953125,45.91915257674976,45.30676282216967,45.49936812257344,4075600
2021-11-22,44.58078384399414,46.68957020228115,44.54621376112992,45.983349565606474,8661600
2021-11-23,44.161014556884766,44.76846476112136,43.14366291256546,44.304234585003265,8533200
2021-11-24,44.47214889526367,44.49683966474808,43.05970726646112,43.588137962002115,5404800
2021-11-26,42.694244384765625,44.14619565320067,42.44237820919158,43.82518553202092,9370400
2021-11-29,44.59066390991211,44.81289962235081,43.617758145776904,43.77579335120935,6771400
2021-11-30,43.26713180541992,44.92650388921826,42.82759612878037,44.38325792832353,13698400
2021-12-01,41.800357818603516,44.74376632670867,41.7213420876812,44.2746002982415,10846200
2021-12-02,42.41769027709961,42.79302542034847,41.20773321028304,41.5336792750025,12959800
2021-12-03,40.94104766845703,42.92142988303125,40.012587257028315,42.68931478017407,13186200
2021-12-06,41.612693786621094,41.88431484660924,40.12123271567284,41.034874040827944,9277400
2021-12-07,44.1165657043457,44.22027597209552,43.039949509031274,43.039949509031274,8152800
2021-12-08,44.486961364746094,44.52153145417648,43.73135529015536,44.16101157766773,6692400
2021-12-09,43.173282623291016,44.6104184408446,43.12389732844367,44.2103888865112,7616200
2021-12-10,44.106689453125,44.15607852794036,43.089337811932985,43.79555862821822,6575600
2021-12-13,42.82758712768555,44.156073201386256,42.74856763179903,44.09680857947137,6913800
2021-12-14,41.96828079223633,42.34855184482218,40.970680143150915,41.72628635455113,9612800
2021-12-15,43.84493637084961,43.919016202434655,41.00029872012376,41.874433950685166,11968200
2021-12-16,41.602821350097656,44.156083850829596,41.227489957686146,44.072124674236896,12277000
2021-12-17,41.17809295654297,42.086798364327926,40.49162706589873,40.81263718986392,13475200
2021-12-20,40.34840393066406,40.531133683812094,39.67181741369837,40.10641332514347,11559800
2021-12-21,42.15593719482422,42.23495292418599,40.259510708000626,41.069445483065074,8665800
2021-12-22,43.19304656982422,43.227616660266314,41.9534554390737,42.09173956869936,7392600
2021-12-23,43.85481262207031,44.17581892337863,43.23254735530463,43.26217777872226,7158600
2021-12-27,45.26232147216797,45.27219702559696,44.12150100647951,44.15113520248066,7256800
2021-12-28,44.89192581176758,45.55863681648621,44.664750405530114,45.48455697866034,8987400
2021-12-29,44.8524169921875,45.17836677823432,44.30423145591395,44.90180229580931,6671800
2021-12-30,44.54128646850586,45.291952884708394,44.4425120927837,44.79809230966912,5771200
2021-12-31,43.963470458984375,44.719080367848605,43.909149257553764,44.4128854289391,10505200
2022-01-03,44.877113342285156,44.92155898698456,43.80049710123118,44.27460281731128,12321800
2022-01-04,43.701717376708984,44.990693665331115,42.98068145287378,44.98081811255829,12080400
2022-01-05,40.98548889160156,43.56344174799843,40.96079812306745,43.31157179466406,19416000
2022-01-06,40.95585632324219,41.65713741298748,40.11135521919279,40.590400564451365,21080800
2022-01-07,40.05208969116211,41.31143559576569,39.671818727040815,40.936100524267616,14856400
2022-01-10,40.14592742919922,40.21506760970923,37.83465973939496,39.000171022074035,26443400
2022-01-11,41.326255798339844,41.336131352635455,39.489093735048066,39.92862937442237,21613000
2022-01-12,41.65219497680664,42.23001465611046,41.13364368494013,41.89418934753448,16403600
2022-01-13,39.54341506958008,42.08185805817665,39.34587009110398,41.91888316834459,21576200
2022-01-14,40.04221725463867,40.101478113585486,38.975476579308896,39.000171115774904,23671400
2022-01-18,38.0766487121582,39.22734472999968,37.87416784030317,38.7680542549906,19022800
2022-01-19,37.197574615478516,38.88164081534979,37.14818931651908,38.34333088347863,21533600
2022-01-20,36.21479797363281,38.693976477893735,36.11602359490577,37.85441498192892,18105000
2022-01-21,34.175148010253906,36.313565062087655,34.16033279684625,35.78019477227037,30147800
2022-01-24,34.589996337890625,34.65913651938615,30.802084615191113,33.098535239099014,40041000
2022-01-25,32.86148452758789,34.08132080321857,32.25403433632523,33.20224954472479,45231000
2022-01-26,32.915809631347656,35.15793719984619,32.09106333644533,34.39739142629632,26151200
2022-01-27,32.15032196044922,34.091194127539865,31.95277698129242,33.74055357926866,31453800
2022-01-28,34.209716796875,34.209716796875,31.562625974042618,32.51577505095746,34542600
2022-01-31,36.40245819091797,36.4666587015849,34.11588535771986,34.42701612644581,15154800
2022-02-01,36.83705520629883,36.97533932000702,35.5579582393169,36.61481947444583,14213600
2022-02-02,37.45438766479492,37.75564294484633,36.59013157858195,37.71613695876259,14866600
2022-02-03,34.382572174072266,36.09132919146474,34.18008754396642,35.4048633418372,20256200
2022-02-04,35.26164627075195,35.91354208758218,34.08625567541732,34.49616086232574,12168600
2022-02-07,34.70852279663086,35.84933959109886,34.436901723968546,35.35054309175524,13006400
2022-02-08,35.48882293701172,35.68142826914669,34.23441656371129,34.46159198705363,10682800
2022-02-09,36.99509048461914,36.99509048461914,36.061690707982535,36.3629459031821,10437000
2022-02-10,35.31102752685547,36.911134572373214,34.91100170744023,35.49869316987045,20919000
2022-02-11,33.08371353149414,35.60734096438981,32.802213199833396,35.2912705487657,20967000
2022-02-14,33.17261505126953,33.78994079110047,32.44170348530979,32.92568475533716,21453600
2022-02-15,34.79741287231445,34.81716774587338,33.95785146927302,34.16527198985641,12314800
2022-02-16,34.76285171508789,34.955457071940856,33.71092986090185,34.323316027104674,13161000
2022-02-17,32.698509216308594,34.244291506795136,32.6046744984812,34.09119592958815,12042400
2022-02-18,31.942895889282227,32.935556505731036,31.498420705211387,32.85159736084356,17350400
2022-02-22,31.295944213867188,32.407132395224785,30.604540536935183,31.36508439316753,18384000
2022-02-23,29.705713272094727,32.0466112584547,29.636571211579923,31.888576030849325,20689000
2022-02-24,31.69597053527832,31.76511071147268,27.7154537882017,27.774718411164155,31324600
2022-02-25,32.6738166809082,32.69356778772864,31.09840027805436,31.829311801837022,17812000
2022-02-28,32.92567825317383,33.177548160285625,31.8243714608016,32.046607176110705,15971200
2022-03-01,31.844127655029297,33.09359415472877,31.37495790521301,32.65405859794571,15366600
2022-03-02,32.89111328125,33.147922888218574,31.612016210689486,32.145382763898944,13087800
2022-03-03,31.952774047851562,33.44917458428295,31.607073191957227,33.44423492409682,13261400
2022-03-04,31.053951263427734,31.779924975705843,30.594660810798494,31.503364279191686,12057200
2022-03-07,28.74762535095215,31.251498466372396,28.70811748221425,31.039138255611185,15477000
2022-03-08,28.466123580932617,30.219328266297868,27.868552730201486,28.5994661638437,29354000
2022-03-09,30.550216674804688,30.767514658153342,29.493355304086087,29.96746102262606,15465000
2022-03-10,29.86374855041504,30.06623130387382,29.01430778764722,29.75016084812631,14806400
2022-03-11,28.59946632385254,30.4465057356346,28.515510928917664,30.392180770004448,11842600
2022-03-14,27.517908096313477,28.984672523346404,27.374688096914713,28.382163984927057,17040600
2022-03-15,29.21678924560547,29.36000925324321,27.685822336989823,27.972260468336867,17767800
2022-03-16,31.404590606689453,31.409528382971114,29.27605108290137,29.9427639166284,21507400
2022-03-17,32.135498046875,32.135498046875,30.787259298312605,31.04406694812373,13647600
2022-03-18,33.473873138427734,33.52325844821013,31.612020207842413,31.82931632445647,14640200
2022-03-21,33.28620529174805,33.730680586630484,32.42194923919895,33.30102050693456,13864000
2022-03-22,34.580108642578125,34.74802316259107,33.30595148650999,33.380027543134126,13091000
2022-03-23,33.587459564208984,34.71840076015554,33.58251990334081,34.02699518504472,12659000
2022-03-24,35.083858489990234,35.08879815113304,33.54795167817727,33.967732446736555,14963400
2022-03-25,35.03446960449219,35.271520565135205,34.17021361777297,35.05422447918862,13492000
2022-03-28,36.11602020263672,36.11602020263672,34.76778302839965,35.01471330023792,13447800
2022-03-29,37.33091354370117,37.464257989262634,36.328377327334614,36.90125731831928,13109400
2022-03-30,36.535804748535156,37.296346671529406,36.21479464096349,36.965461010922475,10161800
2022-03-31,35.51845169067383,36.6148227712953,35.44931151152267,36.545682592144146,18050400
2022-04-01,35.49375534057617,35.81970130990543,34.83691997408221,35.66660576127022,13742200
2022-04-04,36.9210205078125,36.92595640108846,35.582658697821614,35.636983666716894,10275600
2022-04-05,35.30609130859375,36.77285781325357,35.039406147032224,36.62963779494143,15053400
2022-04-06,33.73067855834961,34.43195966596307,33.22693866515443,34.20972014795679,18505000
2022-04-07,33.91340255737305,34.338122925454094,32.871356511018035,33.557822363830134,23844200
2022-04-08,32.95037841796875,33.71586005433811,32.84666814857124,33.57757969514143,16143000
2022-04-11,31.399656295776367,32.313297606914865,31.335453893458908,32.1305678375443,12651800
2022-04-12,31.152725219726562,32.64418246219651,30.876162626219852,32.303421235854,17267000
2022-04-13,32.387367248535156,32.589848061454106,31.05888151299459,31.18728627719684,9644600
2022-04-14,30.900859832763672,32.50590689919013,30.87616717775826,32.397256956451734,13048400
2022-04-18,30.999629974365234,31.38484063809511,30.42675175582369,30.703312485094916,10158600
2022-04-19,32.31329345703125,32.44169824517559,30.644044398653257,30.83171192074895,10597400
2022-04-20,31.370023727416992,32.57998250436481,31.167540968461292,32.505902665069165,11112600
2022-04-21,30.11562156677246,32.61455708053604,29.9230162188208,32.1305719960308,15518200
2022-04-22,28.50562858581543,30.347728019765427,28.441426193489022,30.1205526425222,17695400
2022-04-25,29.256301879882812,29.300749407883202,27.99201810426063,28.20437830649265,20252600
2022-04-26,26.999353408813477,28.9007175189662,26.98453819624357,28.876024870040236,17151800
2022-04-27,26.9697265625,28.006833026439086,26.6684713074136,27.038866742238792,22371200
2022-04-28,28.866153717041016,29.19703942931588,27.098131786953434,27.833984942263278,21608600
2022-04-29,26.27338218688965,28.742684988591147,26.179547474710734,28.120419627562395,21359800
2022-05-02,27.157390594482422,27.19196067987633,25.675809046989023,26.204239648214067,41917000
2022-05-03,27.24134635925293,27.606803975012664,26.73267062368274,27.152451314444573,15773400
2022-05-04,29.068635940551758,29.1674084397946,26.372157449615948,27.305553705406904,26193600
2022-05-05,26.179548263549805,28.28339536899233,25.527652454972042,28.253763056264766,21008600
2022-05-06,25.52271270751953,26.465986258004072,24.80661455195351,25.774580752506857,23935200
2022-05-09,23.497886657714844,24.954773821707267,23.26083192794418,24.55474796856745,20535800
2022-05-10,24.075700759887695,24.84612386241833,23.404050139824335,24.658456334123354,31727200
2022-05-11,22.628692626953125,24.594257596322894,22.500289699395637,23.69049367454435,29229400
2022-05-12,22.529918670654297,23.23613943630415,21.561952405822527,21.942225270705414,26040200
2022-05-13,24.17447853088379,24.35226866143345,22.969457372237798,23.231204790626492,13575400
2022-05-16,23.631223678588867,24.233734078880296,23.41886351730347,23.89790879516982,12234800
2022-05-17,24.85106086730957,24.91032360137885,23.962112320557026,24.569560525570072,12646200
2022-05-18,22.381759643554688,24.209044028257306,22.199031770262962,24.080639232160504,11742200
2022-05-19,22.159521102905273,22.895374109888227,21.848390330357663,22.090380931228026,17992400
2022-05-20,22.006425857543945,22.801539726990242,20.72238735137323,22.70276912830115,16167600
2022-05-23,22.742280960083008,22.801543706424965,21.8039469212752,22.18421793723743,13331600
2022-05-24,21.76937484741211,22.021242909386316,21.00388945615297,21.907655204266298,14160000
2022-05-25,22.391639709472656,22.707710192469165,21.512568443147533,21.537261096395007,13620800
2022-05-26,23.621349334716797,23.863339932046234,22.213845736730075,22.25829325843341,8656400
2022-05-27,25.186887741088867,25.186887741088867,24.110271604579026,24.130026478479575,13309200
2022-05-31,25.02391242980957,25.52765040209723,24.37695633401075,25.167132437249172,11966200
2022-06-01,24.658458709716797,25.74001269291279,24.288063277726973,25.389372136105283,11093600
2022-06-02,26.01657485961914,26.026452297045505,24.233737908624388,24.470790755071455,11470600
2022-06-03,24.623884201049805,25.34985972032167,24.431278912409084,25.11280502853344,10348600
2022-06-06,24.811553955078125,25.631362362790423,24.554746252382554,25.379492436486043,8605800
2022-06-07,25.2510929107666,25.35974096128749,24.06582672164184,24.24855461545628,7821400
2022-06-08,24.870819091796875,25.53259234386358,24.72759907156015,25.093056729417896,5292200
2022-06-09,23.5127010345459,25.088115507321863,23.507761374056948,24.569562307762816,7298400
2022-06-10,21.838512420654297,22.811416347205377,21.799002675450016,22.618811049155376,16818000
2022-06-13,19.828500747680664,20.860669315881847,19.690218520199632,20.480396487183686,19895600
2022-06-14,19.922334671020508,20.287792307107967,19.522306947132297,20.159387509052173,12524200
2022-06-15,20.89524269104004,21.468120912418364,19.9964165486004,20.40631986748373,19030800
2022-06-16,19.221050262451172,19.877885649053326,18.88522684681168,19.81368325486079,28909800
2022-06-17,19.66552734375,20.011230112452456,19.07289429510701,19.309947137778497,16117000
2022-06-21,20.658187866210938,20.989073532914734,20.307545441287168,20.317422878432904,14404600
2022-06-22,20.589046478271484,21.250819717209605,20.189020622418163,20.253221140068344,11397000
2022-06-23,21.201435089111328,21.32490023550311,20.539661829094225,20.964382234110538,10545400
2022-06-24,22.692890167236328,22.702767603227397,21.601458923255155,21.631089347300076,8389200
2022-06-27,22.307680130004883,22.949700351882623,22.134829691147637,22.860805302205044,7038600
2022-06-28,20.939687728881836,22.796602537386505,20.919932855064182,22.401514480675772,10029800
2022-06-29,20.998952865600586,21.206373412598975,20.549539796508732,20.910057807193084,10130800
2022-06-30,20.450767517089844,20.984137873195053,19.78899423299377,20.5248473611918,11290800
2022-07-01,20.71745491027832,20.776717661539113,19.981601703401957,20.23840947077059,12950600
2022-07-05,21.42860984802246,21.438487285501793,19.922335485102582,20.159388332820885,9101400
2022-07-06,21.690353393554688,22.016303149224644,21.22118740108565,21.48293287695933,9548800
2022-07-07,22.613876342773438,22.72746404976261,21.828637947562555,21.828637947562555,5611400
2022-07-08,22.687955856323242,22.89043863205796,22.040999659768488,22.164464812873284,6734400
2022-07-11,21.690353393554688,22.33237358437665,21.571827922336883,22.297803498277425,6936800
2022-07-12,21.280454635620117,22.189158270756426,21.038462097837215,21.89284264613909,7321400
2022-07-13,21.201435089111328,21.552075652721122,20.361871716861476,20.44088933519507,11671000
2022-07-14,21.34465217590332,21.463177645140618,20.31742139489544,20.79152703970137,9062400
2022-07-15,22.105194091796875,22.120011187158088,21.547133109967376,21.79900112396948,7206000
2022-07-18,21.734804153442383,22.757097327545385,21.56195369720177,22.534859681001254,7378000
2022-07-19,23.058347702026367,23.107734885885762,22.040996205592446,22.297803909876002,8199000
2022-07-20,23.789264678955078,23.981871899351482,23.013903671984338,23.13243104731069,9271800
2022-07-21,24.470788955688477,24.475728616002716,23.448497806337734,23.853463291398008,7491000
2022-07-22,23.611473083496094,24.668334337125128,23.3151556292911,24.337446795852152,8823200
2022-07-25,23.35960578918457,23.680615929814824,23.023780433547238,23.6065360869221,9322800
2022-07-26,22.416330337524414,23.10279620900056,22.29286519851278,23.073165781352014,4909400
2022-07-27,24.31275749206543,24.57944267237801,23.04847365808367,23.1225535028134,12328400
2022-07-28,24.772043228149414,24.880693143741162,23.66579485137695,24.27324493952323,11962600
2022-07-29,25.690624237060547,25.828904578514834,24.80661346235583,25.033788847295973,8710600
2022-08-01,25.660995483398438,26.223996247530234,25.21158242747493,25.394310315990126,5901400
2022-08-02,25.48814582824707,26.179549536827004,25.093057725640154,25.260970404739176,6476400
2022-08-03,26.875890731811523,27.019110746145994,25.76964413402102,25.779521571278075,6720800
2022-08-04,27.10800552368164,27.177145699854016,26.525249918902322,26.880830120849975,5514800
2022-08-05,26.678346633911133,27.028987165655128,26.115345918958024,26.25362626749291,10551200
2022-08-08,26.505495071411133,27.45864609287434,26.263504454562923,26.836382622764724,6903400
2022-08-09,25.898048400878906,26.22399631164307,25.631365116747222,26.17461100671129,5850400
2022-08-10,27.34012222290039,27.389507527713103,26.712919055350103,27.13763945888247,11302000
2022-08-11,27.028989791870117,28.0809133732385,26.905524644702467,27.74014836134146,6851400
2022-08-12,28.095727920532227,28.105605358142405,27.1969018212207,27.37962970718748,5083600
2022-08-15,28.52044677734375,28.609341827104295,27.903121089522458,27.903121089522458,4667600
2022-08-16,28.387102127075195,28.752559736472158,27.853733751439613,28.337716829231876,6352200
2022-08-17,27.730268478393555,28.23400454234104,27.379626083391205,27.824101297378213,8123400
2022-08-18,27.873489379882812,28.06115692053087,27.438893442705307,27.70063893713364,4834400
2022-08-19,26.77712059020996,27.43395416577145,26.638838350148156,27.335181675421175,6553200
2022-08-22,25.3597412109375,26.075839462086197,25.211583406820555,26.036331593488402,13726800
2022-08-23,25.315290451049805,25.77458090395643,25.181949763109063,25.310352674578404,6612000
2022-08-24,25.458511352539062,25.754828817282107,25.132563460071676,25.226398171674806,5331800
2022-08-25,26.3425235748291,26.34746135173093,25.567162610167106,25.740013060660438,7587200
2022-08-26,24.179412841796875,26.49068043972599,24.174475065068997,26.298075120553317,11767200
2022-08-29,23.70530128479004,24.134959343076993,23.522573448219646,23.70530128479004,9565000
2022-08-30,23.171932220458984,24.051005133287287,22.76696678800422,23.967047874207157,8286200
2022-08-31,22.90031623840332,23.75963453924639,22.885501022779234,23.62135416961161,17338000
2022-09-01,22.915132522583008,22.95958005180246,21.917533887602012,22.495349883526238,10762800
2022-09-02,22.258291244506836,23.57196002007689,22.011361009370148,23.3645395268476,13055400
2022-09-06,21.937284469604492,22.47065476163895,21.60639880926822,22.31755731471903,10722600
2022-09-07,22.816356658935547,22.96945221615355,21.966915952067687,21.99160860156139,11316400
2022-09-08,23.048471450805664,23.2509560891518,22.278050182255033,22.4755932760684,11207200
2022-09-09,24.04606819152832,24.125085799867197,23.389234675447987,23.399112111981395,6408800
2022-09-12,24.614009857177734,24.673272595605095,24.223859571013264,24.263369319250494,7567400
2022-09-13,21.9027156829834,23.38923706434259,21.774312762791247,23.1818146438124,12905800
2022-09-14,22.26323699951172,22.38670215088276,21.81382203994958,22.09038465723504,7933400
2022-09-15,21.492809295654297,22.322495090598782,21.26069425661378,21.9372826175635,9872400
2022-09-16,21.23106575012207,21.295266264820693,20.692757678391335,20.99895069011304,8808600
2022-09-19,21.571823120117188,21.58663832973922,20.82609283700858,20.835970271399262,8166000
2022-09-20,21.211307525634766,21.5619480065696,20.875482255916616,21.18167521927322,9361400
2022-09-21,20.445825576782227,21.98666981856776,20.435948140651305,21.3545289776154,15802000
2022-09-22,19.95196533203125,20.371746011422562,19.769235587136755,20.20877113904558,11582400
2022-09-23,19.300073623657227,19.626021552260802,18.80127335047482,19.591449576202056,13828600
2022-09-26,19.107463836669922,19.848254655287814,19.023508448178895,19.211175983062066,10924200
2022-09-27,19.15685272216797,19.942091134966205,18.811149932672325,19.60626578333371,13018200
2022-09-28,19.90258026123047,20.085308141573307,18.929676235679246,19.142034544012063,9776800
2022-09-29,18.781517028808594,19.369212317659414,18.31728876740243,19.31488735308377,13093400
2022-09-30,18.104928970336914,19.196360411019572,18.090113755644406,18.638299306410694,12365400
2022-10-03,18.959308624267578,19.17660849961745,18.14937752069118,18.341982858257673,12673600
2022-10-04,20.14950942993164,20.243344137196726,19.70503607925817,19.71491163209072,12115200
2022-10-05,20.114938735961914,20.381623868671824,19.20129752833116,19.58157035447047,10373800
2022-10-06,19.79393196105957,20.42113320844457,19.74454477517159,19.971720178470765,11859200
2022-10-07,18.277780532836914,19.132161054672977,18.095052632780806,19.122283616301196,12149800
2022-10-10,17.88762855529785,18.35679454000548,17.54192581609615,18.297531805376963,8529800
2022-10-11,17.44315528869629,18.06542066571377,17.18634756464939,17.675270360877416,14375400
2022-10-12,17.41352081298828,17.764163208068233,17.309810557677807,17.507355515922054,9579000
2022-10-13,18.20370101928711,18.386428903767783,16.28752146885463,16.40110917455497,22276800
2022-10-14,17.09745216369629,18.61360394140409,17.033251646934325,18.529648549979118,15657600
2022-10-17,18.258028030395508,18.356798648908622,17.902447775176174,17.902447775176174,12955800
2022-10-18,18.544464111328125,19.29513240722467,18.154313807105112,19.20623735350478,17131400
2022-10-19,18.386425018310547,18.811145322698184,18.04566197322027,18.30246964294136,9111800
2022-10-20,18.17900848388672,18.95930721445745,18.02097325025395,18.253086439942248,12220400
2022-10-21,19.048198699951172,19.10746143047771,17.867872445686395,18.025907649709314,12779800
2022-10-24,19.463045120239258,19.586510263575953,18.55434158992405,19.07289481515245,11592200
2022-10-25,20.258161544799805,20.307546850025837,19.586510843725428,19.586510843725428,8550600
2022-10-26,19.349454879760742,20.21864854606254,19.290192146222246,19.428472485788177,12766000
2022-10-27,18.63336181640625,19.393907658038056,18.574099066803296,19.186485208534453,9520800
2022-10-28,19.784053802490234,19.843316539466386,18.53952502242043,18.544462798864927,10842400
2022-10-31,19.300073623657227,19.566756922384716,19.043265879313694,19.44329176936929,9882600
2022-11-01,18.90991973876953,19.882823680854536,18.865472216669215,19.808745733306257,10109800
2022-11-02,17.616003036499023,19.33463922516417,17.606127484408745,18.91485667205231,16235200
2022-11-03,16.929540634155273,17.448095767286045,16.870277890113833,17.24561111428118,12666600
2022-11-04,17.467849731445312,17.7147800432766,16.741875895732885,17.576499671508287,13356600
2022-11-07,17.848121643066406,17.917261825097402,17.319690955911035,17.61106878299071,5524000
2022-11-08,18.095050811767578,18.539526074123838,17.56662015759322,18.04566550880735,9044400
2022-11-09,17.2456111907959,17.94689422012426,17.21104109962429,17.843183946609436,7479000
2022-11-10,19.79393196105957,19.838377602465986,18.638298186280004,18.929675989269295,16590200
2022-11-11,20.524845123291016,20.623615726086033,19.586509325310434,19.7791146382606,10517600
2022-11-14,20.154449462890625,20.707572744232547,20.02604466655239,20.228527414074872,19760200
2022-11-15,20.72239112854004,21.260699278800534,20.238407947817656,21.12241890828807,13337000
2022-11-16,20.144573211669922,20.47052111428012,20.02604584529868,20.43101136418018,6324200
2022-11-17,20.04085922241211,20.258157155828695,19.45810370414267,19.477856691596372,13683000
2022-11-18,20.045799255371094,20.505089705110077,19.70009650297541,20.48039705506648,8882000
2022-11-21,19.626018524169922,20.01122913928686,19.512428943064144,19.84331648173591,4776000
2022-11-22,20.18902015686035,20.213712807997055,19.423536668051426,19.72972968678929,8834800
2022-11-23,20.589046478271484,20.673003754786553,20.15445053324389,20.189020622418163,8342400
2022-11-25,20.307546615600586,20.450766636602868,20.243346096333585,20.351994143362376,2779600
2022-11-28,19.70503807067871,20.31248636340532,19.581572924581547,20.026046320174164,4054800
2022-11-29,19.413658142089844,19.793930976840578,19.21117539983851,19.73466635672183,4890400
2022-11-30,21.18661880493164,21.18661880493164,19.329702041933658,19.443289744808922,14528800
2022-12-01,21.22612762451172,21.502690229117984,20.81128465956663,21.221189847611882,7831000
2022-12-02,21.058216094970703,21.171803809123737,20.445829993977934,20.475460424843856,7703600
2022-12-05,20.327301025390625,20.914994426619728,20.12481826665383,20.727328766083183,6606600
2022-12-06,19.48773765563965,20.327301002096682,19.29019455783883,20.30754612713803,9560400
2022-12-07,19.319826126098633,19.60626617811158,19.09265070245789,19.3099486880366,11128600
2022-12-08,19.788990020751953,19.91245514535556,19.22598935398803,19.512427463425684,5958600
2022-12-09,19.532180786132812,20.021103469708205,19.458102847603787,19.635891030430333,7095400
2022-12-12,20.00628662109375,20.0112262807467,19.403778134477246,19.542058461909203,5270200
2022-12-13,20.440887451171875,21.591583413770145,20.050737172390864,21.566888879624965,16672200
2022-12-14,20.12481689453125,20.826097953196136,19.670466104510922,20.337177076279843,12088200
2022-12-15,18.77164077758789,19.621081621518698,18.59385254218887,19.51737134655376,13833200
2022-12-16,18.4012451171875,18.880290501787368,18.183947131518543,18.66299251611841,20766800
2022-12-19,17.902446746826172,18.440754876087887,17.714779191359412,18.430877438018197,7875200
2022-12-20,17.853055953979492,18.085169083536098,17.512291039046097,17.71971340690922,8547800
2022-12-21,18.376550674438477,18.544463337353736,17.87775234620907,17.991340047015203,7561800
2022-12-22,17.464683532714844,17.955042773620427,16.87526349842217,17.945136316389014,12134000
2022-12-23,17.54888916015625,17.61328019361393,17.028812387062562,17.281420457606227,7979600
2022-12-27,17.018905639648438,17.459732629250066,16.95946878102422,17.44982617123542,7173200
2022-12-28,16.56817054748535,17.271511991539043,16.53349889260741,16.969371665205408,7322000
2022-12-29,17.370573043823242,17.489448627590725,16.84058992384746,16.91983968320468,7830200
2022-12-30,17.355714797973633,17.3606670814341,16.82573166292586,16.994137642532102,6488200
2023-01-03,17.113012313842773,17.84607312281681,16.80096553310579,17.65290193599126,10744400
2023-01-04,17.276464462280273,17.489448543806866,16.855448582522996,17.390385872719076,10703200
2023-01-05,16.711807250976562,17.05357143234465,16.67713371511952,17.043664977737354,8770800
2023-01-06,17.633087158203125,17.781682107251168,16.553308028043404,16.929745794418988,9068400
2023-01-09,17.86588478088379,18.485024125631533,17.776728564083047,17.900556433032598,10445600
2023-01-10,18.168025970458984,18.168025970458984,17.652901557007556,17.722244864690744,7259400
2023-01-11,18.782209396362305,18.797070024791697,18.192789447325072,18.30175857164548,6547600
2023-01-12,18.960525512695312,19.109120489135513,18.257184019256457,18.846604083031146,13126400
2023-01-13,19.22303581237793,19.26761391325651,18.574177208359227,18.618755309237812,7118200
2023-01-17,19.28742790222168,19.485553245397124,19.039772167984026,19.193319403418162,5573000
2023-01-18,18.792116165161133,19.733208697599025,18.77230514269738,19.52517690129176,7323400
2023-01-19,18.41568374633789,18.717824096878545,18.25223002642037,18.559324550605353,8381800
2023-01-20,19.445926666259766,19.470693750292938,18.49988187376746,18.633616191801018,6992200
2023-01-23,20.29787254333496,20.456372130743535,19.440983558449812,19.53013981255015,15408800
2023-01-24,20.20375633239746,20.362255859623726,19.970959325143642,20.045256805171192,11212400
2023-01-25,20.094785690307617,20.19384835975297,19.188366705121332,19.554896125766888,12435200
2023-01-26,20.872425079345703,20.897190274995587,20.203755349482222,20.5801912359651,9152400
2023-01-27,21.28353500366211,21.575768853860843,20.669347934113407,20.679254390497153,11035400
2023-01-30,20.40683364868164,21.016066551146775,20.37711427924552,20.803082460513025,9410800
2023-01-31,21.035877227783203,21.040829510764393,20.411783762215606,20.42169021764116,10618800
2023-02-01,21.94725227355957,22.27911005692514,20.699067122083527,21.00120742602134,16668600
2023-02-02,23.49262237548828,23.77990203581184,22.4970452964969,22.88338951481237,15147200
2023-02-03,22.64564323425293,23.586733985882944,22.4128462158905,22.467330785248812,17743200
2023-02-06,22.26920509338379,22.601064788458014,22.061175165591397,22.254346352673895,13271600
2023-02-07,23.195438385009766,23.348983740310103,22.0760333401404,22.244439325232985,17696600
2023-02-08,22.348453521728516,23.116185940349727,22.25434502042717,22.97749933012388,8346000
2023-02-09,21.937345504760742,23.01712466273224,21.729313704413187,22.9923575776108,9880600
2023-02-10,21.659969329833984,21.922483791864384,21.293439917504358,21.620345396632803,9519400
2023-02-13,22.358362197875977,22.42770550987343,21.689692387085035,21.863050667078674,7921400
2023-02-14,22.66050148010254,22.814048727715544,21.813519255301085,22.105753120459088,12703800
2023-02-15,23.027029037475586,23.03198132037425,22.293966463906,22.39302912704755,9261400
2023-02-16,22.125564575195312,22.898251222541973,22.11070583430171,22.28406599906886,11092600
2023-02-17,21.808565139770508,21.922486560121236,21.377644655928453,21.813519312960757,7646400
2023-02-21,20.773365020751953,21.456895465570064,20.758506279385326,21.24886552858308,7102800
2023-02-22,20.803081512451172,21.100267635415157,20.570284519469297,20.86251835915131,9557600
2023-02-23,21.16465950012207,21.338019653327358,20.55047431761066,21.32315902396136,12213600
2023-02-24,20.436553955078125,20.60495995958033,20.18394589305663,20.436553955078125,12301000
2023-02-27,20.738689422607422,21.085407807812217,20.654487384916802,20.897188931935922,8575200
2023-02-28,20.669347763061523,21.03587908837339,20.59009800211076,20.639628394156233,6760600
2023-03-01,20.337488174438477,20.718878205620193,20.19879968798674,20.62476782383809,8565200
2023-03-02,20.684207916259766,20.778318312825977,19.936288364268524,19.96600773520472,8872200
2023-03-03,21.5262393951416,21.55100459461728,20.84271082018757,20.912054134504913,9703800
2023-03-06,21.55595588684082,22.130517129408474,21.536142974123194,21.704548953296303,8407200
2023-03-07,21.025972366333008,21.699596270632508,20.93681615020729,21.57081422980055,10278000
2023-03-08,21.243911743164062,21.313255056759587,20.812991230489313,21.075505743233393,8041200
2023-03-09,20.46626853942871,21.664923206151354,20.36720587358551,21.293439626336752,10255800
2023-03-10,19.89666175842285,20.71888065033874,19.748068688478597,20.495990100690662,30820800
2023-03-13,20.198801040649414,20.718879593111215,19.43602281666782,19.663865638253707,30307800
2023-03-14,21.129987716674805,21.204285194655128,20.580191670117788,20.699067256993636,13031000
2023-03-15,21.338022232055664,21.39250491477074,20.54057034354297,20.748600285173975,18626200
2023-03-16,22.452470779418945,22.506953456244382,21.085410007045564,21.184472683074027,16590200
2023-03-17,22.229578018188477,22.794232759047674,21.95220293080887,22.447514372188966,12643400
2023-03-20,22.393028259277344,22.437606361490403,21.818467102677406,22.150326727921968,8176800
2023-03-21,23.017127990722656,23.096377761965183,22.45742541849905,22.6753618170501,7240800
2023-03-22,22.38808250427246,23.755141554961742,22.378176046507456,23.01712840137319,24747800
2023-03-23,22.932920455932617,23.561966243336855,22.52676520571308,22.937874628682994,12797200
2023-03-24,23.08646583557129,23.1013245737021,22.501998202559626,22.848716578162616,7752000
2023-03-27,22.754608154296875,23.348982293648056,22.635734460104622,23.18553049176788,6827600
2023-03-28,22.52676773071289,22.685267266151754,22.175097004549382,22.685267266151754,7862200
2023-03-29,23.35393714904785,23.433186910646878,22.947781884669922,23.066655582336782,6727800
2023-03-30,23.76504135131836,23.85914983951161,23.502526907251912,23.705604510852258,8303200
2023-03-31,24.55259132385254,24.58231069456777,23.760093666081026,23.794765320517065,7233800
2023-04-03,24.42876434326172,24.468390172336278,24.012702585296484,24.215780235644782,8188000
2023-04-04,24.26531410217285,24.646702339802523,24.072141007050018,24.493156965798374,6524000
2023-04-05,23.760093688964844,24.126623147488385,23.47776628002036,24.09690566620799,8331400
2023-04-06,24.10186004638672,24.15139044580465,23.29945586114176,23.502533521897078,8803400
2023-04-10,24.047372817993164,24.05232699106608,23.34403139871196,23.621404627966108,6597000
2023-04-11,23.740280151367188,24.042420466202262,23.66103038759597,24.042420466202262,5338600
2023-04-12,23.30936050415039,24.111764626923577,23.24496947834939,24.03251486034676,8870200
2023-04-13,24.220731735229492,24.280168582816437,23.542153658213888,23.566920743383157,7159200
2023-04-14,24.116714477539062,24.389137294033908,23.67093529406831,23.95821496037658,6523200
2023-04-17,24.1414852142334,24.20587435381497,23.735328014417828,24.05728127017997,6663400
2023-04-18,24.156341552734375,24.537731626117903,23.963170374278793,24.473340603478245,6720600
2023-04-19,24.126625061035156,24.285124605313133,23.765047857559544,23.784860772960194,7118600
2023-04-20,23.755142211914062,24.19596920259806,23.547112261486696,23.65607952098803,10049200
2023-04-21,23.78485679626465,23.908684662619965,23.413373197198702,23.675887669243718,8053600
2023-04-24,23.68084144592285,23.953262369455505,23.35888824299855,23.7501847476079,5432200
2023-04-25,22.794233322143555,23.532246329931965,22.774420410527735,23.428231378143785,10007200
2023-04-26,23.05179786682129,23.51243771704187,22.98740684220351,23.27964070535997,7649800
2023-04-27,24.304935455322266,24.379232937029222,23.522344258135956,23.616452764096447,13067400
2023-04-28,24.636796951293945,24.64174923535416,24.087000836894482,24.255406836895546,7154800
2023-05-01,24.572406768798828,24.785390890538228,24.404000762992407,24.567452595104246,6884000
2023-05-02,24.131574630737305,24.60707317285448,23.864105992247673,24.562495066439542,7979400
2023-05-03,23.83439064025879,24.59717086099387,23.804673157284412,24.1959678356677,10127800
2023-05-04,23.651124954223633,23.94335882504808,23.482718962740673,23.77990511737484,7362000
2023-05-05,24.64174461364746,24.770524759158985,23.923542633950014,23.97307491258001,6692400
2023-05-08,24.75567054748535,24.810155119210574,24.394093349947646,24.557547065123313,5566600
2023-05-09,24.443618774414062,24.626885367374143,24.389136103238485,24.493151052023485,5099200
2023-05-10,24.973602294921875,25.102384329468816,24.433714630622678,24.820056955337048,9513800
2023-05-11,25.12220001220703,25.201449777030952,24.795294496125436,25.033043790597194,7098400
2023-05-12,24.938932418823242,25.26583792209757,24.612026915548913,25.18658816037844,7470200
2023-05-15,25.206405639648438,25.23612501422593,24.765578642132667,25.003327970361497,7146600
2023-05-16,25.250980377197266,25.51844904420564,25.07762210569005,25.07762210569005,5980600
2023-05-17,25.870119094848633,25.949368858279353,25.231166814365285,25.404526970876073,7689400
2023-05-18,26.801301956176758,26.840925888316953,25.909741754195935,25.914694037164768,10012800
2023-05-19,26.682430267333984,26.949898933726082,26.509071996226208,26.83597751421762,7781200
2023-05-22,26.84092903137207,27.014289186992393,26.632899111983754,26.637851395532497,6917800
2023-05-23,26.167301177978516,26.75672104145031,26.112816623727777,26.583360924337686,5407400
2023-05-24,25.889930725097656,26.093008351916836,25.56797751429157,25.85525907340633,7873200
2023-05-25,27.133161544799805,27.33623917059523,26.65766299017587,27.04895950239201,9238800
2023-05-26,28.524988174438477,28.653768327719572,27.28670947592919,27.311474672006707,9572800
2023-05-30,28.767690658569336,29.41654746540497,28.539845949750994,29.228328580542264,9288400
2023-05-31,28.391254425048828,28.837035521353812,28.2030355300019,28.49526938436553,8536000
2023-06-01,29.094594955444336,29.29767257123239,28.20798702015321,28.376392986133297,6621400
2023-06-02,29.52056312561035,29.708782014977707,29.07973621560163,29.376924233991662,8838800
2023-06-05,29.55523681640625,29.981205016191158,29.376926260428263,29.480941223781286,6077000
2023-06-06,29.545333862304688,29.698879229125474,29.21347415084201,29.44131700380829,5470200
2023-06-07,28.529939651489258,29.90690681014762,28.420972413935402,29.580001318559464,8243600
2023-06-08,29.218420028686523,29.292715604274658,28.524983319752444,28.564607248840176,6031800
2023-06-09,29.431407928466797,29.961392962866825,29.203565095766887,29.466081471190464,8509600
2023-06-12,30.436891555786133,30.44184383934134,29.55028353179532,29.71868951462339,5299600
2023-06-13,30.882671356201172,31.031266318190458,30.352688200865455,30.907438442841674,6533600
2023-06-14,31.333402633666992,31.38293491414395,30.407170717575905,30.88762344615421,9163200
2023-06-15,32.05656814575195,32.324036869807436,30.996601597973395,31.10556886782041,12554400
2023-06-16,31.64049530029297,32.50233803682214,31.581056567109442,32.47757095326407,6792600
2023-06-20,31.56620216369629,31.79899728751488,31.03621900153527,31.387889718583523,5751400
2023-06-21,30.704360961914062,31.417608847411245,30.531000801849604,31.3433113660317,6789600
2023-06-22,31.412654876708984,31.422561333587662,30.387360208059082,30.45670540620982,4765800
2023-06-23,30.778657913208008,31.17490675598504,30.48147175349111,30.704362318010542,5761000
2023-06-26,29.95148468017578,31.155091682723295,29.931671768245494,30.679591243712753,6571600
2023-06-27,30.97182846069336,31.085749882526812,30.075315826862955,30.214002446579595,10757200
2023-06-28,31.075841903686523,31.412651958959835,30.63501311611711,30.63501311611711,9968600
2023-06-29,30.93715476989746,31.11546720606387,30.65482737578844,31.021358704515315,6941800
2023-06-30,31.88814926147461,32.061511289239235,31.511713397084538,31.5612456749406,6290800
2023-07-03,32.04170608520508,32.135812712109406,31.799000699526356,31.987221511189635,3440600
2023-07-05,32.016937255859375,32.31412342047779,31.734609832632813,31.734609832632813,4058000
2023-07-06,31.521623611450195,31.586014635609782,31.001546913455822,31.333404712079407,7080200
2023-07-07,31.293779373168945,32.02188785143377,31.25910772081951,31.457231178607234,7112200
2023-07-10,31.333402633666992,31.427513021841555,30.80837368685438,31.229387678860338,9980800
2023-07-11,31.620685577392578,31.690028883635048,31.0114526718094,31.377982116080556,10915800
2023-07-12,32.423091888427734,32.64598434145237,31.977310761305496,32.319076921920384,11074400
2023-07-13,33.48801040649414,33.636605366241966,32.85401229890012,32.95307308611414,6168000
2023-07-14,33.47315216064453,34.14182193153122,33.31465263140527,33.5672587762096,7406600
2023-07-17,34.0823860168457,34.24583973274933,33.5127807663351,33.58707447453932,9326800
2023-07-18,34.65199279785156,34.889743985459845,33.61679355548628,33.973414668508305,12493000
2023-07-19,34.56283950805664,35.03833814469969,34.37957665225518,34.83526237333887,9836000
2023-07-20,32.997650146484375,34.32013081052385,32.81933772224012,34.042757607888994,10129200
2023-07-21,32.794578552246094,33.55735882249437,32.73018940864631,33.42857675636742,8124000
2023-07-24,32.89859390258789,33.13634512130172,32.576640623071675,32.96793722076954,10284000
2023-07-25,33.354270935058594,33.63164791428319,33.01250860724162,33.022413173426656,10330600
2023-07-26,33.12147903442383,33.41371098497254,32.70541543866317,33.15119651307581,6982200
2023-07-27,32.93821716308594,34.34985428571848,32.70542013640271,34.06752686119197,16236400
2023-07-28,34.13192367553711,34.31023237234118,33.56231458800149,33.646516651839335,8282600
2023-07-31,34.19135284423828,34.36966528970167,33.923884176043195,34.181448276791166,5744800
2023-08-01,33.9981803894043,34.12696243497243,33.62174259870419,33.91397834300185,5208800
2023-08-02,32.492435455322266,33.36418480201254,32.274500952844996,33.36418480201254,13333800
2023-08-03,32.37355422973633,32.74008361695971,32.02683775248802,32.05160105576223,7784200
2023-08-04,32.0615119934082,33.11652402716042,31.982260347097892,32.71532295976232,14143000
2023-08-07,32.606353759765625,32.61625832606815,31.962447361233615,32.38841551184529,6114800
2023-08-08,32.036746978759766,32.15562067697791,31.486950928476563,32.15067028295859,10888600
2023-08-09,31.32349967956543,32.111045029790404,31.19967180619335,32.08132377051088,7037800
2023-08-10,31.427513122558594,32.408229605585625,31.160044475515775,31.823761920327602,13651800
2023-08-11,31.01640510559082,31.31854541807952,30.758842902968706,30.971826995724236,8892800
2023-08-14,31.719745635986328,31.72469980857395,30.758840216016566,30.88762225080951,5633400
2023-08-15,31.031267166137695,31.6702175844049,30.91239157119061,31.526578681067498,5414800
2023-08-16,30.357641220092773,31.19471694542668,30.35268704716761,30.93715474775547,6374000
2023-08-17,29.679058074951172,30.64491567939071,29.619621236213316,30.59043112327141,9601400
2023-08-18,29.59981346130371,29.817751723585257,29.045065128108007,29.119362606515512,7514600
2023-08-21,30.560718536376953,30.66968577658024,29.77317321165758,29.847468799596637,8257000
2023-08-22,30.466609954833984,30.98668854859476,30.342782078122077,30.981734375426754,7614000
2023-08-23,31.4176082611084,31.60087298510424,30.620156452298563,30.64987582218846,8116200
2023-08-24,30.035690307617188,32.01693639006648,30.02578385046932,32.007031822382125,10530400
2023-08-25,30.526046752929688,30.803419969851525,29.61467356276509,30.189234798556033,14986600
2023-08-28,30.98668670654297,31.1204210321774,30.55081207737853,31.016404185930618,5851200
2023-08-29,32.31412124633789,32.37851415993963,30.887625484789883,30.932203595429723,8184000
2023-08-30,32.670745849609375,32.7698104162471,32.1556214398737,32.338888053958364,7393400
2023-08-31,32.82924270629883,33.141291342160685,32.65588445244586,32.66083862510638,5388000
2023-09-01,32.78466796875,33.32950983927442,32.50729097114034,33.270071101445204,5922400
2023-09-05,32.8441047668457,33.05708886566865,32.45776239663824,32.6212161006266,4413600
2023-09-06,32.264591217041016,32.75494855016288,31.90796632788806,32.69055941475961,6877200
2023-09-07,31.779186248779297,31.91291868513855,31.278920597798848,31.462185315646103,6219600
2023-09-08,31.85348129272461,32.249732003511404,31.694983653658678,31.75442050449133,6527200
2023-09-11,32.606353759765625,32.700460365882286,32.051603573662256,32.383461339230784,7382200
2023-09-12,31.883195877075195,32.54195716086521,31.82871132127606,32.309163979363326,7969800
2023-09-13,32.11600112915039,32.388424010534294,31.714799957409976,31.917879519701156,7316200
2023-09-14,32.626163482666016,32.78961337370545,32.041695875849975,32.39832069071076,7829400
2023-09-15,31.48200225830078,32.44786014212936,31.338361457792907,32.373562655118086,10794000
2023-09-18,31.561248779296875,31.744511612268788,31.27892138086887,31.31854531758792,5146600
2023-09-19,31.42255973815918,31.54143532520414,30.892576603571428,31.313592496953273,6375200
2023-09-20,30.596067428588867,31.738454607171445,30.576201291831424,31.688784528478422,10784400
2023-09-21,29.43878173828125,30.07454358066287,29.42388166220035,29.935471151321824,8599200
2023-09-22,29.463619232177734,30.089449025917,29.399049070504958,29.7417660176974,7559200
2023-09-25,29.726863861083984,29.741765833513085,29.1258700603622,29.284810538326308,5793000
2023-09-26,28.822887420654297,29.374212998838434,28.663946952403716,29.284808748607503,6881200
2023-09-27,28.976865768432617,29.27487871324575,28.360969949173356,29.00666782080197,9552000
2023-09-28,29.433815002441406,29.77653192425753,28.654012743240973,28.783153057024382,9031600
2023-09-29,29.478519439697266,30.233487665384295,29.259976753861537,29.995076945912597,11351800
2023-10-02,29.95037269592285,30.18381733780845,29.40401507267723,29.498385383682976,9423200
2023-10-03,28.892425537109375,29.895738493065792,28.619246707773907,29.523221390866524,10531000
2023-10-04,29.672229766845703,29.81130221211361,28.952029656514117,29.02156587914807,10016800
2023-10-05,29.478519439697266,29.711964098119957,28.89242571047602,29.66229590875001,6617000
2023-10-06,30.452030181884766,30.65070482061825,28.837789505415948,28.97189588128897,10872000
2023-10-09,30.769912719726562,30.859316974957764,29.806333945505827,30.069580650228783,6528800
2023-10-10,31.087793350219727,31.5497146991966,30.740110349577364,30.8146145264007,7793000
2023-10-11,31.539775848388672,31.574543953651844,31.03315244991434,31.321233201774493,6928000
2023-10-12,31.286468505859375,31.917264318932567,30.88911544003197,31.61924951956201,10319000
2023-10-13,30.511632919311523,31.505011814565762,30.26825425629749,31.405673546096363,9706000
2023-10-16,31.211963653564453,31.370904118550975,30.710308166210716,30.7351422586049,6193400
2023-10-17,30.998388290405273,31.271567107125563,30.213619949933175,30.57123506312052,8118200
2023-10-18,30.12421417236328,30.92885050468511,29.94043772220699,30.55136548329576,9828200
2023-10-19,29.58282470703125,30.586137636384926,29.44375037082149,30.382493140317777,16464600
2023-10-20,28.70368194580078,29.587788504295805,28.663945882860894,29.503352212628197,11697200
2023-10-23,28.857654571533203,29.448716194515494,28.12752241184886,28.460303414099588,36769400
2023-10-24,29.433815002441406,29.543087284147393,28.88249132269166,29.160636192896256,8863400
2023-10-25,27.97355079650879,29.041433914808454,27.87918047931578,28.996731786723352,12723400
2023-10-26,26.895734786987305,27.918913853220573,26.68215816943533,27.76494133455746,17080400
2023-10-27,27.15401268005371,27.690438222346828,26.950370071157987,27.31295505514499,14958000
2023-10-30,27.7401065826416,27.95865116553694,27.31792128431742,27.531497911390595,15122600
2023-10-31,28.023218154907227,28.072888237262696,27.337788070880915,27.755007289067322,8014600
2023-11-01,28.99673080444336,29.071233085581415,28.13249032231467,28.142424338743723,13525000
2023-11-02,30.024879455566406,30.049713550631193,29.5033558803259,29.702030535564187,13622200
2023-11-03,30.72024154663086,30.92885209967659,30.18878398978751,30.223552099508485,8676600
2023-11-06,30.958654403686523,31.048056761762894,30.57620329888471,30.844414162553605,7315800
2023-11-07,31.534812927246094,31.683819378166216,30.923883257449898,31.127525849142025,7065600
2023-11-08,31.58448028564453,31.7086526406133,31.182161173446605,31.60931437769433,6037400
2023-11-09,31.082826614379883,31.872561019015652,30.98348834567907,31.678852437145,9564600
2023-11-10,32.443756103515625,32.48349217067269,31.271568648461777,31.35103888805594,15628400
2023-11-13,32.25004959106445,32.42885811535343,31.917268533420035,32.18051336377876,7899600
2023-11-14,33.62587356567383,33.79474994574957,33.268260352072836,33.352696647390864,11581600
2023-11-15,33.67057800292969,34.048063042976054,33.44210131247628,33.94375492459713,8840200
2023-11-16,33.73017883300781,33.75997898426359,33.30302564762462,33.52653436092169,8899800
2023-11-17,33.7252197265625,33.90899242677588,33.42223881117028,33.58117930863502,5736400
2023-11-20,34.549720764160156,34.65899306159899,33.720250200060185,33.73018611224928,11375000
2023-11-21,34.107666015625,34.261642332749716,33.81462103849093,34.22687422038737,8832800
2023-11-22,34.40071105957031,34.91726852265519,34.21196665050798,34.480179398038956,11136200
2023-11-24,34.28150177001953,34.41561003421071,34.10766123258607,34.30136980136043,2595000
2023-11-27,34.22190475463867,34.5695858629226,34.06792844430733,34.192100810043,4448200
2023-11-28,34.390777587890625,34.49508192108788,34.01329632187387,34.08779671027198,6934600
2023-11-29,34.31131362915039,35.08118012670086,34.261645434056874,34.827871194891806,9940200
2023-11-30,34.127532958984375,34.4205817161922,33.59607537875179,34.35104549368999,7866800
2023-12-01,34.32621765136719,34.42058988549252,33.64078738569275,33.92390029862793,7126600
2023-12-04,33.665611267089844,33.715279455607,33.024881403730824,33.620911034256366,8523400
2023-12-05,33.82951736450195,34.04309397087882,33.298059826230165,33.32785997939543,7302000
2023-12-06,33.437129974365234,34.370904674290244,33.37256171710808,34.35104043316448,5998600
2023-12-07,34.37588119506836,34.49508561872313,33.75005133936029,33.93879578204067,5838800
2023-12-08,34.64409255981445,34.73349682122384,34.00833060732111,34.02819864201655,8000800
2023-12-11,35.2401123046875,35.28481632232558,34.53978220349972,34.56461440046356,5527600
2023-12-12,35.8013801574707,35.81131228014145,35.036477870857645,35.24011859584934,5436000
2023-12-13,36.69541931152344,36.80469160907181,35.82124851001688,35.95535300918248,7928800
2023-12-14,36.61595153808594,37.142441209725526,36.059657918819774,36.904032365354496,8718600
2023-12-15,36.88416290283203,37.17720788549862,36.64078232226068,36.75999052927362,8727400
2023-12-18,37.42057800292969,37.58448641626048,36.9785247350541,37.0281967071709,6906800
2023-12-19,37.78813171386719,37.81793186623424,37.46528283527922,37.490118821878106,5965200
2023-12-20,36.648555755615234,38.02579978333849,36.633640385254125,37.64792729643059,8167600
2023-12-21,37.49876403808594,37.55345625542568,36.89218038637537,37.3645219185523,6424600
2023-12-22,37.60317611694336,37.891552578576956,37.25016512149357,37.70758749925986,7050000
2023-12-26,38.040714263916016,38.17495638735522,37.73742242923693,37.747364744802056,3625600
2023-12-27,38.18490219116211,38.249536725141745,37.93630257740019,38.095406178474654,4740400
2023-12-28,38.115299224853516,38.42853341057963,38.06557626140819,38.39372961216562,3925600
2023-12-29,37.78714370727539,38.18987389344808,37.43910574309274,38.12026630061155,7528400
2024-01-02,36.514312744140625,37.1557002074291,36.08174804750539,37.11095030410107,9588000
2024-01-03,35.73371124267578,36.21102206453199,35.65415754236847,36.022083922966736,9925800
2024-01-04,35.340919494628906,35.93258395392776,35.30114264885101,35.37075023229793,6966000
2024-01-05,35.43041229248047,35.90772301860486,35.17186661166614,35.36577397561266,7603600
2024-01-08,36.88223648071289,36.926982587518296,35.61437701462296,35.63923849173406,7127000
2024-01-09,37.02642822265625,37.190504883198784,36.28062935836747,36.315433153634444,5750000
2024-01-10,37.508705139160156,37.69763945081021,36.90709462206892,37.061225144906366,5419400
2024-01-11,37.62803649902344,37.97607442993582,36.70324566165173,37.72747482404728,7780200
2024-01-12,37.67775344848633,37.981045253322456,37.41423848865497,37.831883981218915,6328000
2024-01-16,37.66283416748047,37.94623752037392,37.16066198311546,37.434123022454905,7434200
2024-01-17,37.220333099365234,37.28994068517792,36.43973049275533,37.03636802638661,9561000
2024-01-18,38.28433609008789,38.35891672425379,37.56339881091769,37.79707923442218,9237000
2024-01-19,39.770965576171875,39.79582705514766,38.557802027401365,38.66718267223916,10636800
2024-01-22,39.87040710449219,40.42726780929062,39.75604961356877,40.19358356638597,8290600
2024-01-23,40.18861389160156,40.22341768529317,39.64169550787812,39.98973344479421,5471600
2024-01-24,40.61620330810547,41.39183283566533,40.53664961639225,40.92446438017218,11427600
2024-01-25,40.69575881958008,41.21781956180073,40.25822483479554,41.08357363685059,8001600
2024-01-26,40.19855880737305,40.66592731860485,40.09414741954389,40.327831675159786,7150800
2024-01-29,41.03384780883789,41.0636785458384,40.168722295864626,40.288049037195385,6252800
2024-01-30,40.462066650390625,40.929435078989485,40.30296306944846,40.82999676339885,5167600
2024-01-31,38.8809814453125,40.00465285905056,38.851150702940586,39.62181108973652,14639800
2024-02-01,39.805763244628906,39.86045545529522,39.015218406807996,39.19917966693238,9338600
2024-02-02,41.13825988769531,41.352055690968534,39.944981073922165,40.12894613968291,10507400
2024-02-05,40.98910140991211,41.21781257637911,40.33279864729808,41.10842815038866,6399200
2024-02-06,40.83993911743164,41.322222914506305,40.37257068837725,41.19792312323257,6142200
2024-02-07,41.66032028198242,41.81942386989088,41.10842888163428,41.357028474824304,5831400
2024-02-08,41.7945671081543,41.933782289113196,41.52607906202105,41.66529803630913,4085600
2024-02-09,42.60002517700195,42.749186445822446,41.84925336570845,41.99841463452894,5793600
2024-02-12,42.251991271972656,43.002759360973364,42.12769146730418,42.56025235981991,5187200
2024-02-13,40.92446517944336,41.45646817484713,40.312912284101536,40.690780947132836,11005000
2024-02-14,41.824398040771484,41.898974886057,40.989103233614046,41.4415525327712,7728000
2024-02-15,42.03322219848633,42.1276912634425,41.42663854770687,41.938753133530156,7730000
2024-02-16,41.27250289916992,42.11773994493892,41.13825700311942,42.10282457722853,7759600
2024-02-20,40.64106369018555,41.153178286273295,39.90023790522992,40.87474793344789,8186200
2024-02-21,40.30296325683594,40.317878624911025,39.547222192179014,40.09414051712754,7356600
2024-02-22,42.654720306396484,42.83371232389043,41.814452435012605,41.94869834479752,8965600
2024-02-23,42.381256103515625,43.12208559652376,42.18734873107151,42.933147484573055,7262400
2024-02-26,42.33154296875,42.71935776882143,42.29176611917109,42.51053499852591,5209000
2024-02-27,42.53539276123047,42.60002729115175,42.02327440264003,42.54036202199676,4686000
2024-02-28,42.05310821533203,42.33153854664018,41.874116204254285,42.102827375447234,3813000
2024-02-29,42.779022216796875,42.96795655865316,41.98847346833665,42.60997250601676,6100000
2024-03-01,44.05682373046875,44.220900385489216,42.9182370474413,42.92817936289903,6217600
2024-03-04,43.69883728027344,44.11151352568777,43.66900654220985,44.031959833079725,6141600
2024-03-05,42.142601013183594,43.1021955243496,41.66529028441641,43.087280156783194,8465800
2024-03-06,42.65968704223633,43.271239850322495,42.29175695336592,42.953032709313945,6384400
2024-03-07,43.942466735839844,44.17615098169167,43.03756428580091,43.34085612063041,6978400
2024-03-08,42.639808654785156,44.54905195007606,42.52047810383255,43.9921912189475,10652400
2024-03-11,42.31662368774414,42.57516559945522,41.948697346464556,42.34645442550689,8074800
2024-03-12,43.544715881347656,43.60437736999615,42.13764094299942,42.77405544411433,7163200
2024-03-13,42.83867645263672,43.325929448373,42.63482300000248,43.31101408224428,4144400
2024-03-14,42.61494445800781,43.17180894696166,42.07796839294471,43.077339881812875,7269800
2024-03-15,41.58573913574219,42.137630529327105,41.3669702825507,42.02824610273136,6586800
2024-03-18,42.371315002441406,43.05247545574654,42.326565103419085,42.60996848613137,5561400
2024-03-19,42.570194244384766,42.64974413894809,41.5658497980564,41.96858370468428,4733800
2024-03-20,43.582645416259766,43.64234903777075,42.4682043850914,42.80154106471832,9219800
2024-03-21,43.960758209228516,44.647332735799985,43.92593204764374,44.562755457060796,6303000
2024-03-22,44.03539276123047,44.28415217654182,43.69707980457633,43.8562856785449,5832000
2024-03-25,43.726924896240234,44.03041165310378,43.29905844544137,43.488118009513954,4242400
2024-03-26,43.443336486816406,44.209515806526426,43.40353407639248,44.03538500563024,5007600
2024-03-27,43.731910705566406,44.04036998465696,43.13986201838109,44.02544502544521,6829600
2024-03-28,43.522945404052734,43.86125833296461,43.4731904884565,43.69707622133816,5932000
2024-04-01,43.726924896240234,44.22444367198152,43.33886085848476,43.70702368971854,5497800
2024-04-02,42.9507942199707,43.010494040153816,42.34879699326796,42.74680971230028,5965400
2024-04-03,43.11995315551758,43.50304475421985,42.517955867609764,42.53288082417296,5091600
2024-04-04,41.77665328979492,44.0602627077046,41.75177583205585,43.94583551194597,9408600
2024-04-05,42.77169418334961,43.289114219149575,41.91596119320995,42.06024210859558,9035800
2024-04-08,42.79656219482422,43.15477631043305,42.51795290302487,42.94581934158354,5717400
2024-04-09,43.09507751464844,43.29408198737758,42.169692292543296,43.23935841441397,7480000
2024-04-10,42.30899429321289,42.50302629901429,41.93087898631697,42.0751598770505,9474200
2024-04-11,43.67717742919922,43.84135954990343,42.23934835076682,42.68213979453224,6481000
2024-04-12,42.264217376708984,43.035372977267365,41.990584334660504,42.816463507015044,9770200
2024-04-15,40.85624694824219,42.995575601147,40.70201353260567,42.985626894864346,20375400
2024-04-16,40.85624694824219,41.363714475540014,40.602511286709586,40.82639323785946,8559200
2024-04-17,39.85622787475586,41.23435315970434,39.68209706918719,41.224404454714794,8073600
2024-04-18,39.3686637878418,40.279124160880855,39.27413779093611,39.93583495234573,7749600
2024-04-19,37.75172424316406,39.23930815129857,37.45321372970567,39.14477836699269,11067200
2024-04-22,38.4930305480957,38.925869470594925,37.61242015503082,38.22436994321661,8090000
2024-04-23,39.64727783203125,39.856234835205676,38.786568563097234,38.85124464624145,6423000
2024-04-24,39.90597915649414,40.49802769364626,39.47811272060105,40.2144421531838,6341800
2024-04-25,39.483089447021484,39.647271550259944,38.308944859358995,38.5129293747341,7856200
2024-04-26,40.71196746826172,40.99057680319543,39.95076425262675,40.07016771106012,16079800
2024-04-29,41.0254020690918,41.214457857106694,40.503009577563496,41.09505440129557,5073000
2024-04-30,39.463191986083984,40.97067337797808,39.463191986083984,40.702012764209734,5158400
2024-05-01,38.881099700927734,40.49305974587156,38.736818775913996,39.179610258025825,11989600
2024-05-02,39.861202239990234,40.02538053703804,38.70198268153633,39.56268796368506,5431600
2024-05-03,41.45326232910156,41.662219294281606,40.965692281247954,41.2691790241,5837800
2024-05-06,42.3786506652832,42.3786506652832,41.6522736876966,41.80152704717029,4026800
2024-05-07,42.35874938964844,42.68213736163545,42.22939344170021,42.43835421785262,3822800
2024-05-08,42.31398010253906,42.577664488157374,41.83138620624852,41.85128741592487,2550200
2024-05-09,42.468204498291016,42.577659240136,41.99058691223148,42.34880105071792,2669000
2024-05-10,42.67218017578125,43.095074136599244,42.363720989769746,42.756761245404874,4574000
2024-05-13,42.861244201660156,43.045323723312066,42.577658645281566,43.02542631213384,3147400
2024-05-14,43.393585205078125,43.49806368521474,42.72193566376175,42.746809323356125,5012600
2024-05-15,44.7269401550293,44.786639980771746,43.57766916451416,43.88115593126212,6462600
2024-05-16,44.54285430908203,45.07022298398636,44.508028147451874,44.68215895560265,4388000
2024-05-17,44.498085021972656,44.672215851957866,44.05031731931968,44.55778485181478,4363200
2024-05-20,45.10506057739258,45.234412744907715,44.48813447297813,44.51301193368281,3577200
2024-05-21,45.2592887878418,45.30406366078654,44.68216512032651,44.72196753790014,2838200
2024-05-22,45.244361877441406,45.45829511795697,44.716989356770895,45.30406170545775,4075200
2024-05-23,44.80653381347656,46.174710266145176,44.43837103084582,46.16476156208122,7033400
2024-05-24,45.65232849121094,45.88616294652137,44.97570258486189,45.11003099761076,4924400
2024-05-28,45.9757194519043,45.98566815891834,45.38864704811683,45.871237151534764,3476600
2024-05-29,45.32893371582031,45.67719532327926,45.11002425069364,45.11002425069364,3680200
2024-05-30,44.3388786315918,45.144856691186305,44.07519046838833,45.124955482882235,3318000
2024-05-31,44.3388786315918,44.49808450225703,42.65229013443696,44.35877983989587,5934000
2024-06-03,44.62246322631836,45.100080827813755,43.592599442769824,44.89609629400706,4175800
2024-06-04,44.846343994140625,45.08515468649856,44.214496792986765,44.55778218130688,3824000
2024-06-05,46.65731430053711,46.667266802560064,45.33391621403642,45.56277441558865,4699200
2024-06-06,46.61750793457031,46.84139366191095,46.38367729758397,46.78666629272326,3274600
2024-06-07,46.508060455322266,47.06527909833977,46.28417471130932,46.508060455322266,3349000
2024-06-10,46.876224517822266,46.93095189248933,46.21452356649671,46.26925094116378,2651800
2024-06-11,47.49811935424805,47.52796926691811,46.29909725177192,46.60258401647471,3227800
2024-06-12,48.74689483642578,49.22451244012575,48.164794942002324,48.299127146779774,4820800
2024-06-13,49.249385833740234,49.59765127745567,48.79166944050345,49.468295324317516,3417800
2024-06-14,49.73695755004883,49.756858758543906,49.105106516574104,49.189687601620044,3886600
2024-06-17,50.9459228515625,51.329010634658964,49.51804261394172,49.78172695494885,4282400
2024-06-18,50.960853576660156,51.11011074299454,50.5976631629891,50.931003661700245,4113800
2024-06-20,50.149898529052734,51.29418953655973,49.79665682689621,51.21458849923059,5670000
2024-06-21,49.85137939453125,50.363826917708295,49.57277009708897,50.08521382449902,3283200
2024-06-24,48.731964111328125,49.97078863517165,48.702114198482256,49.61257449795266,4279200
2024-06-25,49.84143829345703,49.89616567034243,48.98072901716025,49.15983610591834,3653400
2024-06-26,50.04364013671875,50.14822929138924,49.59041666669231,49.65516124821567,2900400
2024-06-27,50.272743225097656,50.5964699485521,49.80457896687691,49.978894233303414,3387600
2024-06-28,49.70994567871094,51.428205816378465,49.615319568948784,50.422151261614566,6420200
2024-07-01,50.31755828857422,50.427128954515425,49.14715161106885,49.91912399399116,4247800
2024-07-02,51.35848617553711,51.35848617553711,49.96395636371617,49.98387865243225,4374400
2024-07-03,52.190216064453125,52.22009759436047,51.179183771520094,51.179183771520094,3810600
2024-07-05,53.25105285644531,53.34568276874844,52.279865124130964,52.34460970635603,5120400
2024-07-08,53.5150146484375,53.61462607892585,53.12156184731803,53.32575863019095,4022000
2024-07-09,53.569801330566406,54.057887852747875,53.25603386617038,53.81384649155096,3915600
2024-07-10,54.70036315917969,54.80495230597238,53.704271704254246,53.9881576169165,4492400
2024-07-11,52.264923095703125,54.740211122598645,52.015900216535165,54.70036654998275,11170200
2024-07-12,52.85759735107422,53.87859272168136,52.284847742955236,52.37947385745638,6546000
2024-07-15,53.15144729614258,54.17742040721238,52.69324608146945,53.24109569029931,5799400
2024-07-16,53.181331634521484,53.61463286244671,52.48406673203267,53.44031758677151,4686000
2024-07-17,50.048622131347656,51.532800309592886,50.028699843073255,51.43318886822088,8610600
2024-07-18,49.5555534362793,50.840512417229334,48.88817393751791,50.79568632265369,6969000
2024-07-19,48.654090881347656,49.96893136676682,48.385145718449984,49.47586333489397,7341400
2024-07-22,50.0785026550293,50.29266248368017,49.152137238054614,49.84939826176666,5351000
2024-07-23,49.7348518371582,50.51180203712592,49.630262679453914,49.88924481284724,3006000
2024-07-24,46.13896179199219,48.3702086084365,45.96962804688526,48.31542326742241,8864800
2024-07-25,45.12792205810547,47.04539728041678,44.59999482177637,46.21366185719978,10057400
2024-07-26,46.03934860229492,46.59715738930515,45.396869153152885,45.95965946141496,5543200
2024-07-29,46.17880630493164,46.985638053708975,45.74550509925608,46.55732216966703,4943200
2024-07-30,44.903812408447266,46.71171734511446,44.25136980833411,46.57724284747021,7852200
2024-07-31,47.568355560302734,47.90204533532424,46.66689007582487,46.9457983084919,8010600
2024-08-01,45.26738357543945,48.44491448995296,44.50537409059536,47.69286804923603,10456200
2024-08-02,43.08095932006836,44.01728400441911,42.25420151384294,43.51923823193277,23179600
2024-08-05,40.58574676513672,41.83584265115334,38.2299925151611,38.44415233786684,13239600
2024-08-06,41.288002014160156,42.66260963372934,40.34171413257421,40.86964152133984,9835400
2024-08-07,40.3715934753418,43.03614168662942,40.291908119001114,42.57793663846512,10463400
2024-08-08,42.851863861083984,42.99131608614241,40.79991366437072,41.52706012345263,9644800
2024-08-09,43.28515625,43.56904216431708,42.34384632380403,42.55302841839612,5869400
2024-08-12,43.44453430175781,44.007324655394854,42.886721669986564,43.42461201493158,5364200
2024-08-13,45.58613204956055,45.6209951040153,44.25136913648336,44.276272946717306,5930200
2024-08-14,45.62098693847656,46.069228843942646,44.7593699755464,45.75546141001002,5412800
2024-08-15,47.902042388916016,47.97176849284701,46.711713300652725,46.79139864809343,5241000
2024-08-16,47.98670959472656,48.26561781219531,47.30936703768314,47.50360458568068,5839400
2024-08-19,49.246761322021484,49.256724364686015,47.63807571235672,48.01659153807266,5369000
2024-08-20,49.02762985229492,49.580460995229224,48.67899551182228,49.05252986246503,10537400
2024-08-21,49.500770568847656,49.854382622378196,48.828409514957535,49.18700309030902,4822600
2024-08-22,47.892086029052734,50.08846603470141,47.69784467093494,49.949013818442815,6161400
2024-08-23,48.92304611206055,49.47587351647488,47.961817457885395,48.763671590114896,6503200
2024-08-26,47.95682907104492,48.977820649941535,47.5334909139518,48.72879775755878,4811000
2024-08-27,48.240718841552734,48.444915653608454,47.22470490409311,47.62314308341425,5530400
2024-08-28,47.12509536743164,48.270598437367255,46.42284895952047,48.126164698155996,14859200
2024-08-29,46.98065948486328,48.43495225501863,46.74159583781621,47.50360527561036,8166400
2024-08-30,48.08632278442383,48.17597117906279,46.915912132251805,47.81737760050693,3913800
2024-09-03,45.132911682128906,47.45380313003303,44.664747415045234,47.42392159801931,8750200
2024-09-04,44.89384460449219,45.62597248132285,44.31611349746815,44.51035104032678,6797600
2024-09-05,44.983497619628906,45.80527396996708,44.36592187625323,44.55019639495911,6771600
2024-09-06,42.55302810668945,44.96854912131267,42.433494396430326,44.79921159833924,7841000
2024-09-09,43.61885070800781,43.798147494367875,42.73730754177287,43.349905528467715,4455400
2024-09-10,44.41073989868164,44.50536980984773,43.175588530876226,43.95752022897657,4513400
2024-09-11,46.303314208984375,46.472647940903784,42.98134995239737,44.63983942006483,21973600
2024-09-12,47.249603271484375,47.399014721674696,45.97460352442528,46.32323784111132,6297600
2024-09-13,47.62811279296875,47.86219489895439,47.01551866007488,47.06532247416413,5788400
2024-09-16,47.19481658935547,47.319328027529316,46.54735559093645,47.19481658935547,4989400
2024-09-17,47.24462127685547,48.04647525748116,46.751557036525035,47.80243389809566,5042400
2024-09-18,46.801361083984375,48.29051685545189,46.706731172825734,47.47372210590005,9610800
2024-09-19,49.19197463989258,49.75975026281498,48.6242028167575,49.0475447232982,7565600
2024-09-20,48.96786117553711,49.22684331048886,48.13612563084487,48.99276498457321,4389000
2024-09-23,49.226844787597656,49.45096767628436,48.937981112965105,49.21190402164279,3702200
2024-09-24,49.69500732421875,49.88426715249733,48.6391527024025,49.505751295727926,6006600
2024-09-25,49.81509780883789,50.178855017233936,49.52109855927276,49.5609635086597,3107800
2024-09-26,50.52268981933594,51.38475139853434,49.77025496368393,51.31996989731258,5234800
2024-09-27,49.92970657348633,50.72699038284201,49.69052447206439,50.72200631355753,4736400
2024-09-30,50.17885208129883,50.25858197540775,49.13242193236807,49.71543252654985,6042400
2024-10-01,48.758705139160156,50.16391245399544,47.991321881876885,50.104118824681976,7386000
2024-10-02,48.92314147949219,49.30683117790713,48.0610799727884,48.58429699963065,3421400
2024-10-03,48.84341049194336,49.43638926895428,48.31022914007223,48.45972080205628,5250000
2024-10-04,50.004451751708984,50.07919758307468,48.97296992370892,50.004451751708984,6669600
2024-10-07,48.878292083740234,49.79018287129772,48.644094052430965,49.610794395000156,4444200
2024-10-08,50.338314056396484,50.482821655362635,49.25700290058512,49.40151049955127,3400000
2024-10-09,51.12064743041992,51.24024228991279,50.0642527836845,50.27353808520025,4126400
2024-10-10,51.01102066040039,51.37976194500156,50.368212595651194,50.6372953065972,4275200
2024-10-11,51.115657806396484,51.334907405206415,50.467865742107335,50.58745677797916,4889400
2024-10-14,51.97274398803711,52.261755390486165,51.51928870543738,51.63389949389889,9945800
2024-10-15,50.57749938964844,52.177043495418765,50.12902819136447,52.04250403679907,10941800
2024-10-16,50.59244918823242,50.74692112677467,49.90977993591516,50.63231414067272,9462600
2024-10-17,50.672176361083984,51.72857093167769,50.64725981671942,51.7186065949704,3931800
2024-10-18,51.290069580078125,51.51928734923603,51.05088367215234,51.205359409206274,2761800
2024-10-21,51.48440170288086,51.643857692832384,50.617359995127615,51.0309502759093,4592800
2024-10-22,51.58406066894531,51.888024246156036,50.7469157648082,50.91135582495119,3890600
2024-10-23,49.989501953125,51.205356291057186,49.30184868752592,51.07579710708143,4582600
2024-10-24,50.79176712036133,50.92630657466183,50.208756482174344,50.73695376445682,3311600
2024-10-25,51.374778747558594,52.401280321933356,51.20535840912381,51.354846272143156,6929000
2024-10-28,51.394710540771484,52.037518607895755,51.33491311531891,52.037518607895755,3535600
2024-10-29,52.366397857666016,52.615548108320205,51.06583704684379,51.44454269059175,4629000
2024-10-30,51.5740966796875,52.39629318420258,51.47941837744148,52.191988174457116,4261200
2024-10-31,48.97296905517578,50.731969087028965,48.953036580383035,50.731969087028965,8799200
2024-11-01,49.655643463134766,50.333332418309794,49.207172271955564,49.25201749020801,5359200
2024-11-04,49.34669876098633,50.04930430298039,49.00785426305119,49.531071317801285,4660600
2024-11-05,50.607391357421875,50.74691487203502,49.66062356490964,49.68553630581591,4177600
2024-11-06,53.358009338378906,53.51746531907312,52.122222636700904,52.331507898537595,9537200
2024-11-07,55.03728103637695,55.191756755032166,53.93105727395292,53.94102160980298,5141600
2024-11-08,55.11202621459961,55.276466267175266,54.76321743798204,54.86786007096731,3458600
2024-11-11,55.04227066040039,55.411011951757565,54.424379128609544,55.35619859472368,5074800
2024-11-12,54.847930908203125,55.21667218027344,54.19017445993112,55.02233530703836,4291400
2024-11-13,54.693458557128906,55.271485103292584,54.21509058045633,54.72833943662386,3293600
2024-11-14,53.90614318847656,54.79311738704753,53.73671905745956,54.60874485070889,3939000
2024-11-15,51.30002975463867,52.7500858874948,50.88145920189508,52.6803241287042,7093800
2024-11-18,52.032535552978516,52.47104241138367,51.35484659156235,51.63887771496979,4297800
2024-11-19,52.72517395019531,52.839784736352236,51.41464502216836,51.464474311124434,4783200
2024-11-20,52.66039276123047,52.72517045240291,51.27511809080312,52.66039276123047,5953400
2024-11-21,53.04408264160156,53.43276019528644,51.49935197026044,53.29821694162184,5367000
2024-11-22,53.178627014160156,53.32313460734037,52.56073549296925,52.88961182779972,3869800
2024-11-25,53.34306335449219,54.36457697031779,52.854727252985974,54.04068092560016,4661800
2024-11-26,53.901161193847656,54.07058533138496,53.47262248339148,53.64703069013806,3162600
2024-11-27,53.04408264160156,53.65200981331671,52.32154849263371,53.65200981331671,3628200
2024-11-29,53.92108917236328,54.06061268474067,53.01418254017967,53.12380924325635,2598400
2024-12-02,55.097084045410156,55.31633747365703,54.13037989548273,54.20014165870111,5273000
2024-12-03,55.44588851928711,55.48575346707017,54.703421925048296,54.7981002256004,3279200
2024-12-04,56.796287536621094,56.841132752742666,56.023920310638545,56.16842789880376,4539200
2024-12-05,56.482357025146484,56.95574474858656,56.39266278925379,56.791304682494825,2433600
2024-12-06,57.468994140625,57.50885909065644,56.57703584275862,56.591984248587686,4528000
2024-12-09,56.54713821411133,57.40919588613374,56.29798798261084,57.22482334620028,4050400
2024-12-10,56.133548736572266,57.18994330044274,55.84951762058603,56.791305205263065,4187600
2024-12-11,58.15665054321289,58.30614221299132,57.01554194898208,57.08530371441706,3927200
2024-12-12,57.39425277709961,57.93241823922018,57.299574463838255,57.658351438585306,3539800
2024-12-13,58.241355895996094,58.81440218042089,57.5537026357248,58.23139155964322,3579000
2024-12-16,59.92063522338867,60.13490459080974,58.78451068980015,58.80444316604061,4078600
2024-12-17,59.387447357177734,59.75120835583058,59.01870609130673,59.507038399835494,4227000
2024-12-18,55.10206985473633,59.60172273306776,54.7632253648051,59.21802922151934,9103000
2024-12-19,54.568878173828125,56.19831881818441,54.5090807568706,56.07872778599973,9644600
2024-12-20,55.53559112548828,56.81124303479494,53.51249224205579,53.75665843101769,9987600
2024-12-23,56.57810974121094,56.64790971122255,55.132246155317496,55.85517604635768,4810400
2024-12-24,58.10374069213867,58.10374069213867,56.847333676179545,56.98195061551019,2841800
2024-12-26,57.99903869628906,58.362995111515055,57.27610505677718,57.71983503380288,3195600
2024-12-27,56.4185676574707,57.27112771331522,55.406460462283285,57.19135414364377,6193600
2024-12-30,54.90788269042969,55.725542695378046,54.105179277650294,54.88793929960011,6596400
2024-12-31,53.965579986572266,55.33665674093304,53.76614987972085,55.17711341621448,6637600
2025-01-02,53.72626495361328,55.092354859728104,52.798918223615104,54.61372490292465,8256800
2025-01-03,55.48124313354492,55.69562983143007,54.20489654361267,54.379396459609204,6843400
2025-01-06,56.74263381958008,57.46058068703299,56.20916046774018,56.62796407502536,5248000
2025-01-07,54.69847869873047,57.036788796069274,54.29962232342846,56.986932224633094,6579800
2025-01-08,54.708457946777344,55.06244458549796,53.72128099358868,54.688514555380166,6203000
2025-01-10,52.96345138549805,53.89578116381406,52.27541769244612,53.89578116381406,24778400
2025-01-13,52.634395599365234,52.70918237284673,51.39793184873593,51.68212234872829,4882000
2025-01-14,52.50975036621094,53.55675374605372,51.781833658247606,53.282540658183066,5988800
2025-01-15,54.882957458496094,55.15218753463582,53.83595414271689,54.15504079507222,6318000
2025-01-16,54.150047302246094,55.40645036510126,54.12511711531371,55.396480572615786,4321600
2025-01-17,55.9349479675293,56.293921404913974,55.34164443608446,56.20916104055545,5983600
2025-01-21,56.5382194519043,56.83736270538057,55.57098592197859,56.52326285980241,6641400
2025-01-22,58.01399612426758,58.51755627990033,57.54533595147197,57.59020953158422,20804400
2025-01-23,58.268272399902344,58.27325539496637,57.34092560704776,57.46556895228291,4767200
2025-01-24,57.58023452758789,58.482654868295256,57.251178097992785,58.31313795307561,4596000
2025-01-27,54.174983978271484,55.02255718212042,53.322420171863335,53.51188048609311,12186000
2025-01-28,55.80531311035156,56.044629982992184,53.686376452866114,54.41429305992124,5140200
2025-01-29,55.580963134765625,55.93993278000023,54.74335968825871,55.93494978485068,3849000
2025-01-30,56.04463195800781,56.68778823053077,55.01756827300496,56.19918847889799,5598400
2025-01-31,55.8452033996582,57.819553458734795,55.625829902934285,56.86727651051314,5608600
2025-02-03,54.95774459838867,55.536087733285044,53.437094288689956,53.9705676458311,6997800
2025-02-04,56.29890441894531,56.41856476732266,54.97270122350662,55.03751439268462,3644400
2025-02-05,56.7924919128418,56.83237488979556,55.45631518766504,55.715571655021975,3631400
2025-02-06,57.365848541259766,57.42069191416755,56.55317534860976,56.892205379397474,3693400
2025-02-07,55.915000915527344,57.88935088807444,55.7454840017211,57.48052090088761,4503400
2025-02-10,57.23123550415039,57.47553538144163,56.71770556045516,56.82240550786569,2721000
2025-02-11,56.96200942993164,57.37582625380383,56.503322827087146,56.52326621901253,2220400
2025-02-12,57.02682113647461,57.21628145299414,55.6657179558828,55.725544326309624,4213400
2025-02-13,58.65216827392578,58.71698143970424,57.21129160448814,57.39077831382685,5266000
2025-02-14,59.10088348388672,59.2604267986549,58.572396966932025,58.62723653417835,6285600
2025-02-18,59.36014175415039,59.50971528047486,58.63721191914529,59.459858706304296,6538600
2025-02-19,59.39006042480469,59.66427349242031,58.731943737189155,59.18564351995563,2730400
2025-02-20,58.861568450927734,59.28535884124144,57.82952176915626,59.20558527945582,4167600
2025-02-21,56.40858459472656,59.10088125839494,56.328814842252605,59.10088125839494,5246200
2025-02-24,55.0474853515625,57.01186176226521,54.987655180241816,56.782518477921755,6613400
2025-02-25,53.65148162841797,54.932815060532434,52.84877818377446,54.91785846776975,7208600
2025-02-26,53.89577865600586,54.97768191824701,53.24763557990502,54.13010874034099,5547000
2025-02-27,50.92428207397461,54.84805573938267,50.87442549933647,54.66856902763511,20766000
2025-02-28,52.49479293823242,52.609462688340294,50.216312687291484,50.859472819895785,9041600
2025-03-03,50.2512092590332,53.496922887894506,49.47343603700321,53.17783624276359,9457800
2025-03-04,49.88226318359375,51.52755289016,48.30178283673655,49.61303312896015,12562400
2025-03-05,51.18852996826172,51.49266004599151,49.00976664882328,49.996939848820666,10075400
2025-03-06,48.37158966064453,50.45562662765448,47.937833236490235,49.453496831025944,7609000
2025-03-07,49.039676666259766,49.32386333320357,46.81603990663031,48.107343100904444,8447400
2025-03-10,45.3253059387207,47.459199308805744,44.41789877275543,47.364469153279074,9306200
2025-03-11,44.996246337890625,46.3673230961089,44.12374294629718,45.11091988589202,9621800
2025-03-12,46.03327941894531,46.79110925538533,45.026159097732645,46.43213582619321,7135000
2025-03-13,44.34809875488281,45.868749021130206,43.96419894218797,45.858779227629356,7399200
2025-03-14,46.46205520629883,46.621598538173615,45.225591531409414,45.33527828528828,6040400
2025-03-17,47.06033706665039,47.683553739112455,46.098090372216454,46.43712039418833,33021400
2025-03-18,45.46989440917969,46.40222807450006,45.02118137396681,46.40222807450006,5057800
2025-03-19,46.6265754699707,47.489108992007004,45.494815701004086,45.863758894772104,6574800
2025-03-20,46.31747055053711,47.34453055793404,45.72416697540695,45.848810327909035,5467000
2025-03-21,46.64652633666992,46.74125650039761,45.100949549152745,45.31533626445376,6196000
2025-03-24,48.61090087890625,48.7953743849475,47.94779742066868,48.07742755474666,6242600
2025-03-25,49.18925094604492,49.20919053366628,48.595947413265726,48.77543413236173,4001000
2025-03-26,47.38193893432617,49.11742931793384,47.062768201597976,48.96283206437291,6238600
2025-03-27,46.81840133666992,47.79087789818597,46.564064649419194,46.968014286077114,6267400
2025-03-28,44.35480880737305,46.579031893078145,44.16529853684972,46.45435568555107,8245800
2025-03-31,44.32487869262695,44.494440293331735,42.115616404112814,43.00331409285583,31218600
2025-04-01,45.0180778503418,45.19262756344818,43.46710951825763,44.0057077774389,9454400
2025-04-02,45.676368713378906,46.329674558727405,43.72643501320419,43.76633230853236,8060800
2025-04-03,40.79405212402344,42.574428018890565,40.68932077301759,41.8812286859052,10364800
2025-04-04,35.81198501586914,38.87901982968651,35.78206394996749,38.49003075370467,21589800
2025-04-07,35.91671371459961,39.14832210517061,32.27617139407797,33.26859276171429,24840600
2025-04-08,34.58019256591797,39.148330830545575,33.507980179380084,38.34541571549559,23193200
2025-04-09,42.70408248901367,43.13795695178816,34.460494330003044,34.475454862372,37896400
2025-04-10,39.213157653808594,40.92371529615448,36.71963361568432,40.57462345274337,17448400
2025-04-11,40.59955596923828,40.85888076796466,38.340420230907945,38.95881686715953,9625800
2025-04-14,41.16309356689453,42.51458308280222,40.30532072466457,42.41982795575118,11640800
2025-04-15,41.25784683227539,42.04081316017834,40.92371174847299,41.35259815023541,6603000
2025-04-16,38.7792854309082,40.27539979686345,37.60234182530483,39.61710962803576,16537400
2025-04-17,38.71944046020508,39.35279768841641,38.25065672954305,39.243082023383536,8891600
2025-04-21,36.82435989379883,37.84171812270911,35.891784370909434,37.6871208552388,9018800
2025-04-22,38.7044792175293,39.24308130612887,37.557456673824525,37.76192746488785,9504400
2025-04-23,40.425010681152344,41.99593159361912,40.175658276151765,41.12818628956553,11145200
2025-04-24,42.724037170410156,42.7888712262562,40.694308887910196,40.799036434105176,8749200
2025-04-25,43.666587829589844,43.77131537323924,42.35998378564608,42.64922965651877,6968200
2025-04-28,43.646644592285156,44.080519159593955,42.45972847899736,43.74638784013446,4880400
2025-04-29,44.18524169921875,44.359787607116424,43.12799002577257,43.19780838893164,4523200
2025-04-30,44.175270080566406,44.50441325503696,41.76153698024853,42.64923087495503,6723800
2025-05-01,45.2574577331543,46.394503996357294,45.16270260961557,45.64644684374317,22707800
2025-05-02,46.64884567260742,47.047807214529136,45.91574903574667,46.22494736970881,5397000
2025-05-05,46.10026931762695,46.683752974755784,45.7412012809891,45.84592882420591,3589600
2025-05-06,45.252471923828125,45.920738326020775,44.6191185098243,44.878443328480074,5648800
2025-05-07,45.591590881347656,46.035437839017845,44.34981702251845,45.34722660017112,9409200
2025-05-08,46.499229431152344,47.33705355625488,45.74618800449196,46.54909914476726,6169200
2025-05-09,46.4194450378418,47.10266819849261,46.100274261008764,46.85830390478327,4620200
2025-05-12,50.19963073730469,50.21459127364967,48.98777783075368,50.035057227877964,9100400
2025-05-13,51.71070098876953,52.07475335544956,50.31931416550511,50.4589508981942,7795200
2025-05-14,52.32909393310547,52.43880959602445,51.745610240107894,51.940104804440416,6100800
2025-05-15,52.44380187988281,52.967439669798985,51.63589868353454,51.88026298549542,5064800
2025-05-16,52.89262771606445,52.917564476975016,51.99496139551713,52.71309369099189,5194200
2025-05-19,52.967437744140625,53.072165298316435,51.39153251320814,51.406493048831,6118800
2025-05-20,52.588417053222656,52.73304189469187,51.8702847637953,52.44379601656893,4190800
2025-05-21,51.12721252441406,53.15195652454508,50.763160164621794,51.7805183754428,7939800
2025-05-22,51.31672668457031,52.044835264420655,50.98259536868027,51.23194777841597,4672800
2025-05-23,50.33926010131836,50.84793728653634,49.61115160237495,49.725851567411134,7199600
2025-05-27,52.67818069458008,52.772935813401084,51.39152534780429,51.68575932020494,4745400
2025-05-28,52.22935104370117,53.176887041214364,52.11963538803576,52.88265305994382,3210600
2025-05-29,52.41886520385742,53.73045754248266,51.900211721920826,53.700536470099216,4067400
2025-05-30,52.22935104370117,52.52857313790614,50.778118369824774,52.29418129258738,5291800
2025-06-02,53.032264709472656,53.08712253989642,51.595996306561354,51.840360584475505,3449800
2025-06-03,53.87507629394531,54.15434975071261,52.93252457254019,53.1020861747314,3973600
2025-06-04,54.15435028076172,54.37378160169261,53.60577578325,53.99476490321621,3940400
2025-06-05,53.306556701660156,55.01711434782543,52.89263079725153,54.43861874819309,7350400
2025-06-06,54.333885192871094,54.722878124001475,54.00973012415249,54.37378248911251,4288600
2025-06-09,54.483497619628906,54.83258944629527,54.159338749258396,54.378770071629,3214000
2025-06-10,55.211605072021484,55.34625749169586,54.11944039943914,54.57326357008284,4771600
2025-06-11,54.82760238647461,55.7302567821388,54.34884627472267,55.48589251573544,8108000
2025-06-12,55.07695770263672,55.27145226450634,54.493470212212294,54.538355621390586,5104200
2025-06-13,53.66562271118164,54.682980938504464,53.41128220314704,53.82021997841072,7400600
2025-06-16,55.14179229736328,55.371196060074475,54.36381398861958,54.368798297397575,5108000
2025-06-17,54.04463577270508,54.942302050537,53.835176883543824,54.60318266429418,4457800
2025-06-18,54.01969909667969,54.747807584926015,53.705516469674016,54.24910282819713,4966400
2025-06-20,53.53596115112305,54.93732426911937,53.16692065322094,54.66802321233163,5328800
2025-06-23,54.653053283691406,54.74780840643263,53.02229037883666,53.66063186825767,6551600
2025-06-24,56.308753967285156,56.50324851131886,55.600590345484925,55.720282222440446,5531600
2025-06-25,56.580352783203125,57.0346711078342,56.2258835515243,56.780054778106354,5296800
2025-06-26,57.64875411987305,57.7386198271986,56.66522493664306,57.049648134703126,5577800
2025-06-27,58.0281867980957,58.41760358859798,57.26432639095813,57.84845538571024,6156000
2025-06-30,58.76707458496094,59.001724122017364,58.20790981174135,58.66722550106384,6690400
2025-07-01,57.743614196777344,58.54740816710694,57.26432787863223,58.337722783542695,6996800
2025-07-02,58.55739212036133,58.597333279495516,57.56387959313952,57.568869381282354,5045200
2025-07-03,59.65574264526367,59.87541519423924,59.016699385332885,59.03666996333051,4315000
2025-07-07,58.7620849609375,59.251354646708684,58.23787152153836,59.06662963911166,6357800
2025-07-08,58.8070182800293,59.1614874948596,58.562385347625,59.03168063299263,3404600
2025-07-09,59.635780334472656,59.92534804208304,58.97177661674385,59.246363532030536,4030600
2025-07-10,59.44606399536133,59.84047438505812,58.87192219241034,59.75060867843102,3561200
2025-07-11,59.1614875793457,59.49099642709428,58.69218848430933,58.95679199653245,3797200
2025-07-14,59.565879821777344,59.73063424145551,58.59733150066611,59.101574335683345,3245800
2025-07-15,59.66073989868164,60.52444935727463,59.6557463016266,60.439573443333025,5046400
2025-07-16,59.790550231933594,59.92035329091582,58.55739450861126,59.77557324889708,5898400
2025-07-17,60.74911117553711,60.853953858783285,59.76058846221839,59.93533007662717,5011800
2025-07-18,60.59434509277344,61.04866339541458,60.32474798405294,61.00872223656742,6542200
2025-07-21,61.21841049194336,61.62779784145079,60.76408838716151,60.77906536925349,4801200
2025-07-22,60.57437515258789,61.24836602700245,59.99523977018815,61.233389044526355,7200800
2025-07-23,61.118560791015625,61.118560791015625,60.20492674566438,60.79903912635705,7623800
2025-07-24,61.38815689086914,61.6377834253029,60.998740106592265,61.403133873495385,5132600
2025-07-25,61.632789611816406,61.9223573049031,61.193448283994215,61.333238533346794,4364600
2025-07-28,62.022212982177734,62.20693418752646,61.752615856778164,61.917366481467795,4544200
2025-07-29,61.837486267089844,62.87093998153198,61.652761257822895,62.57637868616028,5170400
2025-07-30,61.982269287109375,62.52146351586699,61.33823237092644,61.99724626974176,5327400
2025-07-31,61.293296813964844,63.39515555924175,61.05365747697746,63.37019138251455,8180400
2025-08-01,58.846961975097656,59.97028140632427,58.31276133127429,59.93533384304606,9479800
2025-08-04,61.008724212646484,61.05365897005462,59.92534595456678,59.94531653463721,6182400
2025-08-05,60.16498947143555,61.537935435368155,60.06014678217872,61.28331529917374,4372200
2025-08-06,61.6777229309082,61.77757201840451,60.25485248459385,60.344718186939936,5789200
2025-08-07,62.092105865478516,62.97578212595718,61.198442410531925,62.61631930508496,6093400
2025-08-08,63.21542739868164,63.26535194570154,62.256858574505266,62.31677031632841,5211800
2025-08-11,62.80603790283203,63.704691145911525,62.546424172676716,63.23539584893618,6339000
2025-08-12,64.40364837646484,64.4735435040915,62.75611166183949,63.32525987765579,7203600
2025-08-13,64.45357513427734,65.11258523298798,64.14903045331332,64.99775915859094,5422200
2025-08-14,64.3387451171875,64.78807748188277,63.914384549306085,63.98926946775639,5745800
2025-08-15,63.734642028808594,64.30877995161285,63.37018565015192,64.30877995161285,5608600
2025-08-18,63.694705963134766,63.82950261264353,63.28531860851744,63.53494513716212,3912000
2025-08-19,61.94731903076172,63.5349438737309,61.72265287405001,63.51996689174982,6192400
2025-08-20,61.19344711303711,61.73763492645914,59.67072376387303,61.72764773226871,8544600
2025-08-21,60.63428497314453,61.313269465888894,60.130042105399546,60.84397416134405,4594800
2025-08-22,62.47652816772461,62.91087970494642,60.59933557925845,60.903880253230305,10276000
2025-08-25,62.102088928222656,62.75111944131343,61.85246239380292,62.117065910848055,4631400
2025-08-26,62.601341247558594,62.65625938919331,61.76758954673855,61.982268516129196,4834000
2025-08-27,62.77608108520508,62.9707894812898,62.08711320744366,62.36170392448555,7315600
2025-08-28,63.539939880371094,63.73964188066016,62.53644389944157,62.89590673816211,10720800
2025-08-29,62.01721954345703,63.04567969153986,61.62780274210523,62.98077816098083,7505400
2025-09-02,60.98875427246094,61.04866220056059,59.64576235224923,60.05514969992364,10894000
2025-09-03,61.917362213134766,62.286812216361405,61.218410983243345,61.75261159980237,9083400
2025-09-04,63.045677185058594,63.11557231026609,61.70268520543148,62.06714162315509,6589400
2025-09-05,63.18546676635742,64.30379637583177,62.20193761764049,64.16400612689712,7853800
2025-09-08,63.804542541503906,64.23390047748669,63.57488278216549,63.694706258950376,6027000
2025-09-09,64.1490249633789,64.25386383424828,63.395151816903265,63.96429616090023,6153600
2025-09-10,64.18897247314453,64.86295956371559,63.719669547719995,64.85796977536972,7311200
2025-09-11,64.9178695678711,65.11257794091138,64.38866258565886,64.73813817598803,7643600
2025-09-12,65.47703552246094,65.73664924571152,64.90289755284614,65.112582923088,6465400
2025-09-15,66.59037780761719,66.5953675959051,65.83151099799834,65.85647517543266,5914200
2025-09-16,66.44059753417969,66.83500409607083,66.3008072880919,66.77509616717523,4658000
2025-09-17,66.15602111816406,66.56541228944863,64.91288585774537,66.43560923460089,7769800
2025-09-18,67.37919616699219,67.98827789016565,66.83500454322703,67.26935988461736,4336200
2025-09-19,68.25787353515625,68.40265355910421,67.45906565559115,67.78358468953795,4208800
2025-09-22,69.05168914794922,69.19147939457707,68.01823928052211,68.0282188567119,5058400
2025-09-23,68.11809539794922,69.10661442054274,67.8435046644516,69.06168346906074,4513000
2025-09-24,67.64415740966797,68.48315869232573,67.00492196587518,68.41823384215867,5326600
2025-09-25,67.03488159179688,67.39445246352477,65.8962430380876,66.73524427888177,5032000
2025-09-26,67.5742416381836,67.62917629163391,66.45058450693523,67.1896990640314,3117400
2025-09-29,68.17852020263672,68.91763473129187,67.88886546107072,68.2634178237408,4276000
2025-09-30,68.51811218261719,68.6080087141696,67.55925902768713,68.08862515923614,3456600
2025-10-01,69.17733001708984,69.30218081098857,67.61419563898565,67.78898979855896,4213600
2025-10-02,69.73666381835938,70.04629136952889,69.09243703150611,70.04130008074134,3962800
2025-10-03,69.10741424560547,70.0712587219021,68.70789017894285,69.88648198443933,3938800
2025-10-06,70.15115356445312,70.53069717443304,69.75162956325576,70.31595750070778,3741600
2025-10-07,69.39706420898438,70.59063741774499,69.05746610868229,70.44580623869547,3275600
2025-10-08,70.97517395019531,71.05508028386438,69.5768512124235,69.59183269745054,2534200
2025-10-09,70.79039764404297,71.0001460559612,70.0512831039091,70.99015585912106,2289400
2025-10-10,65.82633209228516,71.32476599407747,65.74143446591884,70.92024301627872,9907600
2025-10-13,68.63297271728516,68.83772984204121,67.5742404550928,68.10360658618899,7482400
2025-10-14,67.71907806396484,68.76782022876304,65.89625178229448,67.08982514479771,8362200
2025-10-15,68.63796997070312,69.66174794950801,67.22465814556853,69.05746678670629,6604600
2025-10-16,68.12857818603516,70.01632152157984,67.1147903806607,69.29218846349629,8831200
2025-10-17,68.99754333496094,69.35211531593028,67.284586510759,67.63416720336524,7761200
2025-10-20,70.7204818725586,71.0051377115317,69.70669406623267,69.74164832492279,4817000
2025-10-21,70.68052673339844,70.98516295765629,70.20609526815419,70.7354613843396,4708600
2025-10-22,69.27720642089844,70.665546585175,67.97875516697813,70.5307055993532,7780600
2025-10-23,70.46578979492188,70.63558504255118,69.07245069394219,69.15235702939866,5162600
2025-10-24,71.90406036376953,72.2336682577052,71.47957227638601,71.67433919184127,7029000
2025-10-27,74.4809799194336,74.59084921384488,73.54209962911415,73.67694060321651,4927400
2025-10-28,75.60464477539062,76.02414160473793,74.74567072275323,75.02034398730953,5344800
2025-10-29,76.29381561279297,76.5734801364829,74.96041021715844,76.24387225343973,7443000
2025-10-30,73.93663787841797,75.71950316129286,73.90667490866521,75.40987564679794,7706000
2025-10-31,74.65078735351562,75.83936939449325,74.06149524195435,75.82438790828664,5028400
2025-11-03,75.31999206542969,76.21392041419888,74.79061828796465,76.0491164486137,4294200
2025-11-04,72.23367309570312,74.07647198397498,72.0688691376972,73.207507738204,7876600
2025-11-05,73.18253326416016,73.96160856872712,71.75923887796824,72.07386529673015,5082000
2025-11-06,70.44580078125,72.8729001766783,70.1361732946013,72.82296443834376,7409600
2025-11-07,69.97137451171875,70.0163189656178,67.41942415196974,69.65175680573572,9751200
2025-11-10,73.03771209716797,73.29240496528026,71.59443727062347,72.04889597476372,6672200
2025-11-11,72.6481704711914,72.92284370366878,71.6993076174914,72.42843188520952,4370800
2025-11-12,72.52332305908203,73.41725130775698,71.7642281687347,73.41725130775698,5287600
2025-11-13,69.5418930053711,71.8041888073411,69.02251704967593,71.68432930050939,8550000
2025-11-14,69.61180877685547,70.6505683030259,66.95997911710265,67.4993354645539,9982000
2025-11-17,68.4182357788086,70.44082018537839,67.56425298659903,69.02251698058456,8383600
2025-11-18,66.75521850585938,68.11359569080368,65.64155160903745,67.48435046171564,9274400
2025-11-19,67.51431274414062,68.93760714264619,66.35569378395613,66.91503049107054,6362400
2025-11-20,64.33312225341797,70.70550418082442,64.13335640630135,70.18612059860908,7790000
2025-11-21,65.28197479248047,66.78018411430247,63.22443261885998,64.682692587809,10246000
2025-11-24,68.64795684814453,68.93760395450815,66.38066239550602,66.39065259167657,6323800
2025-11-25,69.4270248413086,69.73665234152148,66.8101497128235,68.20847999232154,6988000
2025-11-26,70.65555572509766,71.07506016368436,69.76661872524492,70.26602187663578,5542200
2025-11-28,71.72428131103516,71.74426170532831,70.88528763762713,71.02511991652847,4196700
2025-12-01,71.26483154296875,71.79419768918206,70.18611885618255,70.46579103520274,3899600
2025-12-02,72.38349151611328,72.76303515493784,71.35472227853883,71.77421908254814,4059600
2025-12-03,72.70310974121094,72.8729049792544,71.43462150338708,71.80418256879386,3311300
2025-12-04,72.53331756591797,73.05269349841919,71.79419540389465,73.02273052812127,3357200
2025-12-05,73.13259887695312,73.92165677239811,72.7031118609587,72.86291690722152,3703900
2025-12-08,72.80299377441406,73.89169665147318,72.22368426626473,73.50215516680971,2875400
2025-12-09,73.01273345947266,73.18252868870508,72.20370285642325,72.5133303474102,2782400
2025-12-10,73.57207489013672,73.95161853657417,72.03391229096299,72.70311067558451,4132600
2025-12-11,73.09264373779297,73.13259690335232,71.25483622349883,72.69311970248667,5511400
2025-12-12,70.25603485107422,72.58325547046832,69.74664910027029,72.26363774396309,8015500
2025-12-15,69.546875,71.36470203243988,69.27720067102625,71.36470203243988,5727600
2025-12-16,69.81656646728516,70.21609053751284,68.7178809893749,69.0175183268298,6377200
2025-12-17,67.1996841430664,70.21608332413379,67.17971137073637,70.09622382929244,9929200
2025-12-18,69.15734100341797,69.99634219639982,68.6679280860125,69.29717326553381,5479100
2025-12-19,70.9651870727539,71.04508578129321,69.75662480504619,69.77660519739621,5733500
2025-12-22,71.5844497680664,72.1537690866713,71.25484184142996,72.10383334100041,4336300
2025-12-23,72.27362823486328,72.31358140337477,71.2548414885394,71.3447380227622,4157400
2025-12-24,72.66629028320312,72.73622865676361,72.14674154585867,72.19670079384946,2534000
2025-12-26,72.61632537841797,72.98600396570322,72.43648277145628,72.78617461201777,2707500
2025-12-29,71.8969497680664,72.33656669177532,71.40738122656958,71.7171071740682,4585500
2025-12-30,71.5472640991211,72.18670279433364,71.5072982278315,71.64717496598983,2467300
2025-12-31,70.34832000732422,71.64717655076853,70.28836738770845,71.58723155386346,3960500
2026-01-02,70.03858184814453,72.25663806189178,69.37916405694709,71.64717189062932,7355500
2026-01-05,71.13761901855469,71.79704445504899,70.87785229149068,71.44735261268555,5097800
2026-01-06,72.39651489257812,72.52639825183813,71.27749341111043,71.4273635165398,4801600
2026-01-07,72.52639770507812,73.42561070816515,72.186699249862,72.28661011182497,4126600
2026-01-08,71.68714141845703,72.3665459904672,71.07767521609303,72.30660099440209,4344600
2026-01-09,73.07592010498047,73.36566694542749,71.33744668500866,71.86698112272862,4090000
2026-01-12,73.20580291748047,73.57548149515479,72.05681656017991,72.06680231057176,3879200
2026-01-13,72.94603729248047,73.71535933325238,72.38652273102691,73.19581826480659,4804900
2026-01-14,71.42736053466797,72.29660101170201,70.23840835937322,72.01684755869148,5370100
2026-01-15,71.8769760131836,73.1558533892493,71.66716090830192,73.05594252350237,4026000
2026-01-16,71.68714141845703,72.85611457799038,71.19757283093385,72.73622458586014,4071300
2026-01-20,68.66978454589844,70.28836028035532,68.4499760825253,69.24927057704316,7404900
2026-01-21,70.47820281982422,71.4573400008794,68.62982507693746,68.97951692731432,9095800
2026-01-22,71.5472640991211,71.91694269151701,70.86785953261895,71.90694931801697,4275600
2026-01-23,71.98687744140625,72.58635023519028,71.02771182409961,71.25751366678374,4766500
2026-01-26,72.59634399414062,73.07591918263343,71.83700771919848,72.06680194039414,3777100
2026-01-27,73.89520263671875,74.1050177407307,73.00598297664936,73.37566156336207,3335500
2026-01-28,74.29485321044922,75.15410036728788,74.03507886419999,74.90431939431642,4422900
2026-01-29,73.45558166503906,74.45470550914995,70.84787544480288,74.22491129372203,6630900
2026-01-30,71.64717102050781,73.13586343619077,71.0776707257358,72.52639727233002,6850500
2026-02-02,72.66629028320312,73.16585227226686,70.91782332148007,70.92780907290941,4547900
2026-02-03,70.39826965332031,73.22579214282716,69.10939889708528,73.12588127655454,4970500
2026-02-04,67.92044830322266,70.06855866049462,66.73148838396726,70.04857953583205,10802600
2026-02-05,65.98214721679688,67.71062739845104,65.45261273776165,66.66155181433717,12348100
2026-02-06,68.729736328125,69.10940067883347,66.33183736220825,66.63157759146435,11017200
2026-02-09,69.7688217163086,70.24839690549855,67.6806488628597,68.24016341386157,6467000
2026-02-10,69.11939239501953,70.36829728245289,69.00948815510856,69.97863956739052,3960700
2026-02-11,69.45909118652344,70.45821510108782,68.26014553813039,70.21842749595132,4081200
2026-02-12,66.63157653808594,70.05857188211489,66.40177468292778,69.81877665341666,6782700
2026-02-13,66.86137390136719,67.89047036557598,65.68240731788187,66.56164128552504,4856000
2026-02-17,66.71150207519531,67.32096828800461,64.96303518136456,66.09205011134442,4688200
2026-02-18,67.69064331054688,68.59984970616513,66.62158105689757,66.90133452548463,3790900
2026-02-19,67.18109130859375,67.71062577493215,66.58161847165802,67.04121456739911,3421200
2026-02-20,68.34007263183594,68.68976445360319,66.21193396004809,66.41176330299366,3453200
2026-02-23,66.69152069091797,68.14024730478256,66.15199286723248,67.85050808017802,4681200
2026-02-24,68.0703125,68.34008023732116,66.30186644870595,66.89134592490035,3174600
2026-02-25,70.01860809326172,70.08854646470128,68.7996756572774,68.7996756572774,2925400
2026-02-26,68.38004302978516,69.82876965422886,67.17110401004919,69.79879715647921,3747000
2026-02-27,67.93042755126953,68.13025689231903,66.76145449129227,66.92131796413187,3752000
2026-03-02,68.0703125,68.47995698159477,65.8122978437483,66.00212621228486,4495300
2026-03-03,66.62158203125,67.12114398180745,64.43349824854103,65.42263639899629,6669400
2026-03-04,68.58985900878906,69.09941434514317,67.01124137707909,67.17110486405709,5079700
2026-03-05,68.2001953125,69.06942817297798,66.71149530561046,67.87048261652768,5983400
2026-03-06,66.13201141357422,67.52079298345656,65.82227783034227,66.25190139947415,6292600
2026-03-09,67.88047790527344,68.21018298784213,64.2436676423163,64.88310630683337,6123900
2026-03-10,67.85050964355469,69.0894211805397,67.36093343023646,67.90046126635347,5540600
2026-03-11,67.84051513671875,68.87960491973067,67.26102143841605,68.13026198587009,5077500
2026-03-12,65.52254486083984,67.0312164078255,65.45260649523594,66.72149044910967,5388300
2026-03-13,64.70326232910156,66.87135924305129,64.45348136788034,66.01211212663351,5815100
2026-03-16,66.13201141357422,66.90133343970285,65.86224369987897,66.06207304756252,3004600
2026-03-17,66.79142761230469,67.35094214977343,66.47170828634113,66.7314826207834,3213900
2026-03-18,64.8930892944336,66.73148109368647,64.84313767687895,66.37179590736982,4568200
2026-03-19,64.47346496582031,65.09292453682055,63.2045771373818,63.72412203014558,5470700
2026-03-20,62.07556915283203,64.0638273965505,61.316232852287754,64.03384727638746,7178100
2026-03-23,63.52429962158203,65.00299873022112,63.064699729287064,64.02386157339181,19902000
2026-03-24,62.585121154785156,63.4643512633575,62.18547387732881,62.78494669919095,5354100
2026-03-25,63.3875846862793,64.19704059979048,62.97785900562096,63.71736203307924,3108400
2026-03-26,60.389591217041016,62.71803118119388,60.319638330487905,62.28832222614468,5020800
2026-03-27,58.01118087768555,59.77999772623705,57.791330585176325,59.73003192394615,7692800
2026-03-30,57.12177658081055,59.130430803289904,56.56214968410885,58.98053339656102,8459000
2026-03-31,60.95920944213867,61.259008070408434,58.310979966105236,58.330967049609406,9515200
2026-04-01,62.44821548461914,63.177726886328,61.658742831701964,61.85860985691658,6712200
2026-04-02,62.558135986328125,62.7679984502901,59.77999627520696,60.21970066169887,5847700
2026-04-06,63.30763626098633,63.767331555715415,62.49818034864423,62.8179660593232,5359900
2026-04-07,63.34761047363281,63.397576276185056,61.1290937685663,62.67806033271065,5676600
2026-04-08,67.03514862060547,67.90456201338904,66.2456759411597,67.6647246247894,5157600
2026-04-09,67.96452331542969,68.06445491978836,66.4055613151221,67.04513273216887,3493200
2026-04-10,68.14440155029297,68.73400333828188,67.82461584975995,68.32428148336106,4318400
2026-04-13,69.54346466064453,69.59343427762741,67.49483997732952,67.84460442333032,3796300
2026-04-14,72.05178833007812,72.06178377831361,70.18304359757671,70.18304359757671,14742700
2026-04-15,74.06044006347656,74.13039294649228,71.97183377179168,72.19168786821035,4557900
2026-04-16,74.74998474121094,75.18968533134768,73.57077349511673,74.50015191470193,3949400
2026-04-17,76.67869567871094,76.97849050068422,75.57942512526351,75.9491804590861,5542400
2026-04-20,76.218994140625,76.64870690033625,75.19967957941998,76.48881785855373,4289200
2026-04-21,75.61940002441406,76.998482141425,75.12972980678344,76.56876936391033,6332200
2026-04-22,78.12772369384766,78.18768113388117,76.59874797864909,76.97849113934967,4155900
2026-04-23,77.2483139038086,78.55743549015207,75.84924853424461,77.75796738631755,5395800
2026-04-24,80.18634033203125,80.31625827888523,78.4375105798259,78.88721423354,4817100
2026-04-27,80.23631286621094,80.27628703405985,79.38688276622706,80.00646330715291,3866600
2026-04-28,78.61739349365234,79.1070713323044,77.71799377645698,78.56743150198717,3800200
2026-04-29,79.58674621582031,79.59674166388524,78.37755622592414,78.84724316916748,5793000
2026-04-30,80.99580383300781,81.26561992571557,78.59740722018016,80.48614274201243,4916100
2026-05-01,82.54476165771484,82.99446530531893,81.26561884765378,81.36555045013495,4503300
2026-05-04,82.2249755859375,83.18433268917494,81.27561393019106,82.66468378403103,4732800
2026-05-05,84.33356475830078,84.63336718721523,83.36421221234221,83.45415599073354,3972100
2026-05-06,87.79125213623047,87.8811959167932,85.55275218565006,85.88253334055895,5090100
2026-05-07,87.60138702392578,89.21030343207765,86.83189763921243,88.02110434779148,7225600
2026-05-08,91.6586685180664,91.67865178947835,88.75061076074229,88.84055454282806,3645200
2026-05-11,92.19831085205078,92.54807529349434,91.09904791138833,91.45880017666383,3982000
2026-05-12,90.62935638427734,91.38884266893842,87.91117407795267,90.86919375710228,5528200
2026-05-13,92.48811340332031,93.04773648270408,90.00976846379162,91.31889000633262,3761500
2026-05-14,93.83721160888672,94.41682559898042,92.40816752947241,92.51809458360373,4528700
2026-05-15,90.96912384033203,92.57804778705399,90.09971051925976,91.26892626957299,6414500
2026-05-18,90.13967895507812,91.74860293561711,88.39084920443076,91.64867133186722,6049100
2026-05-19,89.07039642333984,90.3195605539368,87.46147241318755,88.6107049381953,4158100
2026-05-20,91.98844909667969,91.98844909667969,89.62003117397339,89.99977432274072,3884100
2026-05-21,92.31822204589844,92.97778435853388,90.35953362773647,90.89917344054018,3999800
2026-05-22,93.0377426147461,94.25692802206922,92.66799491285786,93.20762710611596,4042000
2026-05-26,96.33554077148438,96.58537360148081,94.77657872778744,95.23627784435864,4142400
2026-05-27,96.12567901611328,97.07504068983444,95.08637356185527,97.04506197108637,4035800
2026-05-28,97.724609375,97.99442547305912,95.33620816247075,96.18563824811503,3614200
2026-05-29,98.39415740966797,99.28356164340603,97.6146802272272,98.32420452468719,4821500
2026-06-01,99.5633773803711,100.34286221996328,97.77457338983656,98.09436673384954,4830700
2026-06-02,100.46277618408203,100.5327290713741,98.62401021852325,99.49342358568279,3891700
2026-06-03,99.9331283569336,101.12233502415475,99.09369373839581,100.78255842310901,4401500
2026-06-04,98.95378112792969,99.7132750442585,96.81521277410009,97.59469758586246,4130800
2026-06-05,89.4801254272461,96.51541868711108,89.2202971547045,96.11568464265311,8437900
2026-06-08,92.18830871582031,93.96711713836345,91.47878443628302,92.64800018040958,6023600
2026-06-09,90.05973815917969,94.65666054584355,84.54342519574894,93.95712407168847,10184800
2026-06-10,86.45215606689453,90.91916836152946,86.26228067316055,88.46080656403521,7232200
2026-06-11,92.11836242675781,92.59804482048402,86.7819291528356,87.85122099667751,6688400
2026-06-12,93.31755065917969,94.00709167090346,90.73928179330649,92.40816317384848,7289100
2026-06-15,99.11367797851562,99.3735062495862,97.47477526738008,97.62467648623974,4768600
2026-06-16,95.39616394042969,99.21360915973429,95.32621105516597,98.7039480675028,3520400
2026-06-17,93.4974365234375,96.89516456042647,93.04774047596095,96.7652542326493,5566100
2026-06-18,97.84452819824219,98.38416037407399,96.00575469882313,97.20494917179326,3727200
2026-06-22,97.61468505859375,99.57337355929181,96.65532789239224,98.66398600953232,3493600
2026-06-23,91.15900421142578,93.75726411802961,90.74927471064996,91.67865314302938,5692200
2026-06-24,90.37000274658203,92.73999786376953,88.80000305175781,91.58999633789062,4405200
2026-06-25,91.7699966430664,94.47000122070312,88.9800033569336,94.22000122070312,4754900
2026-06-26,89.12000274658203,91.5199966430664,88.30000305175781,89.38999938964844,4520400
2026-06-29,93.68000030517578,93.79000091552734,88.91000366210938,91.12000274658203,4209300
2026-06-30,96.76000213623047,97.16000366210938,93.63999938964844,93.69000244140625,3942000
2026-07-01,93.9000015258789,95.6500015258789,93.73999786376953,94.93000030517578,4558100
2026-07-02,90.61000061035156,95.29000091552734,89.30000305175781,93.97000122070312,6283700
2026-07-06,93.13999938964844,93.9800033569336,92.05000305175781,92.4000015258789,2936200
2026-07-07,89.69000244140625,91.4800033569336,88.54000091552734,90.91000366210938,4543600
2026-07-08,90.13999938964844,90.37999725341797,87.54000091552734,88.55999755859375,4867500
2026-07-09,93.13999938964844,93.41999816894531,91.12999725341797,91.9000015258789,2926500
2026-07-10,93.69999694824219,93.94000244140625,91.5199966430664,92.45999908447266,2857700
2026-07-13,90.12999725341797,91.94000244140625,89.69999694824219,91.66999816894531,5029600
2026-07-14,92.12999725341797,92.80000305175781,90.77999877929688,92.27999877929688,3908600
2026-07-15,91.61000061035156,93.30999755859375,89.7300033569336,93.16999816894531,4532900
2026-07-16,88.56999969482422,90.55999755859375,87.76000213623047,90.13999938964844,4334400
2026-07-17,85.91000366210938,87.6500015258789,83.7699966430664,84.9800033569336,5352100
2026-07-20,86.02999877929688,88.45999908447266,85.94999694824219,87.5999984741211,3420000
2026-07-21,89.2300033569336,89.5,87.73999786376953,88.66000366210938,2825000
2026-07-22,88.27999877929688,89.37000274658203,87.87000274658203,87.9000015258789,2507100
2026-07-23,85.0,86.62999725341797,83.9000015258789,85.63999938964844,5985900
2026-07-24,83.0,85.08000183105469,82.58999633789062,84.54000091552734,4115500
2026-07-27,82.4800033569336,84.94000244140625,80.98999786376953,84.81999969482422,4033400
2026-07-28,80.87000274658203,81.81999969482422,79.05000305175781,81.05000305175781,5230500
2026-07-29,77.58000183105469,81.94000244140625,77.44999694824219,80.87999725341797,8074300
2026-07-30,82.68000030517578,83.04000091552734,80.2699966430664,80.61000061035156,5777700
2026-07-31,83.66999816894531,85.58999633789062,81.79000091552734,84.69000244140625,7365000
