Date,Close,High,Low,Open,Volume
1999-03-10,43.02705383300781,43.1060508718689,42.36874517583205,43.079718525581875,5232000
1999-03-11,43.23771667480469,43.59320338315418,42.39508151427256,43.34304606987121,9688600
1999-03-12,42.18442153930664,43.106053720252795,41.84210101495522,43.07972137222576,8743600
1999-03-15,43.39570236206055,43.44836704939314,42.0527528350793,42.500402677406385,6369000
1999-03-16,43.764366149902344,43.948692601797234,43.106057393134854,43.58003969800745,4905800
1999-03-17,43.44838333129883,43.81703628077651,43.31672156362822,43.764371573708274,3965000
1999-03-18,44.2910041809082,44.317336525843345,43.38253828064582,43.39570445311339,4848400
1999-03-19,43.15873718261719,44.87034054861482,43.1324048231403,44.87034054861482,7160400
1999-03-22,42.63206481933594,43.448367481102096,42.553067787552116,43.343038105390335,5024800
1999-03-23,41.13113021850586,42.55307710186009,41.05213316943062,42.39508300370962,10962400
1999-03-24,42.52674102783203,42.553073375217686,40.8678031425358,41.499779479791506,8447000
1999-03-25,44.08033752441406,44.08033752441406,42.901965299672405,43.18503795701258,8133800
1999-03-26,43.606380462646484,44.21202463573879,43.4220539751836,43.71170988405384,8256200
1999-03-29,45.18629837036133,45.212630712069,43.869681284977844,44.133004702054535,5113800
1999-03-30,44.87031555175781,45.502291827134684,44.68598913810623,45.13363899983151,4940600
1999-03-31,44.212005615234375,45.6602845365196,44.08034389511754,45.607619848472865,8256600
1999-04-01,45.13363265991211,45.55495011764758,44.396327108875035,45.50228543543064,8715800
1999-04-05,46.76624298095703,46.832073841009056,45.58128750002062,45.86436019824432,5697200
1999-04-06,46.8584098815918,47.371890630505,46.318596786580486,46.713581978052176,7522400
1999-04-07,46.37126922607422,47.3982308954762,45.37063990716972,47.292901493486255,11923600
1999-04-08,46.73993682861328,46.96376187821509,45.34432181344905,46.29228672940966,7952400
1999-04-09,47.02958679199219,47.13491621369878,46.529272038885885,46.660933816019124,4946800
1999-04-12,46.713592529296875,47.029580753846794,45.87095726383041,45.92362196792207,10934000
1999-04-13,46.08159255981445,47.10855376543317,45.712939819335936,47.00322441101074,9962200
1999-04-14,44.50166702270508,46.71358420016498,44.24492663603563,46.66091950546355,21253800
1999-04-15,45.10730743408203,45.17972138355297,43.07971684889562,44.65965756462529,17650600
1999-04-16,43.79068374633789,45.00197145068638,43.55369267374797,45.00197145068638,17274000
1999-04-19,41.73676681518555,44.44899834954776,41.295700036539266,44.08034551963445,19460600
1999-04-20,42.68473434448242,43.02705485433947,41.157458223581756,41.552443427262965,17413600
1999-04-21,44.79132080078125,44.817653146931036,42.500406685750114,43.07971830104534,10940400
1999-04-22,46.00261306762695,46.134274810808485,44.91640368637932,45.21264260853776,13630600
1999-04-23,46.6082649230957,46.95058551292635,45.291647269900906,45.765629625051034,7064400
1999-04-26,47.681304931640625,48.03020858501312,46.772838815312255,46.92424983470031,5421000
1999-04-27,46.95058822631836,48.267205955603785,46.351527159493486,48.030214764332406,16482800
1999-04-28,45.344303131103516,46.71358522333196,45.140227434665626,46.555591135767145,7676800
1999-04-29,44.97563934326172,45.3969568078356,44.02767504797048,45.13363339247692,19148200
1999-04-30,45.26531982421875,45.84463165442981,43.65904611317899,45.60764045116165,15295200
1999-05-03,45.02830505371094,45.31796081721434,44.27125021728159,45.13363442225763,11109800
1999-05-04,44.31733703613281,45.81828071471842,44.054013583749374,45.10730739328313,15428400
1999-05-05,45.660274505615234,45.660274505615234,43.000708343523456,44.34365759368861,12642600
1999-05-06,44.00135040283203,45.63395586361934,43.580032864564345,45.23897067149338,15173400
1999-05-07,44.633323669433594,44.76498539117233,43.448368173784914,44.396332570303855,16430400
1999-05-10,45.08098220825195,45.383804226590094,44.39634112331355,44.922988111727705,10604200
1999-05-11,45.79196548461914,46.02895668034173,45.18632131777254,45.44964486857541,8800800
1999-05-12,46.73993682861328,46.897930981273376,44.65968048525528,46.00263078286614,12507400
1999-05-13,45.87095260620117,47.18757007480625,45.660293811224356,47.10857302668995,9864000
1999-05-14,45.001983642578125,45.50229826470158,44.65966311165155,44.97565129404531,12205400
1999-05-17,45.811702728271484,45.94994755616252,44.16593096766395,44.606997799506765,9906800
1999-05-18,45.60761260986328,46.028930047367794,45.08096581298264,45.76560664892747,9267800
1999-05-19,46.239601135253906,46.26593348214186,45.08097787218376,45.791951238158624,7985600
1999-05-20,44.96905517578125,46.338336902697144,44.89664123830012,46.338336902697144,5997200
1999-05-21,44.55432891845703,45.23896990656571,44.31733780718864,45.10730817808327,10958600
1999-05-24,43.42204666137695,44.712331856287484,43.132390801294996,44.63333480353786,9569800
1999-05-25,42.000083923339844,44.00134184069021,41.81575753621547,43.36936565626378,17771200
1999-05-26,43.1718864440918,43.343046713617014,41.23645878099893,42.55307623888523,26772000
1999-05-27,43.13237762451172,43.75777076772427,42.44773670983693,43.000715910151186,23334800
1999-05-28,43.84336853027344,44.080359711518156,42.84273909835128,43.39571852125563,12969800
1999-06-01,42.86906051635742,43.97501908004723,42.632069395566745,43.76436030601108,6960200
1999-06-02,43.59320068359375,43.81702563424947,41.769685644428016,42.84272879021868,11996600
1999-06-03,42.97439193725586,43.92235646528356,42.71106845724817,43.92235646528356,11147800
1999-06-04,44.2910041809082,44.442415164285265,43.29037507337282,43.29037507337282,12987200
1999-06-07,45.21263885498047,45.49571157932004,44.501665500825276,44.6004118000135,11491800
1999-06-08,44.08033752441406,45.528616236387045,43.84992954750927,45.31795751464552,8134800
1999-06-09,44.81764221191406,44.942720825607715,44.21199839823955,44.238330737964525,8384400
1999-06-10,44.304168701171875,44.60699065663308,43.77093873612063,44.3436672171016,9392400
1999-06-11,43.63270568847656,44.65308429163194,43.237720422738995,44.607002677295895,16567600
1999-06-14,42.80980682373047,43.790686604867766,42.71106053703879,43.790686604867766,14136800
1999-06-15,43.44838333129883,43.7051237782565,42.79007449294581,42.915153172232884,9147800
1999-06-16,45.68003463745117,45.68003463745117,44.4753298761522,44.52799456517073,15060200
1999-06-17,46.18694305419922,46.39760185946353,45.080984326561605,45.080984326561605,16278200
1999-06-18,46.39761734008789,46.52927913730721,45.68664363510357,45.76564071343516,5392800
1999-06-21,47.7866325378418,47.812964888048626,46.63459221629306,46.713589266913544,10565200
1999-06-22,46.34493637084961,48.10920383496718,46.34493637084961,47.50355978012085,10862800
1999-06-23,47.07567596435547,47.18758849286813,46.055297027916495,46.351536073979425,9607000
1999-06-24,46.1408576965332,47.08223915617142,45.923615821232076,47.05590680765007,14988800
1999-06-25,46.08159255981445,46.81889804077149,45.66027514212472,46.45024530029297,8635600
1999-06-28,47.17438888549805,47.240219737975714,46.09476290486426,46.47658184923475,7666200
1999-06-29,47.819522857666016,48.00384921229358,46.89789108452818,47.13488211190648,9000400
1999-06-30,48.55683517456055,50.5054283431709,47.299465934004544,47.865611246506205,19467600
1999-07-01,48.88600158691406,49.16249122691546,47.87220624024227,48.71484133357986,6822600
1999-07-02,49.50482177734375,49.5574864813622,48.87284532912234,48.87284532912234,3302000
1999-07-06,49.18882751464844,50.268453814488154,48.925504026882656,49.76813918773316,8794800
1999-07-07,49.26782989501953,49.47848870803939,48.82017991735233,49.1625004885096,10520000
1999-07-08,49.92613983154297,50.130215561339625,49.03083985566087,49.267831025747306,11225000
1999-07-09,50.426429748535156,50.479094427123705,49.74178892688403,50.11044167700386,4206800
1999-07-12,50.16312789916992,50.87410136545737,49.873472042534296,50.61077785942498,7816200
1999-07-13,49.92613983154297,50.11046629716576,49.53115454806557,49.92613983154297,6230000
1999-07-14,50.77534484863281,50.87409114355431,49.71546794980877,50.42644127324353,6909400
1999-07-15,51.24274444580078,51.24274444580078,50.6700159300268,50.953088644719685,6539800
1999-07-16,51.71672439575195,52.0063801841192,51.24932528270481,51.269074541002574,4913800
1999-07-19,51.19008255004883,51.92738826579027,50.98600686087039,51.92738826579027,6833000
1999-07-20,49.21516799926758,50.637115068267285,49.08350623361946,50.564701097160814,14837400
1999-07-21,49.452144622802734,49.88004523522049,48.925497715211655,49.320482895904966,10980400
1999-07-22,48.194786071777344,49.45215584909048,48.05654122715129,49.45215584909048,15148400
1999-07-23,48.2672119140625,48.7609436234944,47.76689711517151,48.55686785026255,12115000
1999-07-26,47.08223342895508,48.13552724168338,47.003236393000456,47.60888033531923,10720000
1999-07-27,48.03019714355469,48.76750280146013,47.62204579721418,48.03019714355469,13732800
1999-07-28,48.97159957885742,49.241506230656476,47.98413621861698,48.6095296801026,10161800
1999-07-29,47.92486572265625,48.451512598729394,47.45088353419042,48.05652744167454,13033800
1999-07-30,47.68788146972656,48.662178330234504,47.615467513877995,48.13553137860859,10947400
1999-08-02,47.556217193603516,48.714840425341364,47.371890770372495,47.7668759630104,9642400
1999-08-03,47.2468147277832,48.214528503035275,46.555590602603154,48.2079454161288,13005000
1999-08-04,46.39101791381836,47.602306021685905,46.35151938856181,47.246819294376955,13227600
1999-08-05,47.128326416015625,47.128326416015625,45.29164488646284,46.39760365694624,18695200
1999-08-06,46.621429443359375,47.66155735243178,46.29227504175418,46.792589732194074,12392200
1999-08-09,46.022361755371094,46.92424468492135,45.93019853629296,46.79258294338116,7983400
1999-08-10,45.60761260986328,46.233005681159035,44.60698369579007,45.897268348147634,16767200
1999-08-11,47.10854721069336,47.18754421551844,45.72609962625434,46.42390650220927,13101400
1999-08-12,46.555599212646484,47.60889331248011,46.45026980266312,47.29290508253003,12715000
1999-08-13,48.58319854736328,48.63586326123576,47.45090719910495,47.52990426991367,14342600
1999-08-16,48.97159957885742,49.13617680556416,48.2408766922795,48.556864967556436,11470600
1999-08-17,49.21516799926758,49.4521591774342,48.31986799286035,49.39949447117495,11408400
1999-08-18,48.66217803955078,49.58381019939076,48.477851607582785,48.978166208638775,7035200
1999-08-19,48.08287048339844,48.55685277732022,47.77346537486617,48.214532231710045,10157800
1999-08-20,48.84650421142578,48.84650421142578,47.87220736192564,48.135530834763514,6920800
1999-08-23,50.400115966796875,50.400115966796875,49.1822448260109,49.294157309218264,9652000
1999-08-24,50.742427825927734,51.29540706014905,49.932708232960806,50.03145452478604,13891400
1999-08-25,51.8220329284668,52.03269159890772,50.50541623821103,51.05839524811845,11352000
1999-08-26,50.95966720581055,52.00637784858588,50.88067017616712,51.822051446084565,9753000
1999-08-27,50.452781677246094,51.34808156087155,50.32111992965412,51.341498473491946,9635400
1999-08-30,49.74180603027344,50.821432312561,49.61014428853105,50.66343822247014,10141600
1999-08-31,50.29479217529297,50.61078039838382,48.97817457908111,50.08413335989907,14590400
1999-09-01,50.656856536865234,51.08475720936637,50.29478673705658,50.6107749259805,10752000
1999-09-02,50.47911834716797,50.74244186488924,49.610150738687764,49.715480145776276,14583200
1999-09-03,52.79634094238281,52.81609019709941,51.74304735749737,51.92737373485232,14195400
1999-09-07,52.559349060058594,53.21765754026975,52.48035204243326,52.69101075610083,9009000
1999-09-08,51.84839630126953,52.770028536182906,51.42707870816628,52.24338154480383,14303400
1999-09-09,52.5856819152832,52.71734361261741,51.61138535501005,51.87470874967847,12677600
1999-09-10,53.19135284423828,53.71141681387873,52.69103813926772,53.29668225581103,10251000
1999-09-13,52.552799224853516,53.24402356640552,52.26972639926556,53.13869414293093,7240800
1999-09-14,52.842437744140625,53.211090604944395,52.243376845334495,52.34870623413558,10022600
1999-09-15,51.8220329284668,53.50071920854289,51.76936826085657,53.50071920854289,16096000
1999-09-16,51.79572296142578,52.26970517459592,50.72267989549894,51.79572296142578,15371000
1999-09-17,53.34933853149414,53.454667926423056,52.190715187276105,52.26971223347279,14506400
1999-09-20,53.47441864013672,53.71799287252439,53.112348835236126,53.50733407694586,6187200
1999-09-21,52.190704345703125,53.11233635988052,52.03929337194541,53.007006986831676,12265800
1999-09-22,52.743682861328125,53.020172461949166,51.63772445884396,52.26970068883492,12441800
1999-09-23,50.558101654052734,53.401994872093205,50.24869660486778,53.29666549364726,19766000
1999-09-24,50.62392807006836,50.8214206373118,49.399474153159034,50.24210910673104,23570800
1999-09-27,50.97941970825195,51.716725365189475,50.821425638908195,51.348072536720714,12608800
1999-09-28,51.2164192199707,51.40074566446417,49.63647826716955,50.72268767222034,20622000
1999-09-29,50.18946838378906,51.585083191942694,50.18946838378906,51.21643022375117,15557000
1999-09-30,50.716094970703125,51.2427418551341,50.03145402094285,50.66343028226002,17604200
1999-10-01,50.7358512878418,50.7358512878418,49.50481402420791,50.03146098191225,19607400
1999-10-04,51.87472152709961,52.0590479487695,50.71609830517454,51.00575411065581,12434200
1999-10-05,52.24337387084961,52.8753501676744,51.13741535140622,52.05904745094237,19526400
1999-10-06,53.29008865356445,53.36908569665807,51.76281248708799,52.559366004948565,19098200
1999-10-07,53.165008544921875,53.84306647955869,52.77002334027907,53.586326096540866,22013600
1999-10-08,53.72455978393555,53.87597074766922,52.24336557349742,52.95433879450772,22523200
1999-10-11,54.48161697387695,54.50794931654195,53.74431137925706,53.87597309258204,13016000
1999-10-12,53.24400329589844,54.731780836065724,53.086009220836424,54.29729712964519,20182800
1999-10-13,51.664058685302734,53.270331661757105,51.45339993429233,52.63835540872588,22570600
1999-10-14,51.986637115478516,52.34870689404649,51.00575716990345,51.84839229093438,22130400
1999-10-15,50.452781677246094,51.40074625990834,50.143376570404946,50.66344047339326,33703000
1999-10-18,49.814212799072266,50.68976325530018,48.37910002119494,50.505436843462725,24714800
1999-10-19,50.08414077758789,50.610787894071464,49.241505391214176,50.354047424785726,26657200
1999-10-20,51.61140441894531,52.026138918740415,50.34745165766502,50.84776629233847,22486400
1999-10-21,52.454044342041016,52.454044342041016,50.40012091900929,50.76877384109191,22454800
1999-10-22,52.217044830322266,53.296671072401544,52.032718398747754,52.76344103820385,16589400
1999-10-25,52.24337387084961,52.816102389847075,51.769391648231014,51.98005041383928,13855400
1999-10-26,51.8220329284668,53.164981952527675,51.716703593246336,52.8753262806714,13542400
1999-10-27,51.74306869506836,51.92739514843501,50.93334891777912,51.690403994106454,15225200
1999-10-28,53.53364944458008,53.71797583223972,52.08537068439715,52.55935282409338,14103800
1999-10-29,55.40327453613281,55.82459221321367,54.586971536788646,54.77129802051152,19000000
1999-11-01,55.1136360168457,56.0616010892807,55.041222018256924,55.40329201120084,9681800
1999-11-02,55.14652633666992,56.08790788927154,54.93586752769613,55.403266760106725,12834800
1999-11-03,56.24589157104492,56.56187972593843,55.77190933870465,55.92990341615141,18752600
1999-11-04,56.87787628173828,57.14119978304262,56.27223222873829,57.02928729498828,20048600
1999-11-05,57.457183837890625,58.326151329481085,57.457183837890625,58.036495498950934,15134600
1999-11-08,58.61581039428711,58.81988610433011,57.48351935791948,57.66784580570025,10890800
1999-11-09,58.220821380615234,59.19511825582227,57.720506769022435,59.089788863908,14629800
1999-11-10,58.98443603515625,59.484750447954454,57.98380720955985,58.2471305847168,16561000
1999-11-11,60.03776931762695,60.11676638251857,59.08980453892758,59.616451638205014,18501400
1999-11-12,60.82771682739258,60.88038151728642,58.45780578216949,60.35373461834796,28646600
1999-11-15,60.70922088623047,61.09103988551493,60.40639892128072,60.88038112728902,10909400
1999-11-16,62.24966812133789,62.53932393746933,60.66972730607551,60.933050775285906,19126400
1999-11-17,61.40703201293945,62.51957365211042,61.091043855068406,62.249667100595566,21683600
1999-11-18,63.2898063659668,63.2898063659668,61.45970795014208,61.82836086843771,17738400
1999-11-19,63.85594177246094,63.9612711609516,62.7763155404317,63.01330666453568,17939400
1999-11-22,62.881622314453125,65.30419737849402,62.881622314453125,63.9875804958631,18841800
1999-11-23,63.171287536621094,64.46157227580177,62.56564367945466,64.4089075925699,24047600
1999-11-24,65.2515640258789,65.50830444123497,62.69732604746476,63.355634804788,18617800
1999-11-26,65.4622573852539,66.3838901320294,65.19893374331805,66.06790176170637,8045200
1999-11-29,64.3825912475586,65.8835350925937,64.30359420308307,65.33055578126498,20485200
1999-11-30,61.93368911743164,64.61958890058557,61.93368911743164,64.51425949732463,23702400
1999-12-01,63.2766227722168,63.59261090091701,62.144331977707715,62.61831417075803,23205800
1999-12-02,65.28450012207031,65.40957882554105,63.474150466572745,63.513649004510874,17229200
1999-12-03,66.67350006103516,67.56879982488792,66.48917363906547,66.83149413700917,21444600
1999-12-06,67.2791748046875,67.83215432363014,66.30487755702666,66.93027106059274,16018400
1999-12-07,67.2791748046875,67.75315724949547,66.42995625773987,67.4898336690466,23397000
1999-12-08,66.46287536621094,67.82557497009422,66.30488120923896,67.29892778018764,19563000
1999-12-09,66.7788314819336,67.77946066029064,65.09356128680594,67.41080780510646,28445400
1999-12-10,67.33180236816406,67.56879345980015,65.83085878780217,67.33180236816406,20428400
1999-12-13,68.24686431884766,68.5365201527465,66.8051682364875,67.10140715752041,16209200
1999-12-14,67.01582336425781,68.43777010754658,66.56817346359283,68.04278490107748,27760200
1999-12-15,68.30609130859375,68.30609130859375,65.67285725660479,66.25216874804235,31797200
1999-12-16,69.99137878417969,70.14937286721396,68.88542020293983,69.20140836900836,27219600
1999-12-17,70.59700775146484,71.5186397064448,70.30076890879272,71.20265160759453,23892400
1999-12-20,71.5186767578125,71.83466502036542,70.51804725972823,71.12369142962135,15392000
1999-12-21,75.36317443847656,75.36317443847656,71.32115931747512,71.72931068148503,26003800
1999-12-22,75.12615966796875,75.25782135683656,73.67788109042291,75.15249200574232,22313600
1999-12-23,76.021484375,76.4691342656737,74.99452286110149,75.72524547676004,17543600
1999-12-27,75.57379150390625,76.12677046612995,74.07284860644191,76.10043813459549,19281800
1999-12-28,75.09981536865234,76.25843804614908,74.62583336422186,75.62646204024178,15346400
1999-12-29,77.94373321533203,77.94373321533203,75.73181646192396,75.83714583113387,16512600
1999-12-30,77.10108184814453,78.99701009031202,77.10108184814453,78.89168074352494,21887000
1999-12-31,76.99574279785156,78.52301813378706,76.99574279785156,78.0490361329795,14464400
2000-01-03,79.83969116210938,81.05097935256354,76.46915011041082,81.05097935256354,36345200
2000-01-04,74.36251831054688,78.78635084460207,74.09919494542454,77.52239869201487,33786600
2000-01-05,72.46661376953125,75.52116580342137,70.99200244282567,73.73056633527888,42496600
2000-01-06,67.48975372314453,74.1518324168455,67.20009812776622,73.20386865015287,37134800
2000-01-07,75.837158203125,75.837158203125,69.51739501953125,69.88604787190755,28138200
2000-01-10,77.94373321533203,79.15502096124598,75.78448114652892,76.67978078481313,29675600
2000-01-11,74.15188598632812,78.25973194295709,73.30925091830167,77.31176749142733,32546600
2000-01-12,72.51927947998047,75.1985956336072,72.46661478900009,74.99451995605824,29050000
2000-01-13,76.89048767089844,77.10114654122967,73.37511777224606,74.57324009725492,25165200
2000-01-14,78.68109893798828,78.89175783742064,77.52247499111027,78.36511058883974,21898600
2000-01-18,79.10240173339844,79.5763841672204,77.04847785350327,77.57512500219434,16752400
2000-01-19,80.89297485351562,80.89297485351562,77.88450402766466,78.77980387955904,19006000
2000-01-20,80.10301971435547,81.63029622435963,79.21430277965479,80.47167266504613,25958000
2000-01-21,81.10362243652344,81.36694588599266,80.10299332854035,81.31428119609882,18698200
2000-01-24,77.20645904541016,82.26227082464575,76.65347963205627,82.10427670654464,28340400
2000-01-25,78.36506652832031,79.30644795586986,75.33684655158751,77.41710201386483,33276200
2000-01-26,75.2051773071289,78.62838215654304,74.99451854716496,78.57571746655205,23095600
2000-01-27,76.3111343383789,77.94373969689495,73.83589395611266,77.31176342908229,30739200
2000-01-28,72.46661376953125,76.23213912165441,71.41331996474155,75.83715394485829,35313800
2000-01-31,75.57379150390625,75.83711481925087,70.35998986008275,72.36124705670187,36014600
2000-02-01,77.60140228271484,77.94372268640514,74.52051864950221,75.44215050559146,26417600
2000-02-02,78.25973510742188,79.81334357691645,77.60142643390722,77.73308816861015,26169200
2000-02-03,81.31430053710938,81.41962994195019,77.75943312373187,79.47103595239511,30579800
2000-02-04,81.86726379394531,82.78231281833888,81.07729341317389,81.73560206381674,26640000
2000-02-07,82.99957275390625,83.10490216095435,81.10364342704037,81.9462786834252,17761000
2000-02-08,86.47543334960938,86.68609213974241,83.73686907787997,83.73686907787997,21999400
2000-02-09,83.4208755493164,86.11335803824242,83.21021677267672,86.00144556315259,27258200
2000-02-10,86.15941619873047,86.15941619873047,83.04561700389554,84.10549368543555,26341600
2000-02-11,84.15814208984375,86.00140552735597,82.57820200054756,86.00140552735597,24876000
2000-02-14,84.0528564453125,84.26351523339599,82.36758614064458,84.25693214626838,22814600
2000-02-15,84.65853118896484,84.79019297930537,80.78767455295308,83.36824564362759,30572800
2000-02-16,84.26351165771484,85.68545841693877,83.68420001506806,84.18451461553573,25310600
2000-02-17,86.05410766601562,87.00207213234873,83.94751996305318,85.26413727740471,30080200
2000-02-18,82.94689178466797,86.79141438802084,82.94689178466797,86.47542622884114,25271200
2000-02-22,83.21023559570312,84.21086501109448,81.10364735277393,83.42089441999605,37226200
2000-02-23,87.84473419189453,88.47671069687219,83.55256042892127,83.99362736468693,32170800
2000-02-24,89.74063110351562,89.99737146538749,85.94877345125441,88.37134917353241,48868200
2000-02-25,87.68673706054688,90.5832959424268,87.52874293971706,89.4773370966181,32617600
2000-02-28,87.63404083251953,89.05598740852795,84.68481830450204,87.00206457651578,38216200
2000-02-29,89.95127868652344,90.24093444341797,88.42400287744312,89.10864375737567,23978600
2000-03-01,90.68860626220703,91.47857670003114,89.7406417368181,90.3726180870774,24468400
2000-03-02,88.5886001586914,91.16258712919362,88.2660289015185,91.05725773909636,32739200
2000-03-03,93.58516693115234,93.63783162835614,90.16196161290536,91.00459676816615,32017200
2000-03-06,94.32247924804688,95.402105615766,92.90053232470949,94.16448514545384,23268400
2000-03-07,92.9005126953125,95.95506470003366,91.63656014163479,95.90240001029709,39471000
2000-03-08,93.74312591552734,94.37510204529494,89.55628405581699,93.5324672056048,43512600
2000-03-09,96.90303802490234,97.32435558153236,91.92622438721035,93.71682400288789,30101400
2000-03-10,96.48172760009766,98.11433325271939,95.6456755118599,96.79771579092767,29750600
2000-03-13,93.95381927490234,96.16573654482717,92.29488132245872,92.68986654923101,37544200
2000-03-14,90.47793579101562,95.53374593998973,88.47667760704671,95.00709904947159,39106800
2000-03-15,86.68611145019531,90.16198226168552,85.84347610195526,89.74066458756549,51202600
2000-03-16,91.63658142089844,92.05789903662671,85.10615837711028,88.79268751473263,55282200
2000-03-17,93.37447357177734,93.58513228259918,90.95189839732627,91.00456307503173,31422400
2000-03-20,90.74129486083984,93.95384215423,89.53000653710258,93.53252447640834,21167200
2000-03-21,94.16446685791016,94.3224609298194,87.26539238453978,89.4246447006328,33435100
2000-03-22,96.06039428710938,97.71933201739662,93.6378185539915,95.63907676830627,24370200
2000-03-23,97.74567413330078,99.22028559651868,95.69175102381871,96.46855527676385,19227400
2000-03-24,99.06233215332031,101.53757383923528,96.91624494691531,98.99650125741832,22063000
2000-03-27,99.22026824951172,100.69487945491848,98.69362139043788,99.43092699314126,11752600
2000-03-28,96.69235229492188,99.27292160998242,95.3230706175428,98.57511460131809,18336300
2000-03-29,92.68987274169922,97.27170167836276,92.68987274169922,97.21903697794134,27189500
2000-03-30,90.37259674072266,95.00708888127254,87.21271573580229,90.37259674072266,42328700
2000-03-31,92.26851654052734,93.21648075156016,87.6340248421447,91.12305978552936,31349900
2000-04-03,86.73876953125,91.9525753500683,84.89550484782939,90.80711801108549,31551300
2000-04-04,85.89612579345703,87.58139619529065,74.41522118096553,87.31807269500415,66213000
2000-04-05,84.36884307861328,87.58138953791129,81.1036319232612,82.15692584434252,37631500
2000-04-06,86.3701171875,87.52874071074696,84.0528701410061,86.26478777629573,30499900
2000-04-07,89.845947265625,90.47792344803268,86.47540762611737,87.73935999093274,20645500
2000-04-10,84.36884307861328,90.74127130115524,83.63153733385637,90.68860660510117,26988200
2000-04-11,82.36758422851562,85.52746597641264,80.10300230918942,81.84093727053279,34497100
2000-04-12,77.5224380493164,83.21022562358691,76.04782645598702,82.26226102787516,34824400
2000-04-13,74.15188598632812,80.89296653053977,74.15188598632812,78.20706725120544,46330500
2000-04-14,67.7267837524414,74.57319268542538,65.72552575664609,72.51927000553019,60851300
2000-04-17,75.52113342285156,75.8371214288049,65.72550523829759,65.73867140521232,55398500
2000-04-18,77.5224380493164,78.36507324550463,73.62525026694588,75.40268388390541,36260900
2000-04-19,75.1524658203125,78.89165648130913,75.04713650591822,77.94369265176068,28082500
2000-04-20,73.51991271972656,76.65346200828225,72.51928353514576,76.15314741599184,21255600
2000-04-24,71.41334533691406,71.83466300851828,67.30549803877298,70.307386448953,31190900
2000-04-25,76.23216247558594,76.25849482877267,72.46663596988343,72.88795362087112,28663200
2000-04-26,73.625244140625,77.87791829252448,73.41458535910677,76.36380830036212,25688300
2000-04-27,76.89048767089844,77.93061584315888,69.30676833897421,70.7813804312928,37010400
2000-04-28,79.83969116210938,79.83969116210938,77.6277735969322,78.83906178738637,24828400
2000-05-01,80.57698059082031,81.63027445475261,79.4183573404948,80.68230997721355,23205700
2000-05-02,75.94246673583984,80.576958464518,75.62647866342996,79.94498231969825,20307900
2000-05-03,75.09981536865234,76.04777937751332,72.05843084022341,75.415803371606,26589700
2000-05-04,75.2578353881836,76.46912315160432,73.8358888832984,74.994511961353,17750700
2000-05-05,77.04847717285156,77.78578317450564,74.17825023784103,74.25724730944683,20571200
2000-05-08,74.04654693603516,76.46912244034357,73.94121756628262,76.25846370083849,13903000
2000-05-09,72.46661376953125,75.09984828150549,71.04466713306516,74.57320137911064,19825800
2000-05-10,67.20014953613281,71.61081765811645,66.98949076015748,71.09733689167656,34847500
2000-05-11,71.3080062866211,71.83465330498609,68.1481241764311,69.7280652315261,24709700
2000-05-12,71.3080062866211,73.7832472729366,70.7813592682561,71.9399827086591,17832000
2000-05-15,74.41519165039062,74.67851504618112,69.62270584700383,71.46596961753721,17950800
2000-05-16,76.52179718017578,77.10110878993623,74.20455074113399,75.83715618682253,23758800
2000-05-17,74.94187927246094,76.25849696874451,73.94124982328542,75.20520281171764,20339400
2000-05-18,72.25595092773438,75.29733661729462,71.9399628041437,74.99451466552023,19063000
2000-05-19,68.83277130126953,71.62400074194841,68.51678306270212,70.57070661339034,28178100
2000-05-22,68.78011322021484,69.30676033522414,63.684802382499846,68.78011322021484,43879800
2000-05-23,63.03962707519531,69.62271260936357,62.565644916735195,68.56941892389666,31898500
2000-05-24,66.989501953125,67.30549016988502,60.88039642909788,63.19764335200472,49476000
2000-05-25,65.51484680175781,69.306702886747,64.46155344481637,67.6214335156407,29632700
2000-05-26,65.51484680175781,66.77879883008754,63.829577430651504,65.51484680175781,18203200
2000-05-30,72.09791564941406,72.41390359236256,67.41076116234478,67.41076116234478,31590400
2000-05-31,70.04405975341797,73.03278185191907,69.72807151392887,71.17635094492059,29675400
2000-06-01,73.625244140625,74.46787926669796,70.78135059012877,71.7819798023404,28993500
2000-06-02,78.8917007446289,79.15502417835597,69.51738650394536,78.0490657567023,31677200
2000-06-05,79.08917999267578,80.313633753175,77.41707647027361,77.73306453749922,23784300
2000-06-06,76.89048767089844,80.05037072586687,76.57449936540159,78.52309391596546,23200500
2000-06-07,78.94439697265625,79.20772051159106,75.46852625871675,77.15379690789953,22524400
2000-06-08,78.57571411132812,79.94499599262473,77.20643223003152,79.73433724165602,19313800
2000-06-09,78.99700927734375,79.83964404296874,78.365033203125,79.83964404296874,17014600
2000-06-12,76.4691162109375,79.47100300434208,75.83714004390497,79.47100300434208,16484700
2000-06-13,79.41837310791016,79.73436132982492,75.29736004710513,76.25849088876254,25187900
2000-06-14,77.62774658203125,79.94499274865905,77.10109972597948,79.94499274865905,20274500
2000-06-15,78.99700927734375,79.10233862304688,76.57443432617187,77.41706909179688,18807800
2000-06-16,79.41837310791016,80.31367307000198,78.41774373851341,79.83969073712984,21203400
2000-06-19,82.5782699584961,82.78892881043103,78.10176935487864,79.22089450578301,20042500
2000-06-20,82.26226043701172,84.00019551666689,81.89360754132728,82.78890743084662,20988300
2000-06-21,83.31553649902344,84.02650978773192,81.47227241718663,81.57760179329159,20880600
2000-06-22,80.26097869873047,83.42085974986159,79.62900248850424,83.10487164474847,21526700
2000-06-23,77.10108184814453,80.47162094533118,76.99575250135744,80.05030355818285,24888100
2000-06-26,79.20767211914062,79.56315867951577,77.52240249958444,78.41770198497366,22169200
2000-06-27,78.25973510742188,80.1029993932629,77.83841755637249,79.01020699522857,14786000
2000-06-28,79.20767211914062,80.47162433380777,77.9437199044735,78.35187114045975,19259800
2000-06-29,77.2195816040039,78.68102637093389,76.36378061436021,78.31237363693354,21355800
2000-06-30,78.7337646484375,79.16824863395563,76.94316398084761,77.36448178498641,15153100
2000-07-03,80.26097869873047,80.26097869873047,78.57570880479388,78.78636754153595,5212000
2000-07-05,77.1537857055664,79.18137666096865,76.5744740040229,78.8917208101969,16489000
2000-07-06,79.20767211914062,79.8396482264742,75.88979755563939,77.15374977030653,23594700
2000-07-07,80.8403091430664,81.7356089837388,79.57635642682303,80.0503386954143,16603200
2000-07-10,79.6158447265625,80.78763407345585,79.20769338101537,79.78700496824355,12659400
2000-07-11,80.0503158569336,80.6822920347515,78.20705200496472,79.26034563466122,14374600
2000-07-12,81.94625091552734,82.36756840095423,79.73433411703624,80.41897503085492,18252600
2000-07-13,82.99957275390625,84.0528668243873,81.8409492763771,82.52559042218978,19566700
2000-07-14,84.7901611328125,85.21147870365877,83.26288493849476,84.4741729546778,17219400
2000-07-17,85.73812103271484,86.00144450026004,84.15818022744368,85.05348001709734,13140500
2000-07-18,83.84220886230469,84.92183529551905,82.88107801322363,84.57951471913401,20684000
2000-07-19,81.94625091552734,83.36819742884305,80.60330143072918,82.84155057205946,21828500
2000-07-20,84.57949829101562,84.68482767867567,81.95942977297202,82.47291053781474,19521200
2000-07-21,81.73561096191406,83.85536504774979,81.73561096191406,82.94689901096305,14411400
2000-07-24,80.0503158569336,83.42085547196238,79.4183396791157,82.52555588672035,18579200
2000-07-25,80.68231201171875,81.73560590221116,79.04970648145552,80.5769826226695,19065700
2000-07-26,80.57698059082031,80.99829813639323,78.57572224934896,80.47165120442709,20318700
2000-07-27,77.41707611083984,80.10297466978736,77.15375272270774,79.15501047251176,26141800
2000-07-28,73.20390319824219,78.25971233999128,72.46659769840377,77.68040087583253,36485600
2000-07-31,75.36317443847656,75.94248605191,72.229625256723,73.83589836669752,27609900
2000-08-01,74.36251831054688,75.82396298697583,73.88853625332668,75.67913513615854,15751800
2000-08-02,73.0459213256836,76.16630404994226,72.88792726369581,74.04655038493954,23578200
2000-08-03,76.20582580566406,76.89046694973707,70.20204961917774,70.99202017003121,35874700
2000-08-04,75.94246673583984,78.1675494123927,75.09983187608017,77.52240709788921,22283400
2000-08-07,77.73307800292969,78.39138659035287,76.04780801912634,76.57445488906488,15103300
2000-08-08,79.31303405761719,79.41836345211601,77.10111677314181,77.57509904838653,14832300
2000-08-09,77.20645904541016,79.57637081692684,76.99580022127535,78.9443943445224,18649800
2000-08-10,75.67918395996094,77.71994135623686,75.4158604249576,77.36445458398234,15336200
2000-08-11,76.73246765136719,76.7719661762392,74.04656796007019,75.20519135631595,21050600
2000-08-14,78.36506652832031,78.36506652832031,76.00832141599348,76.99578445188462,12539300
2000-08-15,78.36506652832031,79.19453547846886,77.52243140435988,78.15440774733021,14090300
2000-08-16,79.1550521850586,79.78702864960997,77.5224463183009,78.73373454202435,15245300
2000-08-17,80.68231201171875,80.787641400768,78.2597360635862,78.31240075811083,14492400
2000-08-18,80.26097869873047,81.41960175081188,79.7869965410608,80.84029022477118,14706700
2000-08-21,80.4716567993164,81.61711395598206,79.52369225586895,80.89297437418193,13560100
2000-08-22,80.4716567993164,82.03843153084759,80.27416418609819,80.89297437418193,14878200
2000-08-23,81.78829193115234,82.10428018072537,79.06289327858497,79.78703301718983,21396400
2000-08-24,83.05223083496094,83.15756023361023,80.94564286197524,82.10426624711738,13567700
2000-08-25,82.60456085205078,84.22399996343144,81.73559352399286,82.98637982953076,11764700
2000-08-28,82.99957275390625,84.13186387967338,82.52559042218978,82.78891393981004,12314200
2000-08-29,83.4208755493164,83.5657034582562,82.45974488089783,83.10488738435689,11162800
2000-08-30,83.31553649902344,83.84218337954823,82.38073828609191,82.84155430655112,10545300
2000-08-31,85.6327896118164,85.94877776536555,83.31554315245606,83.94751945955433,15588700
2000-09-01,86.47543334960938,87.22590528945831,85.26414530634445,86.79142153480893,14071900
2000-09-05,83.84220886230469,85.7381382084372,83.77637798223064,85.63280880031874,16348300
2000-09-06,80.89297485351562,83.82903172075748,80.47165727615356,83.63153910636902,20964900
2000-09-07,82.68356323242188,83.77635554902872,81.36694598349796,81.57760474332578,16669700
2000-09-08,80.15564727783203,82.57822268833155,79.85282535151958,82.380730127693,23475200
2000-09-11,78.20709228515625,80.99832184146149,77.52245107323233,79.62903941761364,27262100
2000-09-12,76.99574279785156,79.78697013594058,76.54809313042219,78.78634146756904,24256000
2000-09-13,78.78638458251953,79.10237275597883,75.8371616302327,76.0478204125389,34093100
2000-09-14,78.36506652832031,80.84030720495409,78.06224453064704,80.2609955572313,28615300
2000-09-15,76.94313049316406,78.8917244892264,76.41648346720127,78.47040686845617,24994600
2000-09-18,75.7318344116211,78.365069265989,74.15189349900035,77.3644400213292,29218500
2000-09-19,78.5230712890625,79.02338596193044,75.73184206148349,76.46914789518361,27568700
2000-09-20,79.73436737060547,80.24784827011895,76.94313786555786,78.68107321775732,33123200
2000-09-21,73.94121551513672,79.61583515313956,73.30923931415265,78.99702512300932,25031400
2000-09-22,78.31240844726562,78.57573194574331,73.73057957375379,73.83590897314485,33710100
2000-09-25,76.23216247558594,79.41837721118037,75.83717717778498,78.89173014744576,20560800
2000-09-26,75.36317443847656,77.94374435286186,74.92869072840149,76.4822991462457,26011200
2000-09-27,75.46851348876953,76.83779565953576,74.15189601687892,76.36381336965515,28482900
2000-09-28,77.1537857055664,78.36507380879372,74.75754184918192,74.75754184918192,29050000
2000-09-29,74.7838363647461,77.90421826940187,74.7311716912498,77.5223993865537,27198800
2000-10-02,73.09860229492188,76.04782544226742,72.46662590620497,76.04782544226742,24968200
2000-10-03,70.78134155273438,74.83652257919312,70.1625314610345,74.20454631532942,35731200
2000-10-04,72.15059661865234,73.19072383268036,69.2013751510286,70.35999787045222,37672100
2000-10-05,72.36126708984375,73.46722532047455,71.25530885921296,71.8346203133529,23443100
2000-10-06,69.93873596191406,72.94062447835164,68.46412405910262,72.09798910531653,36335800
2000-10-09,69.62274932861328,70.62337885754191,66.88418430207176,69.5700846165644,28834600
2000-10-10,65.98884582519531,70.20202033917427,65.62019305522216,68.93806798498058,35283200
2000-10-11,64.93559265136719,67.79265339859887,64.09295722361222,64.77759850866313,48462600
2000-10-12,63.30292510986328,67.04211619372376,62.69728148360419,66.77879287795894,53223600
2000-10-13,68.464111328125,68.7800995342548,62.881653019831724,62.934317720853365,42410200
2000-10-16,69.09606170654297,69.35938511243681,67.20013318410734,68.35875617004022,27644900
2000-10-17,65.93621826171875,70.083564258612,65.72555941743211,70.04406572530826,52101400
2000-10-18,65.72554779052734,68.41144758004408,62.82898919398968,64.67225375542273,64354400
2000-10-19,71.67662811279297,71.71612662203955,68.62207673105749,69.42521308573794,44278900
2000-10-20,72.72994232177734,74.04655967010785,71.11050298333082,71.20266619771395,40692200
2000-10-23,72.6246337890625,73.73059267925127,70.88669839019444,72.6246337890625,28989200
2000-10-24,69.51740264892578,73.30926097523083,69.41207325097287,72.83527868444268,31466200
2000-10-25,65.62019348144531,69.09606247805478,64.79072474361806,68.46408629685305,48635400
2000-10-26,67.30547332763672,67.4108027068662,62.0390043661628,65.88352670803876,69991300
2000-10-27,67.17382049560547,68.97758635368034,65.29105759265141,68.1349512083023,51046400
2000-10-30,64.68540954589844,67.30547803758047,63.79010975979604,65.88353131847666,35496700
2000-10-31,68.84595489501953,69.5700947916013,65.62024081024619,65.725570249749,43863800
2000-11-01,68.25344848632812,69.78072472560552,66.72617224705071,67.67413680936083,45186400
2000-11-02,69.09606170654297,70.14935533011831,68.30609148886145,69.25405575007927,26594300
2000-11-03,69.99137878417969,70.72868450500626,68.79325698783651,69.83338470114542,29837100
2000-11-06,69.46473693847656,70.88668379013605,69.09608405100929,70.46536620445916,23485800
2000-11-07,69.20142364501953,69.49107952785637,67.6214824659095,68.62211187934585,24334400
2000-11-08,63.79008865356445,69.30671345146817,63.724257808720736,69.20138409971823,40338200
2000-11-09,63.77693176269531,64.83022543342521,61.51235037062604,62.98696150964789,64955900
2000-11-10,60.45906066894531,63.776935949558165,60.45906066894531,62.5656481486995,49235500
2000-11-13,60.551246643066406,62.51300697135884,57.52302600207809,59.78760839446935,75023400
2000-11-14,63.908607482910156,64.04026922061702,61.30170507631432,61.512363856645294,44829500
2000-11-15,65.1988754272461,65.77818692134926,63.026457324359264,63.67159967006505,37760900
2000-11-16,61.40703201293945,64.88290174952093,61.407032012939446,63.51361973207974,33898700
2000-11-17,61.36756134033203,63.355654402419596,59.82711837169465,61.67038346237186,49913800
2000-11-20,58.865962982177734,60.7223934855298,58.35248220465483,59.77442897317981,46862300
2000-11-21,58.77381134033203,59.932434861378,57.667852524788145,59.14246427884666,42128600
2000-11-22,56.140567779541016,59.08979085238745,56.03523838408221,57.66784401369363,56623700
2000-11-24,59.353092193603516,59.511086227836714,57.443997613285745,57.61515781703837,19987900
2000-11-27,58.61581039428711,61.459704160047664,57.93116930252994,61.14371596385205,35416600
2000-11-28,55.15309524536133,58.93178665988,55.03459969577712,58.08915164061451,48812700
2000-11-29,53.03335189819336,56.245898537507955,52.66469900515726,55.45592805243059,66189300
2000-11-30,53.072837829589844,54.13929773140001,50.979416540851375,52.032710271034254,74792600
2000-12-01,53.928653717041016,56.25906673166901,52.34871269017458,53.98131841793656,57112500
2000-12-04,54.77128219604492,55.074104188955744,52.032718086242674,54.033976474175084,49106300
2000-12-05,59.56379318237305,59.827116759660285,55.19262179940491,55.66660423852194,76531800
2000-12-06,57.299190521240234,60.91988845169544,57.088531732559204,59.48477545380592,63352100
2000-12-07,56.03522872924805,58.12865010329655,55.19259371076311,56.45654623849052,41481100
2000-12-08,57.299190521240234,61.9336838722229,56.98320233821869,59.906093031167984,65856900
2000-12-11,62.67097091674805,63.01329134612524,59.78757960776321,60.722377703370164,51829800
2000-12-12,60.38008117675781,62.249678108092226,60.090425314156704,61.93368989434556,31054500
2000-12-13,57.91798400878906,61.93366600985309,57.56249740541618,61.88100132787193,51661600
2000-12-14,55.0872688293457,58.721132643136194,54.981939443438726,57.73366965025834,41562700
2000-12-15,53.82332992553711,55.29794170431895,52.71737109145073,54.139318163847506,59026100
2000-12-18,53.928653717041016,55.58759179525077,52.717365596443415,54.90295068360865,42950000
2000-12-19,49.82079315185547,55.495413090663526,49.504805034613256,53.467822671692666,80489200
2000-12-20,46.96376037597656,49.18884462143214,46.134291101043424,48.29354445166303,81432100
2000-12-21,47.24024200439453,49.50482439702437,45.71296550703953,46.358108165405,85875600
2000-12-22,50.97941970825195,51.190078467376956,48.45151459875186,48.556843978314355,57240000
2000-12-26,51.295413970947266,52.17754763009857,48.872837951785485,51.058422838637966,37082800
2000-12-27,51.87472152709961,52.401368446156454,49.662804467060845,50.29478076992906,33955500
2000-12-28,51.76939010620117,52.651523660910094,50.768760999367174,51.2164108629508,30996900
2000-12-29,49.18882751464844,52.44087258855587,48.8728393293295,51.874727089859434,49191000
2001-01-02,45.02830505371094,49.452138532672016,44.1856701053374,49.34680916412532,62514100
2001-01-03,52.61201858520508,54.98192933228639,43.94867818754118,43.975010529175414,118175700
2001-01-04,51.664058685302734,53.612652132149016,50.755592821570346,51.927382124065744,58465400
2001-01-05,47.71421813964844,51.66407063465245,47.18757114031457,51.66407063465245,68782000
2001-01-08,48.24086380004883,48.4515225939355,45.09414806636661,47.45089332297379,55576500
2001-01-09,48.24086380004883,49.820804754198896,47.714216815332136,48.66218138782218,53318900
2001-01-10,50.716094970703125,50.874089036032416,46.97690209124318,47.29289022190177,74258300
2001-01-11,52.190704345703125,53.665315568386966,49.873458138628514,49.93928899678404,65451700
2001-01-12,52.862186431884766,54.45529342024294,51.82205872874183,52.87535260534227,60793900
2001-01-16,52.23020553588867,53.02017587421822,51.03208385608885,52.71735391119189,32203300
2001-01-17,53.82332992553711,55.28477552772268,53.20451962551259,54.34997698938777,61388800
2001-01-18,56.08789825439453,56.24589233398438,52.82268727620443,54.033975219726564,54934700
2001-01-19,55.877227783203125,57.56249761266825,55.2452515971537,57.41766973669859,56292500
2001-01-22,55.92992401123047,56.45657112998029,54.56064150248095,55.50860631623062,35777100
2001-01-23,57.10169219970703,57.64150529174945,55.03460304237385,55.53491761548634,49859500
2001-01-24,56.5618896484375,58.24716010351199,56.245901438111034,57.351860174253666,53905400
2001-01-25,54.34999084472656,57.02272537512373,54.2578275850577,56.35125019753626,57151900
2001-01-26,55.23210144042969,55.56125579943106,53.08601501974076,53.55999729670273,45681400
2001-01-29,56.4565544128418,56.667213197964344,54.139307776493816,54.5606253467389,31514100
2001-01-30,56.24589157104492,57.08009849990106,55.6139152612579,56.58294688869043,42439300
2001-01-31,54.18142318725586,57.29074139844559,54.18142318725586,56.667193412261376,59322200
2001-02-01,54.89769744873047,55.2853089602366,53.59161001070932,54.39211749584411,45142600
2001-02-02,51.864192962646484,55.02407799703999,50.55810911992795,54.72072882801674,47471000
2001-02-05,51.8220329284668,52.15908808693076,50.65919616760196,51.560815019937415,36016300
2001-02-06,51.90632629394531,53.187132165406055,51.535567968416466,51.81363912336171,42417700
2001-02-07,51.06370162963867,51.5692847752621,49.36158102779635,50.98786431851509,61972200
2001-02-08,49.53850173950195,51.822041325648485,49.3615491991135,51.316461720425245,48269500
2001-02-09,47.52461242675781,49.378406743718706,47.18755716127552,49.08348579721963,55385200
2001-02-12,48.09761047363281,48.82227392070805,46.86736085061258,47.398221835198136,50540400
2001-02-13,46.555599212646484,49.8671561196753,46.3280873013546,48.57792517008645,58914000
2001-02-14,48.409385681152344,48.662175560665865,45.603409339678365,46.68198442101257,63048200
2001-02-15,49.20988464355469,50.970991899147585,49.12561921601592,49.54693671051759,67801300
2001-02-16,46.45448303222656,47.92066659240322,45.948899944884126,47.15386863027904,66779700
2001-02-20,44.651241302490234,47.05275037116087,44.0698209489397,46.96848813571209,55298400
2001-02-21,43.39570236206055,45.56127404802517,42.90697252070328,43.43783346904714,72349000
2001-02-22,42.97439193725586,43.951848566468506,41.19643128594023,43.35357839134653,103855500
2001-02-23,43.12607192993164,43.47997718855555,40.64029732388862,42.20759938784789,93337900
2001-02-26,43.94342803955078,44.32261131729786,42.342419834669634,43.88444383126131,78342700
2001-02-27,41.28913497924805,43.88445357799801,41.20487272423367,43.42942968636279,66741700
2001-02-28,39.98302459716797,42.30869538755065,39.48586990309093,41.668294310731234,102187900
2001-03-01,41.120582580566406,41.457637827173144,38.55054677198045,39.578562381173654,101773000
2001-03-02,39.3510627746582,41.8199840606347,38.46629649594536,39.77238035636889,95927100
2001-03-05,40.067291259765625,40.74982672696214,39.67967995392934,40.025160155113376,43888400
2001-03-06,41.626190185546875,42.68790937877675,41.37339699317879,41.54192471662452,60828600
2001-03-07,41.643028259277344,42.49409157492524,41.263845007020294,42.46881354861426,55215500
2001-03-08,40.86780548095703,41.97165870370845,40.530750129375484,41.58404408507025,48965200
2001-03-09,38.00284194946289,39.91562402352664,37.87644861235251,39.81450871095877,79990900
2001-03-12,35.64346694946289,37.87645142954145,35.22214936562906,37.075947377377545,80674000
2001-03-13,37.45513153076172,37.6994964857377,35.50021831974962,36.047929216243034,80024400
2001-03-14,36.86528778076172,38.0786812385338,35.65189432298964,35.98052151690303,97190000
2001-03-15,35.51705551147461,38.179781156404395,35.43279010899164,38.08709082087134,74135500
2001-03-16,34.716575622558594,36.06479084086434,34.17728953523629,35.28956789393819,77784500
2001-03-19,36.4524040222168,36.4524040222168,34.33739069670607,34.91880793414158,53248200
2001-03-20,34.00032043457031,36.91583993209322,33.87392711517778,36.604062672584064,104796200
2001-03-21,34.00032043457031,35.22214180841577,33.46103455727511,34.14357005382537,96200700
2001-03-22,36.06476974487305,36.06476974487305,33.27565054079116,34.21097249327745,130208100
2001-03-23,36.06476974487305,36.9326857974709,34.96934511896553,36.696745861480856,95277500
2001-03-26,35.2305793762207,36.65463172753227,35.011492421004625,36.62935369977589,57666200
2001-03-27,36.443973541259766,36.84001312626935,34.90194953405944,35.22215182011821,69945300
2001-03-28,33.452606201171875,35.559193452953515,33.435753117429975,35.30640362561913,77863500
2001-03-29,32.820640563964844,34.21941481970218,32.357191862644285,33.1829739447641,79654700
2001-03-30,32.98917007446289,33.68855563400067,32.020138287885985,33.115563428539275,63661300
2001-04-02,31.514554977416992,33.57900846323989,31.43028953623371,33.006016320785186,69713600
2001-04-03,29.205732345581055,31.809474924969,29.172026170231575,31.346026264305966,89015700
2001-04-04,28.691722869873047,30.174762361050096,28.31253645369723,29.247861875465034,76473900
2001-04-05,31.43872833251953,31.986439420872046,30.090509746669266,30.334874787244495,87035800
2001-04-06,30.2927188873291,31.261746888625005,29.913532619693154,31.0932225158058,86123600
2001-04-09,31.21963119506836,31.5061272703353,30.208468387396934,31.00054747369856,51638700
2001-04-10,33.53688049316406,34.09301959950745,31.834756994501394,31.93587553339889,94265100
2001-04-11,34.548030853271484,35.8119832015619,34.084582301777736,35.52548720737353,92829500
2001-04-12,36.06476974487305,36.06476974487305,33.7053928857499,33.95818268951368,79531500
2001-04-16,33.91606140136719,35.753006102121,33.755961896034584,35.340113505508505,65229800
2001-04-17,34.75870132446289,35.980522983596366,33.62114511233063,33.66327622863217,94694300
2001-04-18,38.38205337524414,40.446511369263625,36.401860875217245,36.84003180077893,128891400
2001-04-19,40.69927215576172,41.07845857005716,38.4073070121048,38.845474408182184,110467600
2001-04-20,40.78355026245117,41.659888541321436,36.27544942833058,40.59816946576775,80598100
2001-04-23,38.04497528076172,40.210547186780595,37.825888359133074,39.59542396195789,79317600
2001-04-24,37.32872772216797,39.11511291996745,36.8652791415536,38.00283504073407,88888300
2001-04-25,38.00284194946289,38.40730962853002,36.31757173947522,36.99168239498855,68418400
2001-04-26,37.03382110595703,38.97188160221448,36.9664087408149,38.67696054071388,71110200
2001-04-27,38.04497528076172,38.314618250152556,37.27817748385696,38.04497528076172,55580000
2001-04-30,38.88761520385742,40.084155627657026,38.17137336556775,38.97187743688061,73859100
2001-05-01,40.488616943359375,40.513898182793795,38.255635800124374,38.92974325441423,54498300
2001-05-02,41.27226638793945,41.62617479778768,40.02516683848901,41.120591814347044,77566500
2001-05-03,39.435302734375,40.362202819315726,38.929723207604596,40.362202819315726,67124900
2001-05-04,40.614994049072266,40.614994049072266,38.011252641966614,38.17135208119838,72673400
2001-05-07,39.772377014160156,40.95206421517811,39.6881115762603,40.4464844453701,45561600
2001-05-08,40.614994049072266,40.741387328130074,39.59540681178271,40.6992562351108,56970700
2001-05-09,39.22466278076172,40.40435319204387,39.13197240659555,39.64598032559138,60984600
2001-05-10,38.56742477416992,40.488632563688654,38.52529364472242,40.379089055605824,61130300
2001-05-11,38.38205337524414,39.11514549378007,37.99444174607802,38.62641848622276,48760400
2001-05-14,37.766876220703125,38.22189960032494,36.52820253653109,38.1713403755685,43108000
2001-05-15,38.04497528076172,39.01400369751074,37.56467354063444,37.83431651002527,69007600
2001-05-16,39.730247497558594,40.04202159431118,37.12650482827302,37.33716360988383,80110500
2001-05-17,40.362213134765625,41.112157684044895,39.8229240968148,39.98302678558031,73810700
2001-05-18,40.480186462402344,40.7666824930374,39.67968256376932,40.14313117422082,41095100
2001-05-21,43.01652145385742,43.10078689296965,40.1515640263961,40.58973145218837,85426900
2001-05-22,42.890132904052734,43.77489921990017,42.283434532318175,43.235613206979764,77233900
2001-05-23,40.994205474853516,42.510948255208575,40.98577732243915,42.50252010279421,65618000
2001-05-24,42.04750442504883,42.12334173363552,40.67400793148931,41.26385330778593,61792500
2001-05-25,41.280704498291016,42.14861782315305,40.463347233891746,42.09805854829173,36191100
2001-05-29,38.862342834472656,40.86781593936385,38.84548974114093,40.86781593936385,66609600
2001-05-30,37.43828582763672,38.63482638488498,37.14336476476525,38.28092110943921,81397400
2001-05-31,37.691070556640625,38.634821041707596,37.328737178424205,37.5309710324233,68018300
2001-06-01,38.80335998535156,38.95503461629461,37.35402926602761,38.37361734061224,61874300
2001-06-04,38.61796569824219,39.31735111488384,38.162942001980326,39.03928322121111,41696000
2001-06-05,40.32009506225586,40.74984083593415,38.92974884096331,39.01401107944225,68146400
2001-06-06,40.00830841064453,41.19642360226419,39.66282819788697,40.5138913266002,61169500
2001-06-07,41.03632736206055,41.702009819515006,39.66283133775273,39.713390597669964,65400200
2001-06-08,39.89876937866211,41.0953128525455,39.561717278456626,41.05318174181952,56391400
2001-06-11,38.80335998535156,39.60386426768456,38.331486212994506,39.519602012449084,48809400
2001-06-12,38.592681884765625,39.4353168744522,37.2697452081095,37.80903108720532,78450500
2001-06-13,37.539390563964844,39.39318830347865,37.514112541254335,38.98872386812252,68535400
2001-06-14,35.60133361816406,37.41300040165227,35.39067483935836,37.0927981578362,91050300
2001-06-15,35.89625930786133,36.292298892313894,34.783981067746076,35.222151770579096,84589400
2001-06-18,35.41595458984375,36.37655815369934,34.88509675575389,35.929962549478276,63539100
2001-06-19,35.238990783691406,36.70517690417308,34.767114088897955,36.50294311657674,73386900
2001-06-20,36.03952407836914,36.208051836949984,34.78399565206146,34.80084874935951,83588600
2001-06-21,36.52823257446289,37.26975240868108,35.64346630723331,35.95524041362129,67212600
2001-06-22,36.443973541259766,37.24447764920755,35.88783442041994,36.75574767499162,51870400
2001-06-25,36.53667449951172,36.90743294918896,35.938404087169154,36.74733336704636,39212100
2001-06-26,36.663055419921875,36.983257689684855,35.7951422095202,35.84570147771377,55155100
2001-06-27,36.89898681640625,37.20233592573569,36.233304405866356,36.806296453622544,53289400
2001-06-28,37.370880126953125,39.06457914549581,37.370880126953125,37.41301447007635,89963700
2001-06-29,38.508426666259766,39.19938722615763,37.66579152351621,37.99441871488252,59719600
2001-07-02,38.29775619506836,39.165669098667145,38.078669324740495,38.4662838150751,50884300
2001-07-03,38.45786666870117,38.499997782157045,37.75005303368958,38.12923948358828,24758400
2001-07-05,36.61249542236328,38.07025374707299,36.61249542236328,37.80903571114088,44409800
2001-07-06,35.09577178955078,36.326018915706776,34.96095023071724,36.24175343243612,53434800
2001-07-09,35.39908981323242,35.97208178746929,34.96934743975325,35.29797452789561,45547500
2001-07-10,34.12672424316406,36.13219683946047,34.042462012273496,36.031078305114114,58620000
2001-07-11,34.548030853271484,34.63229305739869,33.59585251752819,34.05930106902194,77840200
2001-07-12,36.738887786865234,36.93269668174401,35.64346283812983,35.92153395429683,70363300
2001-07-13,36.359703063964844,37.43827488069026,36.14904430511081,36.553508736382845,62474200
2001-07-16,35.685585021972656,36.95796546016182,35.30640190663116,36.54507296458071,53390800
2001-07-17,36.486083984375,36.57034938790262,35.00304824065015,35.23898494173453,59813000
2001-07-18,35.09577178955078,36.106931873602576,34.666025860869205,35.61820492823081,64797200
2001-07-19,35.929954528808594,36.528224584759656,35.180009921433694,35.77827997738476,76590200
2001-07-20,35.09577178955078,35.508661407178714,34.85140670966514,34.96095023071724,49012800
2001-07-23,34.219398498535156,35.727715507167744,34.16883925519003,35.592894072643944,55329400
2001-07-24,33.83180618286133,34.463782613068716,33.12399245245312,34.025611902397124,70422900
2001-07-25,34.12672424316406,34.31210500840098,33.199826845775625,33.82337506892114,68859600
2001-07-26,34.632293701171875,35.29797605510103,33.68854349693634,34.08458293536963,69199300
2001-07-27,35.348541259765625,35.609756070041826,34.80082718733253,35.08732323509177,47452900
2001-07-30,35.13788604736328,35.643465846560694,34.88509614776458,35.500219415400686,39459400
2001-07-31,35.18843460083008,36.0479226478477,34.96935092503215,35.25584694070469,55732500
2001-08-01,36.31758117675781,36.654636592099806,35.736163960411474,35.921544760289436,53864800
2001-08-02,37.0001106262207,37.07594792099867,36.08163815142004,36.89899530464945,53187300
2001-08-03,36.38498306274414,36.67990405539999,35.86255021244046,36.67990405539999,51513700
2001-08-06,35.811981201171875,36.10690211354043,35.68558468764429,35.837259218118646,31105700
2001-08-07,35.626609802246094,36.08163351241159,35.340113749297196,35.47493523219093,38407500
2001-08-08,34.12672424316406,35.93839113689373,33.958196566984874,35.26428043217697,76045200
2001-08-09,34.26997375488281,34.44692959867476,33.688556594990295,34.050890006261945,66861400
2001-08-10,33.941341400146484,34.337380932763594,33.056575172365896,34.05930980193085,68491900
2001-08-13,34.632293701171875,34.83452749499233,33.873924206738664,34.202551309099434,48425700
2001-08-14,34.21098709106445,35.137887719568006,34.16043103737754,34.96093510286757,51267600
2001-08-15,32.94704818725586,34.48907276176911,32.921770149771866,34.227854588303074,58935300
2001-08-16,33.33463668823242,33.3599147057814,32.053831297267294,32.55941093462858,68227300
2001-08-17,31.817895889282227,32.694237052574515,31.775764782554162,32.390887941096615,56649300
2001-08-20,32.256072998046875,32.567850322597955,31.615671688759832,31.8937396209509,49921300
2001-08-21,30.91628074645996,32.56784798992399,30.882577785310023,32.26449883878982,56445600
2001-08-22,31.7589111328125,31.88530766514876,30.789882837691422,31.556680538351294,65221400
2001-08-23,31.4471492767334,32.407753008641556,31.430296184931677,31.742070347267102,54711800
2001-08-24,33.11555862426758,33.19139591147054,31.80947486857009,31.90216524341791,58450600
2001-08-27,33.157691955566406,33.62114386082634,32.71952450506285,33.098707752060236,50927500
2001-08-28,32.12125015258789,33.23352826347009,32.02855977428138,33.132412948225685,65275500
2001-08-29,31.649396896362305,32.39934212774171,31.287063301408214,32.33192973128514,59060500
2001-08-30,30.478118896484375,31.43872589021801,30.124213594370996,31.008980064053194,76105800
2001-08-31,30.865720748901367,31.20277281806658,30.284300545475713,30.360137823557434,54309000
2001-09-04,29.888267517089844,31.598815712379363,29.787148992443843,30.764605563237534,74073600
2001-09-05,29.77031135559082,30.259038234665258,28.77600128867491,29.905132896135395,95461200
2001-09-06,28.565317153930664,29.93038444583007,28.464198677200166,29.27313041906299,88701800
2001-09-07,28.396808624267578,29.57649604797107,28.101884357542914,28.329396261222495,95528800
2001-09-10,28.733854293823242,28.919235035847155,28.093453061809754,28.21984960671654,80371300
2001-09-17,26.290212631225586,27.63842734486898,26.197522266963084,26.332343738327424,97700900
2001-09-18,25.70037269592285,27.385643036639106,25.590830830943872,26.568287499983377,66285300
2001-09-19,25.253772735595703,26.12168744543898,23.812867522157593,25.818338302736695,116632800
2001-09-20,24.4111385345459,25.35489056400248,24.267890501696208,24.689208056289537,90840200
2001-09-21,23.75387954711914,24.41113377554434,22.91967114451889,23.096623711495333,112341900
2001-09-24,24.95043182373047,25.279059077433327,24.090943429369904,24.503834534770736,85696500
2001-09-25,25.02625846862793,25.641381591748626,24.39428226090701,25.03468340372943,83860600
2001-09-26,24.158344268798828,25.2790486967327,23.939258987229977,25.236917591784266,59759800
2001-09-27,23.99823760986328,24.259455542981183,23.105045213132787,23.930826893264722,70050700
2001-09-28,24.419570922851562,25.211648565071116,23.855005200290705,24.301602493635635,84810800
2001-10-01,24.208908081054688,24.41956687383908,23.4673898376212,24.310025008758775,53460800
2001-10-02,24.284748077392578,24.781903012262102,23.930841201844764,24.14150001807086,74133400
2001-10-03,26.121686935424805,26.635694837812597,23.871851254440585,23.947688538635468,136198600
2001-10-04,26.374475479125977,27.9754833026425,26.07112796486707,26.669398057521057,127371500
2001-10-05,26.762083053588867,26.88005141839436,25.498130777421125,26.1216803741334,96443400
2001-10-08,26.846351623535156,27.259240973614574,26.087978837515404,26.23122685185261,67789600
2001-10-09,26.1975154876709,26.981166091685232,26.012136414316295,26.846344655209464,57564800
2001-10-10,27.38564109802246,27.41934727390628,25.91102965428279,26.012146574735322,73840600
2001-10-11,29.23943328857422,29.70288186630377,27.924921614754794,27.96705271920344,117232200
2001-10-12,29.113052368164062,29.323711217737465,27.924936585146046,28.927674766330757,111901600
2001-10-15,28.98664665222168,29.113039979541544,28.363095308491907,28.750706655308953,78322000
2001-10-16,29.458520889282227,29.576489283230984,28.70857620112428,29.205731014478083,81346800
2001-10-17,27.343517303466797,30.334872104195192,27.217120717273165,30.225328610453957,141530300
2001-10-18,28.08502769470215,28.261980283339017,27.301376842855895,27.554166714393936,94448200
2001-10-19,28.270408630371094,28.438936303195554,26.964324791178008,27.688991534244597,73434200
2001-10-22,29.028789520263672,29.070920646436704,27.99234838729249,28.177725985333602,74104900
2001-10-23,29.180452346801758,29.829281713586738,28.649591371359943,29.34055184728211,104062200
2001-10-24,29.812442779541016,30.06523276876557,28.919248055588547,29.155184950278247,90171400
2001-10-25,31.008956909179688,31.02580998922902,28.8433859459838,29.239425291152255,118551900
2001-10-26,30.34330177307129,31.228071585545322,30.34330177307129,30.75619456651912,93823900
2001-10-29,28.683300018310547,30.461260621064977,28.683300018310547,30.334864068354353,92146800
2001-10-30,28.12716293334961,28.725433133843016,27.672139169144163,28.4052308685431,96092200
2001-10-31,28.565317153930664,29.45850786427644,28.379936494320983,28.683285495720014,106175500
2001-11-01,29.778718948364258,29.964099664021546,28.464207283007244,29.020346215581906,92716000
2001-11-02,29.9977970123291,30.20845570824264,29.399527087389842,29.719729205209468,64917700
2001-11-05,30.975269317626953,31.312324691873336,30.46968947065565,30.553951707018108,64473000
2001-11-06,32.180240631103516,32.18866878408325,30.66349774900505,30.840450388796853,107214900
2001-11-07,32.138084411621094,32.727929298028016,31.598798760413402,31.69148908441398,92562100
2001-11-08,31.809465408325195,33.19981418875245,31.38814798569837,32.48357264164874,105916300
2001-11-09,31.792619705200195,32.08754389813307,31.278611815983624,31.674651313786082,74121900
2001-11-12,32.020118713378906,32.31503957366466,30.587639075427433,31.17748401039525,112994400
2001-11-13,33.16613006591797,33.2840985083526,32.55100660579528,32.888058839265796,97931800
2001-11-14,33.40203857421875,33.90762131650719,32.643669282380465,33.67168141768075,88660100
2001-11-15,33.26723098754883,33.79809196268563,32.82063544503558,32.997588031948645,86349700
2001-11-16,33.174530029296875,33.43574796545072,32.79534373952405,33.267220368396515,64035500
2001-11-19,34.1182975769043,34.1182975769043,33.27566245310659,33.52845234736632,69196300
2001-11-20,32.54255676269531,33.89919937531547,32.42458839888432,33.77280607740233,85176500
2001-11-21,32.374027252197266,32.82062587893979,32.003269099909794,32.41616156342711,60867900
2001-11-23,33.09870147705078,33.22509801168572,32.5004314038265,32.66053089521968,27046000
2001-11-26,33.91606140136719,34.00875177291679,32.871192505350336,33.35149745014352,75267500
2001-11-27,33.87393569946289,34.52276518950831,33.031300499050374,33.74753913364174,100289700
2001-11-28,32.652099609375,34.017167131722935,32.60154036247442,33.477881355703836,101568200
2001-11-29,33.663291931152344,33.7054230671063,32.685834790782245,32.88806552912109,83774700
2001-11-30,33.41048049926758,33.739107649359134,33.166115567108065,33.47788963073369,66018200
2001-12-03,32.837486267089844,33.36834399122115,32.75322084027723,33.107129204095465,60449800
2001-12-04,34.404808044433594,34.41323298486195,32.39090655573579,33.14927977025791,79378700
2001-12-05,36.10691833496094,36.359711475586145,34.64915977217424,34.71657213351384,115773700
2001-12-06,36.15746307373047,36.43553413089788,35.6940145261818,35.9805105179314,77702100
2001-12-07,35.163177490234375,35.89626944311627,34.66602243841811,35.79515408757374,81632600
2001-12-10,34.548030853271484,35.58447139314198,34.446915565439426,34.81767376375501,69088000
2001-12-11,34.74184799194336,35.60976119639445,34.65758575992994,34.935653697092725,66056500
2001-12-12,35.019920349121094,35.340119413313964,34.21098810771213,34.96936107953359,76093400
2001-12-13,33.503173828125,34.548042880806534,33.503173828125,34.30367790360869,79582600
2001-12-14,33.798091888427734,34.09301286596821,33.34306819645307,33.595858064973136,70006300
2001-12-17,34.37949752807617,34.750258879290435,33.72224344459126,33.72224344459126,62295500
2001-12-18,34.76712417602539,34.96935802229666,33.84022681541044,34.68286194847783,50850400
2001-12-19,34.1351318359375,34.817667131177984,33.97503239283506,34.17726614437179,79596200
2001-12-20,32.68581008911133,33.9581874339841,32.593119731421794,33.78965980313015,83048800
2001-12-21,33.26723098754883,33.461036660986615,32.98916309588508,33.216671727974706,56205000
2001-12-24,33.13239669799805,33.39361461652601,32.989150339525395,33.31777736368862,13660400
2001-12-26,33.444183349609375,33.95819123476568,32.99758781009868,33.17454039582206,37672900
2001-12-27,33.71382522583008,33.87392793442239,33.36834500143253,33.57900375324561,34255200
2001-12-28,33.98347091674805,34.37950717890483,33.8992054885464,33.949764745467384,38240400
2001-12-31,32.78694534301758,34.08460471190987,32.78694534301758,33.96663626281042,46176900
2002-01-02,33.798091888427734,33.83179806140309,32.80378228643757,33.34306819645307,61708800
2002-01-03,34.96936798095703,35.01149910672901,33.924498704057996,33.966633044228836,85769100
2002-01-04,35.11260986328125,35.63504604066323,34.489061568777956,35.34854992269191,86876900
2002-01-07,34.7249870300293,35.57605016664848,33.79808983042952,35.48335980380902,75166200
2002-01-08,34.960914611816406,35.19685129579806,34.41320077897757,34.63228438347536,66956800
2002-01-09,34.6407470703125,35.89627220696622,34.46379438088873,35.42439836850284,85123000
2002-01-10,34.86824035644531,35.003061840074,34.27839516017065,34.69128454748451,75548000
2002-01-11,34.421630859375,35.053606969750774,34.10143194448358,34.84294826629218,60832900
2002-01-14,33.67168426513672,34.278382321429945,33.45260064169556,34.11828287408435,71310700
2002-01-15,33.99188995361328,34.33737011329386,33.33463579968361,33.730671993114555,66916100
2002-01-16,32.67739486694336,33.654851655304995,32.66896992854647,33.30937132185989,90942000
2002-01-17,33.41048049926758,33.68012345392719,32.87119137555078,33.26723087150602,75285900
2002-01-18,32.51728820800781,33.241954898738285,32.205514125157876,32.71952204367125,81985600
2002-01-22,31.514554977416992,32.879622980607124,31.45557077578765,32.862769892370466,81773800
2002-01-23,32.38246536254883,32.60154906211975,31.47241796187505,31.72521104943841,74968800
2002-01-24,32.81220626831055,33.29250796885088,32.668959858927195,32.81220626831055,77251200
2002-01-25,32.71952438354492,32.98916737411399,32.32348483484748,32.41617521555522,58832100
2002-01-28,32.904903411865234,33.19139950404201,32.37404234398512,32.98916885921025,47795900
2002-01-29,32.003273010253906,33.19981623577654,31.607233579958827,32.97230442780258,83339800
2002-01-30,32.247642517089844,32.73636915592951,31.05109912032135,32.02013067655504,101385500
2002-01-31,32.449893951416016,32.65212789984116,32.03700432771404,32.50045324212219,69655500
2002-02-01,32.138084411621094,32.761635454827505,31.767326330014814,32.35717121642174,61207100
2002-02-04,31.110095977783203,32.07912792846144,30.848881073150785,31.98643752446975,82763300
2002-02-05,30.59609603881836,31.455584631080768,30.494977464858554,30.83203294925926,86853800
2002-02-06,30.385412216186523,31.08479743263627,30.08206317217586,31.042666335278497,98507600
2002-02-07,29.652326583862305,30.798310778979282,29.492227079755363,30.3264372029177,97725900
2002-02-08,30.478118896484375,30.53710632790202,29.466959053646864,29.879848572779142,80483100
2002-02-11,30.865720748901367,31.008967155057167,30.31800671671146,30.452828187257023,57641200
2002-02-12,30.612943649291992,31.16065469530585,30.368578627606446,30.59609055665174,51477700
2002-02-13,31.13536262512207,31.303890261139514,30.848866608211605,30.941556968741065,60984700
2002-02-14,31.076383590698242,31.657800656306783,30.334863797830984,31.303895454909718,77482300
2002-02-15,30.14949607849121,31.101675059322933,30.031527627032265,31.034265893231773,79719900
2002-02-19,29.222572326660156,29.879826379201436,28.9192233133653,29.80398912587772,72437200
2002-02-20,29.618637084960938,29.63548696513705,28.590620816665435,29.407978224369177,106552700
2002-02-21,28.211427688598633,29.45010253050539,28.211427688598633,29.315281019538546,109307800
2002-02-22,28.354671478271484,28.818120125314135,27.882794680440256,28.3209653039126,99824200
2002-02-25,29.500680923461914,29.702914950225335,28.607488942458886,28.649620093834365,88994700
2002-02-26,29.3911190032959,29.854567757113326,28.961373217204535,29.68604006088923,94683300
2002-02-27,28.98664665222168,29.921968846219965,28.70015061014004,29.820853541484556,95159300
2002-02-28,28.464218139648438,29.46695615927387,28.43894011038004,29.079341495567366,95711200
2002-03-01,30.115774154663086,30.124199089724044,28.72542521860925,28.775984472166602,86081600
2002-03-04,31.303897857666016,31.37130699979281,29.829286309864216,30.082076218036335,105734600
2002-03-05,31.531402587890625,31.91058901000214,31.017397898359103,31.118513206122948,91452600
2002-03-06,31.683080673217773,31.978004907325793,30.84044551473434,31.24491321947666,86943400
2002-03-07,31.7504825592041,32.298196517370904,31.185915517697104,32.12124074949738,85496000
2002-03-08,32.5847053527832,32.88805457364115,32.12968473589485,32.213946979733805,84443700
2002-03-11,32.46672439575195,33.022863347894386,32.07068814527302,32.31504984385881,71035200
2002-03-12,32.020118713378906,32.020118713378906,31.447126858198317,31.657785533944228,82652100
2002-03-13,31.244924545288086,31.733651442877587,31.067968654920232,31.522992576896087,71376200
2002-03-14,31.059537887573242,31.51456172418261,30.94999439778241,31.228065591621,70700500
2002-03-15,31.371301651000977,31.455567082289853,30.832015748342283,31.084805613413856,63966500
2002-03-18,31.548263549804688,31.969581187451432,31.219636306743986,31.70836630932548,78938300
2002-03-19,31.497711181640625,31.919028868660543,31.362889650370207,31.683088778138167,58947600
2002-03-20,30.385412216186523,31.244900102751167,30.368559134364077,31.067944350813825,61816500
2002-03-21,31.19432830810547,31.295443543965774,30.25057860648671,30.46123722292632,89198800
2002-03-22,30.907867431640625,31.295478952994696,30.73091476507451,31.126951226284525,58930100
2002-03-25,29.964109420776367,31.093240738137858,29.930403240700322,30.916284899937747,87421900
2002-03-26,30.242170333862305,30.688765865565163,29.82928097439297,29.846130846112224,92457500
2002-03-27,30.00624656677246,30.334873852537797,29.82929390742173,30.023099660196184,64531800
2002-03-28,30.385412216186523,30.646626948442727,30.250590776003637,30.35170605254163,59539400
2002-04-01,30.96684455871582,31.09324112838826,29.745022838009277,30.16634045105303,70730500
2002-04-02,29.568065643310547,30.46126000213578,29.49222835610465,30.318010364347845,77759800
2002-04-03,29.517507553100586,29.87141597892143,28.902384294390806,29.745019423757288,85766400
2002-04-04,29.29000473022461,29.62706017184793,28.885540128915977,29.070920943248694,90521500
2002-04-05,28.961360931396484,29.635468215928828,28.801261455819144,29.50064675902236,68426000
2002-04-08,29.323705673217773,29.323705673217773,28.16086814340996,28.20300247687705,74950700
2002-04-09,28.304107666015625,29.47536971429145,28.219845458063755,29.306842083990517,80910200
2002-04-10,28.5147762298584,28.860256544589966,27.91650598973271,28.447363868740876,85748700
2002-04-11,27.80697250366211,28.52321141875423,27.705857140044277,28.363111825159372,90665600
2002-04-12,28.245141983032227,28.481078891394773,27.764840011351726,28.07661424231642,78360100
2002-04-15,28.47262954711914,28.615875914592433,27.975474906035387,28.48105448045429,69306800
2002-04-16,29.6607608795166,29.67761396992431,28.995078273204665,29.01193136361237,72064700
2002-04-17,29.509069442749023,29.91353373855686,29.19729548409649,29.829271548995578,69130100
2002-04-18,28.944515228271484,29.618625899097655,28.649594220583467,29.306848588801287,91086100
2002-04-19,29.037189483642578,29.54277220604283,28.96978038262688,29.534344059418295,62286800
2002-04-22,28.304107666015625,28.65801279669011,28.0176116588232,28.65801279669011,64625600
2002-04-23,27.815378189086914,28.59902894703185,27.55416341270342,28.304108001309448,73070300
2002-04-24,27.38564109802246,28.068176694879476,27.132851207689516,27.98391125516993,68953900
2002-04-25,27.318227767944336,27.579445800092515,26.96432257703171,27.217112458311835,103073700
2002-04-26,26.155393600463867,27.621576836563335,26.13011396952465,27.520461527204205,100193400
2002-04-29,26.222797393798828,26.585129031388757,25.75092071783338,26.323912676363967,85326800
2002-04-30,26.7368106842041,27.124422049280906,26.071129807207324,26.14696709293085,95357900
2002-05-01,26.59355926513672,26.82949763587788,25.767777378340657,26.686249626356222,109975700
2002-05-02,25.70879554748535,26.95589503474485,25.666662830700282,26.450313683715677,85852200
2002-05-03,25.059968948364258,25.70879839390189,24.84088361842172,25.675092216741966,92103200
2002-05-06,24.4111385345459,25.262200187688293,24.310023221474896,24.96727757803318,96491200
2002-05-07,24.183626174926758,24.731338626860893,23.947687786266442,24.663927888272056,101954400
2002-05-08,26.7705135345459,26.863202288876803,25.27904924345441,25.38859108300863,129741500
2002-05-09,26.079553604125977,26.871629338173015,25.95315706976647,26.601986398310306,106477200
2002-05-10,24.90829849243164,26.197531052821226,24.85774082551418,26.13012029453153,112282800
2002-05-13,25.919456481933594,26.104835629726736,25.000984072633166,25.169511739498894,93971200
2002-05-14,27.444623947143555,27.512036295591557,26.854780363013163,27.006453325424623,107284700
2002-05-15,27.646860122680664,28.337820680881094,26.837929551890635,27.03173685571677,150522100
2002-05-16,27.688983917236328,27.849083394458635,27.149698084069477,27.419341000652903,89916300
2002-05-17,27.747976303100586,28.152440797483823,27.360364897783075,28.05132547748753,82695000
2002-05-20,27.141281127929688,27.554173822323953,26.91377082773596,27.469908367142242,78144200
2002-05-21,26.399763107299805,27.46148374689849,26.121693530776284,27.267678019333452,104180000
2002-05-22,26.4587345123291,26.618835587134992,25.624526186548614,26.09640126223083,89543100
2002-05-23,26.989593505859375,27.048577688839146,25.95315301499026,26.652539883690366,94445800
2002-05-24,26.32392692565918,26.70311345853043,26.130121189835787,26.618849605981342,55874600
2002-05-28,26.20594596862793,26.559852694389154,25.69193816027987,26.517719984656544,68829400
2002-05-29,25.514999389648438,26.037432415074335,25.481293203647073,25.835200120664368,73470200
2002-05-30,25.73407745361328,25.885750425857857,25.19478988145863,25.287480259384996,92080500
2002-05-31,25.31276512145996,26.155400419396187,25.279058938086855,25.919461957382303,79907400
2002-06-03,24.419570922851562,25.48971815336531,24.259471370972605,25.27905932565155,77043700
2002-06-04,24.739774703979492,25.009417762246397,24.10779818346666,24.22576661965858,98366200
2002-06-05,24.992555618286133,25.110524011755967,24.41113697995843,24.790323397824068,95347100
2002-06-06,24.33530616760254,24.86616729378042,23.509523979324996,24.86616729378042,91129700
2002-06-07,23.846576690673828,24.259469373328578,23.18932223093601,23.282011014602084,106049200
2002-06-10,23.8044376373291,24.22575511763581,23.711747277358057,23.897127997300142,73142900
2002-06-11,23.138761520385742,24.175204024412203,23.05449928723808,24.099366728820048,84609500
2002-06-12,23.47580909729004,23.5600713024967,22.60789456175398,22.95337474613662,152974400
2002-06-13,23.32413673400879,23.770732249214277,23.046067252149236,23.3915474687869,97556300
2002-06-14,23.27357292175293,23.357835112513452,22.07703149089325,22.633170307343697,122106800
2002-06-17,24.065662384033203,24.225763532174653,23.51794979083257,23.59378709220488,87618100
2002-06-18,24.453269958496094,24.56281180971799,23.829720203605007,23.854998226933763,100513400
2002-06-19,23.03764533996582,23.863427408779465,22.96180804719732,23.678048252678142,93507600
2002-06-20,22.29612159729004,23.130331671680025,21.630440775009614,22.978657112700027,99913200
2002-06-21,21.756834030151367,22.565764413369898,21.61358602516468,22.21185767206153,168755100
2002-06-24,22.186588287353516,22.582626315874226,21.242836005790114,21.44506990035319,219672100
2002-06-25,21.453489303588867,22.515209743685887,21.31866781346851,22.39724134163031,136336400
2002-06-26,21.613588333129883,21.723131787745764,20.55186799583103,20.58557416869708,149080300
2002-06-27,22.08546257019043,22.119168741633064,21.082728077752805,21.908509991712748,121371100
2002-06-28,21.992778778076172,22.540491330077494,21.782119980598814,21.950646054261256,87842000
2002-07-01,20.939485549926758,22.02648414857951,20.880501341646262,21.88323609681296,64753900
2002-07-02,20.181106567382812,20.855213846825016,19.456440036583544,20.72881893282942,111629600
2002-07-03,20.8552188873291,20.8552188873291,19.903041924085237,20.09684761286601,101067000
2002-07-05,22.195009231567383,22.237140344767894,21.108009153245565,21.284963364525396,56768300
2002-07-08,21.386072158813477,22.371955014795564,21.133282342284105,22.077034097910783,97288500
2002-07-09,20.77938461303711,21.47034524348146,20.72040040417466,21.276539526590806,91039600
2002-07-10,20.138978958129883,21.091157539580273,20.079994757140714,21.057451363472783,115365200
2002-07-11,20.89734649658203,20.973183772035,19.827201312120906,20.02100696841243,170271200
2002-07-12,20.89734649658203,21.50404470020579,20.686687755256816,21.276532873846882,130027800
2002-07-15,21.546180725097656,21.605164928984433,20.01258499524543,20.796235949053198,140207200
2002-07-16,21.225980758666992,21.925367897879646,20.981615783578693,21.27653841974768,148281700
2002-07-17,21.613588333129883,22.279270782445337,20.973185513463967,21.9674951122295,157954700
2002-07-18,20.838361740112305,21.546175220313977,20.66140917366119,21.386074131240154,114052300
2002-07-19,20.21481704711914,20.821513776271885,20.054715918670876,20.501313126574356,124116400
2002-07-22,19.7176513671875,20.644549844930108,19.456435064063044,20.096837619463425,150034800
2002-07-23,18.875028610229492,20.012586478890462,18.77391328384135,19.75979655572097,150786800
2002-07-24,19.903034210205078,19.936738765661012,18.2346161243815,18.377864101265384,186493600
2002-07-25,18.748634338378906,19.71766455577663,18.369447832475835,19.591269589542,153915500
2002-07-26,19.102535247802734,19.245783260092338,18.54639628413691,19.0098448847922,96034200
2002-07-29,20.079998016357422,20.324363011203182,19.448021576555323,19.608122724654297,96735200
2002-07-30,20.484453201293945,20.804655351324985,19.877756674622418,19.99572504189782,117394300
2002-07-31,20.09684944152832,20.3833455324032,19.683958394608418,20.22324439757334,93831300
2002-08-01,19.153085708618164,20.138968339135058,19.09410153873052,20.00414692019241,85149700
2002-08-02,18.748634338378906,19.24578926514107,18.386300923226905,19.19523160008706,86706000
2002-08-05,18.066099166870117,18.807617436886837,17.948129145786314,18.63066481605978,84897800
2002-08-06,18.95928955078125,19.38903364012949,18.361019407523177,18.369444344099612,115364600
2002-08-07,19.212080001831055,19.692383367995927,18.504266375818432,19.549135333988634,125677100
2002-08-08,19.860912322998047,19.886191958755827,18.790765183906206,19.16995168427707,111697900
2002-08-09,19.658672332763672,19.978872890529,19.279485981411334,19.54913050192774,93576900
2002-08-12,19.7176513671875,19.78506207790343,19.29633402341342,19.42272890510602,62870900
2002-08-13,19.043556213378906,20.113703324007698,19.001423488236554,19.574415692579503,88434400
2002-08-14,20.256938934326172,20.391760357583074,18.93400110692085,19.102528689591047,102613500
2002-08-15,20.66984748840332,20.68669897537833,19.987311639130496,20.42548244447118,120307800
2002-08-16,20.813095092773438,21.065885070742553,19.995737723420955,20.33279156311294,95853000
2002-08-19,21.318668365478516,21.563033327148407,20.79623547953437,20.872072770590613,76015900
2002-08-20,21.225980758666992,21.428213010188824,20.939484667211296,21.217554213953697,89981300
2002-08-21,21.697851181030273,21.782115002202172,21.0658749330391,21.394502067690922,101365500
2002-08-22,22.0433349609375,22.08546607472747,21.419785155091898,21.689428140625242,80345500
2002-08-23,21.19226837158203,21.748407302147072,21.023742348282727,21.739980759902316,75211200
2002-08-26,21.27653694152832,21.39450534492026,20.737250974937805,21.318668054968597,83335400
2002-08-27,20.535015106201172,21.495618466124043,20.349634382567867,21.42820773222066,92340400
2002-08-28,19.785070419311523,20.299078309725612,19.709233136883256,20.240094113881135,115562300
2002-08-29,20.046287536621094,20.408619238655767,19.397458197165886,19.54913275518905,97028200
2002-08-30,19.79349708557129,20.223241152935014,19.700806715983386,19.903040541847684,59474900
2002-09-03,19.077260971069336,19.742943569973896,18.824471046563307,19.43116782969726,81828100
2002-09-04,19.153085708618164,19.39745053495051,18.740194912206555,18.959280119787874,82717600
2002-09-05,18.68122100830078,18.959290538578642,18.47898876875315,18.875026703634052,91576600
2002-09-06,19.254213333129883,19.565987435913563,19.043554547443996,19.094112205992893,86008800
2002-09-09,19.448020935058594,19.69238592184393,18.866602179603095,19.102540621271782,72679500
2002-09-10,19.928327560424805,19.94518065472087,19.405894494843178,19.574420616205188,74615800
2002-09-11,19.759801864624023,20.51817344508474,19.734522222635494,20.3243676781047,73902800
2002-09-12,19.220510482788086,19.599697005534594,19.136246632488945,19.574417368285072,70763500
2002-09-13,19.372180938720703,19.44801822701139,18.976143016579616,19.04355376092701,79716100
2002-09-16,19.09410858154297,19.380604604268928,18.849745272275936,19.262636220981303,58853600
2002-09-17,18.689647674560547,19.55756084072015,18.689647674560547,19.422739346807997,89139700
2002-09-18,18.478986740112305,19.001419566457425,18.352591805170665,18.546397479227764,92358300
2002-09-19,18.18406105041504,18.64750960183992,18.158781424861516,18.285177945430597,86247700
2002-09-20,18.259897232055664,18.453702861491244,18.09979616081833,18.394718679245496,78116900
2002-09-23,17.712182998657227,18.133500377651746,17.535228863736435,18.074516201744235,72757500
2002-09-24,17.720611572265625,18.074518275514247,17.40040942746055,17.425689051692036,91507300
2002-09-25,18.428430557250977,18.571678590195273,17.779601137020983,17.99025991445678,98051900
2002-09-26,18.200925827026367,18.81604931255209,18.007120061537368,18.67280122345162,104453500
2002-09-27,17.95656394958496,18.714935658160986,17.95656394958496,18.15879629805858,92249700
2002-09-30,17.459392547607422,17.89756303109677,17.265586928555788,17.75431505023288,91502500
2002-10-01,18.5211181640625,18.529544707494964,17.248739035339533,17.61949891037375,102096000
2002-10-02,17.905990600585938,18.51268711528494,17.670052263492664,18.125075854915742,94829700
2002-10-03,17.47625732421875,18.032396538037908,17.425699652198666,17.745900384591746,74354800
2002-10-04,17.14762306213379,17.712188592577267,16.945390849210586,17.6447778549362,81837100
2002-10-07,16.98752212524414,17.34985544634151,16.726305715206017,17.07178594992705,79861800
2002-10-08,17.021230697631836,17.36671098105831,16.650470781076958,17.088641445441905,94103100
2002-10-09,16.903261184692383,17.299300746116966,16.71788202451855,16.80214586357904,103301000
2002-10-10,17.762746810913086,17.872288660376356,16.776863736948417,16.936964846655176,109610500
2002-10-11,18.723352432250977,18.85817392751551,18.049244955928323,18.158786818131126,124777400
2002-10-14,18.942432403564453,18.95928548750322,18.35258893049459,18.42842620102049,78890300
2002-10-15,19.852476119995117,19.911460300869724,19.532275592162236,19.751360840552476,118176000
2002-10-16,19.195222854614258,19.515423397003065,18.596951263121444,19.13623706385984,97441900
2002-10-17,19.84404945373535,20.06313470074437,19.026694253400386,19.88618215923615,95754500
2002-10-18,20.063142776489258,20.09684895445719,19.32162454038407,19.61654716880736,84941900
2002-10-21,20.467605590820312,20.602427066653565,19.633395499203747,19.818776233873546,85311500
2002-10-22,20.341211318969727,20.509738986151486,19.928320302293255,19.995731047726167,89947000
2002-10-23,20.728832244873047,20.754110279586587,19.945181024762057,20.09685566184155,88093500
2002-10-24,20.206390380859375,20.947910208105014,20.155832722201396,20.796235624932088,88674800
2002-10-25,20.813095092773438,20.855226220035128,20.21482312102062,20.21482312102062,71557300
2002-10-28,20.636133193969727,21.099583458524197,20.366490221893834,21.065877283415265,90272000
2002-10-29,20.15583038330078,20.619279016151072,19.692381750450494,20.48445753724194,90293800
2002-10-30,20.695125579833984,20.8889329489793,20.096855199775366,20.273807867499908,103531100
2002-10-31,20.686697006225586,21.099589738201015,20.526597448405873,20.77938740816285,81493100
2002-11-01,21.27653694152832,21.402931889048105,20.341211436923807,20.53501873746636,86658400
2002-11-04,21.824247360229492,22.599471666491798,21.739983534227303,21.950642295633376,110562400
2002-11-05,21.992778778076172,22.05176298421798,21.537755004069517,21.66414996111612,79603300
2002-11-06,22.30455207824707,22.4225220933924,21.605164960624332,22.152879099687105,116251700
2002-11-07,21.520902633666992,21.99277787052826,21.32709532651412,21.900087489159453,82711600
2002-11-08,21.124860763549805,21.798969777991214,21.032170392354388,21.478767554151865,76937600
2002-11-11,20.484453201293945,21.08272479361591,20.349631750922494,21.02374060997821,74384300
2002-11-12,21.00689697265625,21.402934960301486,20.560299712988837,20.560299712988837,88748800
2002-11-13,21.259685516357422,21.655725085352472,20.636135666908864,20.813089893038352,119341800
2002-11-14,21.992778778076172,22.26242178169534,21.504050432216662,21.554608093595487,85720100
2002-11-15,22.279272079467773,22.28769862317485,21.697853421270473,21.824248362478876,69291300
2002-11-18,21.950645446777344,22.557343795329178,21.9000877867977,22.506784528150504,76238000
2002-11-19,21.613588333129883,21.950642025796476,21.318665749347073,21.73998326698001,88139200
2002-11-20,22.532066345214844,22.5404928905612,21.52090501164002,21.537756495133547,75104700
2002-11-21,23.36627769470215,23.458968096811475,22.540495443617107,22.6921700626326,105472900
2002-11-22,23.357839584350586,23.543220296790548,23.020785935185078,23.062918645829875,73808600
2002-11-25,23.585357666015625,23.76231188333698,23.206172812668154,23.391551967158094,72666100
2002-11-26,22.793285369873047,23.484247700713762,22.666890389948303,23.40841039131904,80017900
2002-11-27,23.517946243286133,23.762311201335685,23.155612881874156,23.197745602502845,73643900
2002-11-29,23.357839584350586,23.838142842509836,22.936522121094058,23.77073050547816,34652100
2002-12-02,23.593780517578125,24.25946295363662,23.231447202477803,23.947687289629748,85136000
2002-12-03,22.894386291503906,23.239866411480072,22.692154143751875,23.214586790311728,76595500
2002-12-04,22.388809204101562,22.709011368539077,22.08546012351835,22.380382662174412,130115900
2002-12-05,22.07704734802246,22.75115500148293,22.018061522045176,22.70902387584143,84933200
2002-12-06,22.30455207824707,22.515210867979206,21.689428797956992,21.748413001930146,81727900
2002-12-09,21.251262664794922,22.37196760105034,21.23441117949135,22.093898003549352,75855200
2002-12-10,21.57145118713379,21.86637368837787,21.360792487273496,21.419776666082644,69578300
2002-12-11,21.67258071899414,21.96750341423476,21.335526898947457,21.436643848561157,64237600
2002-12-12,21.79054832458496,22.489935525669516,21.537756782419947,21.90851674660911,62296400
2002-12-13,21.09958267211914,21.54617822527514,21.074303041729642,21.504047115158137,72647800
2002-12-16,21.782121658325195,21.874810443459037,21.12486558098027,21.2512605477622,60278500
2002-12-17,21.849533081054688,22.07704499252311,21.62202116958627,21.748416140224528,62562700
2002-12-18,21.386072158813477,21.571452857653576,21.108002717751784,21.52932015009971,67130700
2002-12-19,21.116437911987305,21.72313629177759,20.90577910949326,21.2091282993884,95969700
2002-12-20,21.335527420043945,21.445070918734213,21.124868576469737,21.343953966650844,65578600
2002-12-23,21.630441665649414,21.706278948262035,21.175417969973687,21.21755068653559,45941700
2002-12-24,21.360794067382812,21.680994607689197,21.335514442938184,21.487188975209058,16772700
2002-12-26,21.30181312561035,21.83267246213841,21.20912276240756,21.51247187310856,33795400
2002-12-27,20.914207458496094,21.78212237822874,20.8552232458617,21.217556674557844,42490200
2002-12-30,20.75409507751465,21.040591047210775,20.526584895742868,20.931049226890906,57396400
2002-12-31,20.535015106201172,20.821509519891546,20.45917782966003,20.678263116645695,46015400
2003-01-02,21.402931213378906,21.529326156908528,20.60242883289204,20.829939088365794,65903200
2003-01-03,21.638870239257812,21.664148264367896,21.30181651113209,21.45348948338945,39059500
2003-01-06,22.17815399169922,22.40566583818642,21.234403647098585,21.66414610308713,67223400
2003-01-07,22.456233978271484,22.69217247821113,22.119180126357374,22.25400166712302,88726100
2003-01-08,21.824247360229492,22.72586660189568,21.7736897075077,22.23713833972154,74989900
2003-01-09,22.498350143432617,22.734286862397013,22.09388421183956,22.11073729382226,75391100
2003-01-10,22.835407257080078,22.970228719268118,22.093887607847254,22.203431050374164,82594300
2003-01-13,22.700586318969727,23.14718182007847,22.523632141263537,23.029213439740104,72870300
2003-01-14,22.818559646606445,23.020791888403373,22.624753949117597,22.67531160776708,46993800
2003-01-15,22.532066345214844,23.046074360948204,22.397244834071532,22.953383969337484,55131000
2003-01-16,22.279272079467773,22.7342941892578,22.119170963431063,22.574194680419964,68740300
2003-01-17,21.32710075378418,21.85796193664454,21.293396174745105,21.824255750406042,77289400
2003-01-21,21.09115219116211,21.52932111905346,21.08272564927209,21.411352746990236,67729600
2003-01-22,21.00689697265625,21.512478442483676,20.956339307833264,21.03217500146815,80020200
2003-01-23,21.49562644958496,21.7736960311111,21.1585726548865,21.402936053343158,78471100
2003-01-24,20.914207458496094,21.512479344929073,20.76253285046522,21.512479344929073,74519700
2003-01-27,20.66984748840332,21.091165199569474,20.535025949406112,20.602436718904716,76561000
2003-01-28,20.880504608154297,21.10801493179906,20.577155367028762,20.872078061767546,65217200
2003-01-29,21.19226837158203,21.445059817328886,20.509734521742864,20.86364126002958,95717500
2003-01-30,20.644567489624023,21.41979212903258,20.636140942682687,21.335528266818706,70333800
2003-01-31,20.594005584716797,20.863648602651033,20.23167217666798,20.27380329552052,90505600
2003-02-03,20.636133193969727,20.888924685690043,20.543442819619056,20.661412825301426,53158800
2003-02-04,20.383350372314453,20.476039171583064,20.07157457332154,20.374923825617408,68235700
2003-02-05,20.2906494140625,20.947905249843092,20.231665225056283,20.501308150341053,80107700
2003-02-06,20.40020179748535,20.51817184369166,20.105280699968187,20.25695532566241,103552000
2003-02-07,20.063142776489258,20.602430373582965,19.928321279015588,20.52659308035415,72312400
2003-02-10,20.240093231201172,20.433898896866438,19.903039550218377,20.13054978038256,67572600
2003-02-11,20.34963607788086,20.73724903551606,20.155830402662662,20.433899904079713,77823300
2003-02-12,20.071565628051758,20.501309674880922,20.037861063484094,20.28222437999554,51753000
2003-02-13,20.17268943786621,20.206394013965276,19.65025484713682,20.096852132644216,77387400
2003-02-14,20.636133193969727,20.64455973774696,19.903041564538256,20.079994162263475,67510400
2003-02-18,21.27653694152832,21.35237423147998,20.796235176633772,20.813088264889466,73976800
2003-02-19,21.13329315185547,21.268114670591448,20.821517385278973,21.234410094507094,45541400
2003-02-20,21.049028396606445,21.293393393317345,20.931059974580055,21.192276455009576,59759800
2003-02-21,21.209121704101562,21.37764933657031,20.652982767032757,21.006889509458237,70228500
2003-02-24,20.84679412841797,21.24283208381994,20.821514494465013,21.175421333811116,56646600
2003-02-25,20.872074127197266,21.023748719168033,20.29065539370902,20.602431122448827,74440700
2003-02-26,20.40862274169922,21.015321077928768,20.391771260180953,20.79623574620132,60005600
2003-02-27,20.872074127197266,20.998469084773213,20.45075653047806,20.577151488054007,66424000
2003-02-28,21.2006893157959,21.251246948716112,20.82992959091858,20.90576684389799,50185800
2003-03-03,20.770950317382812,21.470337232008568,20.69511304651508,21.293384671449566,60414400
2003-03-04,20.644567489624023,20.872079435441638,20.577156721292823,20.779389026286427,56043500
2003-03-05,20.686697006225586,20.880504356385263,20.492891263265278,20.5603020263471,69096500
2003-03-06,20.636133193969727,20.796234311339372,20.417047877358343,20.58557553850522,59108600
2003-03-07,20.67827606201172,20.80467106630868,20.189545926250705,20.29066289400808,73291000
2003-03-10,20.231672286987305,20.60243224226814,20.147408441623593,20.501315306391852,55948000
2003-03-11,20.054710388183594,20.425470201798674,20.03785891130907,20.273795659538028,54934200
2003-03-12,20.417049407958984,20.42547595236793,19.83563230853295,20.021011463932684,77859800
2003-03-13,21.588308334350586,21.613586354487236,20.560292656829976,20.762524853916332,128537600
2003-03-14,21.67258071899414,21.891666103824335,21.36923308455182,21.68100726539523,89794400
2003-03-17,22.414094924926758,22.58262098770126,21.360801005589963,21.42821175213956,141040800
2003-03-18,22.692161560058594,22.72586612543355,22.262417502936202,22.582618106392754,96548700
2003-03-19,22.498350143432617,22.709008846621316,22.186574555546063,22.624745043906167,91315100
2003-03-20,22.582618713378906,22.869114759161075,22.05175933866419,22.36353501455613,92789700
2003-03-21,22.894386291503906,23.071338818087593,22.077031160106333,22.92809084586346,93304600
2003-03-24,21.94222640991211,22.414101780078116,21.883240582341827,22.30455827893277,85244500
2003-03-25,22.253995895385742,22.54891854202006,21.916942130889,22.034910546663077,78731500
2003-03-26,22.38037872314453,22.557332858073,22.21185273585836,22.329821087678503,67880200
2003-03-27,22.220294952392578,22.456231822482845,21.992783021491775,22.13603109570346,64113100
2003-03-28,21.975923538208008,22.270846147257974,21.866381681406036,22.02648119463977,45374700
2003-03-31,21.27653694152832,21.681001416471208,21.242830765016937,21.571459557207117,89345300
2003-04-01,21.445066452026367,21.630445617167986,21.27653876938919,21.436639907174598,73159500
2003-04-02,22.034900665283203,22.38038081986436,21.933785384878103,21.959063401380178,75843800
2003-04-03,22.312978744506836,22.624754462179954,22.16973070241903,22.447800242095475,70138200
2003-04-04,21.950645446777344,22.414095752721,21.883234697738146,22.38881611913166,65665700
2003-04-07,21.984359741210938,22.919685635738077,21.967506645929454,22.84384831417103,83842700
2003-04-08,21.95906639099121,22.15287365135056,21.80739184253547,22.034903665219083,54250600
2003-04-09,21.453489303588867,22.144451449454372,21.411358190625858,21.992776871269236,76457100
2003-04-10,21.714698791503906,21.714698791503906,21.318659414013993,21.453480851015318,57017500
2003-04-11,21.49562644958496,22.04333906686987,21.369231477472947,21.925370640525227,67974500
2003-04-14,21.93379020690918,22.026478966457933,21.478766523456407,21.571456890203915,52476200
2003-04-15,22.144451141357422,22.296124110233386,21.782117789000523,21.883233101584498,64655700
2003-04-16,22.093881607055664,22.607889296540034,22.009619421473058,22.456214790974276,70711600
2003-04-17,22.599472045898438,22.734293526885843,22.034906491564115,22.04333303502568,70179900
2003-04-21,22.683738708496094,22.83541329536404,22.430948801848867,22.70059179752565,52729600
2003-04-22,23.113487243652344,23.138765274818557,22.45623111094209,22.523641872717548,70757200
2003-04-23,23.281997680664062,23.383114558896793,22.970223719909793,23.172455869177004,70327100
2003-04-24,23.155611038208008,23.38312288989143,22.978658447253455,23.054495731147927,72383900
2003-04-25,22.70901107788086,23.105048900196653,22.633173808705713,23.020785089202214,63277900
2003-04-28,23.155611038208008,23.28200597563252,22.70901548549481,22.793277705645266,59666200
2003-04-29,23.36627769470215,23.64434729383076,23.096634641874328,23.2904403851944,79903800
2003-04-30,23.13033676147461,23.416832856546797,23.113483671835287,23.298862836270605,60202100
2003-05-01,23.332565307617188,23.484239875869335,22.911247776782925,23.121906542200055,66022600
2003-05-02,23.829721450805664,23.83814799475589,23.231449687930965,23.26515586373187,85004100
2003-05-05,23.8044376373291,24.192048947755925,23.737026904767973,23.871848369890227,80520300
2003-05-06,24.1077938079834,24.352157182486877,23.770738439124777,23.779164984066156,77338300
2003-05-07,23.838138580322266,24.175192169223607,23.69489060413941,23.939253853393524,70353200
2003-05-08,23.399980545043945,23.753887403243066,23.39155399994407,23.46739129864382,80249100
2003-05-09,23.93926239013672,23.998246588328435,23.593782137414767,23.62748831192367,58528200
2003-05-12,24.301593780517578,24.40270908153459,23.737028260376615,23.89712936205207,67487300
2003-05-13,24.149927139282227,24.427996719041474,24.048811805114823,24.124647502140746,64934300
2003-05-14,24.099361419677734,24.411135470917362,23.897129211717207,24.32687325633285,62181200
2003-05-15,24.3690128326416,24.419570500402468,24.065663611677827,24.225764767986405,62232100
2003-05-16,24.183626174926758,24.38585839069326,23.99824543840837,24.20890419739833,70590400
2003-05-19,23.332565307617188,24.16677382580517,23.26515456697166,24.031952344514114,91334800
2003-05-20,23.399980545043945,23.560080080344182,23.096631350244945,23.39155399994407,71817800
2003-05-21,23.332565307617188,23.383122961301627,23.121906542200055,23.298859133695007,63648500
2003-05-22,23.66961669921875,23.863422358747307,23.273578837504036,23.391547220312955,62401400
2003-05-23,23.678049087524414,23.80444404419537,23.551654130853457,23.627491426295844,37922500
2003-05-27,24.52068328857422,24.62179860696395,23.509520461482886,23.534800094679824,101422100
2003-05-28,24.596519470214844,24.773472073005394,24.402712172188473,24.57123983815951,76290400
2003-05-29,24.69763946533203,25.11053055730335,24.57124449549579,24.630228707606086,97336000
2003-05-30,25.102094650268555,25.169505378538688,24.81559865332085,24.883009381590984,78093700
2003-06-02,24.92514991760254,25.447584464823308,24.697638020883854,25.346467530548626,102937000
2003-06-03,25.161075592041016,25.17792706653662,24.71447857034175,24.807168912460057,81672600
2003-06-04,25.632963180541992,25.767784685713618,25.04311789001679,25.118955187575718,87046100
2003-06-05,25.818328857421875,25.852035019701756,25.253763496820106,25.388584931543072,88747900
2003-06-06,25.388601303100586,26.517732752411995,25.312765603465603,26.298647377912836,157178100
2003-06-09,25.051546096801758,25.46443718467917,24.883020007757487,25.279058004570707,94941800
2003-06-10,25.43073081970215,25.447583909580068,25.009413215948832,25.161087810451882,69660100
2003-06-11,25.717227935791016,25.81834326465881,25.110529533787556,25.338041434538855,87338200
2003-06-12,25.82676124572754,25.911025063308106,25.49813412508183,25.818334703249615,79450500
2003-06-13,25.245351791381836,25.894181331762013,25.161089550562984,25.83519712030913,83353600
2003-06-16,26.020565032958984,26.037418116704846,25.279047027324808,25.42229502476759,71211800
2003-06-17,25.919456481933594,26.214379095349145,25.750928815067866,26.13854180597946,67571200
2003-06-18,26.054279327392578,26.315495778138892,25.658241379022417,25.835193991954075,80215700
2003-06-19,25.632963180541992,26.323923796346357,25.599257000649526,26.104838448642685,79467200
2003-06-20,25.599252700805664,25.93630801431949,25.489710848952864,25.860470729498765,71512400
2003-06-23,25.203222274780273,25.590835357449492,24.90829959154921,25.55712917321768,86509400
2003-06-24,25.009410858154297,25.388595701464677,24.88301591038417,25.05154197167802,83004400
2003-06-25,24.874584197998047,25.43072313839568,24.83245148602936,25.000979119506848,94255300
2003-06-26,25.46443748474121,25.514996758529563,24.950431058820246,25.03469330073568,79187500
2003-06-27,25.13581085205078,25.75936077913627,25.085253184232844,25.4897177411749,82451900
2003-06-30,25.236928939819336,25.565556206343803,25.110532353741288,25.41388158880963,72043000
2003-07-01,25.573970794677734,25.599248814314358,24.65549857991307,25.02625840417002,105852500
2003-07-02,26.096410751342773,26.113263840544835,25.599255870275364,25.624535504078455,81972500
2003-07-03,25.76778221130371,26.20595286463472,25.67509183269935,25.868899134072006,50050400
2003-07-07,26.87163543701172,26.88006198169477,26.087984460677575,26.096411005360626,88554600
2003-07-08,27.20026397705078,27.225545219538322,26.64412646549827,26.778947972638118,81874500
2003-07-09,27.13286590576172,27.37723099169699,26.905353916897802,27.116012808690364,89588400
2003-07-10,26.627267837524414,26.955894991931967,26.399755988842813,26.837926599518756,102928700
2003-07-11,26.829496383666992,26.955891302122488,26.635690734888655,26.66939529645078,67728100
2003-07-14,27.149703979492188,27.596299554360023,27.023307428598585,27.250819291568376,84524600
2003-07-15,27.18340301513672,27.51203335712429,26.913761686138425,27.410914845252417,75059000
2003-07-16,27.099140167236328,27.385636182024164,26.73680687752238,27.35193001219094,80138700
2003-07-17,26.27336311340332,26.82950216010406,26.155394711739206,26.694680670431087,116260400
2003-07-18,26.35761833190918,26.585128516876875,26.05426927568771,26.4587336125174,80519000
2003-07-21,26.020565032958984,26.37447175562947,25.79305483118394,26.323914111590412,111325300
2003-07-22,26.408193588256836,26.543015123801776,26.003728981622018,26.21438783181092,91471500
2003-07-23,26.627267837524414,26.66097240370013,26.113259943954606,26.45031364170579,69050400
2003-07-24,26.27336311340332,26.981176737785884,26.189099280557983,26.837928704108485,82999700
2003-07-25,26.795791625976562,26.82949779651225,25.92787862826542,26.231226127093223,82709600
2003-07-28,26.87163543701172,26.955899276643176,26.62727206999946,26.846357410161623,56180800
2003-07-29,26.669404983520508,26.981180729008376,26.323924664228077,26.90534342894914,80560100
2003-07-30,26.475589752197266,26.745232674553158,26.399752479384844,26.71995304788282,56617300
2003-07-31,26.795791625976562,27.242390349581026,26.55985486102146,26.787366690541315,85544100
2003-08-01,26.50929832458496,26.78736943843333,26.374476843009358,26.70310561064887,73545400
2003-08-04,26.50087547302246,26.795796482670287,25.986867529580888,26.475595840538805,96344600
2003-08-05,25.456003189086914,26.52615005048124,25.363314429758972,26.467165856218344,111041800
2003-08-06,25.43915557861328,25.92788390036661,25.363318286686123,25.58240361812024,96816000
2003-08-07,25.540266036987305,25.70879367747155,25.295902726203707,25.464428759489262,67326600
2003-08-08,25.338035583496094,25.74250001996695,25.22006719132513,25.641384714448638,66677100
2003-08-11,25.616111755371094,25.784639451387697,25.304337607099367,25.346468727503908,63712200
2003-08-12,26.003719329833984,26.03742389761037,25.557122154604958,25.708796727595907,59676100
2003-08-13,26.012142181396484,26.18066821075548,25.82676145974333,26.104830935024403,57969700
2003-08-14,26.03742790222168,26.281792886779584,25.8436221879028,26.020574812142,50271500
2003-08-15,26.264930725097656,26.366047623451976,26.06269853558759,26.12168272329487,28116300
2003-08-18,26.939043045043945,26.972747612645712,26.31549327602197,26.382904018424377,67224100
2003-08-19,27.27608871459961,27.284516863013575,26.83791982177914,27.057005071788574,68205000
2003-08-20,27.20868682861328,27.40249250647015,26.98117497693844,27.048584110176733,58233500
2003-08-21,27.503618240356445,27.65529286564067,27.191844050338364,27.461487114310575,77161400
2003-08-22,27.335079193115234,28.118730027510487,27.28452314857202,28.026039659984537,92989800
2003-08-25,27.394054412841797,27.419335641228006,27.14126462975515,27.26766112849672,43044700
2003-08-26,27.419343948364258,27.461475055910256,26.80421917068107,27.20025704608913,79838500
2003-08-27,27.638427734375,27.66370897051033,27.276094422277488,27.377212938023867,47532100
2003-08-28,27.88279914855957,27.90807717618059,27.40249733737082,27.756402581658016,55311000
2003-08-29,28.135581970214844,28.19456616271613,27.790101750822707,27.840661007708416,53148800
2003-09-02,28.5400447845459,28.556897869231097,27.916496723179737,28.219845818718834,80303100
2003-09-03,28.523204803466797,28.818129099350607,28.354680307988858,28.73386363721293,85234800
2003-09-04,28.7844181060791,28.834977374915816,28.396806688192118,28.506350163472586,63736100
2003-09-05,28.59903907775879,28.93609446174963,28.37152717572473,28.624320320917043,91024100
2003-09-08,29.070911407470703,29.096189432261188,28.607462738057265,28.64959385084069,69296000
2003-09-09,28.72544288635254,28.9782328808248,28.582193187032114,28.919248655927912,87817500
2003-09-10,28.03446388244629,28.556896627379505,27.899642425224908,28.438928254110433,111624500
2003-09-11,28.346248626708984,28.464217044621122,27.815387531706055,28.042899429564454,96914900
2003-09-12,28.49789810180664,28.514751177279194,27.849069160892967,28.09343393365178,104963000
2003-09-15,28.2198543548584,28.573759597107596,28.177720023201697,28.514775390066063,54594200
2003-09-16,28.98664665222168,29.011924674806135,28.245126917234334,28.245126917234334,87463800
2003-09-17,28.868677139282227,29.07091097781073,28.67487145182456,28.927664553584645,79794700
2003-09-18,29.306848526000977,29.374260878698298,28.649594159191555,28.792840587076522,91469900
2003-09-19,29.13832664489746,29.374263471366856,28.952945873015405,29.31527926474951,69796000
2003-09-22,28.58218002319336,28.818120028515313,28.45578669136866,28.75913583078425,97477500
2003-09-23,29.0877685546875,29.121474735377117,28.57376054956496,28.624319820599382,77826500
2003-09-24,27.992345809936523,29.08777106156998,27.950211473244067,29.079342908472054,115057400
2003-09-25,27.630008697509766,28.430512772220794,27.60472745597697,28.127163589012557,117604800
2003-09-26,27.453046798706055,27.950198307756544,27.40248754712938,27.7142615625262,106581000
2003-09-29,27.9249210357666,27.950199055032236,27.343504091876905,27.604718862680883,96862800
2003-09-30,27.318227767944336,27.773251482887204,27.267671720326952,27.739545308210456,119122500
2003-10-01,27.933359146118164,28.00076829299692,27.31823259985906,27.478335350692927,106653600
2003-10-02,28.026039123535156,28.16928874725991,27.747971240677376,27.891217650004645,83911100
2003-10-03,28.809688568115234,29.045628546332544,28.497914528153494,28.52319254873497,112862800
2003-10-06,29.02035140991211,29.028779560894463,28.70015238933379,28.885529923774452,49162900
2003-10-07,29.197309494018555,29.197309494018555,28.65802029310787,28.784416852495912,80104600
2003-10-08,29.011917114257812,29.3573972619356,28.834964573485546,29.33211924593863,71387400
2003-10-09,29.231014251708984,29.7197442159853,29.011930511639132,29.41639502635148,118216100
2003-10-10,29.500680923461914,29.517534026892264,29.18890654600241,29.2984501110993,68356200
2003-10-13,29.694467544555664,29.804007812394527,29.424821308033604,29.610202091143027,60919800
2003-10-14,29.77031135559082,29.854573613031526,29.458533931382235,29.576502377558853,62274900
2003-10-15,29.64388656616211,30.20845022583977,29.517490085794503,30.166319137182573,97045200
2003-10-16,29.879840850830078,29.938825052605488,29.542788728456017,29.576491690614883,73955000
2003-10-17,29.163610458374023,29.905130478624756,29.15518230467183,29.837718106602498,97794400
2003-10-20,29.525941848754883,29.55964803239924,29.0709180127518,29.197314594218856,75544300
2003-10-21,29.70288848876953,29.871416158535755,29.441670439911984,29.61019810967821,73455600
2003-10-22,29.129898071289062,29.433247252015637,29.020354597271545,29.399541073179766,88141400
2003-10-23,28.792837142944336,29.07933317884218,28.691721840391427,28.775987271183446,95409600
2003-10-24,28.818134307861328,28.843412343871957,28.219863883348243,28.472653886652434,101778600
2003-10-27,28.826541900634766,29.02877571021373,28.683295496914237,28.885526092095848,63604500
2003-10-28,29.79558563232422,29.83771675573128,28.96137524551029,29.011934522237965,107375700
2003-10-29,29.761871337890625,29.83770862511755,29.55121256386003,29.660756026387322,74075200
2003-10-30,29.820842742919922,30.334850445324683,29.61018405927183,30.174751002934844,95062600
2003-10-31,29.64388656616211,29.90510445887035,29.54277131050564,29.862970155817138,55473200
2003-11-03,30.13262939453125,30.318010142879885,29.795577287276558,29.854561486406073,71141200
2003-11-04,29.930391311645508,30.22531223377161,29.87140712722029,30.07363769827905,60033900
2003-11-05,30.20003318786621,30.24216428753607,29.618616297869664,29.930390292702867,67412700
2003-11-06,30.28429412841797,30.309575358686544,29.778714524600687,30.157900834662012,90567400
2003-11-07,30.02308464050293,30.48653322740903,29.99780340581538,30.402271016843297,63505200
2003-11-10,29.652326583862305,30.115778438062303,29.568064363679213,30.08207226423,68896400
2003-11-11,29.542800903320312,29.745031617206333,29.365845010670995,29.618638224627382,75607100
2003-11-12,30.174772262573242,30.301165633174705,29.61020492114426,29.635482952384816,80364600
2003-11-13,30.14105987548828,30.250603345653047,29.955679112809143,30.090500609012693,64243000
2003-11-14,29.525941848754883,30.351724061650145,29.45010454275437,30.174771419115146,90932200
2003-11-17,29.222572326660156,29.416377926399345,28.868664073017374,29.35739375319161,108063100
2003-11-18,28.548480987548828,29.466953468409105,28.49792171923058,29.382688021212026,108588500
2003-11-19,28.826541900634766,28.986644604084006,28.548474028660713,28.65801426171852,86320300
2003-11-20,28.548480987548828,29.22258849313478,28.48949678170994,28.58218395202952,117324500
2003-11-21,28.843412399291992,28.86869043535119,28.422094654842386,28.717019004596686,81787500
2003-11-24,29.64388656616211,29.702870733161387,29.04561674980029,29.08774783845748,92057500
2003-11-25,29.64388656616211,29.871398302186186,29.56804932082075,29.73657688984555,72519800
2003-11-26,29.778718948364258,29.930393494920732,29.332123458168653,29.829278202015484,72842900
2003-11-28,29.812442779541016,29.913558132351014,29.669193083194333,29.711324212331906,24802600
2003-12-01,30.250600814819336,30.34328797400647,29.888267471386293,30.090498091573536,82767300
2003-12-02,30.082082748413086,30.377003836237236,29.980967406073205,30.18319809075297,62504500
2003-12-03,29.70288848876953,30.43598015569497,29.70288848876953,30.200043346661023,107568500
2003-12-04,30.02308464050293,30.090493766076055,29.55963605359683,29.812425899691313,102334800
2003-12-05,29.525941848754883,29.913553317469244,29.45852948146616,29.719747583112063,87490200
2003-12-08,29.694467544555664,29.770304845427848,29.30685288765429,29.50908676144624,86961200
2003-12-09,29.011917114257812,29.879829950385655,28.944504785736903,29.86297686825543,109949500
2003-12-10,29.1214599609375,29.239428319102945,28.759126738345532,29.070900715553734,103504200
2003-12-11,29.745014190673828,29.820851467550565,29.06248191318054,29.070906848656907,108374700
2003-12-12,29.694467544555664,29.778729783569926,29.407971431749452,29.75345175474532,72189400
2003-12-15,29.306848526000977,30.326439466961666,29.19730827446467,30.27588020243867,106091400
2003-12-16,29.365827560424805,29.509077177502554,29.003494264424837,29.315271519195164,89854700
2003-12-17,29.41638946533203,29.492226748403834,29.129893419771633,29.33212724609564,68539900
2003-12-18,29.964109420776367,30.031518566530202,29.450101425010562,29.450101425010562,89978100
2003-12-19,29.879840850830078,30.03994358227583,29.660757132006836,30.006237405719048,89762300
2003-12-22,29.97252655029297,30.065216914155705,29.73658978002231,29.7871458225675,63580000
2003-12-23,30.20003318786621,30.3517077181952,29.938815226878095,29.997799409295272,66999800
2003-12-24,30.26242446899414,30.363579300698117,30.17812609619573,30.211845445315095,44840300
2003-12-26,30.22027587890625,30.42258877272416,30.194987973049393,30.313002487920528,25497600
2003-12-29,30.717626571655273,30.79349350861395,30.363583009617788,30.37201124010008,63296200
2003-12-30,30.818782806396484,30.835642482017214,30.599610238981324,30.79349168513823,48249400
2003-12-31,30.7344970703125,30.886230997657453,30.557475226961937,30.86937131510183,60494600
2004-01-02,30.650196075439453,31.012671142680908,30.532181535529222,30.90308483462639,55234100
2004-01-05,31.26555061340332,31.324557865828382,30.818780497712385,30.835640172070132,69717900
2004-01-06,31.47629165649414,31.543727138136276,31.147536046310293,31.257122321589602,60033000
2004-01-07,31.762895584106445,31.762895584106445,31.248686838461175,31.425708572506828,71830000
2004-01-08,32.01578140258789,32.032641073241685,31.69545409147253,31.90619515116491,76800900
2004-01-09,31.805038452148438,32.32767534873285,31.687023980240973,31.788178782496917,94296500
2004-01-12,32.310829162597656,32.3276856219527,31.76290097958658,31.90620339368394,77668400
2004-01-13,31.99049186706543,32.33610705864518,31.695452469205065,32.260240152412884,92973900
2004-01-14,32.100093841552734,32.24339628151182,31.821913977178333,32.100093841552734,68122400
2004-01-15,32.18437957763672,32.420408569835125,31.72074982196677,31.973638487272755,104427700
2004-01-16,32.51312255859375,32.56370155830675,32.175935658478984,32.35296054964817,77324100
2004-01-20,32.487850189208984,32.87561305865666,32.29396875448515,32.64801227467977,81998100
2004-01-21,32.352970123291016,32.58899909382368,32.032642794958434,32.36139835124423,112180300
2004-01-22,32.15908432006836,32.6142825272403,32.08321741626418,32.4962680581345,90061900
2004-01-23,32.041072845458984,32.42040743800189,31.84719143497122,32.209666354995136,88751300
2004-01-26,32.52999496459961,32.58057398412042,31.897771691031846,32.01578618759321,84538000
2004-01-27,31.813486099243164,32.5637240947828,31.771335295817934,32.46256602534804,97191600
2004-01-28,31.273969650268555,32.08321770330426,31.18967451891113,31.98205968689158,127959700
2004-01-29,31.391984939575195,31.450992170151324,30.903064211198245,31.391984939575195,143925900
2004-01-30,31.248685836791992,31.560581722349013,31.16439069442098,31.358272094397158,84264700
2004-02-02,31.164377212524414,31.59428739768055,31.037931338015582,31.358258528626372,94507900
2004-02-03,31.13067626953125,31.39199639721292,31.054809343149735,31.113816595262684,73488700
2004-02-04,30.624906539916992,31.071676764639705,30.624906539916992,30.869363838627514,109933000
2004-02-05,30.74290657043457,30.945216185351228,30.624892092457625,30.776622695818446,96784500
2004-02-06,31.299280166625977,31.425722942052083,30.793499417956152,30.85250668961936,107174100
2004-02-09,31.290843963623047,31.510016552769,31.23183670092713,31.47629719818429,58817700
2004-02-10,31.341405868530273,31.53528722796107,31.214959965763157,31.24025107570831,65042700
2004-02-11,31.67860221862793,31.75446592406326,31.24868859390467,31.391994207363705,92503000
2004-02-12,31.400413513183594,31.77974801083586,31.39198528685929,31.628014211774953,70556400
2004-02-13,31.13909149169922,32.00734666775331,30.987357702317055,31.518425965154623,90570400
2004-02-17,31.560590744018555,31.71232461618271,31.375140734660288,31.42571654827869,69678600
2004-02-18,31.653291702270508,31.754446463178212,31.459410404009127,31.619572376750646,70972100
2004-02-19,31.172840118408203,31.948369461288618,31.037965869514533,31.92307832885773,100843800
2004-02-20,31.071674346923828,31.30770339586002,30.810354174419746,31.189688871391926,132347600
2004-02-23,30.72603988647461,31.21495735730204,30.439431984385212,31.18966946512294,125199800
2004-02-24,30.650196075439453,30.894656602770674,30.431023459330415,30.599617037340053,124521900
2004-02-25,30.83563804626465,30.91150175216334,30.624896954802438,30.70919210512578,74457100
2004-02-26,30.911502838134766,31.054808457503636,30.608038356917223,30.742912531565235,71327600
2004-02-27,30.82720375061035,31.13909963674387,30.574315107376314,30.98736580767274,99383900
2004-03-01,31.231830596923828,31.2486902709211,30.742912913619065,30.919934667109377,79700700
2004-03-02,30.869348526000977,31.34140964209533,30.860920298773074,31.172816156657824,91536000
2004-03-03,30.700761795043945,30.87778676230992,30.523740043431953,30.776628719399657,83938300
2004-03-04,30.987375259399414,31.046385735951763,30.675479278131807,30.717626862251016,65905600
2004-03-05,30.877782821655273,31.31612463802951,30.65018207763479,30.700757876981402,118107100
2004-03-08,30.1528377532959,31.037949753044263,30.119118404667333,30.928363477828462,112599500
2004-03-09,30.06011390686035,30.32986228929829,29.94209939150055,30.186559867976925,126140400
2004-03-10,29.663915634155273,30.346717945565928,29.61333982893119,30.135976848721718,134226100
2004-03-11,29.394168853759766,29.95052525044861,29.335161600751412,29.562762383349686,152132000
2004-03-12,29.93366050720215,30.001099193880243,29.630196064111434,29.655483963788935,118369600
2004-03-15,29.411020278930664,29.840933819583306,29.343584815401808,29.807214479992272,115813600
2004-03-16,29.461612701416016,29.71450143217594,29.191864293184807,29.59648690553162,123265100
2004-03-17,29.92523765563965,30.02639248817696,29.65548929177072,29.68077719599151,91684700
2004-03-18,29.79035758972168,29.8915124022796,29.478461708536884,29.815645488947784,111249700
2004-03-19,29.293010711669922,29.891514619201818,29.267722810568326,29.73978078128475,99976700
2004-03-22,28.922119140625,29.124428861744434,28.686086845112275,29.107569182375308,133870400
2004-03-23,28.68608856201172,29.208729006770213,28.669228881633522,29.158149965635612,125945800
2004-03-24,29.014833450317383,29.191858420324397,28.66921817082411,28.78723588938013,118876800
2004-03-25,29.79035758972168,29.8915124022796,29.18342228306715,29.20871339794676,142122000
2004-03-26,29.689208984375,29.99267670114917,29.67234930948153,29.756644468294713,78430800
2004-03-29,30.169708251953125,30.313010711557734,29.916819477815135,29.933675942523134,103864000
2004-03-30,30.270854949951172,30.296142855844515,29.942099310720277,30.068542055841352,95716500
2004-03-31,30.211835861206055,30.346709999243235,30.01795448875593,30.279271322398095,85993900
2004-04-01,30.481595993041992,30.55746292617453,30.161268584743013,30.186559706223427,93048600
2004-04-02,31.273969650268555,31.324548658474892,30.78505210021985,31.09694794502608,145964000
2004-04-05,31.56901741027832,31.611164987130362,31.16439488432153,31.19811101641077,67351600
2004-04-06,31.172840118408203,31.400441016351724,31.122261069202175,31.32457405037055,98611400
2004-04-07,31.13909149169922,31.28239705529469,30.903062581839286,31.181242267590825,91004900
2004-04-08,31.13909149169922,31.518425965154623,30.97050125074368,31.484706630702426,77176300
2004-04-12,31.33298110961914,31.391991568308814,31.172819052185954,31.206538395536175,55285700
2004-04-13,30.877782821655273,31.49314636704981,30.73447722031486,31.47628669538308,100624400
2004-04-14,31.029516220092773,31.147530704467428,30.65018165199315,30.69232922274788,113663200
2004-04-15,30.473175048828125,31.071679211273437,30.3635887379569,30.978952580202026,123565500
2004-04-16,30.422595977783203,30.616477471796696,30.169707212359306,30.515322608758158,110736600
2004-04-19,30.793479919433594,30.844058926970337,30.32985027179927,30.355138167741092,85838700
2004-04-20,30.07696533203125,31.012656183783694,30.043245989562777,30.860922358329056,119545100
2004-04-21,30.338281631469727,30.439436430614226,30.051673687516065,30.262414728198078,117850500
2004-04-22,31.12225341796875,31.198120365298454,30.329867802479015,30.34672748140283,137623300
2004-04-23,31.366718292236328,31.408865887568016,31.105401271786608,31.257135187505014,91855600
2004-04-26,31.13909149169922,31.434130844676854,30.8946343560526,31.341404282759676,74392200
2004-04-27,31.08010482788086,31.349853250667653,30.928370938106433,31.147543541404982,87548500
2004-04-28,30.515302658081055,30.95364439887031,30.363568854898123,30.945212956664026,111740700
2004-04-29,30.04325294494629,30.633328712140425,29.75664489891795,30.422587596403538,156917100
2004-04-30,29.30988121032715,30.178133769157142,29.26773362103874,30.060119232887622,150829200
2004-05-03,29.588050842285156,29.94209758263016,29.41102907993974,29.503755683736152,117007200
2004-05-04,29.71449851989746,30.135980768406647,29.529045301544027,29.68077916825968,126176000
2004-05-05,29.95051383972168,30.093819410754634,29.672337355185668,29.85778727299205,97528500
2004-05-06,29.72294044494629,29.87467438157398,29.37732497055119,29.697652527393625,102733300
2004-05-07,29.47846221923828,30.043246749429272,29.427883204256307,29.57961703354866,137686000
2004-05-10,29.225566864013672,29.419451457091945,29.014825816944686,29.225566864013672,156951400
2004-05-11,29.663915634155273,29.824080925775398,29.436314863685055,29.478465655577054,120493600
2004-05-12,29.72294044494629,29.7482315781548,28.88840700914985,29.60492587549272,197765400
2004-05-13,29.512208938598633,29.88311566829956,29.436341945310435,29.554359769269666,137841700
2004-05-14,29.293010711669922,29.765071898040098,29.20028412009241,29.672345306462585,133689900
2004-05-17,29.014833450317383,29.21714632361653,28.75351654122127,28.981117317812547,150652400
2004-05-18,29.27616310119629,29.41946876967447,29.16657679184887,29.217155830545003,96686400
2004-05-19,29.242435455322266,29.93366604334596,29.191859646613416,29.638629773697126,141646900
2004-05-20,29.377304077148438,29.52060967789029,29.132846878135847,29.318296834388136,94938500
2004-05-21,29.52060317993164,29.64704586559156,29.28457426084418,29.512171738162607,111329200
2004-05-24,29.72294044494629,29.89153406516104,29.50377098962621,29.756659812120407,99861800
2004-05-25,30.312992095947266,30.414150116004162,29.461599662214535,29.630193146656108,146321400
2004-05-26,30.506887435913086,30.506887435913086,30.186563206129264,30.228710792610848,93789700
2004-05-27,30.700761795043945,30.768200490317458,30.39729731327509,30.591178738705462,110183400
2004-05-28,30.81034278869629,30.81034278869629,30.52373481419269,30.667040409271202,56379500
2004-06-01,30.76820182800293,30.8103494065543,30.439446213386464,30.574320394143324,90592700
2004-06-02,30.700761795043945,30.903074665210497,30.490020695795195,30.81877951177259,103519800
2004-06-03,30.32985496520996,30.65018229787239,30.194980806560558,30.599603282508767,97301400
2004-06-04,30.506887435913086,30.869362467833216,30.490027758189505,30.633333411012565,91233200
2004-06-07,31.231830596923828,31.273978174089994,30.63332664046382,30.717621794796155,107532600
2004-06-08,31.273969650268555,31.34983655475149,31.06322860622186,31.105379387553707,72530900
2004-06-09,30.83563804626465,31.23182911156898,30.76819935348289,31.172821863211873,98215200
2004-06-10,31.0548095703125,31.0548095703125,30.81034911511119,30.92836362020035,57101300
2004-06-14,30.61648178100586,30.860942348773516,30.431028492953764,30.860942348773516,85129900
2004-06-15,31.012649536132812,31.181242996683196,30.818768181978353,30.818768181978353,91937700
2004-06-16,30.962074279785156,31.105379864071907,30.894638816796768,30.995793619105942,64743300
2004-06-17,30.67548370361328,30.903084549477917,30.55746916479199,30.894656317699972,77844200
2004-06-18,30.717626571655273,31.054813672728176,30.56589269773792,30.599612050976113,78641500
2004-06-21,30.473175048828125,30.87779771705827,30.397308097556525,30.78507108598686,65373100
2004-06-22,30.919946670532227,30.936806351074587,30.363590075255367,30.48160462339663,101524300
2004-06-23,31.290843963623047,31.34985122631896,30.77663506099751,30.82721409287457,94393900
2004-06-24,31.231830596923828,31.484719275574843,31.122244323768584,31.20654269375493,92343200
2004-06-25,31.467864990234375,31.518440800064667,31.172825498389326,31.189685173550835,81005400
2004-06-28,31.206520080566406,31.62800197811757,31.105365325536596,31.60271409327304,94033200
2004-06-29,31.5015869140625,31.687040159266267,31.25712961843142,31.273986081036465,68265900
2004-06-30,31.813486099243164,31.94836030950136,31.484727197062416,31.569025588258054,97809500
2004-07-01,31.2233943939209,31.746031291749176,30.99579367656346,31.746031291749176,122141800
2004-07-02,31.03795623779297,31.231837709433695,30.877794121825783,31.223409478342685,74056400
2004-07-06,30.372011184692383,30.852500712669276,30.203420850118007,30.852500712669276,130232600
2004-07-07,30.430988311767578,30.591153472931943,30.27925458837572,30.312973908163094,95623100
2004-07-08,30.093835830688477,30.456310853505265,29.967389858764612,30.186562448012022,108755400
2004-07-09,30.13599395751953,30.38045454040085,30.034839073989794,30.211860924080778,86014700
2004-07-12,30.009521484375,30.08538838405048,29.70605710132602,29.984233589700818,81844500
2004-07-13,29.967395782470703,30.18656841504234,29.8493812336961,30.07698209875652,81222000
2004-07-14,29.663915634155273,30.051681696245613,29.54590113442715,29.67234707879525,119489200
2004-07-15,29.562755584716797,29.916802236999896,29.55432735721992,29.77349664432593,90405700
2004-07-16,29.225566864013672,29.88308111751308,29.183419297730513,29.86622144786918,120387100
2004-07-19,29.166561126708984,29.47846020766723,29.05697809187286,29.318294945647224,106387900
2004-07-20,29.866230010986328,30.001104191154898,29.259294592400707,29.284585711944512,117453700
2004-07-21,28.997974395751953,30.05167981397472,28.947395378041914,29.984241123694666,136086800
2004-07-22,29.394168853759766,29.59648173239849,28.87153180611973,29.065413239669194,132135800
2004-07-23,28.837810516357422,29.21714512849292,28.686076671503223,29.183425781713343,107107100
2004-07-26,28.71136474609375,29.006400960007326,28.40789708855204,28.86309857486461,112962200
2004-07-27,29.107574462890625,29.259308389084342,28.694523498206536,28.820966292930887,103474700
2004-07-28,28.981111526489258,29.19185258688852,28.500622166031217,29.006399424728087,154299800
2004-07-29,29.318300247192383,29.436314746450496,29.08227124867615,29.259292997563325,98959800
2004-07-30,29.411020278930664,29.588041988303768,29.20871067269089,29.301434033086412,83007800
2004-08-02,29.47003173828125,29.520610754915495,29.048549579956905,29.17499551371568,81249000
2004-08-03,28.85468292236328,29.444758888771275,28.820963560704463,29.3688919328666,85746500
2004-08-04,28.86310386657715,29.048553856899957,28.66921921542625,28.787236938282405,86721000
2004-08-05,28.3236083984375,28.99798263012073,28.3236083984375,28.955831828899537,109722900
2004-08-06,27.581790924072266,28.163435091241254,27.53121191210625,28.155006863740276,148808600
2004-08-09,27.649232864379883,27.784107045546452,27.522790128341672,27.65766430950824,79281900
2004-08-10,27.994842529296875,28.22244326721638,27.750382120162577,27.784101462592165,105819800
2004-08-11,27.75038719177246,27.851545237548688,27.438491256430936,27.691379939563365,121217700
2004-08-12,27.371049880981445,27.699805419826742,27.286751527653564,27.55649982699603,113691800
2004-08-13,27.413196563720703,27.59864971939412,27.269890975522166,27.52278281167802,91416100
2004-08-16,27.7250919342041,27.977980550259005,27.4722033181492,27.48906298797329,77851300
2004-08-17,28.036991119384766,28.188724950183925,27.809393588839622,27.918976632241773,89573100
2004-08-18,28.53434944152832,28.584928473423,27.826259073276027,27.868409874348913,106608500
2004-08-19,28.38261604309082,28.534349925694812,28.16344666580433,28.433195075843717,104690200
2004-08-20,28.66921615600586,28.778802421993635,28.247733980603133,28.29831299928683,91962400
2004-08-23,28.73666763305664,28.888401540963137,28.584933725150144,28.702948272265147,83390800
2004-08-24,28.728229522705078,28.922110957108682,28.50062873910412,28.87153193331265,86610500
2004-08-25,29.124427795410156,29.1665753844623,28.57650270642245,28.71980515233072,88394600
2004-08-26,28.997974395751953,29.12441711654644,28.922107477013764,29.04855019780825,57663400
2004-08-27,29.132841110229492,29.233995904126516,29.031683100679547,29.056974210893493,58597200
2004-08-30,28.643918991088867,29.02325346940586,28.610199656204518,29.006393801963686,62355700
2004-08-31,28.677644729614258,28.76193986999524,28.365748851420445,28.677644729614258,81262000
2004-09-01,28.88838768005371,29.056981187463265,28.49219341998931,28.601779682153573,96630600
2004-09-02,29.318300247192383,29.4025986149867,28.79566322948333,28.812522903042193,83054000
2004-09-03,28.778806686401367,29.225576829520886,28.702939754960855,29.031695385984975,90213700
2004-09-07,29.023258209228516,29.174992025335143,28.761938144677483,28.99797031176184,95556500
2004-09-08,28.913686752319336,29.234014218599835,28.812531895050995,28.922118199557076,101466100
2004-09-09,29.15813636779785,29.29301053226992,28.778801775328358,29.040121875841503,104397500
2004-09-10,29.60491180419922,29.6639190608797,29.0569868185013,29.17500133186226,108591600
2004-09-13,29.992671966552734,30.110686456523283,29.62176560875537,29.71449219820471,109350500
2004-09-14,30.034818649291992,30.110685564261157,29.8072179043845,29.883084819353666,76466300
2004-09-15,29.71449851989746,29.88309206243201,29.604912234901853,29.85780094087649,90128700
2004-09-16,29.773502349853516,29.984243449847185,29.61334027149376,29.722923328219597,67121000
2004-09-17,29.866230010986328,29.94209693830953,29.63862922901672,29.697636481862087,83903400
2004-09-20,29.866230010986328,30.1528380458013,29.655488903494554,29.74821550529559,110678100
2004-09-21,29.98423957824707,30.22026855075437,29.857793648316118,29.95895167852231,93688400
2004-09-22,29.461612701416016,29.891523222142418,29.394173991530874,29.874663544671133,101393400
2004-09-23,29.43631935119629,29.630204019625783,29.402603214458253,29.486898379784996,92503200
2004-09-24,29.33516502380371,29.66392067625602,29.29301744040166,29.495330342647804,103247400
2004-09-27,29.082271575927734,29.284584445256716,28.981116749090226,29.183426402765242,86017600
2004-09-28,29.141279220581055,29.24243404878746,28.85467119428456,29.124419546604315,87070300
2004-09-29,29.571199417114258,29.604915556880982,29.107566319206217,29.115997765888938,95096200
2004-09-30,29.621767044067383,29.731353311058722,29.41102595443611,29.520612221427445,74514600
2004-10-01,30.430988311767578,30.47313906932746,29.807196973957783,29.88306383565371,118252700
2004-10-04,30.608051300048828,30.8693683151263,30.55747225729738,30.65019889451403,108032600
2004-10-05,30.650196075439453,30.759782383493974,30.48160249742982,30.540609767384936,89754400
2004-10-06,30.8946475982666,30.92836373151765,30.439446035009407,30.608039563881047,87815500
2004-10-07,30.549034118652344,30.911505886040096,30.490023646749748,30.801922819095694,82374300
2004-10-08,29.992671966552734,30.5490282875951,29.925233277624603,30.414154125392514,115073000
2004-10-11,30.13599395751953,30.228720607278362,30.009547941365533,30.11070604055104,51181600
2004-10-12,30.085399627685547,30.211845579618206,29.672348853926582,29.866230288743626,97884100
2004-10-13,30.01797103881836,30.464741264453174,29.86623714791316,30.388874319000575,132442500
2004-10-14,29.883081436157227,30.16125794911484,29.781926632868387,30.085391042734905,99383700
2004-10-15,30.034818649291992,30.228700050734613,29.739779217454764,29.916804162818533,129183400
2004-10-18,30.46473503112793,30.55746163611461,29.84094313228809,29.93366652162055,108933400
2004-10-19,30.245569229125977,30.827213616273838,30.16970229031064,30.66705150795461,129973500
2004-10-20,30.38886260986328,30.540596442303894,30.051678816614753,30.203412649055362,106524200
2004-10-21,30.852487564086914,31.012652815590336,30.431005475967403,30.549023161789503,122627600
2004-10-22,30.178129196166992,30.919938874722924,30.127553382946797,30.860931615529726,114321100
2004-10-25,30.034818649291992,30.18655247923032,29.916804162818533,30.11911379230058,102863000
2004-10-26,30.194988250732422,30.211847926676825,29.84937293300813,30.051685828686576,98164500
2004-10-27,30.962074279785156,31.096948421415117,30.102250421024202,30.211836665990166,152423400
2004-10-28,31.155981063842773,31.290855315457232,30.82722527651101,30.919951927431416,111113900
2004-10-29,31.105384826660156,31.391992825306236,30.91150020245965,31.113813055008407,100779200
2004-11-01,31.2233943939209,31.341408866109234,31.02108157327433,31.172815384845958,72356000
2004-11-02,31.32455825805664,31.653313873013936,31.206543751728802,31.26555100489272,108930700
2004-11-03,31.535293579101562,31.94834749109648,31.316124281238267,31.83032979077398,140980100
2004-11-04,31.71232795715332,31.84720216710251,31.28241741783241,31.40886018085394,112513700
2004-11-05,31.998945236206055,32.16753885092816,31.70390882218418,32.04952428531941,117017900
2004-11-08,32.03263854980469,32.116933680779766,31.906192637688946,31.990490984317148,66486000
2004-11-09,31.965211868286133,32.15909653046474,31.872488475677912,31.973643313939636,85038700
2004-11-10,31.85562515258789,32.08322592435746,31.73761065218603,31.97363965298975,95122300
2004-11-11,32.27709197998047,32.352958867779726,31.914617206678752,31.95676476308891,99338800
2004-11-12,32.58900833129883,32.67330349733897,32.17595430013142,32.31925994118502,102418100
2004-11-15,32.7323112487793,32.7575991533563,32.454131435815434,32.57214594471373,82696000
2004-11-16,32.52999496459961,32.605861886053894,32.302394200236755,32.589002212880295,97197500
2004-11-17,32.96834182739258,33.14536359912074,32.732312798421695,32.732312798421695,125242500
2004-11-18,33.12008285522461,33.17909012522705,32.78289569893493,32.85876264831735,94901100
2004-11-19,32.605865478515625,33.120074312176726,32.529998548702444,33.077926732425894,118448900
2004-11-22,32.917762756347656,32.934622432059456,32.437273253351535,32.546859537651066,79882600
2004-11-23,32.8671989440918,33.002073183372026,32.54687141993043,32.88405541030325,91925300
2004-11-24,33.15378952026367,33.204365323384444,32.93461698789431,32.95147666081917,74051700
2004-11-26,33.052635192871094,33.280235979424155,33.01891584323638,33.18750937575578,31248900
2004-11-29,33.044212341308594,33.41511560069327,32.850330872835606,33.263381718296195,94765400
2004-11-30,32.97675323486328,33.20435391768732,32.9261774491153,33.12848702341264,87663100
2004-12-01,33.65113067626953,33.68485001738484,33.10320585358592,33.10320585358592,102375000
2004-12-02,33.77759552001953,34.04734396874982,33.516275303462926,33.56685434347054,122005600
2004-12-03,33.82815933227539,34.215922150816795,33.78601175906936,34.01360929751266,114227700
2004-12-06,33.94618606567383,34.08106027796562,33.64271828410358,33.81974008480127,70415100
2004-12-07,33.36454772949219,34.140073788077096,33.32239691772328,34.013627784081294,121439800
2004-12-08,33.55841827392578,33.70172069699718,33.297098118398964,33.381393283069855,10121300
2004-12-09,33.76071548461914,33.87872995782711,33.07791654230069,33.28865759178727,134346000
2004-12-10,33.659568786621094,33.77758328824748,33.49940670807872,33.583701861910704,86177300
2004-12-13,33.9546012878418,34.00518030394312,33.701712638642455,33.91245371558418,74296400
2004-12-14,34.12319564819336,34.215922238877496,33.92931423842367,33.954602139281626,91985000
2004-12-15,33.99675750732422,34.291793775918336,33.84502365043177,34.13163168948927,95179300
2004-12-16,33.67644500732422,34.09792741488609,33.56685868097457,34.00520077071758,86101300
2004-12-17,33.59046936035156,33.87982239695669,33.55642706276221,33.73514425542803,97947000
2004-12-20,33.36069107055664,33.845782482782326,33.26707636881968,33.67557422930171,106397600
2004-12-21,33.76919937133789,33.79472948099469,33.42878275913131,33.52239748981079,83184700
2004-12-22,33.81172561645508,33.98193379660875,33.60747839743147,33.65002963085714,75298000
2004-12-23,33.837276458740234,33.96493348375697,33.65005026755615,33.7096226801765,45782000
2004-12-27,33.69260787963867,34.05855462413409,33.5309117643898,34.0245123115174,67157700
2004-12-28,34.01596450805664,34.04149459013527,33.70959053731344,33.7606507014707,62563100
2004-12-29,34.05855178833008,34.17769662611458,33.9564281054367,33.97344601387447,46594800
2004-12-30,34.03300857543945,34.14364116995469,33.98194513042713,34.10108992233713,41717600
2004-12-31,33.97342300415039,34.14363119132863,33.85427824706097,34.06703766942098,44112300
2005-01-03,33.615997314453125,34.28831803989066,33.505361477576216,34.11810980926126,100970900
2005-01-04,33.00326919555664,33.82026855365704,32.80753074671139,33.760692876965564,136623200
2005-01-05,32.79900360107422,33.15643798427196,32.739431203874595,32.918148395473466,127925500
2005-01-06,32.63731384277344,32.94368811581448,32.62880488916812,32.87560674761264,102934600
2005-01-07,32.80751419067383,33.07984609045929,32.51816114134523,32.81602638867155,123104000
2005-01-10,32.790496826171875,33.0798499089008,32.67135201206927,32.71390326761267,88764200
2005-01-11,32.560726165771484,32.76497680023857,32.39903004638974,32.65434090463333,106398800
2005-01-12,32.83306884765625,32.85008676179209,32.34797388696965,32.70541176645644,127754900
2005-01-13,32.39902114868164,33.06282984710464,32.34795769247494,32.83305241030653,101982400
2005-01-14,32.705387115478516,32.78198065717679,32.50113658879913,32.5096487859056,93460900
2005-01-18,32.95219039916992,33.0117627958386,32.52667142499243,32.57773162416436,91760400
2005-01-19,32.40753936767578,32.97773345886038,32.39051821244519,32.96071230362978,104981000
2005-01-20,31.78627586364746,32.177755907782505,31.76074575619742,32.0415899239604,120963900
2005-01-21,31.530961990356445,31.95648105431929,31.479901780410707,31.896908645080718,138569200
2005-01-24,31.088430404663086,31.658627796820223,31.02885797888672,31.590543169387963,137499000
2005-01-25,31.241605758666992,31.565001123799266,31.199054505835704,31.292669209936033,119171300
2005-01-26,31.61606788635254,31.735212705339684,31.33522374463756,31.4543685636247,107465800
2005-01-27,31.573511123657227,31.718189283828224,31.377772756975073,31.565002171389565,103654700
2005-01-28,31.420324325561523,31.71818960115116,31.16501355109372,31.675638346481964,111648600
2005-01-31,31.828821182250977,31.939453780229915,31.709673140158568,31.794778884510286,89139900
2005-02-01,31.930936813354492,32.041572630012574,31.803279852098914,31.90540671968393,76610300
2005-02-02,31.982013702392578,32.10966747090236,31.752233023331666,32.03307391121539,100160500
2005-02-03,31.61606788635254,31.837336372121115,31.488410868036123,31.811806267038964,90157900
2005-02-04,32.126678466796875,32.18625085589334,31.616057061269533,31.616057061269533,99302000
2005-02-07,32.058616638183594,32.26286729325346,31.930962819412205,32.16925254494869,71551400
2005-02-08,32.118186950683594,32.347964435378614,32.01606001698194,32.05010232821582,72821700
2005-02-09,31.58201026916504,32.169225126508756,31.539459032508468,32.143695033805066,93276600
2005-02-10,31.61606788635254,31.76074281042183,31.386287201254692,31.7096793538047,110373000
2005-02-11,32.08412551879883,32.211779240169975,31.428826027115317,31.513928508029416,108684100
2005-02-14,32.22882843017578,32.288400867944056,32.07564123407039,32.08415343743979,54908900
2005-02-15,32.441593170166016,32.74796761059834,32.186282218624044,32.254366870477845,131406500
2005-02-16,32.32242965698242,32.475616788957225,32.19477587797209,32.36498091665253,80273900
2005-02-17,31.888399124145508,32.458593101400304,31.85435682048627,32.381999541393405,115628300
2005-02-18,31.78627586364746,31.97350530882278,31.709682294844207,31.896911740019526,69158800
2005-02-22,31.39478874206543,31.956473646433114,31.309686247581748,31.513933532923414,121232000
2005-02-23,31.43733787536621,31.547973707917166,31.233090603758743,31.522443610579195,95010100
2005-02-24,31.837326049804688,31.862856146609452,31.284150145055015,31.360743681921097,99334600
2005-02-25,32.01605987548828,32.08414449765515,31.7352189251836,31.811812501894597,79988700
2005-02-28,31.675628662109375,31.999020695884855,31.42031471924754,31.879875920656875,95731300
2005-03-01,32.024559020996094,32.084131417879426,31.769248284860087,31.803287335613312,78460600
2005-03-02,32.00752639770508,32.356451702840175,31.794766986123896,31.837318219149935,107270600
2005-03-03,31.743709564208984,32.10965608107805,31.505420017020416,32.09263493535721,89793800
2005-03-04,31.930936813354492,32.1266751065487,31.82881319222086,31.999018145293125,86622300
2005-03-07,32.390506744384766,32.586245090554115,31.964987753637764,31.999026805593804,93563900
2005-03-08,32.067108154296875,32.51815719993671,32.04157805630275,32.34794897158804,89595200
2005-03-09,31.973499298095703,32.279873515713156,31.888396791625308,32.058601804566095,98063000
2005-03-10,31.930936813354492,32.058590528158696,31.556481371563578,32.00753034081757,97043600
2005-03-11,31.633073806762695,32.18624968127254,31.50542008326538,32.075613857080256,102857500
2005-03-14,31.777761459350586,31.794782610215467,31.51393849062384,31.692658951478773,65576200
2005-03-15,31.52244758605957,31.89690312886594,31.479896336312617,31.845839681298237,93856300
2005-03-16,31.16501808166504,31.641600644019405,31.08842451354475,31.41181993965854,159578000
2005-03-17,31.241605758666992,31.394792866021625,31.096930849750116,31.156503253004416,100429600
2005-03-18,31.07139015197754,31.30968295508694,30.935224227251478,31.275640662292492,108899400
2005-03-21,31.130966186523438,31.275641063076193,30.850122137047947,31.147984086687014,92752500
2005-03-22,30.748003005981445,31.27564564250829,30.73098185687384,31.156500845207287,114016300
2005-03-23,30.85862922668457,31.054370777734,30.696933213265012,30.713954358854163,97444900
2005-03-24,30.86714744567871,31.19054278207214,30.86714744567871,30.96927109268898,77566800
2005-03-28,30.92673110961914,31.156511833935856,30.901201000179526,30.986303529280505,59739000
2005-03-29,30.679922103881836,31.130974493416403,30.58630739574348,30.867151520158547,119554300
2005-03-30,31.258642196655273,31.301193470296976,30.824614011183357,30.833122967330063,114711000
2005-03-31,31.12246322631836,31.275650344866577,31.011827363710704,31.258629193199802,86578900
2005-04-01,30.807565689086914,31.386271590434554,30.747993309223297,31.335208159215213,143814300
2005-04-04,31.02885627746582,31.14800112248542,30.66290954121788,30.85013900993642,100090300
2005-04-05,31.113967895507812,31.207579400979384,30.994819781676973,31.054395461819468,66266600
2005-04-06,31.06288719177246,31.411812644068526,30.99480259305501,31.199053142755016,82168900
2005-04-07,31.43733787536621,31.445850072113434,31.071391330079997,31.088412477122596,88618000
2005-04-08,31.18204689025879,31.54799366706482,31.14800457463639,31.488421237952572,92332900
2005-04-11,31.045854568481445,31.301165226412063,30.97777324137715,31.27563513455435,70976000
2005-04-12,31.199060440063477,31.26714505470559,30.560781786832678,31.01183099625078,144848500
2005-04-13,30.68842315673828,31.147981085262366,30.620338576837554,31.11394204176346,108995500
2005-04-14,30.254405975341797,30.722476314617953,30.211854716580863,30.688437255480974,158057900
2005-04-15,29.565059661865234,30.10121123020723,29.513996216400802,29.990578634712477,170013300
2005-04-18,29.573572158813477,29.786331670747387,29.479957454130155,29.539529857755447,110084000
2005-04-19,29.77781867980957,29.871430125343437,29.57356814761733,29.803348778914074,96922100
2005-04-20,29.5310115814209,30.03312400090308,29.437396906296026,29.96503942028445,140457400
2005-04-21,30.313980102539062,30.39057367122479,29.75229501432812,29.888460997941284,124505100
2005-04-22,29.862926483154297,30.186321863926572,29.633145811009733,30.177809665077152,114996800
2005-04-25,30.109724044799805,30.17780539369564,29.913985702852518,30.04163944945178,72170100
2005-04-26,29.82889747619629,30.382073775678546,29.820388520006855,30.03314813573786,104958800
2005-04-27,29.87143898010254,29.999096006370436,29.556555760815574,29.67570058722399,112539300
2005-04-28,29.573572158813477,29.91398867648874,29.548042056246214,29.718247068631328,98181900
2005-04-29,29.769309997558594,29.837394598479293,29.23315512789171,29.78633114778877,144435900
2005-05-02,29.888469696044922,30.007614560573185,29.692731240540766,29.87144853733316,67648800
2005-05-03,30.0416316986084,30.152267514278424,29.81185111827127,29.828872262716764,103428700
2005-05-04,30.407583236694336,30.492688973052086,29.990576491122965,30.033127736075897,90480600
2005-05-05,30.433120727539062,30.569286692338576,30.237382356043053,30.42461177506214,79341700
2005-05-06,30.51822853088379,30.65439450481352,30.399083709501888,30.6118432466704,77310200
2005-05-09,30.662899017333984,30.6884323656845,30.348015856932015,30.526733063123476,66298400
2005-05-10,30.44162368774414,30.603319707353997,30.31396671416415,30.5182172226018,77194700
2005-05-11,30.594818115234375,30.662899470118738,30.041642091956206,30.484182261288243,131952400
2005-05-12,30.509714126586914,30.807579404969218,30.348018058746916,30.662901241994348,116602200
2005-05-13,30.841611862182617,31.03735017017357,30.543746678886407,30.628852408307452,133273500
2005-05-16,31.045854568481445,31.096917998648028,30.747992675304243,30.841607340717406,79093200
2005-05-17,31.23310089111328,31.267143196411105,30.81609076734721,30.93523558943668,91665900
2005-05-18,31.658620834350586,31.794786812815303,31.241610699172572,31.318204264962286,128105900
2005-05-19,31.92243003845215,31.930942235422012,31.658610368521128,31.735203908990247,92619700
2005-05-20,32.05008316040039,32.07561325533058,31.786260275799446,31.871366002985983,66530100
2005-05-23,32.2117919921875,32.330940057667796,31.999032459223375,32.05009591585779,93068200
2005-05-24,32.31391143798828,32.33944153717928,32.08413080591302,32.135191004295024,100830000
2005-05-25,32.17775344848633,32.23732585895215,31.990524017620665,32.20328355398514,76470600
2005-05-26,32.50114440917969,32.5692290166059,32.32242718436502,32.32242718436502,84066800
2005-05-27,32.518165588378906,32.55220789212064,32.356469515284836,32.45859318005726,50076900
2005-05-31,32.40753936767578,32.54370536306713,32.27137012583102,32.50115085176394,75281500
2005-06-01,32.671356201171875,32.918158060002185,32.3564729740333,32.36498192765192,110875700
2005-06-02,32.90114212036133,32.90114212036133,32.594767798288316,32.62030115609682,75926500
2005-06-03,32.42454528808594,32.884106570037616,32.35646393878877,32.875597618795055,96998400
2005-06-06,32.433074951171875,32.50115633713125,32.30541788862386,32.44158390699656,52681400
2005-06-07,32.16072463989258,32.73943070075471,32.118173392039914,32.46709881875513,108953400
2005-06-08,32.0926513671875,32.29690197396479,31.964997578598293,32.23732955666585,79211900
2005-06-09,32.29689025878906,32.39050495100255,31.913922539030285,32.05008847867206,99383300
2005-06-10,31.956480026245117,32.25434530930816,31.81180510744945,32.25434530930816,85971700
2005-06-13,32.109657287597656,32.29688665111044,31.87987668140971,31.89689782777012,82331300
2005-06-14,31.982013702392578,32.203282182347856,31.913929095358494,32.07562516738532,62593600
2005-06-15,32.08412551879883,32.228800385643105,31.70115786178229,32.19476134114839,103952000
2005-06-16,32.25434494018555,32.33944745068523,32.05009436995257,32.118178975514454,90450100
2005-06-17,32.25860595703125,32.548226534190256,32.1563878855204,32.463045349506864,83915700
2005-06-20,32.25860595703125,32.43749164399262,32.01157922166785,32.13083418000616,67580000
2005-06-21,32.241573333740234,32.377865196928866,32.11380153981896,32.23305651392722,97845600
2005-06-22,32.20749282836914,32.45451951987914,32.054164123595584,32.369338350317534,75221100
2005-06-23,31.849708557128906,32.52265050230521,31.798601181184974,32.25858381193875,122163300
2005-06-24,31.49197006225586,31.866771877842314,31.483449992893455,31.84121816866385,142144100
2005-06-27,31.34714698791504,31.568623220267252,31.261965821289245,31.474921987306946,72780800
2005-06-28,31.645299911499023,31.738997931547804,31.43234366242959,31.47493426235258,73330300
2005-06-29,31.577146530151367,31.73899207980091,31.49196534601032,31.73047526116836,71513600
2005-06-30,31.330095291137695,31.6963799834569,31.30454160312295,31.63675254512137,87803700
2005-07-01,31.287521362304688,31.517514425070694,31.244930776485816,31.398259484996487,55254800
2005-07-05,31.611209869384766,31.679354144313812,31.176777525082436,31.176777525082436,79288700
2005-07-06,31.457889556884766,31.75602693172894,31.39826208191593,31.543070735567763,79101000
2005-07-07,31.568626403808594,31.594180106482657,31.1341939616283,31.159750913755904,119466300
2005-07-08,32.17342758178711,32.20750135841741,31.5090051847672,31.58566955745828,101320700
2005-07-11,32.47157669067383,32.5056504795678,32.198992878432804,32.25862038426957,96283700
2005-07-12,32.6248779296875,32.76116972066847,32.377848043080554,32.47154925865233,86059300
2005-07-13,32.701541900634766,32.735615660363294,32.51413947158044,32.641914445836136,72135400
2005-07-14,33.025245666503906,33.1189469081194,32.81228948081543,32.9400612425564,99135200
2005-07-15,33.12745666503906,33.22115788668319,32.92302059004536,33.07634927101705,67239200
2005-07-18,32.99116134643555,33.127453131712265,32.95708758775325,33.042271984459,58644000
2005-07-19,33.37447738647461,33.39151426294611,33.08485698536288,33.144484428287186,77860900
2005-07-20,33.613014221191406,33.706715492500905,33.13599429373147,33.170064824653934,91433100
2005-07-21,33.62152862548828,33.808927887074304,33.40005233981298,33.698192993690654,127286000
2005-07-22,33.578922271728516,33.72373413524785,33.40855996093323,33.630032914638775,71666600
2005-07-25,33.45116424560547,33.757821729817636,33.39153676250356,33.61300980696006,51872700
2005-07-26,33.578922271728516,33.67262349233759,33.383003014751715,33.55336857499978,67324900
2005-07-27,33.834468841552734,33.868539350621155,33.41707342330305,33.604475845715456,78351100
2005-07-28,33.9963264465332,34.00484326447506,33.76633336865945,33.86003461328805,66163700
2005-07-29,33.71522521972656,34.004842515723524,33.66411456483993,33.962251928044765,74725700
2005-08-01,33.77485275268555,33.92818146816573,33.66411462496018,33.76633268546245,59748300
2005-08-02,34.14114761352539,34.19225503395503,33.774862602991966,33.81745320316817,79284100
2005-08-03,34.12409973144531,34.18372720237558,33.97077102063792,33.99632472262133,61916400
2005-08-04,33.791873931884766,34.021866920325174,33.70669278777455,33.970759533639985,72035500
2005-08-05,33.63004684448242,33.89411373471826,33.58745624914223,33.74078499193024,66029500
2005-08-08,33.382999420166016,33.74076738310881,33.340408847053226,33.664103051724815,63415400
2005-08-09,33.604496002197266,33.72375097909883,33.4852410252957,33.53634844427957,62143600
2005-08-10,33.31487274169922,33.80892949965977,33.19561777424165,33.6896745322022,102317500
2005-08-11,33.587440490722656,33.681141706181215,33.30633684434698,33.331893789123704,92446700
2005-08-12,33.400028228759766,33.49372941663809,33.19559222743584,33.32336391590038,86367300
2005-08-15,33.604496002197266,33.75782475805768,33.289321670463934,33.340429089447795,63061100
2005-08-16,33.05931091308594,33.502260055056,32.999683456421955,33.476703109733805,94596000
2005-08-17,33.2552375793457,33.36597245244243,33.04228140107036,33.153016274167086,74470500
2005-08-18,33.08487319946289,33.30634620322718,33.0252457273166,33.110426901967436,72559400
2005-08-19,33.06782913208008,33.22115781271035,33.04227543512597,33.12745659127487,52024300
2005-08-22,33.08487319946289,33.37449374251067,32.88043383106594,33.118946969104634,88056300
2005-08-23,32.99116134643555,33.15300682599776,32.888943319841125,33.08486255808563,57482900
2005-08-24,32.795249938964844,33.37449097706386,32.761176172146484,32.92302493980704,95025700
2005-08-25,32.871925354003906,32.95710655026784,32.78674415773997,32.85488846486025,52328800
2005-08-26,32.76118087768555,32.88043582922531,32.599335336232116,32.820808353455426,63840700
2005-08-29,33.01670455932617,33.09336886729746,32.590792459363776,32.590792459363776,74940400
2005-08-30,32.8974609375,32.93153469701372,32.641914240052245,32.846353547681986,87373600
2005-08-31,33.2041130065918,33.22966669744687,32.77820082859634,32.9144925955768,93426300
2005-09-01,33.15303421020508,33.34895685973299,33.03377920576559,33.221181783859166,74884400
2005-09-02,33.025245666503906,33.24671866986038,32.99969196404641,33.221164967402885,53244900
2005-09-06,33.51079177856445,33.57041926175508,33.13598999144425,33.17858058665839,78106600
2005-09-07,33.57039260864258,33.63002004449218,33.40002711359307,33.476691423892774,57440100
2005-09-08,33.561893463134766,33.70670209801066,33.45115534564227,33.4681922290606,73529700
2005-09-09,33.74931335449219,33.80894085825368,33.485249623392775,33.5704308432077,75342100
2005-09-12,33.842994689941406,33.95373280996664,33.71522293556152,33.757813520354816,51689900
2005-09-13,33.757808685302734,33.99631852554665,33.681144343873925,33.800399263995885,66145800
2005-09-14,33.37447738647461,33.80038954990644,33.348923696493316,33.77483585992515,98644000
2005-09-15,33.357452392578125,33.510781085988405,33.26375116333261,33.44263355582691,80421500
2005-09-16,33.561893463134766,33.61300086393649,33.31486352774892,33.43411846222394,71034100
2005-09-19,33.29782485961914,33.54485478176458,33.14449616652564,33.49374413424905,73387500
2005-09-20,33.161529541015625,33.68114302937004,33.05931150625086,33.357448794920074,115202800
2005-09-21,32.795249938964844,33.11042415840149,32.7696962385777,33.067833574605174,116404300
2005-09-22,32.914493560791016,32.99115788505645,32.57376575807406,32.74412803470647,118686100
2005-09-23,33.0081901550293,33.118928218944255,32.718569775949035,32.79523408951298,70154000
2005-09-26,33.01670455932617,33.24669748324004,32.83782225721031,33.19559011089348,69327600
2005-09-27,32.940059661865234,33.13598220281602,32.80376783954297,33.04228096569695,64089500
2005-09-28,32.94858169555664,33.1785747687282,32.846363635076024,33.0167259860592,72044500
2005-09-29,33.39152908325195,33.4000459005418,32.75266055455244,32.90598926139659,117634600
2005-09-30,33.613014221191406,33.63005111137991,33.331913656717454,33.36598418763991,79248500
2005-10-03,33.69818115234375,33.860026650808734,33.65558732428988,33.68114427101277,81685600
2005-10-04,33.47669982910156,33.97075956384672,33.46818301446391,33.749283389839455,85348600
2005-10-05,33.01670455932617,33.510764155019245,32.99115087315289,33.48521046884596,106152200
2005-10-06,32.5822868347168,33.10190029499985,32.30118319248397,32.99116220113972,162213700
2005-10-07,32.658939361572266,32.854858534060284,32.52264762203924,32.710049982441426,91119900
2005-10-10,32.48008728027344,32.761187832944785,32.420459791844536,32.59934225713124,64012000
2005-10-11,32.318241119384766,32.57379123309602,32.198986132695346,32.57379123309602,114736900
2005-10-12,31.934900283813477,32.420439963756216,31.883789646652822,32.130819518750684,146109500
2005-10-13,32.18193435668945,32.29267247144759,31.79861586232845,31.91787079385882,138569600
2005-10-14,32.42044448852539,32.42896130451461,32.06267647737365,32.26711580509649,131463200
2005-10-17,32.522674560546875,32.53119137968718,32.216017080230536,32.4289733027331,64080400
2005-10-18,32.29266357421875,32.52265655713992,32.29266357421875,32.48858280053257,88070400
2005-10-19,32.940059661865234,32.940059661865234,32.03712755752524,32.1308287946443,132879900
2005-10-20,32.63340377807617,33.09338662325206,32.45451813052941,32.97413169118967,132576900
2005-10-21,32.83783721923828,33.00820278673784,32.650438019496406,32.94005525995684,110032000
2005-10-24,33.357452392578125,33.3744892751185,32.76969456747409,32.99116754159279,110820900
2005-10-25,33.22967529296875,33.38300397666482,33.025239214342584,33.297822818812726,86665800
2005-10-26,33.05931091308594,33.45114941386429,33.01671708736651,33.20411952228341,89878100
2005-10-27,32.39488983154297,33.05079519047427,32.39488983154297,33.03375830783868,132231100
2005-10-28,32.64191436767578,32.701541822331635,32.30118327011154,32.505622578540596,95243900
2005-10-31,33.11041259765625,33.26374124534976,32.72709097842247,32.752647919339466,115279100
2005-11-01,33.08487319946289,33.22968184626002,32.97413507285398,33.03376254500027,73502300
2005-11-02,33.519290924072266,33.612992133809904,32.97412379409225,32.99116067308567,101409900
2005-11-03,34.02187728881836,34.1496522933767,33.80040429696437,33.85151494867838,137054000
2005-11-04,34.14114761352539,34.26891941405398,33.93670818344333,34.07300005367987,100944500
2005-11-07,34.18373107910156,34.32002292089218,34.03040235090539,34.25187537526996,65324500
2005-11-08,34.192237854003906,34.371120234536875,34.06446611767444,34.14113045925327,78859700
2005-11-09,34.20927047729492,34.354082326453344,34.0985323866976,34.17519671873383,72458800
2005-11-10,34.58408737182617,34.660751737775875,34.004846217862635,34.226322497030175,120763100
2005-11-11,34.67776870727539,34.8566510419316,34.65221501645366,34.728879338370895,80057200
2005-11-14,34.67776870727539,34.80554366028813,34.58406750832632,34.728879338370895,53652400
2005-11-15,34.51593017578125,34.83962440543605,34.396675262080194,34.69481254633284,79543500
2005-11-16,34.728885650634766,34.73740246597267,34.46481888282306,34.6096307391884,65895700
2005-11-17,35.18888854980469,35.19740536922907,34.797046617745515,34.84815728265433,94425500
2005-11-18,35.30812072753906,35.47848625114552,35.15479208123846,35.367748173383504,108820200
2005-11-21,35.39331817626953,35.41887512873274,35.12925457996051,35.26554641176782,69731400
2005-11-22,35.52109146118164,35.66590010379218,35.23147092650713,35.32517216558615,88814000
2005-11-23,35.606258392333984,35.79366079553879,35.52959406824584,35.546630945760114,64101200
2005-11-25,35.682945251464844,35.72553584742192,35.5466533947297,35.64035465550777,22930200
2005-11-28,35.38478469848633,35.776623124264546,35.35071094421377,35.776623124264546,74716200
2005-11-29,35.21442794799805,35.64885705010115,35.21442794799805,35.58071277403431,77443000
2005-11-30,35.12925720214844,35.34221340833411,35.086663361348236,35.16332772555324,88044400
2005-12-01,35.7851448059082,35.81921856481576,35.350715752920564,35.35923256792121,91914100
2005-12-02,35.87032699584961,35.887363874255,35.66588770443719,35.725515154129916,72929200
2005-12-05,35.606258392333984,35.82773455056733,35.4614498076409,35.82773455056733,61519900
2005-12-06,35.72553634643555,36.04071390971947,35.691465818866504,35.802200720010795,81509400
2005-12-07,35.657379150390625,35.80218777620455,35.46145987752016,35.77663407740281,83885500
2005-12-08,35.401832580566406,35.77663424571845,35.154802659477234,35.74256048085379,112043200
2005-12-09,35.53815460205078,35.58074521961195,35.2485338533967,35.40186267618156,56526900
2005-12-12,35.6658935546875,35.725521014160876,35.504048057467315,35.6658935546875,44863600
2005-12-13,35.81071090698242,35.95551954518986,35.572197783091745,35.623308434522606,76611600
2005-12-14,35.69145965576172,35.86182201255191,35.529610867575904,35.73405024495927,73581600
2005-12-15,35.75109100341797,35.83627219104068,35.44443352884978,35.77664470981398,72607200
2005-12-16,35.50432205200195,35.81171603006217,35.47870344419401,35.743407342924165,63743000
2005-12-19,34.94074249267578,35.615307981277574,34.92366777157691,35.581152024497186,75341700
2005-12-20,34.96638107299805,35.13715769721146,34.79560444878464,34.96638107299805,70257700
2005-12-21,35.120059967041016,35.35914515216706,34.966361417376746,35.02613271365826,68935000
2005-12-22,35.35061264038086,35.401843325768404,35.094446184275945,35.102986803368395,59149500
2005-12-23,35.35061264038086,35.51284857292775,35.26522273591529,35.44453664935529,38000400
2005-12-27,35.04320526123047,35.589687460991506,34.98343397421228,35.453066911051245,55656300
2005-12-28,35.00053024291992,35.20545954628988,34.89806233394239,35.060301561177205,50302400
2005-12-29,34.76998519897461,35.11153515183508,34.71021387579171,35.03468584241523,47301700
2005-12-30,34.50527572631836,34.65043695724531,34.462582396266534,34.61628099028693,60026500
2006-01-03,35.273765563964844,35.42746414433618,34.29180277351377,34.71020518836729,109350400
2006-01-04,35.64094161987305,35.64094161987305,35.282310436900225,35.35915974344493,92769400
2006-01-05,35.79462814331055,35.862940068846555,35.61531422471637,35.64947018748437,77656900
2006-01-06,36.443580627441406,36.46065860986606,35.91417620144542,36.0849495111078,110053900
2006-01-09,36.588741302490234,36.648512616758154,36.306962714840374,36.44358332706595,80768800
2006-01-10,36.61436080932617,36.648513520255285,36.3325789574372,36.42650624140019,84369400
2006-01-11,36.89613342285156,36.98152332956319,36.60581425461579,36.71681950469497,100761400
2006-01-12,36.716827392578125,36.964453289301545,36.588744133640475,36.853448015375086,82429200
2006-01-13,36.69975280761719,36.75952413204759,36.486282861139216,36.66559683443042,64572100
2006-01-17,36.46065902709961,36.53750832024394,36.289882458190874,36.417965699195456,77962100
2006-01-18,36.0422477722168,36.255717616767654,35.880011862983025,35.88854922355687,121021900
2006-01-19,36.306941986083984,36.56310508059397,36.110550171716646,36.22155211638701,111094000
2006-01-20,35.222537994384766,36.28135026669744,35.137151326406325,36.25573166046983,188569400
2006-01-23,35.23107147216797,35.39331068364115,35.07737613821837,35.31646138802023,111381900
2006-01-24,35.38475799560547,35.60676844381349,35.273756028792576,35.31644934351223,77956900
2006-01-25,35.23107147216797,35.58116198393164,35.07737613821837,35.55554663782208,99826400
2006-01-26,35.47869110107422,35.598233704946175,35.20544993299786,35.43599777930447,112600600
2006-01-27,35.956851959228516,36.19593708176512,35.64091758197793,35.69214824692692,110830400
2006-01-30,36.02517318725586,36.13617842892028,35.922708564261114,36.01663582587781,53942600
2006-01-31,35.8629264831543,36.09347425856374,35.70069060740276,36.00808438399136,100988100
2006-02-01,35.991024017333984,36.00809874176613,35.606777571771495,35.64093353521971,89168700
2006-02-02,35.37623596191406,35.9312590656002,35.35915797716914,35.8714844903467,94047400
2006-02-03,34.94074249267578,35.20544627178683,34.82119990123573,35.11151901928642,121094200
2006-02-06,34.84682846069336,35.01760177883931,34.658973901982115,34.76997916461078,58162800
2006-02-07,34.693111419677734,34.94927451796836,34.530872293504274,34.78703864908542,87327000
2006-02-08,35.094444274902344,35.13714085345804,34.74435382887027,34.94074571251834,89907800
2006-02-09,34.76142883300781,35.324989094407144,34.69312017629131,35.188368523682804,78213400
2006-02-10,34.97490310668945,35.060293010010895,34.3771868126064,34.735817891972935,102575900
2006-02-13,34.57358169555664,34.787051566279956,34.41134250914021,34.75289560521421,70643100
2006-02-14,34.92369079589844,35.02615547650071,34.5052881927245,34.641908852625356,94340300
2006-02-15,35.145694732666016,35.231081415324454,34.778526134107054,34.82976009807801,92254300
2006-02-16,35.47016525268555,35.478702616893926,35.137152674582644,35.2737733029657,103859600
2006-02-17,35.188377380371094,35.40184727943759,35.17984001761699,35.40184727943759,81770200
2006-02-21,34.795597076416016,35.239614902376665,34.676054441982856,35.18838094877996,85101400
2006-02-22,35.23107147216797,35.47015997926206,34.7358229893938,34.82120964795383,91983900
2006-02-23,35.13714599609375,35.47015851090123,35.07737468611764,35.171298703728596,66517100
2006-02-24,35.23107147216797,35.256690075569765,35.017601568475676,35.171300159717504,57085400
2006-02-27,35.623870849609375,35.751950881597004,35.29085820623083,35.31647356116969,64945000
2006-02-28,35.094444274902344,35.62385188191016,34.98344229107405,35.52992462075421,117564600
2006-03-01,35.57263946533203,35.66656678331894,35.137162113285136,35.205470817179695,80962300
2006-03-02,35.59823226928711,35.72631548672248,35.35914707118539,35.47868967023625,69856500
2006-03-03,35.393310546875,35.871481044630976,35.34207659756162,35.393310546875,112066100
2006-03-06,35.08590316772461,35.5469988056491,34.97489793845584,35.47014953266169,99581000
2006-03-07,34.8809814453125,35.06883600550675,34.7102081258184,35.026142675633224,96441100
2006-03-08,34.8980598449707,35.08591440740561,34.582125291387534,34.80413256375325,103961900
2006-03-09,34.599185943603516,35.137130757377854,34.556492634606656,35.009047573096595,108556700
2006-03-10,34.63335037231445,34.829742247611286,34.31741264235342,34.56503845536348,124474900
2006-03-13,34.735816955566406,34.957824183633775,34.684583014954704,34.78705089617811,69169100
2006-03-14,35.324989318847656,35.36768263672814,34.701657757376736,34.701657757376736,118201000
2006-03-15,35.623870849609375,35.623870849609375,35.282317583055644,35.461631582214345,84375800
2006-03-16,35.324989318847656,35.79462233011573,35.290836618918085,35.73485103362478,101371200
2006-03-17,35.418128967285156,35.53775541714383,35.230142683463654,35.324135825374405,78219600
2006-03-20,35.50358200073242,35.614665121472775,35.37541217794914,35.52067196235223,60240100
2006-03-21,35.127620697021484,35.896649589193665,35.101987378489035,35.127620697021484,136566000
2006-03-22,35.21305847167969,35.27287170637043,34.91399229822596,34.93108225950572,112282800
2006-03-23,35.11051940917969,35.22160251962807,34.879809838053006,35.11051940917969,75158200
2006-03-24,35.28995895385742,35.460855293936284,35.05070603349296,35.230145723766306,81795500
2006-03-27,35.29850769042969,35.46940078122861,35.23869445673471,35.272871119148434,54400400
2006-03-28,35.153236389160156,35.606108840569995,35.02506660118665,35.366855962025326,100522800
2006-03-29,35.81974411010742,35.973550530736375,35.17888511067926,35.20452168716904,130669100
2006-03-30,35.930809020996094,36.144428579099014,35.7086461147824,35.89662910940144,115915600
2006-03-31,35.82829666137695,36.05045971712589,35.75139343831425,35.99919307480273,71074600
2006-04-03,35.87099075317383,36.204236695345585,35.80263419918811,36.01625372720337,80730700
2006-04-04,36.067527770996094,36.15297755558152,35.82827489330887,35.9308113752354,89952600
2006-04-05,36.40931701660156,36.46058362302661,36.06752442908136,36.14442759829462,91628200
2006-04-06,36.51187515258789,36.691314900693776,36.26407554258779,36.392248653850636,91712800
2006-04-07,36.16153335571289,36.78530232987625,36.14444339291124,36.64004253542786,116604300
2006-04-10,36.11025619506836,36.31533244781081,35.964996429873814,36.229885910587726,58981900
2006-04-11,35.81974411010742,36.255530055081934,35.64030437256612,36.22135012614718,91481900
2006-04-12,35.82829666137695,35.95646978634078,35.7172135037135,35.83684001523816,58751200
2006-04-13,35.97353744506836,36.17007033516403,35.70865124112213,35.80264438171321,63476900
2006-04-17,35.59758758544922,36.06755028551892,35.366877912416165,35.92229045041182,104072100
2006-04-18,36.281158447265625,36.36660825800373,35.69156942126918,35.69156942126918,124291700
2006-04-19,36.443519592285156,36.443519592285156,36.14445007731323,36.349526409281914,79050300
2006-04-20,36.31534194946289,36.58877485161031,36.212805426051936,36.434968436705226,81408000
2006-04-21,35.888084411621094,36.50330975888453,35.73427807480524,36.45203989342069,130181200
2006-04-24,35.853912353515625,35.94790549766318,35.64883936589948,35.845369003855104,78556400
2006-04-25,35.777000427246094,35.97353001718571,35.58901744445526,35.9478967148905,77660800
2006-04-26,35.76847839355469,35.93937478303361,35.63176193388706,35.76847839355469,82537000
2006-04-27,36.11025619506836,36.306789097919086,35.46085403727409,35.606113802468634,173950100
2006-04-28,35.75993347167969,36.07609294801262,35.70012022147133,35.888106584741976,88876600
2006-05-01,35.40959930419922,35.930831879094725,35.298519410214624,35.81974872553228,92875500
2006-05-02,35.50358200073242,35.65738839573387,35.37541217794914,35.56339523661333,85148100
2006-05-03,35.45232009887695,35.58048993873672,35.272877107749565,35.520676694886696,74971600
2006-05-04,35.74282455444336,35.87954093561605,35.486478487615884,35.486478487615884,88696800
2006-05-05,36.02480697631836,36.06753024174978,35.83682069692868,35.973537102054934,80392200
2006-05-08,36.058998107910156,36.1273547019461,35.94791497557736,35.95646158706762,45079100
2006-05-09,35.92228698730469,36.04191348929035,35.862473736311856,35.97355362553985,48528800
2006-05-10,35.606117248535156,35.87100675488587,35.50358074202837,35.82828348213943,92424200
2006-05-11,34.81145477294922,35.589030060785326,34.7174616184454,35.57194010000493,140989700
2006-05-12,34.341487884521484,34.708913880418905,34.33294453419726,34.65764725932032,153920800
2006-05-15,34.315853118896484,34.469659494823716,33.99969701708005,34.19622666197007,127896500
2006-05-16,34.05950164794922,34.401290972950605,33.98259847939816,34.32438780439956,132397500
2006-05-17,33.59809112548828,34.01678698440348,33.52118793750698,33.90570387741349,207897100
2006-05-18,33.36738586425781,33.888618287835335,33.32466258977605,33.74335850268194,139690900
2006-05-19,33.62371826171875,33.72625799991875,33.11103260902231,33.49554847833258,194306300
2006-05-22,33.29902648925781,33.52973606363699,32.999957073769274,33.33320315023587,169591800
2006-05-23,32.974327087402344,33.64936591831562,32.9572371254021,33.54682614631416,142243900
2006-05-24,33.196495056152344,33.358848089731,32.66671919294755,32.923062142267455,234981600
2006-05-25,33.632293701171875,33.64938367218902,33.17087426244501,33.418673952825586,123510900
2006-05-26,33.743370056152344,33.82027328038136,33.52120373745606,33.709190121033224,91319600
2006-05-30,33.01704406738281,33.60663623545658,32.99141075905833,33.58099966755576,105606200
2006-05-31,33.17085266113281,33.37592892021141,32.93159974185492,33.07685951153748,137066200
2006-06-01,33.95697784423828,33.95697784423828,33.18794587183627,33.26484906907647,119357400
2006-06-02,33.87150955200195,34.17912217309179,33.589533489053,34.14494226862068,128864100
2006-06-05,33.13668441772461,33.80318004990057,33.13668441772461,33.80318004990057,103190600
2006-06-06,33.11103439331055,33.28193070661059,32.769241766710465,33.19648092017254,127271000
2006-06-07,32.863243103027344,33.46992207004198,32.85469975203958,33.153765930264576,130754700
2006-06-08,32.81199264526367,32.948709145469834,32.034416939170164,32.70090947022789,280562200
2006-06-09,32.59836196899414,33.10250450547019,32.564182040519775,32.94869808691293,144146200
2006-06-12,31.957500457763672,32.69234930454194,31.948953846530447,32.64108267545109,145607500
2006-06-13,31.82933235168457,32.29929499623687,31.75242913642491,32.03440867890288,207099500
2006-06-14,32.15403747558594,32.22239408315746,31.786611338602626,31.923327813323542,201876800
2006-06-15,33.02558898925781,33.1452154347621,32.2992804479335,32.34200371281701,200700400
2006-06-16,32.78276443481445,33.073482871583614,32.66305741881037,32.96232495882058,120006100
2006-06-19,32.51770782470703,32.95378726168422,32.41510224144233,32.91958431333842,129450100
2006-06-20,32.560455322265625,32.90247493827617,32.440745031801434,32.56900442641283,102871700
2006-06-21,33.073486328125,33.338554221101944,32.603207318200404,32.611756422334935,129548100
2006-06-22,32.65448760986328,33.0734652038325,32.48347954222179,32.9965102686859,143100500
2006-06-23,32.62030792236328,32.94522605920105,32.43219501867798,32.628857026270886,88050200
2006-06-26,32.70579528808594,32.82550225222447,32.55188540225922,32.637389444709555,65157700
2006-06-27,32.090171813964844,32.7742175431847,32.05597213692127,32.72291313496168,128227500
2006-06-28,32.32960510253906,32.35525568844228,31.96193148298388,32.167142693756354,91576300
2006-06-29,33.31290054321289,33.31290054321289,32.40654545914526,32.474948077861725,181997200
2006-06-30,33.15043640136719,33.46680539582675,33.0734814284693,33.44970392831929,82719200
2006-07-03,33.347103118896484,33.347103118896484,33.1846440471705,33.25304666513917,21598500
2006-07-05,32.62030792236328,33.07348545021772,32.569003513602254,33.0392825110437,93724000
2006-07-06,32.58608627319336,32.902455124473605,32.50057897435415,32.72289468956616,70615200
2006-07-07,32.226985931396484,32.63741148348883,32.12438035881648,32.406549760626916,108063300
2006-07-10,31.944812774658203,32.432193214575186,31.78235045350479,32.31248619589686,105109800
2006-07-11,32.184207916259766,32.26971520923589,31.705380122672295,31.87638818508513,136114200
2006-07-12,31.57713508605957,32.184222462612595,31.500180118484455,32.11581985908538,154458900
2006-07-13,31.047021865844727,31.671211094505548,31.047021865844727,31.329188080166894,177745500
2006-07-14,30.730623245239258,31.106848892721402,30.602367170500692,31.038443043444495,172448500
2006-07-17,30.80758285522461,30.995695707422556,30.670774397745443,30.739180257370485,134311000
2006-07-18,30.91020965576172,31.064119667829118,30.38862608839696,30.970063186924282,206964900
2006-07-19,31.312063217163086,31.49162695955497,30.85888583413718,30.884536399434264,192517600
2006-07-20,30.850326538085938,31.46596273416665,30.81612362114543,31.423210718875858,152292100
2006-07-21,30.525415420532227,30.747727930443464,30.457009564085222,30.679325335767224,119343000
2006-07-24,31.13250732421875,31.149608790860462,30.61092400784591,30.64512694112933,130269300
2006-07-25,31.312063217163086,31.414672001892953,30.98714518416413,31.200908593028544,108869600
2006-07-26,31.28641700744629,31.525831014938127,30.97859713394466,31.2180111414365,107170500
2006-07-27,31.081205368041992,31.671194597369368,30.995701289881953,31.41467910111775,99698700
2006-07-28,31.731050491333008,31.756701064356225,31.20946709471592,31.23511766773914,93556100
2006-07-31,31.72250747680664,31.91062043248586,31.542946889170683,31.705409264265537,78015300
2006-08-01,31.192350387573242,31.465967238728,31.004237579240545,31.440316678235412,98552800
2006-08-02,31.542936325073242,31.748150686337592,31.30352228840785,31.30352228840785,87370600
2006-08-03,31.73960304260254,31.927715963263406,31.192369013522303,31.226571955782845,99205600
2006-08-04,31.594228744506836,32.1756654087682,31.312059512540127,32.021755511653694,123493800
2006-08-07,31.38901710510254,31.58567904314316,31.235107195023676,31.560028478720234,69634800
2006-08-08,31.192350387573242,31.551474543320204,31.004237579240545,31.474519600072295,124139900
2006-08-09,31.23513412475586,31.902078730701817,31.149629995113965,31.628461601719593,145342200
2006-08-10,31.457435607910156,31.53439059389225,31.047010103262974,31.149615663981777,102481300
2006-08-11,31.23513412475586,31.371942689246975,31.098325560264747,31.337742994454295,86903200
2006-08-14,31.440326690673828,31.867853564473954,31.380473189283506,31.50018019206415,109281100
2006-08-15,32.23552322387695,32.27827525397839,31.713939976035295,31.80799639932095,133712100
2006-08-16,32.99653244018555,33.013633910794724,32.355241970315475,32.4749490028077,135452100
2006-08-17,33.11622619628906,33.3299896005474,32.868259864524425,32.885361328277575,129492200
2006-08-18,33.16754913330078,33.20175207993178,32.73146971818684,33.0307406085493,97754500
2006-08-21,32.85116958618164,32.97087987321354,32.71436109134556,32.91957546448558,66668400
2006-08-22,32.85972595214844,33.184647390104,32.663063920740974,32.799872432231915,102058600
2006-08-23,32.61175537109375,33.0649328963692,32.42364246847898,32.885372359385165,96056300
2006-08-24,32.70579528808594,32.791299330536276,32.42362607681357,32.70579528808594,78985300
2006-08-25,32.765647888183594,33.03926473078375,32.54333542673474,32.637388566190374,73572900
2006-08-28,33.01362609863281,33.16753603592299,32.697257121656875,32.740009157177205,80035000
2006-08-29,33.11622619628906,33.141876761033444,32.645947359274864,32.98797011079648,104842000
2006-08-30,33.27013397216797,33.37273948632833,33.005066193669016,33.10767496959986,75687200
2006-08-31,33.235939025878906,33.37274749819344,33.14188258958055,33.31289399541654,61207200
2006-09-01,33.415496826171875,33.52665144760148,33.261586914593224,33.415496826171875,69388500
2006-09-05,33.74042510986328,33.75752657876838,33.21884172445878,33.43260519311494,85582800
2006-09-06,33.064937591552734,33.50956607610597,33.01363643757075,33.432611083360754,97888600
2006-09-07,32.911041259765625,33.26161339035159,32.79988328808521,32.96234242994637,115877400
2006-09-08,33.1076774597168,33.193181517653,32.88536169024949,32.95376754601504,96627000
2006-09-11,33.31290054321289,33.475362878486834,32.76566654639351,32.842621531056984,142377500
2006-09-12,33.928531646728516,34.03113717915576,33.304342826658576,33.304342826658576,124102400
2006-09-13,34.159400939941406,34.185051510908636,33.88578397705264,33.95418658688909,116054300
2006-09-14,34.19358825683594,34.390250155220514,33.996923096681364,34.073878036203155,98116000
2006-09-15,34.31593322753906,34.61537287064344,34.22182269294987,34.47848571041753,137825600
2006-09-18,34.32450866699219,34.564063794614434,34.17051010768123,34.32450866699219,117806700
2006-09-19,34.0934944152832,34.43571399648378,33.81116603489336,34.41004867017046,159060800
2006-09-20,34.58971405029297,34.6838246025734,34.3843816395313,34.39293892445568,116635500
2006-09-21,34.37583923339844,34.79505495419773,34.290285937135046,34.67527903396936,121886900
2006-09-22,34.110618591308594,34.35872771811302,33.9651773357916,34.35017369399692,100996400
2006-09-25,34.709495544433594,34.78649480296813,33.9480602453968,34.256057279534936,136473400
2006-09-26,34.8806037902832,34.90626912074918,34.56405274782564,34.66671733333787,113375600
2006-09-27,34.837825775146484,35.034600916123615,34.64960465610393,34.79504587452903,113003800
2006-09-28,34.93195343017578,34.983284114200565,34.58973363964485,34.8806194825012,85943600
2006-09-29,34.77793884277344,35.017490627691295,34.752270248926315,34.99182529749247,85438200
2006-10-02,34.34160614013672,34.82071293863994,34.29027548348684,34.73515640481005,97068800
2006-10-03,34.48704147338867,34.63248264687128,34.1191566345657,34.23893248652719,116261400
2006-10-04,35.33404541015625,35.34260269689462,34.34161228566714,34.427168834807624,149209500
2006-10-05,35.505149841308594,35.55648376298045,35.231375453021684,35.33404003271724,91799900
2006-10-06,35.428157806396484,35.55649100489009,35.28271656084262,35.38538116144822,85450400
2006-10-09,35.54792022705078,35.710475985271586,35.35114512404711,35.38536773247755,62786100
2006-10-10,35.60781478881836,35.71903665509884,35.34259768322791,35.590703481417655,98181800
2006-10-11,35.539371490478516,35.78748054301474,35.222817210905525,35.44526093512698,136561300
2006-10-12,36.104042053222656,36.14681870073041,35.67626905084715,35.727599722396846,95260200
2006-10-13,36.30082321166992,36.37782249530457,36.05271404621945,36.12971332985409,80470200
2006-10-16,36.33504104614258,36.46337099283341,36.27515308495703,36.30081842156538,62017400
2006-10-17,35.932918548583984,36.10402833725917,35.7275861494442,36.078359747586845,146149100
2006-10-18,35.7618293762207,36.19815975206462,35.63349940846928,36.121160465953906,120366100
2006-10-19,35.84736633300781,36.02703014772243,35.582145989633005,35.667699254645335,108198400
2006-10-20,35.932918548583984,36.00136376951316,35.62492158169819,35.96714115904857,105454300
2006-10-23,36.30082321166992,36.429156438944176,35.77893954077394,35.86449284985708,126960500
2006-10-24,36.052711486816406,36.317931947985265,35.86449030381598,36.17248741648966,103541700
2006-10-25,36.30082321166992,36.37782249530457,35.9757147625848,36.06982536076598,125399500
2006-10-26,36.63447570800781,36.72002899378866,36.12114946602543,36.42914651667432,130260700
2006-10-27,36.112586975097656,36.63447042863905,36.001368372339925,36.548917155187226,129375000
2006-10-30,36.34359359741211,36.48903811414561,35.98426584486284,36.06981913918915,103899900
2006-10-31,36.429134368896484,36.58312957922053,36.19813665793907,36.41202306471658,135811800
2006-11-01,35.932918548583984,36.59168911361242,35.77892006514109,36.55746650314783,148960600
2006-11-02,35.9671516418457,36.05270492929433,35.71048851585111,35.77037646979489,100216400
2006-11-03,35.873046875,36.09548741656686,35.599272394464215,36.01848813993809,119263300
2006-11-06,36.39491271972656,36.540353913617544,35.984251199528444,35.99280522002005,101283300
2006-11-07,36.64303970336914,36.86548024531286,36.33504259633225,36.394930560072844,139706500
2006-11-08,36.81414031982422,36.95958482500691,36.33503668780766,36.43770128557568,180245700
2006-11-09,36.64303970336914,37.087920787256586,36.506149199220076,37.01092151049736,124278000
2006-11-10,36.81414031982422,36.82269760676664,36.50614326287145,36.651587768054135,82419400
2006-11-13,37.1905632019043,37.2504511246411,36.78845578040262,36.83123240183647,89146200
2006-11-14,37.58411407470703,37.61833667798107,36.99378885464173,37.21622924862882,121962800
2006-11-15,37.738136291503906,37.986245426017575,37.575580455405714,37.63547168067551,116565900
2006-11-16,37.90068054199219,38.00334513027823,37.66112874810862,37.8664579246807,113513200
2006-11-17,37.90068054199219,37.90068054199219,37.60124079963773,37.6953513654201,95162500
2006-11-20,37.97767639160156,38.0546756418195,37.65256808360936,37.78090125518863,107184100
2006-11-21,38.02900314331055,38.08033379134633,37.85789336801375,38.00333455564515,68092200
2006-11-22,38.26857376098633,38.285685073327386,37.86646608009428,38.140243813902075,69852700
2006-11-24,38.200130462646484,38.37979434058034,37.969132649453385,37.98624396120647,51762900
2006-11-27,37.33601760864258,38.16589806609206,37.33601760864258,38.08034152923491,159506300
2006-11-28,37.44723892211914,37.50712686521129,37.079353978182716,37.22479519322133,118268400
2006-11-29,37.70390319824219,37.79801375855903,37.35312955029193,37.64401525324933,139515500
2006-11-30,37.67823028564453,37.88355940896848,37.464343878387666,37.686784305929876,123457100
2006-12-01,37.35313415527344,37.94345965597183,37.010914487140425,37.64401989409191,144559600
2006-12-04,37.8664665222168,38.05468769651695,37.46436210027896,37.46436210027896,89782400
2006-12-05,38.00333786010742,38.11455971326842,37.80656274368277,37.977672533857884,84697500
2006-12-06,37.8664665222168,37.98624571000272,37.7039139485525,37.883577834757645,78207500
2006-12-07,37.387351989746094,38.054676667183536,37.387351989746094,37.93490077776124,124936100
2006-12-08,37.55845260620117,37.86644627631518,37.1905677423914,37.267566975831755,133798700
2006-12-11,37.695350646972656,37.96056776696077,37.43013026333618,37.49857549665463,72931300
2006-12-12,37.47291564941406,37.755247407283164,37.26758642882665,37.68680215798795,110985900
2006-12-13,37.541343688964844,37.73811879500906,37.31889999437739,37.72956151094544,79035500
2006-12-14,37.96055221557617,38.13166196512503,37.59266739632257,37.61833598012546,109104200
2006-12-15,38.0582275390625,38.3409000465508,37.9896988902012,38.272374665315326,99942300
2006-12-18,37.68132019042969,38.33232585092503,37.5185663245871,38.18670741056587,121588700
2006-12-19,37.56139373779297,37.74127975504003,37.158799479251634,37.39007870060511,136535200
2006-12-20,37.42434310913086,37.78411190831655,37.407210950348194,37.60422914253629,67213400
2006-12-21,37.15882110595703,37.510022364793656,37.01319931844455,37.467193580570026,102952300
2006-12-22,36.77333450317383,37.184496478541874,36.77333450317383,37.17593203364094,92858600
2006-12-26,36.927520751953125,36.93608519687715,36.73050584245131,36.77333460232128,50848600
2006-12-27,37.11595916748047,37.175920065358156,36.918941054312235,37.01316625601255,54129200
2006-12-28,36.93607711791992,37.15879184872969,36.87611621369211,37.00460573282268,69016000
2006-12-29,36.970340728759766,37.355806011264185,36.936076421954006,36.996037325052015,75152500
2007-01-03,37.03887939453125,37.741281536556876,36.42213477514288,37.22732659785822,167689500
2007-01-04,37.74129104614258,37.86977736247287,36.961795630285756,37.09028194661604,136853500
2007-01-05,37.56139373779297,37.64705452401178,37.24445699784557,37.64705452401178,138958800
2007-01-08,37.58708953857422,37.792668867995125,37.381506941528784,37.59565398245654,106401600
2007-01-09,37.77555847167969,37.93831240781226,37.37296402482203,37.698465361834366,121577500
2007-01-10,38.22097396850586,38.255238289162186,37.535703893506685,37.65562574817836,121070100
2007-01-11,38.61500549316406,38.75205950238701,38.24667223069763,38.29806544189041,174029800
2007-01-12,38.81203079223633,38.84629185297274,38.520790536406516,38.563619313046686,104217300
2007-01-16,38.78632354736328,38.88911651293269,38.6578372418399,38.84628447679931,95690500
2007-01-17,38.46938705444336,38.79489157949557,38.40086167779456,38.62357323643516,127142600
2007-01-18,37.758426666259766,38.409432557776654,37.64706923447522,38.366603781744494,189029800
2007-01-19,37.83550262451172,37.929727857796436,37.61279111025917,37.66418758322128,127544300
2007-01-22,37.42434310913086,37.886901593387385,37.27015694771202,37.86976943460471,123441700
2007-01-23,37.330116271972656,37.672749600094576,37.261587645773425,37.39864163054715,133103600
2007-01-24,37.946842193603516,37.96397434321139,37.492851665676916,37.569944705100625,117615300
2007-01-25,37.45860290527344,38.09247963321968,37.33011663135006,37.99825440510101,158337600
2007-01-26,37.32154083251953,37.54425555392956,37.081697225730956,37.52712340092694,146284300
2007-01-29,37.35580062866211,37.61277635742934,37.175917945287416,37.22731113046666,104191500
2007-01-30,37.372947692871094,37.510001687411794,37.27872245894468,37.41577645348538,69605900
2007-01-31,37.74985122680664,37.85264092177815,37.11597762891925,37.330124732891434,157772500
2007-02-01,37.68988800048828,38.03252465299738,37.56139843889105,37.92116725078813,147365600
2007-02-02,37.826927185058594,37.904020238282094,37.638476773262475,37.79266287970948,98189200
2007-02-05,37.79267883300781,37.998261484260404,37.65562482138121,37.80981099291431,96347800
2007-02-06,37.74129104614258,37.886909524842075,37.38152217164089,37.86121291510119,121110200
2007-02-07,38.08390426635742,38.246658088622276,37.79266419599435,37.92971815454026,117823800
2007-02-08,38.075355529785156,38.20384183088454,37.88690503368883,38.03252676275203,89521900
2007-02-09,37.58708953857422,38.30662372679645,37.45860000696776,38.17813419518999,133472000
2007-02-12,37.441471099853516,37.59565724410804,37.33868142622543,37.57852508723256,126940000
2007-02-13,37.56997299194336,37.68989486186552,37.43291895951434,37.50144434191591,93648000
2007-02-14,38.203826904296875,38.29805211553038,37.724139672743306,37.724139672743306,133370000
2007-02-15,38.42654037475586,38.42654037475586,38.16099690340227,38.2295255157351,110452500
2007-02-16,38.298065185546875,38.40085814249505,38.178143336732646,38.25523642063112,72342200
2007-02-20,38.58929443359375,38.64925534102061,38.05821071025969,38.23809343254027,93629000
2007-02-21,38.709232330322266,38.72636449207961,38.40086322156736,38.47795304803678,95864000
2007-02-22,38.90623474121094,39.017592122906244,38.60643017621359,38.85484154013979,116344400
2007-02-23,38.76921081542969,38.940529242941814,38.59789565554478,38.90626490391394,113467100
2007-02-26,38.580745697021484,38.97477561127897,38.34089870204351,38.95764344966442,101623700
2007-02-27,36.99605178833008,38.10105160762457,36.88469764911467,38.00682636088428,317813200
2007-02-28,37.11595916748047,37.484288996890314,36.77332266450181,36.96177306790246,214978700
2007-03-01,36.94465255737305,37.29585361316005,36.182289529027486,36.44782979826589,231806500
2007-03-02,36.38787078857422,36.95321893892512,36.37930634328294,36.64484662643825,183359400
2007-03-05,36.105201721191406,36.66198221065632,36.02810863586545,36.105201721191406,171885400
2007-03-06,36.70481491088867,36.824740042403995,36.40501025116466,36.430706859819374,155551800
2007-03-07,36.559200286865234,36.81617620334088,36.53350367550549,36.71338649027584,119979300
2007-03-08,36.807594299316406,37.03887349474745,36.696236923525646,36.944648274280226,120900700
2007-03-09,36.77333450317383,37.12453556136059,36.5334908344487,37.115971116459654,128597600
2007-03-12,37.0131950378418,37.07315598234571,36.68769370128524,36.72195476412576,81310100
2007-03-13,36.293643951416016,37.038878096263744,36.2850795065025,36.83329547446525,171231800
2007-03-14,36.82474136352539,36.83330581084231,36.06237484728598,36.34505062313191,192586700
2007-03-15,36.73908996582031,36.884711748527074,36.59347145074022,36.74765768295836,111627400
2007-03-16,36.710792541503906,36.89078863056295,36.52222334171802,36.80507387171313,108328800
2007-03-19,37.08792495727539,37.190779390684504,36.81364428839543,36.90792888138857,95913200
2007-03-20,37.3536376953125,37.36220753616658,37.03649799908956,37.07935374272726,78755700
2007-03-21,38.07361602783203,38.090758976518764,37.15648952603232,37.405057377465205,173333500
2007-03-22,37.93647766113281,38.09933404719965,37.7907674943186,38.090760937573336,114856300
2007-03-23,37.816490173339844,38.030772194468874,37.77363442305087,37.936487582022636,68530300
2007-03-26,37.97075653076172,37.98789947715736,37.39648254007967,37.83361622927924,114237300
2007-03-27,37.70505142211914,37.9193333611022,37.670765527157954,37.91076025252045,76419200
2007-03-28,37.30221939086914,37.73935333109668,37.29364627790678,37.54221423886194,142795000
2007-03-29,37.34504699707031,37.58504166416245,36.94219600329526,37.559328884026044,124407000
2007-03-30,37.310791015625,37.60221474625283,37.045083355427536,37.33650708605536,120418700
2007-04-02,37.362205505371094,37.507915679755996,37.11363762822611,37.43077403752768,89617700
2007-04-03,37.85075759887695,37.979328056646935,37.53362127797558,37.55933406165654,105814500
2007-04-04,38.005062103271484,38.03934801381666,37.82506597743593,37.8764915735693,85147200
2007-04-05,38.19362258911133,38.21076554045542,37.91076879645922,37.962197650491504,54220200
2007-04-09,38.099334716796875,38.35647242548918,38.03933602709145,38.32218652574798,63050200
2007-04-10,38.29646301269531,38.29646301269531,38.06503815876667,38.090750941531255,76364500
2007-04-11,37.89360809326172,38.27931614360378,37.77361075975132,38.26217320029057,114012300
2007-04-12,38.19362258911133,38.24504817345997,37.67077401700917,37.83362715025262,113801300
2007-04-13,38.27076721191406,38.33076591144311,37.962200603088164,38.20219540120435,94572000
2007-04-16,38.622188568115234,38.699330218325414,38.42504952195229,38.42504952195229,72803200
2007-04-17,38.70790481567383,38.74219072435416,38.53647854195638,38.69933497334585,81852300
2007-04-18,38.57935333251953,38.76792265363926,38.42507320668665,38.51078475100334,82002500
2007-04-19,38.69932174682617,38.785033219548616,38.33075652869007,38.40789816201351,95413000
2007-04-20,38.91362762451172,39.14504939708953,38.74220130398158,39.016482108955756,122377400
2007-04-23,38.97359085083008,39.08501507846209,38.86216335351593,38.965017744284765,85303300
2007-04-24,39.17075729370117,39.2821848692384,38.85362079221691,39.11075858449292,108143700
2007-04-25,39.69359588623047,39.70216572692817,39.1707473222135,39.29931455078062,106818100
2007-04-26,39.8992919921875,39.98500672015412,39.710726130026046,39.78786448067218,99308300
2007-04-27,39.916439056396484,40.02786657940901,39.67644433269218,39.74501285245788,96536500
2007-04-30,39.39360809326172,39.882170866074524,39.359322183317296,39.84788822581444,93290500
2007-05-01,39.35930252075195,39.54787166155921,39.13645075681104,39.40216152161375,135044400
2007-05-02,39.787864685058594,39.92500825050967,39.470728364159385,39.505014255522156,91971600
2007-05-03,39.9335823059082,40.04500982976382,39.79644199565625,39.865010515940774,98003600
2007-05-04,39.967872619628906,40.190724422295105,39.78787328590563,40.08786999565557,93591800
2007-05-07,39.967872619628906,40.0964398355075,39.916443771467506,39.99358540886797,47487900
2007-05-08,40.05359649658203,40.087882405970454,39.68503114486721,39.83074462492586,95138900
2007-05-09,40.13931655883789,40.25931398782403,39.82217675973485,39.84789283000668,116021000
2007-05-10,39.59074783325195,40.096453569497214,39.48789337138232,40.002168950414884,171196300
2007-05-11,40.0964469909668,40.0964469909668,39.58217149631021,39.633600353649406,104767900
2007-05-14,39.8221549987793,40.182150358701705,39.59073011090409,40.08786578182482,118899200
2007-05-15,39.51358413696289,40.02786269892214,39.41930284013547,39.787864728801466,179438500
2007-05-16,39.8992919921875,39.907865099825436,39.35073081193135,39.599298618510716,144420500
2007-05-17,39.71074676513672,39.91645567978514,39.6764608561339,39.84788713146374,109869100
2007-05-18,40.03644561767578,40.03644561767578,39.75359509541519,39.83930658223752,104961700
2007-05-21,40.29358673095703,40.490729052631394,40.00216307373551,40.06216504316939,112831400
2007-05-22,40.327857971191406,40.52499695149216,40.17357472231556,40.31928813277951,98029100
2007-05-23,40.13931655883789,40.602163317829465,40.113600488566064,40.44787997493737,119220600
2007-05-24,39.565032958984375,40.31930660237722,39.40217979709633,40.165023282826766,206268600
2007-05-25,39.813602447509766,39.9078870653265,39.58217745914625,39.650746009577475,87143200
2007-05-29,40.12215805053711,40.165013791466315,39.779305583736566,39.856447225282515,99702400
2007-05-30,40.4478645324707,40.45643764251645,39.727876963751015,39.83930450656144,132036500
2007-05-31,40.63642501831055,40.73070959052962,40.46499882061066,40.55928339282974,109457700
2007-06-01,40.662139892578125,40.94499362376685,40.602141210753175,40.78214052591097,125089800
2007-06-04,40.78215408325195,40.83357967352153,40.49073041621631,40.516443211351095,64782700
2007-06-05,40.78215408325195,40.78215408325195,40.28501824608597,40.670726521527854,151160400
2007-06-06,40.345008850097656,40.61071966866695,40.250724260615534,40.602146558886744,183166500
2007-06-07,39.71931076049805,40.46501118827206,39.70216780852024,40.207873447972446,221373300
2007-06-08,40.20787048339844,40.22501343411228,39.56502454520531,39.702164881232505,177587800
2007-06-11,40.130741119384766,40.44787763042062,40.07931225150684,40.18216998726268,97100400
2007-06-12,39.890743255615234,40.31930731310224,39.813601594480204,39.91645605276549,153967700
2007-06-13,40.327857971191406,40.36214386420442,39.89072427916498,40.06215047454734,147985300
2007-06-14,40.593605041503906,40.70503265860765,40.362179961220264,40.37074980729641,101531900
2007-06-15,40.96842956542969,41.06278786559132,40.874074537507624,40.96842956542969,100378400
2007-06-18,40.97701644897461,41.06279495179366,40.89123467391543,41.04563859678182,75713200
2007-06-19,40.96842956542969,41.05421132568552,40.75398007314946,40.85691818545646,109621300
2007-06-20,40.58242416381836,41.10567819005452,40.52237856618078,41.02847951215447,161889500
2007-06-21,40.95127868652344,40.99416793283663,40.38513212736596,40.56526892522521,143181300
2007-06-22,40.56525802612305,40.92553152504302,40.43658704951513,40.865485941889695,153328700
2007-06-25,40.393714904785156,40.81403743693036,40.16210901224476,40.573851730458706,136602600
2007-06-26,40.16210174560547,40.59100074183982,40.09347960777259,40.58242420170058,128211900
2007-06-27,40.779727935791016,40.796884292763814,40.05917730413613,40.119222917420664,141196200
2007-06-28,40.76256561279297,41.04563728081235,40.71967636275852,40.76256561279297,116546300
2007-06-29,40.8311767578125,41.07136238332752,40.49663611653849,40.985580634129605,124794700
2007-07-02,41.20004653930664,41.21720289599233,40.899818477908255,40.92555137681656,80863100
2007-07-03,41.440223693847656,41.44880023429727,41.208617834830775,41.251507081558394,34803300
2007-07-05,41.74045181274414,41.83481011915906,41.42306745936289,41.46595670621336,73588500
2007-07-06,41.91202163696289,41.95491089360095,41.60321375358399,41.78335059480817,65804300
2007-07-09,41.93775177001953,42.01495373577153,41.79192765262149,41.94633158412548,66768800
2007-07-10,41.586063385009766,41.946340391579724,41.54317412219551,41.706154629786084,104383100
2007-07-11,41.86912155151367,41.86912155151367,41.44879909179339,41.4916883373388,99637600
2007-07-12,42.51246643066406,42.60682145393196,41.963473008825154,42.00636552295713,107667100
2007-07-13,42.80413055419922,42.86417616510879,42.5210555837052,42.57252465258785,74232200
2007-07-16,42.76123046875,42.95852689513865,42.684028515192644,42.795543175273224,77799500
2007-07-17,43.08717727661133,43.14722285271498,42.82125881655338,42.85557150925218,124833700
2007-07-18,43.03571701049805,43.03571701049805,42.58108519239589,42.847003706661965,144915900
2007-07-19,43.164390563964844,43.456041984217556,43.15581402465124,43.24159250674466,116563800
2007-07-20,42.93279266357422,43.198711242751166,42.666877356637215,43.13866563974991,163721300
2007-07-23,42.94994354248047,43.1558164924121,42.821272539743255,43.07861454521768,107464100
2007-07-24,42.31517028808594,42.9756717651424,42.07498466055351,42.6325545821862,175496200
2007-07-25,42.3752326965332,42.60683533264301,42.08358117552625,42.529636635433384,170258700
2007-07-26,42.01495361328125,42.435276152759016,41.217201060249806,42.08357903696754,318522000
2007-07-27,41.165733337402344,42.13504285978716,41.165733337402344,41.93774968428653,246387600
2007-07-30,41.64609909057617,41.80050301773344,41.13142151487876,41.363027405614666,166517200
2007-07-31,40.77114486694336,42.02353264807124,40.685366361166494,42.00637629246781,260224500
2007-08-01,41.08852767944336,41.114260573686025,40.299351776189624,40.651048843878826,301153900
2007-08-02,41.46596145629883,41.543163418369375,40.994173142418866,41.114264356253024,177369900
2007-08-03,40.676780700683594,41.44022369022348,40.44517811392674,41.38875463081098,166048400
2007-08-06,41.148563385009766,41.191452622513054,40.34223132209592,40.71966446549868,190869100
2007-08-07,41.440223693847656,41.70613898690277,40.728249763658006,41.07137028195852,167109700
2007-08-08,41.894866943359375,42.083583606748775,41.517436888821244,41.61179194827528,164831200
2007-08-09,40.925559997558594,42.00638779074408,40.90840363725901,41.33730282802507,242418200
2007-08-10,40.55670166015625,41.02849333228473,39.99913474110375,40.48807949927259,247006400
2007-08-13,40.8311767578125,41.07136238332752,40.728241931014146,40.89980215717083,116935100
2007-08-14,40.136383056640625,40.95129209231849,40.08491398087205,40.91697937513944,153529800
2007-08-15,39.37291717529297,40.39369529752699,39.29571524858696,40.04199835858597,214854100
2007-08-16,38.98691177368164,39.381497987570846,38.07764490180568,39.0555338980698,362468700
2007-08-17,39.72463607788086,39.96481852832307,39.107020322754636,39.72463607788086,223246600
2007-08-20,39.913326263427734,40.076309922006075,39.52731991303151,39.87901684204575,144715100
2007-08-21,40.333656311035156,40.42801460045945,39.79324273575734,39.87044467508274,115027200
2007-08-22,40.882659912109375,40.91697262362665,40.54811915541667,40.64247747596903,115814100
2007-08-23,40.77114486694336,41.04564001211763,40.513806077372514,40.99417421754761,118663400
2007-08-24,41.345863342285156,41.371596234600744,40.591000202711655,40.64246925958245,88189200
2007-08-27,41.07136917114258,41.345864269463085,41.037056465792595,41.22577307297782,72490400
2007-08-28,40.09347915649414,40.91696443465771,40.06774299188679,40.83118267303257,106024800
2007-08-29,41.242942810058594,41.2772522543032,40.359408357884874,40.359408357884874,113201000
2007-08-30,41.4573974609375,41.8090946674161,40.95987282764325,41.02849826902501,138930000
2007-08-31,41.92059326171875,42.08357699896062,41.697567190019534,41.91201672029346,94687200
2007-09-04,42.61541748046875,42.889912659711655,41.95491243284032,41.972068790573076,98480900
2007-09-05,42.186500549316406,42.589666605280925,41.92058202504885,42.51246466418643,114049300
2007-09-06,42.152191162109375,42.340907760118306,41.8691195373355,42.22939310927307,99222600
2007-09-07,41.37158966064453,41.68897394698291,41.13140731122511,41.62892835962806,152438000
2007-09-10,41.345863342285156,41.817651577428734,41.01132265322406,41.70613692366183,125199400
2007-09-11,41.9720458984375,42.02351494356385,41.543147005767786,41.611769127030726,103064500
2007-09-12,41.98064422607422,42.34949772699843,41.84339664007269,41.894865711913475,93993400
2007-09-13,42.186500549316406,42.33232462013975,41.98062761565132,42.28085884090294,80807500
2007-09-14,42.2208137512207,42.29801569323115,41.80049133977732,41.860536931092184,99801200
2007-09-17,41.86912155151367,42.117880484572936,41.680404944426236,42.032101993482115,84882300
2007-09-18,42.92420959472656,42.95852229757753,41.88627487528064,42.109300899333036,151452100
2007-09-19,43.03571701049805,43.39599381280174,42.87273659531254,43.138655109578615,127025800
2007-09-20,42.91563034057617,43.11292347617386,42.82127204262956,42.941366504168556,109970600
2007-09-21,43.22116470336914,43.35848360078177,42.920777364444746,43.152503617692446,86829500
2007-09-24,43.41856384277344,43.736113204254806,43.195421844582995,43.33274075284043,107226800
2007-09-25,43.83051681518555,43.83051681518555,43.22116441658158,43.272656956556666,101102200
2007-09-26,44.04508590698242,44.2081511035017,43.87343643625924,44.07941645591532,96124600
2007-09-27,44.26823425292969,44.32831108073326,44.07941949472329,44.302561530287754,73423200
2007-09-28,44.12233352661133,44.35405984999482,43.9249377564569,44.23390618763488,75546000
2007-10-01,44.62870788574219,44.76602685597138,44.09659728534685,44.15667413020072,100404100
2007-10-02,44.637271881103516,44.68018670302679,44.38838359323129,44.663021429045735,71046000
2007-10-03,44.32831573486328,44.68877673953031,44.199577790943955,44.49138095974476,106785000
2007-10-04,44.43130111694336,44.4827969458124,44.062255861569454,44.41413584065368,84129300
2007-10-05,45.33244705200195,45.401108142333335,44.680183063558765,44.774587151852934,115674700
2007-10-08,45.61566925048828,45.62425024983023,45.238039800622275,45.315281890463865,63022400
2007-10-09,45.81308364868164,45.87316049038631,45.51269616621598,45.71867624773365,93965600
2007-10-10,45.92464065551758,45.976136480478544,45.667168078595616,45.821652279537076,91777500
2007-10-11,45.19514465332031,46.293696308353,44.86901090300417,46.164961627871335,239786700
2007-10-12,45.94181442260742,45.9503986986584,45.31529650251024,45.40112289330975,131676000
2007-10-15,45.58992004394531,46.096284131355944,45.229459137961996,46.01046104153354,121578700
2007-10-16,45.375343322753906,45.72722310740398,45.21227819901749,45.30668552947432,193676600
2007-10-17,45.95897674560547,46.05338413244351,45.212305200342,46.01905357833116,183985200
2007-10-18,46.1563606262207,46.250767988729706,45.58991972510765,45.77015345077984,144491200
2007-10-19,45.00631332397461,46.147779393720455,44.963401779580316,46.147779393720455,245111500
2007-10-22,45.54701232910156,45.58992387762122,44.64585671442369,44.76601035985523,207052100
2007-10-23,46.49966812133789,46.52541439807272,45.778742907288404,46.01046921972662,162360600
2007-10-24,46.14777374267578,46.293673630538336,45.143626702319494,46.12202747398017,298293400
2007-10-25,45.52985763549805,46.328025064425034,45.27238501060529,46.250782949562996,233833100
2007-10-26,46.28511047363281,46.5168368030377,45.864569370503524,46.41384841461614,146690300
2007-10-29,46.47391128540039,46.628395458592635,46.20785448180467,46.508238555266885,101896600
2007-10-30,46.568321228027344,46.82579706503086,46.2593561167174,46.2936833909021,114616600
2007-10-31,47.22915267944336,47.26348321530863,46.379493197388555,46.74853827308997,148431900
2007-11-01,46.34518051147461,47.006028848677865,46.31943423662947,46.928786750201084,181974200
2007-11-02,46.70564270019531,46.81721535073426,46.00188279484154,46.70564270019531,217882900
2007-11-05,46.4052619934082,46.68848414089904,45.99330518482836,46.225031503518586,150588900
2007-11-06,46.92877960205078,46.93736060104499,46.15635873493746,46.62839552814052,131884700
2007-11-07,45.78732681274414,46.84297006101921,45.75299953290069,46.53400162483546,197908200
2007-11-08,44.396968841552734,45.77016142596563,43.59880153173453,45.60709294451234,380626400
2007-11-09,42.91218566894531,43.8734177112265,42.91218566894531,43.53870318683912,309414900
2007-11-12,41.82221984863281,43.11816981593375,41.75356204729927,42.84352878877877,283216000
2007-11-13,43.54732131958008,43.59023288382887,42.35435888023162,42.38868944120766,255625900
2007-11-14,42.98945617675781,44.14808464681423,42.8263909419471,44.10517308754216,263284100
2007-11-15,42.75771713256836,43.375653879226476,42.371506665907035,42.91220131923289,251548800
2007-11-16,43.15251541137695,43.332749173566214,42.34576707783414,43.0495270286557,263623700
2007-11-19,42.65473556518555,43.29841868757585,42.4058439721153,43.0495270945056,198651100
2007-11-20,42.826377868652344,43.5816302483283,41.993880122347825,42.877870414483226,300763600
2007-11-21,42.32001495361328,43.05810208073843,41.92522020550117,42.44016859584433,212225400
2007-11-23,42.77487564086914,42.88644826335679,42.37149996460344,42.594645209578744,46463300
2007-11-26,42.036808013916016,43.229767140665814,41.9681501681312,42.88647136385698,150352100
2007-11-27,42.87787628173828,42.95511838499525,42.13978580038088,42.39726166053183,211369300
2007-11-28,44.182403564453125,44.371218304239655,43.427147879248274,43.45289742718178,216868100
2007-11-29,44.37123107910156,44.53429631790248,43.942108927996024,44.01076676972297,172087300
2007-11-30,44.036521911621094,44.843270479425875,43.72755339979806,44.80893991723607,171417400
2007-12-03,43.667457580566406,44.225314241034845,43.615961759655285,43.84768804284354,108625700
2007-12-04,43.48723220825195,43.71895853600815,43.238343877499126,43.33275126368964,113374100
2007-12-05,44.26823425292969,44.62869521975111,43.9077700121667,43.94210056346633,137614200
2007-12-06,44.903343200683594,44.94625476250694,44.29399051054203,44.311155790059836,99724500
2007-12-07,44.91189956665039,45.092129978668595,44.697338616931496,44.8775690289497,88992300
2007-12-10,45.092140197753906,45.220874832395786,44.90332547154992,45.02347910679209,75657900
2007-12-11,44.04508590698242,45.349617300960695,43.950678534387606,45.16080255577106,167064300
2007-12-12,44.43986892700195,44.99772878203075,43.67603236552057,44.843244615220954,162975200
2007-12-13,44.19956588745117,44.311138523870554,43.75327861571466,44.05366597931439,153476200
2007-12-14,43.74468994140625,44.28538120792936,43.70177512989196,43.84767828637154,128396700
2007-12-17,42.680477142333984,43.761866502271594,42.663311868087526,43.581632759654454,134377000
2007-12-18,42.81779098510742,43.14392460923514,42.20843855435002,43.118178337889056,154251700
2007-12-19,42.809207916259766,43.08384571047638,42.5774816635256,42.81778891497995,137970900
2007-12-20,43.684635162353516,43.73612772383148,43.08386351155441,43.44432453766861,167341700
2007-12-21,44.54633712768555,44.58929668152485,44.228456748868396,44.40028513216414,107573500
2007-12-24,44.881404876708984,45.018866930713365,44.63225387965295,44.68380010155841,34499800
2007-12-26,45.10478210449219,45.21647105402912,44.67521275111607,44.786901700653004,58492100
2007-12-27,44.56351852416992,45.10477676298478,44.42605647846259,44.95872477326297,65778900
2007-12-28,44.520565032958984,44.812672308019756,44.18550148043273,44.709576586631805,67545400
2007-12-31,44.005096435546875,44.40029955132307,43.99650321104681,44.30579374595162,70135600
2008-01-02,43.309173583984375,44.21986161441647,43.06861584201694,44.04803325128827,152344100
2008-01-03,43.48960876464844,43.609887682300986,43.08581572357985,43.30919038816962,114103700
2008-01-04,41.582313537597656,42.81088211557354,41.41907509044101,42.79369894864368,212617600
2008-01-07,41.384700775146484,41.75413059950537,40.74894010812422,41.582305518052884,235083600
2008-01-08,40.3107795715332,41.891594649476865,40.3107795715332,41.47061859134034,261669800
2008-01-09,41.16990661621094,41.204272935487865,39.91556545877646,40.47400667629244,254011800
2008-01-10,41.23005676269531,41.59089334823795,40.6286591761044,40.748938037951945,249958500
2008-01-11,40.422481536865234,41.04106254690418,40.12178425551551,41.006696206934336,211685200
2008-01-14,41.126953125,41.247231973215406,40.64583773213837,40.97230795519367,168048500
2008-01-15,39.99290084838867,40.82626633234578,39.821072474319195,40.69739423245526,241094900
2008-01-16,39.56333923339844,40.302199091204606,39.056447234021256,39.683618135394,265625900
2008-01-17,39.013492584228516,40.01868667948843,38.83307422368462,39.7265793578369,254098800
2008-01-18,38.96192932128906,39.640649516882775,38.64404899674455,39.21108027066193,273063300
2008-01-22,37.95674514770508,38.46363707333194,36.71099347177259,36.79690930166499,325732000
2008-01-23,37.810691833496094,37.930974001573965,35.74876096961363,36.547760203541195,390129000
2008-01-24,38.58391189575195,38.601095059921406,37.853645443994175,37.965331095065444,250249100
2008-01-25,37.79350662231445,39.40868475225221,37.75054707251589,39.40868475225221,199299100
2008-01-28,38.08560562133789,38.18010808932483,37.43265862300118,37.81927154604886,163711200
2008-01-29,38.15434265136719,38.38631045179359,37.836462307384394,38.28321474405523,138520000
2008-01-30,38.1199836730957,38.9361661036672,37.95674849792304,38.01688794547897,220824400
2008-01-31,38.772918701171875,39.168121596867636,37.647446165322066,37.6904024318363,246824100
2008-02-01,39.16814041137695,39.417291465134035,38.558152612747925,39.09081778356802,161920300
2008-02-04,38.61826705932617,39.18529820357233,38.609673841049066,39.15952510344603,100209900
2008-02-05,37.518577575683594,38.31757666105474,37.492804468850125,37.94814683545933,188990400
2008-02-06,36.77972412109375,37.94814984744619,36.74535779101919,37.733365200510626,178285000
2008-02-07,37.03746795654297,37.621682504369716,36.21269563397128,36.3673408541227,286254800
2008-02-08,37.458438873291016,37.604494128691854,36.89140757040366,37.11478542516883,173781300
2008-02-11,37.86223602294922,37.99110811770661,37.406893635552514,37.604495110787944,119562300
2008-02-12,37.64744567871094,38.3863052516765,37.38111158600035,38.09419805486112,145412400
2008-02-13,38.472232818603516,38.558148661450566,37.93956770236899,38.13716922488576,148685900
2008-02-14,37.77631759643555,38.53235705075004,37.707584949305314,38.53235705075004,170868900
2008-02-15,37.64744567871094,37.78490769619153,37.329565377790765,37.57012308904354,100053300
2008-02-19,37.57872772216797,38.23167168417657,37.17493148933462,38.14575912616497,110507600
2008-02-20,37.75053787231445,37.87940993559564,37.14914364994279,37.166323532851095,137338800
2008-02-21,37.38971710205078,38.205899533103626,37.235071871857436,38.11139375050168,127857000
2008-02-22,37.52717590332031,37.535765847649365,36.59930460279986,37.518582681637454,157364700
2008-02-25,37.7161979675293,37.86225000331976,37.235079017119205,37.48423007772558,121444300
2008-02-26,37.86223602294922,38.21448270095211,37.26083837633723,37.50139940139413,148375900
2008-02-27,38.0512580871582,38.19731010944693,37.51858967358251,37.60450551965331,125682600
2008-02-28,37.905181884765625,38.25742846602406,37.759129943016994,37.905181884765625,129196700
2008-02-29,36.900001525878906,37.60449487751449,36.81408570412244,37.501399168760216,188724500
2008-03-03,36.659446716308594,36.934374115177626,36.290020090872986,36.874231391076805,132963800
2008-03-04,36.86564254760742,36.977331499483114,36.10100960696324,36.42748324002456,183851000
2008-03-05,37.046058654785156,37.40689860159795,36.728178263497036,36.934372987012054,183208300
2008-03-06,36.229881286621094,37.17493592426272,36.1697418333676,37.02029067950963,152752200
2008-03-07,36.14396286010742,36.63367163000156,35.55115836953922,36.01509075124944,242552400
2008-03-10,35.44804763793945,36.20409031978577,35.370725053689796,36.092401414235646,146801900
2008-03-11,36.796913146972656,36.814093037392645,35.66284701535874,35.96354753537489,196755300
2008-03-12,36.693809509277344,37.32098030578569,36.59930373712405,36.942960494526254,155566100
2008-03-13,36.977333068847656,37.22648409616227,35.92059278584747,36.2814294924237,208967900
2008-03-14,36.298614501953125,37.26944226901372,35.86045515355131,37.22648598424561,309589800
2008-03-17,35.637054443359375,36.09239667000247,35.26762473132172,35.47381935466808,193130600
2008-03-18,37.22648239135742,37.23507233654021,36.178332101933954,36.29002105343501,216300400
2008-03-19,36.307186126708984,37.458431675269196,36.28141302432458,37.38110909076318,216157200
2008-03-20,37.0492057800293,37.05780243518424,36.19799260346383,36.412945061393934,128397000
2008-03-24,38.330326080322266,38.485088841425366,37.212570610770456,37.212570610770456,125018000
2008-03-25,38.545284271240234,38.751636836612626,38.07238614243916,38.433508051713176,118107500
2008-03-26,38.43350601196289,38.56247553849721,38.072384121854405,38.40770948272425,124824600
2008-03-27,37.58229064941406,38.27013792638185,37.58229064941406,38.20995149464183,143868600
2008-03-28,37.39314651489258,38.12398386264054,37.255577016025356,37.84884486490609,111822300
2008-03-31,37.59090042114258,37.84884280750787,37.35875128943919,37.53071397365452,113644800
2008-04-01,39.19874954223633,39.215946140876035,38.18417318190433,38.19276984126627,137494400
2008-04-02,39.112754821777344,39.568453031177334,38.83761262902718,39.29331411834173,132486800
2008-04-03,39.19874954223633,39.473888560640006,38.81183427263246,38.94080712247236,140033800
2008-04-04,39.4308967590332,39.8522019252194,39.03538484957638,39.35351370892942,139261000
2008-04-07,39.344905853271484,39.90378368933455,39.25032950432211,39.671634585735205,102297100
2008-04-08,39.04395294189453,39.31049509277249,38.84619713185472,39.04395294189453,97435200
2008-04-09,38.605491638183594,39.1127799496134,38.373342416351306,39.095583346523966,127182300
2008-04-10,39.155757904052734,39.41370031208062,38.631273149110484,38.631273149110484,112773800
2008-04-11,38.07239532470703,38.777439439615264,37.93482582130825,38.70865632787371,120135400
2008-04-14,37.90043640136719,38.244358524406934,37.7886601534193,38.01220936939935,89274600
2008-04-15,37.95201110839844,38.13257041281313,37.556499313990635,38.03799407234451,124232300
2008-04-16,39.00957107543945,39.10415068154201,38.39051022807455,38.424900128545666,134027900
2008-04-17,38.92359924316406,39.09556189980785,38.67425355502632,39.052568775710746,124953100
2008-04-18,40.161739349365234,40.35089866975919,39.74043412838099,39.95538670885918,133022500
2008-04-21,40.44548034667969,40.479873548450996,39.97258530203103,40.08435828791342,83303200
2008-04-22,39.843597412109375,40.21331599195602,39.491075426664324,40.19611939755443,104689600
2008-04-23,40.28208923339844,40.46265179047745,39.78340123743171,40.135923136621464,131086200
2008-04-24,40.643218994140625,41.0903205866364,39.88658527761586,40.299293683016224,166509000
2008-04-25,40.54005432128906,40.71201374617646,40.04136280535139,40.68622048842651,121945400
2008-04-28,40.617431640625,40.94415712572093,40.52285200233895,40.63462495675399,71244000
2008-04-29,40.92694091796875,41.064510340486265,40.46264616691823,40.540029172078945,91270600
2008-04-30,40.59162521362305,41.3224656077671,40.43685916685911,41.01293351423922,132152700
2008-05-01,41.87274932861328,41.88994592288999,40.6002308713716,40.60882752855247,143596900
2008-05-02,41.932945251464844,42.29406397319526,41.563226590693766,42.26827071590472,124990000
2008-05-05,41.81256866455078,42.1564907578491,41.614812722923276,41.93294156120096,75624700
2008-05-06,42.070526123046875,42.24248887124623,41.391275071613535,41.69221070094157,139582600
2008-05-07,41.30526351928711,42.32843599903444,41.159094147943726,42.07909037021661,140008300
2008-05-08,41.61481475830078,41.87275716086932,41.32247916074561,41.47724525826985,128058700
2008-05-09,41.451438903808594,41.666391401687605,41.18489990558411,41.305272779609986,97062000
2008-05-12,42.20807647705078,42.2940561721042,41.442846039363985,41.51162913942369,89606500
2008-05-13,42.3198356628418,42.414415257263514,41.924320697086095,42.22525606842008,85448100
2008-05-14,42.22528076171875,42.93032488528119,42.16509430823774,42.483223173768174,143598200
2008-05-15,42.964725494384766,43.00771535715757,42.11351177985151,42.233884707581886,157248900
2008-05-16,42.99910354614258,43.08508652786766,42.51761196814363,43.05069333517763,146563200
2008-05-19,42.68956756591797,43.39461149946115,42.42302528668488,43.03348959598681,140048700
2008-05-20,42.362823486328125,42.53478607895684,42.03609488832493,42.53478607895684,137163700
2008-05-21,41.42564392089844,42.64657248342352,41.28807445920667,42.41442668174935,192806700
2008-05-22,41.57183074951172,41.86416641123376,41.36547809412929,41.528840886300074,153198200
2008-05-23,41.44285202026367,41.57182158145627,41.11612322806103,41.42565542278821,121698400
2008-05-27,42.17369842529297,42.22528822879222,41.52024398055053,41.52884064117559,106984300
2008-05-28,42.345638275146484,42.440217890496584,41.9157333180384,42.37143152300032,121363000
2008-05-29,42.723968505859375,42.96471759698401,42.34565319111449,42.37144644805383,143993000
2008-05-30,42.99910354614258,43.196862764152584,42.77555435348812,42.88733058977304,94153600
2008-06-02,42.47462844848633,42.921726900439516,42.096309832334725,42.921726900439516,144359900
2008-06-03,42.24247741699219,42.90453168609468,41.84696221940455,42.6379893346641,167606900
2008-06-04,42.784141540527344,43.07647705384721,42.07909764603495,42.11349083111133,174870800
2008-06-05,43.463401794433594,43.51499158345288,42.73256448952825,42.89592723488293,126653700
2008-06-06,42.15647506713867,43.17105093258544,42.14787841196997,43.085071261241495,189136000
2008-06-09,41.932945251464844,42.29406397319526,41.22790112625389,42.24247745861418,208897300
2008-06-10,41.735191345214844,42.07911348569576,41.40846252382947,41.503042178434384,162798500
2008-06-11,40.72920608520508,41.71798907448007,40.71200948853159,41.649202687786136,170366900
2008-06-12,40.77218246459961,41.365453374096575,40.41106389352698,41.02152811410082,189913200
2008-06-13,41.589019775390625,41.675002766068545,40.80659259975806,41.02154515657927,167855000
2008-06-16,41.95873260498047,42.14789187827081,41.331071619871466,41.37406146927874,136343900
2008-06-17,41.735191345214844,42.182293079764335,41.675004888632785,42.08771342515942,122932000
2008-06-18,41.288089752197266,41.65780843242064,41.12472698090253,41.49444238121,169338100
2008-06-19,41.932945251464844,42.139297869620584,40.93556551727015,41.21070452808829,221304200
2008-06-20,40.80062484741211,41.60080610056756,40.61993960500988,41.58360079555988,197434200
2008-06-23,40.482276916503906,41.07596172753509,40.42204849831272,40.96410754423604,131488800
2008-06-24,40.27579879760742,40.757626362986265,39.93163343759043,40.29300739382868,178293800
2008-06-25,40.929691314697266,41.29966776769239,40.387632256229544,40.447860675814546,179023400
2008-06-26,39.27772521972656,40.181155233651246,39.26911928006963,40.172549293994315,190028300
2008-06-27,39.27772521972656,39.492827760289785,38.69264604681825,39.234702085850486,181351800
2008-06-30,38.864715576171875,39.43258928985176,38.847510265639265,39.15725508827812,132912400
2008-07-01,39.41535949707031,39.458379314670005,38.443095864749104,38.554950016269665,245494300
2008-07-02,38.468936920166016,39.6907210367805,38.40870847239673,39.535846947601144,199576400
2008-07-03,38.400089263916016,38.787274319980256,38.0989438726648,38.70123137296441,123118300
2008-07-07,38.63241195678711,39.11423947667972,38.06454146391095,38.752868836760264,181011300
2008-07-08,39.55303955078125,39.58745344830223,38.52054713448486,38.67542116103946,206151200
2008-07-09,38.50334548950195,39.60466918168985,38.48613689653608,39.544440747411045,168500300
2008-07-10,38.95936965942383,39.079826552543295,38.18500251128263,38.56358178711583,238811500
2008-07-11,38.33987045288086,38.950760759914424,37.72897686364365,38.554972951036646,265514700
2008-07-14,38.0559196472168,38.87330949739518,37.91825423008588,38.83889232256184,177389800
2008-07-15,38.06452560424805,38.65820710055875,37.255738406204614,37.86662848994203,283891100
2008-07-16,39.01096725463867,39.04538442271413,37.789184045574416,38.16776633000082,186047800
2008-07-17,39.269107818603516,39.42398186518233,38.70123740854899,39.243296571574824,197555100
2008-07-18,38.365684509277344,38.86472063476352,38.365684509277344,38.838909383401585,160661000
2008-07-21,38.52915573120117,38.88192367227609,38.27963934522385,38.71844696667668,128107800
2008-07-22,38.52915573120117,38.55497026107728,37.73758016867342,37.883848281756556,152524500
2008-07-23,39.03678894042969,39.48420239858566,38.47752457938673,38.58937548227372,169259100
2008-07-24,38.451717376708984,39.24329619407538,38.41730347506955,39.21748494729498,145561000
2008-07-25,38.950748443603516,39.131433697192435,38.51193764808459,38.70122883691256,111616700
2008-07-28,38.21942138671875,39.16587462255197,38.03873602356858,38.94216612152401,124028500
2008-07-29,39.01096725463867,39.18304981281415,38.34845153909426,38.38286870716972,142290900
2008-07-30,39.208885192871094,39.42398770250159,38.61520344788429,39.12284550190042,165679900
2008-07-31,39.11423110961914,39.70791600849508,38.73565195608615,38.82169162846084,180473100
2008-08-01,38.61518859863281,39.19166152730532,38.20219233282208,39.15724435127046,180350400
2008-08-04,38.22800827026367,38.64960724077754,38.11615407550974,38.60658740655002,116298000
2008-08-05,39.51863479614258,39.553051986687606,38.58078768811618,38.623807535195496,151657400
2008-08-06,40.120933532714844,40.27580765054462,39.217503366844376,39.53585426140343,133463700
2008-08-07,39.81116485595703,40.31020087101847,39.64768816316509,39.879995938426156,152805800
2008-08-08,40.71459197998047,40.81784023824824,39.707914076913134,39.78535109116469,143121500
2008-08-11,41.08457946777344,41.54059573930947,40.55972881748278,40.69739429278821,157290100
2008-08-12,41.127593994140625,41.437342094067425,40.878074326732545,41.0759714989551,140549300
2008-08-13,41.04154968261719,41.40292023694997,40.65436460140133,41.05875827313823,169652100
2008-08-14,41.5147819519043,41.69546726178993,40.86087180470711,40.90389164769841,158069200
2008-08-15,41.437347412109375,41.79011539736592,41.26526474759802,41.58361882571536,123115900
2008-08-18,40.955501556396484,41.56639495501307,40.66296211889926,41.55778901973815,151399100
2008-08-19,40.447853088378906,40.94689222241659,40.22414804077028,40.748998412016086,155410600
2008-08-20,40.516693115234375,40.92108672664462,40.21555103154752,40.73179554135428,155466700
2008-08-21,40.327415466308594,40.50810405937348,39.905816407632386,40.21556453036801,118916200
2008-08-22,40.860877990722656,41.02435473172014,40.508109973261895,40.54252388354275,96515500
2008-08-25,40.00044250488281,40.619935165730396,39.89719099290651,40.57691534350796,128076500
2008-08-26,39.948822021484375,40.24136144629022,39.68209383697825,40.026259024586,107225500
2008-08-27,40.206966400146484,40.516714583031764,39.828387111177975,39.96605260554873,108489900
2008-08-28,40.53390884399414,40.68017694406632,40.2929951346032,40.37042887073333,112808600
2008-08-29,39.682106018066406,40.54251596900056,39.510023371438876,40.10370833819368,133184300
2008-09-02,39.191673278808594,40.50810275814787,39.01098797375144,40.327414170887174,162277500
2008-09-03,38.821685791015625,39.269099240935276,38.537752289110486,39.105622575123384,161682900
2008-09-04,37.56549835205078,38.641010791450086,37.56549835205078,38.59799095031481,219004700
2008-09-05,37.384803771972656,37.668737278762954,36.83414206481345,37.23853240976949,247977500
2008-09-08,37.31596755981445,38.0473177700169,36.72228605175106,37.875235174545594,311065100
2008-09-09,36.5244026184082,37.67735206957941,36.43835965506501,37.298769595276255,214180600
2008-09-10,36.825538635253906,37.152495276953985,36.524396519347846,36.877164404639046,160658100
2008-09-11,37.51386260986328,37.59129961622127,36.2834764433989,36.30929096698664,203398200
2008-09-12,37.36760711669922,37.60852086996655,36.91159086024214,37.195524457706675,172094300
2008-09-15,36.2060546875,37.24715000874381,36.16303156136627,36.481385627296646,616772300
2008-09-16,36.48997497558594,36.8599514064233,35.64677386969225,35.689793697933275,349506500
2008-09-17,34.597076416015625,36.49858123933581,34.579867826576184,36.02535651746105,340088000
2008-09-18,35.767234802246094,36.11140003203677,33.98618679481553,35.36284114957248,423934000
2008-09-19,36.93646240234375,37.737183150233975,36.247667959639884,37.68552258170659,263394000
2008-09-22,35.19727325439453,36.884812920540824,35.128392475654046,36.79871523153152,164698200
2008-09-23,34.93037796020508,35.94634682791512,34.818448295954305,35.472802796047645,184011200
2008-09-24,35.17143249511719,35.52443818654699,34.88730756514466,35.13699539880403,159270800
2008-09-25,35.731075286865234,36.17879035928832,35.326409045856515,35.49860765592929,148586800
2008-09-26,35.36946487426758,35.72247058398337,34.62901307232331,34.70650229076901,182678600
2008-09-29,32.56264114379883,34.76677669955653,32.011608075963444,34.663455536025275,307954400
2008-09-30,33.5011100769043,33.83689554423338,32.37321235447763,32.47653348628285,195436700
2008-10-01,33.148109436035156,33.55277571912443,32.74344315294587,33.440846118275466,174033300
2008-10-02,31.64138412475586,32.93286919107242,31.546674694386024,32.93286919107242,192124000
2008-10-03,31.15062141418457,32.87260157733721,31.081740631138537,32.08048899439041,272116100
2008-10-06,30.01409912109375,30.590960598477213,28.33516868046451,30.35849300352103,394046600
2008-10-07,28.111318588256836,30.30684194515479,27.784141541076664,30.255181374205666,329365700
2008-10-08,27.887460708618164,29.37697275459436,27.413916948126527,27.50862635710798,452066500
2008-10-09,27.138402938842773,28.998141052916,26.66485749287104,28.541817441851123,352433900
2008-10-10,26.966201782226562,27.96494987473808,25.295881016940278,26.27741056056614,472339100
2008-10-13,30.2465763092041,30.34989417825961,27.896074260592194,28.292128828984858,276998700
2008-10-14,28.93787384033203,31.124789184368655,28.57625633974815,31.124789184368655,341595900
2008-10-15,26.346284866333008,28.71400487377261,26.294625944704265,28.610687030515123,312088500
2008-10-16,27.775529861450195,27.784141598834022,25.1839519751347,26.52709562065705,494783500
2008-10-17,27.80997657775879,28.972315058215546,27.043695996800018,27.26755359575375,326571300
2008-10-20,28.584856033325195,28.636513308486098,27.29337160366666,28.206018498599917,232783400
2008-10-21,27.10396385192871,28.636524946976056,27.10396385192871,28.119932278924345,239932400
2008-10-22,26.354902267456055,27.207282100594625,25.58001001714102,27.00925481093988,289993600
2008-10-23,26.251577377319336,26.768171557667404,24.88260353839038,26.251577377319336,377966900
2008-10-24,25.407806396484375,26.044938581241578,24.185200949461755,24.30573898267845,322129500
2008-10-27,24.701801300048828,26.001896278178553,24.67597101121692,25.115076068111694,239302300
2008-10-28,27.431137084960938,27.448355633844365,24.839557445210566,25.5541789534189,327239500
2008-10-29,27.36224937438965,28.48153681088311,26.905924306949164,27.47417729693535,341316000
2008-10-30,28.274911880493164,28.464330732505307,27.53445995108157,28.12854187182481,255292100
2008-10-31,28.317956924438477,28.782892252770328,27.629165670103752,27.870241788016962,224261000
2008-11-03,28.2576904296875,28.6623567648398,27.99078235775912,28.249081975168036,128455500
2008-11-04,29.05840492248535,29.282260818967675,28.395442401235105,28.808717099336167,182487600
2008-11-05,27.543066024780273,28.929258612898266,27.482796996019648,28.86898958413764,183893900
2008-11-06,26.31184959411621,27.43974749020526,26.174091348247106,27.11257042461027,220677200
2008-11-07,26.854270935058594,27.10395711021674,26.337676753294073,26.621803306933415,176946200
2008-11-10,26.49266242980957,27.525849434176482,26.174095410416385,27.525849434176482,142584500
2008-11-11,25.91579246520996,26.484045583343885,25.588615432219118,26.24296785599314,162869800
2008-11-12,24.71900749206543,25.65748616839338,24.66734858243656,25.528338073217643,184946400
2008-11-13,26.225751876831055,26.28602255000063,23.487805341808073,24.632921856703174,317943900
2008-11-14,24.95147705078125,26.19130247680604,24.856769315896948,25.64026968399825,259407000
2008-11-17,24.42628288269043,25.166733040493952,24.331573473235636,24.5296007455431,202835200
2008-11-18,24.400461196899414,24.753467030126284,23.582519890324924,24.589878440369706,252661800
2008-11-19,23.126184463500977,24.77928479579202,23.065915445700963,24.45210778172399,244180600
2008-11-20,22.006906509399414,23.63417891607842,21.92941726897621,22.84206795791433,342472400
2008-11-21,22.962604522705078,22.971214620203888,21.567799929853496,22.39435122544915,282746800
2008-11-24,24.366012573242188,24.658749259327035,23.22950621183412,23.43614358279851,225058200
2008-11-25,24.254087448120117,24.658752141616134,23.69444429773387,24.632923493606455,202968700
2008-11-26,25.270051956176758,25.278662051581634,23.944126823565668,24.00439584919203,164912000
2008-11-28,25.072023391723633,25.132292414232786,24.822335564519772,24.985924084335828,41238200
2008-12-01,23.186460494995117,24.54682460186313,23.152020107430022,24.538214504971858,149161500
2008-12-02,23.961349487304688,24.013008422857627,23.108969660745384,23.505024236997848,181743000
2008-12-03,24.641529083251953,24.719016655316057,23.3069938925096,23.35865282128825,230944900
2008-12-04,23.944129943847656,24.77929124266933,23.522245067277368,24.254086849984194,188868700
2008-12-05,24.917049407958984,25.02897737796723,23.20367961861067,23.67722343033416,212283700
2008-12-08,25.898574829101562,26.225750252142493,25.347541846208284,25.476689996297917,185782500
2008-12-09,25.838300704956055,26.544311985570754,25.459464782842982,25.554174173923126,178148300
2008-12-10,25.75220489501953,26.225748630129683,25.502518705916565,25.915793417526267,162335100
2008-12-11,25.046194076538086,26.062162330191654,24.917045931560104,25.66610615775705,167161400
2008-12-12,25.554182052612305,25.709160506813518,24.51238335615304,24.701802196713636,158600100
2008-12-15,25.106462478637695,25.62305668794373,24.74484669634424,25.597226402705726,107887000
2008-12-16,26.31184959411621,26.397948908336357,25.054805190008683,25.33032168174689,169300100
2008-12-17,25.9932804107666,26.34628606872053,25.674713488067706,26.044939334752947,159813500
2008-12-18,25.536956787109375,26.174089028334393,25.27866050955058,25.993281962484772,142656400
2008-12-19,25.74648094177246,26.186223436910044,25.574032324019402,25.80683746460846,118308900
2008-12-22,25.186025619506836,25.79821677768431,24.780773475778105,25.746482846368135,95379600
2008-12-23,25.056692123413086,25.539547672522314,24.910111268253527,25.28949730124159,68764800
2008-12-24,25.12566375732422,25.186020271809717,24.987705540045468,25.17739932224751,27194700
2008-12-26,25.117048263549805,25.20327258487184,24.979090007271406,25.177406439689726,20937000
2008-12-29,24.910114288330078,25.211898631963326,24.539350807117145,25.186030838648808,52688300
2008-12-30,25.42745018005371,25.513674484480397,24.953218972594655,24.97908511270839,77089500
2008-12-31,25.64301300048828,25.936174681728318,25.39296429860237,25.40158524988119,89189700
2009-01-02,26.75530433654785,26.84152700973818,25.59990275420308,25.65163668703569,107891500
2009-01-05,26.74667739868164,27.013971260285995,26.375914043615577,26.582851385947187,91751900
2009-01-06,27.01398468017578,27.272656075443994,26.824292433285265,26.94500553179808,136791700
2009-01-07,26.2465877532959,26.643217389472778,26.031027739393053,26.49663651423515,133879800
2009-01-08,26.522497177124023,26.5569859148878,25.936173833812273,26.194845123112422,131926600
2009-01-09,25.927560806274414,26.548374761040943,25.798225113895572,26.531129563499082,117137900
2009-01-12,25.453323364257812,25.996533801572898,25.17740684723477,25.962045059241103,102726200
2009-01-13,25.46194076538086,25.84994767154813,25.160156519745097,25.444695575437827,186266700
2009-01-14,24.685928344726562,25.246385612004385,24.547970088206768,25.168783887137984,136294000
2009-01-15,25.091184616088867,25.298122021106206,24.20307681387119,24.63419681880539,192567200
2009-01-16,25.36709213256836,25.522295542270715,24.746280138350645,25.436071243036995,175478100
2009-01-20,24.10822296142578,25.37571646438372,24.10822296142578,25.263624374327605,135105800
2009-01-21,25.13429069519043,25.16878107776659,24.228939532261716,24.513478610147192,149179600
2009-01-22,24.798015594482422,25.203267687987495,24.366895716229095,24.591078250271842,200602700
2009-01-23,24.918729782104492,25.306738348244377,24.2634273396193,24.392764624727192,170164100
2009-01-26,25.099809646606445,25.513684496760376,24.789402686694768,24.953228764936206,140398700
2009-01-27,25.280874252319336,25.49643423283992,25.108427254658153,25.108427254658153,110591300
2009-01-28,26.168983459472656,26.427654793041572,25.703373085537933,25.703373085537933,139722800
2009-01-29,25.505050659179688,26.21208696110485,25.41882635891258,25.849946215656384,130731800
2009-01-30,25.056692123413086,25.806841592663098,24.953224251884084,25.69474947981582,140334200
2009-02-02,25.358470916748047,25.530919524590317,24.7807702184458,24.815260597850976,126796100
2009-02-03,25.75510597229004,26.237959845224246,25.030824340592698,25.410208704173545,120541100
2009-02-04,25.78959846496582,26.6173497264618,25.68613058514901,25.815466257216173,175780900
2009-02-05,26.35867691040039,26.531125570681116,25.401589970567752,25.418835165514285,217578900
2009-02-06,27.048471450805664,27.16918453313686,26.36730101286844,26.453525347930324,164513200
2009-02-09,27.16054916381836,27.307129971121043,26.893255330945802,27.065702275389672,98856900
2009-02-10,26.160354614257812,27.31575603148123,25.953417267909238,26.988103999652107,232795200
2009-02-11,26.039644241333008,26.324183327289518,25.634390457527793,26.19484603355219,169117200
2009-02-12,26.35867691040039,26.39316730029346,25.55679343590194,25.737864693655933,201151400
2009-02-13,26.23795509338379,26.53973932603488,26.11724205816006,26.28106642179462,145066700
2009-02-17,25.194637298583984,25.582645726810192,25.056679111790512,25.42744235551971,157783300
2009-02-18,25.21189308166504,25.582656481255878,24.892865257313854,25.35847392232672,161271900
2009-02-19,24.823883056640625,25.530919384653348,24.76352489301239,25.367093372560316,155322400
2009-02-20,24.892866134643555,25.134292249236136,24.478989741099586,24.5479688659249,210752400
2009-02-23,24.021989822387695,25.048053507714293,23.9098977812266,25.03080996988199,169473500
2009-02-24,24.81526756286621,24.98771457451817,24.108229387938703,24.151342374295893,181337300
2009-02-25,24.65143585205078,25.15153486699045,24.263427286756258,24.668681042639847,220224700
2009-02-26,23.961652755737305,24.96185112294451,23.884051016506362,24.815270242685223,211218500
2009-02-27,23.737464904785156,24.125471870835188,23.61675020114534,23.71159711587832,204492600
2009-03-02,22.970073699951172,23.720223244022698,22.823492830171325,23.3839501611246,188180400
2009-03-03,22.952831268310547,23.4184400485144,22.78038259736547,23.159768686689194,158758800
2009-03-04,23.56501579284668,23.892666222767325,23.2114975745407,23.289099295104652,164911000
2009-03-05,22.85797882080078,23.48741352210467,22.780377102054604,23.306343941424927,199626900
2009-03-06,22.676898956298828,23.116641313467632,22.16817750258932,22.978683120386208,218421600
2009-03-09,22.194047927856445,23.11664407085901,22.099201042077706,22.495832127941142,181098800
2009-03-10,23.56501579284668,23.616749725025297,22.55619507010736,22.633796790671312,175068200
2009-03-11,23.92715072631836,24.134088048762546,23.50465348742085,23.806437699373827,173094900
2009-03-12,24.720413208007812,24.798014915536093,23.65985873124365,23.909907398596733,184395100
2009-03-13,24.780773162841797,24.86699747700791,24.41863235901772,24.711794040427307,156783500
2009-03-16,24.366901397705078,24.987713575087653,24.30654486381135,24.944602235047054,190269800
2009-03-17,25.289485931396484,25.289485931396484,24.401378602995273,24.48760288689883,169773800
2009-03-18,25.608530044555664,26.0396500679011,25.073940491986683,25.18603097443585,208033900
2009-03-19,25.59128761291504,25.979294689077335,25.40159372961598,25.962051136171326,146753400
2009-03-20,25.201763153076172,25.93587926239043,25.029029369480543,25.642232818664727,149410800
2009-03-23,26.687274932861328,26.72182235821483,25.219043948887624,25.82360906676671,179499000
2009-03-24,26.194988250732422,26.670003865270953,26.177714536342496,26.46272423452803,118757600
2009-03-25,26.315889358520508,26.816815323868635,25.61632070717308,26.419529951870036,190555200
2009-03-26,27.127735137939453,27.170917757062877,26.272706430267334,26.600898618614796,182459500
2009-03-27,26.618179321289062,26.92909953209363,26.523175557473945,26.773639426691346,156108100
2009-03-30,25.961793899536133,26.186347208783868,25.58178212755856,26.169073497154393,162919700
2009-03-31,26.186344146728516,26.73045446824967,26.14316152001613,26.16043522962573,150243800
2009-04-01,26.574995040893555,26.66999715149866,25.728603016598434,25.8581525472866,137950000
2009-04-02,27.430017471313477,27.87048708994657,26.97227414669996,27.050004176300583,212272400
2009-04-03,27.939590454101562,27.982776384656898,27.490485439554345,27.71503877048394,134577300
2009-04-06,27.87049674987793,27.92231788578043,27.335023210068336,27.628669724268462,160413700
2009-04-07,27.136383056640625,27.568216013208865,26.955012358279728,27.568216013208865,147531200
2009-04-08,27.594120025634766,27.76685382613506,27.196832943408737,27.404112515622124,126126000
2009-04-09,28.449146270751953,28.509602604692038,28.008678224242335,28.11231718319346,131871500
2009-04-13,28.405963897705078,28.56142398482227,28.095043723470692,28.362781272310997,119310500
2009-04-14,28.060504913330078,28.397334067656615,27.870497372069465,28.23323544761381,124069000
2009-04-15,27.98277473449707,28.00868365560326,27.507757530703895,27.861858748546133,124808200
2009-04-16,28.70824432373047,28.872339592121154,28.077765573136144,28.37141199184021,171168000
2009-04-17,28.76870346069336,28.932798745123836,28.440509597209473,28.647787504424503,129835400
2009-04-20,27.844587326049805,28.34551178556019,27.689127215775365,28.25050801876763,123080500
2009-04-21,28.233234405517578,28.276420332118263,27.706401023999746,27.740945152807203,145490200
2009-04-22,28.319604873657227,28.95871577710889,27.97413720529902,28.06914097882872,165040500
2009-04-23,28.59597396850586,28.621882887142128,28.06050211740794,28.500970207341638,181666600
2009-04-24,29.096900939941406,29.30418219100776,28.561429042070248,28.794619214036004,141170000
2009-04-27,29.131437301635742,29.41644850179176,28.803243484837974,28.86369980706092,120749100
2009-04-28,28.915531158447266,29.286907723335403,28.81189218289958,28.950078581837705,108968000
2009-04-29,29.31281280517578,29.710101532895262,29.105534881222592,29.14871750749424,141413600
2009-04-30,29.606464385986328,30.14193958696506,29.399186426259657,29.701468156954288,144120400
2009-05-01,29.68418312072754,29.83100797292885,29.373263005122418,29.59781788622501,100112000
2009-05-04,30.271472930908203,30.306020339123755,29.813731303229776,29.9519176414698,119317400
2009-05-05,30.245576858520508,30.28012428139826,29.90874772202137,30.219667938673982,113569500
2009-05-06,30.25421714782715,30.521954778158268,29.76192782032654,30.478772139620766,178840500
2009-05-07,29.546001434326172,30.46148821988002,29.26099347976453,30.46148821988002,216484700
2009-05-08,29.56328010559082,30.00375151106739,29.260998391733246,29.77056134839572,183507300
2009-05-11,29.666927337646484,29.98648614653111,29.088272668726145,29.183276460847274,142775900
2009-05-12,29.30417823791504,29.779193726526188,28.9500754233551,29.72737259709427,147842200
2009-05-13,28.518245697021484,29.06235608469024,28.466424561892772,29.04508237298067,175548300
2009-05-14,28.837804794311523,29.105542417921853,28.570070465325248,28.587340884607414,140021700
2009-05-15,28.820514678955078,29.209164784108225,28.699602045045694,28.79460577015226,121326400
2009-05-18,29.571918487548828,29.606462615688553,28.83780057963487,29.019169607206816,114333400
2009-05-19,29.710102081298828,30.00374855783878,29.3214518484337,29.50282085889634,129086400
2009-05-20,29.606464385986328,30.26285227924291,29.52009911853751,29.82238084923214,131873700
2009-05-21,29.062349319458008,29.589182578155523,28.76870287799859,29.3819046751388,139253200
2009-05-22,28.967344284057617,29.338720746260105,28.777336802570936,29.174622177840618,83510600
2009-05-26,30.046932220458984,30.081479641153933,28.656429836409313,28.71688617531379,144857200
2009-05-27,29.83965301513672,30.392398605258865,29.736014040644715,29.96056570114799,121348800
2009-05-28,30.185110092163086,30.288749030383784,29.545996168120155,30.021011537472667,118931300
2009-05-29,30.556489944458008,30.66012889428232,30.02101489868296,30.202387179154027,111535700
2009-06-01,31.428787231445312,31.52379096423053,30.755129191146416,30.88467704025335,119126200
2009-06-02,31.471969604492188,31.774254505982835,31.186961702962485,31.25605322969419,126858600
2009-06-03,31.376985549926758,31.411529684017925,31.03151785202197,31.376985549926758,93329800
2009-06-04,31.731077194213867,31.774259817467524,31.38560961893866,31.446065950418376,89280600
2009-06-05,31.765621185302734,32.02472351300422,31.45470102775932,31.92108126407444,121958800
2009-06-08,31.670608520507812,31.91243707196449,31.195593211173165,31.56696959538182,89194100
2009-06-09,31.912450790405273,32.102455019044434,31.670622134991927,31.81744702877397,109187800
2009-06-10,31.800159454345703,32.102441023549325,31.34241785108821,32.09380581926723,133404700
2009-06-11,31.800159454345703,32.154262133107956,31.73970314050498,31.756976843691188,147909800
2009-06-12,31.65336799621582,31.71382436750217,31.26471754178562,31.67063842119037,109452500
2009-06-15,31.005599975585938,31.376976490488012,30.729227214908555,31.35106427912107,112152900
2009-06-16,30.703311920166016,31.256057386011392,30.677403006024157,31.12650952067924,110550300
2009-06-17,30.99696159362793,31.273334355375592,30.6169498698807,30.83286629591001,153421800
2009-06-18,30.936506271362305,31.143787496775,30.720589838259762,30.94514477367546,126266700
2009-06-19,31.268564224243164,31.44151048329348,31.05238222509915,31.173443616831715,122044700
2009-06-22,30.33465576171875,31.035083236782974,30.282770901142655,30.983201674881975,137714900
2009-06-23,30.265472412109375,30.490300184325317,30.066585417813624,30.421123676979917,114903100
2009-06-24,30.775663375854492,31.01778611090214,30.507596562998263,30.524891515312362,103314600
2009-06-25,31.38097381591797,31.44150450026582,30.50759685831342,30.57677666823948,112538200
2009-06-26,31.450151443481445,31.562566989263996,31.173438791305188,31.23396947780156,87677300
2009-06-29,31.519336700439453,31.778754444331533,31.23397487308526,31.53663165652234,93817600
2009-06-30,31.45880699157715,31.76146048584469,31.225330025138323,31.605809174885472,97843000
2009-07-01,31.47610855102539,31.856587780586622,31.467459421560147,31.614464934381875,85976000
2009-07-02,30.78431510925293,31.216679104038366,30.69784362976604,31.208033275559877,113309800
2009-07-06,30.620027542114258,30.73244313949765,30.3000790096747,30.59408674990137,107632500
2009-07-07,29.85904884338379,30.68919000960043,29.841753892142332,30.628656030918002,149773000
2009-07-08,30.01471710205078,30.15307349165363,29.6601786475262,30.04066119294143,152776400
2009-07-09,30.066587448120117,30.2741202828451,29.962821030757624,30.127118133137813,97851500
2009-07-10,30.196300506591797,30.38654172424674,29.885001194077667,29.980118504229566,108482000
2009-07-13,30.775663375854492,30.78430920267411,29.815814963808652,30.222238096502803,127140300
2009-07-14,30.888086318969727,30.948617017237982,30.611373612978955,30.741080838407076,115631700
2009-07-15,31.92576026916504,31.934409397532065,31.251273398279455,31.406924722126277,160869700
2009-07-16,32.30624008178711,32.37541660963207,31.752814664324703,31.778755449932103,120142500
2009-07-17,32.47917938232422,32.48782520944684,32.14193274839217,32.29758402599928,104906500
2009-07-20,32.79048538208008,32.859665207987526,32.52242180337786,32.65212902894084,97168800
2009-07-21,33.015323638916016,33.015323638916016,32.54836960934705,32.92020300711385,130587600
2009-07-22,33.29201889038086,33.456315977901426,32.97207054155675,33.04124704731686,113808600
2009-07-23,34.02702713012695,34.14809175572558,33.196889489493216,33.257420152955646,160239300
2009-07-24,33.76762390136719,34.044336566014856,33.534146972069124,33.6638574767931,109312300
2009-07-27,34.02702713012695,34.07891196966922,33.611958309810085,34.00973548228662,94718600
2009-07-28,33.793556213378906,34.234565838249644,33.663845753824795,33.880027653965634,111564300
2009-07-29,34.018394470214844,34.09622011030735,33.72438686305149,34.00109951700817,126538200
2009-07-30,34.217288970947266,34.7447736138037,34.16540409997465,34.37294028518935,108969900
2009-07-31,34.113521575927734,34.459410810067766,34.07893166291103,34.21728801630218,78208300
2009-08-03,34.62369918823242,34.64099413871699,34.27780677588998,34.4766937584508,111722800
2009-08-04,34.62369918823242,34.75340636885495,34.39022230470245,34.45939880796623,100690800
2009-08-05,34.35563659667969,34.710174878196916,34.122159684654946,34.7015290512367,118093000
2009-08-06,34.05299377441406,34.52859357348872,33.931932367232434,34.4334729539386,116937500
2009-08-07,34.4853630065918,34.64966018405732,34.23459102624197,34.51994962906908,107442100
2009-08-10,34.243221282958984,34.4594032438329,34.01839349506708,34.36428595193533,87163200
2009-08-11,33.949222564697266,34.15675875284074,33.767630461744105,34.130817966326234,91922700
2009-08-12,34.476715087890625,34.77937196060125,33.89734873226068,33.923289524698866,147240000
2009-08-13,34.666927337646484,34.72745800177451,34.277799283485066,34.684222284350746,110107000
2009-08-14,34.269168853759766,34.55452735588347,33.966512098487335,34.476701710090595,124480200
2009-08-17,33.27471923828125,33.733023832551794,33.25742428961596,33.689788110225656,131797200
2009-08-18,33.75032424926758,33.81950405513688,33.387140164477856,33.48226074821079,84496200
2009-08-19,33.98381423950195,34.070289030155976,33.32662232391123,33.352563111769456,88036300
2009-08-20,34.38157272338867,34.45075252440796,33.897327310951525,33.96650381329634,81473500
2009-08-21,34.83989715576172,34.90042786097872,34.36429734390984,34.580479376449425,114660200
2009-08-24,34.805301666259766,35.08201435971239,34.67559114803331,34.90042227313576,109904900
2009-08-25,34.909053802490234,35.24629705332973,34.80528740961827,34.88311302894078,92900400
2009-08-26,34.84855270385742,35.10797055551354,34.65831470527064,34.83125774059008,96407500
2009-08-27,34.935020446777344,34.995551156618674,34.30376596070127,34.839899817404884,121957800
2009-08-28,34.9695930480957,35.52302164269177,34.72747030579896,35.36737036587959,114300900
2009-08-31,34.61505126953125,34.762056704434066,34.407518453835614,34.710171851172845,96415300
2009-09-01,33.96651840209961,35.09931339027353,33.862751954676895,34.494003066068565,162958900
2009-09-02,33.94059371948242,34.13083504558879,33.7590015256595,33.78494232515493,92757200
2009-09-03,34.1654052734375,34.21729014619218,33.74169035797316,34.10487457122831,76783100
2009-09-04,34.900421142578125,34.9177160976931,34.174049521126065,34.225934386470996,74866600
2009-09-08,35.22900390625,35.26359050328802,34.986877934939756,35.177119062681946,71024400
2009-09-09,35.53166961669922,35.70461585679323,35.09930566580177,35.254956952018865,99280800
2009-09-10,35.8689079284668,35.9121436577438,35.45383898979311,35.54895957340734,99289100
2009-09-11,35.903507232666016,35.98997871386252,35.64408949040095,35.89485810534103,93868400
2009-09-14,36.0418586730957,36.06779945418656,35.635435509738365,35.670025416976245,90435600
2009-09-15,36.15427017211914,36.27533153521478,35.94673405061607,36.015913857342014,91594600
2009-09-16,36.6817626953125,36.73364756639826,36.18022213618654,36.31857849373947,96888500
2009-09-17,36.673099517822266,36.88928143040049,36.500153328024844,36.58662807226066,102169600
2009-09-18,36.734561920166016,36.890363818613,36.53548245034311,36.82112036478492,87444200
2009-09-21,36.84709548950195,36.95961984479721,36.49221403221804,36.52683741875009,71351400
2009-09-22,36.91633987426758,37.07214180171438,36.734568757667866,37.05483010956833,75638400
2009-09-23,36.74321365356445,37.3664178477557,36.68262440276622,37.07212908780234,143924100
2009-09-24,36.41429901123047,36.950948087913794,36.15463031618154,36.89035883579793,111016400
2009-09-25,36.094051361083984,36.431621091137146,35.99018451380629,36.14598313378906,109216000
2009-09-28,36.70860290527344,36.92499410450326,36.25850881465127,36.29313219897629,84478500
2009-09-29,36.54414749145508,36.89037143581864,36.37968806365473,36.70860361738769,106686400
2009-09-30,36.57011032104492,36.87305665976222,36.00749191843571,36.69128885653184,173102700
2009-10-01,35.4881591796875,36.466248393797024,35.4881591796875,36.44027920278562,140119100
2009-10-02,35.38429641723633,35.70455452726076,35.2458061559932,35.2458061559932,145286400
2009-10-05,35.66994857788086,35.83440811355666,35.34103611026904,35.56608165662817,97054200
2009-10-06,36.3017692565918,36.47488279462484,35.85167537845234,35.86898706244226,124628000
2009-10-07,36.40565872192383,36.42297041512051,36.154644123373714,36.25851098068595,93787600
2009-10-08,36.56146240234375,36.890374683162094,36.47490393223259,36.62205168048755,107850400
2009-10-09,36.769187927246094,36.82977719187833,36.405652339452715,36.48355329424662,62828000
2009-10-12,36.84709548950195,37.10676428475665,36.596080889946336,36.91634226256607,53221900
2009-10-13,36.855751037597656,37.00289546977395,36.673979918853,36.81247015578797,70939300
2009-10-14,37.35776901245117,37.40104658324613,37.08944279053524,37.314491441656216,91004900
2009-10-15,37.27122116088867,37.32315293525336,37.10676173708676,37.1586968133191,85772800
2009-10-16,37.028865814208984,37.210636954831855,36.769197001435295,37.13273598081294,111859300
2009-10-19,37.40105056762695,37.45298563923381,36.864401368492175,37.05482666251663,83512000
2009-10-20,37.409698486328125,37.61743211583761,37.16733818274505,37.61743211583761,89847900
2009-10-21,37.340450286865234,37.92903438398421,37.27120684701579,37.40103953493339,110397400
2009-10-22,37.48760223388672,37.64340411863496,37.03750826704364,37.27121109416601,85871800
2009-10-23,37.331825256347656,37.85116301742467,37.23661256304745,37.85116301742467,117020400
2009-10-26,37.21063995361328,37.877122082758824,37.03752629719033,37.39240780701661,107068600
2009-10-27,36.64800262451172,37.314487714150374,36.509512430682044,37.15868583335865,121438200
2009-10-28,35.82571792602539,36.63069326054249,35.74781698068932,36.51816893908664,143553600
2009-10-29,36.43162536621094,36.51818053212126,35.955565349968346,36.033466320034805,85207600
2009-10-30,35.45353698730469,36.4835613162694,35.418913599368324,36.40566034434659,162796500
2009-11-02,35.60066223144531,35.98150935240271,35.17653425199187,35.488137942714246,142456600
2009-11-03,35.71320343017578,35.765138508644114,35.349667786500845,35.41025706044667,95107000
2009-11-04,35.7737922668457,36.24119471673573,35.730511388378666,35.946902573244074,107970600
2009-11-05,36.65666580200195,36.699946680949004,36.16329415918637,36.1892633469281,135204800
2009-11-06,36.8730583190918,36.91633919959977,36.422967538990775,36.45758762078251,96312300
2009-11-09,37.660736083984375,37.66939358403914,37.115432447811465,37.15871004247885,101620800
2009-11-10,37.75592803955078,37.88576405412177,37.56550606721154,37.617437831546326,72846500
2009-11-11,37.998287200927734,38.20602085555524,37.747272674874836,38.041564770486225,84676200
2009-11-12,37.78190231323242,38.223338878879645,37.695343857902365,38.02425938442169,92426100
2009-11-13,38.093505859375,38.20603020926914,37.76459360871169,37.894426349173195,87959500
2009-11-16,38.48299789428711,38.64745726682676,38.18870582443714,38.257952571162605,87776100
2009-11-17,38.604190826416016,38.604190826416016,38.30124445094103,38.37914541918715,81884000
2009-11-18,38.38778305053711,38.50896485030513,38.12811436905278,38.482995670850194,100240800
2009-11-19,37.790565490722656,38.15410448578793,37.52223916821896,38.128135292082256,114558000
2009-11-20,37.60013198852539,37.69534464043128,37.461641758989785,37.591477793746456,70912100
2009-11-23,38.206024169921875,38.431072834136,37.96366711787638,37.98963300149063,91621500
2009-11-24,38.07619857788086,38.21468881952766,37.85114987153742,38.18871962918477,60670000
2009-11-25,38.24064636230469,38.27526974062708,38.09349865536806,38.206022983982294,37630100
2009-11-27,37.660736083984375,37.93771995396704,37.13274414605218,37.19333343896029,61230000
2009-11-30,37.70399856567383,37.755930333163384,37.31449380016607,37.57416254321551,84819400
2009-12-01,38.093505859375,38.344520446882036,37.98098481134858,37.98963900663226,81817800
2009-12-02,38.14543533325195,38.50897421725056,38.067534379671336,38.22333628683256,81653600
2009-12-03,37.98963928222656,38.517634348789706,37.9809850868801,38.28393145202236,72460400
2009-12-04,38.18870544433594,38.716700326329146,37.79054656022737,38.47434331893551,125062600
2009-12-07,38.0069580078125,38.335873623594054,37.92905702780814,38.162759967821216,67471900
2009-12-08,37.77323532104492,38.08483907816493,37.53087831078119,37.79054700775899,86621400
2009-12-09,38.15409851074219,38.18871859381441,37.49626740435409,37.73862449519827,78820500
2009-12-10,38.34452819824219,38.55226524758951,38.292596412306644,38.31856230527442,76722400
2009-12-11,38.19737243652344,38.595531419636565,38.04157052106745,38.552253843535986,66643700
2009-12-14,38.560909271240234,38.604186848724886,38.24930543036273,38.45704242490357,47965500
2009-12-15,38.34452819824219,38.66478631836211,38.232003825601204,38.43974087494853,61171100
2009-12-16,38.396453857421875,38.69074601230771,38.33586458746311,38.49166651074782,61629700
2009-12-17,37.929039001464844,38.266608653759256,37.877103938855406,38.22333108585145,90440900
2009-12-18,38.547218322753906,38.56455889917872,38.148394987113605,38.287116291135305,96442600
2009-12-21,38.98073196411133,39.12812524464249,38.72929850797893,38.7466390884754,82357400
2009-12-22,39.214813232421875,39.26683495851318,39.04141078616077,39.11077308761584,51569100
2009-12-23,39.50092697143555,39.50959560525502,39.197471869729725,39.292843378626515,73932200
2009-12-24,39.86507034301758,39.86507034301758,39.53560602240748,39.5442779638685,31770400
2009-12-28,40.07316207885742,40.14252108774559,39.83039727930563,39.960449968614704,49381400
2009-12-29,39.90843200683594,40.099175087233334,39.8737541527999,40.08183450652652,32410200
2009-12-30,40.029823303222656,40.10785428325808,39.84775211893283,39.865092704204976,57612700
2009-12-31,39.6656379699707,40.12515140612625,39.6656379699707,40.107810839636905,50079200
2010-01-04,40.246559143066406,40.30725282030277,40.11650976795818,40.16853150242773,62822800
2010-01-05,40.246559143066406,40.31592145569248,40.02113824178588,40.22054992952018,62935600
2010-01-06,40.0037956237793,40.35926918941906,39.94310525701472,40.22921982094223,96033000
2010-01-07,40.029823303222656,40.11652622958338,39.81307094838854,40.064504473766945,77094100
2010-01-08,40.359275817871094,40.359275817871094,39.82173106365333,39.94311181711759,88886600
2010-01-11,40.19455337524414,40.437314931138914,39.98646967920709,40.411305709401084,104673400
2010-01-12,39.6916618347168,40.003785532125626,39.47490963455801,39.95176712080822,90673900
2010-01-13,40.185855865478516,40.3072398735855,39.544271216650365,39.8130418233043,100661000
2010-01-14,40.22055435180664,40.33326646852826,40.07316438233623,40.10784223508502,75209000
2010-01-15,39.75236129760742,40.3592682586333,39.57896214363734,40.28990925852064,126849300
2010-01-19,40.393951416015625,40.4373012066584,39.839066158083234,39.84773479326098,84388200
2010-01-20,39.81304168701172,40.40260792343751,39.388209235907745,40.10782480522461,145680000
2010-01-21,39.44023132324219,40.1858561046523,39.275497536375994,39.925754129055655,204939600
2010-01-22,38.287105560302734,39.431556824567494,38.18306543829026,39.31017613099029,171098700
2010-01-25,38.41718673706055,38.66861694312032,38.25245283848746,38.521226936374184,154218700
2010-01-26,38.45184326171875,38.92002885990221,38.191741254075644,38.37381232868817,140816500
2010-01-27,38.755306243896484,38.885355620485036,38.15706786650687,38.382492077730454,161632700
2010-01-28,37.758243560791016,38.52121245277151,37.55883187567578,38.495203239566884,221439800
2010-01-29,37.09931564331055,38.1657363089384,36.96059433657953,38.07036479042767,212099600
2010-02-01,37.50682067871094,37.52416126151121,37.17735952763974,37.19470011044001,136827100
2010-02-02,37.844947814941406,37.95765661447655,37.307399801899386,37.56750517283199,110727700
2010-02-03,38.05302810668945,38.12239042083951,37.645532779500805,37.66287335803832,93581600
2010-02-04,36.951934814453125,37.85362526496104,36.951934814453125,37.77559429698674,151652500
2010-02-05,37.26405715942383,37.29873832318641,36.518428675417276,37.04730484697438,213618600
2010-02-08,36.99527359008789,37.43745004593567,36.96926437764166,37.20335721178866,94354400
2010-02-09,37.376739501953125,37.72354094107497,37.073284521924435,37.43742983648383,118956000
2010-02-10,37.298728942871094,37.55016235584975,37.06463610741272,37.376759888023884,94102900
2010-02-11,37.86228942871094,37.96633291196806,37.07331120458769,37.30740408084987,93050800
2010-02-12,37.94031524658203,38.044358715741346,37.42011113029392,37.52415129207612,93938500
2010-02-16,38.425846099853516,38.4518553165589,38.018350732122485,38.21776575145544,83861400
2010-02-17,38.64259719848633,38.64259719848633,38.373823173781695,38.599247402857166,82691700
2010-02-18,38.885353088378906,38.95471539727783,38.53855146601505,38.61658240983788,65752600
2010-02-19,38.86802291870117,39.058762688262526,38.68594847826972,38.781320016739166,80416500
2010-02-22,38.78997802734375,39.04140808427659,38.63391616724677,39.024067510112886,72055000
2010-02-23,38.287105560302734,38.789972213552076,38.10503451993694,38.76395970251708,95814400
2010-02-24,38.6772575378418,38.83331936400008,38.4258242282117,38.486514570898194,86591000
2010-02-25,38.668609619140625,38.75531252496205,38.00101543489283,38.269786174495074,97961300
2010-02-26,38.80733871459961,38.894041637743875,38.49521811341528,38.65994870632187,66222400
2010-03-01,39.370887756347656,39.44025008009441,38.9720643169367,38.98073295371623,77290100
2010-03-02,39.49228286743164,39.75238506125054,39.405583238618284,39.509623454670084,76368500
2010-03-03,39.535614013671875,39.72635707584964,39.38822405280889,39.587635750823246,65735500
2010-03-04,39.6656379699707,39.71765966943874,39.36218632484437,39.561597878409515,54470900
2010-03-05,40.26389694213867,40.35059982693688,39.87374553636581,39.96044511378714,68136300
2010-03-08,40.341922760009766,40.43729426748402,40.263891827292326,40.28123240204914,58712400
2010-03-09,40.56734848022461,40.79276934595515,40.229215527940504,40.25522473738495,98002800
2010-03-10,40.89683151245117,40.99220307493676,40.576038962854675,40.59337954761372,102578900
2010-03-11,41.052886962890625,41.052886962890625,40.73209446412513,40.80145679217056,67510300
2010-03-12,41.061553955078125,41.20894392333093,40.83612972349715,41.182934707139836,64068300
2010-03-15,40.9575080871582,41.07888882234003,40.671393519335055,40.974845357289624,60150500
2010-03-16,41.21762466430664,41.27831505329101,40.948850579248614,41.08757194083834,74950600
2010-03-17,41.33033752441406,41.52975260179928,41.20895673461677,41.27831907586006,75643500
2010-03-18,41.469058990478516,41.512408796704044,41.26964392856032,41.3650154866834,77829400
2010-03-19,41.21821594238281,41.61746506697675,41.0706653375238,41.59142477735,86337100
2010-03-22,41.5914192199707,41.756328892243324,41.00990470022942,41.05330076259847,71902800
2010-03-23,41.877838134765625,41.92123419603989,41.461229986899625,41.65217662959509,59182600
2010-03-24,41.6782112121582,41.80839938850917,41.582737896289935,41.80839938850917,62995700
2010-03-25,41.61746597290039,42.1816214931746,41.57406990378819,42.02539299564443,76294800
2010-03-26,41.66085433959961,41.94727430241983,41.43519283539263,41.79104583377375,78067900
2010-03-29,41.86048126220703,42.00803185143265,41.74764884820008,41.86916246146541,57993300
2010-03-30,41.999366760253906,42.13823620348195,41.71294998211862,41.99068886857471,49437300
2010-03-31,41.799739837646484,42.05144172427707,41.721625573206246,41.869176210886025,59947400
2010-04-01,41.799739837646484,42.26842542428788,41.47860488868486,41.97332745983683,83728600
2010-04-05,42.190284729003906,42.28575802694311,41.78235456904786,41.89518694942204,56220300
2010-04-06,42.311798095703125,42.44198956805258,41.99934121078979,42.09481451572516,54097100
2010-04-07,42.207672119140625,42.415974626251206,41.98200720704407,42.25106819887961,77211500
2010-04-08,42.30311965942383,42.37255268244278,41.86915250510884,42.086136082266336,68314300
2010-04-09,42.55482482910156,42.57218391533092,42.20765303723597,42.311804243704934,54227300
2010-04-12,42.58953857421875,42.70237096752662,42.47670618091088,42.57217948979394,44280600
2010-04-13,42.80652618408203,42.832563157711554,42.40727713752944,42.54614651506543,59376000
2010-04-14,43.318626403808594,43.32730429514272,42.96277326275545,43.03220963706268,69004800
2010-04-15,43.50956344604492,43.561637404285925,43.28389859064116,43.28389859064116,72254200
2010-04-16,42.988800048828125,43.50088159967566,42.70238335003287,43.35333430564036,127388000
2010-04-19,42.96276092529297,43.10163032312024,42.44200151116761,42.83256941630783,98251700
2010-04-20,43.17973327636719,43.29256566725882,42.901994553331434,43.197092360420264,69543700
2010-04-21,43.422760009765625,43.56162939104272,43.15370244592654,43.47483726933474,74748700
2010-04-22,43.665794372558594,43.70919044381034,42.75446032173195,43.006162170263266,110477200
2010-04-23,43.848052978515625,43.89144904295844,43.47484086467393,43.65710632187825,77205200
2010-04-26,43.75258255004883,43.960888308451004,43.65710921540232,43.89145195201438,67361000
2010-04-27,42.82388687133789,43.769935575833415,42.71105446321258,43.57898893299169,112608000
2010-04-28,42.84991455078125,43.07557931807985,42.51142071073987,43.049539038218306,130082100
2010-04-29,43.596351623535156,43.68314706423226,43.05823313484323,43.09295131112207,84180200
2010-04-30,42.737098693847656,43.64842930906055,42.70238051723386,43.57899295583297,110897000
2010-05-03,43.335960388183594,43.54426276859609,42.90199323293313,42.91935231645195,74169700
2010-05-04,42.0340576171875,42.80651859980174,41.7302819423077,42.80651859980174,141136500
2010-05-05,41.81708526611328,42.094824046495916,41.348399832627294,41.591420437735245,128560200
2010-05-06,40.419715881347656,41.93860149989791,37.00873248453073,41.53067115999675,274356800
2010-05-07,39.41291046142578,40.619339038165194,38.432143426222204,40.115938686627814,288200400
2010-05-10,41.46124267578125,41.487279658332774,41.06199349241938,41.16614473353373,136041600
2010-05-11,41.41783142089844,41.99934589080269,40.9665051269439,41.04461935687655,113016100
2010-05-12,42.198974609375,42.23369278411324,41.57406401862359,41.64349705719269,85462400
2010-05-13,41.530670166015625,42.34653082629142,41.42651893886197,42.016714744245725,102844300
2010-05-14,40.7321662902832,41.24424777697035,40.25480297816304,41.21821080149879,147386100
2010-05-17,40.86235809326172,41.02726445731987,39.98574238891853,40.810280831024066,120969600
2010-05-18,40.29820251464844,41.296328598590264,40.11593704882146,41.209533154691,153072100
2010-05-19,39.9770622253418,40.471784600266155,39.53441379878388,40.15064646777286,159000300
2010-05-20,38.49289321899414,39.30007255771841,38.40610109455581,39.195921346210945,189289800
2010-05-21,38.918174743652344,39.61252153216175,37.746464744974375,37.89401198901096,190631100
2010-05-24,38.76194381713867,39.34346149147942,38.74458473467559,38.900813165936896,113038000
2010-05-25,38.796669006347656,38.848742952258654,37.5208043570157,37.91137550588334,155643000
2010-05-26,38.36270523071289,39.551774558384814,38.293268882077314,39.06573005065778,140203200
2010-05-27,39.812164306640625,39.8295233981871,39.135176290868934,39.23064963892046,110671600
2010-05-28,39.57780456542969,39.91630173906985,39.23063281609837,39.88158357086469,128535300
2010-06-01,39.213287353515625,40.14197715470869,39.169891283638066,39.43027101381135,104242700
2010-06-02,40.14197540283203,40.16801238144068,39.16988957418519,39.43894718222861,97249300
2010-06-03,40.52384948730469,40.59328581747657,39.99441236882313,40.254791985154775,98928400
2010-06-04,39.135154724121094,40.17667646658673,39.00496326472301,39.66459513634399,112849900
2010-06-07,38.4234504699707,39.45629105772514,38.380054418720036,39.33478078986067,88436600
2010-06-08,38.35403060913086,38.60573244973895,37.83327114868672,38.49290001930982,133030100
2010-06-09,38.032875061035156,38.97892343868453,37.92004269189181,38.62307056145345,101949200
2010-06-10,39.11781311035156,39.16120917922749,38.397429096469246,38.50158032395304,76892300
2010-06-11,39.49102783203125,39.525746013754265,38.71856649868845,38.71856649868845,74346800
2010-06-14,39.48234558105469,40.133296517374575,39.41290922527822,39.85555440517636,68085000
2010-06-15,40.54121780395508,40.59329506344567,39.44762184191028,39.69064243105197,76332600
2010-06-16,40.70613479614258,40.91443724977892,40.35895962553827,40.42839598402225,78399700
2010-06-17,40.83631134033203,40.94914373519311,40.48045838199189,40.93178465052934,77111900
2010-06-18,40.870235443115234,41.16589259815698,40.748494847012594,40.9137137535544,75921400
2010-06-21,40.522396087646484,41.461543371045764,40.28761258397861,41.391975431305696,95488100
2010-06-22,40.20935821533203,40.99197778817547,40.13109592632943,40.69632062051925,94493400
2010-06-23,40.044132232666016,40.40935731951966,39.73108310598641,40.25283275617985,92397600
2010-06-24,39.4354248046875,39.99195841194079,39.304989883867066,39.87021450845333,114145900
2010-06-25,39.44328308105469,39.783085514714784,39.164470657348645,39.65239073698109,88740300
2010-06-28,39.30387496948242,39.68724120262198,39.04248875035517,39.44328117459737,71350000
2010-06-29,37.7878303527832,38.73753618319349,37.5264441283147,38.70268380027605,136384200
2010-06-30,37.2127571105957,38.04919385896039,37.151767138758956,37.66582784688596,101313200
2010-07-01,37.108211517333984,37.430587628542646,36.39375455535537,37.32603384290563,158695000
2010-07-02,37.0036735534668,37.30862361017353,36.672582546394956,37.169217395149545,78565300
2010-07-06,37.11692428588867,37.78781747167777,36.811974348577735,37.55256895273575,88591900
2010-07-07,38.301876068115234,38.345439867507345,37.204053034391734,37.23890540338736,72448400
2010-07-08,38.510986328125,38.66781866233381,38.0579155097112,38.606828679442025,78264600
2010-07-09,38.876922607421875,38.885637360569554,38.40642897228641,38.49355656153626,47851200
2010-07-12,38.99018478393555,39.234144653076584,38.73751016306579,38.842067241586754,60927500
2010-07-13,39.495540618896484,39.64365818597141,39.03375508760018,39.32999354545452,93310500
2010-07-14,39.69593048095703,39.91375274437024,39.417118249684435,39.5739472215343,87687100
2010-07-15,39.73080062866211,39.85278395290256,39.199316815433086,39.61753538456886,95992500
2010-07-16,38.63296890258789,39.7569329324114,38.598116531809254,39.591385833065374,98831900
2010-07-19,38.96406555175781,39.04248173577793,38.42386369575007,38.746243187669194,81800800
2010-07-20,39.434539794921875,39.434539794921875,38.21473715458183,38.33671708624545,89061200
2010-07-21,38.89436721801758,39.870210639525666,38.824665778334314,39.85278777238439,83577000
2010-07-22,39.87892150878906,40.0618915092882,39.417139129327694,39.44327675119736,82890300
2010-07-23,40.1315803527832,40.16642939355573,39.53910345149281,39.60880485674228,81056100
2010-07-26,40.462677001953125,40.480103188135594,40.00089470108576,40.183864670443945,64850900
2010-07-27,40.44526290893555,40.7066524561231,40.26229288486918,40.636947690551445,67655600
2010-07-28,40.122867584228516,40.58465312712621,39.97475001343245,40.40167986642488,51988200
2010-07-29,39.826637268066406,40.43654050655563,39.425844945864014,40.35812432841123,85669500
2010-07-30,39.91376495361328,40.15772489967585,39.269009394255804,39.49554647877532,98958100
2010-08-02,40.66307067871094,40.76762778943205,40.26227839206155,40.41911073443826,68706800
2010-08-03,40.488834381103516,40.68923061800285,40.297149578979585,40.63695203823091,60856600
2010-08-04,40.898311614990234,40.94187873157144,40.51494558448778,40.67177789780796,43820600
2010-08-05,40.802490234375,40.880903101219616,40.53238928387788,40.69793309783727,39150200
2010-08-06,40.741485595703125,40.81990176447749,40.122870999652456,40.35811950597557,71339200
2010-08-09,41.020294189453125,41.11613320266786,40.76761954188555,40.95058946307409,26927600
2010-08-10,40.66307067871094,40.90703394668857,40.323268378129725,40.6892116182437,86694500
2010-08-11,39.556541442871094,40.00960902151171,39.390994324035674,39.99218615777626,92219700
2010-08-12,39.24287033081055,39.41712885315863,38.72880951792138,38.79851093263769,66000200
2010-08-13,38.96406555175781,39.26030409986655,38.95535079591919,39.09475697598768,46387300
2010-08-16,39.03373718261719,39.30383790443331,38.59809278699935,38.77235120998708,55472900
2010-08-17,39.53038787841797,39.8876162976345,39.234149433918574,39.31256559051266,56927100
2010-08-18,39.68724060058594,39.922489191343686,39.30387437326185,39.45199200982818,61835400
2010-08-19,39.086036682128906,39.6088089079346,38.82465056922606,39.451976575451944,82969500
2010-08-20,39.13831329345703,39.23415564710582,38.80722575647651,39.02504807887653,65806700
2010-08-23,38.75495147705078,39.504260880544834,38.73752529049217,39.3822808983398,69612200
2010-08-24,38.03178405761719,38.44128781999982,37.874951697996494,38.310596402786125,79095800
2010-08-25,38.3977165222168,38.563260281202545,37.700685795296955,37.7616757761709,87247900
2010-08-26,37.935943603515625,38.61554831366769,37.90109122768591,38.52842069779888,91199000
2010-08-27,38.3977165222168,38.47613268672682,37.4392996881651,38.214746579594966,109568800
2010-08-30,37.996917724609375,38.554542210092634,37.988202972440135,38.21473999698278,49373200
2010-08-31,37.86623001098633,38.206032286726554,37.62227008454816,37.796528599306015,72066900
2010-09-01,38.9989128112793,39.129607553206846,38.39772431056435,38.42386192946771,83523100
2010-09-02,39.434539794921875,39.451965974260084,38.97275767542279,39.068599999931024,41816800
2010-09-03,40.08802795410156,40.09674271027273,39.68723558657455,39.87020558170137,64041100
2010-09-07,39.81792449951172,40.105448260582726,39.756934510081344,39.922478292291615,51195200
2010-09-08,40.297149658203125,40.471408267412336,39.92249481170061,39.931209570199655,66879800
2010-09-09,40.45397186279297,40.68922042728835,40.358129485734956,40.65436804950259,61476400
2010-09-10,40.602081298828125,40.66307128580687,40.29713136393441,40.497527510251,66995700
2010-09-13,41.16840744018555,41.272961195110824,40.89830663928266,40.91573281905419,64523400
2010-09-14,41.342674255371094,41.56049656090655,41.02029817381591,41.116137196339636,91405800
2010-09-15,41.604068756103516,41.64763256126414,41.11614549667081,41.23812880430795,67108200
2010-09-16,41.769622802734375,41.80447518490383,41.42110895215813,41.525662774960395,66885800
2010-09-17,41.91108703613281,42.04208447119594,41.70148647594877,42.04208447119594,76372600
2010-09-20,42.64469909667969,42.73203075097238,42.01590052500731,42.0682981849873,84475000
2010-09-21,42.635955810546875,42.94161987383379,42.45255737257473,42.67088979820493,82272000
2010-09-22,42.522403717041016,42.81060399396139,42.28660439905716,42.4612709306919,88315900
2010-09-23,42.50495147705078,42.93288446144514,42.19928743926064,42.24295325444663,85040000
2010-09-24,43.36957550048828,43.395774339143856,42.924178585892655,42.98531143041578,79495900
2010-09-27,43.13374710083008,43.448146280318696,43.09881311833402,43.34334766431847,43859800
2010-09-28,43.116294860839844,43.264762671498985,42.4350986265507,43.2385605099185,104922900
2010-09-29,43.04643249511719,43.25602980998502,42.88923284322169,43.05516432844949,81679200
2010-09-30,42.85429763793945,43.5267620561904,42.57483233834025,43.26476375425229,122458600
2010-10-01,42.8018913269043,43.25602321520029,42.60102587599258,43.21235739221752,77675400
2010-10-04,42.339027404785156,42.836825113691,42.094496132056314,42.67962548651139,71359900
2010-10-05,43.36957550048828,43.45690718366698,42.79317772963444,42.81937656829002,99301300
2010-10-06,42.9940299987793,43.4132279453607,42.714564701058364,43.31716112461492,81831200
2010-10-07,43.15121841430664,43.264752203046925,42.79315338657645,43.238550047806385,75693300
2010-10-08,43.448150634765625,43.55294926126895,42.863021361009785,43.168685409764585,83223900
2010-10-11,43.46560287475586,43.68393521590001,43.33460213747451,43.47433470254728,46880000
2010-10-12,43.7625617980957,43.84989345545225,43.02022938460833,43.395761507922,88571700
2010-10-13,44.1206169128418,44.32148234437761,43.9110163186588,44.04201710645923,71122900
2010-10-14,44.03328323364258,44.225416839647636,43.81495080190538,44.1468170309627,68464000
2010-10-15,44.96773910522461,44.97647093469711,44.21667517405376,44.5747401492064,104654000
2010-10-18,44.80181121826172,45.168611410509214,44.80181121826172,44.97647781783252,72399400
2010-10-19,44.382598876953125,44.8017965800646,44.03326579194996,44.382598876953125,105739800
2010-10-20,44.70574188232422,45.03760806950758,44.426276671481844,44.50487647024927,80861400
2010-10-21,44.79307174682617,45.15986854501862,44.3564069881279,44.985201975241765,85885400
2010-10-22,45.09876251220703,45.142428347695734,44.72323033032272,44.80183016679827,47406900
2010-10-25,45.31707000732422,45.61400218883432,45.282136025620005,45.282136025620005,51413900
2010-10-26,45.4393424987793,45.54414445977617,44.906610857254485,45.09001262325482,60498300
2010-10-27,45.579078674316406,45.61401266404317,45.11621497064692,45.20354661347521,57483400
2010-10-28,45.67514419555664,45.80614498760288,45.273413319464694,45.77121099885875,61220000
2010-10-29,45.570343017578125,45.84107641800301,45.56160785513533,45.67514164647329,46668700
2010-11-01,45.60527038574219,46.068133983385394,45.39566982688255,45.736267819977584,60555600
2010-11-02,46.09434509277344,46.22534589342175,45.91968180056069,45.9808146191329,48137500
2010-11-03,46.303924560546875,46.32139154808874,45.72752729761422,46.137993176129996,126225800
2010-11-04,46.87160110473633,47.03753587176363,46.72313666212059,46.810468295248874,84201000
2010-11-05,46.87160110473633,46.99387005519949,46.73186849283812,46.89780325986542,77937100
2010-11-08,46.9327392578125,47.01133906359299,46.679472846798866,46.79300663992367,39623500
2010-11-09,46.679473876953125,47.19473854144347,46.46987327975007,47.11613873392838,66828700
2010-11-10,46.91526412963867,46.95892994050377,46.37379741415045,46.74059755469047,83553700
2010-11-11,46.618350982666016,46.70568264004758,45.989552388753374,46.207884863696464,85163600
2010-11-12,45.8585319519043,46.60959587742515,45.50920214033982,46.37379650558806,99164300
2010-11-15,45.68387985229492,46.18167753706979,45.66641285773405,46.09434256426543,56723400
2010-11-16,44.932823181152344,45.63148642179103,44.408823252056486,45.360752958517054,101097000
2010-11-17,45.06380844116211,45.29960784557082,44.84547602946755,44.95900981636542,77836200
2010-11-18,45.78866958618164,46.103068764176385,45.526671381682,45.55287020268558,71488300
2010-11-19,45.823612213134766,45.9284108484073,45.535411801774615,45.72754540934805,54506100
2010-11-22,46.20787811279297,46.20787811279297,45.56161261552462,45.640212428280385,69918900
2010-11-23,45.47425842285156,45.80612450454369,45.212260287404945,45.73625655829817,76818300
2010-11-24,46.391258239746094,46.50479199809782,45.90219589266919,45.91966288099157,53444200
2010-11-26,46.085601806640625,46.40000098486479,45.99826685075173,46.09433363648555,23640300
2010-11-29,46.05067825317383,46.19914604606382,45.50047956668053,46.024479426217994,89269100
2010-11-30,45.491737365722656,46.05940291795885,45.30833895585727,45.570337160163234,118862100
2010-12-01,46.452396392822266,46.68819576514982,46.1467323906316,46.164199380969315,81758800
2010-12-02,46.92399215698242,46.99386011389546,46.46986043151034,46.52226139919512,56844600
2010-12-03,47.04628372192383,47.10741655222724,46.72315257153584,46.72315257153584,38014200
2010-12-06,47.02880096435547,47.116135929445186,46.880336520935366,47.05500311962652,39312000
2010-12-07,47.05500030517578,47.613930722366156,47.00259932925616,47.59646373039295,59067300
2010-12-08,47.22967529296875,47.29080811000309,46.889073886149134,47.17727430772989,48066900
2010-12-09,47.2733268737793,47.544056887234035,47.116127296907926,47.517858068251364,51679800
2010-12-10,47.587730407714844,47.64012805050311,47.23839724218253,47.413063824948686,44696200
2010-12-13,47.421810150146484,47.80607741598701,47.395611320744266,47.77114342245806,53110200
2010-12-14,47.5091438293457,47.701274125500994,47.36067602666913,47.54407449042645,69884800
2010-12-15,47.2995491027832,47.771148066806354,47.18601527852075,47.48294758940688,76951900
2010-12-16,47.66633224487305,47.73619688207894,47.212200442826344,47.34319788689544,65519400
2010-12-17,47.70832824707031,47.84833787978724,47.612070998685,47.72582986842155,36844200
2010-12-20,47.74333572387695,47.91834527672407,47.39330994199623,47.79583725449379,48159600
2010-12-21,48.03211212158203,48.03211212158203,47.79584518034704,47.92710570484219,35775400
2010-12-22,48.02336120605469,48.09336436860077,47.944605561881794,48.01460872442787,35766500
2010-12-23,47.90085983276367,48.01461540499026,47.78710092244294,47.93585974985962,21664800
2010-12-27,47.92708969116211,48.00584531192616,47.43705434661999,47.76082930870144,29263700
2010-12-28,47.839599609375,48.05836493410364,47.73459318817155,48.023365019098456,24160500
2010-12-29,47.94460678100586,48.0408640527863,47.89210190419096,47.970857550366425,24132700
2010-12-30,47.83084487915039,47.95335291259612,47.7345876134163,47.944603769390085,27553300
2010-12-31,47.65583419799805,47.79584386248867,47.4370688886006,47.76959309355096,38540100
2011-01-03,48.399627685546875,48.73214847980311,48.08460517469951,48.10210679620136,90994300
2011-01-04,48.364620208740234,48.609636212131676,48.05834686640825,48.57463297219213,43851500
2011-01-05,48.77593231201172,48.7934306055048,48.18963933714644,48.21589011548097,43787400
2011-01-06,48.93342590332031,48.9684291561836,48.723413062328426,48.82841948282437,46139600
2011-01-07,48.88966369628906,49.04717496447438,48.408380749319825,49.02092419914124,72261700
2011-01-10,49.073429107666016,49.16093388424287,48.635898548595215,48.784657336394524,55551800
2011-01-11,49.143428802490234,49.31844168141943,48.95966678175644,49.27468929621039,56663800
2011-01-12,49.49348068237305,49.49348068237305,49.17845800165417,49.379721750314616,51979300
2011-01-13,49.510955810546875,49.642212965189124,49.36219369624074,49.52845409402478,47364500
2011-01-14,49.87848663330078,49.8959882572521,49.405952800895506,49.52846083046129,43867400
2011-01-18,50.018497467041016,50.07975148326924,49.432208072258405,49.502211231622006,65805600
2011-01-19,49.449710845947266,50.106006797743966,49.28345040653922,50.106006797743966,67767200
2011-01-20,49.09969711303711,49.30970998579915,48.723420433069485,49.23970680757661,92357800
2011-01-21,48.72341537475586,49.43221625745471,48.69716460290948,49.34470812114333,59673300
2011-01-24,49.39719772338867,49.405946865266486,48.7234003036334,48.819657554754585,64103300
2011-01-25,49.46719741821289,49.48469903883936,49.047168537456,49.15217492312202,55305100
2011-01-26,49.7297248840332,49.86098204873422,49.39720072488945,49.53721037009315,60547700
2011-01-27,50.03599548339844,50.18475427262782,49.808477721162184,49.88723335607577,53656100
2011-01-28,48.76716232299805,50.07100503450319,48.53964787020665,50.02724930219118,123359900
2011-01-31,49.003440856933594,49.14345055442962,48.46965284207545,48.83718038431159,70571300
2011-02-01,49.9222412109375,50.03600010255747,49.3184501795889,49.370951715649205,76952900
2011-02-02,49.8434944152832,50.027256500296666,49.73848798643183,49.81724364259391,48661000
2011-02-03,49.930992126464844,50.00099528504774,49.35345188125854,49.74722674173605,45341900
2011-02-04,50.21100997924805,50.24600988847663,49.79098102566451,49.92223819598183,47647800
2011-02-07,50.44728088378906,50.72730020833804,50.228515577854324,50.307271221514576,45627100
2011-02-08,50.77979278564453,50.81479602956049,50.36851635295774,50.464770266587024,38099900
2011-02-09,50.69228744506836,50.858547844663754,50.53477618730723,50.70103658690263,62540800
2011-02-10,50.77105712890625,50.8410602972385,50.30727570716151,50.359777248887205,70194700
2011-02-11,51.13856887817383,51.17357212290269,50.55227955038454,50.622282701749114,47853500
2011-02-14,51.26108932495117,51.331092488729546,51.08607640836463,51.13857794667498,48506100
2011-02-15,51.19108963012695,51.25234365836333,50.95482266203199,51.138584746741124,39723800
2011-02-16,51.52361297607422,51.66362265788037,51.30484763962124,51.32234926710877,53061700
2011-02-17,51.50611114501953,51.60236842677347,51.23484092717608,51.269844182012804,38361900
2011-02-18,51.3923454284668,51.6023615915745,51.19983089045921,51.50610432257071,44334300
2011-02-22,49.90473937988281,50.86730870682944,49.82598373802439,50.692295798467,92598100
2011-02-23,49.49348068237305,50.07977029741502,49.11720396241381,49.904757326116226,97842900
2011-02-24,49.755985260009766,49.904744076356515,49.12594006584964,49.598473961469736,98716100
2011-02-25,50.44728088378906,50.5085349024033,49.98349616530372,50.036001040441775,54094600
2011-02-28,50.552303314208984,50.79731946630288,50.25478227034009,50.64856061341579,51402800
2011-03-01,49.738494873046875,50.77106769098532,49.61598679940921,50.77106769098532,91993900
2011-03-02,50.000999450683594,50.32477117955195,49.694729347442404,49.71223097306959,61552900
2011-03-03,50.989810943603516,51.07731571878846,50.46477227821423,50.46477227821423,64146600
2011-03-04,50.7272834777832,50.9810486120211,50.39475938776718,50.9722994714305,62328400
2011-03-07,50.04474639892578,50.981061570463446,49.58971419642534,50.937309180204316,98470000
2011-03-08,50.24602127075195,50.47353909179122,49.67723339434209,49.983503532555545,62399100
2011-03-09,49.90473937988281,50.11475553753645,49.63347254310993,50.06225066359965,84764200
2011-03-10,49.12594223022461,49.45846646824758,48.924678526132666,49.34470756138029,102894400
2011-03-11,49.43220901489258,49.58096781768541,48.84591627083629,48.84591627083629,81679400
2011-03-14,49.2571907043457,49.51970836984059,48.880914159835505,49.160933448109155,73565800
2011-03-15,48.55713653564453,48.845904930888196,47.66457391182197,47.81333268007932,101276500
2011-03-16,47.38456344604492,48.42588503125393,47.0520392684959,48.15461486824111,176507700
2011-03-17,47.822078704833984,48.33836476055461,47.36704664402154,48.13709781946503,94434500
2011-03-18,47.714317321777344,48.389065635181524,47.67926467990608,48.389065635181524,94887200
2011-03-21,48.63443374633789,48.87979558563103,47.75813764280027,48.44164753386222,57423000
2011-03-22,48.54679489135742,48.73081623071613,48.44163697503505,48.70452842303735,36162100
2011-03-23,48.818450927734375,48.9586581585313,48.03854799750124,48.371541424195456,60365100
2011-03-24,49.685970306396484,49.79112486170864,48.91482910090025,49.18648199015995,69502400
2011-03-25,49.80867004394531,50.14166349516431,49.71227693889737,49.84372268992716,74131100
2011-03-28,49.53700256347656,50.03649092281523,49.51071475808084,50.027729435284435,37824000
2011-03-29,50.01897048950195,50.01897048950195,49.27411698500743,49.42308902302774,47994800
2011-03-30,50.25556182861328,50.325667095813685,50.01896490881973,50.264326658414895,44935900
2011-03-31,50.32567596435547,50.369490092675214,50.08031417152191,50.1679424281614,50004300
2011-04-01,50.35197067260742,50.737543077385794,50.20300194734609,50.57980951957722,68031800
2011-04-04,50.18546676635742,50.544747952878225,49.96639279060563,50.4921689952885,48659100
2011-04-05,50.05401611328125,50.378247972274465,49.948861551263505,50.089068748221585,55349400
2011-04-06,50.176700592041016,50.58856072512533,49.887524690048245,50.439592030147985,49532100
2011-04-07,50.141639709472656,50.47462965992688,49.78235861560161,50.15916602414962,60697000
2011-04-08,49.905059814453125,50.44836241965241,49.64217167276341,50.36949564286508,42782200
2011-04-11,49.73857116699219,50.203010429141834,49.56331460008789,50.097852477633566,42451700
2011-04-12,49.39680099487305,49.633401298818285,49.20401816198722,49.51072040258084,50422800
2011-04-13,49.817420959472656,49.948866682600936,49.423090475695,49.76484534446422,49979800
2011-04-14,49.72978591918945,49.79989118670474,49.27411170874949,49.475659338651234,53544100
2011-04-15,49.64216995239258,49.83495280012188,49.31793802416772,49.53701202511772,68530000
2011-04-18,49.29163360595703,49.30915992126438,48.47667832958098,49.14266494004884,69065000
2011-04-19,49.59834289550781,49.59834289550781,49.16019497825844,49.42308640285072,38608400
2011-04-20,50.72002410888672,50.7725997405763,50.41331843854402,50.47465890405162,67397500
2011-04-21,51.123104095458984,51.23702350101938,50.9653705624688,51.21073235031858,43666800
2011-04-25,51.25455093383789,51.280838742306024,51.070526246149754,51.16691933427122,25376800
2011-04-26,51.54373550415039,51.72775687991257,51.27208251411746,51.3860019412673,49400000
2011-04-27,51.894248962402344,51.95558941352733,51.40352201059857,51.64012232613947,56465500
2011-04-28,51.81537628173828,51.90300453255152,51.596302311901674,51.73650951888496,48100000
2011-04-29,51.77157211303711,51.955593480817996,51.68394050256707,51.71899314675508,44831200
2011-05-02,51.675167083740234,51.99939561062109,51.54372136978141,51.85042357861419,48149400
2011-05-03,51.42981719970703,51.701470195670126,51.1143534098586,51.64889122595987,38100000
2011-05-04,51.35093307495117,51.58753334453908,50.9215500004719,51.45609097885906,53097200
2011-05-05,51.070526123046875,51.67517245878637,50.89526960994344,51.096817274255365,72200000
2011-05-06,51.237030029296875,51.87672573112785,51.09682279797507,51.57878494671851,72507000
2011-05-09,51.42981719970703,51.63136490272312,51.1231149000748,51.32466260309089,40022000
2011-05-10,51.86795425415039,51.946821020590704,51.508673060989764,51.57877833907166,38053600
2011-05-11,51.49115753173828,51.97312306254089,51.14064109628698,51.789098340414284,61900000
2011-05-12,51.797855377197266,51.86795731661458,51.03547881846328,51.33341958229553,66100000
2011-05-13,51.18445587158203,51.762811172957925,51.16692954817011,51.6751828987027,63506600
2011-05-16,50.29939270019531,51.10558343108541,50.18547328202901,50.947849880640995,73115300
2011-05-17,50.4395866394043,50.44834812642984,49.93133347904091,50.03648803736318,63136000
2011-05-18,50.8602180480957,50.94784630650455,50.308150660269355,50.36949110971631,42351100
2011-05-19,51.00918197631836,51.12310137581848,50.69371492712016,51.01794680702024,35015800
2011-05-20,50.62363052368164,51.00919963797874,50.553525225006915,50.956624006777325,44703300
2011-05-23,49.87874221801758,50.080293140695375,49.6421453558872,49.93132115560339,43700000
2011-05-24,49.57207107543945,50.01021913397635,49.56330958510266,50.00145764363955,39314800
2011-05-25,49.76484680175781,50.00144710463507,49.484432370822624,49.510720179096644,41369000
2011-05-26,50.07154846191406,50.21175567576023,49.607112692824316,49.6158741812131,40564100
2011-05-27,50.32567596435547,50.37825492402139,50.115363468495474,50.15918093961894,30127200
2011-05-31,51.14063262939453,51.14063262939453,50.535986279149576,50.79887774071893,47590100
2011-06-01,50.027740478515625,51.14063683757645,49.983926345583356,51.01795592824447,51795000
2011-06-02,50.13289260864258,50.308152474584645,49.852478160256844,50.124131119607235,50198100
2011-06-03,49.3792724609375,49.940104642996445,49.30917052743236,49.5545323089057,57773700
2011-06-06,48.976173400878906,49.53700219719634,48.94988559567756,49.26535262930694,50175600
2011-06-07,48.8885612487793,49.30041815132848,48.85350860176955,49.10763527838365,46311100
2011-06-08,48.53803253173828,48.87102593144068,48.397825312306296,48.783394330043315,46426400
2011-06-09,48.62565612792969,48.86225305574231,48.397817344609265,48.55555085835317,45307500
2011-06-10,47.880802154541016,48.49420988537421,47.83698803293933,48.397816812168585,53740600
2011-06-13,47.880802154541016,48.134928739755274,47.71430715533333,47.907089958941384,37736800
2011-06-14,48.494205474853516,48.60812485489956,48.22255259714462,48.248843741957025,40565300
2011-06-15,47.57411193847656,48.32772705385818,47.477718841001604,48.02978627202833,59022400
2011-06-16,47.39008331298828,47.75812598206584,46.98698466325117,47.600392454517305,66316200
2011-06-17,47.24165344238281,47.953042609532204,47.10113183588299,47.777393114131954,70337000
2011-06-20,47.48756790161133,47.628089515465845,47.10991543619615,47.10991543619615,37402900
2011-06-21,48.506351470947266,48.55904833362545,47.45243766948086,47.65443728429781,55892800
2011-06-22,48.1550407409668,48.585386652052364,48.146256256896216,48.30434346717635,36833300
2011-06-23,48.602943420410156,48.6292901672267,47.47877088559221,47.63685806708829,80743300
2011-06-24,47.75984573364258,48.418541643842445,47.66323646409849,48.37462925322258,56298300
2011-06-27,48.523921966552734,48.769833983156026,47.70713893963473,47.812529325279,49968900
2011-06-28,49.24409103393555,49.252875519574,48.55904856732038,48.62930770092981,47028800
2011-06-29,49.44608688354492,49.54269611641159,49.09478454165631,49.358262135647614,65407300
2011-06-30,50.10478591918945,50.13991716083489,49.59539631652904,49.62174307261331,50347200
2011-07-01,50.86009216308594,50.93035464817277,49.99061233678473,50.13113730695838,53203900
2011-07-05,51.114776611328125,51.16747011243711,50.789821070060114,50.912777039712935,43128800
2011-07-06,51.28165817260742,51.36948628093534,50.88644006088117,51.05331179155434,49282700
2011-07-07,51.98427200317383,52.13357812859697,51.58905719829522,51.66810082933097,54799800
2011-07-08,51.84374237060547,51.852526856199425,51.26409028249001,51.53635238080925,69519500
2011-07-11,50.90400314331055,51.56269884656342,50.72835028571652,51.29922123532219,52080800
2011-07-12,50.517578125,51.00062105277776,50.46488125367327,50.895230660424474,84000700
2011-07-13,50.72834014892578,51.23773299912905,50.54390619294139,50.886427354140665,82378100
2011-07-14,50.13993453979492,51.09723942949628,49.94671599407331,50.86010849164723,98774200
2011-07-15,50.80740737915039,50.80740737915039,50.33314889325419,50.7020169767624,68281500
2011-07-18,50.53512191772461,50.75468709461744,50.04329471537714,50.52633743448161,59512200
2011-07-19,51.68565368652344,51.72956941266505,51.01817686294497,51.01817686294497,73904600
2011-07-20,51.46608352661133,51.98425755262622,51.37825878334068,51.975476418418836,57085500
2011-07-21,51.808616638183594,52.09844101916956,51.23774566157219,51.518788906897875,70148800
2011-07-22,52.34435272216797,52.43218082976776,51.747134991688355,51.782266234728276,43620400
2011-07-25,52.238956451416016,52.5287841483566,51.8349572529225,51.931566485236026,48916100
2011-07-26,52.37069320678711,52.546346039411766,52.098431148703945,52.20382150815909,40918900
2011-07-27,51.01816940307617,52.07208302068077,50.88642894451346,52.02817065125954,83969500
2011-07-28,51.106014251708984,51.75592896589586,50.842536581206325,51.04453624026837,61031900
2011-07-29,50.93914031982422,51.47488009027037,50.44731293131792,50.69322830072106,82860500
2011-08-01,50.70200729370117,51.65931192084245,50.087223921631576,51.553921538581896,85421100
2011-08-02,49.41976547241211,50.69324507177827,49.36706858647037,50.46489524966514,90853300
2011-08-03,49.894004821777344,49.95548281907809,48.61174131306282,49.4812211110727,103612300
2011-08-04,47.57539749145508,49.261660379470904,47.57539749145508,49.18261675424673,132830000
2011-08-05,47.276798248291016,48.33070892432376,45.95062206547929,48.058450118145444,214111800
2011-08-08,44.43122482299805,46.65322411585829,44.43122482299805,45.82765996897857,204804500
2011-08-09,46.57418441772461,46.618100152358316,43.85157638544332,45.098705522076635,193707100
2011-08-10,44.66835403442383,46.58296324122995,44.61565716945035,45.5202682581797,205917900
2011-08-11,46.635650634765625,47.153824679609656,45.08991298505932,45.309478201513585,143825300
2011-08-12,47.04844665527344,47.338274425162695,46.44244770500527,46.92549063785383,90483300
2011-08-15,47.74226760864258,47.74226760864258,47.01330938404811,47.241659115971586,73554300
2011-08-16,47.338279724121094,47.733494581409396,46.705930591978884,47.276801708529554,89219200
2011-08-17,47.057220458984375,47.79495639601356,46.56539315066547,47.399741672690624,84416600
2011-08-18,44.74739456176758,45.79252385087333,44.33461085710838,45.78374271580165,130019400
2011-08-19,43.93940353393555,45.37975126000806,43.90427563474624,44.28192484070885,96674600
2011-08-22,44.09747314453125,45.00208402992559,43.965736037158564,44.993299545921346,77107700
2011-08-23,45.91547393798828,45.91547393798828,44.211649177769196,44.39608314324825,75688400
2011-08-24,46.275550842285156,46.36337891442736,45.41485583708193,45.78372703948239,80197700
2011-08-25,45.520259857177734,46.45999866548925,45.36217264173288,46.249214594796406,93623700
2011-08-26,46.66200256347656,46.82008979352895,44.923046383199726,45.37095796814853,91573300
2011-08-29,47.961830139160156,48.01452365100553,47.109915961130966,47.12748158184595,45985800
2011-08-30,48.27799987792969,48.56782421556169,47.522695012738325,47.786172597030856,61617900
2011-08-31,48.3570556640625,48.95427345899187,47.953053026104335,48.56783644444928,60900400
2011-09-01,47.91791534423828,48.86643536288136,47.83008724509578,48.48000177755261,57158400
2011-09-02,46.79375457763672,47.961843554665066,46.53906138177761,47.05723561176077,58185700
2011-09-06,46.802528381347656,46.87278751752134,45.59052729207888,45.70470215744834,52992200
2011-09-07,47.9881706237793,47.996955108138586,47.33825949375589,47.469996606452945,48952200
2011-09-08,47.76860046386719,48.45364275966887,47.610513264790065,47.7422537141206,61422800
2011-09-09,46.705928802490234,47.63688683910863,46.41610101126264,47.434883823846725,63663500
2011-09-12,47.303138732910156,47.33826997752937,46.17018122118961,46.18774684349922,65973000
2011-09-13,47.93548583984375,48.03209173327768,47.25043999805022,47.47878972874798,59020000
2011-09-14,48.62053298950195,49.165053910542596,47.70714067980146,48.18140245794981,90757300
2011-09-15,49.340702056884766,49.42852681464464,48.646875079562555,49.14748356945332,83536100
2011-09-16,49.79296875,49.845763351469884,49.35302380729158,49.449812231729595,91902100
2011-09-19,49.810546875,50.07451306293422,48.772276960148155,49.17702533874811,73042900
2011-09-20,49.59059143066406,50.46168048403089,49.47620481276775,50.06573274514415,66570100
2011-09-21,48.72829818725586,50.092126709407886,48.71949740958616,49.84575863886805,79938000
2011-09-22,47.14449691772461,47.91879752212145,46.41418677534638,47.48765340139122,151885500
2011-09-23,47.646034240722656,47.84840849290999,46.71334983991244,46.74854623764412,85940600
2011-09-26,48.200355529785156,48.288346511571355,46.818929002612954,47.883594708380336,96261400
2011-09-27,48.70189666748047,49.449804974226105,48.3763383974806,49.01865751678327,81148600
2011-09-28,47.98040771484375,49.24745165021376,47.866024414634104,48.91309246098952,76757100
2011-09-29,47.4084587097168,48.77228709452659,46.60775920458231,48.71069508309416,116900200
2011-09-30,46.185420989990234,47.17089670961967,46.1590220113257,46.77494559478666,104870100
2011-10-03,44.997562408447266,46.502173113184995,44.97116678936829,45.77186634772402,99149500
2011-10-04,45.92145538330078,46.00944639240286,44.08248524948974,44.540028427279175,137013700
2011-10-05,47.10049819946289,47.23248300724713,45.45510527338831,45.80706252313756,108825700
2011-10-06,47.89240264892578,47.90120007016401,46.81893600614608,47.038908458747606,71939200
2011-10-07,47.57564163208008,48.09477675286465,47.267681542001625,47.86600687973683,72525200
2011-10-10,49.22105026245117,49.22105026245117,48.297166342328644,48.38515736494441,48230200
2011-10-11,49.555397033691406,49.678581078011284,49.00986625605474,49.08905647833373,66449100
2011-10-12,49.801761627197266,50.356093144246685,49.766568585942515,50.030534856175926,85627600
2011-10-13,50.259307861328125,50.320899883004536,49.652185066297704,49.70497966624039,63443700
2011-10-14,51.19199752807617,51.200794950704704,50.602469516551125,50.87523660922854,65643600
2011-10-17,50.40009307861328,51.112805115583974,50.127329354098066,50.95442466292382,65161300
2011-10-18,51.02481460571289,51.28878089317299,49.85455947740474,50.32090003046803,91434600
2011-10-19,50.03932571411133,50.90161720724779,49.87214788141061,50.743236794578564,67639400
2011-10-20,49.79296875,50.08333066680052,49.08905751296923,50.030539421844175,80378300
2011-10-21,50.41767883300781,50.734439660129304,49.960135789000425,50.320890429552605,60455800
2011-10-24,51.46475601196289,51.605538246066445,50.42648577675668,50.60246105200121,61449500
2011-10-25,50.4528923034668,51.31518409332241,50.347306444192256,51.297585890690996,65299200
2011-10-26,50.391300201416016,50.84004262008512,49.458615602350676,50.73445676095956,98193800
2011-10-27,51.78151321411133,52.08947665698868,51.06000384904687,51.59673716229284,104455500
2011-10-28,51.860721588134766,51.92231362697285,51.47357115022186,51.49116935510622,42950000
2011-10-31,50.98961639404297,51.59673916928214,50.95441999522853,51.411963110276304,60520200
2011-11-01,49.66097640991211,50.95441541983677,49.37941195770597,49.731369201220154,99933000
2011-11-02,50.08330535888672,50.29448030154256,49.608167611806785,50.18009373441598,65003800
2011-11-03,51.12159729003906,51.19199008689026,49.89855097511259,50.479278123081755,78994200
2011-11-04,50.85763168334961,51.07760414163098,50.347297325523776,50.875229882793725,61527800
2011-11-07,51.218379974365234,51.25357636885115,50.303293856808914,50.82242892768097,65559000
2011-11-08,51.80792236328125,51.89591001765848,51.007222624998555,51.58794987082431,62906900
2011-11-09,49.98654556274414,50.884033648002216,49.82816511496251,50.8048434241114,69539000
2011-11-10,49.96013641357422,50.52326528815775,49.47619774676104,50.479271474177075,66052400
2011-11-11,50.90162658691406,51.051209607115524,50.32970019711964,50.39129221822807,54471000
2011-11-14,50.584861755371094,51.04240145853349,50.40008236221417,50.7608370151199,44617600
2011-11-15,51.14798355102539,51.35035775688963,50.38247717989386,50.4352717644068,52203900
2011-11-16,50.303306579589844,51.17439910261314,50.20652150504394,50.778447955784365,68342800
2011-11-17,49.12424850463867,50.18891434319426,48.816285064746005,50.17131614464212,101706900
2011-11-18,48.74589920043945,49.1858441269542,48.65790820122846,49.1330495274276,60417000
2011-11-21,47.81321716308594,48.156373686059254,47.3204776121547,48.08598423964827,52283700
2011-11-22,47.971595764160156,48.11237800806948,47.399666010239734,47.69003127634152,51940100
2011-11-23,46.88932800292969,47.663628606200454,46.86292902663843,47.61083736664433,48437300
2011-11-25,46.528587341308594,47.223697938186326,46.51978656105521,46.68696782072737,25448100
2011-11-28,48.14759063720703,48.209182679896,47.63725273319606,47.66364836391573,46710700
2011-11-29,47.84842300415039,48.48194157288501,47.70764072704112,48.12118677801035,52056700
2011-11-30,49.61698532104492,49.66097913977428,48.98346359049993,49.150644800789976,66918600
2011-12-01,49.96013641357422,50.092121212029106,49.581783571617244,49.60818254521593,45362200
2011-12-02,49.81936264038086,50.452884409939315,49.775368818942276,50.452884409939315,36938900
2011-12-05,50.36489486694336,50.69925058247303,50.08332703602966,50.56726912313657,40492200
2011-12-06,50.224117279052734,50.5496756033693,50.05693604929843,50.40889335313671,38670000
2011-12-07,50.224117279052734,50.4528871769881,49.58179469607083,50.083331672306535,44576200
2011-12-08,49.37941360473633,50.2857023622347,49.28262519171594,49.89854871015313,51692600
2011-12-09,50.171321868896484,50.32090153888607,49.48500882962464,49.502603673671075,55757900
2011-12-12,49.60818862915039,50.162516795012735,49.185841921416255,49.64338167074328,55411700
2011-12-13,49.06264877319336,50.136115293925116,48.86027454259052,49.933741063322266,68557700
2011-12-14,48.29714584350586,48.913069314341755,48.024382180452214,48.8778729202339,63682800
2011-12-15,48.1651611328125,48.763483009491004,48.09476834937229,48.7106917784235,58732900
2011-12-16,48.41313171386719,49.07499551958047,48.33370792252506,48.421955083388134,60978900
2011-12-19,47.93661117553711,48.7131993433076,47.804237006498234,48.59847528790157,46733900
2011-12-20,49.3574104309082,49.419184141772234,48.686719618077596,48.713196470172726,81758800
2011-12-21,48.65142822265625,49.10149436183683,48.086638021953114,49.0661941326891,78552300
2011-12-22,49.066192626953125,49.09266948120897,48.686723591297955,48.75732404742684,40334100
2011-12-23,49.48978042602539,49.48978042602539,49.048537747618234,49.16325842018567,26594600
2011-12-27,49.67436981201172,49.83335295507797,49.40055895853542,49.45355558579597,21443500
2011-12-28,49.100257873535156,49.69203845960662,48.967767972800104,49.61254519303722,38180100
2011-12-29,49.45355987548828,49.48888759403534,49.02076247204639,49.179748998261125,28077900
2011-12-30,49.31224822998047,49.56839024239489,49.303413771652494,49.347575955216456,21832400
2012-01-03,50.257347106933594,50.513489190687196,50.12485714998276,50.26617819836252,39514100
2012-01-04,50.46931076049805,50.539972946637995,49.957023388417355,50.17783766606697,29403400
2012-01-05,50.88443374633789,50.92859592024208,50.1689943994016,50.363312007809505,41260600
2012-01-06,51.06109619140625,51.17591719302727,50.69896090080161,50.893275179353324,46325200
2012-01-09,50.89327621459961,51.21124932879049,50.725458568491604,51.1935837814067,39195500
2012-01-10,51.264251708984375,51.5822248587662,50.91094746048034,51.43206937387633,35949900
2012-01-11,51.37023162841797,51.485055992216836,51.06109299821913,51.2554072646191,37144100
2012-01-12,51.573387145996094,51.64404933898292,51.10526191021421,51.485062774121374,26188300
2012-01-13,51.387901306152344,51.40556685349243,50.946272730726044,51.29957693881054,35980400
2012-01-17,51.85602569580078,52.07683998001321,51.661711416857685,51.83836014874076,41790800
2012-01-18,52.54496765136719,52.54496765136719,51.829528169835875,51.95318362777396,48692700
2012-01-19,52.87177276611328,52.96893159029204,52.686289575967606,52.783445030787774,47774500
2012-01-20,52.79228210449219,52.81877874172327,52.606798905157106,52.64212663167896,41041700
2012-01-23,52.8099479675293,53.180914368412886,52.500805930767534,52.80111350882706,40958300
2012-01-24,52.7127685546875,52.85408951451143,52.474288803230095,52.57144759486357,38440200
2012-01-25,53.37522888183594,53.507718799690956,52.845275949133026,53.22507341697635,61591800
2012-01-26,53.189754486083984,53.702041956477814,52.93360906620751,53.604883116568864,37852700
2012-01-27,53.348731994628906,53.445887448658404,53.04842443568335,53.07492107138608,45532300
2012-01-30,53.39287567138672,53.472368920301236,52.695101971954564,52.89825063710113,42797800
2012-01-31,53.46355438232422,53.75503086004874,53.11908463181971,53.65787203414057,51449600
2012-02-01,53.896339416503906,54.090657023421464,53.57836637585986,53.772683982777416,46146700
2012-02-02,54.06416320800781,54.24081529183422,53.852183402902725,54.07299766534617,46373600
2012-02-03,54.80611038208008,54.86793811855741,54.47930615079144,54.56763052594223,36453800
2012-02-06,54.7619514465332,54.779616996484215,54.4616438360843,54.602964866333245,28541300
2012-02-07,54.876766204833984,54.98275611657808,54.470465365990954,54.71777965253857,37935700
2012-02-08,55.168235778808594,55.168235778808594,54.682445064222044,54.88559378598157,41171100
2012-02-09,55.56570053100586,55.62752825456807,55.044578740011374,55.380217360319236,46856400
2012-02-10,55.177066802978516,55.32721887823045,54.9827491814919,55.16823234598833,58090500
2012-02-13,55.689369201660156,55.760031399286234,55.33606832160685,55.592210364603815,36810200
2012-02-14,55.830684661865234,55.83951912036732,55.37139053115925,55.56570818590066,51648200
2012-02-15,55.44205093383789,56.404801348637264,55.35372319845897,56.09565932884894,105709100
2012-02-16,56.201656341552734,56.26348407574235,55.318399145291025,55.45972016191855,83642300
2012-02-17,56.02499008178711,56.25463541231047,55.77767920747611,56.210473237520354,76112300
2012-02-21,56.18399429321289,56.43130524537726,55.83069004495606,56.08683545647431,38141300
2012-02-22,55.92784118652344,56.245814292332525,55.84834791007116,56.077996650648195,43174700
2012-02-23,56.29881286621094,56.360640597868056,55.72469436441349,55.99850529700835,54250000
2012-02-24,56.49312210083008,56.59028091885241,56.35180110262261,56.457791008938614,41364900
2012-02-27,56.57261657714844,56.75809974844233,55.93667042487423,56.183981319932755,42678500
2012-02-28,57.1467399597168,57.1467399597168,56.554959234211765,56.62562142974851,43717500
2012-02-29,56.890594482421875,57.37638185646087,56.70510455666625,57.190898669422296,59784400
2012-03-01,57.34103775024414,57.394037747882656,56.934740374831684,57.102561346375175,67558900
2012-03-02,57.29689407348633,57.48237726739899,57.111410879573675,57.26156297863859,33358200
2012-03-05,56.70511245727539,57.33223103156003,56.519632613752826,57.2615688346381,45788800
2012-03-06,56.14864730834961,56.281137206300244,55.84833979310517,56.14864730834961,54638600
2012-03-07,56.58143997192383,56.71392986664247,56.32529800848337,56.413622358723806,42741800
2012-03-08,57.19089889526367,57.358719905554295,56.7934358841425,56.917091342656505,43711100
2012-03-09,57.42937469482422,57.535367974640884,57.252725967180105,57.28805706045233,43117200
2012-03-12,57.45585632324219,57.508849573735425,57.16437996810045,57.411690788688176,32687300
2012-03-13,58.52463150024414,58.52463150024414,57.65020190768964,57.76502967126549,61559100
2012-03-14,58.72777557373047,58.94858989716471,58.365643587431855,58.5864579108661,59926900
2012-03-15,58.89558410644531,59.01923956220647,58.60410764412961,58.904418564347374,65531200
2012-03-16,58.85400390625,58.986718741420404,58.712446365516634,58.986718741420404,53023100
2012-03-19,59.26984786987305,59.41141217819159,58.79207845453459,58.951334926314075,60966200
2012-03-20,59.376014709472656,59.43794740015573,58.80092158161159,58.96017803624762,47290600
2012-03-21,59.38486862182617,59.712224261364135,59.30523701345375,59.38486862182617,39648100
2012-03-22,59.260986328125,59.40254384129415,58.9955567094689,59.030947775300085,56953900
2012-03-23,59.22559356689453,59.3494589186801,58.88938182620049,59.33176001119335,45541700
2012-03-26,60.26078796386719,60.26078796386718,59.57067871955541,59.623761969068966,40855300
2012-03-27,60.3492546081543,60.596985407869354,60.278472451047705,60.3050208225812,37278200
2012-03-28,60.11034393310547,60.61465474362094,59.756440070427736,60.38461622035721,44421900
2012-03-29,59.88030242919922,60.1014914885934,59.45561646509446,59.809520310156024,53975300
2012-03-30,59.76530456542969,60.1811344523186,59.526416529181475,60.14575013228432,39480900
2012-04-02,60.384647369384766,60.464272235729986,59.59721441256589,59.7033876511844,40031600
2012-04-03,60.36692428588867,60.65004602703685,60.03071257754381,60.437699658559644,45539900
2012-04-04,59.54412078857422,59.95110800709498,59.199066260911906,59.915716933724866,54088100
2012-04-05,59.91571807861328,59.96880131460426,59.39370817412566,59.437948704222926,42979900
2012-04-09,59.464500427246094,59.703388530115014,59.06636258934231,59.17252907936555,36908200
2012-04-10,58.508934020996094,59.6679694102983,58.32313600060913,59.437930873086046,69254200
2012-04-11,58.79206466674805,59.18135967316968,58.64165768705102,59.022103238738666,62950000
2012-04-12,59.464500427246094,59.526433129812425,58.818631779077,58.907106104149136,57407400
2012-04-13,58.5620231628418,59.4556221887072,58.53548155318412,59.26098146783254,55227500
2012-04-16,57.90731430053711,58.88939462466984,57.721516232479146,58.8540035521602,57588000
2012-04-17,59.084049224853516,59.269847315164405,58.06657770634923,58.155058773299096,47362400
2012-04-18,58.93363952636719,59.278694071246925,58.756690900844326,58.91594061372047,42536100
2012-04-19,58.27005386352539,59.42908252421366,58.05771422915886,58.721281492940136,81110900
2012-04-20,58.11082458496094,58.845174319819485,58.02235025850822,58.58859404799571,59906900
2012-04-23,57.57996368408203,57.66843799794735,57.057953757008974,57.562264771214494,70514400
2012-04-24,57.27029037475586,57.71266861826495,57.022552888259476,57.47378058668251,49661500
2012-04-25,58.79206466674805,58.82745573552785,58.367385341702786,58.4558596385742,57526900
2012-04-26,59.137123107910156,59.26983793717843,58.703594299113306,58.783225896736916,41799500
2012-04-27,59.491024017333984,59.67682206871543,59.075187390365684,59.38485755949103,46003800
2012-04-30,59.06634521484375,59.42909186598427,59.022104690241974,59.31407595223851,37787700
2012-05-01,59.16366195678711,59.83607194997729,58.91592449859777,59.00440553731458,37643800
2012-05-02,59.331764221191406,59.37600474289202,58.73012957690476,58.87169384622204,38299300
2012-05-03,58.70359420776367,59.411402129321964,58.55318721823343,59.36716160291584,51297600
2012-05-04,57.243743896484375,58.70359349820505,57.23490119143532,58.16389148332555,107554000
2012-05-07,57.29684066772461,57.5711130601925,56.88100397581695,56.89869613816826,50267800
2012-05-08,57.08448028564453,57.27912777478688,56.16433618942128,56.93407331681843,72659700
2012-05-09,56.907535552978516,57.22604842035846,56.19088160137364,56.420920172293854,85715300
2012-05-10,56.79251480102539,57.181803022292556,56.580171782515016,57.16411086457132,49448900
2012-05-11,56.78367233276367,57.38530702163367,56.54478767320545,56.59787427813335,47099900
2012-05-14,56.25281524658203,56.6951934600654,56.164337578838605,56.29705239291478,46360000
2012-05-15,56.06702423095703,56.8633031378711,55.969700465926984,56.403232680584864,66908600
2012-05-16,55.68656539916992,56.42976089413373,55.57154949970817,56.26165839678965,52825900
2012-05-17,54.50985336303711,55.7927510773871,54.501003907204634,55.70427339445487,62253900
2012-05-18,53.802040100097656,54.81950797667611,53.757799578225494,54.677947081887886,79496500
2012-05-21,55.306129455566406,55.35921606263486,53.83743374412261,53.90821588688055,61473000
2012-05-22,55.244197845458984,55.695425576643956,54.84606009745605,55.465386983273234,62954800
2012-05-23,55.35036849975586,55.48307995125477,54.29750609244194,54.77527541802582,56951100
2012-05-24,54.98761749267578,55.48307896963107,54.58062694007628,55.429995740001964,83131200
2012-05-25,54.91684341430664,55.13803257043808,54.75758695188571,55.04070880172766,32078900
2012-05-29,55.61579132080078,55.872371502859416,55.10263095668351,55.4299932752044,44216700
2012-05-30,55.14687728881836,55.341521434437794,54.571784182253914,55.11148621685905,56431800
2012-05-31,54.90799331665039,55.21765676255147,54.492156653516005,55.076095847985485,55260100
2012-06-01,53.44813919067383,54.253267458027366,53.43044365594233,53.91705904828512,71430800
2012-06-04,53.85513687133789,53.93476510562596,53.120790599640266,53.59856000536863,74119500
2012-06-05,54.076316833496094,54.182490044531185,53.64278803454327,53.669329649762936,47916900
2012-06-06,55.314971923828125,55.359209069924844,54.43021550158215,54.48330210194495,58781800
2012-06-07,55.093780517578125,55.89890869319711,55.04954337332873,55.89890869319711,38414800
2012-06-08,55.6246452331543,55.695427379583805,54.819516880450415,55.005314952210114,39730800
2012-06-11,54.68680953979492,56.075877204910505,54.65141846391304,56.04933221045971,51008900
2012-06-12,55.35036849975586,55.37691011503999,54.57178182566489,54.94337793995575,48802600
2012-06-13,54.96992492675781,55.60694734226062,54.78412348778607,55.19111406236757,50840100
2012-06-14,55.17340087890625,55.394589943767116,54.67793615859009,54.96105789160582,65170600
2012-06-15,55.85890197753906,55.93871321055081,55.300223346456825,55.32682596318231,41536100
2012-06-18,56.38211441040039,56.52400068662931,55.53966316530059,55.628340819380284,32191200
2012-06-19,56.96738052368164,57.20681758227123,56.62153300853662,56.66587520921467,36476500
2012-06-20,57.0117301940918,57.260030312813576,56.58607139792501,57.09153804696488,51389700
2012-06-21,55.59286117553711,57.02945995839971,55.530786149186184,56.96738493204878,42492700
2012-06-22,56.17815017700195,56.249095007115265,55.628341274966516,55.77909734753946,29504200
2012-06-25,55.09626770019531,55.73475424683571,54.9366452178263,55.717021422426384,33136400
2012-06-26,55.442108154296875,55.601730616137765,55.03418558863023,55.28248569245598,30611100
2012-06-27,55.77910232543945,56.027402487323755,55.59287382119024,55.65494886166131,35705800
2012-06-28,55.158348083496094,55.39778183027035,54.573066718993246,55.362309412340245,49793400
2012-06-29,56.89645767211914,56.89645767211914,56.05400299389804,56.222495282676604,44761300
2012-07-02,57.0649299621582,57.09153257723386,56.63927120677222,56.97625232334928,33425600
2012-07-03,57.54378890991211,57.54378890991211,57.011716389248754,57.10039401508112,15895100
2012-07-05,57.57927703857422,57.86304957813902,57.18022423051063,57.490599388523535,37016200
2012-07-06,56.86098861694336,57.36645874749149,56.444196151010814,57.31324673618444,40684100
2012-07-09,56.754554748535156,56.98512202158872,56.47078224541929,56.79889695070051,35628300
2012-07-10,56.19588088989258,57.206824323146655,55.97418339171881,57.0649346767935,47365700
2012-07-11,55.885501861572266,56.27568821341963,55.42437069147894,56.12493554889967,43432000
2012-07-12,55.3623046875,55.59286861869649,54.856834615060734,55.44211592961334,57680400
2012-07-13,56.204750061035156,56.32890011738229,55.477582545714526,55.51305157407419,32357200
2012-07-16,56.04513168334961,56.32890422794698,55.82343417145569,56.08060409713317,27621400
2012-07-17,56.33775329589844,56.52398171951229,55.539644528486534,56.39982830949155,42467800
2012-07-18,57.100399017333984,57.268891257144574,56.21360914998521,56.23134535327237,44489700
2012-07-19,57.730037689208984,57.916262809723,57.39305986623199,57.49947035471317,53017800
2012-07-20,56.96738052368164,57.730020368788594,56.94077790954278,57.712287547919324,40573100
2012-07-23,56.27568435668945,56.470779210660304,55.43323330334748,55.85889541798113,48657800
2012-07-24,55.83230209350586,56.45305582016464,55.46871829947989,56.37324457841086,57269700
2012-07-25,55.45985794067383,55.823441774385095,55.11401031626994,55.397782899516,46264400
2012-07-26,56.19588088989258,56.51512582851646,55.84116692251577,56.257955918754405,41928200
2012-07-27,57.52607727050781,57.632487754416346,56.4353224507437,56.60381473782776,42621000
2012-07-30,57.48173522949219,57.916260493312365,57.28664032085041,57.667960342557976,37821300
2012-07-31,57.46399688720703,57.80097466435491,57.41078488453134,57.57040736121635,34588300
2012-08-01,57.29550552368164,57.88965323188508,57.06493821688959,57.87192040782621,30920200
2012-08-02,57.091529846191406,57.65907482622351,56.67474090432497,56.86096934945137,40534900
2012-08-03,58.173431396484375,58.42173155132282,57.80985095994859,58.0138089018494,42117400
2012-08-06,58.6168212890625,58.87399121692243,58.35078833193482,58.47493839839532,23523600
2012-08-07,59.10456085205078,59.34399119945702,58.77644608310674,58.865123738973075,28223300
2012-08-08,59.07795333862305,59.20210339968726,58.856255834483974,58.95380327755884,20723500
2012-08-09,59.255306243896484,59.3351208603138,58.96266392648404,59.06908115981692,20726200
2012-08-10,59.290794372558594,59.3085271999796,58.891741481697935,59.04249419462997,20312000
2012-08-13,59.43267822265625,59.44154801934231,58.97155028006891,59.27305571066976,19890300
2012-08-14,59.45927810668945,59.778523079623284,59.29078582495453,59.65436624288551,24218700
2012-08-15,59.61003112792969,59.69870878408641,59.4060664296649,59.414936224982014,29100400
2012-08-16,60.3194580078125,60.452477872380264,59.76078269543352,59.83172752529251,35699900
2012-08-17,60.585487365722656,60.59435715935451,60.31058465416703,60.45246752392567,22584800
2012-08-20,60.67417907714844,60.68304887283745,60.301728846270926,60.54115920450025,26924000
2012-08-21,60.434757232666016,61.08211033005302,60.19532007503422,60.83381014115539,41391000
2012-08-22,60.68303680419922,60.79831706254244,60.13322459724682,60.30171685346958,44555700
2012-08-23,60.186431884765625,60.60321744723557,60.02680943496036,60.408129355846825,28800400
2012-08-24,60.558876037597656,60.70075888694292,59.946988912768816,60.044536331673974,38384800
2012-08-27,60.65644454956055,60.895874901072,60.523424680644595,60.81606703912538,20671400
2012-08-28,60.65644454956055,60.82493006889395,60.3992746071688,60.60323254259122,27337900
2012-08-29,60.65644454956055,60.80719724368522,60.3992746071688,60.65644454956055,26672400
2012-08-30,60.044551849365234,60.41700203652907,59.947004405250276,60.39039941825608,24425400
2012-08-31,60.44361114501953,60.700774297600496,59.8317238648453,60.47907679210791,42128000
2012-09-04,60.381534576416016,60.61210189647924,59.78738683401418,60.328329335505856,32017200
2012-09-05,60.3194580078125,60.61210035672731,60.15983552346545,60.354930422741994,26129300
2012-09-06,61.65852737426758,61.676266968727376,60.67418961761002,60.69192921206982,43100000
2012-09-07,61.56982421875,61.67624144444994,61.39246894158691,61.516618988735104,32958600
2012-09-10,60.78059768676758,61.54323775694463,60.73625547300327,61.41021788132362,25490000
2012-09-11,60.68303680419922,61.0288843448993,60.58548936803556,60.78945403428787,29810100
2012-09-12,60.86040115356445,61.02002363963728,60.48795094128499,60.904743364123576,42203400
2012-09-13,61.68510818481445,61.95114788224065,60.851530213175444,60.91360524048548,45417800
2012-09-14,62.23493576049805,62.456633307840136,61.88908812789817,61.90682095478976,38880300
2012-09-17,62.26154327392578,62.28814589918875,62.03984570917074,62.270413070904354,31798400
2012-09-18,62.31471252441406,62.34132189997719,62.093015087736575,62.10188487959095,27169800
2012-09-19,62.430023193359375,62.58964567891862,62.12851104700461,62.305873122999,36484600
2012-09-20,62.367923736572266,62.429998747445545,61.96000127002378,62.12848671915481,42520200
2012-09-21,62.38574981689453,62.73258379867817,62.32349773772741,62.679226812239996,23678500
2012-09-24,62.021087646484375,62.12780833893581,61.73650591824415,61.86990508756754,32341600
2012-09-25,61.149559020996094,62.32345949712507,61.12288054414646,62.18116524064224,41299600
2012-09-26,60.65155792236328,61.10511254832003,60.34029760453652,61.069538971287535,32770400
2012-09-27,61.487525939941406,61.62982026177082,60.69603243342377,60.802753174795825,25339500
2012-09-28,60.980587005615234,61.46971503682919,60.92723005128777,61.28295891171941,30112600
2012-10-01,60.891658782958984,61.656473486990706,60.696007563095435,61.274066134974845,37715300
2012-10-02,61.06951904296875,61.34521247876428,60.589286087189656,61.15844956404699,33254300
2012-10-03,61.46084213256836,61.57645117032595,60.99839241160575,61.23851236267337,38236000
2012-10-04,61.674285888671875,61.84325870984948,61.36302552200297,61.558676833899746,26128600
2012-10-05,61.34524154663086,62.07448302095878,61.18516381885316,61.98554567277457,25207900
2012-10-08,60.78493118286133,61.11398154117222,60.64264372045876,60.989477467208786,30911500
2012-10-09,59.81559371948242,60.776053016748826,59.673299432500706,60.62487042555453,67974000
2012-10-10,59.51322555541992,59.96678014295299,59.40651161832895,59.797807362604985,45134300
2012-10-11,59.32646179199219,60.002346041965204,59.29088822252365,59.95787738388837,30469400
2012-10-12,59.29978942871094,59.637728196078115,59.18418040473501,59.3175728227975,24891200
2012-10-15,59.73554992675781,59.8155921573359,59.166386363625335,59.52211528682435,22220100
2012-10-16,60.58042907714844,60.65156945978002,59.80671889568663,59.82450229510269,33960600
2012-10-17,60.54485321044922,60.740504521485384,60.189124170835015,60.26915964264049,33439400
2012-10-18,59.84227752685547,60.54484036517085,59.61994777238727,60.34918909564433,61707600
2012-10-19,58.41048812866211,59.82450246769155,58.33934096085793,59.7711454843221,75362600
2012-10-22,58.712852478027344,58.86404190344191,58.25040946460993,58.38380870587348,38621500
2012-10-23,58.15253448486328,58.650550659225225,57.974673504008734,58.232576675720885,52591200
2012-10-24,57.94802474975586,58.57944037601449,57.85908742876212,58.481614750893364,39872400
2012-10-25,57.94802474975586,58.446041179488866,57.77905198182574,58.34821555436774,52688700
2012-10-26,58.11698532104492,58.35710520942481,57.49446484184586,57.94801935381338,54213100
2012-10-31,57.761260986328125,58.15256348127575,57.565616523819195,58.045842768572335,38524500
2012-11-01,58.57945251464844,58.69506155694543,57.956925063519186,58.125897866463276,26945000
2012-11-02,57.9569091796875,58.88180161948401,57.90355221862995,58.84622805045747,44083000
2012-11-05,58.33930969238281,58.454925474339156,57.84129335461312,57.96579743905555,28094700
2012-11-06,58.446041107177734,58.846231911294495,58.214816285817065,58.43714601809637,29608400
2012-11-07,57.06760025024414,57.89466721553604,56.827487098692295,57.823520065088935,70737800
2012-11-08,56.16938781738281,57.361075411238076,56.16938781738281,57.2276762044514,58585800
2012-11-09,56.40949630737305,57.01423341157098,56.169379804898966,56.20495337396526,51542100
2012-11-12,56.40060806274414,56.80080228209547,56.24942546459068,56.73855022491667,32663700
2012-11-13,56.009300231933594,56.542893572335856,55.83143578513284,55.96483496835394,43288300
2012-11-14,55.351219177246094,56.347255563576766,55.262285236736155,56.28500350146128,82655300
2012-11-15,55.16446304321289,55.57355241013868,54.95992005599158,55.38679281964691,55124200
2012-11-16,55.404579162597656,55.56465687173943,54.524155154800994,55.20893126780014,70873100
2012-11-19,56.72075653076172,56.76522518831633,55.99151532763205,56.009302112157435,55306400
2012-11-20,56.73855209350586,56.81859094001207,56.19606695523962,56.70297851895137,52012700
2012-11-21,56.85416793823242,56.93420339707545,56.560691019209344,56.800807573187406,19611700
2012-11-23,57.7168083190918,57.734591714896936,57.13874957341811,57.174323149994365,16462900
2012-11-26,57.9658203125,58.00139389137292,57.396656620466,57.57451772986422,26430900
2012-11-27,57.77016067504883,58.1614632011526,57.672335043522885,57.95691684842596,25828600
2012-11-28,58.26817321777344,58.31264187819041,57.1387411638111,57.494470092251944,37295800
2012-11-29,58.61502456665039,58.81956415807628,58.32154763811806,58.57945098880106,41136100
2012-11-30,58.51719284057617,58.66837544199479,58.348220059599186,58.623906778064374,33497400
2012-12-03,58.40156555175781,59.02409279962233,58.3748870726284,58.97072905639932,28240000
2012-12-04,58.365989685058594,58.49049377273338,57.98358233435351,58.42824172889599,49584500
2012-12-05,57.7168083190918,58.285971974379926,57.40554800525703,58.27707688399437,54076200
2012-12-06,58.0903205871582,58.23261489319736,57.38775771726327,57.53894032870541,47512300
2012-12-07,57.74348831176758,58.4371561106869,57.54783702797676,58.37490404629583,30089400
2012-12-10,57.91246795654297,58.21483322363391,57.583417414443765,57.583417414443765,33219600
2012-12-11,58.668373107910156,58.997416782028644,58.268175503354506,58.31264416551577,40750800
2012-12-12,58.54387664794922,58.97964109723334,58.38379894219663,58.97964109723334,45917700
2012-12-13,58.08142852783203,58.83735519442348,57.83242026423469,58.42826243569493,45467700
2012-12-14,57.53004837036133,57.876882238101686,57.334397104463584,57.69012606200807,39630300
2012-12-17,58.29487228393555,58.31265568133284,57.503378792907476,57.58341425864519,42302900
2012-12-18,59.18418502807617,59.27311557538667,58.428258413522336,58.58833611266756,55596000
2012-12-19,58.92629623413086,59.370955865389085,58.890722649434096,59.35316568055695,34832500
2012-12-20,58.92629623413086,59.05969548050183,58.63281924910822,59.033010203253625,40754300
2012-12-21,58.30653762817383,58.37808103294448,57.769975737903195,58.02037083184585,51152900
2012-12-24,58.1902961730957,58.252894958910225,58.05615396842002,58.154524463665126,11418300
2012-12-26,57.68055725097656,58.288662623587,57.492760906564506,58.23500847454226,21751300
2012-12-27,57.591129302978516,57.80575271411672,56.87570883551086,57.73420930281891,52933200
2012-12-28,57.03668975830078,57.61796815409171,57.00986267926925,57.15294611973463,33082100
2012-12-31,58.24393081665039,58.351245908996184,56.85781335997394,56.974066259616635,57544000
2013-01-02,60.0950813293457,60.12191522298561,59.4512111598333,59.67477918088407,70695900
2013-01-03,59.7821044921875,60.220296027886015,59.60325275350628,60.09509844625787,47366500
2013-01-04,59.58533477783203,59.808902754846976,59.44225482037413,59.808902754846976,33972500
2013-01-07,59.60323715209961,59.701607629452326,59.24552694561289,59.43332326889861,26766200
2013-01-08,59.48698806762695,59.75527247623762,59.173994139418454,59.5943031956224,28734900
2013-01-09,59.71055221557617,59.87152148562831,59.51381806129509,59.576416842828955,25600300
2013-01-10,60.068260192871094,60.157686045575275,59.513815812452066,60.12192116269778,37528000
2013-01-11,60.14873123168945,60.175558297640954,59.91621862218766,60.04141614513017,21158600
2013-01-14,59.88044738769531,60.05036123703404,59.62110771024532,59.844675691900136,36768500
2013-01-15,59.58533477783203,59.674767426840575,59.317057299066015,59.58533477783203,31675300
2013-01-16,59.82681655883789,60.03249536133348,59.5585321472499,59.665847276436295,33822300
2013-01-17,60.112979888916016,60.345492577140774,59.969893058391364,60.06826354868816,32024200
2013-01-18,59.97883224487305,60.04143102185467,59.71054787337751,59.93411590870546,31992000
2013-01-22,60.07719039916992,60.12190672616229,59.67477074725294,60.04141870212674,32123100
2013-01-23,60.44386291503906,60.62272147293304,60.32760996947525,60.417035837044054,31975700
2013-01-24,59.61216735839844,60.16661156266991,59.522734711351895,59.61216735839844,42596300
2013-01-25,59.91620635986328,60.08612017311962,59.68369379794701,59.7999534902811,39240100
2013-01-28,60.050376892089844,60.25605566809059,59.85363592530295,59.92517933554457,32926100
2013-01-29,60.05933380126953,60.19346919444835,59.585363728597116,59.978845742605714,35554700
2013-01-30,59.93412780761719,60.34549907831585,59.79999241799408,60.16664052089114,34445000
2013-01-31,59.79997253417969,60.22921928375944,59.74631157341667,59.90728081019759,34870500
2013-02-01,60.5064697265625,60.613778040669295,59.978845498763604,60.22029602826039,53120800
2013-02-04,59.451202392578125,60.32758508511465,59.43331313278964,60.157671230891765,48483700
2013-02-05,60.32762908935547,60.51542551759596,59.567498739974866,59.71057880888063,35120300
2013-02-06,60.13085174560547,60.40808072525325,59.95200006169124,60.13085174560547,43593200
2013-02-07,60.18450164794922,60.2471004080899,59.522735529029845,60.20238408395235,46017900
2013-02-08,60.801578521728516,60.92677611181756,60.4796399121404,60.48858454650589,39837200
2013-02-11,60.819461822509766,60.864171344436166,60.613776188828254,60.83734426672907,17650400
2013-02-12,60.56904220581055,60.85520895704355,60.50644344218937,60.73894923692314,22057900
2013-02-13,60.78367614746094,61.01618880543434,60.604817632575745,60.7479044444839,23494700
2013-02-14,60.76579284667969,60.8552255242744,60.47068820798544,60.506459914472245,24478800
2013-02-15,60.58692169189453,60.908860124195705,60.41700784630414,60.756835537484925,25333600
2013-02-19,61.02512741088867,61.04301667398813,60.685306462301995,60.70318890264664,23436500
2013-02-20,60.086151123046875,61.03407746895328,60.07720649070188,61.007250394673726,38200300
2013-02-21,59.44227981567383,59.92518766781779,59.22765637786186,59.86258888084113,45855600
2013-02-22,60.04141616821289,60.05036079778459,59.5495638830687,59.78207649265989,21968000
2013-02-25,59.299190521240234,60.64059889187487,59.2455363696967,60.425975462944955,40927600
2013-02-26,59.522743225097656,59.63005832325133,58.986181379837355,59.379663250313456,42088800
2013-02-27,60.13085174560547,60.497506567210365,59.44226525750583,59.522746468440914,36339500
2013-02-28,60.00567626953125,60.57801005583905,59.9967316352198,60.13981849317521,28557300
2013-03-01,60.256065368652344,60.363380501291324,59.504879908448146,59.799991406138176,31617200
2013-03-04,60.52436065673828,60.533305291753365,59.97885390769465,60.059341977315526,19380500
2013-03-05,61.418636322021484,61.499117573079396,60.88207418002869,60.88207418002869,35581900
2013-03-06,61.266571044921875,61.62428117686154,61.186083024427646,61.606391917750244,29071100
2013-03-07,61.42756271362305,61.5259332064276,61.21293246236449,61.33813003088743,21775900
2013-03-08,61.49910354614258,61.72267162287718,61.257653025281954,61.63324575673459,26159900
2013-03-11,61.67795944213867,61.69584188549375,61.23082330794629,61.41861966557637,23187900
2013-03-12,61.45437240600586,61.64216870566912,61.159261011069084,61.4990819119711,27575400
2013-03-13,61.3738899230957,61.606402572482175,61.15926653591444,61.53485916917027,34297300
2013-03-14,61.5795783996582,61.7137205814917,61.44543621782471,61.58852303118171,31530800
2013-03-15,61.40836715698242,61.65934171991381,61.25598388216497,61.62348723398876,30752600
2013-03-18,61.27394485473633,61.524919541817184,60.709251808804396,60.84369764934962,36163000
2013-03-19,61.15740966796875,61.578684608475676,60.61064057241674,61.46216262559664,33125100
2013-03-20,61.587650299072266,61.722102949971,61.300821168476375,61.587650299072266,28035400
2013-03-21,60.888511657714844,61.175340820989334,60.74509365680426,61.022964323931845,30050800
2013-03-22,61.480072021484375,61.52489184051775,61.06775567284546,61.13946464788116,28837200
2013-03-25,61.256011962890625,61.81174649167047,60.96022428586713,61.67729381745229,24909800
2013-03-26,61.587650299072266,61.605580966416575,61.35459949341751,61.48905214431625,19725200
2013-03-27,61.6683235168457,61.71313650730939,61.076734598940504,61.16636741841366,22539500
2013-03-28,61.820709228515625,61.90137672652775,61.524914725377556,61.66833272879485,23662800
2013-04-01,61.399417877197266,61.92825629611935,61.22911073416676,61.86551263898375,28112800
2013-04-02,61.88344955444336,62.08960437504244,61.64143339637922,61.69521856403038,29431900
2013-04-03,61.31875228881836,62.00893253866334,61.16636896944956,61.91929971691731,35131200
2013-04-04,61.336669921875,61.489046387305656,61.00502099251539,61.29185009625645,32287400
2013-04-05,60.825767517089844,60.91540034768587,60.22522002969524,60.36863119093954,55610800
2013-04-08,61.1484489440918,61.16637277413753,60.67338880459666,60.85265445923945,17891600
2013-04-09,61.56078338623047,61.811758111392265,61.0319379251695,61.309808661068665,30931400
2013-04-10,62.7618293762207,62.896281970118636,61.740000604265234,61.775855085207546,55271300
2013-04-11,62.73495101928711,62.87836896773277,62.53775475944641,62.60946373366924,37233600
2013-04-12,62.690155029296875,62.73496802142302,62.215094913774365,62.58259153881128,32783700
2013-04-15,61.453208923339844,62.555712656737,61.38150675644469,62.45711448389062,48795800
2013-04-16,62.26887893676758,62.34058793698535,61.677289942790935,61.802777273898705,27682600
2013-04-17,61.049861907958984,61.749007662440356,60.69132369478844,61.73108382912825,60204800
2013-04-18,60.20728302001953,61.24704289336679,59.947343051682715,61.211188397194896,56798200
2013-04-19,61.03190994262695,61.15740408621837,60.234166286885426,60.32380593781433,43062800
2013-04-22,61.65935516357422,61.883440620555426,61.022953286373046,61.24703874335425,34412100
2013-04-23,62.25092697143555,62.475012391546606,61.68623417463162,62.008917726675094,53078300
2013-04-24,62.224056243896484,62.44814173037425,61.95515776325096,62.09856891855264,44500700
2013-04-25,62.555702209472656,62.78875301896535,62.37642972580673,62.385395059626525,26437100
2013-04-26,62.358497619628906,62.537763240954206,62.08959234909586,62.40331744423278,24079800
2013-04-29,62.93216323852539,63.17417937826593,62.528812123685704,62.55570128620223,31664000
2013-04-30,63.389278411865234,63.398243742567765,62.77976585642255,63.01281658488277,30135800
2013-05-01,63.0934944152832,63.50581079429825,62.96800711899796,63.407212655996304,28537200
2013-05-02,63.89126205444336,64.02571473349249,63.147296490445825,63.20108166519388,31744200
2013-05-03,64.64417266845703,64.84136211883015,64.45594171227461,64.50972003159953,34061700
2013-05-06,64.89518737792969,64.99378558331645,64.70695630543204,64.76073465798868,19244300
2013-05-07,64.85930633544922,65.04753733095902,64.6172901708319,65.00271749646052,25838100
2013-05-08,65.17298889160156,65.22676719264666,64.71585281708964,64.8234162577227,24252100
2013-05-09,65.0833969116211,65.52260260209746,64.95790957148499,65.04754240893261,29337200
2013-05-10,65.47777557373047,65.50466473534891,65.10130679543519,65.2178356138427,20663700
2013-05-13,65.55844116210938,65.71978296569843,65.30746654286985,65.37021019767973,29730100
2013-05-14,65.89904022216797,66.09623649466546,65.54946749857498,65.57636349454296,36009800
2013-05-15,66.03350830078125,66.09625196230037,65.61222649977586,65.77356832061736,27214400
2013-05-16,65.96180725097656,66.41894360485213,65.9259595874013,66.08730142767814,27253400
2013-05-17,66.59819793701172,66.6250870966271,66.08728338868396,66.30240350415218,31114500
2013-05-20,66.49958038330078,66.71470043598129,66.23067518854276,66.47269123153362,25132400
2013-05-21,66.57129669189453,66.81331278644831,66.23068929937011,66.46374006191031,25900000
2013-05-22,65.98866271972656,67.1807916998714,65.64804857807702,66.6519535051629,59843200
2013-05-23,65.83633422851562,66.06041978659573,65.28060642114802,65.406093786589,48222100
2013-05-24,65.80046081542969,65.81838464410278,65.21783722463915,65.39710286555353,26430300
2013-05-28,66.2306900024414,66.81331349570443,66.02453523375345,66.57129739858155,27057100
2013-05-29,65.91699981689453,66.15005068108995,65.54053777065027,65.97077815534439,32090300
2013-05-30,66.26654815673828,66.58026641244491,65.92594074176324,65.94386456842714,32390500
2013-05-31,65.65702819824219,66.51751539222865,65.58531922244057,66.01556623870596,38347600
2013-06-03,65.7735824584961,65.79151313052499,64.92206017791143,65.66602578051351,47613100
2013-06-04,65.43292999267578,66.16792975466822,65.1640248052339,65.90798989708586,35251900
2013-06-05,64.58141326904297,65.4687895142548,64.52762812428767,65.2178149672085,48654200
2013-06-06,64.89518737792969,64.90415271620559,64.06158872055478,64.67110179087783,62524100
2013-06-07,65.78253936767578,65.85424836950995,65.00271935945965,65.16406119431309,31969800
2013-06-10,65.80943298339844,66.11419284252638,65.66602180858025,65.90803115795036,25390000
2013-06-11,65.15509796142578,65.7377147529702,64.93101247589445,65.15509796142578,40278900
2013-06-12,64.40216064453125,65.55844245326793,64.3035624938102,65.53155329189775,42081900
2013-06-13,65.21783447265625,65.3612456116271,64.13326166223423,64.31252729558419,28221500
2013-06-14,64.78760528564453,65.28955466859732,64.68900710848631,65.21785249856653,27690700
2013-06-17,65.41504669189453,65.79150871667268,65.07443233167382,65.29851784716756,32441900
2013-06-18,65.9528579711914,66.07834532688267,65.48675621701132,65.50468688985178,24853100
2013-06-19,65.21783447265625,66.04246732773895,65.14612548389805,65.97075833898073,43145100
2013-06-20,63.667144775390625,64.68001519221923,63.45202469935237,64.46488827763706,60908400
2013-06-21,63.32905960083008,63.81461618205618,62.79854140905063,63.64377029416775,51558900
2013-06-24,62.699642181396484,63.18519193316653,62.178117650764605,62.80753907726581,41492300
2013-06-25,63.158199310302734,63.40996780755941,62.77155287232225,63.302070943122004,28897400
2013-06-26,63.72471618652344,63.84160679973125,63.47294070701524,63.69773509715514,23742300
2013-06-27,63.99446487426758,64.39909888969177,63.958496948884516,64.05740702864286,23545000
2013-06-28,64.08438873291016,64.46204856339516,63.652787298328896,63.79665215646228,28301100
2013-07-01,64.48001098632812,65.01052922336937,64.4170688422906,64.51597890580373,24942800
2013-07-02,64.50701904296875,64.90265950452333,64.15634021938457,64.4530705655505,23067900
2013-07-03,64.76773834228516,65.07346218459617,64.21923965299682,64.27319495468596,18847500
2013-07-05,65.26231384277344,65.28928807396635,64.61490485342009,65.13642952375261,28795900
2013-07-08,65.32524108886719,65.63095811950105,65.08245934319507,65.60398389446621,20558500
2013-07-09,65.72086334228516,65.8647349983069,65.32523000858166,65.63094698736064,26108600
2013-07-10,66.09855651855469,66.19746661716853,65.62199342169615,65.65795449375426,25598900
2013-07-11,67.41134643554688,67.46529489682199,66.7639374595226,66.80889908403901,47768900
2013-07-12,67.70806884765625,67.75302360678307,67.27646062692315,67.45629338379031,31412600
2013-07-15,67.8609390258789,67.90589379272257,67.59118298409247,67.78000946927052,19783600
2013-07-16,67.77102661132812,67.96883994538128,67.60018065081974,67.91489147792873,31747100
2013-07-17,67.94185638427734,68.10370862459663,67.75302991393492,67.97782431103502,24631500
2013-07-18,67.77102661132812,68.10371797419414,67.66312281624153,67.93287887386727,36278800
2013-07-19,67.06965637207031,67.20453438909568,66.87184305530481,67.18655385491006,37732400
2013-07-22,67.2674560546875,67.42032141950602,67.06064910374646,67.32141136116768,21135900
2013-07-23,66.77290344238281,67.40232476328706,66.7189481433211,67.39333107008045,24739500
2013-07-24,66.98873138427734,67.45630071908407,66.8358728383002,67.42932648863878,24426900
2013-07-25,67.41134643554688,67.49226912745955,66.95276393416621,67.30344265281592,23162200
2013-07-26,67.77102661132812,67.78001344911587,67.03370116202352,67.1415980969286,20885600
2013-07-29,67.64513397216797,67.92387683334566,67.4652943357786,67.63614027530333,20958400
2013-07-30,68.00476837158203,68.29250479781223,67.7529998561528,67.88787780661204,24104600
2013-07-31,68.13069152832031,68.52633191284316,68.00480719873241,68.13968522619987,25007600
2013-08-01,68.82307434082031,68.92198445439762,68.52634400008843,68.59827987545059,16880000
2013-08-02,69.209716796875,69.22769733450738,68.67919832425926,68.83206376495465,18105300
2013-08-05,69.25460815429688,69.30856343815142,69.03880759940651,69.17368551877897,15462800
2013-08-06,68.84103393554688,69.22768057275773,68.56229107855089,69.16473841601088,23675400
2013-08-07,68.71511840820312,68.84999635715823,68.22057507560436,68.64318258740342,20281200
2013-08-08,69.05680084228516,69.2186529872349,68.6072123129999,69.09276188767262,19994000
2013-08-09,68.77808380126953,69.18271778500655,68.58026365724429,68.93993602272838,18558500
2013-08-12,68.93994140625,69.06582571497277,68.50834002210915,68.51732685831769,20515900
2013-08-13,69.32657623291016,69.47943474461037,68.53530258983338,69.02984604418918,23917000
2013-08-14,69.06582641601562,69.39852458397729,68.96691633527514,69.2996145032368,29921000
2013-08-15,67.89690399169922,68.32850540750037,67.699083817715,68.29253747948681,39406600
2013-08-16,67.86992645263672,68.22060515845028,67.75302897724522,67.90588751871667,23825000
2013-08-19,67.75301361083984,68.4543708633989,67.73503308187786,67.8788978941105,29586900
2013-08-20,68.04975128173828,68.36446202456183,67.82495691398151,67.87890536698563,18842800
2013-08-21,67.81593322753906,68.41838022025827,67.56416474462218,67.83392061070549,30705100
2013-08-22,68.48135375976562,68.52630851344996,68.0767198155319,68.11268773458684,17269500
2013-08-23,68.93994140625,69.02985778959764,68.6971664851933,68.96691563523626,20697300
2013-08-26,68.97590637207031,69.48843728135907,68.83204153692296,68.99389376407625,27525500
2013-08-27,67.56420135498047,68.49934684123042,67.4023491196645,68.15766183786577,40068900
2013-08-28,67.8249740600586,68.11271064911956,67.48328900435538,67.48328900435538,20490400
2013-08-29,68.301513671875,68.64319861016389,67.7080601621965,67.80697022383943,27287900
2013-08-30,67.8609390258789,68.37347001712824,67.61815721623489,68.37347001712824,26228500
2013-09-03,68.2475814819336,68.7331382110755,67.923876995839,68.41842056168636,27241500
2013-09-04,68.97590637207031,69.0927969793888,68.2745490077994,68.48136285478749,27142900
2013-09-05,69.09280395507812,69.29062412603541,68.9939007297802,69.02087496033242,17809700
2013-09-06,69.17372131347656,69.54238049967365,68.38244762930807,69.32657983311488,27715100
2013-09-09,69.9830093383789,70.09989998190814,69.44350403413162,69.47047827031666,25161900
2013-09-10,70.32466888427734,70.4235789544806,70.06390659557599,70.38761103257218,27619400
2013-09-11,70.1897964477539,70.2347580687431,69.76718190710412,69.85710514908253,28132900
2013-09-12,70.14484405517578,70.36064475081338,70.0009723512971,70.2077862105776,18332700
2013-09-13,70.1897964477539,70.26173229726454,69.81214352809332,70.21677067627535,16932500
2013-09-16,70.00096130371094,70.78324813468443,69.83910909248122,70.78324813468443,25704300
2013-09-17,70.46853637695312,70.55845274628169,70.11785773444626,70.1538187940343,27174300
2013-09-18,71.31375885009766,71.45763052991167,70.43256882186428,70.57643364149901,31714700
2013-09-19,71.484619140625,71.6554650797409,71.35873482554402,71.53856760132238,26435700
2013-09-20,71.23932647705078,71.73536202619871,71.20325053885986,71.65418944507375,26328900
2013-09-23,71.09500122070312,71.61809179445723,70.76130408625056,71.53691924574005,30319400
2013-09-24,71.09500122070312,71.4737880993062,70.86051115647217,71.24831873621692,21871300
2013-09-25,70.85147094726562,71.24829911889036,70.70717417262381,71.14909207598419,22746400
2013-09-26,71.40166473388672,71.573023720039,71.11306410924067,71.1401193426791,22421700
2013-09-27,71.31147003173828,71.43773236028146,70.8785657047468,70.98679350668989,25151600
2013-09-30,71.14008331298828,71.32947673191856,70.34643371735974,70.57190305619744,28031900
2013-10-01,71.86156463623047,71.89764054443413,71.1130050227505,71.14908093095416,33129700
2013-10-02,71.83454132080078,71.93374839221615,71.30243003950204,71.37458188794577,25503800
2013-10-03,70.99581146240234,71.89768913467721,70.61702449143424,71.74437158177783,42998200
2013-10-04,71.60907745361328,71.70828453264643,70.93266930426702,70.99580045630816,22852700
2013-10-07,71.0137939453125,71.56393947268434,70.95066282975058,70.97771803916633,20227100
2013-10-08,69.64295959472656,71.07694106280496,69.61590437921974,71.01380993303002,43660700
2013-10-09,69.4265365600586,69.84139940577265,68.85834930204054,69.80532347821756,64526700
2013-10-10,70.89656829833984,71.05890647198866,70.1570292585568,70.17506377528353,48062700
2013-10-11,71.45574951171875,71.50985995393187,70.70718961747104,70.7162103180994,25214100
2013-10-14,71.9607925415039,71.9607925415039,70.95970816093076,71.01381859854727,31471900
2013-10-15,71.68121337890625,72.24939362101792,71.59102014107883,71.90668271191885,38684000
2013-10-16,72.49292755126953,72.52900348521322,71.96082300735702,72.01493346788213,46735900
2013-10-17,72.90776062011719,72.93482272008066,72.10509034065151,72.16822147901023,32193500
2013-10-18,74.08924102783203,74.1162962530126,73.36773624604558,73.57517110706254,39628200
2013-10-21,74.25155639648438,74.44094979521074,74.01706638248997,74.26057021491604,31176900
2013-10-22,74.35980987548828,74.76565894855946,73.89083652260165,74.54018953489118,43944800
2013-10-23,73.90886688232422,74.13433628328406,73.54812134541253,73.9990601473322,38021300
2013-10-24,74.23356628417969,74.38689075355259,73.84575851959119,73.95398634253989,23155100
2013-10-25,74.76564025878906,75.10835120481367,74.40488791094388,74.92797847128045,35824500
2013-10-28,74.78369140625,74.90093990181494,74.45000108694737,74.77467758411443,28618400
2013-10-29,74.90994262695312,75.09032225464726,74.58526617788293,75.0362049259494,36878100
2013-10-30,74.83781433105469,75.29776700240218,74.47706187606744,75.17150467527377,33535500
2013-10-31,74.66644287109375,75.12640234624634,74.38686303363808,74.64840146693426,31309900
2013-11-01,74.68448638916016,75.00916289533764,74.31472012871274,74.91897650601733,30867800
2013-11-04,74.79268646240234,74.91894873680691,74.53114121377061,74.90992803698433,16834000
2013-11-05,74.8738784790039,75.05425813507159,74.28766351892983,74.50411222543073,27975600
2013-11-06,74.85581970214844,75.21657201662767,74.61231584632236,75.18951679717789,25576800
2013-11-07,73.44891357421875,74.97308203157647,73.38578241776938,74.86486112382325,52173200
2013-11-08,74.44094848632812,74.45898300365178,73.51201602667031,73.71944393939026,31470500
2013-11-11,74.32371520996094,74.53114314581214,74.08020447388405,74.33272902923929,24822900
2013-11-12,74.44094848632812,74.549176232602,74.06216169553554,74.09823761096015,20108500
2013-11-13,75.34285736083984,75.35187806367749,73.95396499739036,73.95396499739036,31345900
2013-11-14,75.57734680175781,75.63145725674548,74.98210427377292,75.14444251951605,31101200
2013-11-15,75.72164154052734,75.72164154052734,75.40598576055926,75.59537922854011,20511300
2013-11-18,74.98208618164062,75.85690835701959,74.83778937623028,75.70359085102783,31679600
2013-11-19,74.76564025878906,75.29774463925717,74.63937796916005,74.936992291412,25545300
2013-11-20,74.58528900146484,75.24366280265141,74.36884026277642,74.96408289514629,32177400
2013-11-21,75.34285736083984,75.405988519143,74.83780809441465,74.9009392527178,28125000
2013-11-22,75.74868774414062,75.7757429676608,75.41499747968614,75.46910792672651,25361300
2013-11-25,75.9290771484375,76.10042921306157,75.73968367862352,76.01926353204702,21695100
2013-11-26,76.3259048461914,76.5152983314736,75.78477961955934,75.94711787562701,26621000
2013-11-27,76.85801696777344,76.87605149382462,76.41609883132283,76.47922999367292,21638100
2013-11-29,77.31797790527344,77.41717812151468,77.08348777769588,77.16465346756075,16708900
2013-12-02,77.09245300292969,77.52535013224303,76.97520458312647,77.40810859321563,26354600
2013-12-03,77.02935028076172,77.23677822479709,76.73172909415965,77.03836410039571,37147000
2013-12-04,77.10149383544922,77.35401839616208,76.46116173341927,76.70467247466254,37193200
2013-12-05,77.00228118896484,77.25481261213615,76.81288778216965,77.16461937775755,39829300
2013-12-06,77.56146240234375,77.72380062213796,77.19168933695398,77.65164877316741,36842900
2013-12-09,77.87709045410156,78.03942861618204,77.74180750557174,77.87709045410156,22590000
2013-12-10,77.822998046875,77.96729484614916,77.66968054740302,77.75084620684883,26965900
2013-12-11,76.8218994140625,77.92219068814217,76.7136716740495,77.81396294812917,36830600
2013-12-12,76.6235122680664,77.03837509612913,76.56940181942585,76.84898164510784,33662600
2013-12-13,76.52433013916016,77.02036568267401,76.39806779731691,76.98428974489286,34072000
2013-12-16,76.94817352294922,77.39009148804621,76.84896646618365,76.90307690413653,24902500
2013-12-17,76.79486846923828,77.13757943308994,76.65056477028237,76.94818598879462,24454900
2013-12-18,77.68773651123047,77.75988837117278,75.80281561550319,76.88506599151751,68387200
2013-12-19,77.47127532958984,77.57048240083071,77.12855749047448,77.56146169959636,44964100
2013-12-20,78.26022338867188,78.42307730882317,77.56357472630305,77.6178570654744,40475400
2013-12-23,79.08354949951172,79.08354949951172,78.66736185276537,78.90259684817899,28181800
2013-12-24,79.1197280883789,79.17401733164023,78.95687416386977,79.10163627571674,13852500
2013-12-26,79.38208770751953,79.44541939260418,79.11066915828647,79.26447369311546,15241100
2013-12-27,79.18304443359375,79.52685093124984,79.08352912929108,79.48161105441001,15827400
2013-12-30,79.06541442871094,79.17398596958928,78.83922889552373,79.06541442871094,18983700
2013-12-31,79.58112335205078,79.58112335205078,79.18303457386507,79.21018263817018,24890500
2014-01-02,78.95687866210938,79.23735354413242,78.73069302644056,79.2102123722742,29177500
2014-01-03,78.38687133789062,79.02923753452782,78.36877952927706,78.95685649480187,35723700
2014-01-06,78.09732818603516,78.49541686989345,77.80781102576556,78.40494405155299,32073100
2014-01-07,78.82115173339844,78.93876574755761,78.31449135114029,78.4592534325386,25860600
2014-01-08,78.99305725097656,79.21020039829294,78.66734943263877,78.83925269860504,27197400
2014-01-09,78.73066711425781,79.29160979104617,78.45924858236839,79.2825604358592,23674700
2014-01-10,78.98402404785156,79.07449691851167,78.33260833487866,78.92069234812573,38008900
2014-01-13,77.81688690185547,79.1468591829381,77.51832028719693,78.87543373276927,48842300
2014-01-14,79.30068969726562,79.36402140270226,78.07928857662274,78.07928857662274,37178900
2014-01-15,79.95207214355469,80.10587666370125,79.56303271441996,79.64445620062627,39835600
2014-01-16,79.96114349365234,80.07876444197211,79.76210593233776,79.8887693361915,31630100
2014-01-17,79.5087661743164,79.9520949567214,79.31877108298738,79.71685998061236,36895800
2014-01-21,80.11493682861328,80.1511204478304,79.44542252828047,80.0154146191756,26412700
2014-01-22,80.32303619384766,80.52208064368098,80.08780121653216,80.32303619384766,29376900
2014-01-23,80.05162811279297,80.0878117423934,79.49068521705102,80.07876928631241,35011900
2014-01-24,78.47734832763672,79.78017950091356,78.45020716196616,79.66256548212905,63974600
2014-01-27,77.71736145019531,78.6130543541159,77.12927760115498,78.4773416347011,63519300
2014-01-28,77.67212677001953,77.75355716816782,77.18356508903814,77.35546833863421,44378800
2014-01-29,76.8397445678711,77.57258343846215,76.68594007202951,77.00259841718402,51939300
2014-01-30,78.26022338867188,78.5316488898031,77.69928057423142,77.78071098562567,65833600
2014-01-31,78.05213165283203,78.42307938736722,77.31024308639905,77.39167349995157,45187000
2014-02-03,76.26071166992188,78.26019086248543,76.0616673055033,77.90734199924682,65596900
2014-02-04,76.82167053222656,77.12927959505896,76.41453236345707,76.64976728968149,37675500
2014-02-05,76.62264251708984,76.89406111836345,75.76313302313017,76.56835327472528,41721800
2014-02-06,77.59976196289062,77.69928419109563,76.83073221073721,76.84883092639497,32308600
2014-02-07,78.98402404785156,79.03830638972012,77.80785602135741,78.03404164932647,38359400
2014-02-10,79.43638610839844,79.47256973036389,78.90258449881168,78.95686683439662,30205400
2014-02-11,80.34111785888672,80.49492239106753,79.51779906432616,79.60827191251275,38635500
2014-02-12,80.49491119384766,80.67585686505046,80.25062694482547,80.50396054819826,32507200
2014-02-13,81.09205627441406,81.15538796431503,79.88875416629583,79.90684597656617,40454500
2014-02-14,81.25487518310547,81.43582772106004,80.82060289728156,81.06488019522831,33212400
2014-02-18,81.65299224853516,81.80679678228759,81.19157174464193,81.39061615426787,29546600
2014-02-19,81.09205627441406,81.68918955288298,80.92920237143495,81.49919448318009,41749900
2014-02-20,81.47203063964844,81.6258351433644,80.80251650117674,81.14632292434723,41814800
2014-02-21,81.36347961425781,81.85204131038917,81.2639574037883,81.73442038748719,31192200
2014-02-24,81.79776000976562,82.16870078767226,81.46300285190749,81.55347570730157,31500400
2014-02-25,81.70726776123047,82.07821538506714,81.44489168885131,81.91536150919853,26771700
2014-02-26,81.63493347167969,82.18682014535776,81.30922556097998,81.924450847564,42953700
2014-02-27,82.16455841064453,82.24631990071248,81.51952568538059,81.6467148463459,28742400
2014-02-28,82.07367706298828,82.63694811970623,81.3468830779483,82.14635854087845,48609800
2014-03-03,81.4649887084961,81.68303315134028,80.73819469287803,81.30145884200671,38885700
2014-03-04,82.50067901611328,82.65512890243404,82.27355457708089,82.35532297940222,33189000
2014-03-05,82.7278060913086,82.87316906393954,82.46434090188103,82.63695769905827,27203300
2014-03-06,82.65513610839844,82.9821889523331,82.3553301592292,82.9185943811113,24063900
2014-03-07,82.24629974365234,83.00035453549131,81.82839161271801,82.91858613417386,31167800
2014-03-10,82.31897735595703,82.36440501358481,81.79204702513933,82.20087514992716,18131700
2014-03-11,81.96466827392578,82.72780305839659,81.71936999942604,82.51885245701007,27484300
2014-03-12,82.27360534667969,82.31903303503393,81.2924324323739,81.59223160911874,27977200
2014-03-13,81.11067199707031,82.60969455968333,80.73819155145739,82.58244073821011,48542000
2014-03-14,80.55652618408203,81.20155901390143,80.52018542773143,80.84724530359628,38732300
2014-03-17,81.2651596069336,81.68307487018741,81.02895507014446,81.07437582046958,28467200
2014-03-18,82.24629974365234,82.3462350501027,81.33780199867655,81.3650558220198,31250200
2014-03-19,81.80117797851562,82.36444935240095,81.26516044136342,82.2735939882357,40869400
2014-03-20,82.0282974243164,82.2735888709489,81.38326458035174,81.5467945218703,31634500
2014-03-21,81.0412368774414,82.5436881640357,80.88644067656244,82.4981566004166,62754000
2014-03-24,80.33096313476562,81.39633468857187,79.59339928169038,81.33259468827079,77735300
2014-03-25,80.59506225585938,81.26888637132954,79.9212311932475,80.74985846734789,41723300
2014-03-26,79.55699920654297,81.17782279610968,79.54789150459567,80.99570349286894,40930400
2014-03-27,79.11077880859375,79.80281797519285,78.67370655915927,79.44769416735052,64784500
2014-03-28,79.26560974121094,80.13976149438761,79.04706659256134,79.36577361422353,39895100
2014-03-31,79.83014678955078,80.36738990918705,79.78462218604417,79.88478603975366,33924300
2014-04-01,81.23245239257812,81.28708470814986,79.86658892615786,80.22171287165585,38683800
2014-04-02,81.4418716430664,81.66040780901221,81.07764006839709,81.57845240482037,34631600
2014-04-03,80.79534912109375,81.66039287397673,80.3309537746461,81.52380519006411,30319100
2014-04-04,78.64639282226562,81.41454262636034,78.43695744210345,81.33258723511831,131213200
2014-04-07,77.89976501464844,78.88318163095889,77.35341395907987,78.1547251354379,83995800
2014-04-08,78.61905670166016,78.72832822283286,77.71758923018122,77.99076455954439,51495700
2014-04-09,79.96675872802734,80.0122902924714,78.70105904446571,78.91049451491048,45685200
2014-04-10,77.4899673461914,80.02136591837443,77.27143118919827,80.02136591837443,73659600
2014-04-11,76.5885009765625,77.79956798164376,76.40638866703208,76.79792943780856,93657400
2014-04-14,77.18948364257812,77.5992467941662,76.47923584972662,77.26233135136799,46500700
2014-04-15,77.44444274902344,77.89062276250033,75.83272035483718,77.47175890025724,84631500
2014-04-16,78.47339630126953,78.47339630126953,77.48086540092342,78.11827241460487,46970900
2014-04-17,78.49161529541016,78.8831630880514,77.97258747234066,78.17291521933952,53719500
2014-04-21,79.07439422607422,79.07439422607422,78.30951393620899,78.67374562301502,25947900
2014-04-22,79.70265197753906,79.90297964774214,79.21094049989641,79.34752817932014,38593400
2014-04-23,79.0015640258789,79.73002054990025,78.95603245375271,79.70270438548155,34376700
2014-04-24,79.75727844238281,80.32183756741605,78.9013424783396,80.30362912015448,48926300
2014-04-25,78.48249816894531,79.3748581957877,78.29127816319337,79.28380204263999,44334000
2014-04-28,78.73746490478516,79.3202326712954,77.49908166416593,78.85583721927826,58623800
2014-04-29,79.36575317382812,79.51144162159902,78.59175854586329,78.97420548393183,36742700
2014-04-30,79.5751953125,79.65715072302338,78.80120749849476,79.00153522739636,38689400
2014-05-01,79.81193542480469,80.26722312609034,79.50233617541815,79.70266387552608,37127200
2014-05-02,79.6662368774414,80.23079610569488,79.47501688411491,80.08510071241447,40074200
2014-05-05,80.0851058959961,80.10332129490452,79.00152586367695,79.19274586938033,27924400
2014-05-06,79.04708099365234,80.00318833854497,79.01065712890825,79.95765677082937,33698500
2014-05-07,78.81940460205078,79.29290770165692,77.88151304919965,79.21095230293551,67489100
2014-05-08,78.74659729003906,79.70269770021089,78.35504942288051,78.53716180182506,46556900
2014-05-09,79.03791809082031,79.09255037140854,78.1728676144006,78.70100281720805,35081500
2014-05-12,80.34009552001953,80.36741167895069,79.43862059244441,79.51146831435493,38951100
2014-05-13,80.39470672607422,80.68609059005719,80.23991056802,80.41291517819971,30311900
2014-05-14,79.975830078125,80.44932617627002,79.78461009923154,80.14883466066392,26483600
2014-05-15,79.34754943847656,80.09422107928827,78.83762937562169,79.95763336326934,59680300
2014-05-16,79.86656951904297,79.91210106904941,78.89225409430183,79.43859795868337,66804100
2014-05-19,80.4220199584961,80.54949996016488,79.49323609674646,79.62981685057798,32017000
2014-05-20,80.1306381225586,80.67698199305728,79.80283041083153,80.38559813231537,33716000
2014-05-21,80.89554595947266,80.94107752564025,80.23082955513205,80.27636112129966,36837700
2014-05-22,81.25065612792969,81.47830000630913,80.85910837923147,80.98658839535277,30617100
2014-05-23,81.84249877929688,81.8607141742067,81.15046660975176,81.33257887602413,22687300
2014-05-27,82.86235046386719,82.88055891272289,82.13388746115379,82.20673515085274,29725200
2014-05-28,82.60738372802734,82.95339980503695,82.54364374154828,82.8350275293294,30468100
2014-05-29,83.13554382324219,83.14464457607107,82.73488839030506,82.89879225403938,33036100
2014-05-30,83.14462280273438,83.27210278035088,82.70755057866,83.15373050031776,29906400
2014-06-02,83.06267547607422,83.26300314275984,82.53454016338262,83.2447877473496,30409900
2014-06-03,83.02626037597656,83.16284806738622,82.68024424525885,82.78950884067572,21774500
2014-06-04,83.33584594726562,83.47243362767445,82.68933833694443,82.81681831942252,20118300
2014-06-05,84.03702545166016,84.19182164094039,83.12644982463661,83.40872604592889,35583100
2014-06-06,84.51960754394531,84.51960754394531,84.18269214818886,84.34659599651107,22680600
2014-06-09,84.45586395263672,84.6652993404732,84.22822011448946,84.5378123997432,23399500
2014-06-10,84.6015625,84.64708710104472,84.28285555699259,84.3830194052854,20626000
2014-06-11,84.5833511352539,84.70172344018145,84.22822727333208,84.31017572740363,22878200
2014-06-12,83.81847381591797,84.49229771066923,83.527089946798,84.40124155415789,35275900
2014-06-13,84.06431579589844,84.27375118254594,83.70008426750286,84.18268809009311,39447100
2014-06-16,84.13714599609375,84.38299823203523,83.73649070345431,83.91860990335276,25212300
2014-06-17,84.18269348144531,84.41033733287934,83.93684117863774,84.07342887892595,19977900
2014-06-18,84.65619659423828,84.77456889602988,83.75472888763696,84.26464889183342,34514000
2014-06-19,84.6015625,84.83830709856585,84.21911555781888,84.78367479845663,38422200
2014-06-20,84.70108795166016,84.7923957675068,84.48196451840656,84.6371766600525,25897500
2014-06-23,84.71935272216797,84.74674228073474,84.46370755446694,84.6919631636012,20837900
2014-06-24,84.63716125488281,85.43149313383387,84.39064830806743,84.71020470794186,31945800
2014-06-25,85.17584991455078,85.32192985812141,84.4363040917953,84.44542929927599,32818600
2014-06-26,85.22151947021484,85.23978382163871,84.56414910094661,85.23065164592677,22563900
2014-06-27,85.59584045410156,85.61409783510989,85.08455019618074,85.11193975059689,22877800
2014-06-30,85.7419204711914,85.95191168203537,85.52279012186713,85.57757619210159,19751900
2014-07-01,86.68234252929688,86.91059811256062,86.00670098745474,86.04322271667384,31862500
2014-07-02,86.82843017578125,86.95625275647298,86.65496065387575,86.73712932754547,18777300
2014-07-03,87.3762435913086,87.3762435913086,86.87408543528996,87.11147321704527,15291700
2014-07-07,87.1114501953125,87.38535267189735,86.947105923039,87.27578750177952,23266400
2014-07-08,86.0615005493164,87.01104476037625,85.70542234089505,86.94713346568034,40612400
2014-07-09,86.70060729980469,86.80104032226444,86.04323004945287,86.2897500012389,29919000
2014-07-10,86.42668151855469,86.78275960578878,85.48626283693493,85.58669583239134,44245300
2014-07-11,86.98361206054688,86.98361206054688,86.38102109913167,86.64579834298885,19566300
2014-07-14,87.50405883789062,87.70492486978135,87.23015631188233,87.3762362659252,19579000
2014-07-15,87.2027816772461,87.76885117400879,86.58192609326102,87.64102858017148,39467500
2014-07-16,87.54969787597656,87.92404032017512,87.45839704947655,87.83273252786856,22052600
2014-07-17,86.39016723632812,87.62274587258611,86.11625777680105,87.31231468740164,43111500
2014-07-18,87.75971984863281,87.80536679136006,86.73713220338607,86.83756522951782,36682200
2014-07-21,87.65016174316406,87.79624868965766,87.23930439631658,87.57711826991726,29750700
2014-07-22,88.20709228515625,88.3440470346907,87.96970451701704,88.06100536143738,25770400
2014-07-23,88.7731704711914,88.87359652603055,88.35317403986235,88.5175183494843,28947500
2014-07-24,88.67274475097656,89.02882295683874,88.54492216250341,88.92838992792288,24707200
2014-07-25,88.3258056640625,88.4445030619149,87.86016914664224,88.21624740857996,29898900
2014-07-28,88.35319519042969,88.58145084366775,87.66842823071553,88.41710649470396,25603400
2014-07-29,88.19796752929688,88.74577960770324,88.12492406129375,88.54492051940743,27022200
2014-07-30,88.54491424560547,88.85533851391101,88.19796128007808,88.69099420545278,35348500
2014-07-31,86.75537109375,87.96056018461353,86.62754853606803,87.81448024689426,50047900
2014-08-01,86.43584442138672,87.04756786718444,85.86064271402893,86.5727991990841,60708000
2014-08-04,87.02928161621094,87.36710236037956,86.29886102128684,86.61842438519552,33230500
2014-08-05,86.36280059814453,86.92887709297908,85.9610754085352,86.68236406675993,50331100
2014-08-06,86.2988510131836,86.83753770677505,85.75103911342394,85.82408255760689,34431900
2014-08-07,86.02494812011719,86.8649268266419,85.72364913870956,86.7005825609474,33274700
2014-08-08,86.64582061767578,86.74625363136501,85.79670957108986,86.16191989670455,40236900
2014-08-11,87.15711975097656,87.4310292644742,86.91973197033248,86.98364326137417,28277500
2014-08-12,87.12057495117188,87.34883049671517,86.67319603233281,87.06579584929955,28152300
2014-08-13,88.042724609375,88.07924633061062,87.43100145174195,87.47664837893193,27996500
2014-08-14,88.49925231933594,88.51750970048421,88.04274116674797,88.16143155873019,25006600
2014-08-15,88.92838287353516,89.13837412402232,88.08840393997033,89.0105515456889,55205500
2014-08-18,89.6131362915039,89.69530495138928,89.26618337428022,89.39401289933586,38938300
2014-08-19,90.11530303955078,90.17008911722762,89.7683570547002,89.82313616656931,21363400
2014-08-20,90.11530303955078,90.29791168879402,89.96009091204982,90.0422665456612,23435600
2014-08-21,90.29794311523438,90.34359006907593,90.02403352894447,90.16098832208942,19339500
2014-08-22,90.43485260009766,90.61745425559988,90.133553599293,90.33441959982945,24692000
2014-08-25,90.75440216064453,91.01004724546058,90.53527879734594,90.86396035939076,24124700
2014-08-26,90.84576416015625,90.94619722051274,90.63576586146245,90.8914180842495,20100400
2014-08-27,90.86397552490234,90.9735407077415,90.67224167928927,90.87310769825743,15589100
2014-08-28,90.76354217529297,90.87310038350606,90.46224317109353,90.55354399987334,23563900
2014-08-29,91.10138702392578,91.22008441106745,90.63574358271337,90.96443225112107,17906300
2014-09-02,91.36617279052734,91.39356235444362,90.99183714065532,91.32051887346039,18326800
2014-09-03,90.82748413085938,91.61267709622612,90.66313979722236,91.61267709622612,25950700
2014-09-04,90.74529266357422,91.50310290135359,90.51703707140993,91.03745954291222,24663500
2014-09-05,91.20182037353516,91.25659949652197,90.41662043694829,90.88226387976356,30798200
2014-09-08,91.37527465820312,91.60353023620674,90.95528523057335,91.22918774469323,25571300
2014-09-09,90.61747741699219,91.72223373650635,90.44400092386066,91.38441292509455,36449200
2014-09-10,91.36617279052734,91.40269453101897,90.48053973958243,90.73618495721401,31080100
2014-09-11,91.2930908203125,91.33874471813174,90.60832414786472,90.97353443299822,28691900
2014-09-12,90.82748413085938,91.23834148204737,90.54444241049008,91.21095192074272,30444400
2014-09-15,89.95095825195312,90.93702405511381,89.67705572828027,90.92789188124907,32972200
2014-09-16,90.73613739013672,90.909613825077,89.52182324297296,89.61312406343403,38166900
2014-09-17,90.87311553955078,91.30223716877327,90.32530350969972,90.71790340815777,37196500
2014-09-18,91.55787658691406,91.56700876048548,91.05571849340498,91.15614453946083,30196700
2014-09-19,91.50114440917969,92.0319518848819,91.13506523179987,91.94043383613183,46918000
2014-09-22,90.6500244140625,91.29065781631253,90.25649047200022,91.28150391560027,48658000
2014-09-23,90.40289306640625,90.80558079824436,90.2198569968681,90.2839203194443,33989600
2014-09-24,91.37301635742188,91.41877887578902,90.18326768605606,90.49443046733667,35959000
2014-09-25,89.45109558105469,91.199120175629,89.41448696844603,91.08014043905612,68642500
2014-09-26,90.40289306640625,90.56762832194198,89.58837068691805,89.74395204426332,56106200
2014-09-29,90.2839126586914,90.53101202983893,89.46023645090317,89.50599895559391,33342700
2014-09-30,90.41205596923828,90.87880707013895,89.981913482367,90.53102872804939,41834300
2014-10-01,88.96602630615234,90.24729956767932,88.68231834182319,90.15578154522258,58164900
2014-10-02,88.96602630615234,89.2405873559001,87.83118746645819,88.92941770069415,54501300
2014-10-03,89.8446273803711,90.21070651569228,89.17653941711026,89.48770214358709,41627800
2014-10-06,89.6524429321289,90.34799263387954,89.37788880049675,90.12834793209798,36038700
2014-10-07,88.38031768798828,89.48770200843785,88.37116378946493,89.23144870881366,45154000
2014-10-08,90.10089111328125,90.38460614175574,87.91357692899811,88.4260905707439,64931600
2014-10-09,88.645751953125,90.21073392429004,88.50847136287246,89.98193526799606,62497100
2014-10-10,86.43094635009766,88.61826002738852,86.41263855514693,88.12405429938778,77579400
2014-10-13,85.07644653320312,86.93428952277095,85.00322932613219,86.27534862388681,80835900
2014-10-14,85.08564758300781,86.18387836818803,84.84769501934571,85.60730825332557,71814500
2014-10-15,84.5364990234375,84.89342423770438,82.58713071834174,83.80434079898434,108847800
2014-10-16,84.00569915771484,84.728703608986,82.72442553498595,82.75188025122495,93165800
2014-10-17,85.11308288574219,85.92760537842399,84.61887705045557,85.11308288574219,69546700
2014-10-20,86.38519287109375,86.45841009379095,84.93003722747503,85.10391940340753,41479300
2014-10-21,88.65487670898438,88.65487670898438,87.23632271336174,87.45596739612871,53609800
2014-10-22,88.1972885131836,89.04841960060952,88.14237210012499,88.92943985763193,39178000
2014-10-23,89.5243148803711,90.01852068846942,88.9294371308613,89.08501850126845,48123800
2014-10-24,90.2564926147461,90.320555956492,89.35959884792283,89.7165241779901,43157600
2014-10-27,90.3205337524414,90.48526901677309,89.70734822375309,90.08258126343368,29545700
2014-10-28,91.68416595458984,91.70246676848333,90.67745361336515,90.74151693556004,34495100
2014-10-29,91.34556579589844,91.62928085440076,90.69577850332135,91.38217441578198,40552800
2014-10-30,91.53775787353516,91.75740959777957,90.73238916511364,90.93373308781413,35935800
2014-10-31,92.80069732666016,93.1210139141645,92.49868155170837,93.05695059666363,54254100
2014-11-03,93.07527923583984,93.32238566463316,92.82817978942654,92.96546036293616,33481000
2014-11-04,92.76412963867188,93.00208220108682,92.13264310019338,92.78243045929717,22773300
2014-11-05,92.77324676513672,93.3772713596722,92.4529231809307,93.3772713596722,25818600
2014-11-06,93.06614685058594,93.093601573099,92.36144305497221,92.76413093818005,24671900
2014-11-07,92.98374938964844,93.26746440089163,92.49869747615345,93.23085578710608,20931700
2014-11-10,93.3132095336914,93.43218227845325,92.78239516651698,93.0295015364402,20360000
2014-11-11,93.6061019897461,93.6061019897461,93.07528744926984,93.33154780087882,15454000
2014-11-12,93.77083587646484,93.87150783890634,93.23087442553368,93.23087442553368,22050300
2014-11-13,94.17352294921875,94.5212943732687,93.73422648197314,93.94472430599052,28027800
2014-11-14,94.46637725830078,94.46637725830078,93.83489081993443,94.14606058028158,19251300
2014-11-17,94.18264770507812,94.45720180256262,93.73419747581032,94.24671102606234,23361600
2014-11-18,94.88738250732422,95.01550920097066,94.25589595836601,94.26504986002108,26336800
2014-11-19,94.45724487304688,94.7867155261625,94.01795532381371,94.7867155261625,23760200
2014-11-20,94.878173828125,94.96054493070172,93.98128749041382,94.05449771424334,22874000
2014-11-21,95.06123352050781,95.81169255983806,94.75921772870485,95.72016754483475,34049100
2014-11-24,95.80255889892578,95.84832141609418,95.23513580498465,95.31750693941181,17928300
2014-11-25,95.94898223876953,96.23269726466813,95.70188281092699,95.94898223876953,17526000
2014-11-26,96.57130432128906,96.62622073006867,95.93982497054296,96.04049690719704,18973800
2014-11-28,97.01976013183594,97.23940483239119,96.7635068174583,96.82757014605271,17360400
2014-12-01,95.92151641845703,96.9373826931491,95.56459118490345,96.7543466183345,35969500
2014-12-02,96.30590057373047,96.47978274508289,95.82084172292211,96.02218558884663,26031300
2014-12-03,96.47977447509766,96.6170550066769,95.87574991147795,96.45231976525737,32974300
2014-12-04,96.43403625488281,96.80926232731892,96.03134848530141,96.38827374201978,31008800
2014-12-05,96.44319152832031,96.73605348183432,96.23270070862137,96.58962599626719,25622200
2014-12-08,95.75679016113281,96.61707515487777,95.25343741687855,96.19608655732027,32685800
2014-12-09,96.05879211425781,96.13200933343725,94.30162074822111,94.64024515014229,46035100
2014-12-10,94.54874420166016,96.12287990281114,94.37486198982145,95.88492737109804,39330100
2014-12-11,94.9971923828125,96.13203161359802,94.8049953923271,94.82330319255426,47576000
2014-12-12,93.96299743652344,95.17105363748766,93.95385052080363,94.09112408038492,46889400
2014-12-15,92.99291229248047,94.79584654730284,92.72750505362227,94.44806817385702,52968400
2014-12-16,91.50114440917969,93.77997664024026,91.48283661000194,92.40718496185059,65348600
2014-12-17,93.16677856445312,93.43217875565526,91.44620888501971,91.56518860767387,79715300
2014-12-18,95.40901947021484,95.41817336959475,94.24672561462319,94.5029789382258,49840900
2014-12-19,95.82882690429688,96.21463913541001,95.26847756503402,95.50731671170259,51419900
2014-12-22,96.06765747070312,96.09521448355045,95.62672423995814,95.67265726696763,33869200
2014-12-23,95.7277603149414,96.42590159672896,95.61752526779753,96.41671359070152,30156900
2014-12-24,95.8104476928711,96.17788386904806,95.78288367210158,95.84718570377213,14291300
2014-12-26,96.490234375,96.69232852164326,96.05848906324347,96.08604608171348,13924300
2014-12-29,96.4718246459961,96.68310672776478,96.34322059914382,96.39834162521974,17073800
2014-12-30,95.82882690429688,96.41673325886829,95.70022282725915,96.19627012800315,18604000
2014-12-31,94.84591674804688,96.37080361621035,94.70812466828329,95.99417239874963,24367100
2015-01-02,94.56114196777344,95.71857849986742,94.10183975422629,95.31439731765494,31314600
2015-01-05,93.1740493774414,94.2580029056781,92.90765324669557,94.1477678489708,36521300
2015-01-06,91.92476654052734,93.46802262439127,91.51139725365552,93.31186151676388,66205500
2015-01-07,93.10977172851562,93.33023489126575,92.31058312699975,92.53105329814746,37577400
2015-01-08,94.89185333251953,95.07557144015638,93.79871166940957,93.89975873112881,40212600
2015-01-09,94.26722717285156,95.21338899624882,93.71605868570114,95.18583197357098,41410100
2015-01-12,93.2843017578125,94.55197360758274,93.04546259479015,94.4509265389347,34129800
2015-01-13,93.2567367553711,95.18581203961072,92.50348125686503,94.1937173805841,56162300
2015-01-14,92.74230194091797,93.21998016679423,91.92474456304055,92.31974474627086,51354200
2015-01-15,91.5389175415039,93.32100507194481,91.42868250531805,93.17403203209145,51005400
2015-01-16,92.61370849609375,92.73312456205078,91.27254672240595,91.41951980293796,35362200
2015-01-20,93.34861755371094,93.5874497435232,92.12687154980192,93.17408040789591,30964100
2015-01-21,93.8262710571289,94.26720433836161,92.74231737451181,93.07301558333714,40128800
2015-01-22,95.56241607666016,95.66346312288192,93.36695208765163,94.19369746201363,40887200
2015-01-23,95.77369689941406,96.06765002767081,95.27764968140667,95.55322679692495,34783000
2015-01-26,95.6634521484375,95.8379892097788,95.1765929861641,95.6634521484375,19960900
2015-01-27,93.18326568603516,94.21209849419905,92.8709364347012,94.15698445330396,45253200
2015-01-28,92.70557403564453,94.78162238247754,92.6872050274411,94.6805753163664,43591700
2015-01-29,93.59659576416016,93.77113283167446,91.82368910530904,92.63205840254255,46539700
2015-01-30,92.87094116210938,94.23047931004207,92.74233705454256,93.51396870834171,42927600
2015-02-02,93.67927551269531,93.76194654088582,91.63078471065795,93.08218127831528,43624700
2015-02-03,94.57952880859375,94.64383085028072,93.40371604151952,94.01917944172293,30750400
2015-02-04,94.49684143066406,95.12149273128955,93.98241817765764,94.1937002829203,34073200
2015-02-05,95.31437683105469,95.37867884679457,94.49681962733582,94.73565168100164,23605500
2015-02-06,94.7356948852539,95.69104456078702,94.39581565065278,95.46139339864148,34169300
2015-02-09,94.43254852294922,94.88266278046788,94.20289739036266,94.36824648616084,22604700
2015-02-10,95.90228271484375,96.03088674597149,94.80914144186391,94.95612148223508,23686500
2015-02-11,96.25138092041016,96.4718440438582,95.82882368030293,96.01254178177692,20303600
2015-02-12,97.37207794189453,97.4088229632575,96.72905758903296,96.87603066608865,22520300
2015-02-13,98.20799255371094,98.22636155666758,97.46391827866147,97.64764335020233,29030200
2015-02-17,98.29986572265625,98.36416775484467,97.95997954771977,98.20800667787219,17675300
2015-02-18,98.43767547607422,98.49278951116544,98.0518562052443,98.18046029272189,15149600
2015-02-19,98.92449951171875,98.98880153251429,98.34577431616427,98.3733313238774,19828100
2015-02-20,99.5859146118164,99.64102863769226,98.54788706851477,98.86021623473518,28336700
2015-02-23,99.68695068359375,99.71451470382912,99.31032650779191,99.53078961090507,17868000
2015-02-24,99.76044464111328,99.87986770830588,99.25521638460818,99.55835053515285,19745000
2015-02-25,99.51241302490234,99.99927221936942,99.29194293018901,99.61346006621383,19472300
2015-02-26,100.01766967773438,100.07279072129202,99.33790421329866,99.61348840589545,22255500
2015-02-27,99.57674407958984,100.0452344069386,99.42058297327266,99.9809253542698,27757600
2015-03-02,100.47696685791016,100.51371188227155,99.75126839566522,99.76964441204431,22988600
2015-03-03,100.00846099853516,100.27485710874345,99.37462173602593,100.17381006665082,20788900
2015-03-04,99.62264251708984,99.82473660266083,99.08066929523608,99.67776354576982,21007400
2015-03-05,99.79717254638672,100.10031365334005,99.38380340664654,99.8798505793716,15381000
2015-03-06,98.66732788085938,99.86150970944804,98.419300703019,99.66860357579289,30990400
2015-03-09,98.95207214355469,99.20009226052893,98.46521290803047,98.86939409896611,26237100
2015-03-10,97.11488342285156,98.27232722875083,97.11488342285156,98.24476320256508,34234500
2015-03-11,96.55451965332031,97.38126510583565,96.5177746322756,97.26184203534135,25459700
2015-03-12,97.18836212158203,97.29859017985851,96.4167306716648,96.4810327084582,21473200
2015-03-13,96.76579284667969,97.48231023026123,96.15951753244424,97.09649102113394,42021100
2015-03-16,98.01510620117188,98.0518512254989,97.02301857792932,97.12406564272943,25674100
2015-03-17,98.1712417602539,98.3274028055746,97.51903356356652,97.74868463317735,19603800
2015-03-18,99.13578033447266,99.58590151458009,97.3996186637584,97.90485386249325,40622200
2015-03-19,99.28275299072266,99.55833007170197,99.08984693151878,99.23681997302884,31314000
2015-03-20,99.9254379272461,100.42262606483112,99.90702667378659,100.10037644542828,31761400
2015-03-23,99.73209381103516,100.14641377025977,99.69526427751282,99.87020280561512,17268500
2015-03-24,99.37300109863281,100.18322965217155,99.3545898466381,99.7228710826466,22445300
2015-03-25,97.09884643554688,99.62160989199997,97.0620169002938,99.52953956612508,41581400
2015-03-26,96.76738739013672,97.31981636845933,95.97556994555192,96.29781959753049,47846300
2015-03-27,97.1540756225586,97.38425492201212,96.60164670877307,96.74896483219041,33878400
2015-03-30,98.26813507080078,98.35099623457435,97.74332662669364,97.74332662669364,30570200
2015-03-31,97.22773742675781,98.19449332153769,97.20011703396666,97.99193440838268,30488100
2015-04-01,96.7213134765625,97.24612183032785,96.09522570149922,97.22770355853959,32970500
2015-04-02,96.78578186035156,97.09882229540302,96.47273440078625,96.81340224879565,19164200
2015-04-06,97.57759857177734,97.84460034160628,96.06761610819778,96.21493421177192,24451100
2015-04-07,97.41187286376953,98.24051264159276,97.41187286376953,97.5223544210718,19379400
2015-04-08,98.18527221679688,98.3233811884365,97.4394936042626,97.44869571772823,25866900
2015-04-09,98.80217742919922,98.83900696645743,97.80780802129135,98.13925980758333,23114700
2015-04-10,99.20728302001953,99.2164921593218,98.5443654805573,98.76533565220635,17164300
2015-04-13,98.95865631103516,99.78729590819313,98.84816775330825,99.28090582376464,17783500
2015-04-14,98.67325592041016,99.1428236368236,98.11161789330168,98.85740356631467,23755700
2015-04-15,99.2901611328125,99.5019292257886,98.81139117517255,98.93108190845345,21128600
2015-04-16,99.15202331542969,99.3269547817062,98.88501452272855,99.02312348785173,16195300
2015-04-17,97.60520935058594,98.47067853807793,97.18168038127855,98.20367679453601,46514000
2015-04-20,99.06914520263672,99.24408367590314,98.05635793404218,98.09318745602,28945900
2015-04-21,99.4926986694336,99.81495530996943,99.37300796191572,99.64001679362309,22759800
2015-04-22,100.03591918945312,100.20164855650106,99.10599290632223,99.75049209788958,21429200
2015-04-23,100.41339874267578,100.86455515265781,99.67682932092313,99.69524057104867,29473200
2015-04-24,101.77608489990234,101.91419389127672,101.30651713903549,101.47224652378172,32508100
2015-04-27,101.5182876586914,102.34693460252647,101.2973104573252,102.15357779520222,31121300
2015-04-28,101.31570434570312,101.78527200491888,100.45943721396314,101.59191524414318,36849200
2015-04-29,100.68043518066406,101.34335275947093,100.12800620649683,100.75409425042383,34043900
2015-04-30,99.09679412841797,100.51469952262016,98.57198558198402,100.10958871321603,44080500
2015-05-01,100.40420532226562,100.4686552400551,99.46506992074576,99.48348819697944,32874300
2015-05-04,100.5699462890625,101.19603428747263,100.51469847850144,100.72646653253628,23507300
2015-05-05,98.93106842041016,100.35818300692021,98.88503677135472,100.17404236166777,47843300
2015-05-06,98.24972534179688,99.39141263057034,97.59601701417196,99.10599256450556,42687200
2015-05-07,98.83898162841797,99.11519957478625,98.14844378701144,98.22210284264487,29335800
2015-05-08,100.07275390625,100.28451492680857,99.71367476311615,99.86098586117672,33023300
2015-05-11,99.68604278564453,100.33975814401839,99.61239075224152,100.13719924700275,19679300
2015-05-12,99.2348861694336,99.74128337533625,98.33258736102472,99.09677720195889,33665000
2015-05-13,99.43743896484375,100.18321750923577,99.29012086868492,99.66761822170682,20738400
2015-05-14,100.8922119140625,100.97507310627118,99.87942420369838,100.24770553509178,23904200
2015-05-15,100.8922119140625,101.28812066737493,100.64361428840421,101.15001165584434,23937400
2015-05-18,101.33413696289062,101.53669587916595,100.65280817365868,100.72646723857972,17631100
2015-05-19,101.2236557006836,101.6011461166611,101.05792631636017,101.44462587160982,14212900
2015-05-20,101.2880859375,101.89575554555297,100.75406835576207,101.29728805046831,21131900
2015-05-21,101.81291198730469,101.95102097536207,100.96585382984131,101.11316493245823,16771800
2015-05-22,101.71161651611328,102.07990475143949,101.62874832652082,101.69319824086438,13543800
2015-05-26,100.54229736328125,101.62874374503323,100.13718664474752,101.49064180946122,25488400
2015-05-27,102.16278839111328,102.27327699337145,100.62519222172595,100.84616240172694,30572700
2015-05-28,101.93260192871094,102.2088199027432,101.61956144768826,101.96943146021623,17302400
2015-05-29,101.32491302490234,102.0062416673904,101.08552462772573,101.86813270653799,30383000
2015-06-01,101.66559600830078,101.94181399025186,100.83694908696265,101.86815492512956,24570200
2015-06-02,101.34332275390625,101.84051079080479,100.79089394330124,101.28808198019978,19449600
2015-06-03,101.64717102050781,102.02466138535465,101.39857346543738,101.80369124435859,20507200
2015-06-04,100.87376403808594,101.7208291155178,100.55151445540135,101.07632292563456,31374600
2015-06-05,100.63440704345703,100.99348624042646,100.01752109332875,100.75409776760826,22641700
2015-06-08,99.61239624023438,100.66201328758389,99.40983733205907,100.58835422560837,24549200
2015-06-09,99.44668579101562,99.8057650058474,98.70089993946677,99.37302671502036,27554600
2015-06-10,100.80931854248047,101.10394774878633,99.67684038445134,99.78732194649456,30297900
2015-06-11,100.95664978027344,101.41700841399606,100.78171125161396,101.1499995634951,17593500
2015-06-12,100.12799072265625,100.63438796830074,99.9898817443428,100.4226199316182,27201800
2015-06-15,99.63080596923828,99.78732620515562,98.80215909597788,99.3822154195175,31238800
2015-06-16,100.1740493774414,100.33977877958174,99.48351137260936,99.52954302488867,16456900
2015-06-17,100.45026397705078,100.77251365265795,99.83338502310046,100.33978238799466,23296700
2015-06-18,101.91417694091797,102.08910841135017,100.76328057840698,100.81852135596306,43032400
2015-06-19,101.41031646728516,102.0470747376906,101.33648799289914,101.96401594383862,27877600
2015-06-22,102.15782928466797,102.4623665172776,101.92712054008591,102.15782928466797,19120900
2015-06-23,102.2408676147461,102.33314968596014,101.81636445462487,102.26855153204323,18127900
2015-06-24,101.71485900878906,102.55463506704555,101.68717508960177,102.12090859865926,15815900
2015-06-25,101.5118408203125,102.21319732827726,101.34573025370693,102.11168492420322,18326700
2015-06-26,100.8381576538086,101.7240852765381,100.4597990388689,101.49337657160605,32311700
2015-06-29,98.45724487304688,100.27523051508012,98.41110031780589,99.72152401487075,50874900
2015-06-30,98.80791473388672,99.40775871940085,98.50337758176366,99.19550363258682,34809900
2015-07-01,99.59232330322266,99.9891425224605,99.1309059339075,99.78611775345459,21293000
2015-07-02,99.62002563476562,99.96147708582133,99.3154954656312,99.87842532351328,20499400
2015-07-06,99.38932800292969,99.96148824516602,98.78026055599511,98.9925086660358,24311000
2015-07-07,99.63849639892578,99.73077849108994,97.66363005578913,99.50006974034339,44230800
2015-07-08,97.9035415649414,99.04786179805829,97.71897741930107,98.9278887667883,39691500
2015-07-09,97.84817504882812,99.29702543772167,97.83894472922039,99.20474336365712,28381000
2015-07-10,99.34318542480469,99.71232081906699,98.78948585374725,99.1493909269682,26415800
2015-07-13,101.08731842041016,101.17037016761651,100.19216759472211,100.20139791352403,25780700
2015-07-14,101.75177001953125,102.02861624329157,101.17037957235969,101.22575444964855,21977200
2015-07-15,101.86248779296875,102.25930698056467,101.57641129981928,101.94554657397101,28631500
2015-07-16,103.3021469116211,103.32060051278897,102.49927796771541,102.70230278392181,29838900
2015-07-17,104.8248291015625,104.8248291015625,103.95736894924083,104.13270281966432,35926800
2015-07-20,105.18472290039062,105.56308154068932,104.7233054596006,105.04629626001935,26539000
2015-07-21,105.1201171875,105.38773308813937,104.81558000869822,105.22162253976303,35468900
2015-07-22,103.92964935302734,104.4372042278093,103.51436950202006,103.51436950202006,35575000
2015-07-23,103.54207611083984,104.37262895421837,103.27446017749675,104.03118453687013,25698300
2015-07-24,102.5269546508789,104.28034234625105,102.37007440967666,104.09577818491564,30844700
2015-07-27,101.6779556274414,102.38853544492311,101.45647720962103,101.94557860928235,35994800
2015-07-28,102.55464172363281,102.75766653174578,101.31804631519437,102.13013850697462,33553500
2015-07-29,102.94222259521484,103.16370097117756,102.3792928157787,102.77611205307515,26714100
2015-07-30,103.43135070800781,103.60668457411096,102.08401242399272,102.70231019749173,25438100
2015-07-31,103.3113784790039,103.80971023857373,103.09913036552403,103.7543423899568,22081700
2015-08-03,102.9884033203125,103.61593151605544,102.30550726751606,103.32985486704752,25001800
2015-08-04,102.79458618164062,103.12680733227353,102.37008294264793,102.94224315555392,22132300
2015-08-05,103.58820343017578,104.28032951100101,103.24675202899392,103.36672505569948,28989900
2015-08-06,101.9271011352539,103.818915296933,101.4656837339342,103.68048866840293,42125400
2015-08-07,101.79791259765625,102.03785163604789,100.95813652429251,101.6779465987961,30006800
2015-08-10,102.96070861816406,103.1821870638766,102.43469290917629,102.44392323127722,21500800
2015-08-11,101.64104461669922,102.81304898964216,101.07811471297175,102.41622966473054,36123300
2015-08-12,101.99168395996094,102.19470871253331,99.86916845731729,100.9396530063311,41889000
2015-08-13,101.82557678222656,102.58230799054138,101.60409842699806,102.09319968843474,22510500
2015-08-14,101.98247528076172,102.13012518697788,101.3826312552075,101.58565603684161,17924900
2015-08-17,102.83147430419922,102.85915821960778,101.47490612381797,101.73329872185816,21224900
2015-08-18,102.30546569824219,102.77611341398183,102.16703907118104,102.69305462147685,13984400
2015-08-19,101.63179016113281,102.53617132896208,101.04117647463347,101.9916951563224,42511400
2015-08-20,98.81713104248047,101.01347486439046,98.80790072505714,100.69048416126682,57747300
2015-08-21,94.49829864501953,98.25423654458527,94.49829864501953,97.42368369589235,97763400
2015-08-24,90.86231994628906,94.61825756452063,78.20102447431297,86.95873241083373,150829900
2015-08-25,90.52088928222656,94.81207379645896,90.44706782701154,94.19377598491174,75088300
2015-08-26,95.07968139648438,95.26425260627613,91.29605960415026,93.16941337933814,104103800
2015-08-27,97.48827362060547,97.55287177889598,95.31038279728071,96.45469604728603,69377700
2015-08-28,97.4698257446289,97.82050047584391,96.7592389210377,96.9714940482676,49919600
2015-08-31,96.26091003417969,97.46059826865715,96.02097801982165,96.9253523153874,39549400
2015-09-01,93.25248718261719,95.31963578006223,92.86489110004952,93.86155467121286,73155500
2015-09-02,95.88253021240234,95.9009838091762,93.85228957443532,94.94123484151964,43963600
2015-09-03,95.4118881225586,96.9161062916397,95.14426518928576,96.26089443735269,45131800
2015-09-04,94.27682495117188,94.9135762998151,93.75080225344377,94.10148405192918,49379600
2015-09-08,96.9345703125,97.0545363044273,95.68874471395782,96.08556396808157,37343500
2015-09-09,95.84561920166016,98.10656155835647,95.59644987247634,98.07887764192951,47146700
2015-09-10,96.888427734375,97.52518602603129,95.6241485115075,95.73488418611132,47686700
2015-09-11,97.42365264892578,97.42365264892578,96.16859697545576,96.44545018368309,29106100
2015-09-14,97.12837982177734,97.8020524424274,96.75924442857206,97.78359180039753,19718800
2015-09-15,98.27272033691406,98.57725764844068,96.9992102714491,97.35911544300819,30020200
2015-09-16,98.82640838623047,98.9186975296157,97.94971784945588,98.29116937423107,31329100
2015-09-17,98.86327362060547,100.33981469464584,98.41108661303215,98.72485405550012,56139800
2015-09-18,97.4571762084961,98.61352620398799,97.29066152683326,97.34617112592105,48384000
2015-09-21,97.76246643066406,98.5672886681896,96.88364314817386,97.99373645845634,35772600
2015-09-22,96.30082702636719,96.59685234540135,95.40349829303854,96.26382297926287,47359700
2015-09-23,96.37483215332031,96.81887364710025,95.87528811949291,96.55984532534522,21775100
2015-09-24,96.0232925415039,96.38407312322072,94.6079144234619,95.44048771119272,38284300
2015-09-25,95.20922088623047,97.14264153250475,94.6171703193808,97.0501349547719,44700000
2015-09-28,92.49874877929688,94.86695841842545,92.2212290093102,94.80220309964852,44077500
2015-09-29,92.01770782470703,93.6736018553655,91.35164910200639,92.73001631227285,49315500
2015-09-30,94.13613891601562,94.23789827646688,92.97053618762853,93.33131680821025,41411400
2015-10-01,94.56167602539062,94.57092880131013,93.05379115151428,94.30265476204501,39339100
2015-10-02,96.21755981445312,96.21755981445312,92.95202898360978,93.24805426141938,59370900
2015-10-05,97.5959701538086,97.85499150458926,96.7171467054024,96.92991121877118,32853500
2015-10-06,97.13338470458984,97.68843120562767,96.37481950635168,97.3646546681722,33051500
2015-10-07,97.7162094116211,97.92898094220799,96.47660545281394,97.74396774345506,37389300
2015-10-08,98.10472106933594,98.2712357249088,96.40257047261335,97.34615587345934,50188900
2015-10-09,98.54878234863281,98.73380260411115,97.88272354451301,98.15099762160577,23916200
2015-10-12,98.78932189941406,98.97433512845623,98.38228432615855,98.73381934226187,16162000
2015-10-13,98.15100860595703,99.22410503442126,98.05850199676574,98.22501671643082,26999600
2015-10-14,97.99371337890625,98.64126648109199,97.58667596736122,98.15097526689429,30902600
2015-10-15,99.60333251953125,99.61258529298543,98.22496570238356,98.3544762995492,38393800
2015-10-16,100.0196304321289,100.0751329615863,99.33506629909336,99.8161117470534,27091100
2015-10-19,100.59319305419922,100.65794836920307,99.66811309254405,99.89013736495728,23776300
2015-10-20,100.07514953613281,100.63019609603052,99.73286741292593,100.4174316593397,23404700
2015-10-21,99.46461486816406,100.68572038686713,99.42761787293797,100.58396806329321,30195200
2015-10-22,101.49051666259766,101.5737775250321,100.06589274607204,100.35267231912437,42778700
2015-10-23,104.33052062988281,104.75605658033285,103.6737146808534,104.21951554755687,53170900
2015-10-26,104.395263671875,104.59878237594219,103.85871564438868,104.2565002774838,25918000
2015-10-27,104.60804748535156,104.75605661443441,104.08999788906094,104.1177562174517,31390500
2015-10-28,105.47760009765625,105.47760009765625,103.92346568640913,104.76529172732589,42221900
2015-10-29,105.31111907958984,105.4868865635676,104.88558306483439,104.99659522173633,24913300
2015-10-30,104.83930969238281,105.53311963678308,104.81155842385476,105.35735219237243,27199200
2015-11-02,106.02342224121094,106.15293288010075,104.89482348134219,105.11684071118178,22176900
2015-11-03,106.39347076416016,106.77274995822884,105.65340381591669,105.81066574863294,20418400
2015-11-04,106.40267944335938,106.81896960350355,105.9586450752311,106.74496152288249,28633000
2015-11-05,106.11595153808594,106.75425915048079,105.56090481582179,106.49523781727765,25004100
2015-11-06,106.18994903564453,106.31020691181082,105.23711763040045,105.9124221733515,29924900
2015-11-09,105.06134033203125,105.93091783203035,104.4137871242451,105.79215441384741,33479800
2015-11-10,104.79307556152344,104.89483494002452,104.19177206796282,104.50630298091197,35452100
2015-11-11,104.66356658935547,105.58864673036642,104.48779910406695,105.07984982968985,22748800
2015-11-12,103.64595031738281,104.74679763005419,103.57194223331429,104.23800087433229,31196900
2015-11-13,101.61082458496094,103.32222891792509,101.55532202118587,103.21121673257186,52836000
2015-11-16,103.07241821289062,103.0909237663911,101.27776770238431,101.50903771653519,33980600
2015-11-17,103.13716125488281,103.87722803517251,102.87813999912139,103.24817338926623,30579500
2015-11-18,105.11682891845703,105.21858827442588,103.45168929476601,103.55344865073488,32966500
2015-11-19,105.19086456298828,105.67191020046101,104.98734579773455,105.17236606514773,26188100
2015-11-20,105.9031982421875,105.98645208332329,105.58866726302371,105.69042666294705,22727600
2015-11-23,105.59789276123047,106.32870687287301,105.14460549728035,105.94016787454342,20696200
2015-11-24,105.50535583496094,105.75512427984243,104.3860030467693,104.91330531736146,26374400
2015-11-25,105.59789276123047,105.79215873149481,105.37587551775708,105.6626480846519,14159900
2015-11-27,105.74590301513672,105.95867454164286,105.38512234402711,105.82916389343946,8828000
2015-11-30,105.47760009765625,106.06040491299834,105.13532507434645,106.06040491299834,25041600
2015-12-01,106.53219604492188,106.53219604492188,105.7736238128624,105.90314148154981,28639400
2015-12-02,105.87538146972656,107.07798804628166,105.71811959584133,106.61544814111413,22395500
2015-12-03,104.08075714111328,106.34720041304305,103.46094815119156,106.16218722840411,42754300
2015-12-04,106.51371002197266,106.68947747945651,104.18251154082995,104.3952759872365,40037300
2015-12-07,106.03266906738281,106.65247095554538,105.52387225901049,106.58771563973437,25892100
2015-12-08,106.04190063476562,106.38418271997672,104.88555082259197,104.92255486351742,30792600
2015-12-09,104.43225860595703,106.16216038185173,103.79395128210841,105.57935558779906,48509200
2015-12-10,104.90409088134766,105.60715377461352,104.35828992039869,104.67282084283401,30154600
2015-12-11,102.48961639404297,103.96974301637917,102.42486107487203,103.69221618690344,56022200
2015-12-14,103.26666259765625,103.31291941394018,101.18523290526582,102.62836229129334,53098500
2015-12-15,103.8957290649414,104.79305776416301,103.76621843389913,104.21951270034718,48428000
2015-12-16,105.4406509399414,105.616411389702,103.50722953015689,104.59882451719542,44944100
2015-12-17,103.90499877929688,105.90317522591855,103.88650028233239,105.90317522591855,45668800
2015-12-18,101.91184997558594,103.8140517642729,101.91184997558594,103.58207541838257,53746100
2015-12-21,103.04389953613281,103.06245452958234,102.11599411781323,102.87687627766103,26432800
2015-12-22,103.72126770019531,103.86973596689681,103.04390070160038,103.5913615065098,26540300
2015-12-23,104.49140930175781,104.5656434197608,104.0738547768625,104.25943299251483,25656900
2015-12-24,104.47285461425781,104.7605100720053,104.42646359674447,104.49141668474766,11468600
2015-12-28,104.41718292236328,104.43574499291728,103.47072262542372,104.2223236576803,19183600
2015-12-29,106.0595932006836,106.29156955757104,104.97393847013933,105.03889156689355,27725700
2015-12-30,105.10382080078125,106.00388999384907,105.08526581135989,105.96677293565138,19520100
2015-12-31,103.79548645019531,104.92753203826761,103.77692437993038,104.73267277661911,29886800
2016-01-04,101.60564422607422,101.69843335287511,100.32513728576603,101.55924612299548,50807600
2016-01-05,101.42930603027344,102.23658603028392,100.95607951794192,102.10667988030809,38795200
2016-01-06,100.45501708984375,101.03959480654302,99.66629910019574,99.66629910019574,41891100
2016-01-07,97.30943298339844,99.55496214782487,97.25375385050748,98.31156534381103,61386300
2016-01-08,96.51142883300781,98.62705170973118,96.40935868725752,98.01463083522948,69344000
2016-01-11,96.80838775634766,97.48575484358797,95.32374029182346,97.19810638840572,50024100
2016-01-12,97.93111419677734,98.43218384682595,96.5763734745073,97.73625495720646,46734200
2016-01-13,94.5535659790039,98.57139824290097,94.40509771015604,98.33014084570156,69870700
2016-01-14,96.56710815429688,97.41150540919658,93.41222859210686,94.92471882245337,78445700
2016-01-15,93.56997680664062,94.59067840651213,92.33586800932063,93.36584356602269,91443900
2016-01-19,93.77410888671875,94.98966966356673,92.67918033163187,94.84120141504715,56563800
2016-01-20,93.48648071289062,94.48862036895792,90.23881140772818,92.2987627854141,86675000
2016-01-21,93.57925415039062,94.97111219054325,92.6235127621828,93.88546461826967,61660100
2016-01-22,96.28872680664062,96.32584386698396,95.13812625341896,95.46289168222887,42229800
2016-01-25,94.85977172851562,96.49288012800366,94.77625656162748,95.94541934256715,38881500
2016-01-26,95.71343994140625,96.12171348858064,94.42365204870973,95.25876829417844,36143900
2016-01-27,93.32870483398438,95.56495263964777,92.9297053228521,95.15667917383793,54524700
2016-01-28,94.6463394165039,94.91543279966173,93.0317861969125,94.87831573860318,47641500
2016-01-29,96.62278747558594,96.65990454138611,94.5906794483604,94.61851547787143,54245100
2016-02-01,96.88259887695312,97.2444813892059,95.78767030467768,96.15882677309172,32750300
2016-02-02,94.78551483154297,96.47430196311693,94.49785941397086,96.43718490667682,44928100
2016-02-03,94.33087158203125,95.41651926106167,92.67919393197383,95.41651926106167,61572900
2016-02-04,94.32157135009766,95.07317234733772,93.19880683198218,94.08031399962535,49321600
2016-02-05,91.04608917236328,94.02466494394093,90.6749255607161,93.9875478748405,70749900
2016-02-08,89.65420532226562,90.05320485189698,88.00252807631965,89.34799489919516,91673100
2016-02-09,89.3758316040039,90.73057239230604,88.31802020657135,88.45720740715038,73778400
2016-02-10,89.71916961669922,91.57498029725161,89.65421652605413,90.40581758628394,59421700
2016-02-11,89.5892562866211,90.3037402267048,88.32730455819463,88.5778358651614,76839200
2016-02-12,90.95325469970703,91.04605087310115,89.75626335168856,90.60065331061324,49186500
2016-02-16,93.00395965576172,93.00395965576172,91.72344569639579,92.29874958244108,40565900
2016-02-17,95.11031341552734,95.24021961872194,93.44008068965816,93.68133810102974,41766500
2016-02-18,94.02465057373047,95.42578255150558,93.90401834775159,95.40722755946975,38991500
2016-02-19,94.3030014038086,94.59065682512234,93.36582226408579,93.5699554581296,28257900
2016-02-22,95.83406829833984,95.92685742219653,95.09174822812999,95.18453735198668,23979100
2016-02-23,94.25664520263672,95.53715228229169,94.19169209887212,95.27733986723335,29869700
2016-02-24,95.15670013427734,95.27732528584882,92.57711721539918,93.1524211030954,40739100
2016-02-25,96.09387969970703,96.09387969970703,94.49788129991875,95.3515596370458,29389300
2016-02-26,95.9732666015625,96.84550004107732,95.74129022546661,96.82693796654962,30925000
2016-02-29,95.11031341552734,96.59496079443488,95.11031341552734,95.88047667686465,27553900
2016-03-01,98.1630859375,98.1630859375,95.7226979597288,96.01962732234489,37699800
2016-03-02,98.2002182006836,98.21877319150309,97.43933614868496,98.04247600097358,29209800
2016-03-03,98.01461791992188,98.12596908589191,97.30941510684168,98.09813306423801,25474600
2016-03-04,98.05175018310547,98.682726062758,97.4022193125906,98.12598430526589,31655400
2016-03-07,97.44861602783203,98.1167090076322,96.75268702043286,97.55068618193238,25861200
2016-03-08,96.64134979248047,97.62492726092418,96.47432653563564,96.78053701974389,28898500
2016-03-09,97.26302337646484,97.28157836566233,96.46502433322951,97.00321105157053,31047400
2016-03-10,97.11457824707031,98.22806184585316,95.86190034924452,97.67132004646174,44236100
2016-03-11,98.81266021728516,98.81266021728516,97.85691863174131,98.16312916284492,31454000
2016-03-14,98.97966003417969,99.21163636710654,98.41363721548973,98.44147324274401,25374900
2016-03-15,98.9425277709961,99.05387894226237,98.31155195919672,98.6270434047738,26524600
2016-03-16,99.82402801513672,100.08384029913937,98.67342064404815,98.70126374249453,31693100
2016-03-17,99.76837921142578,100.00035554682,99.16524640288559,99.53640287603157,29623700
2016-03-18,99.92472839355469,100.17600286999537,99.39425374297512,100.00848418558313,37682300
2016-03-21,100.31561279296875,100.4086771600215,99.69207372332362,99.74791092348406,17288600
2016-03-22,100.62273406982422,100.85539854335755,99.72930334349897,99.74791337722488,18840300
2016-03-23,99.79443359375,100.50172837104844,99.57107062163509,100.42728114736528,20912900
2016-03-24,99.82234954833984,99.85026814402654,99.14296628509196,99.31048495956713,19017300
2016-03-28,99.68278503417969,100.120195456943,99.5059577312692,100.10157831960636,13892300
2016-03-29,101.28348541259766,101.34863117158258,99.32910554269463,99.49662422299234,29963900
2016-03-30,101.7767562866211,102.40960399097776,101.562701829113,101.88843779928057,23807200
2016-03-31,101.62783813476562,102.08386561037102,101.46962799850556,101.70229246960196,21447200
2016-04-01,102.70741271972656,102.7446398900556,100.87401540807285,101.01361552171754,26389000
2016-04-04,102.3165283203125,102.78185725449568,102.07455528643754,102.70740292094092,17163000
2016-04-05,101.33001708984375,101.90702747275809,101.19972556795267,101.52545437268036,20107900
2016-04-06,102.99590301513672,103.03313018134558,101.43239753614377,101.43239753614377,25056000
2016-04-07,101.51614379882812,102.58640157578351,101.07873354300119,102.40026577524291,28567200
2016-04-08,101.44170379638672,102.39097166188444,101.08805637597693,102.14900573756206,22898000
2016-04-11,101.0694351196289,102.39096748447889,101.06012655357912,101.87910995742851,25772100
2016-04-12,101.91634368896484,102.11178098647179,100.52965837276108,101.14389596523083,28564100
2016-04-13,103.21924591064453,103.37745601095418,102.56778127939462,102.6980727855737,25356700
2016-04-14,103.22856140136719,103.61013450727707,102.37235793003765,103.23786996746037,17199700
2016-04-15,102.9679946899414,103.35886932360297,102.70741160083368,103.14482197198878,21353300
2016-04-18,103.5170669555664,103.55428701808046,102.60501921615536,102.6701649760879,17126100
2016-04-19,102.88421630859375,103.71250113167274,102.2606702246363,103.71250113167274,42481400
2016-04-20,102.9679946899414,103.44263223101997,102.53058431878631,102.88423888288105,18078300
2016-04-21,102.97727966308594,103.34954417666988,102.51195079619477,102.91213390573537,20216000
2016-04-22,101.42308044433594,102.11176516220954,100.62271424504168,101.6371277416153,39074000
2016-04-25,101.42308044433594,101.4323819091882,100.9298258933275,101.11596169569526,14351900
2016-04-26,100.92984008789062,101.80466073116494,100.62272839641325,101.6371420356519,19118300
2016-04-27,100.12015533447266,100.35281975543936,99.2918705638596,99.89679237808929,33059800
2016-04-28,98.91029357910156,100.81814459543897,98.7148563252899,100.2318257336496,29818200
2016-04-29,98.3891372680664,99.11504916817084,97.60738107540043,98.91030332960702,67502800
2016-05-02,99.31978607177734,99.45938614008996,98.23091831957686,98.64040285951161,24813800
2016-05-03,98.3984603881836,99.05922662833285,98.13787021851297,98.61250772353932,38569400
2016-05-04,97.76563262939453,98.16581588160852,97.52365954424343,97.80285270370311,27474500
2016-05-05,97.73768615722656,98.33331372497676,97.54224885702124,98.11925929121509,20788100
2016-05-06,98.25885009765625,98.27746012909631,97.16067363345248,97.25373799136356,30758500
2016-05-09,98.53804016113281,98.99406757157003,98.2216199338304,98.26814856118685,19289600
2016-05-10,99.88751983642578,99.93404847387893,98.7148888271133,98.89171611036268,21178900
2016-05-11,98.98475646972656,100.03639714572475,98.956837873957,99.73858695692451,20966300
2016-05-12,98.54737854003906,99.33843644796701,97.84938501533371,99.21745345981338,29196300
2016-05-13,98.18440246582031,99.06852457679199,97.98896517077465,98.46360265894603,21059300
2016-05-16,99.41288757324219,99.77584362629891,98.24025650163591,98.33332798219985,18311900
2016-05-17,98.165771484375,99.61759513795313,97.90518137956862,99.32909354021756,29932700
2016-05-18,98.51944732666016,99.04992205353217,97.75630812132927,97.94243686395382,27524400
2016-05-19,98.00757598876953,98.37984054913464,97.29097256786032,98.13786751984394,27334600
2016-05-20,99.0871353149414,99.487318445738,98.34260624822737,98.39845054346193,29549600
2016-05-23,98.95685577392578,99.55247625926603,98.86379140440818,99.19882171460033,15729800
2016-05-24,100.93915557861328,101.06013855020015,99.4780229509907,99.50594155209873,29931300
2016-05-25,101.66504669189453,101.97216544160766,101.14388064415459,101.32070788193273,37951700
2016-05-26,101.9628677368164,102.09315926262923,101.52545742857808,101.76743044809716,21885900
2016-05-27,102.49333953857422,102.50264810454486,102.00940061343209,102.02801064501796,19870000
2016-05-31,102.68881225585938,102.84702953053343,102.16764598735529,102.63297504147904,24366100
2016-06-01,102.69808197021484,102.93074640925037,102.28859738575383,102.37235317563614,19571500
2016-06-02,102.91212463378906,102.92142609803324,101.93493126121658,102.49332443110612,15696600
2016-06-03,102.42821502685547,102.76325246775,101.75814014506642,102.71672382895497,20269900
2016-06-06,102.8004379272461,103.07032948403233,102.43748203027421,102.61430924687478,12502400
2016-06-07,102.53984069824219,102.95863372111062,102.49330498443324,102.85626083101336,12184300
2016-06-08,102.71669006347656,102.93073735235629,102.33511700886247,102.71669006347656,14568700
2016-06-09,102.54920959472656,102.66088401300556,102.10249062053896,102.29792795288441,17571600
2016-06-10,101.38584899902344,101.81395067584428,101.0321945396485,101.61851341688399,32965000
2016-06-13,100.53897094726562,101.37656447022488,100.40867941040044,100.80886258801674,25154700
2016-06-14,100.53897094726562,100.90192695715527,99.80375036046564,100.26907930651453,24588500
2016-06-15,100.2504653930664,100.92054018550145,100.08294669495766,100.78094008701815,24605700
2016-06-16,100.54826354980469,100.64132790416699,99.1150497714889,99.75720588719247,32079900
2016-06-17,99.36972045898438,100.4801553572865,99.13643629509016,100.34018343509644,29208800
2016-06-20,99.99491119384766,101.0026932076053,99.92025856489775,100.52679871639934,20562800
2016-06-21,100.31218719482422,100.517478391422,99.93893112094347,100.12556271751757,22804100
2016-06-22,100.0695571899414,100.95604114468085,99.98557832141447,100.36816058792594,22724200
2016-06-23,101.49724578857422,101.51591250385832,100.42414459551397,100.84405313894919,18714200
2016-06-24,97.31681823730469,99.3790492980028,97.10219368380788,97.88603214085342,68012700
2016-06-27,95.38520050048828,96.67292612302268,94.94662526925299,96.67292612302268,48222600
2016-06-28,97.4754638671875,97.52212355230702,96.3930289412448,96.43968150709591,28260600
2016-06-29,99.20172882080078,99.40701996874205,98.19394691522714,98.24059946386285,31356700
2016-06-30,100.34949493408203,100.41481420097202,99.03376911909878,99.36969881146615,36300800
2016-07-01,100.8533935546875,101.2266495745662,100.26551300961698,100.30283932353149,19902800
2016-07-05,100.237548828125,100.4615067759013,99.69632779990165,100.32153483835823,21167900
2016-07-06,101.05870056152344,101.10535312177907,99.44437104820636,99.76164120657542,24579300
2016-07-07,101.3573226928711,101.58127353349519,100.88142092718465,101.15203145593699,19161700
2016-07-08,102.92495727539062,102.98094318639728,101.7305365928729,101.89850144515925,29457900
2016-07-11,103.51286315917969,103.89544553647585,103.26091936137671,103.27024560329149,20218500
2016-07-12,104.03538513183594,104.31532892615269,103.89541323467756,104.14736407341591,21906100
2016-07-13,103.783447265625,104.34332776656866,103.774113906817,104.27800849344635,21107800
2016-07-14,104.49264526367188,104.68860310598014,104.23136102132652,104.47397854387052,20871000
2016-07-15,104.32466125488281,104.79122949462868,104.09137713500988,104.73523646475805,17999300
2016-07-18,105.01520538330078,105.20182987614623,104.37133878022829,104.39000550107366,20713900
2016-07-19,104.63262939453125,104.95923297797918,104.44600487764869,104.65129611778089,18936700
2016-07-20,105.85501098632812,106.05096880469519,105.07117259359309,105.20181113917113,24997900
2016-07-21,105.61239624023438,106.13495043613733,105.32312618454053,105.92965925367061,18885400
2016-07-22,106.05099487304688,106.17230008968252,105.36047565964573,105.68707210387137,20003400
2016-07-25,106.0602798461914,106.08827279731544,105.70568348057955,105.96696051675758,12968100
2016-07-26,106.18161010742188,106.56419239532988,105.64972255253817,106.02297860071043,21223800
2016-07-27,106.91877746582031,107.19871413270671,106.47086883182935,107.07740895564923,27646100
2016-07-28,107.29205322265625,107.41335842204141,106.75083226675162,107.08676202426018,16939700
2016-07-29,107.52534484863281,107.81461494686215,107.18941506779382,107.53467108974031,22385300
2016-08-01,108.09453582763672,108.36514628468544,107.46933604028295,107.59997458930414,13990100
2016-08-02,107.27335357666016,108.02919173942328,106.58283467340415,107.93587952859387,21278400
2016-08-03,107.62799072265625,107.63732408367237,107.12410313608186,107.18942242465768,15011300
2016-08-04,107.93590545654297,108.03855104889205,107.33869862065762,107.59064948161156,12835300
2016-08-05,108.9717025756836,109.21432011083098,108.36516229744912,108.48647462465682,23196600
2016-08-08,108.8503646850586,109.05565583629257,108.5051016471409,109.02765576354312,12358200
2016-08-09,109.1023178100586,109.44758087780049,108.8690336851897,108.93435295538232,13276500
2016-08-10,108.82240295410156,109.19565193332679,108.53312574015371,109.16765897181169,14688400
2016-08-11,109.28897857666016,109.52226276384792,108.97170838006522,109.19565920637032,12969800
2016-08-12,109.36361694335938,109.37295030363076,108.9810346034475,109.10233980990385,19379000
2016-08-15,109.83018493652344,110.0821358281711,109.46626219904832,109.50358852074677,11777800
2016-08-16,109.22364044189453,109.63421569939553,109.20497372335025,109.62488945939056,14161400
2016-08-17,109.41958618164062,109.45691249533797,108.64508119077001,109.25162132963575,15980300
2016-08-18,109.44758605957031,109.60621756336757,109.13031593270897,109.316947513,10036300
2016-08-19,109.41958618164062,109.6621965417738,108.95301793932336,109.25162132963575,18743000
2016-08-22,109.5035400390625,109.69017156492544,109.05563861552099,109.26092261507307,14500600
2016-08-23,109.69953155517578,110.11944727812251,109.65287899880411,109.93281569483497,11997900
2016-08-24,108.9903564453125,109.77418776284155,108.62643374513586,109.6248896106172,17728700
2016-08-25,108.81304168701172,109.14897137757427,108.57975757519141,108.71039610826949,24266300
2016-08-26,108.9717025756836,109.68088846035474,108.31850973405756,108.85039736774391,23896000
2016-08-29,109.12100982666016,109.41027993039988,108.98103789543288,108.99969749727137,11184900
2016-08-30,108.76641082763672,109.26097213661556,108.39316184526868,108.94370907774913,19843300
2016-08-31,108.65442657470703,108.76639840892554,108.19718452075749,108.5984335383306,16169800
2016-09-01,108.93436431884766,109.06500287286046,108.1598663541339,108.69175392954804,20944700
2016-09-02,109.28897857666016,109.6995539050081,108.8783961290438,109.475603078703,18088200
2016-09-06,109.97015380859375,109.97015380859375,109.23297499387743,109.47559251854466,18525200
2016-09-07,110.03544616699219,110.2220777246366,109.61553762100772,110.07277247852107,17546900
2016-09-08,109.3916244506836,109.736880492217,109.1023472167751,109.70888752877033,20125300
2016-09-09,106.63883209228516,108.71972950290322,106.62017249581031,108.47711203313352,50813300
2016-09-12,108.55180358886719,108.701101772009,106.03233000520545,106.04166336642326,39646000
2016-09-13,107.5813217163086,108.32782674034705,107.05876748755495,108.01056370696587,45863900
2016-09-14,108.09453582763672,108.68241641749898,107.66529386381472,107.69329394083381,28221800
2016-09-15,109.77418518066406,109.94215004750748,108.11320323036081,108.12253658942629,38521400
2016-09-16,109.7218017578125,109.83406126389222,109.17922485074962,109.65631883020863,27596500
2016-09-19,109.24472045898438,110.33922400616727,109.02956530207047,110.00245258594104,16222900
2016-09-20,109.45050048828125,109.89953132291745,109.2634084704929,109.6375925060696,18078600
2016-09-21,110.52630615234375,110.68533509371936,109.27276669554506,109.9182463409095,31546800
2016-09-22,111.4056625366211,111.52727879783609,111.05954151526647,111.1717938953363,22614400
2016-09-23,110.69470977783203,111.32147603926562,110.53568081068107,111.32147603926562,22213400
2016-09-26,109.76856994628906,110.19889447946436,109.60954100065248,110.06792862575143,16403900
2016-09-27,110.85374450683594,110.90987070119361,109.59085517405249,109.69375795511164,20238400
2016-09-28,111.04080200195312,111.1062849206811,110.4701620799938,110.9940325669205,14794300
2016-09-29,110.23631286621094,111.05953500300863,109.75922600468039,110.8537294688092,27207500
2016-09-30,111.0595474243164,111.3869621121147,110.4140676561534,110.52632717930064,25543200
2016-10-03,110.9005126953125,111.04082817058097,110.47018811414075,110.91921904631346,19216400
2016-10-04,110.73213958740234,111.47116543535836,110.31117170238404,111.2279400220437,21239700
2016-10-05,111.125,111.48047768718429,111.01274050752461,111.05951708033176,14481300
2016-10-06,111.06889343261719,111.30276206373883,110.52631649550996,110.98469701411919,11987100
2016-10-07,110.8256607055664,111.330817771729,110.28308380445432,111.1717816889177,19984200
2016-10-10,111.52725219726562,111.77047752457898,111.34950978840939,111.3962863603514,19687300
2016-10-11,109.9369888305664,111.45246048597666,109.45054510376515,111.43375413141372,27774400
2016-10-12,109.8434066772461,110.21759787945867,109.50663530896514,110.0398554525594,14267800
2016-10-13,109.45050048828125,109.74985199900439,108.45889994721763,109.0950227996422,22821000
2016-10-14,109.58148193359375,110.43276715109866,109.51599900433214,109.993092995869,21313300
2016-10-17,109.28213500976562,109.73116592737041,109.14181240194512,109.48794054962181,14182700
2016-10-18,110.25504302978516,110.76955694310635,110.198916834552,110.58245773048719,19276700
2016-10-19,110.24567413330078,110.40470309366957,110.04922533453268,110.17083445650215,13702900
2016-10-20,110.11470031738281,110.35792568086576,109.47857738473013,110.1334138037836,18132200
2016-10-21,110.52630615234375,110.59178907744568,109.83405706739426,110.19889152683409,15707800
2016-10-24,111.85469055175781,111.9295302279227,111.21856757856499,111.23728106615837,19143000
2016-10-25,111.49919128417969,111.93886537544199,111.33080561384739,111.92015189145897,20341800
2016-10-26,110.74147033691406,111.34953019809969,110.41405568461539,110.77889017390594,20463700
2016-10-27,110.23631286621094,111.31210998045987,110.07728391236742,111.21856395685215,19099800
2016-10-28,109.54407501220703,110.48890636332077,109.20730358284185,109.91826628229113,35369300
2016-10-31,109.44116973876953,109.94632687129753,109.38504354752354,109.94632687129753,18749400
2016-11-01,108.61793518066406,109.64695561243437,107.67310402065429,109.62824926441093,23498700
2016-11-02,107.74795532226562,108.79568935230375,107.47666685545832,108.5431072355399,26960100
2016-11-03,106.69087219238281,107.92569827713587,106.56925593665821,107.57021339068451,36205200
2016-11-04,106.31670379638672,107.14927572967149,106.12960456934726,106.42895619550464,26997500
2016-11-07,108.84245300292969,108.95471250852806,107.86020909308309,108.03794438890077,26591200
2016-11-08,109.55343627929688,110.04923669935658,108.47763900980789,108.73022116081142,20777900
2016-11-09,110.05859375,110.23632907986487,108.1408678670127,108.27183374674689,70234400
2016-11-10,108.2811508178711,110.74144567098503,106.83116279009097,110.59177349345883,72825400
2016-11-11,108.32794189453125,108.56181050212989,107.42988016070139,107.81342810297284,41115200
2016-11-14,107.23343658447266,108.45891300091986,106.67215332645071,108.3560102376204,35906000
2016-11-15,108.72086334228516,109.0950546241214,107.88829148717964,108.0473204624009,31796600
2016-11-16,109.36634826660156,109.44118081680281,108.20635452466456,108.20635452466456,16538100
2016-11-17,110.1614761352539,110.18018248442156,109.08567906196532,109.31019093749649,20598600
2016-11-18,109.7498550415039,110.47952392305062,109.64695228773674,110.29243190007568,16428700
2016-11-21,110.89115905761719,110.99406183376634,109.98374756090458,110.02116740105924,20268500
2016-11-22,111.22789764404297,111.49918605224315,110.95660923584279,111.33080038981208,18850600
2016-11-23,110.77890014648438,110.98470569991468,110.29245649600755,110.86309657157167,22926000
2016-11-25,111.13439178466797,111.18116123511942,110.77890684828988,110.90987272892227,7162800
2016-11-28,110.88177490234375,111.39628865589711,110.76952254673427,110.9940343950562,13479000
2016-11-29,111.26535034179688,111.79857057416216,110.6666471734255,110.98470510913947,18553000
2016-11-30,109.91825866699219,111.44307960084481,109.8808388288658,111.40565976271843,30405300
2016-12-01,108.01922607421875,109.89017480431804,107.8508404030257,109.8808180622787,39796600
2016-12-02,108.23436737060547,108.66469180426918,107.78534372945512,108.08469520258939,32876800
2016-12-05,109.07633972167969,109.5066571922304,108.2998940709207,108.7957016167666,21419700
2016-12-06,109.33830261230469,109.52540187263472,108.8799219144334,109.38507921166395,27293300
2016-12-07,110.7227554321289,110.86307802573054,108.78632362431631,109.11373825131774,26622400
2016-12-08,110.91921997070312,111.19986519778799,110.55438545775554,110.76954775013456,18578400
2016-12-09,111.7892074584961,111.82662729652468,111.32147018879527,111.3308269325785,21863100
2016-12-12,111.28406524658203,111.5179339127367,110.82568465930837,111.29342199161769,23259300
2016-12-13,112.68726348876953,113.29532337397221,111.62082307224367,111.62082307224367,54477900
2016-12-14,112.45340728759766,113.19243312062295,112.1259925861574,112.82759857657447,28746000
2016-12-15,112.6311264038086,113.29531241391126,112.33177486211298,112.60306331194708,22762300
2016-12-16,112.21363067626953,113.13311007559616,111.98845482349596,112.9079270646113,26283900
2016-12-19,112.67333221435547,113.36763554780819,112.16668849067032,112.32618770583821,21138700
2016-12-20,113.10494232177734,113.31134930498942,112.89852818035534,113.02988133249481,11461800
2016-12-21,113.0205078125,113.22692197381674,112.76718589701802,113.15186097729963,7079300
2016-12-22,112.70148468017578,113.05801359838556,112.2605103697898,113.02986752039651,16645000
2016-12-23,112.77653503417969,112.82344993485817,112.41062171515577,112.51382877008137,9007500
2016-12-27,113.35826110839844,114.01502685110948,112.97358607572761,113.02049382408713,16110600
2016-12-28,112.47631072998047,113.70541111334617,112.40125690208035,113.6022040469977,17975200
2016-12-29,112.31682586669922,112.71088535685489,111.96029687439797,112.44817903008443,13267500
2016-12-30,111.16278076171875,112.5419888194657,110.84377514555945,112.53261156473287,41749000
2017-01-03,112.15731048583984,112.57951599910017,111.54745251030087,111.90398145131604,22307600
2017-01-04,112.76715850830078,112.97357261948399,112.26989205401884,112.27926930764798,19749100
2017-01-05,113.4051742553711,113.48022808322374,112.68272479138875,112.68272479138875,20644300
2017-01-06,114.39971923828125,114.69995605573881,113.23630246540947,113.52715486907482,24074300
2017-01-09,114.77501678466797,114.98143093835793,114.41848064349064,114.49354163723432,18909200
2017-01-10,115.02833557128906,115.3754872892813,114.55921511042882,114.82192142319693,16176600
2017-01-11,115.33795928955078,115.33795928955078,114.48415659636642,115.07525297109723,20686000
2017-01-12,115.15967559814453,115.2347365812948,114.09008164198602,114.92511539445698,19622500
2017-01-13,115.55377197265625,115.7508017355669,115.21600461960622,115.21600461960622,16930800
2017-01-17,115.20659637451172,115.43177217723088,114.86882909132811,115.25350412271462,14538500
2017-01-18,115.44119262695312,115.55378414256478,115.0846635648341,115.3755160323993,12499700
2017-01-19,115.38487243652344,116.01349214010308,115.14092779102604,115.6100482548694,12710700
2017-01-20,115.63819885253906,116.18238032981564,115.32857761634268,115.89152076329306,22091000
2017-01-23,115.7320327758789,115.90091645221428,115.00020589782936,115.56314909954354,17434200
2017-01-24,116.5107421875,116.68901022914339,115.7601466883576,115.95717639628542,17640900
2017-01-25,117.68354797363281,117.71169405331028,117.1393665725035,117.24257363679388,15036200
2017-01-26,117.8055419921875,118.04948666543794,117.59912781929953,117.84307249254996,16052200
2017-01-27,118.03070831298828,118.143292639953,117.64602610729885,118.05885439472947,15053000
2017-01-30,117.11121368408203,117.63662622940633,116.46382525630096,117.63662622940633,25006700
2017-01-31,116.87667083740234,116.90481691962113,116.20113623131095,116.6984027724032,19091100
2017-02-01,117.68354797363281,117.91810818189101,117.1487509851325,117.70230964068129,22861900
2017-02-02,117.58036041259766,117.93688941133279,117.14877041679914,117.47715333118815,15101400
2017-02-03,117.91812133789062,118.0400900828374,117.58973844133371,117.70232277260449,16957200
2017-02-06,118.05886840820312,118.07763007885424,117.6085095722571,117.72110107079632,11630100
2017-02-07,118.49042510986328,118.73436970902459,118.19018835636044,118.30277266504348,17541100
2017-02-08,118.68748474121094,118.85636840503675,118.10577275287525,118.33095574345009,12569100
2017-02-09,119.11907196044922,119.38177828512168,118.74377414311262,118.80945072428074,17542700
2017-02-10,119.51311492919922,119.68199856574826,119.17534765610114,119.38176178501769,13915700
2017-02-13,120.18865203857422,120.33875968588637,119.83211595381866,119.87902369882755,19120200
2017-02-14,120.59210205078125,120.60147930589487,119.85089087883476,120.23556592658343,16333500
2017-02-15,121.3051528930664,121.36145936971735,120.4419730312014,120.50765676241791,17891400
2017-02-16,121.26764678955078,121.62418294357175,120.95802554786223,121.38023112601162,15098300
2017-02-17,121.79306030273438,121.80245187511949,121.0706107337259,121.08937956207478,15563700
2017-02-21,122.39352416992188,122.46858516089081,121.9619413673757,122.02761078671091,18479600
2017-02-22,122.44044494628906,122.52488319651792,122.0745315455432,122.28094570149429,12110900
2017-02-23,121.98074340820312,122.6281321807008,121.49286825143233,122.6281321807008,17489000
2017-02-24,122.21526336669922,122.21526336669922,121.38962104983007,121.4271443893337,18624500
2017-02-27,122.3653793334961,122.3747565888051,121.7836745430905,121.99008869125126,12008700
2017-02-28,121.9900894165039,122.39352614349458,121.65232210990733,122.33723397846522,16598600
2017-03-01,123.32237243652344,123.54754106490896,122.5342536043373,122.76881380318449,25813800
2017-03-02,122.70311737060547,123.31296809789517,122.55299542294689,123.29421359175052,19951400
2017-03-03,122.92832946777344,122.96585280538537,122.29031819700805,122.6187082458988,13722700
2017-03-06,122.65624237060547,122.86265653667515,122.16836735664222,122.52488920278128,12026200
2017-03-07,122.44981384277344,122.98461802388883,122.23402244589067,122.41229050626248,15500900
2017-03-08,122.66558837890625,123.05025616694948,122.40288214084033,122.52484369081765,15776000
2017-03-09,122.75942993164062,122.92832072994022,122.10266419696279,122.63746835575571,20855300
2017-03-10,123.27546691894531,123.47250380020228,122.74067706939552,123.32238182557026,21922600
2017-03-13,123.48187255859375,123.51001863734818,123.1628741217645,123.22854353338535,10731600
2017-03-14,123.181640625,123.2473243594354,122.68437409669153,123.2004094514701,14019700
2017-03-15,123.94164276123047,124.23249518279638,123.04092509521257,123.43498460021364,22709100
2017-03-16,123.8571548461914,124.17616757804389,123.57569407752382,124.17616757804389,18457300
2017-03-17,123.81395721435547,124.14301599384537,123.74813685073775,124.0113896128095,21234500
2017-03-20,123.92678833007812,124.20884898846667,123.5977295171257,123.77635406611077,10105200
2017-03-21,122.04634857177734,124.5096475729524,121.97113147338032,124.39682909845419,35841900
2017-03-22,122.87371826171875,122.9959478358632,121.92411497864718,122.08396027384877,29177900
2017-03-23,122.56349182128906,123.05239592604818,122.35664832874477,122.71392606063013,20311700
2017-03-24,122.81731414794922,123.43783010932663,122.34721803849057,122.95833724230891,22967600
2017-03-27,123.01477813720703,123.23103273247011,121.66089869816177,121.94295930566261,18472400
2017-03-28,123.76693725585938,124.13361174850783,122.74213089771355,123.01478040406292,23721900
2017-03-29,124.34041595458984,124.38742843288523,123.7198856719567,123.85151200346729,13710000
2017-03-30,124.54727172851562,124.67889807307434,124.18059731537379,124.2934157975111,16092400
2017-03-31,124.46267700195312,124.80114684659739,124.22762889723343,124.36865202158613,19841400
2017-04-03,124.3874740600586,124.86696708369072,123.6917264261811,124.56611293539197,23700300
2017-04-04,124.58485412597656,124.6036619855325,123.98313173592733,124.03014421172045,13400000
2017-04-05,124.07720184326172,125.49688731324645,123.84215372494778,124.76353833180283,32011200
2017-04-06,124.14297485351562,124.47204787015202,123.82331294067701,124.19939843771786,18832200
2017-04-07,124.07720184326172,124.45327309408458,123.63531023313561,124.10540646976351,16743100
2017-04-10,124.12422180175781,124.64133056239031,123.78575191718012,124.19943892568612,15619300
2017-04-11,123.58831787109375,124.1994516859746,122.69513774525355,124.01140168373374,33778400
2017-04-12,123.08998107910156,123.67289574692232,122.9583547235873,123.56947401428992,15955200
2017-04-13,122.60111236572266,123.64472675165402,122.58231884251734,122.92078876082483,23683000
2017-04-17,123.61650085449219,123.63530872066283,122.90195974819052,122.94897224051792,13325500
2017-04-18,123.42845153808594,123.7857292246992,123.11818633858445,123.20280020766754,12841100
2017-04-19,123.62590789794922,124.37805036567602,123.45666580037211,123.96437774690547,17764800
2017-04-20,124.66009521484375,124.93275901921515,123.93615746380779,124.12419305698342,21977900
2017-04-21,124.63188171386719,124.81991729364636,124.31221979362309,124.77291915834792,22454900
2017-04-24,126.13619232177734,126.2584075555884,125.79772254700283,126.01396274177146,22469900
2017-04-25,127.04820251464844,127.27383950714952,126.43706885216413,126.54990169461206,19384400
2017-04-26,126.86959838867188,127.4055007387344,126.79438125518566,127.09523544292924,25398500
2017-04-27,127.63113403320312,127.63113403320312,127.10462851969193,127.17984564250771,16136500
2017-04-28,127.85675048828125,128.18580917127127,127.64990704356964,128.138796689074,22771900
2017-05-01,128.99440002441406,129.16364212380194,128.2234496828861,128.27985893394936,24815500
2017-05-02,129.21063232421875,129.26705591801087,128.8251643502548,129.15422307662388,18345100
2017-05-03,128.7970428466797,128.96627069867682,128.44916168500802,128.91925817994212,23827600
2017-05-04,128.84402465820312,129.210699303842,128.3927360973102,128.77821861729598,14630100
2017-05-05,129.31407165527344,129.31407165527344,128.69355550110248,129.17304851709804,19330700
2017-05-08,129.5960693359375,129.5960693359375,129.11657655282076,129.37982918035846,13279900
2017-05-09,130.04745483398438,130.33891226143643,129.68076592643985,129.79359880037717,28426100
2017-05-10,130.1226043701172,130.16961685283482,129.66191933959263,130.1226043701172,20499400
2017-05-11,130.01919555664062,130.05681128502792,129.1636314094881,129.76535394791253,27232100
2017-05-12,130.31068420410156,130.33888883096532,129.96280322911724,130.07563608277107,19738600
2017-05-15,130.72433471679688,130.79955182443314,130.2448417950866,130.36707138827006,20481300
2017-05-16,131.26963806152344,131.28844592355944,130.6773266962447,131.0627946177133,21786000
2017-05-17,127.93193817138672,130.4704538181333,127.9131303135938,130.22599470540146,55642200
2017-05-18,129.0508575439453,129.48335254085848,127.7439901361169,127.88502766272497,41319900
2017-05-19,129.5960693359375,130.14138244903478,129.42684165231708,129.5114554941273,36730100
2017-05-22,130.68679809570312,130.7526184773247,129.84063032133466,129.88762848397462,19509700
2017-05-23,130.81829833984375,131.08155092001857,130.47982868730614,131.07215416579436,19687500
2017-05-24,131.4200897216797,131.48591007445083,130.84657179606245,131.21324625039497,15891900
2017-05-25,132.53892517089844,132.87739501230934,131.6363341450702,131.91839473727887,23928600
2017-05-26,132.7739715576172,132.83038080609046,132.38848923145326,132.5671280824169,13851600
2017-05-30,132.88681030273438,133.04664131316147,132.6235575389486,132.70817142455124,20306400
2017-05-31,132.83978271484375,133.35689142288967,132.16285736072678,133.35689142288967,33229400
2017-06-01,133.35687255859375,133.41328180127417,132.5483066057171,133.1124277249133,20120700
2017-06-02,134.88003540039062,134.90824003042107,133.61076966421854,133.8270099431855,37222900
2017-06-05,134.851806640625,135.0868547712929,134.66377100533055,134.87061450801426,15727500
2017-06-06,134.31585693359375,135.1338195486983,134.11841026122664,134.6919280713858,22393000
2017-06-07,134.84239196777344,134.9552104647236,134.0714416616182,134.69195774104156,18842400
2017-06-08,134.98342895507812,135.19966918886269,134.2500656889179,135.14325994058822,25417400
2017-06-09,131.6081085205078,135.2936604576783,129.84995358532223,135.14324059920662,109783700
2017-06-12,130.9029541015625,131.1380021481733,129.24822101805228,130.49867834756515,104454000
2017-06-13,131.9654083251953,132.1534439395,130.94999879251267,131.63633524051377,51193000
2017-06-14,131.391845703125,132.50126549265678,130.3294240415416,132.50126549265678,60093800
2017-06-15,130.80902099609375,130.95004416913997,129.26710547057647,130.06626069484298,55145200
2017-06-16,130.241455078125,130.83539468195374,129.76065573258225,130.7411135309294,48087400
2017-06-19,132.4192352294922,132.54178346940517,131.30677801183845,131.50476268444353,39626500
2017-06-20,131.38217163085938,132.45691039961582,131.33503106326938,132.28722161862973,40935100
2017-06-21,132.68316650390625,132.74915178533934,131.5989910720844,131.68383545618997,35743400
2017-06-22,132.64544677734375,133.13568274424347,132.30605485953322,132.89057195343375,24099100
2017-06-23,133.1544647216797,133.32415338965865,132.12685281958775,132.49452598548078,21654300
2017-06-26,132.5323028564453,134.1444034572029,132.24005154199676,133.91815179970897,34411100
2017-06-27,130.12828063964844,132.19291336309357,130.11885828217612,132.03264697439272,65957800
2017-06-28,132.00433349609375,132.11745929943467,129.85485692096566,130.60904812360525,57427200
2017-06-29,129.71351623535156,131.45761684681287,128.45022935871387,131.45761684681287,88769400
2017-06-30,129.7606201171875,130.7316552880258,129.3363838245859,130.08115292623935,68898300
2017-07-03,128.39361572265625,130.5053745905554,128.3087713507021,130.3545449466186,32797000
2017-07-05,129.65689086914062,130.0057050693667,128.36532314590167,128.7989817107324,42116600
2017-07-06,128.4879150390625,129.213839526651,128.02597486219148,128.66704057102555,48430500
2017-07-07,129.87374877929688,130.22257744169153,128.91215033126056,128.92157268986787,36970400
2017-07-10,130.7222442626953,131.03335474031644,129.62864641141155,129.9586159927531,24853500
2017-07-11,131.0899200439453,131.25018646527263,130.04346274034097,130.53369874899494,31517700
2017-07-12,132.64544677734375,132.79629082643294,131.94781822454675,132.2117881178127,36045800
2017-07-13,132.93765258789062,133.25819967870743,132.55113462427906,132.805667686475,31073600
2017-07-14,133.98419189453125,134.15389509236854,133.10743759243857,133.5316740091055,34544800
2017-07-17,134.05014038085938,134.5215171938533,133.7955928739646,134.12556239717185,25343200
2017-07-18,134.9457550048828,134.97403646316633,133.5316245495912,133.9558608091229,25748500
2017-07-19,135.73768615722656,135.93567078192234,135.28516836756918,135.3417312931162,33752300
2017-07-20,135.91685485839844,136.17140248950972,135.30407045658563,136.08655807423455,36139400
2017-07-21,135.86026000976562,135.86026000976562,135.14377225133515,135.4171645425587,39697100
2017-07-24,136.48248291015625,136.576749666762,135.68113635995334,135.8414027929374,26712700
2017-07-25,136.13363647460938,136.4541836841385,135.76596308555244,136.02993298614302,28120900
2017-07-26,136.57669067382812,136.65211267770448,136.25615794631088,136.47298721665769,18610600
2017-07-27,135.71884155273438,137.60434912738305,134.1538668133085,137.4723641725689,80665900
2017-07-28,135.60568237304688,135.83194842909808,134.6912101762655,134.90805387446093,38013200
2017-07-31,135.0306396484375,136.16194147299072,134.73838823550025,135.99225267268517,33848600
2017-08-01,135.34169006347656,135.53023788628903,134.92687622212307,135.49253407583726,20149400
2017-08-02,135.70936584472656,136.2467422541501,134.44607958488191,136.21846079947275,41769700
2017-08-03,135.18148803710938,135.91683496577457,134.93637718931552,135.84141292369563,27112800
2017-08-04,135.42657470703125,135.72826282148628,134.87035342944597,135.48315201745237,29472900
2017-08-07,136.284423828125,136.284423828125,135.48309210088982,135.6716398963996,17933900
2017-08-08,136.04879760742188,137.14239546010086,135.6622650997072,136.0205161444458,30810400
2017-08-09,135.86965942382812,135.93565908814287,134.6157952693676,134.92690571839432,36169500
2017-08-10,132.95663452148438,135.1909575544635,132.82464949812882,135.0966907579459,63331700
2017-08-11,133.96530151367188,134.2575528480966,132.83398560776038,133.13567368541126,45862500
2017-08-14,135.69052124023438,135.89792818687363,134.99289276997376,135.03059658514516,34161000
2017-08-15,135.7848358154297,136.03938338271638,135.41716238947433,136.02994663763923,25509200
2017-08-16,136.02052307128906,136.66160316371662,135.56800525534618,136.12422656924284,31913000
2017-08-17,133.2393798828125,135.69996757340567,133.2393798828125,135.4925606121082,70191000
2017-08-18,133.1450653076172,134.059537302137,132.59826658205964,133.31476840844067,60751900
2017-08-21,132.9754180908203,133.42793585877735,132.15521255387762,133.13568450061175,37111500
2017-08-22,135.00234985351562,135.14377156366257,133.64478199368594,133.69192256373492,36294200
2017-08-23,134.521484375,134.82315798137267,134.22923312388812,134.3234998323217,25702300
2017-08-24,134.1256103515625,134.97408316419748,133.37140430406257,134.82323907764075,38160800
2017-08-25,133.8427276611328,134.983451443635,133.66360217827426,134.6440739627806,26380400
2017-08-28,134.25758361816406,134.5686941250642,133.82391050346857,134.24814687277512,15362100
2017-08-29,134.78550720214844,135.01177328490158,132.98484405493363,133.10740664791837,24498300
2017-08-30,136.36932373046875,136.59558980841828,134.81378580224734,134.89863018699822,33642700
2017-08-31,137.83059692382812,137.8400336680139,136.68043618506394,136.75585821214628,38480700
2017-09-01,137.64208984375,138.19831127489675,137.2744163435514,138.00976334394863,22293600
2017-09-05,136.4070587158203,137.52893811424389,135.37946045779356,137.23668671840898,44794300
2017-09-06,136.82183837890625,137.13294880179754,135.83194419430282,136.75583872013596,30722700
2017-09-07,137.1423797607422,137.49119402103744,136.64272145832157,137.0763800978325,22721100
2017-09-08,135.95449829101562,137.0292367824938,135.8130766247319,136.96323712783916,27890100
2017-09-11,137.51950073242188,137.75518919704058,136.98213851343806,137.01984233825286,27126300
2017-09-12,137.84950256347656,138.02862814010794,137.19899994740922,137.90606550656318,30256700
2017-09-13,138.03797912597656,138.05683822568238,137.38747684626878,137.61374288690396,28450900
2017-09-14,137.22727966308594,137.91548610397666,137.14243524954162,137.50068639822044,35296400
2017-09-15,137.6986083984375,138.19826672776736,136.97268399373397,137.19895006910764,46422400
2017-09-18,137.5181884765625,138.29293132121188,137.1024664745098,137.85832334944465,24858200
2017-09-19,137.75439453125,137.9527981330713,137.2914287657154,137.7638375162226,20871200
2017-09-20,137.32919311523438,137.85828846878675,136.27098799136246,137.70711424869546,34236200
2017-09-21,136.48829650878906,137.24413872127352,136.00643051904922,137.2346957394856,28841800
2017-09-22,136.35606384277344,136.55446743757608,135.91199847966405,136.05371533309452,21702400
2017-09-25,134.91990661621094,135.8930672334917,134.25853742244252,135.81748012323715,54947700
2017-09-26,135.2694549560547,135.86469430932434,134.79704643232043,135.60958966981391,29628800
2017-09-27,136.48829650878906,136.99849144389268,135.6474097931489,135.98753013870726,33249400
2017-09-28,136.44107055664062,136.58278738576817,135.84583104076904,136.15762248161758,24149400
2017-09-29,137.42369079589844,137.52762128872405,136.35605691516602,136.71507773120652,43102400
2017-10-02,137.5465087890625,138.10394755437702,136.9323688737976,137.63153888883556,27351300
2017-10-03,137.83938598632812,138.00000318643953,137.42366409579648,137.72601253137108,19715200
2017-10-04,137.9716796875,138.26457076615327,137.44258426583357,137.57485812125017,26381100
2017-10-05,139.32275390625,139.39832659725897,138.3306929397486,138.47240975634875,31562400
2017-10-06,139.51171875,139.51171875,138.85034955761876,138.85034955761876,23561100
2017-10-09,139.35110473632812,139.84239933804463,139.17158714783778,139.6912395311605,13704800
2017-10-10,139.4550323486328,139.9652273220184,138.8408924839502,139.8235105007355,19223100
2017-10-11,139.87071228027344,139.8990700557117,139.20934321660823,139.38886076605257,12439100
2017-10-12,139.61572265625,140.16371868009352,139.4739913439876,139.6629664270041,14513500
2017-10-13,140.15414428710938,140.3147614401841,139.62504909656616,140.1824876425483,18409900
2017-10-16,140.63604736328125,140.67383370827392,140.20142510364988,140.50377353065718,21809400
2017-10-17,140.8155975341797,140.83449792136915,140.37154656101205,140.58885055499132,13138200
2017-10-18,140.6454620361328,140.9761537595144,140.43760113859528,140.9572533824391,17218200
2017-10-19,140.12579345703125,140.14469383190323,139.14319021511716,139.8234595428892,27680300
2017-10-20,140.50375366210938,140.81553061031855,140.33367909177628,140.6927141938849,30173300
2017-10-23,139.58729553222656,140.80610335252504,139.3888775808093,140.7966603707494,29297100
2017-10-24,139.82351684570312,140.11640790082348,139.3038644494729,139.86130319417086,20289500
2017-10-25,139.29441833496094,140.003031364475,138.25512787506838,139.5495230622813,36179100
2017-10-26,138.85035705566406,139.55897003221696,138.8125562901912,139.20937782704868,28230200
2017-10-27,142.89418029785156,143.1587280008324,140.96674484268425,141.18404879511095,60165100
2017-10-30,143.21539306640625,143.79173213572238,142.65795437780588,142.79022820928336,31733400
2017-10-31,143.7539520263672,143.96181299380316,143.26265739130804,143.67837932617996,26319300
2017-11-01,143.70672607421875,144.39643870961083,143.139829892097,144.33029457443016,29481600
2017-11-02,143.43270874023438,143.60278334708093,142.45010511398695,143.54608220028703,31017400
2017-11-03,144.81211853027344,144.83100449188672,143.4610226031662,143.95233152363835,26199200
2017-11-06,145.3034210205078,145.36012215875795,144.65150930666798,144.69873863006168,28693900
2017-11-07,145.38848876953125,145.5774493436201,144.87827936104694,145.19007079583898,21333100
2017-11-08,145.97427368164062,146.01206003047804,145.14282983953802,145.31290445122627,17373500
2017-11-09,145.208984375,145.2845714948585,143.7161711955249,144.77436204000588,40594500
2017-11-10,145.1995391845703,145.3129270822775,144.61375697736895,144.86886172624736,20150800
2017-11-13,145.37901306152344,145.56798802858128,144.65151422206108,144.65151422206108,12522400
2017-11-14,144.84994506835938,145.02946267085645,144.15078945876272,144.86884545198237,25173800
2017-11-15,144.16966247558594,144.55704101283402,143.40436280043605,144.22634920459447,24808000
2017-11-16,146.01205444335938,146.34274625429669,144.86883362098135,144.89717698571684,34790600
2017-11-17,145.45465087890625,146.15382101720016,145.31293402096804,146.04989051578852,28725800
2017-11-20,145.3412322998047,145.69081005210816,145.13337136147115,145.5585362201474,21143900
2017-11-21,146.91912841796875,146.98527256624587,145.9648678864493,146.0309976179548,20147800
2017-11-22,147.0985870361328,147.24030384447573,146.76789526097824,147.0513432944299,17299000
2017-11-24,147.63711547851562,147.68435921706782,147.1647069265236,147.2497514226235,8280600
2017-11-27,147.57098388671875,147.92056159734798,147.23084915697297,147.58988426525036,22653400
2017-11-28,147.94895935058594,148.04344686121794,147.108072406333,147.90171559526993,25227300
2017-11-29,145.36956787109375,147.81664083959305,144.6703979871944,147.77885449681514,71986300
2017-11-30,146.58837890625,146.87182694204847,145.64356173143236,145.98369649103736,56595500
2017-12-01,145.96478271484375,146.6733954609348,143.85783043639682,145.69077771296782,59015800
2017-12-04,144.28309631347656,147.04196186597775,144.14136502903773,146.88134461036458,51319100
2017-12-05,144.37750244140625,146.02148942753934,143.706690356617,144.25467160189618,40604200
2017-12-06,145.0294647216797,145.25622607805656,143.66892541695617,143.839000038431,28647800
2017-12-07,145.520751953125,145.93647383572787,144.868825766022,145.0199999809261,32666200
2017-12-08,146.1632080078125,146.94740796044664,145.93646112197686,146.5883728355197,28081700
2017-12-11,147.29698181152344,147.3442255504179,146.21989088184907,146.22934827968695,20821500
2017-12-12,147.0985870361328,147.53319485956163,146.78679564101256,147.2308608628415,20310300
2017-12-13,147.38206481933594,147.8544734981913,147.16474644698897,147.69385627739274,24418500
2017-12-14,147.2781219482422,148.01507827194212,147.1175047409504,147.63714271057836,24594700
2017-12-15,148.95042419433594,149.1110558033444,147.6087855149303,147.85444721099066,49816200
2017-12-18,150.1992950439453,150.32238280129425,149.6596303519536,149.93419406420907,26844500
2017-12-19,149.30926513671875,150.0667024866021,148.89267387193712,149.91521212724228,31415000
2017-12-20,149.1483154296875,149.85841025250906,148.5613083325015,149.8300076153495,38972600
2017-12-21,149.16726684570312,149.83001917542106,148.99683656268007,149.35662259034862,18638700
2017-12-22,148.996826171875,149.0536314466154,148.59917480177583,148.9400208971346,23330400
2017-12-26,148.19204711914062,148.38140283322556,147.65236816473785,148.16364448437363,21918700
2017-12-27,148.21096801757812,148.6086337859106,148.06895484811258,148.20150528858525,22388200
2017-12-28,148.390869140625,148.71278975393824,148.21097615148634,148.68437267157108,25393800
2017-12-29,147.47251892089844,148.5518627029269,147.41571363451575,148.52346005973558,33186000
2018-01-02,150.0572509765625,150.09511634577575,147.86068394235434,148.2299326915804,32573300
2018-01-03,151.51527404785156,151.6478244824633,150.1708297976712,150.19923243030843,29383600
2018-01-04,151.78036499023438,152.23482152962148,151.56260667195286,152.03600311416403,24776100
2018-01-05,153.30471801757812,153.40886582354656,152.21591186629269,152.49995265047153,26992300
2018-01-08,153.90122985839844,153.97697504424332,153.24794027153877,153.30474554919317,23159100
2018-01-09,153.91073608398438,154.36519288056544,153.44681655409244,154.20423973275385,24782400
2018-01-10,153.55087280273438,153.57928988222977,152.54727459308208,153.22896666886737,34004000
2018-01-11,154.60186767578125,154.611344854569,153.57934365102702,153.8160419700184,20473500
2018-01-12,155.7379913330078,155.8989444151264,154.27045924121256,154.46927768804107,37762700
2018-01-16,155.29299926757812,157.5652967965419,154.82906547469375,156.7699941060961,41231800
2018-01-17,156.9688262939453,157.2055245758842,155.27407295190625,156.03151034349398,33849900
2018-01-18,156.99725341796875,157.35702500561777,156.3534265375295,156.72267530308872,26432200
2018-01-19,157.4895782470703,157.7452164575486,156.73214079371257,157.46117560667471,38937600
2018-01-22,159.1748809814453,159.1748809814453,157.2528917863955,157.4327848203915,26081400
2018-01-23,160.49090576171875,160.63293340600265,159.59145513559,159.66720032315794,37989700
2018-01-24,159.44943237304688,161.18206551156723,158.53104189338993,160.83174223421628,54287400
2018-01-25,159.3926239013672,160.6045179116188,158.8813475379358,160.54771263721892,28925000
2018-01-26,161.8353271484375,161.8542670543452,159.9701581536145,160.28258714305753,32038200
2018-01-29,161.0495147705078,161.81641488277137,160.70866867095552,161.49450869067098,37277800
2018-01-30,159.7239532470703,160.40564526481648,158.890785350757,159.58194009625345,44987700
2018-01-31,160.38670349121094,160.94532225403609,159.38310537871354,160.62340170441928,42449200
2018-02-01,159.0233612060547,160.699174441353,158.51208488752155,159.15591165031978,38037900
2018-02-02,155.8516387939453,158.77722649421813,155.71908831568786,158.398514969745,68478100
2018-02-05,149.70692443847656,156.93096061182612,149.59331388638628,154.3935619690327,105372200
2018-02-06,153.67398071289062,153.86333643730134,146.84761077589522,147.51982576459056,118537900
2018-02-07,151.68572998046875,154.84801548957472,151.67625280337535,153.18165037576267,91028300
2018-02-08,145.28538513183594,152.24431956459966,145.28538513183594,152.07388930965706,94184800
2018-02-09,147.79443359375,148.8737773317546,142.14207667851255,147.33996242738695,113836600
2018-02-12,150.41702270507812,151.4395610379046,148.13526219949108,149.30927645624536,63050600
2018-02-13,151.19338989257812,151.49635616705604,149.3282063613805,149.55544190242588,31785600
2018-02-14,154.0242919921875,154.26099026322066,149.59330729296613,150.30340210606565,52107400
2018-02-15,156.8836212158203,156.8836212158203,153.79708076442938,155.4066262213275,51633900
2018-02-16,156.18301391601562,157.88723013252883,155.91789852666605,156.3723696681929,62256300
2018-02-20,156.49545288085938,157.8114949452485,155.56759952353576,155.63388198680397,36785600
2018-02-21,156.05047607421875,158.7961708202972,155.95579096700817,157.26237032253522,41161800
2018-02-22,156.03150939941406,157.56530963408434,155.63385802179278,156.7321270636874,37074400
2018-02-23,159.22216796875,159.22216796875,156.64689000030455,157.29071671587283,50096900
2018-02-26,161.3335418701172,161.3335418701172,159.83762145379552,159.9701719127196,39266700
2018-02-27,159.33578491210938,161.6459621044509,159.26005418667816,161.38086122469835,42209900
2018-02-28,158.3132781982422,160.76546882266194,158.2091303809506,160.24472973620394,42936300
2018-03-01,155.72853088378906,159.12752921993194,154.32728108836878,158.39849446045145,76809900
2018-03-02,157.15817260742188,157.43273621612622,153.34259803784022,153.85385989253305,57445100
2018-03-05,158.90029907226562,159.30741319986544,155.832684007959,156.4197055958498,38540200
2018-03-06,159.57249450683594,160.11217348058747,158.5688961839809,159.67664232035384,29480900
2018-03-07,159.94175720214844,160.0743221099568,158.07658801921463,158.35115167144852,34609400
2018-03-08,160.82225036621094,160.93586089670492,159.96066531819463,160.60449203379284,25828400
2018-03-09,163.94667053222656,163.94667053222656,161.73117849860796,161.96787673588125,38310500
2018-03-12,164.8177490234375,165.19646049487721,164.06031163364145,164.429560374716,37635000
2018-03-13,162.5738525390625,165.8876284498334,162.1572612559161,165.19645907237845,55638900
2018-03-14,162.54542541503906,163.54903819286736,161.83533062087452,163.4259504721992,40536400
2018-03-15,162.40338134765625,163.35017422647283,161.8068972109897,162.6590194700723,28810400
2018-03-16,161.92054748535156,163.0377563224348,161.84480230957922,162.67798479616,31176700
2018-03-19,158.46585083007812,160.47630455676807,157.08128351900774,160.3625096576297,71395100
2018-03-20,158.98733520507812,159.35718289937685,158.0010795103984,158.532141382176,34075700
2018-03-21,158.2951202392578,160.0400426256779,157.6028439228635,158.57014383135225,43863500
2018-03-22,154.38795471191406,157.2044928283812,154.1887992670618,156.10442778234764,66607300
2018-03-23,150.3196258544922,154.8621299063829,150.24375779740703,154.20778057558155,80110400
2018-03-26,155.90530395507812,156.09498135829975,150.93606855032337,153.36378881987596,57481500
2018-03-27,150.86019897460938,157.06226508651713,149.53252951710505,157.06226508651713,78889100
2018-03-28,149.124755859375,151.52402740333153,147.9772712438351,149.99721692350883,89369700
2018-03-29,151.85594177246094,153.35430347071113,148.53678995832982,149.93083487789318,68692600
2018-04-02,147.47462463378906,151.4860663702758,145.9288583393323,150.77481968271655,85549400
2018-04-03,149.1342315673828,149.7601322568049,146.45995098494458,148.7643837909705,64090000
2018-04-04,151.48609924316406,151.95077125217992,146.0806116684279,146.2513184350684,65768700
2018-04-05,152.34909057617188,153.2310443168717,151.23954707298657,152.99396200071186,43054900
2018-04-06,148.5367889404297,152.1688910657311,147.82554212798996,150.67052937774895,59870900
2018-04-09,149.57997131347656,152.56721718836326,149.32393282990395,149.81705363035536,41810400
2018-04-10,152.88015747070312,153.37327823853667,150.8507335512727,151.93182826591593,48296800
2018-04-11,151.99819946289062,153.62932680636436,151.8275071566539,151.92233139222267,41622100
2018-04-12,153.8284454345703,154.3595073316183,152.83269714242965,152.9180432750942,30467900
2018-04-13,153.0319061279297,154.82424806218137,152.36807846160644,154.59665827393218,44604900
2018-04-16,154.19833374023438,154.75784449546558,153.13619519617177,154.10349503207254,28180800
2018-04-17,157.51751708984375,157.85891624824035,155.4406734154611,155.75362384985445,35536100
2018-04-18,157.8398895263672,158.3709514795451,156.76827306847767,157.51746112198816,29573900
2018-04-19,156.3889923095703,157.41318971603692,155.84843764906412,157.04334185845374,34705700
2018-04-20,153.91380310058594,156.10444082523745,153.3732486125018,155.99064597315763,49197100
2018-04-23,153.5249786376953,155.2699004953339,152.6999370521454,154.66297052440083,33040600
2018-04-24,150.2722625732422,154.49232493297612,149.25754330801686,154.25524261534662,70256800
2018-04-25,150.45242309570312,151.07832384601252,148.38507236755763,150.53778372191283,52089300
2018-04-26,153.61984252929688,154.1319338977122,151.90335463156612,152.396489835845,43005500
2018-04-27,153.71466064453125,155.91479110657227,152.84219960727992,155.87684983910054,51043400
2018-04-30,152.62411499023438,155.0328649684649,152.2447746001171,154.0750576153368,35615300
2018-05-01,154.36900329589844,154.3879739288055,151.86541515523035,152.22578482869912,36513500
2018-05-02,153.4586181640625,155.11819404857624,153.27843332420161,154.63453695834895,38646800
2018-05-03,153.43968200683594,154.00867089858772,150.9929907023404,152.68101568081028,60337100
2018-05-04,156.35101318359375,156.7113828700259,152.66201358471108,152.77582291589437,41543200
2018-05-07,157.65023803710938,158.16232939469043,156.95794736121027,157.0812347772602,32500200
2018-05-08,157.48902893066406,157.83041353322002,156.34154429188465,157.31832215903162,26040200
2018-05-09,159.2055206298828,159.31931551044775,157.21402339785976,157.77353418777884,29122700
2018-05-10,160.85562133789062,160.9694307008809,159.5943415532342,159.7176290004913,27067600
2018-05-11,160.70387268066406,161.08319857271485,160.0021038629794,160.66593140924584,24688800
2018-05-14,160.97885131835938,161.99357031662134,160.71332035010164,161.0736900086025,21821700
2018-05-15,159.19601440429688,159.793466416665,158.35200201509426,159.70812026357098,49361600
2018-05-16,160.24864196777344,160.61848972573048,159.32876161356043,159.40462967549436,22941200
2018-05-17,159.6322021484375,160.84606195752576,158.85456552086671,159.68909956599626,27480200
2018-05-18,158.80722045898438,159.5658722726055,158.5701381496388,159.01583957848112,26217900
2018-05-21,159.69862365722656,160.74179151419202,159.01582550909544,160.0400227312921,22954600
2018-05-22,159.4900360107422,160.6944184341561,159.20554875906532,160.4288873523519,19477700
2018-05-23,160.83660888671875,160.85556504861896,158.257152773736,158.27610893563622,26557800
2018-05-24,160.7891845703125,161.07368616389854,159.16753561611853,160.7891845703125,27696500
2018-05-25,160.95040893554688,161.52889023993566,160.46676632513123,160.77022409920974,27460500
2018-05-29,160.2391815185547,161.14009133882874,159.2813742631577,160.22021088339542,41220500
2018-05-30,161.38662719726562,161.67112880001466,160.47623943289182,160.81763846212016,22665800
2018-05-31,161.2823944091797,162.35399683389528,160.8651271413504,161.38669675577816,35670900
2018-06-01,163.8143768310547,163.90920106051405,162.04099154295287,162.0884108928595,45543300
2018-06-04,165.2937774658203,165.33170426571945,164.12733663672074,164.23163895403206,20459600
2018-06-05,165.80589294433594,166.08091654739832,165.07568979492345,165.68261997398508,24779300
2018-06-06,166.77313232421875,166.80158103553387,165.1420053471769,165.9765394666918,25036600
2018-06-07,165.4170379638672,166.83953161383826,164.58251819572465,166.80160481679465,39600300
2018-06-08,165.426513671875,165.84378074863625,164.23160986654014,164.63939886259396,31780300
2018-06-11,165.8722381591797,166.28001270626433,165.27478622518285,165.3032349391491,22319700
2018-06-12,166.7447052001953,166.90591940863624,165.91966352454074,166.09983389607814,22511800
2018-06-13,166.7352294921875,167.9870163809881,166.36536725123887,167.00076048285288,37858600
2018-06-14,168.42324829101562,168.69825735382278,167.38008052791284,167.50336793728496,35916000
2018-06-15,167.83526611328125,168.1671870588284,167.01022449538445,167.78784676815272,49615700
2018-06-18,167.73831176757812,167.88085977308367,166.2557545050282,166.77845469408697,31633200
2018-06-19,167.26319885253906,167.30120683532996,165.08688292987196,165.61908169691742,38236000
2018-06-20,168.45111083984375,169.1448687592361,167.88088971348046,168.03295061402073,33038000
2018-06-21,166.98753356933594,169.04981020832233,166.66440059030776,168.87873810162236,43469400
2018-06-22,166.6168975830078,167.6147626369429,166.01816694958816,167.54824506729807,30073200
2018-06-25,162.86300659179688,165.3529568706742,161.38044896848186,165.105854265904,77799700
2018-06-26,163.5282745361328,164.46912063332582,162.86301165766753,163.46174244775548,39008100
2018-06-27,161.30445861816406,164.96334724030908,161.19042015765635,164.22206824434846,52843500
2018-06-28,162.69192504882812,163.24313489216246,160.77219621532913,161.10482759536131,46407700
2018-06-29,163.12908935546875,164.33604914463746,162.89149964507553,163.47121911848802,36408500
2018-07-02,164.22198486328125,164.2695056981416,161.2473575171621,161.59898559274757,31770000
2018-07-03,162.32130432128906,164.8397496259443,162.15974504715328,164.8397496259443,25512700
2018-07-05,164.3360137939453,164.4690634230919,162.5398365498052,163.37615679091067,31626200
2018-07-06,166.89251708984375,167.01606837992483,164.41207992821478,164.71620171877586,37005600
2018-07-09,168.39407348632812,168.43208145670576,167.09208660636367,167.75733484790302,27362100
2018-07-10,168.5176544189453,168.89779219490532,167.93793488474398,168.70772330692532,23902500
2018-07-11,167.6622772216797,168.28001906681746,167.073059478267,167.1965962462364,30280600
2018-07-12,170.55145263671875,170.55145263671875,168.28959330951307,168.40363176253882,27930100
2018-07-13,170.6939697265625,170.96956743847082,170.06672934608991,170.54190881590372,28049800
2018-07-16,170.28530883789062,171.01708928605575,170.000212755396,170.73197870223444,21405300
2018-07-17,171.3212127685547,171.68233931032128,168.479634274446,168.479634274446,31034100
2018-07-18,170.99806213378906,171.48275443157806,170.47537636363865,171.34019190227087,23220800
2018-07-19,170.14279174804688,170.9506027989385,169.9432244539965,170.38038152756448,31094100
2018-07-20,170.10470581054688,171.22612209532394,169.91462247297824,170.65591558658605,35897300
2018-07-23,170.64642333984375,170.72245378379418,168.91677786927548,169.60103736350507,22184700
2018-07-24,171.34970092773438,173.01282888973145,170.64643016904148,172.40459981511123,36900300
2018-07-25,173.74461364746094,173.84913920072938,171.340192391803,171.42573571016183,35026600
2018-07-26,171.11212158203125,171.93892917850303,170.8840302272378,171.38771928041322,40873500
2018-07-27,168.80274963378906,172.30957642912713,167.83339395966874,172.1955379971898,59456100
2018-07-30,166.4173583984375,168.907294238192,165.61906035075958,168.8122670427981,60193000
2018-07-31,167.6907958984375,168.33704737895636,166.141721021214,167.0730685211876,47285100
2018-08-01,168.3275909423828,168.831280080712,167.35823514861437,168.08050280891155,37101900
2018-08-02,170.61793518066406,170.81751693378456,167.0635876111949,167.13961806470147,47178200
2018-08-03,171.140625,171.15012336810906,170.1902661413825,170.94104325910718,28934400
2018-08-06,172.1479949951172,172.1955158360841,170.8174984559913,171.02657855518606,24808800
2018-08-07,172.77525329589844,173.09837184602304,172.26205136209944,172.63269075814264,29895700
2018-08-08,172.9843292236328,173.2979493975018,172.07197830862066,172.53765938521263,22680700
2018-08-09,172.8798065185547,173.56406614816518,172.62320553211893,172.8798065185547,18852900
2018-08-10,171.55882263183594,172.2240710776816,170.9125709263512,171.710869061366,33818500
2018-08-13,171.3686981201172,172.97479223924654,171.2926676793552,171.8723871015071,26089200
2018-08-14,172.44259643554688,172.64217815843048,171.10258708549367,172.02443625527576,20913000
2018-08-15,170.33282470703125,171.6158150460653,169.27792572865306,171.07410350250498,58528000
2018-08-16,170.8935546875,172.0054729275456,170.56092325186526,171.6443318832938,27711800
2018-08-17,170.93157958984375,171.35923826277062,169.42051217821566,170.4469016940371,36092600
2018-08-20,170.77947998046875,171.37821068775344,170.11423169533302,171.31167860857735,24939000
2018-08-21,171.40673828125,172.43312767231455,171.18815978633603,171.29269984935166,26258700
2018-08-22,172.07203674316406,172.27161855843042,170.8270684946538,171.0456470532173,18042400
2018-08-23,171.82489013671875,173.01283874869645,171.53977956957894,171.76787092355596,25776200
2018-08-24,173.4215087890625,173.56407134193836,172.35711133396256,172.39511931393284,23136100
2018-08-27,175.1891326904297,175.1891326904297,174.02019546030448,174.29579312382256,29343600
2018-08-28,175.44580078125,175.8354515075606,175.07516129804299,175.6548809514006,20277000
2018-08-29,177.47003173828125,177.5650589304477,175.6833523101655,175.74986989454936,29175600
2018-08-30,177.1564178466797,178.2113168761006,176.56718542847278,177.12790823788401,29315500
2018-08-31,177.38450622558594,177.88819534875773,176.74776741895988,176.93783632370486,28653200
2018-09-04,176.6241912841797,177.1468770305292,175.67383247070833,176.8427697509072,29063500
2018-09-05,174.3433380126953,176.33909751132992,173.74462176416577,176.31058790432024,42623300
2018-09-06,172.7847442626953,174.62844279527658,171.61580691006952,174.4193626832524,46091400
2018-09-07,172.11949157714844,173.6020490601249,171.48275288901496,171.5397720996948,46629500
2018-09-10,172.69921875,173.20290780188296,171.75835822788284,173.10786611229807,26132000
2018-09-11,174.02967834472656,174.31478885145435,171.55875445617232,172.00542419973718,30116500
2018-09-12,173.5165557861328,173.89669360274684,172.02448512819998,173.77315678807778,36204000
2018-09-13,175.36968994140625,175.70232128729677,174.5238712775403,174.59990171378166,31133200
2018-09-14,174.8564910888672,175.7688272609344,174.1627188419263,175.49322963639713,31224100
2018-09-17,172.33807373046875,174.68546129572889,172.1765144629856,174.56191000240187,33071200
2018-09-18,173.76356506347656,174.6093836477421,172.39504634257017,172.480589638618,31877300
2018-09-19,173.63055419921875,174.20077529399987,172.49962487874194,173.7921134590976,31843400
2018-09-20,175.55026245117188,175.78785212918598,174.40983489696876,174.8279950504853,33295800
2018-09-21,174.59043884277344,176.2725636446367,174.3718458561419,176.0254755526097,38605400
2018-09-24,175.0759735107422,175.1426253160669,172.6101182072972,173.32416998047074,34945600
2018-09-25,175.31402587890625,175.4473149888292,174.4000330341322,174.99984129249717,25277500
2018-09-26,175.43777465820312,177.07533464937444,175.0950292059249,175.46633556860786,36210600
2018-09-27,176.9229736328125,177.55134262252545,176.05658740706454,176.1518001124462,33113300
2018-09-28,176.88490295410156,177.35142201991485,176.10421388494765,176.42791387636706,28076800
2018-10-01,177.24673461914062,178.54154941011515,176.79926089912135,177.91318020403395,27371300
2018-10-02,176.8468475341797,178.20829946800947,176.43746476607902,177.09438028739714,25618600
2018-10-03,177.03726196289062,178.00837659881716,176.76116829143515,177.58946383322444,29128700
2018-10-04,173.6383819580078,176.43746767580012,172.38164366535705,176.323209495381,80557300
2018-10-05,171.5152587890625,174.20010087836258,169.87769861986308,173.61933809129275,83325600
2018-10-08,170.46795654296875,171.98174275917265,168.44956039394356,170.91543013302953,66864500
2018-10-09,171.02015686035156,172.3435321717788,170.18233150264115,170.59171419407338,49097900
2018-10-10,163.4988250732422,170.0585806953768,163.2798532444409,169.95385251161585,114471100
2018-10-11,161.470947265625,165.0887987187315,159.7667352080754,162.8228838293248,143084500
2018-10-12,165.9647216796875,166.47883269205826,162.73719291661462,165.82190257311154,102078400
2018-10-15,163.95584106445312,165.69811489230906,163.3369873765282,165.38394484477124,64885300
2018-10-16,168.7256622314453,169.13504491103075,165.37437542500382,165.67904446532552,71979700
2018-10-17,168.7923583984375,169.71586677393614,167.05959984113684,169.5445012745279,66987600
2018-10-18,164.8793182373047,168.21156005643297,164.1747964073816,168.15443823534963,82486200
2018-10-19,164.72705078125,167.63086534132077,164.12724241365763,166.2122767129777,82923700
2018-10-22,165.57431030273438,166.85007917618861,164.31757234804653,165.71711483057666,52909300
2018-10-23,164.96502685546875,165.7838069113593,160.72832201347433,162.4610803244757,77567000
2018-10-24,157.4150848388672,165.0506822800182,157.12946123362732,164.77458866231902,102997400
2018-10-25,162.8609619140625,163.8320766068038,159.14789768802768,159.86194961822082,83481100
2018-10-26,158.67184448242188,161.81367551274892,156.35830894532376,157.2818171623955,130970900
2018-10-29,155.40623474121094,161.7184575073842,152.41673835569682,161.09961840488236,111871900
2018-10-30,157.96730041503906,158.08154405615696,154.24470681612027,154.949243166997,92584000
2018-10-31,161.68035888671875,163.04181053584207,160.46169724420298,160.53786450482394,73828600
2018-11-01,163.8130645751953,163.98444462766668,160.69027799223872,161.918455698099,52706800
2018-11-02,161.26150512695312,164.2795631104057,160.1571012356322,163.308448342008,75966800
2018-11-05,160.86160278320312,161.5280482529188,159.0717082124624,161.47092643086057,39573500
2018-11-06,162.08023071289062,162.9846933513967,160.63308177482892,160.87109902324738,34410400
2018-11-07,167.16429138183594,167.16429138183594,163.63210869088113,164.0224605015983,51169600
2018-11-08,166.09800720214844,166.89774188294302,165.30778798395005,166.38361635427236,40296500
2018-11-09,163.29885864257812,164.94593374009796,162.00404438248265,164.5460665531091,50602700
2018-11-12,158.357666015625,162.4610817938873,158.21484692436925,162.15642721523568,62578400
2018-11-13,158.4909210205078,161.35664336181196,158.0434474468683,159.10024457414596,64128100
2018-11-14,157.28184509277344,160.61408763510943,156.3773821653386,160.06188569908852,75270700
2018-11-15,160.0332794189453,160.46170757603178,155.62520969825405,156.99617689544667,73254300
2018-11-16,159.47161865234375,160.24279251367744,157.83405818219728,158.47194291351556,65390700
2018-11-19,154.29234313964844,158.90035490695985,153.79726305295634,158.70994395897802,67280500
2018-11-20,151.53128051757812,153.64487451094027,149.59858192874788,150.7791379963579,102652800
2018-11-21,152.68333435058594,154.20665089547666,151.59797603376384,153.61637263485753,42965800
2018-11-23,151.57888793945312,153.1307502856834,151.4646297988551,151.4646297988551,23503700
2018-11-26,155.08248901367188,155.15865626231883,153.05457778477154,153.70199213456195,42012600
2018-11-27,155.60618591308594,155.99653775546375,153.45450031285287,154.2352039976085,36608100
2018-11-28,160.61407470703125,160.61407470703125,155.63475674795546,156.72963054133936,70141000
2018-11-29,160.09042358398438,161.14722093361175,158.8241843842013,159.93810355909136,44885700
2018-11-30,161.25196838378906,161.34718112221498,159.50967986804972,160.3094290995242,36722800
2018-12-03,164.070068359375,165.00309200180993,161.38522654690811,164.81268108890382,50771700
2018-12-04,157.7769012451172,163.67021162835886,157.58649031994403,163.2132079750364,70594700
2018-12-06,158.8907928466797,158.9098382941197,154.01620427626648,154.59696694011802,71715500
2018-12-07,153.64491271972656,159.1097799392625,153.14983273064016,158.19580175817202,80432200
2018-12-10,155.25389099121094,155.9298518118432,151.76931513996445,153.35926854667193,73960800
2018-12-11,155.76805114746094,157.8245242216189,154.45419092884492,157.78643331612122,59058300
2018-12-12,157.1389923095703,159.56677117979484,157.05330958563087,158.04345495957784,53780000
2018-12-13,157.18661499023438,158.82417501244228,156.16789407508645,158.16724500583982,46378500
2018-12-14,153.35935974121094,155.9585054583233,152.99756867550323,155.38727246383672,56547400
2018-12-17,149.88421630859375,153.92099411494115,148.68461459356877,152.70234695216084,74834100
2018-12-18,150.8268280029297,152.28349297829223,149.51296762223967,151.04579989056947,63642100
2018-12-19,147.12319946289062,153.01650801823115,145.9902351974965,150.59824498358435,81856500
2018-12-20,144.99063110351562,148.39904103010286,143.18170519709375,146.76148062900677,99002100
2018-12-21,140.4968719482422,146.70435325265942,139.6876072416377,145.71420758418486,141129400
2018-12-24,137.0128173828125,141.29028662666678,136.97463206706718,139.47618546452412,56163300
2018-12-26,145.56776428222656,145.64413491048686,137.57613602697788,138.52138645279928,98982100
2018-12-27,146.13104248046875,146.25515563885767,140.4309282393995,143.5721901738651,85824300
2018-12-28,146.05471801757812,148.5562715574526,144.86122650901387,147.18136700854848,77856600
2018-12-31,147.28636169433594,147.97381381406322,145.80644421199165,147.4868746330001,53015300
2019-01-02,147.87831115722656,148.70897621784601,144.0591400184055,144.16416780748233,58576700
2019-01-03,143.04708862304688,146.33156417582867,142.73200519716977,145.7014118930589,74820200
2019-01-04,149.16732788085938,149.9025226764872,144.8803160150912,145.453183156539,74709300
2019-01-07,150.9432373046875,151.6784320691638,149.0527510507349,149.53969028568113,52059300
2019-01-08,152.30860900878906,152.87193347680324,150.09348188380213,152.32769438232393,49388700
2019-01-09,153.5498504638672,154.21820279462577,152.26087380748498,152.90058350756735,46491700
2019-01-10,153.9890594482422,154.07498734711655,151.52569103091892,152.38501372663038,38943400
2019-01-11,153.4256591796875,153.58797220933155,152.56633690812345,153.0819331848583,30176600
2019-01-14,152.06983947753906,152.7286487805404,151.42057285683464,152.1271247092817,30710200
2019-01-15,155.03932189941406,155.2493775654394,152.68098156911967,152.76690945913336,40874200
2019-01-16,155.01063537597656,156.37598224953632,154.9533355632049,155.2970615949166,33812200
2019-01-17,156.23280334472656,156.92979824504928,154.26593184281046,154.51417280990142,39329000
2019-01-18,157.77952575683594,158.51472036464,156.41417891132602,157.3307719310709,57183200
2019-01-22,154.61917114257812,156.71971269824772,153.49250789671987,156.6433275147163,56711700
2019-01-23,154.8196563720703,156.11817524401582,153.072398259532,155.41163785199,38106100
2019-01-24,155.8222198486328,156.0513754210594,154.73375637533113,155.32572339286796,32417800
2019-01-25,157.68405151367188,158.1614479936636,156.53830287548863,157.07298460204183,36515900
2019-01-28,155.73626708984375,155.74580977380063,154.43774819153273,155.6503392272823,33491200
2019-01-29,154.26588439941406,155.8603866758222,153.71210281022724,155.82218680402596,30784200
2019-01-30,158.19009399414062,158.76297560995488,155.52622798926913,156.01316716442196,41346500
2019-01-31,160.55796813964844,161.35044794842688,158.94436590229088,159.16396417709035,37258400
2019-02-01,159.88006591796875,160.97808647874677,159.44086934884416,159.76549543367247,32143700
2019-02-04,161.8660125732422,161.8660125732422,159.7654714522052,159.90868453607868,26718800
2019-02-05,163.29824829101562,163.48920398033678,162.01882914668008,162.08565708189914,28156400
2019-02-06,162.81126403808594,163.62282913533758,162.07606954023817,163.33640296512007,27970000
2019-02-07,160.62486267089844,161.78971158910886,159.40272848933154,161.3887001766249,42036200
2019-02-08,160.93991088867188,160.9685535140678,159.03988208214375,159.22128051998942,29020700
2019-02-11,160.7871551513672,161.913818605834,160.38614379031566,161.52234993112174,21434100
2019-02-12,163.16458129882812,163.40327955776894,161.6751064940751,161.9615473186012,29722100
2019-02-13,163.27915954589844,164.37718033050018,163.09776109844697,163.8902265350124,26094100
2019-02-14,163.47962951660156,164.06205372565546,162.1524680656732,162.69669240289727,30326800
2019-02-15,164.16712951660156,164.75909658219274,163.4032921154921,164.72091126818125,32521700
2019-02-19,164.49176025390625,164.98825676378974,163.6324522593657,163.66109488791793,19487700
2019-02-20,164.4630889892578,165.25556890218667,163.5751385207738,164.6063021070828,32593000
2019-02-21,163.86154174804688,164.47260857993902,162.99269134026608,164.0238547817858,25207400
2019-02-22,165.07412719726562,165.18869767159953,164.12887707706497,164.2148195017974,27735400
2019-02-25,165.67568969726562,166.76415316248028,165.56110462741094,166.33449921523496,32608800
2019-02-26,165.84756469726562,166.37270383550796,164.99779938955967,165.27469755744522,21939700
2019-02-27,165.7425537109375,165.94306670009064,163.99528034741772,165.0837440495625,25162000
2019-02-28,165.360595703125,165.9525626785042,164.89274190610905,165.22692527097536,25085500
2019-03-01,166.50634765625,166.75458858689657,165.35104173692716,166.5540902191779,31431200
2019-03-04,166.5349884033203,167.84305011269169,164.6731450219927,167.60435186972703,38063500
2019-03-05,166.6591033935547,167.17468514853607,165.83798091785584,166.6591033935547,22319900
2019-03-06,165.7138671875,166.85007316411867,165.4465263187644,166.82143054025303,27194600
2019-03-07,163.68016052246094,165.35104830845088,163.0690935720583,165.29376305825457,39407400
2019-03-08,163.4319610595703,163.51788895667252,161.68468764021398,161.84700074662558,39303200
2019-03-11,166.8310089111328,166.94559400009027,164.0812144489465,164.10985707893892,30518400
2019-03-12,167.74757385253906,168.17722776146795,166.86916609657797,167.27017738284385,33953500
2019-03-13,169.00791931152344,169.88632720446222,168.37776694568856,168.61646521775845,42426100
2019-03-14,168.7214813232422,169.3229910201753,168.67373875834647,169.1224926441927,23751500
2019-03-15,170.28733825683594,170.79337738392996,169.26570274844815,169.38027324696452,38192000
2019-03-18,170.6929168701172,171.2094516711474,169.87029980538523,170.2146514742382,32935100
2019-03-19,171.26678466796875,172.1754857011812,170.5398121650014,171.39112370492626,36893300
2019-03-20,171.94593811035156,172.99812762512659,170.4920220842065,171.27636959890333,50105000
2019-03-21,174.63381958007812,174.8825123115078,171.41030114675652,171.42943584778968,42428500
2019-03-22,170.79812622070312,174.34686168026096,170.61638304522566,173.87815636431912,70794500
2019-03-25,170.47288513183594,171.0659294347799,169.23895248122832,170.17636298036396,46336500
2019-03-26,171.26678466796875,172.83549406498187,170.39633843178245,171.79287934893281,33248100
2019-03-27,170.16676330566406,171.90765575187245,168.923285381797,171.52504940537435,37096700
2019-03-28,170.55897521972656,171.19984899382246,169.53549502976716,170.6068046705843,30368200
2019-03-29,171.8502960205078,172.0129044757049,170.82680124335678,171.8789907716897,35205500
2019-04-01,174.12686157226562,174.3372995173104,172.91207795691824,173.6199014125218,30969500
2019-04-02,174.7868194580078,174.9590025428674,173.8781183746583,174.31812883996832,22645200
2019-04-03,175.7912139892578,176.8816584227349,175.24599907026948,175.77207928817913,31633500
2019-04-04,175.72427368164062,176.4799265657825,174.71033880808773,175.83905270315555,28530800
2019-04-05,176.6329345703125,176.73815351445634,176.02075560315694,176.2311934914446,25674700
2019-04-08,177.08258056640625,177.226054371614,175.64778413231255,176.346047643497,22697500
2019-04-09,176.4607696533203,177.06338863142693,176.0877232848494,176.47990435299815,25631900
2019-04-10,177.40769958496094,177.46508907534093,176.49899859778714,176.6903017642191,24563000
2019-04-11,176.9868621826172,177.70426015868966,176.66164526971747,177.70426015868966,20654100
2019-04-12,177.75209045410156,177.86686946025878,177.01555777509446,177.7712251536275,24989100
2019-04-15,177.78077697753906,177.98165482451637,176.59467378531275,177.7616422788987,21073000
2019-04-16,178.39295959472656,178.78514064957034,177.8477301386512,178.431214397285,27195700
2019-04-17,179.01467895507812,179.76077158459975,178.48859885142625,179.5886030987858,29651600
2019-04-18,179.24427795410156,179.62688437597527,178.19208840069973,179.31124210545414,28580900
2019-04-22,179.751220703125,179.81818484802227,178.32598491736357,178.4599132071581,17936000
2019-04-23,182.03732299804688,182.25732093341182,179.95209344654953,180.21034618113106,33665600
2019-04-24,181.4634246826172,182.41995527278428,181.4060205869884,182.1903826767647,24977100
2019-04-25,182.19993591308594,182.90777377771232,181.21471060970615,182.8216895307369,29517500
2019-04-26,182.36257934570312,182.40084874870024,180.39212836087393,181.913008731242,26359500
2019-04-29,182.7164764404297,183.00343853504035,182.06602805294563,182.36255019902723,21716200
2019-04-30,181.30081176757812,181.59734852731626,180.02863885561794,181.2434222642415,31495300
2019-05-01,180.7173614501953,183.00348412969038,180.59302236810086,182.48694931159875,34797100
2019-05-02,179.93295288085938,181.5973212047022,178.74684980686246,180.65991080624622,44110100
2019-05-03,182.80255126953125,182.93646496071528,181.09992808354977,181.42514496278272,30386200
2019-05-06,181.68345642089844,181.932149166214,178.64168098880194,178.91908308502047,38371800
2019-05-07,178.14427185058594,180.4686343025898,176.48946333274444,179.70340687061966,58818100
2019-05-08,177.69467163085938,179.03380846672948,176.9198842761419,177.56075794727235,37165300
2019-05-09,176.73817443847656,177.35035347810796,174.1746646756141,175.71467962467898,55351700
2019-05-10,176.95814514160156,177.80945671548992,173.16071783227443,176.1068335677132,58526400
2019-05-13,170.81727600097656,173.38077159894735,170.31987588663074,172.4529355336589,67185800
2019-05-14,172.69203186035156,173.73466132962173,171.08506742321788,171.7163811358771,43360600
2019-05-15,175.13119506835938,175.57120559405928,171.51551034054117,171.5537797404279,40944500
2019-05-16,176.89122009277344,177.98167913172063,174.99729334268207,175.20773126997005,39281200
2019-05-17,175.08334350585938,177.51293924936002,174.93030971213705,175.14074759844019,44702300
2019-05-20,172.1276397705078,173.3041680566961,171.54415565214697,172.64417435161172,38608300
2019-05-21,173.92596435546875,174.40422966538463,173.05551798850212,173.6103074994644,31613800
2019-05-22,173.15115356445312,174.15551349908452,172.8928862451486,172.95985038535596,24332600
2019-05-23,170.50155639648438,171.23808894563743,169.4398069902236,171.16156475652443,45351300
2019-05-24,170.41552734375,172.03206669795142,170.20508940441601,171.41988758229837,25903300
2019-05-28,169.774658203125,171.85032830302978,169.75552350024287,170.89379749594914,24763800
2019-05-29,168.37808227539062,169.30591813563825,167.47894116583115,168.72243387914747,42178800
2019-05-30,169.0859375,169.56420285445284,168.1294067910943,168.82767012185536,30354800
2019-05-31,166.38848876953125,167.67023622299436,166.3119645729143,167.09632664161444,45446200
2019-06-03,162.72500610351562,166.3885206181118,161.91196372539434,165.93894999912084,75842300
2019-06-04,167.3067626953125,167.36415219327017,163.92063636083043,164.5519500293607,47797800
2019-06-05,168.55029296875,168.93289943756213,166.79983991270717,168.90420468217627,34412700
2019-06-06,169.889404296875,170.30070545834934,168.09112205759428,168.83721477484926,29913200
2019-06-07,173.1703643798828,173.86864251284737,170.57817356489235,170.79817160632405,45888300
2019-06-10,175.1885986328125,176.8147125620153,174.2894720003072,174.32772680776458,41385300
2019-06-11,175.42774963378906,177.34081130742035,174.8347051855241,177.01559432582357,41260300
2019-06-12,174.4137725830078,175.31291361259898,174.08855570713368,174.9494273422117,27758100
2019-06-13,175.44683837890625,175.87727422362002,174.79640458609404,175.14075618096476,23715800
2019-06-14,174.70079040527344,175.15036106352287,174.0312217426154,174.54774196937956,22844100
2019-06-17,175.75299072265625,176.24081622145258,174.89210416562955,175.08340742424556,20379500
2019-06-18,178.306884765625,179.55993760149545,177.36947420516495,177.82861943312486,48177300
2019-06-19,178.97647094726562,179.3782121146909,177.50342000003965,178.54603502470292,31672900
2019-06-20,180.64083862304688,181.51127051608543,179.02429931447367,181.47301570796876,40922000
2019-06-21,180.37301635742188,181.5208503753842,179.9903952877668,180.43040586899477,39980400
2019-06-24,180.37875366210938,180.91559283997395,180.28288325416048,180.73344784153338,19375200
2019-06-25,177.2823028564453,180.35956130535862,177.01388329035703,180.25410971669757,33921100
2019-06-26,178.1067352294922,179.58305744313873,177.81915329103936,178.46144399986568,22595700
2019-06-27,178.78738403320312,179.20919038959585,178.2984800988948,178.74904464978982,19709200
2019-06-28,179.0174560546875,179.41048957088825,178.37516536047264,179.21876340702494,21179200
2019-07-01,181.43324279785156,182.68908069525745,180.58964470132267,182.44941931928807,31025600
2019-07-02,182.15225219726562,182.17142920577922,180.85808936414273,181.37575157183758,18035800
2019-07-03,183.52310180664062,183.52310180664062,182.4206506752664,182.61239148264963,15792100
2019-07-05,183.14923095703125,183.48474811499906,181.55787587069386,182.2672788270511,21415600
2019-07-08,181.86465454101562,182.018026712597,181.11689755111894,181.96051031978268,17598800
2019-07-09,182.7753143310547,183.005379838669,180.84842793818711,181.0018146951075,19193500
2019-07-10,184.59678649902344,185.1048674750675,183.55186635038723,183.88739814714253,28374500
2019-07-11,184.4625701904297,185.34452231821808,183.8777958349888,184.87479537267646,23736100
2019-07-12,185.5266571044922,185.53623829321938,184.49131823896153,184.66388203043448,20211900
2019-07-15,186.12098693847656,186.15934094363197,185.44035693852157,185.95801898598359,15606100
2019-07-16,185.16236877441406,186.06349786685294,184.59677145137917,185.89094870162975,20190900
2019-07-17,184.2516632080078,185.48832410149578,184.2324862021248,185.16237351256254,16765100
2019-07-18,184.4625701904297,184.81726435384192,182.80411752772812,183.37929606614497,28877000
2019-07-19,183.11087036132812,185.81425767305612,182.91914418827216,185.72798308934637,29387900
2019-07-22,184.56802368164062,184.96107186165185,183.52310355916498,183.52310355916498,18954900
2019-07-23,185.77589416503906,185.79507116969515,184.3379259989733,185.5745868133403,23786700
2019-07-24,187.07969665527344,187.08929247374786,185.0473725156966,185.06654952487338,20422900
2019-07-25,185.3061981201172,186.47574692684879,184.9514892998651,186.44698872895958,23434700
2019-07-26,187.21383666992188,187.4630938129798,186.38940111593783,186.48527149830883,20431200
2019-07-29,186.5715789794922,187.10841810883542,185.39244913270122,187.04132053155212,20451700
2019-07-30,185.7663116455078,186.49487691176398,185.0089881863579,185.1431979624516,18705000
2019-07-31,183.1971435546875,186.38941989498272,181.49075589648209,186.26480593866532,41627500
2019-08-01,182.28639221191406,186.91665062064797,181.4044403189789,183.5134569871078,63251600
2019-08-02,179.60223388671875,181.1744118656774,178.5093786407081,180.91557349411016,55214000
2019-08-05,173.2559814453125,175.92101452399396,171.7892551332241,175.84432113559984,75040000
2019-08-06,175.68136596679688,176.1990427192213,173.58194464613536,174.85693026622062,41897200
2019-08-07,176.63038635253906,176.87962885018885,172.4506925001445,173.77362761883953,49990600
2019-08-08,180.474609375,180.5321403964102,176.9372195162246,177.42612348993245,38418100
2019-08-09,178.77780151367188,180.22535092800092,177.37817267131044,179.61181840356954,33608900
2019-08-12,176.72637939453125,178.21226885310426,175.91152451975995,177.67542948384232,24642900
2019-08-13,180.59922790527344,181.8358741828538,176.40995168747628,176.57291966962129,40241900
2019-08-14,175.20204162597656,178.26012302959205,174.87610567536257,177.69452571039088,51000500
2019-08-15,175.00074768066406,175.99773261418122,173.66823095430072,175.43213525163043,36685000
2019-08-16,177.80953979492188,178.26010429072355,176.48661912627026,176.59207070247422,32781400
2019-08-19,180.6375732421875,181.02104023731485,179.7460399055855,180.37874947671799,22494100
2019-08-20,179.23793029785156,180.83886634881532,179.18999510264842,180.1869945029096,19902900
2019-08-21,180.82928466796875,181.40446312553513,180.18699401174734,180.8101076643862,20418500
2019-08-22,180.2445526123047,181.6250046382273,178.82574657023355,181.16484421107228,24243700
2019-08-23,174.54058837890625,180.65673655286332,174.05166982565626,179.01746098475311,55372400
2019-08-26,177.17689514160156,177.2248157216373,175.5088464531967,176.52500849651847,27598900
2019-08-27,176.80300903320312,178.71071913002302,176.11279762734003,178.41354132094145,28012800
2019-08-28,177.43568420410156,177.73286195546027,175.3458441282444,176.22779619374302,21792400
2019-08-29,180.14862060546875,180.6662972520776,178.9598951834097,179.64053977350176,25358900
2019-08-30,179.71728515625,181.15525350307374,178.70112319827118,181.1168994889403,26319800
2019-09-03,177.97250366210938,179.43922987974267,177.3781482250407,178.51893853381486,27964200
2019-09-04,180.5417022705078,180.6950890556503,179.17083164842148,179.6885083913351,21592100
2019-09-05,183.84901428222656,184.37627217961688,182.46856256097482,182.53567476053723,33932600
2019-09-06,183.66688537597656,184.2229015138667,183.26425602669806,184.1558039362049,19487800
2019-09-09,183.28343200683594,184.31877088251818,182.35354471926308,184.24207748864143,24407600
2019-09-10,182.7561798095703,182.85205021187136,181.09772716970377,182.29603405961853,23744700
2019-09-11,184.4721221923828,184.5679925808352,182.67946002490984,183.1012663296723,25063600
2019-09-12,185.23907470703125,186.65788064671688,184.98983213113684,185.60336469529784,28689900
2019-09-13,184.57763671875,185.40207260620468,184.33797529365006,184.9706849665793,27669800
2019-09-16,183.7530975341797,184.13656437543656,183.20667739856452,183.38882231969103,20319000
2019-09-17,184.6351318359375,184.6351318359375,183.37929392534966,183.77234209672974,20953400
2019-09-18,184.55841064453125,184.6351040294286,182.2480717932141,184.2516371049419,29781300
2019-09-19,184.86520385742188,186.01557558879432,184.510509685756,184.8843808641463,26039400
2019-09-20,182.90957641601562,185.31577151406995,182.29604384057143,185.12404532695058,29086100
2019-09-23,182.9902801513672,183.5378171589636,182.2410297831716,182.85579969187748,22485900
2019-09-24,180.55995178222656,184.2293542329539,179.77227033326935,183.82591299956079,40820700
2019-09-25,182.58677673339844,183.0670660194215,178.86934234990503,180.3774430862392,34704900
2019-09-26,181.91439819335938,182.5099522947323,180.56957922419545,182.34665567523547,26826000
2019-09-27,179.65704345703125,182.34666690371202,178.4275038226518,182.25060316526077,40773500
2019-09-30,181.3668975830078,181.65507418099682,180.0124778325489,180.38710301275344,26307700
2019-10-01,179.88758850097656,183.076702362605,179.58981143052011,182.02967503188114,32367600
2019-10-02,176.7945098876953,178.69645157976666,175.8051150148275,178.667635391801,48544300
2019-10-03,178.7349090576172,178.86938950686732,174.65244905012514,176.77532004595,39392500
2019-10-04,181.3668975830078,181.626257986925,179.51298736379,179.70510021002576,31887600
2019-10-07,180.81935119628906,182.26021933738292,180.50235844637618,180.84816738652944,21216000
2019-10-08,178.11048889160156,180.454303108122,177.9664079591379,179.68583726802677,32379300
2019-10-09,179.84913635253906,180.6656340671154,179.08067050186727,179.61860685742442,20147400
2019-10-10,181.24195861816406,181.9623925499016,179.74345838531252,179.89715447516033,25177700
2019-10-11,183.57618713378906,185.03627079175718,183.2015620450574,183.30722628327746,40976700
2019-10-14,183.55699157714844,184.14294520654917,183.13433457793892,183.31684688734927,14975000
2019-10-15,185.8911895751953,186.32344704815495,184.00844892010952,184.12371367096077,23234200
2019-10-16,185.43011474609375,185.90080360842163,184.84416112452988,185.25721760723974,20457100
2019-10-17,185.92001342773438,186.83256027655185,185.20917990122254,186.5443837302758,19045200
2019-10-18,184.13331604003906,186.0352575832258,183.19195310656008,185.58378446408184,27700800
2019-10-21,185.7663116455078,185.89119156511174,184.56558828706244,185.11312517400196,15801200
2019-10-22,184.28704833984375,186.75572823000394,184.22940129983235,186.49636785039505,22392300
2019-10-23,184.64244079589844,184.68085749509788,183.61461454078156,183.91240625296584,14828400
2019-10-24,186.43870544433594,186.55398484852535,185.14193306965694,185.9584161224696,18998500
2019-10-25,187.92764282226562,188.02370656873958,185.43974715565054,185.4781638598782,21507100
2019-10-28,189.7815704345703,190.0313156589591,188.80177590351104,188.80177590351104,18818700
2019-10-29,188.3118896484375,189.75275806379383,188.2830734527121,189.46459610653974,18569700
2019-10-30,189.2244110107422,189.5414037533814,187.5914154291581,188.67687409420128,21764300
2019-10-31,189.31085205078125,189.8583742882794,188.2157929185172,189.7719257229799,26801800
2019-11-01,191.03025817871094,191.0398733451946,189.83915011601826,190.1273119652078,22131900
2019-11-04,192.2117919921875,192.62483377246946,191.03026971012468,192.29824055216278,19015900
2019-11-05,192.3175048828125,192.644098185743,191.6835193014035,192.4519853403292,15048900
2019-11-06,191.88523864746094,192.1157828635147,190.9534759279912,192.09656718119248,19725500
2019-11-07,192.52880859375,193.76796349723455,191.9716857686282,192.84580136772814,17832400
2019-11-08,193.29727172851562,193.31648740893957,191.67389117852713,192.1830114375095,15258800
2019-11-11,193.03787231445312,193.1147057002415,192.05807808709793,192.3174384002466,10147600
2019-11-12,193.59500122070312,194.23860176988032,192.90339812544178,193.20117514108932,14778300
2019-11-13,193.64309692382812,193.82560925998257,192.79779745881342,192.9226627488632,15774600
2019-11-14,193.48936462402344,193.61424454800726,192.32707258035344,192.91302618611647,16945400
2019-11-15,194.91104125976562,194.91104125976562,194.03691106346787,194.66128139952696,18427900
2019-11-18,195.0647430419922,195.372120634779,193.81598767636072,194.60365466690814,18365900
2019-11-19,195.3528594970703,195.80433259849102,194.6036093834925,195.80433259849102,16923300
2019-11-20,194.1809539794922,195.42970906427269,192.71126992546516,194.8437555444977,36629000
2019-11-21,193.74871826171875,194.10414234289703,193.14356365577174,193.96964725572263,17883600
2019-11-22,193.8736114501953,194.34430031571728,192.8265841273138,194.2290208984305,17189600
2019-11-25,196.16943359375,196.20785030240407,194.68053329547163,194.70934949128005,17752800
2019-11-26,196.54400634765625,196.7937515304405,196.0060846264178,196.29426116487198,14780600
2019-11-27,197.9176483154297,197.92726348402437,196.81298856496463,197.05313326352393,16963100
2019-11-29,197.01470947265625,197.71592786318521,196.9186457337811,197.41815079284834,9854600
2019-12-02,194.99749755859375,197.0915523195465,193.82559024304922,197.02431942492706,28007000
2019-12-03,193.47019958496094,193.54704765576122,191.3761299631477,192.31750783749817,31104100
2019-12-04,194.44993591308594,194.9110242345116,194.17137454400037,194.4595510805745,15300100
2019-12-05,194.8341827392578,195.1415603066207,193.88320453373248,195.1415603066207,14962300
2019-12-06,196.91864013671875,197.06272108366758,196.10214235129337,196.25583846621763,16555300
2019-12-09,196.02528381347656,197.48535274621793,195.93882059912676,196.56320548946195,13984100
2019-12-10,195.86203002929688,196.80340789579492,195.4201719474694,196.12139043392557,21799800
2019-12-11,196.8994140625,197.10114203484613,195.9964677565774,196.30385997019678,18780800
2019-12-12,198.3690948486328,199.14717587945043,196.42873649840774,196.69769735204818,32612000
2019-12-13,199.02236938476562,199.7139874513506,197.84086129487991,198.26350375132836,32519400
2019-12-16,201.02029418945312,201.27003935686736,200.2614288629842,200.32867640263422,21296600
2019-12-17,201.13555908203125,201.4429512796276,200.79935069806857,201.27964001386283,15996100
2019-12-18,201.28927612304688,201.846413546205,201.07794762952935,201.30849180171253,15443300
2019-12-19,202.54762268066406,202.6148555670259,201.35649983126473,201.3757155090542,17865900
2019-12-20,203.36412048339844,204.1421868755069,202.94146351552035,203.5082014236898,27672600
2019-12-23,203.9012908935547,204.22859221546608,203.72801890750017,204.08419889375398,23774700
2019-12-24,204.0071563720703,204.17080701068227,203.54508311663398,204.08417102948368,7089000
2019-12-26,205.8073272705078,205.82658460704587,204.30557817950617,204.3344568397913,17067500
2019-12-27,205.63409423828125,206.5486195948785,205.08537021089492,206.52936225469475,18134100
2019-12-30,204.28634643554688,205.65332362183074,203.27554920448603,205.52817296121955,21815500
2019-12-31,204.6714324951172,204.81582582360997,203.31407645109846,203.63175646282923,18170900
2020-01-02,208.08889770507812,208.08889770507812,205.9902881547093,206.39460419159556,30969400
2020-01-03,206.18280029296875,207.42464165672527,205.31641095610559,205.33566829598263,27518900
2020-01-06,207.5112762451172,207.54015491021366,204.31524823238857,204.56553489290675,21655300
2020-01-07,207.4823760986328,208.06960004320752,206.82777350549108,207.58826942270514,22139300
2020-01-08,209.04190063476562,209.99494063359947,207.12621400096043,207.4535153257553,26397300
2020-01-09,210.81321716308594,211.21753317284433,209.58101179361842,210.7650811571285,23547000
2020-01-10,210.2741241455078,211.6603589222655,209.89868678422323,211.64111627023362,21898500
2020-01-13,212.6999969482422,212.72887561017035,210.80355314005448,211.14049044794262,22756900
2020-01-14,211.8625030517578,212.95031503349864,211.53520173144415,212.59412035993765,24418100
2020-01-15,211.9491424560547,212.940682447054,211.25602512597123,211.978021120721,25742100
2020-01-16,213.9803466796875,214.0188613564895,212.55561210796517,213.0080640815941,18805000
2020-01-17,215.03927612304688,215.2125480984314,213.826313539175,214.94300412180323,24325200
2020-01-21,214.9430389404297,215.48212698101295,214.34619356536214,214.44245089315348,21146300
2020-01-22,215.510986328125,216.7431916501498,215.24144233199746,216.03083166997536,20736400
2020-01-23,216.20411682128906,216.30038883535866,214.38468739213076,215.38586345788542,26496100
2020-01-24,214.3846435546875,217.44591376975796,213.3931037065184,217.21486979666307,37436500
2020-01-27,209.95639038085938,211.0923234205187,209.07072924842754,209.54243847232684,42264400
2020-01-28,213.18130493164062,213.67227151038134,210.88054541169282,211.43889063143052,26731900
2020-01-29,213.52789306640625,214.606068983858,212.58448913863594,214.36540366735215,28924500
2020-01-30,214.28842163085938,214.38467895209246,211.48707358685505,212.15131226626292,39568100
2020-01-31,210.89022827148438,215.21256831716073,210.1393389071386,215.18368965188355,52015800
2020-02-03,214.07662963867188,214.56758162518346,211.7758696650221,211.92026298780607,25408600
2020-02-04,218.9765625,219.3519998115752,216.26185064011347,217.00310393852186,30691200
2020-02-05,219.69859313964844,221.65279467107086,218.37975167858292,221.61429467698002,38534800
2020-02-06,221.5950164794922,221.65277380971636,219.467528452275,220.24728178839402,22467100
2020-02-07,220.6419219970703,221.8356270535343,220.00656214335356,220.6034220161069,25884900
2020-02-10,223.3085479736328,223.3181692987934,219.85259735404267,219.9103546830983,21478900
2020-02-11,223.34706115722656,225.2820199291705,222.75983712872844,224.54076655472767,30198000
2020-02-12,225.52267456054688,225.62856789472264,224.10756122612838,224.665906561869,24471300
2020-02-13,225.23388671875,226.15803342779785,223.6840012924257,223.95354530665193,22773200
2020-02-14,225.8788299560547,226.09061660134358,224.8295327428789,225.59002864983847,23438500
2020-02-18,225.9654998779297,226.38907323212206,224.54076515941188,224.78143050256236,24394500
2020-02-19,228.13145446777344,228.6031637591401,227.0436572650157,227.31320123464104,22230500
2020-02-20,226.0136260986328,228.10259942404699,223.22191411457885,227.630904772885,42604000
2020-02-21,221.67202758789062,225.27237154511687,220.75750226626002,224.88731289044486,66017200
2020-02-24,213.12364196777344,215.87685461418297,212.03582970556505,213.4028073567125,84522600
2020-02-25,207.328369140625,215.6265199218146,206.7219024819188,214.91414523856622,97743000
2020-02-26,208.39695739746094,212.05507403510208,206.87595046484518,208.61838011856585,79537700
2020-02-27,197.96168518066406,208.33917366018667,197.82691317530848,203.0252787407927,121822600
2020-02-28,198.11570739746094,199.43454873734376,190.77059664727153,191.2230486537657,148173700
2020-03-02,208.3391571044922,208.48356511314225,198.25047077787218,201.0806973544826,112933900
2020-03-03,201.6582794189453,211.41004281801688,199.86772886303666,209.003389634755,131953500
2020-03-04,210.07196044921875,210.17785378501702,203.47772434251434,205.35492572157884,73086200
2020-03-05,203.6895294189453,208.2814285748599,202.25517328240088,204.7484628726104,78705500
2020-03-06,200.2528076171875,201.34060489697507,195.33360778961634,197.02788638852982,89828400
2020-03-09,186.3423614501953,193.64895744898524,184.9368694395479,186.25571076647086,116424000
2020-03-10,196.4888153076172,196.67172332048196,186.44824945300695,193.60083116102874,100599200
2020-03-11,187.9307861328125,193.2543032489293,185.53375362139317,191.90658297486783,89168800
2020-03-12,170.69912719726562,183.65654146842257,170.33331116327355,175.2910115179422,137820700
2020-03-13,185.1582794189453,187.21837410798133,171.47886994366365,180.08506471110036,134882000
2020-03-16,162.9785614013672,177.78428224075182,162.8437894066201,167.6474599036412,92054400
2020-03-17,175.33909606933594,177.50508359254897,163.440604020924,168.91814815209628,121257100
2020-03-18,170.00599670410156,172.52816468747216,160.57191273504014,165.20231138074408,114156300
2020-03-19,171.02639770507812,176.63871444056375,165.22155166133624,169.12995390621245,120896500
2020-03-20,164.32626342773438,176.04184843522285,163.74867552282853,174.95405127091365,118983900
2020-03-23,164.44493103027344,168.0626036049241,159.1100563308023,164.8886906227027,124639800
2020-03-24,177.17918395996094,177.3431833950466,171.67066653757124,173.5615103968468,94881800
2020-03-25,175.86712646484375,182.82269672163997,173.62898595657452,177.91231265868825,88754900
2020-03-26,185.1283721923828,185.9194437189423,177.13090991327815,177.38172993078925,79887600
2020-03-27,178.7612762451172,183.78742144963604,178.14386067142345,180.33374802416697,58845000
2020-03-30,185.26344299316406,185.69757553731253,179.76458287756057,180.45917728377884,49356900
2020-03-31,183.68130493164062,188.36016773929651,182.5236525554176,184.95473284972996,62659300
2020-04-01,175.8767852783203,181.0380045603474,174.477954685729,178.24998520367816,53715400
2020-04-02,179.4462127685547,183.39189909121444,174.584067000671,174.84454356405624,56465300
2020-04-03,176.89938354492188,180.46883272396678,174.89277913043884,179.00246512870046,47487600
2020-04-06,189.54678344726562,190.675495755822,182.51403299538356,183.75850613958147,64763500
2020-04-07,189.46958923339844,195.50870082071944,189.08370999909098,195.2289258635497,69904500
2020-04-08,193.49241638183594,194.07123511900366,189.24767204087456,191.1577988981167,45940400
2020-04-09,193.77220153808594,196.04892419321612,192.0067754575091,195.20962881995843,68252600
2020-04-13,195.86563110351562,196.24186849228946,191.73666165530844,192.9425526091154,42853900
2020-04-14,204.38406372070312,205.00147935205533,199.13602349403456,199.91743854242642,63959600
2020-04-15,202.03981018066406,204.35512991098545,199.81132579648803,201.12333589423176,47036000
2020-04-16,205.72500610351562,206.8054797369004,202.29063086567177,204.22005647977275,64657400
2020-04-17,207.69302368164062,208.86997454013388,204.59630366636645,208.54197570294068,62863200
2020-04-20,205.2330322265625,208.26223021136659,205.06903279634378,205.83114952740155,38249100
2020-04-21,197.6599884033203,203.7087412730322,196.44445567672878,203.16850450565815,72932800
2020-04-22,203.5254364013672,204.8567446176316,200.97859550091403,201.72142839031417,40089100
2020-04-23,203.0913543701172,206.8730269955325,202.68617673743162,204.3165290973986,43278500
2020-04-24,206.29420471191406,206.73797912654427,202.10735422411724,203.5254833764921,34231900
2020-04-27,207.9534912109375,208.98574098460935,206.93089798640045,208.5612649924583,36451700
2020-04-28,204.0367889404297,209.65142537562298,203.75702866186316,209.65142537562298,46862800
2020-04-29,211.27210998535156,212.20788260903336,207.5483178689419,208.5612692855443,48716400
2020-04-30,211.18531799316406,212.275433630121,209.68036812806474,212.1886129964464,43359500
2020-05-01,205.2330322265625,209.02434694242436,204.21042416464118,206.93092166913675,48795000
2020-05-04,207.62545776367188,207.84733755153144,203.67013000952264,203.99814349807002,32841000
2020-05-05,209.9793701171875,212.3718534949346,209.19795518431812,209.76713214525415,37783100
2020-05-06,211.27210998535156,213.24011768360376,210.41351615459038,211.65798922960508,36455200
2020-05-07,213.99256896972656,214.87044630147935,212.64196241564684,213.99256896972656,38624800
2020-05-08,216.92530822753906,217.06036742289936,214.6292871860654,215.66153688802146,31852300
2020-05-11,218.86441040039062,219.88700371674187,215.372154421074,215.60369081585847,35714100
2020-05-12,214.281982421875,220.0509750259804,214.25304221820454,219.4624996841017,41054100
2020-05-13,211.6000518798828,216.684091252903,209.0628678269132,214.8029046827253,65521200
2020-05-14,214.00225830078125,214.04084033873212,208.36833865753698,210.27846602363584,51549300
2020-05-15,215.39144897460938,215.44932939218967,210.62576498915945,211.0598828413621,55747200
2020-05-18,219.4046173095703,220.6105082670921,217.51378853157144,218.29520351678974,42398100
2020-05-19,218.854736328125,221.73923276674577,218.7100353029218,219.66509150995978,36237300
2020-05-20,223.22488403320312,223.58182304242948,221.38227913626724,221.40157751308575,37417000
2020-05-21,220.79380798339844,223.9484228776267,220.28251139055502,223.27312687956453,43642900
2020-05-22,221.55593872070312,221.7585201594007,219.4721556005788,220.3886297897862,28762400
2020-05-26,220.95782470703125,225.32798746064842,220.71664649450943,225.12539128517614,33055300
2020-05-27,222.16371154785156,222.27948709749987,216.03779389841856,220.6201798492537,55665600
2020-05-28,221.87429809570312,225.2314944563368,220.96746572510492,221.02534613678586,42784300
2020-05-29,225.12533569335938,225.35687201953135,220.6876517906472,222.2504962317021,50691800
2020-06-01,225.80068969726562,226.1769271239198,223.81338356056148,224.2571579531959,25776000
2020-06-02,227.31529235839844,227.37317277383752,223.8230218499596,226.22516213312986,33383400
2020-06-03,228.33792114257812,229.0903961010525,227.04520926215827,227.92308690014363,37228700
2020-06-04,226.73641967773438,229.3990213713924,225.43405167346248,227.990549104006,38716100
2020-06-05,231.23202514648438,231.82050057322505,227.31529333455612,227.88447038261765,47365600
2020-06-08,233.0263671875,233.15176983488377,229.51481337413597,231.08728514329638,32937300
2020-06-09,234.714599609375,235.56353676380294,231.98446093967473,232.16775870539644,35046300
2020-06-10,237.5315704345703,239.07511669640425,235.88190518323094,236.40285830274783,58084400
2020-06-11,225.76210021972656,234.9943943327635,225.70421980527954,233.6148620539446,72919400
2020-06-12,227.5564422607422,231.91693317865534,223.56253216845573,230.65316186428745,72034800
2020-06-15,230.32513427734375,231.00043015628663,223.3020276956455,224.23780009944713,45307400
2020-06-16,234.28048706054688,235.76613815413336,230.66281440501248,235.1776628133525,48890100
2020-06-17,235.0233154296875,236.83698011008477,234.16472167105553,235.77579019701227,34749300
2020-06-18,235.6600341796875,235.90121237208692,233.93320479906112,234.7049632384603,30578600
2020-06-19,235.62149047851562,238.28409285645162,233.89464609660467,238.02361624458638,49422100
2020-06-22,238.44720458984375,238.57282533145036,235.2001318204436,235.49003718257367,24068700
2020-06-23,240.47657775878906,242.70893716924127,239.49087019180166,240.04170503853615,32767400
2020-06-24,235.51905822753906,240.9501686488579,234.02114985716833,239.72284846521796,46032400
2020-06-25,237.7610626220703,238.0606413291678,233.03541348630353,235.60601585357446,36940800
2020-06-26,232.14630126953125,237.693387431106,231.62444219984297,237.51942949256085,52824600
2020-06-29,234.67823791503906,234.68791125631003,229.37276413064143,231.9047022245296,34377800
2020-06-30,239.2782440185547,239.81942022684188,234.42696058693025,234.6105771031589,38909200
2020-07-01,242.0711669921875,243.06654804946376,238.775771775483,239.31694810806633,34689200
2020-07-02,243.7139892578125,245.72408299270458,243.2501260100518,244.51609503274156,31956500
2020-07-06,249.7056427001953,250.22747230938248,246.84510573209892,246.8644376699774,34589000
2020-07-07,247.98544311523438,252.11194927639178,247.68586443037847,249.45437549713066,36578200
2020-07-08,251.25184631347656,251.2808368476071,247.87915304473862,249.30942154293714,30426300
2020-07-09,253.36825561523438,254.03506742327934,248.9711906126401,253.16532186684177,40312900
2020-07-10,255.09800720214844,255.34927807670732,250.546317886797,253.22320796556298,32885300
2020-07-13,249.85057067871094,260.7224621741702,249.02913297845316,257.9392532326297,64108100
2020-07-14,251.61915588378906,252.0250529768808,244.2649216564928,247.32837857695776,72230500
2020-07-15,252.1312713623047,253.86111858629354,248.835876273032,253.03000743431622,54523900
2020-07-16,250.4111328125,251.04895416092378,247.0287656414626,249.3480972317937,47594100
2020-07-17,250.70103454589844,251.56110674845436,248.5266559377291,250.86530441416426,35137900
2020-07-20,257.813720703125,258.4418687863912,250.0922681199799,251.33889094169265,40610100
2020-07-21,255.12704467773438,259.3888295312645,254.2862898173855,259.37915619065154,43243800
2020-07-22,256.02587890625,256.95363520456925,253.72586434100995,255.62001133115083,29865500
2020-07-23,249.33840942382812,256.32539350200807,247.92745813276528,255.61994734837268,51363500
2020-07-24,246.97073364257812,248.29468380070477,242.87324769475924,245.50181607372636,54054500
2020-07-27,251.37744140625,251.76399162985376,247.83080550252362,248.61357929018604,36445700
2020-07-28,248.17872619628906,251.11656138758613,247.88882086144542,250.59470229297185,31302400
2020-07-29,251.03921508789062,251.89931667086722,249.24174316088272,249.71526500343768,27556900
2020-07-30,252.35354614257812,252.9140396342854,247.92746130972114,249.07746831922572,41774500
2020-07-31,256.85687255859375,257.0114985374721,252.08290236882655,256.97283466978,53686300
2020-08-03,260.32623291015625,261.0703428503079,258.8669740683068,258.9926095304385,32081600
2020-08-04,261.2926330566406,261.3892779920553,259.079590850786,259.8237008188815,24911300
2020-08-05,261.9401550292969,262.39435978177585,260.88679283565415,261.7758851460875,21612100
2020-08-06,265.4095153808594,265.73808462954054,261.10906562731947,261.74688693072375,28048200
2020-08-07,262.3460693359375,265.64146497137733,260.20068092633954,264.868334760949,44969400
2020-08-10,261.2249755859375,262.83886046192526,257.70733001490817,262.635897252369,35088400
2020-08-11,256.2770690917969,261.35061862362437,255.73589283442016,260.065302893434,43104300
2020-08-12,262.7229309082031,263.6700043008446,258.38384660861874,258.43218383312404,38773400
2020-08-13,263.32208251953125,265.5930765015088,262.38468259592787,263.4960257238545,31895700
2020-08-14,263.012939453125,264.211254679638,261.621334258248,263.9406664190735,30799500
2020-08-17,266.0664978027344,266.5690099779598,263.05136576761805,264.72320156720605,24803000
2020-08-18,268.6275939941406,269.1011159467353,265.67044114245454,267.12970037354484,23529500
2020-08-19,266.8204040527344,269.64224759743485,266.30821830368217,268.5888855660594,31999400
2020-08-20,270.5216064453125,271.0048015539528,265.6220009656464,266.0278978333354,27723400
2020-08-21,272.3964538574219,272.8506585193085,270.06744948407925,270.7149440202601,34748900
2020-08-24,274.0973205566406,276.38766114180476,271.8166238212234,275.6628683241252,36418500
2020-08-25,276.2524108886719,276.4457008111197,272.87971703283785,273.3242484641861,34866600
2020-08-26,282.1474304199219,282.3987014481527,276.2234505022377,277.49909334907994,42216700
2020-08-27,281.2679443359375,283.97385544173255,279.00659409605953,283.12342707967974,49482700
2020-08-28,282.6981201171875,283.3262678401238,281.151889920191,282.5048302831049,28021000
2020-08-31,284.9692077636719,286.7763531049731,282.78515600775756,283.2200434874042,36321000
2020-09-01,289.8398132324219,289.9557753583132,285.8486162789322,287.61709768256185,36216200
2020-09-02,292.58441162109375,293.29953118889125,286.9117038255347,293.0869240887489,50836800
2020-09-03,277.7502136230469,288.58343961270634,274.85104299484306,288.0809273208976,110083300
2020-09-04,274.0490417480469,279.21923751445735,262.66496131176126,275.96250581161735,123959000
2020-09-08,260.8770446777344,268.8690809653618,260.5967832637342,263.07073980112443,99568600
2020-09-09,268.54052734375,270.6375776704406,263.82453820583703,266.37582262151716,64837900
2020-09-10,263.18670654296875,272.7153293598719,261.466533146945,271.497668256523,69667500
2020-09-11,261.3603820800781,265.97005519843873,257.9296773281569,264.93601004974704,71809000
2020-09-14,265.91192626953125,267.90268768698223,263.7858560703662,265.1387964280676,38525200
2020-09-15,269.6809387207031,271.02423571240985,265.88303101898157,269.6519481845029,41849900
2020-09-16,265.3804626464844,270.93720763616034,265.03257624671886,270.47335910313967,42321000
2020-09-17,261.2346496582031,265.1775093575876,257.71697458543355,258.557729481427,81570800
2020-09-18,257.9005432128906,262.94510114380427,253.80305827764158,262.6551958858905,86251100
2020-09-21,258.51910400390625,258.6543833234212,251.36779148738935,253.64848815537488,57168600
2020-09-22,263.32208251953125,263.9018932006086,257.58172084169547,260.9157502254752,41128900
2020-09-23,255.2816925048828,263.18675892675503,254.40227369874867,263.00314239075476,48837300
2020-09-24,256.4703369140625,259.6690864606942,252.44047637027398,252.60477569837306,70631700
2020-09-25,262.4329833984375,263.2447478224257,255.41697942353812,256.9728833551039,55242400
2020-09-28,267.88348388671875,267.88348388671875,262.53934509288297,267.28429694651027,58438300
2020-09-29,266.67547607421875,268.3763033367359,266.11495305655995,267.322941207844,27050000
2020-09-30,268.5018005371094,271.6425681128632,266.5980110115156,266.86859903836677,49380800
2020-10-01,272.7636413574219,273.372471918658,270.4346373731467,272.31911011107854,50020200
2020-10-02,265.0905456542969,272.75401437277986,264.2497907332789,266.74306496429404,75497400
2020-10-05,270.7439270019531,271.06282284456194,266.9460199623273,267.0523087458991,28184600
2020-10-06,265.91192626953125,271.7392578928247,265.03250766405336,270.0577484119592,49704200
2020-10-07,270.5120544433594,271.30447227673994,267.9607692474055,268.5502828158838,27539700
2020-10-08,271.95196533203125,272.9763369448217,270.88892983991883,272.90868252898304,25443300
2020-10-09,276.1074523925781,276.1847801566935,273.20828056817254,273.5948309130464,30201100
2020-10-12,284.6308898925781,287.46240595594276,279.74095808961755,280.78464647589414,79370700
2020-10-13,284.6213073730469,287.0662740546878,283.25869328680324,286.4284823046044,64240000
2020-10-14,282.2439270019531,286.389749328572,280.50443639218156,285.42335910272357,36949100
2020-10-15,280.34991455078125,280.9393986514012,276.9095664282217,277.54738775322204,42514200
2020-10-16,278.8133239746094,283.4133225579384,278.4654080695763,281.99272738717144,40570700
2020-10-19,274.2615661621094,281.6834663727205,273.2855319750937,280.7267198834933,36756800
2020-10-20,274.8511047363281,277.95320974762217,273.4401829713871,274.99605740192214,32195400
2020-10-21,274.6384582519531,277.66326457149967,274.15526310804836,275.10233620718253,29306100
2020-10-22,274.6287841796875,276.36830438824296,271.38172697740964,275.4695390091383,32196200
2020-10-23,275.1700134277344,275.33431278433005,272.3095058897191,275.1990039622046,24658500
2020-10-26,271.0435485839844,275.71120178918295,267.4582480355334,272.8893580043621,38421100
2020-10-27,273.1598815917969,273.9813192327098,270.78256974760245,272.03886532178143,30559100
2020-10-28,262.5103454589844,269.27507936827647,262.2590744763743,268.6662485977363,53413500
2020-10-29,267.1006164550781,270.0964026489202,263.3606613989677,263.824539337961,43246300
2020-10-30,260.32623291015625,265.989266111691,258.09387359780874,265.1195207094076,65838300
2020-11-02,260.906005859375,264.32700552735037,257.9971622650739,262.7131506002745,39987400
2020-11-03,265.41912841796875,267.5162086489686,261.73718320133173,262.8195357753075,43604100
2020-11-04,277.2669982910156,279.0644697932653,272.39638373322805,274.05857595181266,75728200
2020-11-05,284.4957580566406,285.4621487081591,282.1860702433984,283.66464676054557,52054200
2020-11-06,284.7082824707031,285.4330753238653,280.0889371995587,283.83853694528784,40959800
2020-11-09,278.890625,289.0860622560611,278.4364202948612,287.64612038680576,86537100
2020-11-10,273.8944091796875,277.02550497020536,271.18849807770005,275.585592558968,69024900
2020-11-11,280.0212707519531,280.4947925750533,273.85569574340076,276.41662421306324,36102900
2020-11-12,278.7070007324219,282.25366667118294,277.5956576099085,280.98769753717005,34414600
2020-11-13,281.1518859863281,281.77038985322787,278.19473441594687,280.4174495092442,24806900
2020-11-16,283.34564208984375,283.6452207175008,280.24350805472454,280.8523386502506,30168400
2020-11-17,282.4468994140625,283.8674944204936,281.8090782385329,283.53892523768616,21843500
2020-11-18,280.3594970703125,283.5099391249952,280.27252547573397,281.8960837168814,28069600
2020-11-19,282.55328369140625,282.8625357563672,279.14192610928717,279.808737971653,22718400
2020-11-20,280.6204833984375,283.22007625179197,280.5335117908258,282.4759366779504,25907300
2020-11-23,280.630126953125,282.91079417792025,278.38809411079086,281.6158345599932,26875600
2020-11-24,284.5729064941406,285.0657749043103,279.8955817426043,281.6930532518802,24516800
2020-11-25,286.3221740722656,286.9599953366419,284.6889717798242,285.63604508000066,23326800
2020-11-27,288.96038818359375,290.0814045293684,287.8876795585941,288.28390314138545,17163100
2020-11-30,289.5499572753906,289.8881998959455,284.8726301420624,289.27936907732703,27836200
2020-12-01,293.2608337402344,294.88439208815726,290.7192221723429,291.82092142657996,27521300
2020-12-02,293.6377258300781,293.97596836487656,290.2553594658821,292.09149530806684,23620000
2020-12-03,294.0532531738281,295.59948362513694,293.3284604146421,293.94696439192273,22828700
2020-12-04,295.2515869140625,295.3965690688171,293.42512437823916,294.10157996888324,19332100
2020-12-07,296.92352294921875,297.2907561096503,295.25165653163896,295.4352731118547,20851000
2020-12-08,297.92852783203125,298.2281065199663,294.7007871841629,296.44995158477576,18341500
2020-12-09,291.1831359863281,297.9961776074339,290.1201004766501,297.7159455804409,48839300
2020-12-10,292.3523864746094,293.47340277519385,288.07128447188796,289.15363690227525,27519500
2020-12-11,291.7049560546875,291.83059152880014,288.43855169534044,290.6999017536818,26760400
2020-12-14,293.8213806152344,295.76380549706323,292.825999563861,292.8936244861092,28804800
2020-12-15,296.9621276855469,296.9621276855469,293.8889836609134,296.07303550095884,25709000
2020-12-16,298.5953674316406,299.37814143004573,296.31467036214076,297.35838868794735,25461900
2020-12-17,300.5474853515625,300.77940966490763,298.9916105963697,300.18992553785495,23730500
2020-12-18,299.6389465332031,301.494428715187,297.2712787189453,301.18517676954156,41173400
2020-12-21,299.0784606933594,299.6109270127023,293.92793779990836,296.6968099330535,37095500
2020-12-22,299.8916931152344,300.81141034243274,297.07439618312935,299.97882235494683,26176300
2020-12-23,298.3814697265625,300.2983725782686,298.2265634125752,299.9401646532673,21201300
2020-12-24,299.6980895996094,300.1434267278117,298.5653797992365,298.64281817335035,16785000
2020-12-28,302.7186279296875,303.19303759184373,300.4725314399049,302.30233396818903,22497700
2020-12-29,302.9897155761719,304.66461189200476,302.08935059656926,304.04498682302057,25871900
2020-12-30,302.9993896484375,304.47095478764754,302.3797646138136,304.1514809415962,18138100
2020-12-31,303.7449035644531,304.22897463129027,301.8280010488041,302.902624635413,21611400
2021-01-04,299.4560546875,305.24555554776396,295.4576227654511,305.0712675012697,45305900
2021-01-05,301.92474365234375,302.1958517702346,298.46849923876596,298.46849923876596,29323400
2021-01-06,297.7425231933594,301.94425768119834,296.2322234067762,297.21971802250783,52809600
2021-01-07,304.9454040527344,305.7779920626543,300.36608136211987,300.39512444280655,30394800
2021-01-08,308.8663024902344,309.21484893027053,305.04213024986444,307.230140351019,33955800
2021-01-11,304.4032897949219,307.08503310784016,303.75462150760245,305.9135892944069,32746400
2021-01-12,303.91912841796875,305.52621802584207,301.2857811800355,304.44190378881314,29266800
2021-01-13,305.9715270996094,306.76538088055696,303.5802157940694,304.18045895212254,22898400
2021-01-14,304.3354797363281,307.4141645709109,303.86107000917417,306.4169793743503,23500100
2021-01-15,301.92474365234375,305.08089596114627,300.6855230999575,304.1224448556124,35118700
2021-01-19,306.3298645019531,306.83328778900795,303.14466852170074,304.2386738901535,24537000
2021-01-20,313.4552917480469,314.39439057112713,306.4266016578569,309.94096147562493,30728100
2021-01-21,315.962890625,316.70837906675666,313.4167013248198,314.7914467748411,25130600
2021-01-22,315.05279541015625,316.0596418583159,314.36539328964204,314.9269322177987,21609400
2021-01-25,317.6571044921875,319.7967199017761,311.1705698585587,318.43163593412686,39080600
2021-01-26,318.121826171875,319.25456548964087,316.79547615092645,318.3735525859016,25498100
2021-01-27,309.2535400390625,315.8756266616356,307.24947934470185,315.8659653340953,55264000
2021-01-28,311.0834045410156,316.02093480896673,309.83449304813007,310.4541181298361,42836300
2021-01-29,304.5387268066406,310.5024847127412,302.79608312978183,309.3987887174759,55259000
2021-02-01,312.1484069824219,313.2327214700414,305.9522735468466,307.9756871077355,35646000
2021-02-02,317.24078369140625,318.39287510847345,314.94629173240133,315.11088888284706,33930800
2021-02-03,315.98223876953125,319.6805488631782,315.92415260432034,319.3126501199401,24824500
2021-02-04,319.71917724609375,319.8063064731905,316.0596019812982,317.37629035212416,22350900
2021-02-05,320.8034973144531,321.81037319928237,319.0318105738274,320.66797280716975,22732000
2021-02-08,322.9527893066406,323.107695569179,320.85193775141437,322.4881000643742,20462800
2021-02-09,322.8850402832031,324.1436130354733,322.01368886741005,322.02337974169393,17597500
2021-02-10,322.14923095703125,324.7728873451711,319.00276964790925,324.3178594509611,28068700
2021-02-11,323.92095947265625,324.32759214036884,321.5393382627716,323.6789239561336,22046100
2021-02-12,325.7314758300781,325.89604346919896,322.03316529878344,323.07874594166447,20346800
2021-02-16,324.8503723144531,327.41594268454725,323.6885901057488,326.5252390518274,27080800
2021-02-17,323.2916564941406,324.96655281909017,319.6514626027675,321.87817742268214,31360300
2021-02-18,321.8781433105469,323.2335360809982,317.89906468065965,319.7095148778247,32236200
2021-02-19,320.4743957519531,323.34977904654954,319.4578583383026,323.223915842976,39157700
2021-02-22,312.167724609375,317.35695180968463,311.96442305180517,316.0983789642612,47256900
2021-02-23,311.23828125,312.90348656723603,301.0921430908701,306.90099472606374,97241900
2021-02-24,313.8039245605469,314.1137371441251,305.8941900752673,308.5856241112255,58206300
2021-02-25,302.8638610839844,313.70706373976833,301.3245187872966,311.1511841201916,110182600
2021-02-26,304.132080078125,308.9437164739542,300.97592834685287,305.78759428802516,104739800
2021-03-01,313.2811279296875,313.6199836054889,307.81113046153894,309.0987465751583,49164500
2021-03-02,308.2564697265625,313.99754586595145,308.0047728460935,313.9201074901199,48370000
2021-03-03,299.3107604980469,308.10147616004815,299.2526743462873,307.1623773128053,86301100
2021-03-04,294.4119873046875,302.0990371273131,290.5490806444042,298.9428847614246,139131600
2021-03-05,298.84613037109375,299.746495535747,287.9739122589407,297.0260182885546,121523700
2021-03-08,290.38458251953125,300.1821771494048,289.96828845196154,298.30397886158335,88409800
2021-03-09,301.8376770019531,303.73525694853805,297.1422110624417,297.67467744361676,80391100
2021-03-10,300.97607421875,306.387985973286,300.2887014783937,306.0878642326224,76798100
2021-03-11,307.9078674316406,309.66986328829904,304.81949231390325,305.7101663433619,53484800
2021-03-12,305.4101257324219,308.0918984967529,301.4698094897482,303.86109232570243,69315600
2021-03-15,308.6727294921875,308.837326647409,304.0934363164408,305.7295988118373,42955700
2021-03-16,310.36700439453125,313.8717038740802,308.93417288948405,310.8607663565972,54925900
2021-03-17,311.64495849609375,313.53284754502164,305.62311301915645,307.3367435684353,78258700
2021-03-18,302.0990905761719,307.75303729560653,301.6440625750953,306.7752042507634,82718100
2021-03-19,303.16400146484375,304.7033437065261,299.7948566529253,301.93444221012976,78446200
2021-03-22,308.849365234375,310.914117396103,305.5535301852278,305.5535301852278,56194800
2021-03-23,307.5019226074219,311.25335988892084,306.68765967352556,309.9350378767081,53455400
2021-03-24,302.3157958984375,308.9074942979724,302.17039709475154,308.8687114227675,64803700
2021-03-25,301.7923583984375,303.3045948439506,297.97308794522104,300.4740363467963,78729000
2021-03-26,306.3193054199219,306.6391828174355,300.183238678992,301.5790969053566,63519600
2021-03-29,306.2320556640625,307.2789566937248,302.8974381878525,305.78615611278667,54608000
2021-03-30,304.6908264160156,305.2627482395885,301.99599278862337,304.2740065487347,44635700
2021-03-31,309.3534240722656,310.91408735554086,306.1351255168878,306.47440914710774,55032500
2021-04-01,314.62677001953125,314.76246572139036,312.9206783435734,313.17272268188594,55685600
2021-04-05,320.9082336425781,321.6740401855826,316.86599863468905,317.1083398561629,42172500
2021-04-06,320.6852722167969,322.6336753606198,319.90976262240673,320.5980329341779,33537200
2021-04-07,321.46075439453125,322.29442351628467,319.2796835663621,320.2102655032343,32046400
2021-04-08,324.8148498535156,324.9990315920566,323.51590414879405,324.31079064326826,29940800
2021-04-09,326.78253173828125,326.98611963222544,322.72092071316445,323.4576177958282,36664900
2021-04-12,326.35601806640625,326.7728377767123,324.47544823076703,325.7453135880842,25833000
2021-04-13,330.1656799316406,330.6309561353368,327.6647020061011,327.8779634603512,30374000
2021-04-14,326.20098876953125,330.53405101338524,325.3867258114292,330.40802884439285,42564300
2021-04-15,331.1446533203125,331.53242285748826,325.91979309095314,329.07022829320124,36342800
2021-04-16,331.5325012207031,331.7457626834928,329.6616044678657,331.66819692465873,40860100
2021-04-19,328.4984130859375,331.11568081364885,326.5790597528117,329.9621636897054,34533100
2021-04-20,326.10406494140625,329.1187757229305,324.1362552848905,327.8392364774025,38081800
2021-04-21,328.8958435058594,329.08002521372185,323.7388148510512,324.824498866238,36598100
2021-04-22,324.9310607910156,329.48705715270165,323.7775144260137,328.5080189173388,45936100
2021-04-23,329.0218200683594,330.33043890861984,325.5611805627224,325.5611805627224,36381900
2021-04-26,331.1640625,331.44518654216074,328.51768625675356,329.2641159980773,30812000
2021-04-27,329.7294006347656,331.66813005738095,328.77944215058864,331.4548686375867,33187200
2021-04-28,328.61468505859375,330.4080159525857,327.9651975909243,329.3998682226513,33615700
2021-04-29,329.7973327636719,332.29828122950687,326.5790341440886,331.88146141564596,37708900
2021-04-30,327.6356506347656,329.8361280085452,326.7244452133422,327.35455609823015,38263400
2021-05-03,325.89080810546875,329.58408623460167,325.44490850724037,328.83768586553776,29729700
2021-05-04,320.0261535644531,323.66127206756664,316.21652689036085,323.34136507299735,65147000
2021-05-05,318.9500732421875,322.934177631916,318.1745932977846,322.07142882980395,46219300
2021-05-06,321.3542175292969,321.50931948738054,316.44923273776175,318.6884636389985,46814300
2021-05-07,323.9618225097656,326.33674921305703,321.52870668544466,324.1265980075463,53324500
2021-05-10,315.7803649902344,322.75977553069424,315.57677703224937,322.58529692328426,60700500
2021-05-11,315.34405517578125,316.1389413976423,309.2467424078614,309.90593294309514,71963600
2021-05-12,307.18206787109375,312.73651000523404,306.31931888089315,310.4197431979524,91164900
2021-05-13,309.5568542480469,312.52310723579575,307.19160251390434,310.11910222137044,69877800
2021-05-14,316.39105224609375,317.3022281176415,312.2130619368649,312.7171506629184,44370000
2021-05-17,314.47161865234375,316.37156525838355,311.6023073069235,314.68488007831405,39395000
2021-05-18,312.3487854003906,316.64306516691926,312.07736438898337,315.4216854069224,36528500
2021-05-19,312.7074279785156,313.0079287390102,306.61011430985127,306.9591010662555,66319100
2021-05-20,318.7562561035156,319.6093019729697,313.9676205775707,314.190555577994,46466100
2021-05-21,316.99200439453125,320.7240353459111,316.6333441385424,320.30721556639253,50330400
2021-05-24,322.3236083984375,323.44807549760856,316.88545464364233,319.27978769474885,32475800
2021-05-25,322.7694091796875,324.5530369200139,321.59648601653095,323.8357164110421,31280300
2021-05-26,323.89385986328125,324.3591360264829,322.7500165185231,323.4382572317026,25444900
2021-05-27,322.6822204589844,324.2913698816061,322.4786620955859,323.4480270791408,27931700
2021-05-28,323.70001220703125,325.2897848341171,323.3801348081351,323.88419390364896,29927400
2021-06-01,322.6240234375,325.5030382874219,321.27659206724854,325.02802938445956,31145400
2021-06-02,323.2540283203125,324.09737082554653,321.5382635538936,323.0407669157863,22047900
2021-06-03,319.8904113769531,321.6934158595787,318.22310259495436,320.4235502295139,37057800
2021-06-04,325.31884765625,325.76474720147104,321.61586685126764,321.68372949020727,38736500
2021-06-07,326.2882385253906,326.3463980540727,324.09746433613174,324.7857051473166,32611900
2021-06-08,326.443359375,328.89585158541155,324.7663473137233,328.03310255552793,27282800
2021-06-09,326.52093505859375,328.5856874442269,326.3367533239248,327.81020720127617,21485300
2021-06-10,329.92333984375,330.0299557799059,326.4142437430809,326.8601433007051,33702100
2021-06-11,330.7860412597656,330.79574437440573,329.28353762387894,329.93299548610094,21222800
2021-06-14,333.955810546875,333.96548407674544,330.0298661351335,331.21249214012323,27827700
2021-06-15,331.77484130859375,333.91712946198913,331.05749116385306,333.60692559305636,35963800
2021-06-16,330.56304931640625,333.30633826412827,327.11211352324136,332.24003123081064,55399500
2021-06-17,334.7604675292969,335.7686152979436,329.5065263923153,329.554982803743,59722700
2021-06-18,332.1334533691406,334.24666145193623,331.38702356897403,333.1028181318173,55414900
2021-06-21,334.19775390625,334.5180320305038,330.11200135629787,332.32471625745603,32992600
2021-06-22,337.3129577636719,337.75937452860774,333.69302217724,333.9938714771948,28941600
2021-06-23,337.4779052734375,338.6231050395058,336.6432987767399,337.25471171207795,27188500
2021-06-24,339.5644836425781,341.08812919220435,338.8657302272349,339.4092018150596,32581600
2021-06-25,339.147216796875,340.3700429160233,338.5455181087182,340.1274205664771,28682800
2021-06-28,343.2718505859375,343.4077333391517,340.3700963076218,340.42832331128767,39130300
2021-06-29,344.5140380859375,344.5431515845643,342.2625250858279,343.09713179112106,29426000
2021-06-30,343.9704895019531,344.7468986534807,343.3881900425526,344.3586792692265,32724000
2021-07-01,344.1063537597656,344.6109974684653,342.2721150035482,343.6211091724462,29290000
2021-07-02,348.0562438964844,348.37649228536435,345.76587409557305,345.9987820147585,32727200
2021-07-06,349.5605773925781,349.84202760975387,345.9697547859461,348.65802936372256,38842400
2021-07-07,350.2981872558594,352.05477083328077,348.34749393697075,351.75392146589843,35265200
2021-07-08,348.1824951171875,349.03653058613884,343.9608896329204,345.24191321935933,50890000
2021-07-09,350.3563537597656,350.83188404216685,347.01786817849813,347.60016768536724,35184500
2021-07-12,351.7247619628906,352.1808931403898,350.18165783912826,351.753875458604,25717700
2021-07-13,351.7247619628906,354.68474262269365,350.8707265993189,351.3462569016323,39723000
2021-07-14,352.3555908203125,354.70415856449887,351.53066891334356,354.0636320114519,35336400
2021-07-15,349.8807678222656,352.47198710735233,347.8815623704829,352.2681926610586,53391600
2021-07-16,347.0470275878906,351.7150793969607,346.69763599075077,350.7348755909981,47262000
2021-07-19,344.2034606933594,344.6983901077833,341.6510690390563,343.6017324357535,64404600
2021-07-20,348.20184326171875,349.64786275416617,343.359081806931,345.1350937044425,42183700
2021-07-21,350.89007568359375,350.89007568359375,347.5515904386347,347.774813618593,30259900
2021-07-22,353.2095642089844,353.21924896165797,351.09387519602745,351.09387519602745,30252200
2021-07-23,357.334228515625,357.61564913282234,353.18053484060164,354.52949977971826,31960800
2021-07-26,357.6155700683594,358.0037894573996,355.78136080816336,356.64508082972117,28438100
2021-07-27,353.6754455566406,357.35360868187286,349.53146647345926,357.35360868187286,57933100
2021-07-28,355.0340270996094,356.6062443760131,352.5204637948886,354.8108335535045,42066200
2021-07-29,355.6648864746094,356.829455724109,354.47117411731733,354.47117411731733,25672500
2021-07-30,353.8112487792969,354.3935482128629,351.7149885886468,351.74410207947614,36484600
2021-08-02,353.8404235839844,356.0531381213734,353.13195569506735,355.47083858690587,27334100
2021-08-03,355.9851989746094,356.10165295883087,351.31714753282756,354.5003514418158,35558500
2021-08-04,356.4996032714844,357.4506936273146,354.84007454765805,355.9464171578794,29602200
2021-08-05,358.76080322265625,358.9937111841423,356.6063157279587,357.31475398314,21443900
2021-08-06,357.1885986328125,358.46965170158194,356.0822561585007,357.49916233742056,33332100
2021-08-09,357.8485107421875,358.37255361139034,356.54805870512257,357.6446866760717,25960200
2021-08-10,356.0142822265625,358.65401424027687,354.8302841259189,358.36287930445565,35130800
2021-08-11,355.4028015136719,357.7707972636796,354.0732361984988,357.2758679671043,34249800
2021-08-12,356.6839904785156,357.04306684042984,353.5492988568263,354.89829342400446,25969200
2021-08-13,357.9358215332031,358.2657842958094,356.5383147639419,357.0332737163408,19336200
2021-08-16,358.0911865234375,358.1299847748878,352.9670037183403,356.8198477892723,34856900
2021-08-17,354.9370422363281,356.31512037872,352.5108191238256,355.34463113371896,44793900
2021-08-18,351.52093505859375,355.80079659606537,351.19097223749185,354.4032895790549,38541900
2021-08-19,353.2193298339844,354.88857286276215,349.33737205701175,349.5897087899509,48499400
2021-08-20,356.8779602050781,357.27586428208764,353.9761777150774,354.28674132888625,39486000
2021-08-23,362.21575927734375,362.90479843928557,357.9067840926924,357.9164688468706,34034700
2021-08-24,363.3220520019531,363.923750591973,362.341848392222,362.80769388948636,21732900
2021-08-25,363.7393798828125,364.31199463604713,362.82711756621313,363.5744132863753,20441900
2021-08-26,361.42962646484375,363.56468508570066,360.9928944471551,362.8853603678298,29133300
2021-08-27,364.9427795410156,365.4474232801606,361.57518071717175,362.0604253337661,27104700
2021-08-30,369.0383605957031,369.52360536391205,365.7095589768772,365.7289877224793,27295700
2021-08-31,368.7373962402344,369.3487795792828,367.1942922955025,369.2808678418203,29628200
2021-09-01,369.3487854003906,371.4159322397432,369.14499095082925,369.79523177921465,28138300
2021-09-02,369.17413330078125,371.02777146554007,367.9610216445504,370.69780864908336,25453400
2021-09-03,370.30963134765625,370.70753553837505,368.00957630848825,368.02897543352884,24605400
2021-09-07,370.8336486816406,371.4838895379319,369.26146076930337,370.4163453946835,23970200
2021-09-08,369.5428771972656,370.65893385630363,367.28165038780526,370.65893385630363,32949200
2021-09-09,368.2716064453125,370.8725108772747,368.0289841001596,369.76616838421006,29399000
2021-09-10,365.4765625,370.69779968081804,365.14659969152603,369.9796470751384,40249400
2021-09-13,365.2242126464844,368.2327352961627,363.17649451023095,367.8057176495254,48741800
2021-09-14,364.1858215332031,367.43693697085075,363.2347313640418,366.70907000117154,41826600
2021-09-15,366.8934326171875,367.2428241323064,362.3515502395031,364.64192016733983,34097900
2021-09-16,367.1458435058594,367.7184286993201,363.64239097884035,365.563941041,35193100
2021-09-17,362.7980651855469,366.71885093328785,361.75966396256854,366.67033830663036,60912300
2021-09-20,355.3013916015625,358.7504360667191,350.66700680296344,357.0113261247993,76203200
2021-09-21,355.7386779785156,358.3230455927462,354.61165851630665,357.1280094341518,41927500
2021-09-22,359.0614318847656,360.5187799843224,355.55406537392423,356.65193901956206,46972900
2021-09-23,362.3743591308594,363.40421575765265,359.5762469185103,360.21748343799146,44652000
2021-09-24,362.7144775390625,363.1322731716639,359.7414899525931,360.1106895280067,36056800
2021-09-27,359.81927490234375,360.69367788847205,357.273778135022,359.67354601295983,43338100
2021-09-28,349.6371765136719,359.77059480277074,349.1319732652067,355.2722726687899,97701600
2021-09-29,349.0639343261719,353.03763232754807,348.44214803307705,350.90020673587804,58076600
2021-09-30,347.78143310546875,352.36722153987733,346.94590135567637,350.70585352936934,61384600
2021-10-01,349.9383850097656,350.97796700376824,344.3033180915017,348.40332487128245,56375500
2021-10-04,342.59344482421875,348.65600446254433,340.35885588440283,348.3256757283871,76766000
2021-10-05,347.218017578125,349.4623310874055,343.42891877348393,343.6523598204089,47232900
2021-10-06,349.4429626464844,349.7149997897603,343.10833686047704,344.0118856238766,56806500
2021-10-07,352.6490173339844,355.29167583028516,351.9494892129102,352.48383820617084,39411200
2021-10-08,350.8904724121094,353.96062183778866,350.35609379081643,353.72742604039263,41822300
2021-10-11,348.1993103027344,352.8725371338533,348.11184333183206,349.3554457591394,34847200
2021-10-12,346.98492431640625,350.0841910497925,346.343687514725,349.64700435534616,43905100
2021-10-13,349.7635192871094,350.4339017377287,347.266589269575,349.2874617626891,40120800
2021-10-14,356.2050476074219,356.4187931935729,352.687985403338,353.34864279695967,43433900
2021-10-15,358.4492492675781,358.5658323417555,356.3895358909364,357.41939257925725,40419900
2021-10-18,362.0537109375,362.267456435074,356.5546491815624,357.1570147702311,34513500
2021-10-19,364.7935485839844,364.84211497896575,362.1023239360742,363.1224554291939,29091000
2021-10-20,364.3175964355469,365.8623818299415,362.84079808380676,365.2502908972937,31390300
2021-10-21,366.5424499511719,366.73677488164685,363.2197130487294,363.5208959360905,25469300
2021-10-22,363.4626159667969,366.25100387400335,361.8012474626446,365.28916363209765,36275800
2021-10-25,367.18365478515625,368.0969285094743,362.9379193060493,364.8810498429271,32597800
2021-10-26,368.3398132324219,371.8277289256972,367.16422758060594,369.41826607898804,47191300
2021-10-27,369.19488525390625,372.2553106095985,368.5245026955381,368.78681470322863,45760500
2021-10-28,373.2948303222656,373.54744679468445,370.32184280003185,371.0893877086592,38007000
2021-10-29,375.13104248046875,375.29622161802354,369.8749005973432,370.2246498535982,37310100
2021-11-01,376.41351318359375,376.53982140855203,373.48912197799297,375.5682561701875,30765300
2021-11-02,377.9874572753906,378.46354442062784,375.75286900934157,375.8014354130221,25135300
2021-11-03,382.0,382.41776592199056,377.43366132861297,378.47321356359595,33748900
2021-11-04,386.8967590332031,387.84890376040164,382.7190398431017,383.26311407298033,40265300
2021-11-05,387.265869140625,389.5878943977676,385.86681297279597,388.66492530845403,43383800
2021-11-08,386.7412414550781,388.2568807963275,386.1000048645777,387.2367491954232,29256300
2021-11-09,384.07916259765625,388.20831470429704,382.7189772454321,387.80996941367835,50490700
2021-11-10,378.43438720703125,384.11802015749754,376.51067735237274,381.31021202374023,54937400
2021-11-11,379.483642578125,381.58222693861705,379.1435888329395,381.4073523210302,32243000
2021-11-12,383.47686767578125,384.01121677531194,379.0368067694047,380.6301585760676,34730600
2021-11-15,383.3893127441406,384.97296869555885,380.95070435957723,384.6523652393564,33716900
2021-11-16,386.1194763183594,386.6149544360584,382.4663814751148,382.66067673603766,27872900
2021-11-17,386.3235168457031,388.35408477451546,385.3616766820078,386.44009993829405,28703300
2021-11-18,390.32635498046875,390.83155825697514,386.1486360963617,388.36380376999676,45721500
2021-11-19,392.50262451171875,393.7753725804362,391.1327139908467,391.95855035943424,45191700
2021-11-22,387.94598388671875,397.0884162450373,387.8391259434944,394.03771684540067,61715400
2021-11-23,386.177734375,388.84953859201204,381.7473995725945,386.7897955261428,70098700
2021-11-24,387.42138671875,387.7031193065727,381.37824939479043,383.7002750331125,46954400
2021-11-26,380.07635498046875,386.23607538819647,378.6869940757919,384.84671448351963,51533300
2021-11-29,388.3248291015625,389.3352650344206,383.90422007625216,384.6328938485437,54447100
2021-11-30,382.6218566894531,389.78228826501027,380.6107093860575,387.440812314893,81332700
2021-12-01,376.1123962402344,389.09252551727917,375.6460638199846,386.9550697583902,77766500
2021-12-02,378.822998046875,380.6009493514841,373.41137266182295,374.82984957942165,84416600
2021-12-03,372.2358093261719,381.1839172255173,368.1260775304697,380.1832061761861,105349100
2021-12-06,375.218505859375,376.5786912592903,368.51468201368897,372.7215760878553,67588800
2021-12-07,386.517822265625,387.1299131676193,381.8154496254589,381.8543205406165,56005300
2021-12-08,388.2472229003906,388.4512729757663,384.9536317171657,386.84819604677244,39204000
2021-12-09,382.534423828125,388.8204526297621,382.3400989043438,387.0230508591578,49973700
2021-12-10,386.6927185058594,386.9550304656138,382.17491609468055,385.3422284930987,52545800
2021-12-13,381.1062316894531,387.0036107993027,380.73703211440903,386.6830072813978,50166400
2021-12-14,377.1616516113281,378.99789456315466,372.7215911886639,376.28721914398113,75199200
2021-12-15,385.760009765625,386.11951385042335,372.96451072965965,376.909063672621,73858000
2021-12-16,375.8403015136719,387.14933536877277,374.2566453963507,386.72184428250864,82591400
2021-12-17,373.9651794433594,378.1234774774166,370.91445036309227,372.43008976290076,80492500
2021-12-20,370.3375549316406,371.1255254941099,367.2051181161095,369.24801685453167,65336800
2021-12-21,378.6259460449219,378.93725119775377,369.86098113771806,373.60626178435757,48899500
2021-12-22,383.23699951171875,383.4412804932483,377.67254707587614,378.3340481411925,37042200
2021-12-23,386.12628173828125,387.59519903351975,383.42188146726215,383.58724190976255,29595500
2021-12-27,392.5078430175781,392.5078430175781,387.39087307820034,387.4200560757079,32820700
2021-12-28,390.68865966796875,393.57789509151775,389.813140079433,393.4027971113481,33113700
2021-12-29,390.6303405761719,392.08954996149595,388.25669093436284,390.82491370262477,32248500
2021-12-30,389.46295166015625,392.5953886793781,388.87926202726817,390.4162826957751,23850100
2021-12-31,387.031005859375,390.1537058784763,386.53486512905016,388.7917829486263,34752900
2022-01-03,390.75677490234375,391.0097140063851,386.0873171654606,388.19828992742805,40575900
2022-01-04,385.68853759765625,391.3405401575487,382.5950205070389,391.30161959070927,58027200
2022-01-05,373.83966064453125,385.1242172262459,373.5867215610678,384.00546647257966,75739800
2022-01-06,373.5769958496094,376.81645685721696,369.7927954770154,372.020529806364,70814300
2022-01-07,369.5301818847656,375.26976272752074,367.75969700528685,373.58679716364645,72652300
2022-01-10,369.7733459472656,370.28896172719385,359.2670509897626,364.62722258681447,91770500
2022-01-11,375.32806396484375,375.49342437997234,366.9619254037455,369.0437150608484,68295700
2022-01-12,376.8164367675781,379.58894000178645,374.5400741286229,377.8962372540875,54576400
2022-01-13,367.3900146484375,378.8788541706966,366.4561289540999,378.1978779155955,77994000
2022-01-14,369.67608642578125,370.0068369648737,364.66611084234313,364.8704215155353,80121200
2022-01-18,360.47332763671875,365.98915188546283,359.71453998380207,363.8684414821431,75450900
2022-01-19,356.5139465332031,364.50067532306605,356.2512699182688,362.0297398192687,81791500
2022-01-20,351.8834533691406,363.7030425438633,351.3484218440726,359.73400638356384,88610700
2022-01-21,342.1262512207031,352.3309798433953,341.8441290801608,349.6946830737125,143388900
2022-01-24,343.6923522949219,344.3538829459723,325.06312309559075,336.5033313011098,198685800
2022-01-25,335.72509765625,341.48412280913794,332.38837987086396,337.2427024792045,124398400
2022-01-26,335.1998291015625,347.17507067851926,331.51288540493397,343.3130289963466,146559500
2022-01-27,331.82427978515625,341.7177045702787,330.80281521926963,339.8985612930599,95255700
2022-01-28,342.2333068847656,342.4473254973081,328.7599609225194,333.7018047652764,108167900
2022-01-31,353.1772766113281,353.7609662648605,341.96082238980597,343.5951593572345,94326400
2022-02-01,355.58013916015625,356.23193242737494,349.37366005965646,354.51978388230384,74433000
2022-02-02,358.46929931640625,360.0355325270616,354.3835316340809,359.704782025708,78777100
2022-02-03,343.9356384277344,352.0877595673493,342.87528317586026,348.78022424897017,95384800
2022-02-04,348.27435302734375,351.5721505685939,342.3985953365478,344.4512021440884,86318300
2022-02-07,345.47271728515625,351.2317141430203,344.2177888048599,348.8678018823196,58198100
2022-02-08,349.3540954589844,350.4436334585487,343.2059542469471,344.3344128001198,64720900
2022-02-09,356.7572326660156,356.8350441003599,352.27258059296145,353.86799703006915,55766400
2022-02-10,348.682861328125,356.5236756250756,346.84427335256765,349.74321634779176,112468500
2022-02-11,337.6221008300781,350.2783183711059,336.3963555781641,348.6829020313012,101569100
2022-02-14,338.0404052734375,341.43551898191356,334.53832682443243,337.0675991070054,80254400
2022-02-15,346.44549560546875,346.67895960611054,342.252703030362,343.31305828353123,55128800
2022-02-16,346.3579406738281,347.37937534683465,341.17286680940686,344.19830964180295,58947100
2022-02-17,336.0559387207031,343.8480967760415,335.63760946086956,343.1476750723119,61801400
2022-02-18,332.2230529785156,337.3789139342087,329.9175070476172,336.98979739395264,80001500
2022-02-22,328.88629150390625,334.6842375572723,325.25774354936186,329.2851455895957,85967100
2022-02-23,320.4618225097656,332.8748090871975,320.1505174094211,332.038210028671,86215400
2022-02-24,331.23077392578125,331.76583514902126,309.6053110745808,310.1695256086582,130614100
2022-02-25,336.3672180175781,336.57152871228726,328.21512629807074,332.0285103049562,78842100
2022-02-28,337.369140625,339.0618434116752,332.0381822442066,333.19582386799624,77515500
2022-03-01,332.2036437988281,338.6144343305379,329.6840788174875,336.34780851003364,67407000
2022-03-02,337.7777404785156,339.1104801061964,330.9875431074301,333.75030891184065,70609000
2022-03-03,332.95269775390625,340.52112967168375,331.0946341359725,340.4141055397929,71089400
2022-03-04,328.1275329589844,332.0284954824209,325.8122790448653,330.59846912175567,76936300
2022-03-07,316.02581787109375,329.2754636715576,315.8215368751897,328.1178218819508,89933800
2022-03-08,314.55682373046875,324.14867657003094,311.2395517322768,315.2377701128646,116153900
2022-03-09,325.88037109375,327.23258609319413,320.14081989375154,322.72848819963866,64723400
2022-03-10,322.26153564453125,323.46783565663105,317.82554124569333,321.8237906176218,69362700
2022-03-11,315.5783386230469,325.5398947178909,315.0919355025774,325.2285895957447,66228400
2022-03-14,309.517822265625,317.7088354468759,308.8174004770983,314.3429336489785,79802600
2022-03-15,319.226318359375,320.0045810582813,310.54890450229607,312.1540286427411,76471000
2022-03-16,331.0654296875,331.1821616873152,319.4695661402415,323.1370646980165,105243000
2022-03-17,335.0733642578125,335.13173025381406,327.8746044366326,329.16842359825154,67810000
2022-03-18,341.9316101074219,342.2234697530368,332.26191499890564,333.4195566448327,85446300
2022-03-21,340.98101806640625,343.31866317461163,336.5979780751096,341.09792410133036,73799100
2022-03-22,347.68218994140625,348.5490720835401,341.0979103437439,341.4777583376518,63345900
2022-03-23,342.68548583984375,348.36397350473,342.62704769272557,344.8088475078949,70615500
2022-03-24,350.3023376464844,350.35105593205935,342.4518273333575,344.6043789419513,53555300
2022-03-25,350.01007080078125,351.29576956009686,345.71468839424256,350.2438234026969,57584200
2022-03-28,355.425537109375,355.52294392941155,348.76332081543086,350.0003012291695,56833900
2022-03-29,361.5423583984375,362.16570862470064,356.5456880901624,359.3118697413128,68073000
2022-03-30,357.5489196777344,361.33782852557766,356.06843686648347,359.68200152367945,68757700
2022-03-31,353.1171875,358.04567005236385,352.27952440693844,357.69501139905674,67011400
2022-04-01,352.4450988769531,354.1593341944505,349.2698205991994,353.38013902507805,54527800
2022-04-04,359.701416015625,359.7111656148351,353.0197303227817,353.28270198196543,45950200
2022-04-05,351.7146301269531,358.96125893501994,350.5750266015486,358.2502217162296,62738700
2022-04-06,344.0783996582031,347.5069003465268,341.4485636915753,346.4062655140077,90077100
2022-04-07,344.8965148925781,347.0880346472585,339.62712382661994,343.08484310536005,63777400
2022-04-08,340.0751953125,343.9127926867397,339.4420954838791,343.16281654814475,61956100
2022-04-11,332.0298767089844,336.7635452464772,331.6889676814274,335.84797458933093,66107400
2022-04-12,330.6273193359375,338.65314282857037,329.2539632767462,336.77331286308385,72790200
2022-04-13,337.3479309082031,338.39984726201305,330.2473989157264,330.96815586695936,61367800
2022-04-14,329.6338195800781,337.9518637748371,329.41953643655626,337.43564025513336,73519400
2022-04-18,329.8870849609375,332.1760118780032,327.062465025245,328.58191656925595,58560600
2022-04-19,337.2604064941406,337.83506830646405,328.22160307387486,329.24430075735904,56515700
2022-04-20,332.341552734375,338.526514901853,331.1240416669341,338.06872955151954,65500000
2022-04-21,325.465087890625,338.8284920047036,324.5397972136839,336.2181551269493,75801000
2022-04-22,316.9424133300781,326.8383449235365,316.51384713995463,325.62083409350055,82562100
2022-04-25,321.0138244628906,321.32551442948113,314.0496671138111,315.31589645643817,101755900
2022-04-26,308.897216796875,319.1437803869639,308.6244657518132,318.95871630604034,105819600
2022-04-27,308.527099609375,314.4880299191274,306.8128342616935,308.99460490463673,111204200
2022-04-28,319.4846496582031,321.3157910363892,309.26727669681173,313.48475162677266,99450000
2022-04-29,305.1083068847656,318.72496285370096,304.47520700530265,315.28671241202,91977900
2022-05-02,310.2023620605469,310.436114682396,301.6018469141752,304.69918805124564,115511800
2022-05-03,310.5334777832031,312.8224042977626,307.76729649145034,310.221787848372,78185500
2022-05-04,321.03338623046875,321.70545484748925,305.73171250145947,311.0108248641342,116083400
2022-05-05,304.8647155761719,316.7963218567089,301.57256149551785,316.71841424136176,154607400
2022-05-06,301.212158203125,306.90036483476405,297.17974834945187,302.8679847054743,139572800
2022-05-09,289.4267578125,301.30967906735975,288.0339321273305,295.59225120251307,113387300
2022-05-10,292.94293212890625,297.81297672621145,288.86183237841306,296.59546557688515,124124600
2022-05-11,284.2547607421875,296.18637005820534,283.38790825672874,290.6832255838595,140326100
2022-05-12,283.5826416015625,288.0630877961864,277.53405558723375,279.9788270613995,120910900
2022-05-13,294.0921936035156,295.12464046282736,286.43646965166005,288.03385821097976,83684900
2022-05-16,290.6831359863281,294.4038560620916,289.4071870674454,292.3486824097488,59190400
2022-05-17,298.2123718261719,298.5922199090593,292.7384158515025,296.53707502676514,62715300
2022-05-18,283.57293701171875,294.3941605391823,282.3164573337348,293.70262261227504,79477100
2022-05-19,282.0534973144531,286.73850768800816,280.1054794237619,281.77105612186665,79920700
2022-05-20,281.1768798828125,286.1638006552641,272.9270233764225,285.51123134311183,91764200
2022-05-23,285.85211181640625,286.23195978971927,279.8229949982693,282.2190483107968,63648400
2022-05-24,279.7742919921875,281.3521815700702,274.913997352395,280.6411741346291,73491100
2022-05-25,283.6898498535156,285.76449362585697,278.07954891697494,278.28408246900483,67144500
2022-05-26,291.5500793457031,293.09877969872235,282.60868452032753,282.8911554322837,59462200
2022-05-27,301.06622314453125,301.2123185667816,294.5598493955217,294.67672573332203,66985600
2022-05-31,300.2674255371094,303.23814042662764,296.42007896599904,301.03690079620924,60968300
2022-06-01,298.046630859375,304.52378208840304,295.8356420436472,302.4004504795314,65341700
2022-06-02,306.2088623046875,306.3841767382333,295.51423599259175,296.92656050861325,59291300
2022-06-03,298.2415466308594,302.4005540664085,296.9948163878671,300.997978827493,60914700
2022-06-06,299.23504638671875,304.23171731625797,297.67662604070557,302.6732969702448,51785000
2022-06-07,301.8161315917969,302.59535654257195,294.8227548582987,295.9136400649913,44900300
2022-06-08,299.6440734863281,303.61801620532157,298.7966608845032,301.01739970013836,38342100
2022-06-09,291.6182861328125,301.01746695663655,291.4527212499062,297.95909417977526,55900500
2022-06-10,281.33270263671875,287.20597460384334,280.8846669045221,286.01768266023385,85963500
2022-06-13,268.25177001953125,275.001643941255,267.39463751053967,272.47896468943065,94442000
2022-06-14,268.7388610839844,271.41738617612276,266.23565050038457,270.4433770517088,64697500
2022-06-15,275.4496765136719,279.37493078532503,269.4205596688989,272.15755174098666,86051400
2022-06-16,264.3362731933594,268.88487782771375,262.28109908553523,268.4270924842186,81910300
2022-06-17,267.5505065917969,269.98552883699915,263.4791565316729,265.10573474580815,82703400
2022-06-21,274.3006896972656,276.6135532851158,271.9195668371507,272.0268994799265,51633700
2022-06-22,273.9006042480469,278.30180844546015,271.2071624610074,271.8024357299077,67472900
2022-06-23,277.9797058105469,278.82871750635326,273.5491977794671,276.37924669266306,57457800
2022-06-24,287.5043029785156,287.92395446562955,280.5658029808013,280.800004903636,58422300
2022-06-27,285.3965148925781,289.42687988226794,284.2644889441768,288.86088179883507,54151500
2022-06-28,276.70135498046875,288.5192616412146,276.5159351758475,285.9331824998259,61609800
2022-06-29,276.9551086425781,278.45797422473055,274.0665082539823,276.5647620681519,57302700
2022-06-30,273.5199279785156,277.09165604481103,269.12846343854136,273.9785932439517,79313600
2022-07-01,275.3254089355469,275.7157555176732,270.34840811421464,272.2221134025702,56675100
2022-07-05,280.038818359375,280.1559193205776,270.075081156703,271.5974532153894,61829300
2022-07-06,281.83447265625,283.9326410168725,278.7019024096697,280.4194628152482,63194700
2022-07-07,287.865478515625,288.5681142475734,282.64450756949054,282.64450756949054,56620100
2022-07-08,288.22650146484375,289.5927291083753,284.0985135096991,285.0353510679023,59895500
2022-07-11,282.06866455078125,286.0404777553998,281.19037756980873,285.81604417604984,55273900
2022-07-12,279.336181640625,285.2305115091865,277.74549076739095,283.3177929939941,55797100
2022-07-13,278.7605285644531,281.10263807409973,273.26631126885604,273.83233918412304,73939400
2022-07-14,279.7558288574219,280.62434749047134,273.0515011436686,276.16456402172145,63741800
2022-07-15,284.8304443359375,284.93780675556116,281.1318462068161,282.74207403045335,63818100
2022-07-18,282.4199523925781,289.01691741139587,281.24891307414424,287.6116464040557,59519600
2022-07-19,291.1053466796875,291.39812890521887,284.44009126466915,286.0405209277583,55172600
2022-07-20,295.7212829589844,296.90209088858387,290.74428281343535,291.52500565321566,67769400
2022-07-21,299.9663391113281,300.0248895951628,293.525517855766,296.1799156552056,55049400
2022-07-22,294.706298828125,301.1080759178699,292.8814060911661,299.03921292663256,57127700
2022-07-25,293.0278015136719,295.2040270459721,291.0272572099381,294.7355934056734,40582400
2022-07-26,287.2701416015625,291.5835495722376,286.4601733164211,291.32981093233593,50074100
2022-07-27,299.41015625,301.09844171609467,291.261540976586,291.8275688403443,69304400
2022-07-28,302.3377380371094,302.9135043443742,295.44801947013815,299.19539952894036,55139900
2022-07-29,307.8514709472656,308.75906308524213,302.454849173802,303.8796571496862,57501000
2022-08-01,307.66607666015625,311.12070468792047,304.99217151576033,306.0851537709431,46358800
2022-08-02,306.7486267089844,310.8668452514692,304.31869282567123,305.37266086335205,48676500
2022-08-03,315.1022644042969,315.92200095901455,308.36866095210183,308.4272114359011,53735700
2022-08-04,316.57586669921875,316.8881558420076,313.0334130508828,315.1803636806415,38973700
2022-08-05,313.98974609375,316.0195656918979,310.7107998702354,311.4914928430166,53894000
2022-08-08,312.97491455078125,318.5960009286301,311.5110924550112,314.90717043855096,43878500
2022-08-09,309.432373046875,311.3353531473063,307.81243659216807,311.0816145255079,39764200
2022-08-10,318.06890869140625,318.36169088012,314.29225373105913,316.76123163675936,51459600
2022-08-11,316.2635803222656,322.3921133408172,315.56094463561175,320.39156870404844,45897700
2022-08-12,322.4214172363281,322.6165756154438,317.25899713697703,318.31293577249124,40928400
2022-08-15,325.0270080566406,325.5247170262433,321.45527909341536,321.474815778675,38266600
2022-08-16,324.2657470703125,326.35414676715345,321.22100302538877,324.0510520527076,41186900
2022-08-17,320.56719970703125,323.43629276250306,318.48856802587005,321.13322746982783,47842200
2022-08-18,321.3381652832031,322.5189732145217,318.90823058794865,320.51842863638876,41937200
2022-08-19,315.072998046875,318.95701604420105,314.3118118825432,318.3031923010288,51770600
2022-08-22,306.7779846191406,311.052348829549,305.9680163669286,310.8181468831801,51098900
2022-08-23,306.5242614746094,309.35431072684594,305.7728139625083,306.54376837538723,39497100
2022-08-24,307.412353515625,309.22747829484655,305.4410543854446,306.04609597851845,38057100
2022-08-25,312.84796142578125,312.8674981086766,308.1442369849633,309.1884071663571,38098300
2022-08-26,300.02490234375,313.7555572354442,299.9370766142662,312.5552127027734,69047700
2022-08-29,297.0679931640625,299.8102168935229,295.9652426671527,297.2729198727488,48321900
2022-08-30,293.75970458984375,299.3320068591553,291.2419445706575,298.71719702917835,51184500
2022-08-31,292.0519104003906,297.5558938041094,291.94457778028476,296.658070136426,50044000
2022-09-01,292.1788635253906,292.54970319492196,285.88444683132894,289.56350871500655,57990700
2022-09-02,288.0508117675781,296.42385775688933,286.44058427059224,295.04786195450646,64666800
2022-09-06,285.98199462890625,289.44639101078417,283.85458060513645,288.5290602332811,57005400
2022-09-07,291.7591857910156,292.7545738330587,286.19665137708756,286.46015834522314,49260400
2022-09-08,293.2718200683594,294.5892657011136,288.32412480633064,289.6903525885628,55649800
2022-09-09,299.68328857421875,300.1809974074277,293.2717433452684,295.52602604158943,56125200
2022-09-12,303.2453308105469,303.57712686254604,300.7470771871738,301.0593663354785,45905700
2022-09-13,286.6163024902344,295.7114920734445,285.7282470797957,294.5209158923819,79562200
2022-09-14,288.8901062011719,289.7683933119644,285.9917378884854,287.75808045201677,54907200
2022-09-15,284.0790100097656,289.37803753073274,282.4785506213726,286.9773782296725,65299400
2022-09-16,282.34197998046875,282.7323265374109,278.73120732030344,280.78056397116666,79920400
2022-09-19,284.5406799316406,284.69710512565416,279.6427484371487,279.7014041555219,52613800
2022-09-20,282.27252197265625,284.5601839494864,279.9750741000764,282.0378693199994,51271100
2022-09-21,277.2181091308594,287.3757485704161,277.0812557791903,283.1132455183981,82931000
2022-09-22,273.80621337890625,276.70000432671964,272.58416975490826,275.6930415739473,62757100
2022-09-23,269.34820556640625,271.63586769229045,265.93623941777963,271.3425593161207,74815200
2022-09-26,268.233642578125,273.2391277430711,267.4417608144934,268.878885095722,71176700
2022-09-27,268.34124755859375,273.94307663877163,266.0242277024173,271.59675876301304,69780100
2022-09-28,273.6791076660156,274.9598069578421,266.8454494776389,268.32165784227294,79652100
2022-09-29,265.78955078125,270.0715956965803,262.8273187259255,269.6903038288932,81216000
2022-09-30,261.28277587890625,269.03541534354054,261.1263506770087,264.9684495993742,78482400
2022-10-03,267.4125061035156,269.00605596137075,261.5466959774545,263.05226226362504,61267400
2022-10-04,275.8201904296875,276.52408888205673,272.7504019516992,272.7504019516992,66696900
2022-10-05,275.6734924316406,277.4625511231233,269.2602100468539,272.05623146486425,55766300
2022-10-06,273.5031433105469,277.82427276832533,273.1805070928327,274.6762872643789,53489400
2022-10-07,263.0815124511719,268.996190648069,261.75191370090846,268.8690933592522,71354700
2022-10-10,260.4517517089844,263.6681793088625,257.7437134187237,263.2771014291403,60393000
2022-10-11,256.8735656738281,261.6444286795512,255.19203248058224,258.77996563092654,66522500
2022-10-12,256.78558349609375,259.4251797950677,256.0914710787955,257.50902376665675,50580200
2022-10-13,262.80780029296875,264.12761327109695,248.57342473862707,249.45330502988705,112894100
2022-10-14,254.90847778320312,265.73090173715434,254.32192079522082,265.1345588543573,77244300
2022-10-17,263.3260192871094,264.1960990090227,260.77437617026146,260.8721456469514,64576500
2022-10-18,265.4083251953125,271.0101539048648,262.7295853642135,270.34536935380896,69781000
2022-10-19,264.4404296875,267.5590871120454,262.07457015959795,263.89295658178486,53115400
2022-10-20,263.0912780761719,268.6931360370133,261.92792015057984,263.5507676104997,60605500
2022-10-21,269.2602233886719,269.7979106618397,260.85255709108765,261.986617180999,77897700
2022-10-24,272.2225036621094,273.15123909970674,265.88741751693567,269.52422125739656,63963600
2022-10-25,277.8536376953125,278.2349296698417,271.68476317219097,273.16100158374826,59014500
2022-10-26,271.71405029296875,277.6287591147078,271.2252328615051,272.2321955769183,63492400
2022-10-27,266.76727294921875,272.05628218222876,266.24912756295623,270.59961549604924,57760300
2022-10-28,274.9305114746094,275.39978700768586,265.97537143833364,266.1415825130853,62651300
2022-10-31,271.733642578125,273.503159426672,269.81745662103884,272.68194966008537,47742000
2022-11-01,268.9571533203125,275.76151447216347,268.59543314016713,275.2042553559678,45895900
2022-11-02,259.7380065917969,271.9877694465551,259.6695649953625,268.9277677479085,79803100
2022-11-03,254.6641387939453,258.5844648018636,254.2828766474066,257.1277981579473,70038900
2022-11-04,258.76043701171875,260.64726549152124,253.28567478294306,259.59143276846174,78313200
2022-11-07,261.6053161621094,262.1430332516671,257.6752346520297,259.8064715479662,47333800
2022-11-08,263.51171875,266.7476878754442,259.5816073657685,263.1206707578258,63213800
2022-11-09,257.4307556152344,262.55355148311804,257.14723322127446,261.7714557201731,64862100
2022-11-10,276.42626953125,276.71954806888135,267.7253248392745,269.83701981536905,99256700
2022-11-11,281.5197448730469,282.1845592972137,274.90116716615194,276.2405222408589,66961800
2022-11-14,279.0560302734375,282.74170207602833,278.0783956465925,279.4666201090894,55290700
2022-11-15,282.91778564453125,286.70122803572764,279.57426106914244,285.6746934620761,73985400
2022-11-16,279.0560302734375,283.00568251970276,278.23482076709263,280.96242972980167,48859800
2022-11-17,278.4402160644531,279.9164544303959,274.44169257936795,274.5981177562604,55462100
2022-11-18,278.4499816894531,281.5490676405468,276.00589441916804,281.45132801777515,53588600
2022-11-21,275.5855407714844,278.21535143793466,274.7545450656288,277.0617493138327,40083500
2022-11-22,279.55474853515625,279.71114388498205,274.1875119369852,276.3187789752924,41873400
2022-11-23,282.3605041503906,282.9861749393081,279.39827175235274,279.5742388647001,46390000
2022-11-25,280.5030822753906,281.4709314987585,280.0142647144887,280.76703301765747,15498800
2022-11-28,276.38720703125,280.5421561500874,275.4584715998371,278.52823025811415,38714200
2022-11-29,274.29498291015625,277.01280626173184,272.9263002573923,276.61197244287877,35618900
2022-11-30,286.7989196777344,286.9064750158597,273.70840571881683,274.5589431887968,74718100
2022-12-01,287.1509094238281,289.13550697653733,284.3744300291789,287.121581571721,51547300
2022-12-02,286.007080078125,286.88697536237026,281.9107874314308,282.0867843893096,53583200
2022-12-05,281.2069091796875,285.15653258522,279.75021293114065,283.88561918438853,41482100
2022-12-06,275.38018798828125,281.18734160763,273.9919631554687,281.0504882375868,53937600
2022-12-07,274.2559509277344,276.2503347220623,272.54508964298054,274.19729521334705,45614300
2022-12-08,277.5015869140625,278.46943561993254,273.5323928286267,275.6049734050564,42594900
2022-12-09,275.7320861816406,279.2515769032235,275.29213865330206,276.4848541246429,47860500
2022-12-12,279.1929626464844,279.2516481889468,274.871833080141,275.90812369116725,35732500
2022-12-13,282.1943054199219,290.2402513163145,279.5155953648504,290.0153845506873,80667700
2022-12-14,280.1021423339844,284.89254665162576,276.856387797035,281.607678370785,64984400
2022-12-15,270.6972961425781,276.68041594822324,269.5045805722666,276.0156016536726,60554100
2022-12-16,268.1163330078125,271.55759662339494,266.51299768012547,270.02273272438384,68300400
2022-12-19,264.3483581542969,268.47404612090867,263.11357960823074,268.3858519256861,44167900
2022-12-20,264.1426086425781,265.8869638627262,261.6044756479317,263.18222187170676,51064200
2022-12-21,267.97430419921875,269.27765841529884,264.33857367332774,265.1813681287866,46394700
2022-12-22,261.4182434082031,265.09315110385836,257.2043313066332,264.9657495187062,60278400
2022-12-23,262.0062255859375,262.6726316300907,258.2529327193007,260.1540875111518,39373600
2022-12-27,258.3018798828125,261.5064182969755,257.76290542316593,261.3986054611623,38009000
2022-12-28,254.8916015625,260.15406455243925,254.52901545801257,257.9001331477215,47139000
2022-12-29,261.1046447753906,262.0454127740725,256.9985455070873,257.6943196587652,45893600
2022-12-30,260.9478759765625,261.07527757710335,257.03778328615977,258.34113754746767,37858300
2023-01-03,259.1839294433594,264.7403737472238,256.8809810509512,263.27041050608824,42335300
2023-01-04,260.4186096191406,262.094388805196,257.2728974856996,261.30061125663116,47754900
2023-01-05,256.3419494628906,258.9192895246878,256.0283800668829,258.75271045594553,45396700
2023-01-06,263.4173889160156,264.5345752837796,255.126804985391,258.07654065905234,54659700
2023-01-09,265.1225891113281,269.77747289377504,264.51500906581396,265.40676048327515,45568700
2023-01-10,267.36669921875,267.4745120737934,263.58400819036984,264.09358467777196,35247800
2023-01-11,271.9921569824219,272.09996982647135,267.6508731910464,268.4348714453479,44077000
2023-01-12,273.462158203125,274.4911504479409,268.25849055952096,272.55078814271513,60600000
2023-01-13,275.34375,275.5887439039788,270.6300696799657,270.963257800599,44802900
2023-01-17,275.90228271484375,277.18604809737275,273.98150939661457,275.14768251608376,36269700
2023-01-18,272.3155212402344,278.9891501528121,272.10973481609165,277.4407725443882,47754500
2023-01-19,269.6402587890625,271.8256149685803,268.4055099682429,270.6888397747378,44150400
2023-01-20,277.0193786621094,277.3525666368872,270.18895041299066,271.24734036249134,60613600
2023-01-23,283.1736755371094,284.39864475391676,277.06844810068554,277.8622257606587,52799900
2023-01-24,282.59552001953125,283.7518838905232,281.03736261916526,281.55674841928726,44875100
2023-01-25,281.96832275390625,282.58568211289065,275.54946616435143,278.08759877286985,50872000
2023-01-26,287.4659423828125,287.6423307540248,282.7424543994262,285.3883995934982,51596300
2023-01-27,290.3275451660156,292.2874961252807,286.03524778018846,286.15284005270786,56441900
2023-01-30,284.45751953125,288.4852349810713,284.08515390782713,287.06425833411,49405800
2023-01-31,288.7203674316406,288.81837095968,284.3888926131909,284.4966755594997,46705100
2023-02-01,294.8941650390625,297.3538825772445,286.44675327264645,288.5145165990588,67562200
2023-02-02,305.4779357910156,307.3986792194791,300.58786806855676,301.41104382361254,83070600
2023-02-03,300.0488586425781,306.134527365596,298.44171454947156,298.8336987253652,76170800
2023-02-06,297.5107727050781,299.7843231515215,296.16821099081466,297.4323878201747,40802300
2023-02-07,303.67474365234375,304.8017092397127,296.26613294999623,297.38328921452313,67584000
2023-02-08,298.2751159667969,303.30239469294725,297.58915111170046,302.36162665672765,56720900
2023-02-09,295.63897705078125,302.8025949668986,294.18863257166754,302.65560463543113,49137800
2023-02-10,293.6986083984375,295.5311574183236,291.29765695881196,293.48301263689365,50050100
2023-02-13,298.4024963378906,298.99048753364445,293.92400177687483,295.09998416838243,39636700
2023-02-14,300.60748291015625,301.55806033599276,294.8844296115814,296.82479185684485,64079100
2023-02-15,302.91046142578125,303.077040528768,298.10858700695474,298.794551977369,43100600
2023-02-16,297.2265625,302.2538416898936,297.0795721536685,298.2849528065457,59498600
2023-02-17,295.1293640136719,295.88393422598153,292.13064199756906,295.04116982572447,58230700
2023-02-21,288.14215087890625,292.7480469851319,288.0049698813135,291.3074820247996,46526700
2023-02-22,288.3577880859375,290.42552201582805,286.70162711443794,288.72037423239385,51389200
2023-02-23,290.8763122558594,292.16007766757474,286.6917980591671,292.0032780111049,69294400
2023-02-24,286.005859375,287.1034271642342,284.2418855081771,285.91766516763073,74332000
2023-02-27,288.0539855957031,290.5529110256689,287.4659943455708,289.1613626370489,48995000
2023-02-28,287.68157958984375,290.1903142523565,287.0935883612757,287.4267764126198,48243100
2023-03-01,285.3688659667969,288.0441798329406,284.3888905066176,287.387613022248,58287000
2023-03-02,287.7306213378906,288.5342085068235,282.5955587679446,282.8797600655393,53565900
2023-03-03,293.6789855957031,293.9141999999953,288.96530687757166,289.47491316481114,60511500
2023-03-06,294.0122375488281,297.91255078931,293.8162603935119,294.9138281640149,56736300
2023-03-07,290.4059143066406,294.9824127073463,289.7983343272335,294.06123341389787,65955800
2023-03-08,291.85626220703125,292.45403280782995,288.975132322113,290.8272701587182,50876300
2023-03-09,286.79962158203125,294.9530245830803,285.98622520297346,292.3560656900784,71456700
2023-03-10,282.77191162109375,288.4557873254567,281.62535706186685,286.9662054618756,98593600
2023-03-13,284.8690490722656,288.573354857497,279.47918441665786,280.9883548940412,97123600
2023-03-14,291.415283203125,291.9640670408029,287.57379633938,288.4165608377867,73602500
2023-03-15,292.94403076171875,293.2772187994073,287.36796850276227,288.8085334957989,83631500
2023-03-16,300.6662902832031,301.02887644464795,291.2389304597185,292.0327082473355,98198100
2023-03-17,299.2452392578125,302.9593539690395,297.2950980069192,300.57802119938503,89923700
2023-03-20,300.3072509765625,300.6311303110754,296.42054919854286,298.62890724672246,56359500
2023-03-21,304.59637451171875,305.04785266850337,300.7292917206466,302.2407985358672,49757000
2023-03-22,300.45452880859375,309.4155616024022,300.2876918296602,304.5277173641124,75791900
2023-03-23,304.017333984375,308.33589544993333,301.3280538352292,304.18420090621953,74576000
2023-03-24,305.1362609863281,305.23438628802813,301.26917759155515,303.5953103540764,57195200
2023-03-27,303.0455627441406,306.91264468255486,302.19166926203826,305.83299719545016,50287400
2023-03-28,301.4359436035156,302.49597217788687,299.12943045377114,302.4665286037527,48585900
2023-03-29,306.9323425292969,307.55068761030134,304.3117443176052,305.1263998840245,53274300
2023-03-30,309.8376159667969,310.46578568757917,307.0207366409696,309.40575677195426,58354800
2023-03-31,314.99041748046875,315.2259960757609,309.7590750261057,310.06333534027965,62138100
2023-04-03,314.224853515625,314.48987569045227,311.54539785656647,312.8703889195931,47126800
2023-04-04,313.1648864746094,315.677505418444,311.9478151451285,314.66656912426663,45875400
2023-04-05,310.0731201171875,313.1549909553474,308.2573530230773,312.212766553252,62795700
2023-04-06,312.1636962890625,312.6544425683742,307.0305093772387,308.4242120369294,46916500
2023-04-10,311.9870300292969,312.03612262814016,307.452539270489,309.2388628884362,45134700
2023-04-11,309.9847106933594,312.0066124581122,309.47434546263446,311.94769536151995,40113600
2023-04-12,307.24639892578125,312.52683299595236,306.7850962851923,311.93793154691537,62813300
2023-04-13,313.2629699707031,313.73406719426043,307.8254932108814,309.0032662225483,54613800
2023-04-14,312.674072265625,314.43092227098646,309.768832905649,311.71219883461987,56278300
2023-04-17,312.9390869140625,313.2924398141298,310.19091970365525,312.261854645645,43007000
2023-04-18,312.958740234375,315.47138904102917,311.7613479245438,315.04932442631457,46746900
2023-04-19,312.8114318847656,313.8714604417356,310.4264125607393,310.55401136414963,38960100
2023-04-20,310.426513671875,313.361167295096,309.1407606157145,309.84743656628046,62462100
2023-04-21,310.75030517578125,311.5256925854782,308.286779534133,310.06327844359055,59002300
2023-04-24,310.1026611328125,311.85951167309616,307.9335404858615,310.52469584677226,44043100
2023-04-25,304.2528381347656,309.1406813692748,304.15471285096964,308.4732736850432,57121600
2023-04-26,306.0980529785156,309.1112420614219,305.5778631655687,307.63900335088084,55400500
2023-04-27,314.4211120605469,314.92165284170386,309.21918410864004,309.8571781627747,65430400
2023-04-28,316.5901794433594,316.67851016315626,313.0568008876314,314.18551113317454,59712600
2023-05-01,316.2270812988281,317.6404329412085,315.1474335230133,316.1289260550677,41013400
2023-05-02,313.4691467285156,316.4823365389618,311.73188546083753,316.1584271708813,56519400
2023-05-03,311.41778564453125,316.5019099639338,311.3098058864839,313.83224897780207,59882100
2023-05-04,310.3185119628906,312.34038421478306,309.28792681621553,311.1920247548366,50224500
2023-05-05,316.9141540527344,317.7680478062891,310.3577608434829,312.5759436628054,51806100
2023-05-08,317.6993713378906,318.04289977007153,315.3732384541892,316.4528864041379,36465800
2023-05-09,315.68731689453125,316.90435822097544,315.37323205132657,316.0406398785521,31768800
2023-05-10,319.1224670410156,319.9763606733042,315.6479754087776,318.1213255801761,60446600
2023-05-11,320.1628723144531,320.7026812198648,318.1213510973268,319.67212605397896,44278500
2023-05-12,319.0145263671875,321.1149348281114,316.9632105060504,320.6928702621586,48432800
2023-05-15,320.741943359375,320.9774919751465,317.9643028030483,319.4856341539702,33375600
2023-05-16,321.1051025390625,322.8128899714254,319.9861866676694,320.0254547559925,40019200
2023-05-17,324.9917907714844,325.5708677503054,320.9873145634712,322.1650875880521,47486100
2023-05-18,331.0279235839844,331.24385310528055,325.3647233452558,325.3843424098208,64213500
2023-05-19,330.2820129394531,331.9505320267274,329.22198438728304,331.24385630953753,61554900
2023-05-22,331.39117431640625,332.40211049164327,330.0170607205077,330.0268852313511,43015900
2023-05-23,327.1903381347656,330.8218725069687,326.8370151983698,329.67354301090694,48216700
2023-05-24,325.51202392578125,326.7487142213428,323.460707928602,325.2372071881873,62891200
2023-05-25,333.4327087402344,334.6988427384852,330.4391679190287,332.86345614065647,66862800
2023-05-26,341.9520263671875,342.7863010934035,334.3552829944159,334.4534382479904,63007000
2023-05-30,343.50274658203125,347.37962387982896,342.0795705146639,346.18220186431466,72652200
2023-05-31,341.5495910644531,344.11130225670985,340.0970012254624,341.9225630348241,65105400
2023-06-01,345.4952087402344,346.8201997459397,340.2442175064159,341.2944217437348,50488600
2023-06-02,348.0863037109375,349.2444576542266,345.49517912675213,347.25202910838146,53372100
2023-06-05,348.3316955566406,350.883582144611,347.30114037340985,347.8703928659199,47266200
2023-06-06,348.2727966308594,349.2346700680704,346.3981423533168,347.7231632246743,41390400
2023-06-07,342.3642272949219,350.5106032126766,341.73605770611135,348.55744268687283,69225900
2023-06-08,346.61407470703125,347.0753773858951,342.4329369727751,342.6586610808147,47153900
2023-06-09,347.9391784667969,351.040699138578,346.496382932025,348.0667773162255,53196900
2023-06-12,353.818115234375,353.9162704453833,348.62604303828124,349.5977107359037,44606500
2023-06-13,356.5369873046875,357.3712319959438,353.3667556384782,356.5664308825815,57097800
2023-06-14,359.1281433105469,359.41278455684176,353.7495829280698,356.54681293006774,69525600
2023-06-15,363.407470703125,364.88950420626855,357.2436981859481,357.86201338240306,71138800
2023-06-16,361.12054443359375,365.94950092806926,360.6788907605711,365.8219021049376,80932000
2023-06-20,360.6035461425781,361.999190422026,357.6452217797614,359.66986728815994,49204700
2023-06-21,355.68939208984375,359.89594138420165,354.76552112387077,359.46348986847545,53378300
2023-06-22,359.88616943359375,360.0433972788197,354.0382653924448,354.44123298126794,47603000
2023-06-23,356.31842041015625,358.6182598188581,354.6279363156579,355.99406677913646,48922900
2023-06-26,351.5418395996094,358.5789703043157,351.45338769056457,355.78771119695153,52685500
2023-06-27,357.5863037109375,358.31362497396304,352.35762297453897,353.0849142436982,49428100
2023-06-28,358.2840881347656,360.23008989079324,355.689379134913,355.76802304065137,46498000
2023-06-29,357.566650390625,358.62813329590955,355.9253260746323,357.98926395760606,46151000
2023-06-30,363.0802917480469,364.1319063790845,360.9278725599883,361.2423581538513,58712500
2023-07-03,363.9354248046875,364.56442610409556,362.63807025771337,363.7191990468585,19432900
2023-07-05,363.92559814453125,365.62592029282894,362.33340387544496,362.372725830964,34460900
2023-07-06,361.1539306640625,361.5962201137862,358.26438224364455,360.220251816887,49374700
2023-07-07,359.954833984375,364.1220904461363,359.72880028064,360.92786468804644,47133700
2023-07-10,360.0727844238281,360.7509455502349,357.1734281529696,359.6796549287457,48498800
2023-07-11,361.851806640625,362.3039041308839,358.3627105914411,360.4954841759857,38214100
2023-07-12,366.4219665527344,367.7684509021404,363.9451935946004,365.9501931335994,61975400
2023-07-13,372.6433410644531,373.46892209273324,369.0166633368068,369.5965346545085,46960000
2023-07-14,372.56475830078125,376.28969622897483,371.6900172609404,373.0758237437194,55148500
2023-07-17,376.0439453125,376.9186862565369,372.80058921448597,373.2821706367002,40868900
2023-07-18,379.12030029296875,380.4864608785152,373.4788141198273,375.40517013121564,55262000
2023-07-19,379.03179931640625,381.32183065046223,377.70496086028794,380.1817339767386,54093000
2023-07-20,370.29437255859375,377.50840607614344,369.27221176229006,376.0439558023817,71941700
2023-07-21,369.18377685546875,373.4001640896318,368.7513253445873,372.6728429155879,60499600
2023-07-24,369.77349853515625,371.10030708517195,367.9159185749525,370.1567901180446,40380100
2023-07-25,372.2797546386719,373.9407549455864,370.4614964927392,370.48117246878263,38894400
2023-07-26,371.0412902832031,372.7317742066789,368.74145110717086,371.2378700393192,47075700
2023-07-27,370.15679931640625,378.10796279614465,368.86928269570615,376.49612252032574,63940200
2023-07-28,376.8990783691406,377.92120924637163,373.6950139044031,374.2060793430186,56902900
2023-07-31,377.0956115722656,378.27503021734213,375.77861108178536,377.20373944509765,44019900
2023-08-01,376.22088623046875,376.977661335996,374.15691867719516,375.7491127916499,41060600
2023-08-02,367.965087890625,372.7515087651388,366.72670121894356,372.7515087651388,72687100
2023-08-03,367.3753662109375,369.4983018652998,365.39001240778197,365.5571082205294,47666400
2023-08-04,365.6553955078125,371.6113968871545,365.1541380670017,369.30171945598914,61702800
2023-08-07,368.7513122558594,368.8496021400914,365.13447246946816,367.46379575584587,37230400
2023-08-08,365.6160583496094,366.2647356007834,362.490637952567,366.24508962124304,44726500
2023-08-09,361.59625244140625,366.05834931171427,360.83947730891896,365.9010914931724,51150900
2023-08-10,362.26458740234375,367.9355570708687,360.74119910131196,364.6037487888542,72035300
2023-08-11,359.954833984375,361.6846396852516,358.4314460049825,359.7091243106758,48707200
2023-08-14,363.9943542480469,364.1122901045981,358.44132104712014,359.1587741724269,42130800
2023-08-15,360.1318359375,363.8174817408834,359.4634827031511,363.02135465299926,45539900
2023-08-16,356.31842041015625,361.12448699666004,356.2201305221544,359.59126072419207,53190500
2023-08-17,352.4264221191406,358.0581008135343,352.01364650443765,357.714101138703,62604300
2023-08-18,351.9841003417969,353.2421329350638,348.6227781037681,349.1633574955248,61191400
2023-08-21,357.655029296875,358.3331904607531,352.98654504940504,353.4484804799617,50696500
2023-08-22,357.1440124511719,360.269433026143,356.4560132078878,360.2595950388818,44530200
2023-08-23,362.775634765625,363.86660148965944,358.1071502121783,358.3233759596713,51770600
2023-08-24,355.0210876464844,366.34338158228024,354.81469986472706,366.24512168211504,66842500
2023-08-25,357.77301025390625,359.4634943837441,352.42636416855237,355.85649237018794,69960500
2023-08-28,360.4659423828125,361.39962118043815,357.99900757131473,360.69197609475015,40910000
2023-08-29,368.3385009765625,368.6923385554893,359.94507888520656,360.2694025048502,58492400
2023-08-30,370.3926696777344,370.97257104872966,367.44415284860855,368.4466677665844,41731500
2023-08-31,371.5032653808594,373.2035874718416,370.402490614343,370.471296535716,35730700
2023-09-01,371.1101379394531,374.2945263884665,369.6260415972673,373.8719128585272,39801200
2023-09-05,371.5818786621094,372.800589196893,369.380299316676,370.30417020396686,32344200
2023-09-06,368.30908203125,371.14950117508664,366.30411204087085,370.80550152185896,42998700
2023-09-07,365.6750183105469,366.45146939646156,362.8149536720257,363.85676044832894,52060700
2023-09-08,366.1860656738281,368.4171289383869,365.22290284914124,365.6258703550477,35800100
2023-09-11,370.50079345703125,371.0118589039647,367.24759899108267,369.21327685540757,39936600
2023-09-12,366.3924865722656,370.48109960097645,366.10745492048966,368.8299076129813,41391000
2023-09-13,367.7881164550781,369.39014857434654,365.49811513938084,366.62837381440505,46300700
2023-09-14,370.7956237792969,371.77846268664996,367.4736534672886,369.5375911776395,48039400
2023-09-15,364.4465026855469,369.8619548094555,363.5127937007819,369.45898724728664,69811200
2023-09-18,364.826416015625,365.93863645323245,363.22206476755633,363.5075090480625,36903500
2023-09-19,364.0488586425781,364.8461081913443,361.0271681103356,363.50752673963694,37621700
2023-09-20,358.8027038574219,365.46614355197374,358.7239461147386,365.11182382173274,45514200
2023-09-21,352.2278137207031,355.9089722370328,352.0605060828978,355.12154499734396,69734800
2023-09-22,352.27703857421875,356.1058002061891,351.9620676839268,353.9699695629412,51589700
2023-09-25,353.9502868652344,354.0388968388634,350.32821151607146,351.31247308077525,39168000
2023-09-26,348.6352844238281,351.91289229277817,347.6510228478301,351.37153040361153,53657700
2023-09-27,349.4522399902344,351.36170985960024,345.8301345452568,349.78688532316824,56066000
2023-09-28,352.3755187988281,354.50152754238655,347.68057155948935,348.536874378989,56453300
2023-09-29,352.63140869140625,357.23777601769604,351.40108163532835,355.84996349396636,64829600
2023-10-02,355.5743408203125,356.9719754148044,352.2869108139904,352.8971481752992,51625100
2023-10-03,349.3341064453125,355.3282554041325,347.71990315980014,353.1333414353524,60478500
2023-10-04,354.08807373046875,354.9345242004373,349.708098051623,350.1707021569454,54786700
2023-10-05,353.0447998046875,354.48181334692805,349.55068309904425,354.07826248177054,45897400
2023-10-06,358.96026611328125,360.15121440001474,349.26528203379553,350.0526794054425,75049100
2023-10-09,360.79095458984375,361.3322864922869,355.10192335075635,356.5979902725734,45304800
2023-10-10,362.7889709472656,365.436636991541,360.62361350091794,361.12556647967915,46968800
2023-10-11,365.3775634765625,365.5645755687648,362.39525226575506,364.11770992962386,38215100
2023-10-12,364.10784912109375,367.85788302935276,361.7161008874376,365.8795378416843,49587900
2023-10-13,359.5310974121094,365.31856077000174,358.13343264064804,364.73784999596586,52469900
2023-10-16,363.5961608886719,364.64932824026465,360.702428747957,360.8500620128329,44201100
2023-10-17,362.4051818847656,364.09811326598583,357.9366252092279,360.05278192643203,50999100
2023-10-18,357.6510925292969,362.11964810076057,356.3223335114042,359.9149119768525,54280500
2023-10-19,354.3046569824219,360.2594277757286,353.50740747223784,359.06847962452343,72274200
2023-10-20,349.0191345214844,354.37351949388653,348.7927435626663,353.80263100200693,72559700
2023-10-23,350.0722961425781,353.6057912748692,345.5938883563463,347.70022235548595,60665200
2023-10-24,353.4778747558594,354.245597605717,350.190444601993,351.88337576286887,47082100
2023-10-25,344.82623291015625,351.2633126992723,344.24552212419906,351.08615280605477,71190500
2023-10-26,338.2513427734375,344.56046319125295,336.9619624891379,343.62540266266313,78621400
2023-10-27,339.8753967285156,343.34983924117734,338.664744054355,340.97776499899555,63476700
2023-10-30,343.70416259765625,345.02306953665595,340.9974431987372,342.3556989748793,55298500
2023-10-31,345.3478698730469,345.72189409468723,341.1647579872037,343.7336964353076,47671900
2023-11-01,351.3419494628906,351.9029856834564,346.0859970637678,346.1844292136122,58992700
2023-11-02,357.7200622558594,357.95627544374383,354.6294662070536,355.84997109811536,58162400
2023-11-03,361.9228210449219,363.21220132553935,358.7830241681351,359.0094151473788,53280500
2023-11-06,363.3992004394531,363.96023673494824,361.1354108770652,362.6905309181117,38848700
2023-11-07,366.8343200683594,367.7004450680254,363.241741103211,364.4425414885638,50777400
2023-11-08,367.070556640625,367.90718508359936,364.787062313558,367.20833765767605,35663400
2023-11-09,364.2456970214844,368.9012351592412,363.7535662221592,367.7595181376134,53859400
2023-11-10,372.4347229003906,372.58235611773597,365.43660802544855,365.96811764516906,58309800
2023-11-13,371.2733154296875,372.3264825668153,369.3343188464061,370.8599423722135,40733500
2023-11-14,379.2655029296875,380.1808890311,377.14934653163624,377.6710039696422,67792600
2023-11-15,379.55096435546875,381.64744643002416,378.19267850224793,381.15531561580104,54141400
2023-11-16,379.87579345703125,380.11200663962404,377.52339371034566,378.78324741297644,45343500
2023-11-17,379.9643249511719,380.978113113573,378.2418672940734,379.1473710700725,46571900
2023-11-20,384.5903625488281,385.2498310279321,379.9741733069402,379.9741733069402,44429600
2023-11-21,382.3561096191406,383.1041580561983,380.6139773793034,382.8876193000648,43337000
2023-11-22,383.9210510253906,386.8836878506186,382.91711507550013,384.42303401897493,44121000
2023-11-24,383.37969970703125,384.10804359224113,382.3855859976571,383.5174806952141,15718800
2023-11-27,383.04510498046875,384.9939237494987,382.16909772738626,382.8876195179838,34139700
2023-11-28,384.04901123046875,384.62972193238,381.9426771250106,382.2970268974436,35491100
2023-11-29,383.675048828125,387.9369187872778,383.3305512275053,386.5097273149748,38811700
2023-11-30,382.71044921875,384.4033804806494,379.74784203838783,383.94077629753497,52834400
2023-12-01,383.8030090332031,384.3935720596323,379.9939210667959,381.6474735109709,40490100
2023-12-04,380.2399597167969,380.51555177142023,376.6375585502535,380.0135687287101,51186900
2023-12-05,381.1946716308594,382.38561971941857,378.1631291761713,378.3403190869991,42933000
2023-12-06,378.9898986816406,384.2261773485947,378.64543116817373,384.1277451859132,41994100
2023-12-07,384.28521728515625,385.1119933558489,380.8698286160153,381.96237452044045,49593500
2023-12-08,385.9978942871094,386.44079399552544,382.36596649169275,382.5529786032287,46687500
2023-12-11,389.2951354980469,389.56090535273165,385.36794134333326,385.5746278679813,41198000
2023-12-12,392.3955383300781,392.5136449019794,388.20257480392416,389.33446950101325,39221200
2023-12-13,397.38580322265625,397.99604066159475,392.56292697200246,393.3306498850675,55408100
2023-12-14,397.0412902832031,399.9054650273427,394.03927446369323,398.60626257953487,55447800
2023-12-15,398.9605712890625,400.14169715869406,397.2184391667707,397.818824291693,62896600
2023-12-18,401.4735107421875,402.3709814532671,399.0276856016672,399.3531274608477,46610000
2023-12-19,403.5248718261719,403.6432143177387,401.739802351394,401.92718799546697,35711900
2023-12-20,397.5285949707031,404.8168311468239,397.3510812317631,402.7260335176809,54042400
2023-12-21,402.1540222167969,402.5189517146843,398.89948313848276,401.45380904002565,45568900
2023-12-22,402.755615234375,404.32371344102273,400.8817888923147,403.36707150520004,34314000
2023-12-26,405.22119140625,405.8918189348546,403.5150068640605,403.61363564115584,22722500
2023-12-27,406.0461120605469,406.33227692599,404.64491903161536,405.5034136279449,31980500
2023-12-28,405.8487243652344,407.4472786001535,405.493510166212,407.20059203535254,27029200
2023-12-29,404.09228515625,406.1842123547382,402.17799515628036,405.8289680708048,42662100
2024-01-02,397.25421142578125,400.7078236681065,394.9353514690267,400.461137079369,58026900
2024-01-03,393.0506286621094,395.6852544540013,392.61648800716534,394.6294287174648,47002800
2024-01-04,391.02777099609375,394.29389840935306,390.8106856341957,391.1856539968472,39432800
2024-01-05,391.49163818359375,394.26439318675887,390.10032213186327,391.19562630582584,44922800
2024-01-08,399.5829162597656,399.86905099818864,392.5671345830091,392.7151405016946,42473800
2024-01-09,400.372314453125,401.2998583916522,396.38585093731285,396.5832122441471,39132900
2024-01-10,403.08587646484375,404.09234688237234,399.8000244303325,400.68809010616457,33962800
2024-01-11,403.9246520996094,405.75013899493814,398.88236224645095,404.35882293243714,54536200
2024-01-12,404.1318359375,405.79943969142045,402.7405199592706,404.96069926457324,39595000
2024-01-16,404.09228515625,405.67108506829044,401.4379355206149,402.8983307090454,43903000
2024-01-17,401.81298828125,402.18795672683933,397.5798679575851,400.78679371902757,54386000
2024-01-18,407.516357421875,408.0985341433326,403.73713222559695,405.0790927808669,59562500
2024-01-19,415.59783935546875,415.7557223922179,409.1346625144501,409.71683927383793,70325100
2024-01-22,416.1405334472656,419.10077238644385,415.53860253748337,417.79826002605955,44880600
2024-01-23,417.8673095703125,418.08439494816366,414.9958743913693,416.831207947934,33003800
2024-01-24,420.1861877441406,424.1529273697124,419.69281456588413,421.77486503694314,46948000
2024-01-25,420.69927978515625,423.3536296702719,418.36069593474804,422.68261931824196,44367200
2024-01-26,418.1929016113281,420.5610864517094,417.54164551043004,418.8145565309628,37137000
2024-01-29,422.47540283203125,422.67276412816915,417.99556640503255,418.6468225465606,38694700
2024-01-30,419.6631774902344,422.0116384359929,418.75538778321743,421.43933884792625,36739000
2024-01-31,411.44366455078125,417.26546252783015,411.266057418616,415.2722455584934,64010600
2024-02-01,416.2885437011719,416.7819168628328,412.2724789381055,413.2395011756799,51008600
2024-02-02,423.32403564453125,424.5377143092311,417.18647251424335,418.1830657905494,59602400
2024-02-05,422.7714538574219,423.916053037669,419.36716716110675,423.3832317302422,39889200
2024-02-06,421.9228210449219,424.5179684735846,419.5842372747902,423.9160376085168,35846100
2024-02-07,426.2645263671875,427.09338964924376,423.4029681072797,424.7054804561285,37712700
2024-02-08,427.053955078125,427.8137389159285,425.70211741625366,426.382944683857,29889900
2024-02-09,431.2574462890625,432.0468613748132,427.39929486367424,428.1886798363185,36943900
2024-02-12,429.57012939453125,433.31978339162515,428.88927204043836,431.14892949261775,33203300
2024-02-13,422.8701171875,425.55406834305234,419.69279287918516,421.6169602202019,64491700
2024-02-14,427.4782409667969,427.90253465627023,423.1957655614689,425.5442266157376,45092700
2024-02-15,428.75115966796875,429.2149316499549,425.61328343662643,428.1689829438769,38796100
2024-02-16,424.8633728027344,429.2247747002088,424.15291424350715,429.12612415809764,53716500
2024-02-20,421.6564636230469,424.37986311162143,417.8870852842458,422.87014237875525,53999500
2024-02-21,419.96905517578125,420.05788883742673,416.0418243903044,418.92310656439344,49779000
2024-02-22,432.2640075683594,433.3000792548435,427.9617775568409,428.731438553029,53887800
2024-02-23,430.99102783203125,434.7505286525933,430.0141586762791,433.82298476432334,39853900
2024-02-26,430.76409912109375,432.7869471692382,430.5766149089948,431.8002008373945,33043200
2024-02-27,431.80023193359375,432.18504737190904,429.26428645098287,431.86931140894353,33713200
2024-02-28,429.5011291503906,430.8825983117278,428.543983861065,429.65901220063233,32938800
2024-02-29,433.1816101074219,434.2571599221341,429.2543491340669,432.4218263244893,42495200
2024-03-01,439.7039794921875,440.6611245537349,434.01046450298435,434.06966686859715,43853000
2024-03-04,438.1350402832031,440.12828689505744,437.8883537312889,439.70396313980547,34325700
2024-03-05,430.2707214355469,435.1058025012789,427.9025362866196,435.0959254018696,57917100
2024-03-06,432.97442626953125,436.13199642628683,431.09961428378455,434.48414693490355,46234500
2024-03-07,439.5461120605469,440.79926890872684,435.01692044917235,436.556272243528,44526700
2024-03-08,433.20135498046875,442.6938797953184,432.53037471556775,439.901370869489,72096000
2024-03-11,431.5929870605469,432.8461440453612,429.6688196926347,431.71139180076773,45860000
2024-03-12,437.77984619140625,438.1350603881726,430.67526112502065,433.901940644511,55300900
2024-03-13,434.4150695800781,436.8030089363392,433.30004141473387,436.78325473745014,37928700
2024-03-14,433.31976318359375,436.1714441905976,430.6062109929357,435.64846988201316,52195200
2024-03-15,428.16900634765625,433.0533829051464,427.00462272271886,430.29050506130005,73069800
2024-03-18,432.2525939941406,435.77005339953286,432.015441232783,433.4876578345993,47323800
2024-03-19,433.3295593261719,433.7346638779125,428.15215128325195,430.24684485265067,43004100
2024-03-20,438.4674072265625,438.80334096798737,432.8256441272629,434.5250931534227,43653500
2024-03-21,440.54229736328125,443.9708355613274,440.34470525377156,443.51634054123906,39345700
2024-03-22,441.0462341308594,442.1429563269523,439.17880316614946,440.0285427517674,28253900
2024-03-25,439.44561767578125,440.92769432844847,437.2521430237167,438.2500541325225,27789200
2024-03-26,438.0227966308594,441.8860798362607,437.79553403539165,440.967169447926,34142000
2024-03-27,439.51470947265625,441.2042983789603,436.64936762664576,441.10548724918266,41359200
2024-03-28,438.7045593261719,440.3150873730311,438.3488452662453,439.46534778476365,36839600
2024-04-01,439.63330078125,442.18245907233614,437.726339451207,439.6530509460299,38729000
2024-04-02,435.8392028808594,436.15538646711934,432.79601878365486,434.8215114618378,44259700
2024-04-03,436.8173828125,438.694673809478,433.70502798159896,433.71488798828096,39949800
2024-04-04,430.1381530761719,441.60944178188765,429.9108904729682,440.996824784503,57267700
2024-04-05,435.20684814453125,437.8745980464935,430.7507282504202,431.5609373498813,54744600
2024-04-08,435.3352966308594,437.2125875865216,433.9520311978938,436.13561556539395,28144900
2024-04-09,436.94580078125,437.9437117785747,432.21302808963225,437.66705870710007,39443600
2024-04-10,433.1319274902344,433.99152706641837,431.0669044449502,431.7783023964343,61502200
2024-04-11,440.04827880859375,440.9967993468194,432.7268171178065,434.99935255997985,45474600
2024-04-12,433.0330810546875,436.95564455090334,431.6597059071951,435.82928214208215,53665000
2024-04-15,425.9092712402344,436.86675345867155,425.06942184073426,436.77783248501964,63453600
2024-04-16,425.94879150390625,428.57701077839033,424.5655261365261,425.75116924302756,47619000
2024-04-17,420.75164794921875,427.94465825778315,419.82287756668256,427.92490809219123,56880500
2024-04-18,418.3507385253906,423.1230122839189,417.77765197619533,421.39392278181145,46549400
2024-04-19,409.6953430175781,417.6985621852426,408.1342356976317,417.1748963589334,75231000
2024-04-22,413.8155212402344,416.14730709405615,408.9938276035389,412.32355460226944,47807700
2024-04-23,419.9908447265625,421.1863779906692,413.8649164811478,415.74220734573504,44384700
2024-04-24,421.4136657714844,424.59519137964264,419.1312702431236,423.0834744692618,48440300
2024-04-25,419.37823486328125,420.23783435931756,413.1436358245047,414.23046773958583,57392200
2024-04-26,425.85003662109375,427.38150380995216,421.8188012818527,422.51041898043206,41874900
2024-04-29,427.5790710449219,428.5770122057127,424.84218062488617,427.9545352500877,30022200
2024-04-30,419.5166015625,427.39136982222493,419.4375707439293,425.9982141906258,43665900
2024-05-01,416.4832458496094,425.00027078139163,415.6335364646761,418.0937738009243,52251700
2024-05-02,421.79901123046875,422.6981413555137,415.60394164929187,420.2181234298724,36559000
2024-05-03,430.2765197753906,431.26457091188445,427.4506778454958,429.2489381506173,48515300
2024-05-06,434.9895324707031,435.0784534586489,431.3040907102183,432.07476942534396,30227200
2024-05-07,435.0586242675781,436.68890238965724,434.32744602239535,435.43408847265937,30996100
2024-05-08,434.8017272949219,436.20477300365775,432.32170959807235,432.44030104834115,24896700
2024-05-09,435.7502746582031,436.3233611678897,433.22086631601803,435.068517003567,24580100
2024-05-10,436.7778625488281,439.0009775019168,435.23650526025403,437.2521379272072,27116600
2024-05-13,437.78564453125,438.78358573741383,436.3727387710848,438.6847746021528,22994200
2024-05-14,440.6016540527344,441.1352101310495,437.1731152629732,437.36084739880766,34478300
2024-05-15,447.48834228515625,447.73535506298566,441.56003561725066,443.0717526114495,41464700
2024-05-16,446.579345703125,449.25695573333155,446.41136374933757,447.300603706104,34780400
2024-05-17,446.3619689941406,447.31048959544074,444.1684943734974,446.70776275246817,35803700
2024-05-20,449.4743347167969,450.13631207581267,446.3916200736185,446.57935219702347,24474200
2024-05-21,450.3536376953125,450.54136979919565,447.42901515243744,447.62663741534305,23167700
2024-05-22,450.2647399902344,451.3614923460644,447.6661608786562,450.6105638917276,25120000
2024-05-23,448.2392272949219,455.0765234363132,446.4508573691613,455.04688311196617,40899200
2024-05-24,452.47802734375,453.74273158486886,448.1503585670211,449.8498077178615,29669500
2024-05-28,454.1872863769531,454.2465670260158,451.2330234712752,453.6932608661482,26216800
2024-05-29,450.9859924316406,452.76447213726425,449.8991303213493,450.0374719321695,29739200
2024-05-30,446.1544189453125,450.19557408760653,444.8304342178574,450.05723247359657,30536800
2024-05-31,445.3244934082031,447.07336311604297,437.76590868384545,446.3817152995183,55941300
2024-06-03,447.7156066894531,450.1363138301229,442.54808850150624,449.13840270768463,32997500
2024-06-04,448.9407043457031,450.13623754977164,445.7394289236358,447.45862792394274,23767400
2024-06-05,457.9913330078125,458.07036382987604,448.9803116462065,452.507661370221,33817400
2024-06-06,457.8332214355469,458.9892544596683,456.6673284046728,458.67307087921665,21966800
2024-06-07,457.4281311035156,460.17491196915165,456.3215186904431,457.467661590533,25829700
2024-06-10,459.2757568359375,459.6314708938704,456.01520042833266,456.3017436759834,20660800
2024-06-11,462.42767333984375,462.5462648024494,456.5092567926191,458.0012236295698,22053300
2024-06-12,468.48443603515625,470.80636221517653,465.658624284143,466.3502419815798,34532600
2024-06-13,471.0237121582031,472.6737707294216,468.7512067349177,472.01176323840133,25859000
2024-06-14,473.46417236328125,473.5333431716281,470.361677676087,470.8260628632491,23372600
2024-06-17,479.2640380859375,481.0425179080329,472.42674173146634,473.7309461963046,37054500
2024-06-18,479.41229248046875,480.0940501896612,477.6535626306648,479.21470034122336,24438600
2024-06-20,475.7169494628906,481.0227788796813,473.8890489544044,480.6078143162827,33918700
2024-06-21,474.4423522949219,476.77416848361605,472.9504156934659,475.440293517699,37456800
2024-06-24,469.0409240722656,474.9489647080891,468.90239278844956,473.21712735488444,37751000
2024-06-25,474.4047546386719,474.7016290052878,470.1889574276186,471.129109923321,29014700
2024-06-26,475.3844909667969,475.92880093044886,473.1677483971883,473.58337252856364,22737100
2024-06-27,476.611572265625,478.08612876340686,474.32554913110164,475.13704596869303,26222100
2024-06-28,474.1375427246094,482.1436072423702,473.49429478929665,477.4033117975724,34881600
2024-07-01,476.91839599609375,477.48245728594264,471.3171348061598,475.0579027852008,24898300
2024-07-02,481.9259338378906,481.9853087173538,475.2954570898636,475.4241127289852,26723600
2024-07-03,485.9437561035156,486.0724117323164,481.17377316359585,481.17377316359585,18064900
2024-07-05,491.0105895996094,491.44602546018973,486.4880122572662,486.7849168172166,28495900
2024-07-08,492.1783447265625,492.73253034096933,490.35744482196145,491.376753741408,22109400
2024-07-09,492.6039123535156,494.8107793015075,491.08979257688713,493.6925021081496,25614500
2024-07-10,497.739990234375,498.29417582384775,493.2174432132333,494.5237205593621,28046900
2024-07-11,486.82452392578125,498.05673460649984,485.6369961812132,497.8489225363497,49966600
2024-07-12,489.6845703125,494.43474194079687,486.9334234559476,487.398546818786,37109400
2024-07-15,491.0007019042969,495.8102781057871,488.9620840273778,491.4559193387255,31151400
2024-07-16,491.18878173828125,493.2669931402223,488.03188641552396,492.4554961793261,25950600
2024-07-17,476.7699279785156,483.72696575198995,476.70067742779014,483.21237345638946,56268800
2024-07-18,474.5135803222656,480.6690269613123,471.32699803901284,480.4909023481686,49347400
2024-07-19,470.30767822265625,476.6907485196248,469.0211824453809,474.17710163389285,42042900
2024-07-22,477.3142395019531,478.3335484183621,472.7520687745181,476.16627496100256,40300000
2024-07-23,475.63189697265625,479.40235260218805,475.1568979647483,476.41370644097475,23282500
2024-07-24,458.57080078125,469.2686064367645,457.70983493602466,468.9024513256549,58818600
2024-07-25,453.5138244628906,463.08347745644176,450.9012394618867,458.90727360561084,59256800
2024-07-26,458.1650695800781,461.0943407799324,454.9982686823399,457.848383450134,39992100
2024-07-29,459.0854187011719,463.05381067459047,456.8290828356766,460.8766312425985,28218500
2024-07-30,452.7814636230469,461.7177433745668,449.4365385646331,461.0151206590119,41317200
2024-07-31,466.1810607910156,467.8832111745304,461.56942044729703,463.01425954698885,44552100
2024-08-01,454.88946533203125,470.61453674967504,451.2476651158383,466.86389265459763,56653900
2024-08-02,444.0926513671875,448.86263428021607,439.85707252429887,446.21045588905764,66323200
2024-08-05,430.85150146484375,437.6996954353394,419.0552302659208,420.30213280152026,87483500
2024-08-06,434.96832275390625,442.4300770811271,430.04990284842074,432.6922054571562,63164400
2024-08-07,430.2577209472656,444.3400455113918,429.8618783945526,441.85608592677744,54929200
2024-08-08,443.41973876953125,444.3301736904715,432.6130580671069,436.48248198323597,47890100
2024-08-09,445.7354431152344,447.36831262214395,440.985241585035,442.10351876153544,33574000
2024-08-12,446.6953125,449.6542708226285,443.8946670246731,446.70521837827454,27795000
2024-08-13,457.7790832519531,458.0463003756158,450.9507011946519,451.08926269593627,40084500
2024-08-14,457.9275817871094,460.2828556615313,453.6425036465701,458.69948537304487,34733700
2024-08-15,469.4962158203125,469.89205835527173,463.51889387962433,463.89495485813296,38280600
2024-08-16,470.09991455078125,471.46559709537195,466.7549889446626,467.71492303753774,38383600
2024-08-19,476.275146484375,476.31473980211405,468.4571423782289,470.23847926625564,23737700
2024-08-20,475.2756652832031,477.9278438448903,473.5833906524261,475.36472760047764,29209300
2024-08-21,477.49237060546875,479.34295796614543,474.3453815043976,476.0574073595781,25658800
2024-08-22,469.92181396484375,480.50087108600786,468.89259906395546,479.8081238986909,37739600
2024-08-23,475.018310546875,477.72986373864114,470.3472959517967,474.2661885575702,36061500
2024-08-26,470.4066467285156,475.3943471900069,468.3284356861568,474.4740065086699,27452600
2024-08-27,471.8119812011719,472.8807591898748,466.81437423876616,468.7738357857168,27510000
2024-08-28,466.4580993652344,472.06923634933787,463.0340174366107,471.3468319839668,37372400
2024-08-29,465.7752685546875,472.9698061378377,464.4986483367516,468.36807210677364,41081500
2024-08-30,471.3270263671875,471.9504927515124,465.626826998042,470.1098112366977,33466500
2024-09-03,457.0171203613281,468.41754961460447,454.6420347086688,468.28892418329235,44985200
2024-09-04,455.82952880859375,459.62970181353774,452.9794443561613,453.9096909499647,32505100
2024-09-05,456.255126953125,460.53026908790207,453.18729411410754,454.20660310052904,34452400
2024-09-06,444.0332946777344,456.43325146305574,443.53848390385747,455.55247378914544,50624400
2024-09-09,449.7433776855469,450.73299918390046,445.15154963762876,448.35791362802206,32981200
2024-09-10,453.89984130859375,454.4045579828943,447.5365817441025,451.5049437765593,29680300
2024-09-11,463.7564392089844,464.4986553607296,446.5964054047374,455.13684408962206,57843000
2024-09-12,468.3086853027344,469.1201821772386,462.00480120861374,463.78610782015113,40067800
2024-09-13,470.4066467285156,471.584298645824,467.34872013511097,467.5763439362279,29111800
2024-09-16,468.32843017578125,468.94199062278676,465.0132225862614,468.27896118522233,22585600
2024-09-17,468.57586669921875,472.6432267020708,466.08203143235426,471.3468249743636,30084400
2024-09-18,466.54718017578125,473.8604676353551,465.9434953333067,469.7733560531388,39909200
2024-09-19,478.34344482421875,481.18368396372693,475.50323588556273,477.60122868202563,52782500
2024-09-20,477.43304443359375,478.6700714266331,473.33599653623736,477.4825134329736,34577700
2024-09-23,478.69854736328125,479.7886668451641,477.271487358506,478.60935989339436,24843000
2024-09-24,481.007568359375,481.9589315670274,475.85432326157445,480.10574366251944,25952600
2024-09-25,481.45355224609375,483.40584748164935,480.20486720146965,480.3832421383325,26549900
2024-09-26,485.0706787109375,489.26267065114985,481.43365111000253,488.93561973207926,32020200
2024-09-27,482.37518310546875,486.2302350383357,481.19587618082716,486.091478815064,22851100
2024-09-30,483.6833190917969,484.0202596018101,478.5796124436247,481.41389274489046,30281100
2024-10-01,476.9444274902344,483.61395044024334,473.109215140219,483.31665887950265,42735400
2024-10-02,477.61834716796875,479.53099347672526,473.42635462803594,476.0426111384499,23744000
2024-10-03,477.2615661621094,480.1949538329901,474.6849283697324,475.4281875265743,25337200
2024-10-04,482.9400634765625,483.4950278786583,478.0543806808698,483.0688998990654,30686600
2024-10-07,477.7669982910156,482.19682413323716,476.548042370329,481.0274369696279,24975100
2024-10-08,484.9021911621094,485.5859919062178,479.50119355544814,480.3039109083949,28272000
2024-10-09,488.7176818847656,489.29248592230044,483.5644363639998,484.6049871224668,24995000
2024-10-10,488.1627197265625,490.02582759216244,485.1302246664413,486.43836809249575,25750400
2024-10-11,488.92572021484375,489.94649172199814,485.7644194068518,486.32927332481586,20644500
2024-10-14,493.0285339355469,494.34656675942244,490.8086764455291,491.3140720656338,26060100
2024-10-15,486.4383239746094,494.0195609373264,484.2878142839425,493.35556948418406,34784500
2024-10-16,486.49774169921875,487.27072990851434,483.18776499565604,486.76530407206735,22996800
2024-10-17,486.8347473144531,492.0276416079537,486.7752890014201,491.97810309485703,27210700
2024-10-18,490.0258483886719,491.11596795664815,488.8663507019846,489.61952972045816,25335000
2024-10-21,490.9672546386719,491.7699720639436,486.894178959246,488.81674495745733,30336500
2024-10-22,491.5024108886719,492.9790396580823,487.5482818189782,488.301460782079,26685800
2024-10-23,483.9706726074219,489.80774860991164,480.69042485410046,489.1536769704334,39346600
2024-10-24,487.89508056640625,488.568961530818,485.04096090149875,487.6869462518437,22024900
2024-10-25,490.8681640625,495.7835760452956,489.98614869868027,490.68978912710674,38762100
2024-10-28,490.9473876953125,494.0393406046325,490.6500961629891,493.9798822981678,20477800
2024-10-29,495.6646423339844,496.84394921613693,489.4113580647336,491.2645459528903,28014100
2024-10-30,491.91864013671875,495.8529597761459,491.43305383710356,494.9015965333086,29756000
2024-10-31,479.5012512207031,488.00412245137545,479.40214395365643,487.954583939498,41245200
2024-11-01,483.04901123046875,486.3391785967361,480.83907364624326,481.1363651731337,33655800
2024-11-04,481.641845703125,484.9815519553387,479.8976545652101,482.4445631601672,23291600
2024-11-05,487.78607177734375,488.450063211135,483.13822247067543,483.2274099331328,24353600
2024-11-06,501.0359191894531,501.8584762261197,495.10968577343385,496.0610489877298,43082200
2024-11-07,508.92437744140625,509.7073157816337,503.77113220784673,503.83059051968576,32853100
2024-11-08,509.51898193359375,510.29193992816494,507.8044898484447,508.4288323181187,22924500
2024-11-11,509.2217102050781,510.94606166969805,506.3279414175583,510.7379273428509,24167500
2024-11-12,508.3000183105469,510.0342895835151,505.24771417717085,509.1523347344934,25835300
2024-11-13,507.6460266113281,510.3514707063744,505.3667105266914,507.7947026439167,24567400
2024-11-14,504.11798095703125,508.1811066415075,503.2062364575977,507.30904134011206,28679500
2024-11-15,492.10693359375,498.8061554755535,490.0456112891242,498.4196764454938,51461100
2024-11-18,495.52587890625,497.62685004551037,492.2654707437731,493.652881689858,27080800
2024-11-19,498.9349670410156,499.4205835584643,492.612304704476,492.94927544853863,24523000
2024-11-20,498.6476135253906,498.9548248827178,492.0970072679585,498.63769372570533,29565500
2024-11-21,500.44134521484375,502.4035299899302,493.088021478257,501.6900000053646,34526700
2024-11-22,501.24407958984375,501.97741895532835,498.2611231276005,499.88639768637404,23826600
2024-11-25,502.036865234375,506.8532002381663,499.727820122481,505.3171131868859,26375200
2024-11-26,504.732421875,505.5549789384047,502.6711298031389,503.51346597969416,26557100
2024-11-27,500.7583923339844,503.67197027101724,497.41868646059413,503.60262241026015,24957400
2024-11-29,505.1585388183594,505.75315217485644,500.7683621205399,501.3827848330466,15334000
2024-12-02,510.65863037109375,511.6199436122003,506.03062055439545,506.417129810714,25147200
2024-12-03,512.2244262695312,512.5019386948712,508.7558838722561,509.3306878343324,18597900
2024-12-04,518.5570678710938,518.8147407281132,514.9299292457346,515.6434895026028,26086200
2024-12-05,517.1201171875,519.330055223799,516.7336078801881,518.6066356126173,18169600
2024-12-06,521.748046875,521.9858801083601,517.6551619389516,517.7839983547849,23762600
2024-12-09,517.6849975585938,521.6192872606202,516.5353894459821,520.8264895371643,20674400
2024-12-10,515.9208984375,520.6579655236552,514.4938385293885,518.9137744707876,24350000
2024-12-11,525.1571655273438,525.8409663614733,519.8751140774373,520.2814024633593,32168600
2024-12-12,521.7678833007812,524.2057949010591,521.2922168369533,522.9372703487448,23577500
2024-12-13,525.76171875,528.3779449247531,522.5607082907461,525.6923406392922,28780400
2024-12-16,533.3330078125,534.3042408794819,528.2094917796982,528.2887896903175,31979900
2024-12-17,530.9843139648438,532.6492071689107,529.3293405604305,531.5392783661994,28579100
2024-12-18,511.82806396484375,532.0546577112797,510.381224801886,530.3402258870792,54703200
2024-12-19,509.5487060546875,517.0705149732767,509.21179579232137,516.5056307829288,46441800
2024-12-20,513.9982299804688,520.1028974484097,504.71248311633434,505.85214080709005,60530000
2024-12-23,519.006103515625,519.3833002478667,512.3159202923702,515.7106302984251,29672800
2024-12-24,526.0437622070312,526.1330632045123,520.3163815436208,520.9516666586724,17558200
2024-12-26,525.686279296875,527.3141743842485,522.4206139118845,524.4157698857358,19090500
2024-12-27,518.6983642578125,522.559632331355,514.0330843757536,522.1228814363513,33839600
2024-12-30,511.79974365234375,515.5220319966776,508.04767821293757,511.7005068634762,34584000
2024-12-31,507.4521484375,513.8345947756108,506.4893152844088,513.0802618771279,29117000
2025-01-02,506.4595031738281,512.8221380642742,501.9728857721829,510.49940358547883,36389800
2025-01-03,514.7478637695312,515.8099640553276,508.7425836013159,509.55647072922574,29059500
2025-01-06,520.6636962890625,524.0187233784725,518.1722957509822,520.1475802181556,36109700
2025-01-07,511.3728942871094,522.1030076792526,509.4869713360559,521.7059999662438,36690300
2025-01-08,511.46221923828125,513.0999895323981,506.7969397096138,511.2736208982677,30777800
2025-01-10,503.4419860839844,507.799529251394,500.1961615298894,507.700292461824,40532500
2025-01-13,501.8240051269531,502.28059733248006,496.00732395497107,497.4962392396563,31694200
2025-01-14,501.3475341796875,506.39001083545065,497.88333436019064,504.9804910575475,33737200
2025-01-15,512.8817138671875,514.0231792721111,507.680415704871,509.2388513156959,34957600
2025-01-16,509.2884521484375,515.2242416848954,509.15940797728683,515.144815906314,28229000
2025-01-17,517.8843994140625,520.1971979799845,509.3181691473964,518.9861821179226,51837900
2025-01-21,520.9218139648438,522.0831509199561,516.2168513724278,520.6041714349437,23628000
2025-01-22,527.5822143554688,529.8751413083515,525.3488415863966,525.6565483001042,33593000
2025-01-23,528.7039184570312,528.8230268358762,524.5448792406889,525.1304853393235,23096600
2025-01-24,525.7161254882812,529.8453571094432,524.2470818339253,529.0810884811151,19878300
2025-01-27,510.41015625,514.1621916220109,506.3801306258622,507.2238554261772,60771700
2025-01-28,517.9539794921875,519.1351881754546,507.9980993704096,511.4126509421013,33194200
2025-01-29,516.981201171875,518.7282048637726,513.0802502522747,518.5991606876129,26649000
2025-01-30,519.1846923828125,522.2121410225601,514.380493502768,519.8398489654351,27431300
2025-01-31,518.4303588867188,527.5921922182381,517.3385119017584,523.0261489535886,38755200
2025-02-03,514.28125,517.000992221849,507.27342449560086,509.6755241871737,40580800
2025-02-04,520.59423828125,521.2295233442737,514.4003603770645,514.7974286874838,26046800
2025-02-05,522.9566650390625,523.11551659981,516.7727228160936,517.9638671852232,21134100
2025-02-06,525.686279296875,525.8947492260023,521.8548188906348,523.4628423892975,19434500
2025-02-07,519.0557250976562,528.1678797493125,518.3311390158517,526.2224024701397,29605500
2025-02-10,525.3388671875,526.440649799091,522.8573420708846,523.3238397124358,20852800
2025-02-11,524.0882568359375,526.0039872775455,521.9442454321847,522.0732896066455,19325500
2025-02-12,524.3959350585938,525.2793726405877,518.0928847804781,518.4402741025981,25009400
2025-02-13,531.9397583007812,532.2573402077036,525.2793229514261,526.0634630928408,28714800
2025-02-14,534.1731567382812,534.8580601398642,531.7114424599516,532.0489565555039,17862600
2025-02-18,535.3841552734375,536.0095045421328,532.078746365208,535.7414804029439,20565000
2025-02-19,535.5331420898438,536.8135875991883,532.4957569178074,534.5901501639886,19666900
2025-02-20,533.260009765625,535.1161861718319,528.5252998523972,534.7489252091573,26550800
2025-02-21,522.1924438476562,534.4214100198424,521.8251828832033,534.4015384269126,47093800
2025-02-24,516.0281982421875,525.1602231091551,515.6907447415672,523.979014688761,39268400
2025-02-25,509.5266418457031,515.4823026566079,505.6753096745888,515.4028768822437,48940000
2025-02-26,510.75750732421875,515.8197951624629,507.59107833039616,511.7203707318304,34457600
2025-02-27,496.5730895996094,515.2341793751592,496.35471414579564,514.3011233717788,52448000
2025-02-28,504.4147644042969,505.02024211700774,493.2578045883236,496.4341695072467,47654000
2025-03-03,493.3768615722656,509.2486881332856,489.93250314963643,507.73993161461107,44587200
2025-03-04,491.8879699707031,500.0174498903787,484.1356867718227,490.5280988504062,67875400
2025-03-05,498.30023193359375,499.9082555325708,487.6296728031353,492.5331693757525,46323700
2025-03-06,484.59234619140625,494.895615354215,482.60712565033873,490.04176688317693,57574300
2025-03-07,488.15576171875,489.6347411717219,476.9789615630039,483.5599718062666,54714700
2025-03-10,469.23663330078125,480.39356231594445,465.1967024947357,479.8774159142813,76668000
2025-03-11,468.1149597167969,475.27167052229146,463.5588826960084,468.8594173402994,68760800
2025-03-12,473.39569091796875,477.50508157643935,468.3035955192933,475.61912817116786,46971100
2025-03-13,464.8790588378906,472.760386273074,462.98316971511383,472.7306091786664,46563300
2025-03-14,476.11541748046875,477.00876061202655,469.62373821824536,470.2292461988736,43563000
2025-03-17,479.202392578125,482.2497130174167,474.2691189068619,476.06574086012523,41744400
2025-03-18,471.0332336425781,476.0657441300447,468.9189691557921,475.86724027334935,39072300
2025-03-19,477.3363342285156,481.74349565345614,471.3608014299573,473.28646764378425,40430300
2025-03-20,475.7183837890625,480.96927004322396,472.6611273475336,473.35596661844284,36780500
2025-03-21,477.28668212890625,478.0509810732746,469.4152905592447,470.57662752286865,42234900
2025-03-24,487.7604064941406,488.60538941404207,481.5373907904982,484.8576491349716,34567200
2025-03-25,490.5438537597656,490.70291186860106,487.5218407035887,488.4861096315565,26035200
2025-03-26,481.5174865722656,490.2455985952576,479.9667080597325,489.3906651224751,34627100
2025-03-27,478.7738342285156,483.70451433059617,477.41193517577676,479.5591741727875,33469800
2025-03-28,466.16876220703125,477.6803158784236,465.2840071747282,476.9745201773356,46363800
2025-03-31,466.14892578125,467.08334293131804,454.62739030879317,459.1902923533091,53000300
2025-04-01,469.9065856933594,470.8310825660288,461.6755176682955,464.538472789733,41156200
2025-04-02,473.3361511230469,476.7260031222664,463.1069521266998,463.3654253458386,49894500
2025-04-03,447.996826171875,457.35122137143543,447.47991003581626,453.7426680201873,70456300
2025-04-04,420.1722412109375,437.76762470061965,420.1722412109375,435.5508223213529,117088400
2025-04-07,421.1861877441406,440.52125924890055,400.01207316550386,406.24500940343484,161557000
2025-04-08,413.60125732421875,440.52124286102435,407.3683213181599,435.5706616527368,101248100
2025-04-09,463.24615478515625,465.0653269802432,412.97499289588256,413.1141801222823,142876900
2025-04-10,443.5432434082031,452.89763762867176,430.07333074405074,450.8796353482819,108384100
2025-04-11,451.7146911621094,453.09649143953806,438.7219217931667,442.0223093443537,52483800
2025-04-14,454.7764587402344,462.3016995424442,449.9551145335882,461.7151898835039,43941200
2025-04-15,455.283447265625,459.6475186324782,453.454324591476,455.83021518157193,35404200
2025-04-16,441.5550842285156,449.94520996662885,435.17304059444126,446.37642892854547,48980600
2025-04-17,441.4755554199219,445.103979334769,438.75172707786896,444.5274202476084,44837000
2025-04-21,430.5505065917969,436.48522787937225,425.40112526573694,435.64027525418857,44149300
2025-04-22,441.85333251953125,444.9349886334612,435.03385628214005,436.22677695266526,52304400
2025-04-23,451.87371826171875,460.6416026468302,450.2036537132872,455.46240028946823,55801100
2025-04-24,464.5881652832031,464.89633088737224,453.1362241937562,453.78240723852906,45956100
2025-04-25,469.7673645019531,470.29423120888106,462.63975320893314,464.2104027176438,38697100
2025-04-28,469.6182861328125,472.0040972114499,463.2759840321813,470.2346173749268,33550800
2025-04-29,472.7198181152344,473.6045731544733,466.8149185696458,467.3915080044207,30613100
2025-04-30,472.6601867675781,474.37997416490805,459.697238824554,464.36947606745446,46810600
2025-05-01,478.8334655761719,484.30096287876717,477.89901815565884,480.5532529218463,43316500
2025-05-02,485.94122314453125,488.00894827712347,481.9648613296433,483.66477784831574,39218100
2025-05-05,483.058349609375,486.14003597307794,481.2391774925475,481.73622270162116,28309500
2025-05-06,478.5650939941406,482.1835675083398,475.36412148604,476.7260205679887,32786300
2025-05-07,480.4438781738281,482.9291041737698,473.9624196873836,479.2310866723673,38006300
2025-05-08,485.4044494628906,489.7883921245775,481.3088015351198,485.6430214704163,39577600
2025-05-09,485.0863037109375,488.63521379310254,483.326774588034,487.31305654497106,27767400
2025-05-12,504.8488464355469,504.88861854839246,498.51649505607935,503.99391286415016,45090600
2025-05-13,512.543212890625,514.3325638836975,505.41556974916824,506.15118710497205,53269600
2025-05-14,515.6148071289062,516.1615447200978,512.7021295054291,513.7161211405411,47014500
2025-05-15,516.181396484375,518.845551249811,512.1254910070218,513.46754933804,50153300
2025-05-16,518.4281616210938,518.6170412486316,514.0441884093638,517.5831482665423,48394600
2025-05-19,518.9251708984375,519.442117353632,511.2010686059385,511.2010686059385,52536200
2025-05-20,517.1954345703125,517.8515075410328,513.6067220946634,516.4001137065187,42517600
2025-05-21,510.0080871582031,519.9092488061895,508.21873667770086,513.2190402211261,71292800
2025-05-22,510.9624938964844,514.6505913275334,509.27252798800356,510.62447644500173,55607200
2025-05-23,506.2305908203125,508.8152319544728,502.59221627823973,503.1886765918508,58368100
2025-05-27,518.1398315429688,518.626986864166,511.54906721801433,513.0998460017336,47226300
2025-05-28,515.8433837890625,520.5852140545883,515.3264980787542,519.0940785672615,46637200
2025-05-29,516.857421875,523.3687019543887,514.2628604553026,523.2196247969079,58513300
2025-05-30,516.0422973632812,517.6030267064441,508.9047349583655,516.3703642123456,67662800
2025-06-02,520.1180419921875,520.3566139720011,512.9207767791972,514.1832909592489,44762800
2025-06-03,524.1838989257812,525.6153916465726,519.6011563664897,520.4660102317107,44070300
2025-06-04,525.6452026367188,526.708886650537,522.8617009643712,524.8896842213366,41359300
2025-06-05,521.6886596679688,529.8998557728775,519.5712423411791,527.0468212855055,61031200
2025-06-06,526.7883911132812,528.6572860020211,525.0885352856423,526.8679353376542,42467000
2025-06-09,527.5638427734375,529.2040557008712,525.8838273941709,527.0071545180014,33688700
2025-06-10,531.052978515625,531.7389032205542,525.7644110626619,528.0309052999579,40664800
2025-06-11,529.2636108398438,533.6078414430042,526.9772151943893,532.4546626717411,53701000
2025-06-12,530.5062866210938,531.4805365276557,527.703004925698,527.9515275399644,34104900
2025-06-13,523.845947265625,528.7269048823287,522.6231747023902,524.5616632957901,55814400
2025-06-16,531.1326293945312,532.2062642001805,527.3153555791812,527.3650479728419,37622100
2025-06-17,525.953369140625,530.1782533672921,524.7902396796701,528.5678317630843,42180900
2025-06-18,525.8638916015625,529.4028511373086,524.2833217813045,526.9673174269449,43983500
2025-06-20,523.7166748046875,530.4068839390565,521.7781863439574,529.1145785233912,61643500
2025-06-23,529.1017456054688,529.6192118620138,521.1400908129034,524.2849177292203,50666100
2025-06-24,537.1928100585938,538.1083833993794,533.6996241180443,534.3166475371182,45442000
2025-06-25,538.5661010742188,540.7058200544818,536.7946645040316,539.4618115177252,44804200
2025-06-26,543.6018676757812,544.0497229160504,538.9244439782782,540.7456288167091,43811400
2025-06-27,545.4629516601562,547.3538082383178,541.9299187322695,544.6369129629151,57577100
2025-06-30,548.9959106445312,550.150323841353,546.3785118204822,548.6177271894713,45548700
2025-07-01,544.3682250976562,548.0704264374054,542.0493759591154,547.0950823478822,56166700
2025-07-02,548.159912109375,548.3589656247289,543.5023514145969,543.5421378206258,36538300
2025-07-03,553.5538940429688,554.5292380064824,550.5284872552298,550.5284872552298,26443500
2025-07-07,549.3840942382812,551.6830197478901,546.9458251844275,550.8669428006658,45349300
2025-07-08,549.692626953125,551.3546055319305,548.4585193260065,550.7276203014773,36153300
2025-07-09,553.5838623046875,554.9572527460838,550.4489361357153,551.8223265771115,43045500
2025-07-10,552.7876586914062,554.6287670725607,550.1005880395711,554.2207589895446,34710900
2025-07-11,551.5436401367188,553.1259849885996,549.4039211443059,550.6479296881262,39618600
2025-07-14,553.5440673828125,554.280510790838,548.9860026438791,551.3346764161255,36453300
2025-07-15,554.051513671875,558.1119745200461,553.9918036921638,557.5646229155932,43277700
2025-07-16,554.6187744140625,557.524821997974,548.9162589009651,554.6088733698717,52314700
2025-07-17,559.107177734375,559.6147429299454,554.5392124594489,555.3453275516479,40423800
2025-07-18,558.56982421875,562.0231629422733,557.2959302535468,560.4208944407413,50484700
2025-07-21,561.4658813476562,563.3468370391857,559.3660092861638,559.3958946507648,39595200
2025-07-22,558.5598754882812,561.6449925970527,555.9325146805868,561.5952444003194,43270600
2025-07-23,561.1076049804688,561.1473913894928,556.897899192682,559.644679980569,40215300
2025-07-24,562.3018188476562,563.5259038068097,560.590031519654,562.4212388074466,42275500
2025-07-25,563.6552734375,564.9789154964288,561.5653634434884,562.2221732082169,30630800
2025-07-28,565.4168701171875,566.3125198933016,564.1529379000713,565.0187630549528,31498700
2025-07-29,564.5410766601562,569.3678058353573,563.8145950597007,568.0243008153843,45463300
2025-07-30,565.2974243164062,567.88493787487,562.3416283337683,565.4566306884598,43433800
2025-07-31,562.3018188476562,571.8757036606775,561.1672684870435,571.7861083195327,64613600
2025-08-01,551.2252197265625,556.3405979294319,549.0357523301388,556.1515061828632,69400800
2025-08-04,561.3961791992188,561.6151562999452,556.2709001900665,556.3703965814645,47669800
2025-08-05,557.5845947265625,563.8444243211386,557.047144120063,562.6800492447384,48666600
2025-08-06,564.6007690429688,565.0386624956789,557.9428326498341,558.4205125100245,41823700
2025-08-07,566.5115356445312,570.5719965866228,562.4013265086303,568.9298809926769,44463000
2025-08-08,571.796142578125,572.0151196938974,567.4172684314073,567.7158183687225,35255500
2025-08-11,570.104248046875,574.0353274481827,568.8304148017489,571.9354554685915,33112900
2025-08-12,577.2696533203125,577.5682031916888,569.7458928486383,572.4030778177848,42143300
2025-08-13,577.558349609375,580.5240464797514,576.165035771658,579.9667330931853,41209300
2025-08-14,577.110595703125,579.091047893356,575.1400445589929,575.5083270283026,45425000
2025-08-15,574.57275390625,577.060771050305,572.811218330625,577.0209239007323,49480200
2025-08-18,574.3438110351562,575.0006815724842,572.4827790837365,573.67703945311,29831000
2025-08-19,566.5513305664062,573.7964041556768,565.5262384524466,573.6272360152775,53752600
2025-08-20,563.1876220703125,565.7253875756548,556.1614636230435,565.6059676042936,76781100
2025-08-21,560.5802001953125,563.774775630925,558.2911756152315,561.6450181787756,46436900
2025-08-22,569.2284545898438,571.238791941298,560.5702032580724,561.9634564557491,51502100
2025-08-25,567.58642578125,570.542161218221,566.4319517221652,567.6660593438861,34044700
2025-08-26,569.8654174804688,570.1739291946637,566.0736815609588,567.0987738406898,34103000
2025-08-27,570.7412719726562,571.656845435623,567.6362308872759,568.8504150544121,36927100
2025-08-28,574.3140258789062,575.2295992365423,569.7161747720991,571.3582297430389,46787900
2025-08-29,567.666015625,572.273828233091,565.8148847062891,571.9055458127416,56030400
2025-09-02,562.9089965820312,563.2572947461856,556.8581208195213,558.6196567038037,65876800
2025-09-03,567.3375854492188,568.9597775003773,564.0135677896833,566.5015849549442,54230200
2025-09-04,572.472900390625,572.8411221194266,566.302665614699,568.0044307011564,47526300
2025-09-05,573.2988891601562,578.3346336864022,568.7906334517568,577.7076484747704,68342500
2025-09-08,576.0953979492188,578.0559870759845,575.0006946855148,575.5977945125156,46371400
2025-09-09,577.7276000976562,578.155531799883,574.2742003720782,576.8915995273586,44007600
2025-09-10,577.9166870117188,580.9719796320359,575.7769677758832,580.942094267134,49308000
2025-09-11,581.2803955078125,582.0765487866307,578.8321649514098,580.4443950823623,44745800
2025-09-12,583.8480224609375,585.0422828265267,581.3002953608963,582.2357922273038,50745900
2025-09-15,588.843994140625,588.9534523182087,585.4702282697297,585.6195335974215,44360300
2025-09-16,588.346435546875,590.0183759284616,587.6597403238472,589.7695741917504,36942100
2025-09-17,587.1720581054688,588.9136701422223,581.5690385221046,588.2667613743852,69384800
2025-09-18,592.4666137695312,595.2731046813599,590.1179399259114,592.0585449007204,61069300
2025-09-19,596.4771728515625,597.173829761915,592.9939490424024,594.4668964152456,58196100
2025-09-22,600.0083618164062,600.6759063866804,595.5446250028239,595.56457167487,57154800
2025-09-23,596.02294921875,600.3770403666388,594.8073576106723,600.1777560752951,64635500
2025-09-24,593.9305419921875,597.7167610032964,591.2005236200914,597.3979183069385,49850300
2025-09-25,591.3699340820312,592.9541133753095,586.358211090951,590.0447574609248,70920200
2025-09-26,593.801025390625,594.1298414316656,588.9089213733314,592.1869260081028,54337400
2025-09-29,596.5509643554688,599.858888854889,595.2357610619866,596.929586249639,48332900
2025-09-30,598.18505859375,598.5238479838199,593.9305790157047,596.2521164355429,46533800
2025-10-01,601.0545043945312,601.592517201177,594.1696797218984,594.9966151966095,46899600
2025-10-02,603.5254516601562,604.9502399376884,600.7356543050928,604.8506282086944,43765400
2025-10-03,600.9848022460938,605.1197232184186,599.2013385970163,604.3027001978111,46482100
2025-10-06,605.498291015625,607.1422494333636,603.7645725777412,606.2355880916678,41962100
2025-10-07,602.3099365234375,607.4910236381941,600.835342343377,606.8035324139453,58209500
2025-10-08,609.2147827148438,609.5236520962168,603.0572809483214,603.2066985640004,50629800
2025-10-09,608.4774169921875,609.3840783602061,605.2691043090726,609.2545466200572,45551000
2025-10-10,587.3546142578125,610.9484275974415,586.9062397942465,609.174937229752,97614800
2025-10-13,599.8190307617188,600.7556121211176,595.056398092238,597.497493628088,65872600
2025-10-14,595.8236083984375,600.4965418065246,587.98225574158,593.1433960886728,69203200
2025-10-15,600.0281982421875,604.4919346880256,593.761112515483,601.8117224786903,62805500
2025-10-16,597.8063354492188,606.0960622285921,593.3326864685649,602.9076964191378,70982000
2025-10-17,601.7320556640625,603.306322454893,594.1995718879336,595.7738386787643,72024900
2025-10-20,609.3142700195312,610.5696939626,604.8605678351395,604.9303203667564,45761700
2025-10-21,609.1549682617188,610.4900574537519,607.1024677916307,609.41403175621,44538200
2025-10-22,603.286376953125,609.1848147458128,597.5573034367524,608.5969960402966,61478800
2025-10-23,608.3578491210938,609.1449520725764,602.3199065464308,602.7084409478078,42844300
2025-10-24,614.8540649414062,616.1692681518385,612.8912638677524,613.7481193370727,47632500
2025-10-27,625.8041381835938,626.262425126202,621.7589166953564,622.2471236453642,54098600
2025-10-28,630.6165771484375,632.3701816547181,626.9599505234498,628.0658962701283,61195700
2025-10-29,633.4562377929688,634.6917152842577,627.9563074763624,633.2769001713006,67422800
2025-10-30,623.7715454101562,631.1944440896802,623.6619603385896,629.869267455657,61628600
2025-10-31,626.7805786132812,631.8919134270566,624.4092354874234,631.8619934183905,66305100
2025-11-03,629.7796020507812,633.5059808284601,627.5576766411583,632.7985429356352,37154300
2025-11-04,616.996337890625,624.6683271251044,616.2092348629542,621.0117005353788,63830800
2025-11-05,621.01171875,624.3195827183903,614.9638020768305,616.2391121345779,48688500
2025-11-06,609.4439086914062,619.7761638844125,608.078899450419,619.5270737190788,72115100
2025-11-07,607.5209350585938,607.7301926884926,596.4912153281726,606.0961466218313,81835400
2025-11-10,620.9618530273438,622.037939599601,614.6449603115116,616.6675408883244,55919900
2025-11-11,619.307861328125,620.4536395227035,615.2726130875191,618.3115007347396,44868800
2025-11-12,618.8196411132812,622.5858524528388,615.5615225825271,622.5659665942537,47444400
2025-11-13,606.1858520507812,615.8704485105809,603.8742880136988,615.2925422980531,71333600
2025-11-14,606.6441040039062,611.1177533949825,594.9966460866717,597.3679891941105,80087300
2025-11-17,601.4630737304688,610.2509824067986,597.686888568112,604.0934805750228,63850400
2025-11-18,594.1397705078125,600.1179339423381,589.1878876531316,597.4377215700049,83327300
2025-11-19,597.6868896484375,603.9539765734731,592.4261367628516,594.897091844488,73111500
2025-11-20,583.5385131835938,611.7953468701894,582.6218784315797,609.3940836964333,117743200
2025-11-21,587.9224853515625,594.807310091711,578.6264242609341,585.3319113971087,103344200
2025-11-24,602.9575805664062,604.4720682054578,592.9939741263881,593.1135933516537,60168100
2025-11-25,606.6740112304688,608.0390203669549,595.1461119637967,601.3135864178203,57560900
2025-11-26,612.034423828125,613.9474190856081,608.1685399702174,610.2808195033393,42393600
2025-11-28,616.996337890625,617.0660904342964,613.1802595402138,613.8677508272276,23034400
2025-12-01,614.923828125,617.1855860502521,610.2907880213397,611.3967336448243,40957600
2025-12-02,619.736328125,621.4799592732617,615.3424043891131,617.2055939510703,54541800
2025-12-03,621.2507934570312,621.9481972408511,615.7807833814271,617.3649627124794,47841600
2025-12-04,620.6729125976562,622.665633919662,617.285262025035,622.6556605829674,47067800
2025-12-05,623.20361328125,626.6310962033638,621.440096358939,622.1076409382764,53614200
2025-12-08,622.008056640625,626.5514587784469,619.42745579579,624.9273860516373,43462400
2025-12-09,622.7752075195312,623.5922305440594,618.7399590794447,620.7426537012356,37156000
2025-12-10,625.3258666992188,626.920080160108,618.7299643381673,621.5795410824109,55031400
2025-12-11,623.3032836914062,623.5025679748155,615.4718431258982,621.5496792982444,58272800
2025-12-12,611.3868408203125,621.2707218227131,609.1350559341882,619.8160741378235,75158700
2025-12-15,608.3179931640625,616.1693197420918,607.102462393675,616.1195138735233,49538200
2025-12-16,609.5235595703125,611.2771638485672,604.7011478051123,606.0462710202155,55152800
2025-12-17,598.224853515625,611.4167192166101,598.0953825829183,610.8288396926666,70654300
2025-12-18,606.8932495117188,610.6993546715539,604.7112171529216,607.5807408251216,78875800
2025-12-19,614.8042602539062,615.372193060386,609.6431199441153,609.722845815118,60369800
2025-12-22,617.7513427734375,620.1855972768566,616.3147325600856,619.8862552767364,43703100
2025-12-23,620.6444702148438,620.9437513214359,616.3247143117193,616.7437078609482,41120400
2025-12-24,622.4602661132812,622.8094781897531,620.2554500580117,620.524833532521,18468700
2025-12-26,622.4202880859375,624.0464530908596,621.672054895625,623.1884327551913,28959800
2025-12-29,619.4074096679688,621.312944373981,617.2724362589381,618.6392040742111,32458300
2025-12-30,617.9707641601562,620.7142858196408,617.7612369489017,618.3798323976478,31226800
2025-12-31,612.8628540039062,618.4995685313527,612.6034567489972,618.1903012408169,40746500
2026-01-02,611.6757202148438,621.3827805917631,608.7127456204436,618.5993746796253,61859200
2026-01-05,616.5341796875,619.3475438678657,615.2671519649484,617.8610636312775,46828400
2026-01-06,621.951416015625,622.550039153126,617.0829067758982,617.7712838046286,43137500
2026-01-07,622.550048828125,626.4607976434537,621.0934661514185,621.5723159557587,44880300
2026-01-08,619.0083618164062,621.9514248328863,616.3446684463296,621.5623898130801,50435900
2026-01-09,625.173828125,626.4108973206594,617.6016810573577,619.946120817708,49688700
2026-01-12,625.6925659179688,627.368601054656,620.7941591397378,620.8440291770474,37388700
2026-01-13,624.7647705078125,627.9871421828441,622.2307758506613,625.7923733874012,44481400
2026-01-14,618.0905151367188,621.9813522711377,613.1122798122711,620.7741807448011,72598700
2026-01-15,620.3153076171875,628.5159146085045,619.2877047511574,625.1238996016858,53934900
2026-01-16,619.7965087890625,624.6051616315584,617.4221104790464,624.0265108868263,61058100
2026-01-20,606.6276245117188,613.611135001854,605.6199939698072,609.0918377338978,81988900
2026-01-21,614.8282470703125,618.958448118544,606.4280383777512,608.0342310571399,79837900
2026-01-22,619.2976684570312,620.9936758988773,616.3247080096578,620.8838887514372,42254800
2026-01-23,621.2530517578125,623.9267921630139,617.1926928942361,618.2701049354484,43645800
2026-01-26,623.9866333007812,626.1315320367429,620.654474506515,621.7419335987944,35983000
2026-01-27,629.6432495117188,630.5510790290263,625.8621995501378,627.428447510711,38997200
2026-01-28,631.7283325195312,635.1003753282191,630.3216807638972,633.9631070350727,50691700
2026-01-29,627.947265625,632.1772678570734,616.8135816536253,631.159712042883,79944000
2026-01-30,620.4050903320312,626.780052376051,617.8411370320566,624.2360714484229,65650700
2026-02-02,624.6650390625,627.0094788951942,617.2026180242116,617.2425627681274,49020300
2026-02-03,615.0676879882812,628.4959413976924,609.5207880738473,626.8199062679399,81234000
2026-02-04,604.3230590820312,613.6510093064408,599.0554677378625,613.5712416010163,81850700
2026-02-05,595.6236572265625,603.3852988890579,593.3589849842447,598.7961590682759,89354500
2026-02-06,608.2138671875,609.9696699932801,597.3594924154261,598.7761302609774,78019300
2026-02-09,612.8728637695312,615.0078372205985,603.6446538426547,606.1088060763491,56797600
2026-02-10,610.029541015625,615.566515685603,609.5706636004911,613.8605219833995,53938900
2026-02-11,611.6657104492188,616.0653561148772,606.2584951427149,614.9280269463444,58575100
2026-02-12,599.22509765625,614.3593449076634,598.1576109292407,613.2619605146361,81378900
2026-02-13,600.5020751953125,605.0513310342399,595.0150312237765,599.0155948438262,69237500
2026-02-17,599.8834838867188,602.527265543405,591.9422745141455,596.9703796848319,69013800
2026-02-18,604.3629150390625,608.3335807359596,599.3048511606997,600.691591343514,64250700
2026-02-19,602.0484008789062,604.3929016136949,599.3348375008546,601.3899824064425,60960800
2026-02-20,607.3758544921875,608.912204870808,597.818404566386,598.7063226521155,74127300
2026-02-23,599.9932250976562,606.5777139403463,597.6387991893799,605.1809875790976,63859100
2026-02-24,606.4380493164062,607.5554060860559,598.3172099190714,600.9809641013653,55023700
2026-02-25,615.227294921875,615.3769659271486,609.5606824638733,609.6305248735758,55710700
2026-02-26,607.8048095703125,614.1398874724765,602.5571907580546,614.1398874724765,96178900
2026-02-27,605.859375,606.8869778398549,600.7714135107487,601.5595305738112,68125200
2026-03-02,606.6575317382812,608.4831769130049,596.5812880631398,597.449233707877,75264600
2026-03-03,600.1629028320312,602.5373012472795,590.4757543096065,594.925270014521,97015500
2026-03-04,609.311279296875,611.4362666076488,602.0085154373871,602.7367763187228,70943900
2026-03-05,607.4755249023438,611.316491745462,600.8412272682934,605.9691332548557,89602400
2026-03-06,598.337158203125,604.5724349663923,596.9205203720956,598.8958365654587,86302300
2026-03-09,606.3283081054688,607.8347607375977,589.9370196014203,592.83015152989,93068200
2026-03-10,606.3383178710938,611.8452732023572,603.9938171455258,606.3483040570791,64078900
2026-03-11,606.2584838867188,610.9873082570145,603.6047767674571,607.5155254821397,60114800
2026-03-12,595.8530883789062,602.7168865412752,595.6435611395323,601.3401324342583,71836600
2026-03-13,592.3213500976562,602.1780807449821,591.1740956767717,598.3172021392496,63145500
2026-03-16,598.9656982421875,602.4374809704295,597.6986704778886,598.6264723831473,49077200
2026-03-17,601.8887939453125,604.4727195335382,600.4521836848432,601.7192114600242,47106600
2026-03-18,593.4986572265625,601.7391485345295,593.1594313501803,600.0730994941966,56128000
2026-03-19,591.623046875,594.3964663870662,585.6970372512312,588.1213056121308,75597600
2026-03-20,580.6888427734375,589.777367794347,577.177115328303,589.6676415345306,91964700
2026-03-23,587.3545532226562,594.426798587646,585.316814476339,589.8718065319924,89936100
2026-03-24,583.3389282226562,587.2846043834495,581.291190762444,584.168034177979,57750900
2026-03-25,587.1747436523438,590.7208345412774,585.0470769253521,588.4933019738706,60475500
2026-03-26,573.1600952148438,583.9882223389391,572.8005050402526,581.9604215239336,81492100
2026-03-27,561.9624633789062,570.3932010852176,560.953562318283,570.1834096572744,82702200
2026-03-30,557.6671752929688,567.4264087803426,554.990063621082,566.7571613464482,70602600
2026-03-31,576.54638671875,578.0048059355398,563.5906539497258,563.6705222317372,95878000
2026-04-01,583.6685791015625,587.0948065489223,579.7828346644924,580.8416686249938,79435100
2026-04-02,584.3378295898438,585.4066623334502,571.2921684003409,573.3399058573888,50941700
2026-04-06,587.85400390625,589.9616731281693,584.04818857967,585.5864761740653,35108500
2026-04-07,587.9439086914062,588.33343423744,577.7650922119919,584.9971348275072,49948200
2026-04-08,605.4246826171875,609.2304976949432,601.4590090396181,608.0418015962135,63086000
2026-04-09,609.5202026367188,609.8298599139192,602.3680889271087,605.2648690435934,37837500
2026-04-10,610.3992309570312,612.9963525292593,608.9108762966896,611.1684052317679,34038500
2026-04-13,616.7122802734375,626.0519920071752,607.4424380458482,608.8109292631304,32972100
2026-04-14,627.909912109375,627.909912109375,619.4192432257902,619.5391066149297,49921100
2026-04-15,636.7003173828125,637.1298380333551,627.5104045058445,628.389443361703,50102400
2026-04-16,639.7669067382812,641.4750515662109,634.5626649382287,638.508341093032,42320600
2026-04-17,648.1376953125,649.2864572780229,643.3629742993419,644.8813252169399,53488900
2026-04-20,646.0799560546875,648.0478251654257,641.8146849601577,647.3285838511964,37138500
2026-04-21,643.6226806640625,649.4862317832127,641.5050128476822,647.6981578004061,39580500
2026-04-22,654.390869140625,654.6106593494021,647.8081371457112,649.4363527672372,37368400
2026-04-23,650.7048950195312,656.1988574654163,644.8114082493845,652.8325617169355,40099800
2026-04-24,663.1512451171875,663.7805584259092,655.8093378063087,657.7871447947734,45563100
2026-04-27,663.5008544921875,663.7006471456002,659.9647623025988,662.6718094811696,32717000
2026-04-28,656.8281860351562,658.9159186391063,653.0923012400261,656.6883250827437,34147900
2026-04-29,660.84375,660.9935487523345,655.8692364466933,657.906975030037,31724900
2026-04-30,667.0069580078125,668.165718724101,656.8381407338443,664.6195670718752,40622200
2026-05-01,673.4099731445312,675.2279215792395,668.0658095505829,668.425399726581,39172600
2026-05-04,672.141357421875,675.9871067346722,668.165745937857,673.9193717407993,34542000
2026-05-05,680.8617553710938,682.0205161358222,676.7662804889583,677.2157986999623,37101100
2026-05-06,695.0062255859375,695.1660231170968,685.7263848294704,687.0250065058129,38778500
2026-05-07,694.1771240234375,700.4701959320079,691.0106209986512,695.8153383268437,43779100
2026-05-08,710.44921875,710.44921875,698.7321150158692,699.1516368844667,44320400
2026-05-11,712.5069580078125,713.805579696499,708.1317613118729,709.5801817559162,36019100
2026-05-12,706.463623046875,709.4003981235137,695.8752835015275,707.4425277497028,45873000
2026-05-13,713.9254760742188,715.8633489513101,704.0563165931343,709.1806902070881,40012500
2026-05-14,718.9998168945312,721.2374091114184,713.4359241362712,713.8355094170396,33327500
2026-05-15,708.1517944335938,714.3450008365951,704.7754998097428,709.3604881552494,51792700
2026-05-18,705.1051025390625,711.2883097073819,698.0827906816122,710.7588622671137,49834500
2026-05-19,700.7599487304688,705.714465040699,694.4868131207006,699.0418050981273,46827500
2026-05-20,712.3671875,712.3671875,703.0174157954351,704.5157692199168,36779200
2026-05-21,713.7256469726562,716.3327671783537,705.9941534147096,708.2116871156971,36415400
2026-05-22,716.7523193359375,721.3273088449104,715.1640988544713,717.2817668085307,33118600
2026-05-26,729.4783935546875,730.3673702569255,723.3650554496121,725.1631283460116,34254700
2026-05-27,728.6492919921875,732.515039000156,724.6436840304248,732.155448805963,35148700
2026-05-28,734.79248046875,735.7913827320126,725.6125662306399,728.9289290608506,32840000
2026-05-29,737.49951171875,740.815874477768,734.4428732975097,737.0300569298091,37541700
2026-06-01,741.9246826171875,744.8315224447946,735.1820921097265,736.2309273283665,33890600
2026-06-02,745.3408813476562,745.6206032443648,738.4184960219842,741.5850600741305,30085200
2026-06-03,743.39306640625,747.828194840854,740.1965670083828,746.4896389980919,40270200
2026-06-04,739.7969970703125,742.6838392688934,731.815777671541,734.6726235372454,40782600
2026-06-05,704.2860107421875,730.8867822650427,703.5468328396532,729.2585667367451,99606600
2026-06-08,715.283935546875,722.2363170978037,712.2872288217055,717.0220156925686,47401500
2026-06-09,707.052978515625,724.863361278284,685.6165148330579,722.1863106332692,91932200
2026-06-10,692.9285278320312,710.4992458337158,692.1693523412803,700.8897497708573,65334300
2026-06-11,716.332763671875,717.5813914617661,694.2370511794155,698.5223198057862,71798900
2026-06-12,720.5481567382812,723.2152086039907,710.4992028084189,716.8222099862159,51168400
2026-06-15,743.1832885742188,743.9424640540115,736.5705604269921,737.2897407963812,46710200
2026-06-16,729.0587768554688,743.4029984406948,728.8390476265988,741.4351902855873,45348700
2026-06-17,721.7168579101562,734.8723831709506,720.058646070882,734.38293083454,51669300
2026-06-18,739.8070068359375,741.005701773832,731.7059239216511,736.390778085872,50154600
2026-06-22,737.9500122070312,745.4500122070312,734.3900146484375,742.02001953125,43518600
2026-06-23,713.6500244140625,723.6099853515625,712.1099853515625,715.739990234375,53354200
2026-06-24,710.6199951171875,719.9299926757812,704.4500122070312,715.3699951171875,52480400
2026-06-25,716.3800048828125,726.8300170898438,705.2999877929688,725.9000244140625,49668000
2026-06-26,706.52001953125,715.5599975585938,702.8099975585938,707.1300048828125,47081800
2026-06-29,724.0800170898438,724.5800170898438,705.1699829101562,713.989990234375,44939100
2026-06-30,736.4000244140625,737.6199951171875,723.9099731445312,724.1799926757812,42121800
2026-07-01,725.1699829101562,731.9199829101562,724.5999755859375,729.1900024414062,40803800
2026-07-02,712.5999755859375,730.8300170898438,707.5599975585938,725.5800170898438,50959800
2026-07-06,722.8200073242188,726.0800170898438,718.4500122070312,719.9299926757812,30220400
2026-07-07,709.4299926757812,716.3499755859375,704.9000244140625,714.1699829101562,42483100
2026-07-08,711.4400024414062,712.260009765625,700.9099731445312,704.9500122070312,35603200
2026-07-09,723.280029296875,724.22998046875,715.1300048828125,718.3300170898438,33654700
2026-07-10,725.510009765625,726.3900146484375,717.0,720.7000122070312,26415900
2026-07-13,711.739990234375,718.739990234375,710.0800170898438,717.719970703125,36552400
2026-07-14,719.6900024414062,722.2899780273438,714.3400268554688,720.219970703125,29448100
2026-07-15,717.739990234375,724.3599853515625,710.22998046875,723.8499755859375,32627600
2026-07-16,705.9400024414062,713.5999755859375,702.6099853515625,712.010009765625,39402000
2026-07-17,695.3300170898438,702.2999877929688,686.760009765625,691.6500244140625,54109300
2026-07-20,696.0599975585938,705.7999877929688,695.510009765625,702.1599731445312,29687600
2026-07-21,708.969970703125,710.0499877929688,702.7999877929688,706.5700073242188,33728300
2026-07-22,705.3499755859375,709.6500244140625,703.6199951171875,703.6199951171875,23692200
2026-07-23,691.9600219726562,698.6599731445312,687.7899780273438,694.6699829101562,44028600
2026-07-24,684.22998046875,692.6300048828125,682.47998046875,690.4099731445312,42876700
2026-07-27,682.1199951171875,692.2999877929688,675.9500122070312,691.6799926757812,42681500
2026-07-28,675.489990234375,679.4000244140625,667.8800048828125,676.22998046875,51398700
2026-07-29,661.72998046875,680.0499877929688,661.1400146484375,675.510009765625,57233300
2026-07-30,683.5499877929688,685.1199951171875,673.2999877929688,674.760009765625,66753700
2026-07-31,687.989990234375,695.77001953125,680.0499877929688,692.1099853515625,50443900
