Date,Close,High,Low,Open,Volume
2020-06-01,84.0875473022461,84.09595059740036,84.0875473022461,84.09595059740036,1600
2020-06-02,84.090087890625,84.09597019860405,84.090087890625,84.09597019860405,4000
2020-06-03,84.09175872802734,84.09175872802734,84.09175872802734,84.09175872802734,100
2020-06-04,84.09175872802734,84.09680712043605,84.07914736910037,84.07914736910037,2400
2020-06-05,84.0875473022461,84.09595059740036,84.0875473022461,84.09595059740036,400
2020-06-08,84.0875473022461,84.0875473022461,84.0875473022461,84.0875473022461,100
2020-06-09,84.0875473022461,84.0875473022461,84.0875473022461,84.0875473022461,100
2020-06-10,84.09175872802734,84.09596037609305,84.09175872802734,84.09596037609305,12300
2020-06-11,84.09175872802734,84.10437008695432,84.09175872802734,84.09596037609305,7587100
2020-06-12,84.09175872802734,84.09596037609305,84.08755707996164,84.08755707996164,4900
2020-06-15,84.09175872802734,84.09596037609305,84.09175872802734,84.09596037609305,8500
2020-06-16,84.09175872802734,84.09175872802734,84.09175872802734,84.09175872802734,100
2020-06-17,84.09593963623047,84.10434934501772,84.09173798920098,84.10434934501772,4600
2020-06-18,84.0993423461914,84.10438432472378,84.09597461243887,84.10438432472378,19600
2020-06-19,84.10015106201172,84.10351237976977,84.09594300008563,84.10015106201172,5600
2020-06-22,84.09593963623047,84.10434934501772,84.0875363421715,84.10434934501772,22500
2020-06-23,84.09593963623047,84.10434934501772,84.09593963623047,84.10434934501772,1500
2020-06-24,84.09593963623047,84.10434934501772,84.0875363421715,84.0875363421715,17100
2020-06-25,84.09593963623047,84.09593963623047,84.0875363421715,84.09593963623047,10700
2020-06-26,84.09175872802734,84.10437008695432,84.08755707996164,84.10437008695432,51200
2020-06-29,84.10015106201172,84.10015106201172,84.09594300008563,84.10015106201172,3700
2020-06-30,84.10015106201172,84.10015106201172,84.10015106201172,84.10015106201172,700
2020-07-01,84.09680938720703,84.10101128762912,84.09680938720703,84.10101128762912,15100
2020-07-02,84.10184478759766,84.10940820716175,84.10099799253196,84.10099799253196,5300
2020-07-06,84.09680938720703,84.10101128762912,84.09680938720703,84.09680938720703,2400
2020-07-07,84.09680938720703,84.10101128762912,84.09344786686937,84.09344786686937,3900
2020-07-08,84.09680938720703,84.10942150358845,84.09680938720703,84.10101128762912,18700
2020-07-09,84.10519409179688,84.1093959909444,84.10519409179688,84.1093959909444,400
2020-07-10,84.10858154296875,84.10942192305735,84.10522002261432,84.10942192305735,26400
2020-07-13,84.10519409179688,84.1093959909444,84.10519409179688,84.1093959909444,1000
2020-07-14,84.10098266601562,84.10939287911275,84.09257886803147,84.10098266601562,6500
2020-07-15,84.10098266601562,84.10939287911275,84.09762114682196,84.10939287911275,9100
2020-07-16,84.10098266601562,84.10939287911275,84.09257886803147,84.10939287911275,14700
2020-07-17,84.10098266601562,84.10939287911275,84.10098266601562,84.10939287911275,18300
2020-07-20,84.10098266601562,84.10939287911275,84.10098266601562,84.10939287911275,1200
2020-07-21,84.10098266601562,84.10939287911275,84.09257886803147,84.10939287911275,157200
2020-07-22,84.10098266601562,84.10939287911275,84.09257886803147,84.10939287911275,9000
2020-07-23,84.10098266601562,84.10939287911275,84.09257886803147,84.10098266601562,10600
2020-07-24,84.10098266601562,84.10939287911275,84.10098266601562,84.10098266601562,1400
2020-07-27,84.10098266601562,84.10939287911275,84.10098266601562,84.10939287911275,23900
2020-07-28,84.10098266601562,84.10939287911275,84.09257886803147,84.10939287911275,16000
2020-07-29,84.10519409179688,84.1093959909444,84.10098577753612,84.1093959909444,1600
2020-07-30,84.10098266601562,84.11780309220987,84.09257886803147,84.10939287911275,17000
2020-07-31,84.10519409179688,84.1093959909444,84.10519409179688,84.1093959909444,1400
2020-08-03,84.1060562133789,84.1060562133789,84.1060562133789,84.1060562133789,300
2020-08-04,84.1060562133789,84.11025857581903,84.10185385093878,84.11025857581903,1400
2020-08-05,84.1060562133789,84.11025857581903,84.10185385093878,84.10185385093878,12800
2020-08-06,84.1060562133789,84.11025857581903,84.10185385093878,84.10185385093878,21500
2020-08-07,84.11024475097656,84.11865589029483,84.11024475097656,84.11024475097656,10000
2020-08-10,84.1060562133789,84.11025857581903,84.09344271023801,84.11025857581903,25600
2020-08-11,84.1060562133789,84.11025857581903,84.1060562133789,84.11025857581903,20600
2020-08-12,84.11024475097656,84.11865589029483,84.10184002747776,84.10184002747776,291300
2020-08-13,84.11024475097656,84.11024475097656,84.1085638062768,84.1085638062768,600
2020-08-14,84.11444854736328,84.11865090886383,84.11444854736328,84.11865090886383,28700
2020-08-17,84.11444854736328,84.11865090886383,84.11023977004366,84.11865090886383,44700
2020-08-18,84.11024475097656,84.11865589029483,84.10184002747776,84.11865589029483,8300
2020-08-19,84.11613464355469,84.11865606060942,84.11613464355469,84.11865606060942,2900
2020-08-20,84.11024475097656,84.11865589029483,84.11024475097656,84.11865589029483,3000
2020-08-21,84.11024475097656,84.11865589029483,84.10184002747776,84.10184002747776,11500
2020-08-24,84.11024475097656,84.11865589029483,84.11024475097656,84.11865589029483,11300
2020-08-25,84.11444854736328,84.11865090886383,84.10435646394289,84.11023977004366,6700
2020-08-26,84.10183715820312,84.1186530204465,84.10183715820312,84.10183715820312,26000
2020-08-27,84.11861419677734,84.11861419677734,84.10179834229508,84.10179834229508,61700
2020-08-28,84.11024475097656,84.11865589029483,84.11024475097656,84.11024475097656,700
2020-08-31,84.11024475097656,84.11865589029483,84.10184002747776,84.11024475097656,20500
2020-09-01,84.09931182861328,84.11612886782095,84.09931182861328,84.11612886782095,44000
2020-09-02,84.10770416259766,84.11610947212922,84.09929243679926,84.11610947212922,14200
2020-09-03,84.11192321777344,84.11612587335867,84.1077205621882,84.11444481112459,3200
2020-09-04,84.11192321777344,84.11612587335867,84.11192321777344,84.11612587335867,500
2020-09-08,84.11192321777344,84.11612587335867,84.1077205621882,84.1077205621882,2200
2020-09-09,84.11612701416016,84.12453874171277,84.1077217028757,84.11612701416016,58600
2020-09-10,84.11192321777344,84.11612587335867,84.1077205621882,84.11612587335867,1600
2020-09-11,84.11192321777344,84.11612587335867,84.11192321777344,84.11528534224163,12500
2020-09-14,84.11192321777344,84.11612587335867,84.1077205621882,84.10856109330525,4900
2020-09-15,84.11192321777344,84.11612587335867,84.1077205621882,84.11612587335867,14800
2020-09-16,84.11192321777344,84.11612587335867,84.11192321777344,84.11192321777344,2500
2020-09-17,84.11192321777344,84.11612587335867,84.1077205621882,84.11612587335867,3000
2020-09-18,84.11192321777344,84.12453760079721,84.1077205621882,84.12453760079721,800
2020-09-21,84.11192321777344,84.11612587335867,84.11192321777344,84.11612587335867,58500
2020-09-22,84.11192321777344,84.11612587335867,84.11024215553935,84.11612587335867,16400
2020-09-23,84.11192321777344,84.11612587335867,84.11192321777344,84.11612587335867,11400
2020-09-24,84.11192321777344,84.11612587335867,84.1077205621882,84.11192321777344,11000
2020-09-25,84.11612701416016,84.12453874171277,84.11612701416016,84.11612701416016,800
2020-09-28,84.11612701416016,84.12453874171277,84.11612701416016,84.12033608607054,485200
2020-09-29,84.11612701416016,84.12453874171277,84.11612701416016,84.12453874171277,3300
2020-09-30,84.11612701416016,84.12453874171277,84.1077217028757,84.12453874171277,900
2020-10-01,84.11612701416016,84.12032987978824,84.11444586790893,84.12032987978824,31100
2020-10-02,84.11192321777344,84.1203289489366,84.10351107002161,84.10855450871951,15000
2020-10-05,84.11949920654297,84.1203397797675,84.11949920654297,84.1203397797675,40200
2020-10-06,84.11612701416016,84.12032987978824,84.11192414853207,84.11948930666263,28100
2020-10-07,84.11612701416016,84.12874202763317,84.11192414853207,84.11192414853207,59500
2020-10-08,84.11612701416016,84.12032987978824,84.11192414853207,84.11948930666263,44300
2020-10-09,84.11612701416016,84.12032987978824,84.11612701416016,84.12032987978824,11100
2020-10-12,84.11612701416016,84.12032987978824,84.11192414853207,84.11948930666263,23100
2020-10-13,84.11612701416016,84.12032987978824,84.11192414853207,84.11192414853207,48400
2020-10-14,84.11612701416016,84.12032987978824,84.11612701416016,84.11612701416016,17000
2020-10-15,84.11612701416016,84.145566323323,84.11612701416016,84.12032987978824,115600
2020-10-16,84.11612701416016,84.12032987978824,84.11192414853207,84.11192414853207,8200
2020-10-19,84.11612701416016,84.12032987978824,84.11612701416016,84.12032987978824,14600
2020-10-20,84.11612701416016,84.12032987978824,84.11192414853207,84.11192414853207,11400
2020-10-21,84.11612701416016,84.12032987978824,84.11192414853207,84.11864873353701,17100
2020-10-22,84.11612701416016,84.12032987978824,84.11612701416016,84.11948930666263,16100
2020-10-23,84.12032318115234,84.1287353283274,84.12032318115234,84.12705418221003,15200
2020-10-26,84.12032318115234,84.1287353283274,84.11948260809366,84.11948260809366,3400
2020-10-27,84.12032318115234,84.1287353283274,84.11191745056554,84.11612031585894,7700
2020-10-28,84.12032318115234,84.1287353283274,84.1178014619763,84.12032318115234,6100
2020-10-29,84.12032318115234,84.1287353283274,84.11359859668289,84.11696088891762,2100
2020-10-30,84.12032318115234,84.1287353283274,84.11191745056554,84.12201074385794,5000
2020-11-02,84.12454986572266,84.12454986572266,84.11950617395948,84.12034678925333,2100
2020-11-03,84.12032318115234,84.12452625644208,84.12032318115234,84.12452625644208,4200
2020-11-04,84.12032318115234,84.12452625644208,84.12032318115234,84.12452625644208,500
2020-11-05,84.12032318115234,84.12452625644208,84.1194825660944,84.1194825660944,2300
2020-11-06,84.12032318115234,84.12452625644208,84.12032318115234,84.12368564138414,3000
2020-11-09,84.12454986572266,84.12454986572266,84.11614371278402,84.12034678925333,11200
2020-11-10,84.12032318115234,84.12452625644208,84.12032318115234,84.12032318115234,2000
2020-11-11,84.12032318115234,84.12452625644208,84.12032318115234,84.12284502632619,8700
2020-11-12,84.12032318115234,84.12452625644208,84.12032318115234,84.12032318115234,3300
2020-11-13,84.12032318115234,84.12452625644208,84.1161201058626,84.1161201058626,35500
2020-11-16,84.12032318115234,84.12452625644208,84.1161201058626,84.12368564138414,5800
2020-11-17,84.12032318115234,84.12452625644208,84.1161201058626,84.12032318115234,2100
2020-11-18,84.12454986572266,84.12539689792716,84.11614371278402,84.1211874045472,782700
2020-11-19,84.12032318115234,84.1329388239304,84.1161201058626,84.1161201058626,190100
2020-11-20,84.12032318115234,84.1329388239304,84.1161201058626,84.12200441126824,7900
2020-11-23,84.12454986572266,84.12875935910262,84.11614371278402,84.12875935910262,4300
2020-11-24,84.12454986572266,84.13296243557193,84.11614371278402,84.13212182027806,11700
2020-11-25,84.1161117553711,84.13124924182023,84.1161117553711,84.13124924182023,4600
2020-11-27,84.12454986572266,84.13296243557193,84.12454986572266,84.13296243557193,7900
2020-11-30,84.12454986572266,84.13212182027806,84.11614371278402,84.11614371278402,8600
2020-12-01,84.12030029296875,84.12870686129553,84.12030029296875,84.12030029296875,9900
2020-12-02,84.12030029296875,84.12870686129553,84.12030029296875,84.12030029296875,9900
2020-12-03,84.12454986572266,84.12875315219885,84.12034657924646,84.12034657924646,23100
2020-12-04,84.12454986572266,84.12875315219885,84.12034657924646,84.12034657924646,15100
2020-12-07,84.12030029296875,84.12870686129553,84.12030029296875,84.12114094980143,44500
2020-12-08,84.12030029296875,84.12870686129553,84.12030029296875,84.12870686129553,65900
2020-12-09,84.12030029296875,84.12870686129553,84.12030029296875,84.12114094980143,7900
2020-12-10,84.12454986572266,84.13716614238251,84.12034657924646,84.12875315219885,35600
2020-12-11,84.12454986572266,84.12875315219885,84.12034657924646,84.12707183760837,32600
2020-12-14,84.12454986572266,84.13716614238251,84.12034657924646,84.12875315219885,46400
2020-12-15,84.12454986572266,84.13716614238251,84.12034657924646,84.12875315219885,82600
2020-12-16,84.13292694091797,84.13713022559986,84.12871723900757,84.12871723900757,6600
2020-12-17,84.12960052490234,84.13380406373493,84.12539698606976,84.12623769383627,13100
2020-12-18,84.12960052490234,84.13380406373493,84.12539698606976,84.13380406373493,73300
2020-12-21,84.12960052490234,84.13380406373493,84.12539698606976,84.12539698606976,36200
2020-12-22,84.12960052490234,84.13380406373493,84.12539698606976,84.12539698606976,80000
2020-12-23,84.12535095214844,84.13375802521321,84.12535095214844,84.13375802521321,48200
2020-12-24,84.12535095214844,84.13375802521321,84.12535095214844,84.12955448868082,22300
2020-12-28,84.12535095214844,84.13375802521321,84.12535095214844,84.12619165945492,46400
2020-12-29,84.12535095214844,84.13375802521321,84.12535095214844,84.13375802521321,47300
2020-12-30,84.12960052490234,84.13380406373493,84.12623769383627,84.13380406373493,3700
2020-12-31,84.12960052490234,84.13380406373493,84.12539698606976,84.12539698606976,47200
2021-01-04,84.12960052490234,84.13380406373493,84.12539698606976,84.13380406373493,74600
2021-01-05,84.12960052490234,84.13380406373493,84.12539698606976,84.12960052490234,4400
2021-01-06,84.12535095214844,84.13375802521321,84.12535095214844,84.13375802521321,15200
2021-01-07,84.12960052490234,84.13380406373493,84.12539698606976,84.13380406373493,42200
2021-01-08,84.12960052490234,84.13296335596841,84.12539698606976,84.12623769383627,39000
2021-01-11,84.12960052490234,84.13380406373493,84.12539698606976,84.12539698606976,21900
2021-01-12,84.12960052490234,84.13380406373493,84.12539698606976,84.12539698606976,19000
2021-01-13,84.12535095214844,84.13375802521321,84.12535095214844,84.13375802521321,9400
2021-01-14,84.12535095214844,84.13375802521321,84.12535095214844,84.12619165945492,67400
2021-01-15,84.12960052490234,84.13380406373493,84.12539698606976,84.12960052490234,19200
2021-01-19,84.12535095214844,84.13375802521321,84.12535095214844,84.12535095214844,125000
2021-01-20,84.12960052490234,84.13380406373493,84.12539698606976,84.12960052490234,154100
2021-01-21,84.12960052490234,84.13380406373493,84.12960052490234,84.13212264820189,21600
2021-01-22,84.12960052490234,84.13380406373493,84.12539698606976,84.13380406373493,63200
2021-01-25,84.13379669189453,84.13379669189453,84.12538961496598,84.12959315343026,68000
2021-01-26,84.13379669189453,84.13379669189453,84.12538961496598,84.12959315343026,62500
2021-01-27,84.13379669189453,84.13379669189453,84.12623032265884,84.12959315343026,101900
2021-01-28,84.13379669189453,84.13379669189453,84.12623032265884,84.13379669189453,21500
2021-01-29,84.13379669189453,84.13379669189453,84.12538961496598,84.13379669189453,40400
2021-02-01,84.1337890625,84.13799281061303,84.12958531438696,84.13126681363218,68800
2021-02-02,84.12960052490234,84.13800802264848,84.12960052490234,84.12960052490234,54200
2021-02-03,84.12960052490234,84.13800802264848,84.12960052490234,84.13800802264848,56000
2021-02-04,84.12960052490234,84.13800802264848,84.12960052490234,84.13800802264848,136900
2021-02-05,84.1337890625,84.13799281061303,84.12958531438696,84.13799281061303,71500
2021-02-08,84.1337890625,84.13799281061303,84.12958531438696,84.13799281061303,106700
2021-02-09,84.12960052490234,84.13800802264848,84.12960052490234,84.13800802264848,34100
2021-02-10,84.1337890625,84.13799281061303,84.12958531438696,84.13799281061303,47600
2021-02-11,84.1337890625,84.13799281061303,84.12958531438696,84.1337890625,76400
2021-02-12,84.1337890625,84.13799281061303,84.12958531438696,84.13799281061303,29700
2021-02-16,84.1337890625,84.13799281061303,84.12958531438696,84.12958531438696,28700
2021-02-17,84.12960052490234,84.13800802264848,84.12960052490234,84.12960052490234,47900
2021-02-18,84.1337890625,84.13799281061303,84.12958531438696,84.13799281061303,65700
2021-02-19,84.1337890625,84.13799281061303,84.12958531438696,84.13799281061303,25300
2021-02-22,84.1337890625,84.13799281061303,84.12958531438696,84.1337890625,28600
2021-02-23,84.1337890625,84.13799281061303,84.12958531438696,84.12958531438696,48200
2021-02-24,84.13799285888672,84.13799285888672,84.12958536265583,84.12958536265583,67500
2021-02-25,84.12960052490234,84.13800802264848,84.12960052490234,84.13800802264848,52100
2021-02-26,84.1337890625,84.13799281061303,84.12958531438696,84.1337890625,33700
2021-03-01,84.14643096923828,84.14643096923828,84.13801705265193,84.13801705265193,19900
2021-03-02,84.14643096923828,84.14643096923828,84.12960955400348,84.1338133033277,199600
2021-03-03,84.12960052490234,84.14642193833181,84.12960052490234,84.14642193833181,29500
2021-03-04,84.13799285888672,84.14640677305367,84.12958536265583,84.13799285888672,16300
2021-03-05,84.13799285888672,84.14220302493821,84.12958536265583,84.12958536265583,13400
2021-03-08,84.13799285888672,84.13799285888672,84.12958536265583,84.12958536265583,30000
2021-03-09,84.1337890625,84.13799281061303,84.13042606400957,84.13799281061303,24600
2021-03-10,84.13799285888672,84.13799285888672,84.12958536265583,84.13799285888672,17800
2021-03-11,84.1337890625,84.14472522552994,84.13042606400957,84.13799281061303,14600
2021-03-12,84.1337890625,84.14640672477515,84.12958531438696,84.14640672477515,19800
2021-03-15,84.13799285888672,84.13799285888672,84.12958536265583,84.13462986039437,16800
2021-03-16,84.14219665527344,84.14640040307064,84.13798648954065,84.13798648954065,12500
2021-03-17,84.14219665527344,84.14640040307064,84.13798648954065,84.14640040307064,5700
2021-03-18,84.13799285888672,84.14640677305367,84.13799285888672,84.14640677305367,15900
2021-03-19,84.14219665527344,84.14219665527344,84.13798648954065,84.14219665527344,12700
2021-03-22,84.13884735107422,84.14641409834074,84.13800018344132,84.14221034985934,26500
2021-03-23,84.1447525024414,84.1464340022317,84.13802008534208,84.14223025275595,103200
2021-03-24,84.14219665527344,84.14640040307064,84.13798648954065,84.14640040307064,41300
2021-03-25,84.13799285888672,84.14640677305367,84.13799285888672,84.14472527380748,14500
2021-03-26,84.14219665527344,84.14640040307064,84.13798648954065,84.14640040307064,20500
2021-03-29,84.1337890625,84.14640672477515,84.1337890625,84.13799281061303,109300
2021-03-30,84.14219665527344,84.14640040307064,84.13798648954065,84.14219665527344,4300
2021-03-31,84.1337890625,84.14640672477515,84.12958531438696,84.12958531438696,67300
2021-04-01,84.14305114746094,84.14725493794863,84.13884093897252,84.13884093897252,7900
2021-04-05,84.1388168334961,84.1388168334961,84.13040925492946,84.1388168334961,110600
2021-04-06,84.14727783203125,84.14727783203125,84.13886383076593,84.14307404039984,24800
2021-04-07,84.1388168334961,84.14723083006162,84.1388168334961,84.14723083006162,58000
2021-04-08,84.14727783203125,84.14727783203125,84.13886383076593,84.14727783203125,31400
2021-04-09,84.1388168334961,84.14723083006162,84.1388168334961,84.14723083006162,14000
2021-04-12,84.1388168334961,84.14723083006162,84.1388168334961,84.1430270407783,68200
2021-04-13,84.14305114746094,84.14725493794863,84.13884093897252,84.14725493794863,21200
2021-04-14,84.14305114746094,84.14725493794863,84.13884093897252,84.13884093897252,38400
2021-04-15,84.14305114746094,84.14725493794863,84.13884093897252,84.14305114746094,52700
2021-04-16,84.14727783203125,84.14727783203125,84.13886383076593,84.13886383076593,183400
2021-04-19,84.14727783203125,84.14727783203125,84.13886383076593,84.13886383076593,199900
2021-04-20,84.14305114746094,84.14725493794863,84.13884093897252,84.14725493794863,83000
2021-04-21,84.1388168334961,84.14723083006162,84.1388168334961,84.14723083006162,19700
2021-04-22,84.14727783203125,84.14727783203125,84.13886383076593,84.14307404039984,31300
2021-04-23,84.14727783203125,84.14727783203125,84.13886383076593,84.13886383076593,30000
2021-04-26,84.1388168334961,84.14723083006162,84.1388168334961,84.14723083006162,98100
2021-04-27,84.1388168334961,84.14723083006162,84.1388168334961,84.14723083006162,47200
2021-04-28,84.14305114746094,84.14725493794863,84.13884093897252,84.14725493794863,21100
2021-04-29,84.14727783203125,84.14727783203125,84.13886383076593,84.13886383076593,27800
2021-04-30,84.14727783203125,84.14727783203125,84.13886383076593,84.14307404039984,16200
2021-05-03,84.15065002441406,84.15065002441406,84.14223568595861,84.15065002441406,65300
2021-05-04,84.14219665527344,84.15061098982575,84.14219665527344,84.15061098982575,20500
2021-05-05,84.14636993408203,84.15057389037645,84.14215955953374,84.14384756030539,27300
2021-05-06,84.14636993408203,84.14636993408203,84.14215955953374,84.14636993408203,16400
2021-05-07,84.14386749267578,84.15059382434019,84.14217949150427,84.15059382434019,20200
2021-05-10,84.15065002441406,84.15065002441406,84.14223568595861,84.15065002441406,39500
2021-05-11,84.14219665527344,84.15061098982575,84.14219665527344,84.15061098982575,39300
2021-05-12,84.14636993408203,84.15057389037645,84.14215955953374,84.14636993408203,28100
2021-05-13,84.14219665527344,84.15061098982575,84.14219665527344,84.14640703167795,58500
2021-05-14,84.14636993408203,84.15057389037645,84.14215955953374,84.15057389037645,22300
2021-05-17,84.14219665527344,84.15061098982575,84.14219665527344,84.14219665527344,10700
2021-05-18,84.14636993408203,84.15057389037645,84.14215955953374,84.15057389037645,22500
2021-05-19,84.14219665527344,84.15061098982575,84.14219665527344,84.15061098982575,48500
2021-05-20,84.14219665527344,84.15061098982575,84.14219665527344,84.15061098982575,40300
2021-05-21,84.14219665527344,84.15061098982575,84.14219665527344,84.14304386515971,16300
2021-05-24,84.14895629882812,84.15063788262464,84.14222354538327,84.15063788262464,11300
2021-05-25,84.15065002441406,84.15065002441406,84.14223568595861,84.14223568595861,15000
2021-05-26,84.14636993408203,84.15057389037645,84.14215955953374,84.14636993408203,8100
2021-05-27,84.14219665527344,84.15061098982575,84.14219665527344,84.14219665527344,13600
2021-05-28,84.15065002441406,84.15065002441406,84.14223568595861,84.14223568595861,9200
2021-06-01,84.14805603027344,84.15226007080528,84.14384557135911,84.14384557135911,16300
2021-06-02,84.14805603027344,84.15226007080528,84.14384557135911,84.15226007080528,17300
2021-06-03,84.14388275146484,84.15229725462909,84.14388275146484,84.14388275146484,18600
2021-06-04,84.14388275146484,84.15229725462909,84.14388275146484,84.14809321223963,17600
2021-06-07,84.14556121826172,84.15228768531995,84.14387318311256,84.15228768531995,24300
2021-06-08,84.1523208618164,84.1523208618164,84.14390635629165,84.1523208618164,22700
2021-06-09,84.14805603027344,84.15226007080528,84.14384557135911,84.14805603027344,23600
2021-06-10,84.14805603027344,84.15226007080528,84.14384557135911,84.14805603027344,33600
2021-06-11,84.14805603027344,84.15226007080528,84.14384557135911,84.15226007080528,9300
2021-06-14,84.14805603027344,84.15226007080528,84.14384557135911,84.15226007080528,42200
2021-06-15,84.14805603027344,84.15226007080528,84.14553360595434,84.15226007080528,10900
2021-06-16,84.14805603027344,84.15226007080528,84.14384557135911,84.15226007080528,26600
2021-06-17,84.14556121826172,84.15228768531995,84.14387318311256,84.15228768531995,32000
2021-06-18,84.13970184326172,84.15232039228488,84.13549779971636,84.1455939226123,16900
2021-06-21,84.13970184326172,84.14390588680708,84.13970184326172,84.14390588680708,21000
2021-06-22,84.1523208618164,84.1523208618164,84.14390635629165,84.14390635629165,19400
2021-06-23,84.14388275146484,84.15229725462909,84.14051951755327,84.15229725462909,55700
2021-06-24,84.14388275146484,84.15229725462909,84.14388275146484,84.15229725462909,17300
2021-06-25,84.1523208618164,84.1523208618164,84.14390635629165,84.1455943921063,21100
2021-06-28,84.14388275146484,84.15229725462909,84.14388275146484,84.15229725462909,21100
2021-06-29,84.14805603027344,84.15226007080528,84.14384557135911,84.14469279784797,37700
2021-06-30,84.14805603027344,84.15226007080528,84.14384557135911,84.14805603027344,33200
2021-07-01,84.14641571044922,84.15398313835095,84.1455684666129,84.1455684666129,19300
2021-07-02,84.14641571044922,84.15398313835095,84.1455684666129,84.15314231302854,4800
2021-07-06,84.14974975585938,84.15395388100983,84.14553921219725,84.15395388100983,22700
2021-07-07,84.14556121826172,84.15397588927493,84.13715296576187,84.15397588927493,11700
2021-07-08,84.14556121826172,84.15397588927493,84.14556121826172,84.14556121826172,33700
2021-07-09,84.14556121826172,84.15397588927493,84.14556121826172,84.14556121826172,10500
2021-07-12,84.14556121826172,84.15397588927493,84.13715296576187,84.15397588927493,8000
2021-07-13,84.14974975585938,84.15395388100983,84.14553921219725,84.14553921219725,15200
2021-07-14,84.14556121826172,84.15397588927493,84.13715296576187,84.15313506402495,12500
2021-07-15,84.14556121826172,84.15397588927493,84.13715296576187,84.13715296576187,8400
2021-07-16,84.14974975585938,84.14974975585938,84.14553921219725,84.14553921219725,14100
2021-07-19,84.14974975585938,84.15395388100983,84.14553921219725,84.14974975585938,33300
2021-07-20,84.14556121826172,84.15397588927493,84.14556121826172,84.14556121826172,211200
2021-07-21,84.15399169921875,84.15399169921875,84.13716877254517,84.1531508738108,27200
2021-07-22,84.14974975585938,84.15395388100983,84.14553921219725,84.14553921219725,55600
2021-07-23,84.15399169921875,84.15399169921875,84.14557702662468,84.14557702662468,16600
2021-07-26,84.14641571044922,84.15398313835095,84.1455684666129,84.15398313835095,32400
2021-07-27,84.14974975585938,84.15395388100983,84.14553921219725,84.15395388100983,21700
2021-07-28,84.15399169921875,84.15399169921875,84.13800959795311,84.15399169921875,10400
2021-07-29,84.15312957763672,84.15397040283189,84.13714748041559,84.14555573236727,36800
2021-07-30,84.14974975585938,84.15395388100983,84.14974975585938,84.14974975585938,8100
2021-08-02,84.1430435180664,84.15145835773296,84.13883930755414,84.13883930755414,9500
2021-08-03,84.15142059326172,84.15562480188727,84.14720996599704,84.15142059326172,7700
2021-08-04,84.1556625366211,84.1556625366211,84.13883927593632,84.1556625366211,25800
2021-08-05,84.15142059326172,84.15562480188727,84.13880154874592,84.15562480188727,9100
2021-08-06,84.15142059326172,84.15142059326172,84.13880154874592,84.13880154874592,23100
2021-08-09,84.14725494384766,84.15398809988663,84.13884652210213,84.14725494384766,10200
2021-08-10,84.14725494384766,84.15566978423574,84.13884652210213,84.15566978423574,7600
2021-08-11,84.14725494384766,84.15566978423574,84.13884652210213,84.15566978423574,36400
2021-08-12,84.1430435180664,84.14724772857869,84.13883930755414,84.13883930755414,9800
2021-08-13,84.15142059326172,84.15562480188727,84.13880154874592,84.14720996599704,18300
2021-08-16,84.1556625366211,84.1556625366211,84.13883927593632,84.15482169451896,42300
2021-08-17,84.13880920410156,84.15395077517036,84.13880920410156,84.14806488255904,42300
2021-08-18,84.15142059326172,84.15562480188727,84.14720996599704,84.14720996599704,10000
2021-08-19,84.14725494384766,84.15566978423574,84.14725494384766,84.15146557336297,12500
2021-08-20,84.1556625366211,84.1556625366211,84.1472476969577,84.1472476969577,18600
2021-08-23,84.14725494384766,84.15566978423574,84.14725494384766,84.14810220466477,46500
2021-08-24,84.15142059326172,84.15226143498683,84.14720996599704,84.14720996599704,7700
2021-08-25,84.14725494384766,84.15482894206119,84.14725494384766,84.15146557336297,16800
2021-08-26,84.15142059326172,84.15562480188727,84.14720996599704,84.15142059326172,20900
2021-08-27,84.15142059326172,84.15562480188727,84.14720996599704,84.15142059326172,3800
2021-08-30,84.15142059326172,84.15562480188727,84.14720996599704,84.15562480188727,14700
2021-08-31,84.15142059326172,84.15562480188727,84.14720996599704,84.14720996599704,15000
2021-09-01,84.15396118164062,84.15648378297271,84.14975042725426,84.15648378297271,3700
2021-09-02,84.15145111083984,84.15565544701936,84.14976295753418,84.14976295753418,6900
2021-09-03,84.15396118164062,84.15816551719409,84.14975042725426,84.15816551719409,30800
2021-09-07,84.1581802368164,84.1581802368164,84.14976514540474,84.14976514540474,110700
2021-09-08,84.15396118164062,84.15816551719409,84.14975042725426,84.14975042725426,586900
2021-09-09,84.14726257324219,84.15820026903064,84.14137650103677,84.15820026903064,63900
2021-09-10,84.1581802368164,84.1581802368164,84.14387907460039,84.1581802368164,15000
2021-09-13,84.15396118164062,84.15816551719409,84.14975042725426,84.15816551719409,16600
2021-09-14,84.1497802734375,84.158195366362,84.14137159934819,84.1497802734375,25400
2021-09-15,84.1581802368164,84.1581802368164,84.1413564728271,84.1581802368164,22300
2021-09-16,84.1581802368164,84.1581802368164,84.1413564728271,84.14976514540474,8200
2021-09-17,84.15396118164062,84.15816551719409,84.14975042725426,84.15816551719409,25200
2021-09-20,84.15145111083984,84.15817804872705,84.14976295753418,84.15229197807575,91900
2021-09-21,84.15396118164062,84.15816551719409,84.14975042725426,84.15648378297271,42700
2021-09-22,84.15396118164062,84.15816551719409,84.14975042725426,84.15816551719409,13400
2021-09-23,84.15062713623047,84.15819494287277,84.14977984999062,84.15819494287277,22400
2021-09-24,84.15396118164062,84.15816551719409,84.14975042725426,84.15396118164062,28700
2021-09-27,84.15396118164062,84.15816551719409,84.14975042725426,84.15816551719409,32100
2021-09-28,84.1497802734375,84.158195366362,84.1497802734375,84.15399102931734,25900
2021-09-29,84.1581802368164,84.1581802368164,84.14976514540474,84.14976514540474,41500
2021-09-30,84.15396118164062,84.15816551719409,84.14975042725426,84.14975042725426,17100
2021-10-01,84.1480941772461,84.16071398487937,84.14388971437744,84.16071398487937,45800
2021-10-04,84.15314483642578,84.16071286948907,84.152297524836,84.16071286948907,17100
2021-10-05,84.15648651123047,84.16069097294951,84.14386670704782,84.15143473814209,274900
2021-10-06,84.1480941772461,84.15229864011476,84.14388971437744,84.14388971437744,42500
2021-10-07,84.1480941772461,84.16071398487937,84.14388971437744,84.1480941772461,322000
2021-10-08,84.15735626220703,84.16071983273568,84.14389556106474,84.14389556106474,22900
2021-10-11,84.15230560302734,84.16072094848825,84.14389667659425,84.16072094848825,8200
2021-10-12,84.15230560302734,84.16072094848825,84.14389667659425,84.1556755926284,27800
2021-10-13,84.15230560302734,84.16072094848825,84.14389667659425,84.14894203245412,51900
2021-10-14,84.15230560302734,84.16072094848825,84.14389667659425,84.14389667659425,19800
2021-10-15,84.15230560302734,84.16072094848825,84.14557846188087,84.15315291469847,13000
2021-10-18,84.15986633300781,84.160707225514,84.14388295636333,84.160707225514,26600
2021-10-19,84.15230560302734,84.16072094848825,84.14389667659425,84.16072094848825,10000
2021-10-20,84.15230560302734,84.15903916320163,84.14389667659425,84.14389667659425,16100
2021-10-21,84.16070556640625,84.16070556640625,84.14388129758724,84.15902378142701,16800
2021-10-22,84.15735626220703,84.16071983273568,84.14389556106474,84.14389556106474,28600
2021-10-25,84.14387512207031,84.16069938965455,84.14387512207031,84.15733581994294,29900
2021-10-26,84.15230560302734,84.16072094848825,84.14389667659425,84.15819827055832,8400
2021-10-27,84.14641571044922,84.16071730379393,84.14389303262854,84.16071730379393,56600
2021-10-28,84.1480941772461,84.15229864011476,84.14388971437744,84.15145774754103,78400
2021-10-29,84.15230560302734,84.15230560302734,84.14389667659425,84.14389667659425,25800
2021-11-01,84.15483093261719,84.15483093261719,84.14642175384033,84.15483093261719,11500
2021-11-02,84.1632080078125,84.1632080078125,84.14638323873929,84.15479241366714,16800
2021-11-03,84.1632080078125,84.1632080078125,84.14638323873929,84.14806507372485,32800
2021-11-04,84.15483093261719,84.1632465306145,84.14642175384033,84.15483093261719,33200
2021-11-05,84.15483093261719,84.1632465306145,84.14642175384033,84.15483093261719,25500
2021-11-08,84.15902709960938,84.16323168825633,84.15481609174313,84.16239077052694,20900
2021-11-09,84.15483093261719,84.1632465306145,84.15230817898413,84.15230817898413,11800
2021-11-10,84.1632080078125,84.1632080078125,84.14638323873929,84.14638323873929,17600
2021-11-11,84.15483093261719,84.1632465306145,84.14642175384033,84.1632465306145,22000
2021-11-12,84.15483093261719,84.16072377698144,84.14642175384033,84.14642175384033,9600
2021-11-15,84.15483093261719,84.1632465306145,84.14726267171801,84.15483093261719,30300
2021-11-16,84.14641571044922,84.16324048601504,84.14641571044922,84.16324048601504,25600
2021-11-17,84.15483093261719,84.1632465306145,84.14642175384033,84.14810358959569,40200
2021-11-18,84.15483093261719,84.1632465306145,84.14642175384033,84.1632465306145,30900
2021-11-19,84.15483093261719,84.1632465306145,84.14642175384033,84.14642175384033,11800
2021-11-22,84.15483093261719,84.1632465306145,84.14810358959569,84.1632465306145,23200
2021-11-23,84.15987396240234,84.16323763355751,84.14641285856192,84.16071488019114,40700
2021-11-24,84.1632080078125,84.1632080078125,84.15479241366714,84.15732158536301,124000
2021-11-26,84.15483093261719,84.1632465306145,84.14642175384033,84.15483093261719,6300
2021-11-29,84.15902709960938,84.16323168825633,84.15481609174313,84.15481609174313,10400
2021-11-30,84.15483093261719,84.1632465306145,84.14642175384033,84.15483093261719,30100
2021-12-01,84.15314483642578,84.15987880019841,84.14894012120072,84.15987880019841,31400
2021-12-02,84.15314483642578,84.15734955165082,84.14894012120072,84.15734955165082,19600
2021-12-03,84.15735626220703,84.16577211274075,84.14894683108639,84.16240834029249,62500
2021-12-06,84.15735626220703,84.16577211274075,84.14894683108639,84.14894683108639,85700
2021-12-07,84.15564727783203,84.1657450113384,84.15060162078434,84.1657450113384,33300
2021-12-08,84.15314483642578,84.16576540151347,84.14894012120072,84.16576540151347,80100
2021-12-09,84.15735626220703,84.16577211274075,84.14894683108639,84.16577211274075,50400
2021-12-10,84.16155242919922,84.16575714401174,84.15650035201226,84.16491620104924,23200
2021-12-13,84.16155242919922,84.16575714401174,84.14893186534972,84.16575714401174,19500
2021-12-14,84.15735626220703,84.16577211274075,84.14894683108639,84.16577211274075,29600
2021-12-15,84.15735626220703,84.16577211274075,84.14894683108639,84.16577211274075,102800
2021-12-16,84.16572570800781,84.16993063131753,84.15310451834844,84.16151436496786,44800
2021-12-17,84.16157531738281,84.1699915898278,84.15316546467271,84.15316546467271,29100
2021-12-20,84.15735626220703,84.16156118785614,84.15315133655793,84.16156118785614,183000
2021-12-21,84.16070556640625,84.16154655138982,84.15313670155416,84.15313670155416,155300
2021-12-22,84.16157531738281,84.1699915898278,84.15316546467271,84.16157531738281,58000
2021-12-23,84.16912841796875,84.16996940301809,84.15314328229827,84.16996940301809,69100
2021-12-27,84.16157531738281,84.16157531738281,84.15316546467271,84.16157531738281,18300
2021-12-28,84.16157531738281,84.16157531738281,84.15316546467271,84.16157531738281,17300
2021-12-29,84.15735626220703,84.16997745888816,84.15315133655793,84.15315133655793,42200
2021-12-30,84.15735626220703,84.16997745888816,84.15315133655793,84.15315133655793,72300
2021-12-31,84.16572570800781,84.16993063131753,84.16151436496786,84.16572570800781,35000
2022-01-03,84.16157531738281,84.16157531738281,84.15316546467271,84.15484743521473,28300
2022-01-04,84.1539535522461,84.16152241492753,84.15311256750371,84.15311256750371,38300
2022-01-05,84.15735626220703,84.16156118785614,84.15315133655793,84.16156118785614,29600
2022-01-06,84.16157531738281,84.1699915898278,84.15316546467271,84.16157531738281,93800
2022-01-07,84.16572570800781,84.16993063131753,84.15310451834844,84.16151436496786,99900
2022-01-10,84.16157531738281,84.16157531738281,84.15316546467271,84.16157531738281,49700
2022-01-11,84.16157531738281,84.16157531738281,84.15316546467271,84.15316546467271,82800
2022-01-12,84.16070556640625,84.16996282095818,84.15313670155416,84.15313670155416,56300
2022-01-13,84.15735626220703,84.16997745888816,84.15315133655793,84.16913647375834,18800
2022-01-14,84.16572570800781,84.16993063131753,84.16151436496786,84.16993063131753,135300
2022-01-18,84.16742706298828,84.16995001755521,84.15312390071068,84.15312390071068,131400
2022-01-19,84.16572570800781,84.1783468976672,84.16151436496786,84.16151436496786,76100
2022-01-20,84.16157531738281,84.1699915898278,84.15316546467271,84.1699915898278,121500
2022-01-21,84.16157531738281,84.1699915898278,84.15316546467271,84.16157531738281,224300
2022-01-24,84.15314483642578,84.16997095745633,84.15314483642578,84.1615546870744,377900
2022-01-25,84.1632080078125,84.16993588552802,84.15310977150857,84.16993588552802,469500
2022-01-26,84.16572570800781,84.16993063131753,84.15310451834844,84.15310451834844,374100
2022-01-27,84.16157531738281,84.1699915898278,84.15316546467271,84.1699915898278,29200
2022-01-28,84.16912841796875,84.16996940301809,84.15314328229827,84.16996940301809,175700
2022-01-31,84.16572570800781,84.16993063131753,84.15310451834844,84.16993063131753,26900
2022-02-01,84.16912841796875,84.17165142353451,84.15482496656794,84.15987097769946,45500
2022-02-02,84.1632080078125,84.17162444352877,84.15479799195566,84.15479799195566,18200
2022-02-03,84.1632080078125,84.17162444352877,84.15479799195566,84.15479799195566,459900
2022-02-04,84.16239929199219,84.16324029390049,84.15483027481747,84.15483027481747,158300
2022-02-07,84.16742706298828,84.17163207129776,84.15480561819983,84.15480561819983,191400
2022-02-08,84.16572570800781,84.17161271828752,84.15478626905838,84.16319628374367,8006300
2022-02-09,84.16742706298828,84.17163207129776,84.15480561819983,84.17163207129776,133300
2022-02-10,84.1632080078125,84.17162444352877,84.15479799195566,84.15479799195566,232000
2022-02-11,84.15484619140625,84.17167265261665,84.15484619140625,84.15905120174307,318100
2022-02-14,84.1632080078125,84.17162444352877,84.15479799195566,84.17162444352877,135200
2022-02-15,84.1632080078125,84.17162444352877,84.15479799195566,84.15479799195566,377200
2022-02-16,84.17162322998047,84.17162322998047,84.15479677864997,84.17162322998047,133800
2022-02-17,84.17162322998047,84.17162322998047,84.16320679438554,84.17162322998047,165600
2022-02-18,84.17162322998047,84.17162322998047,84.15479677864997,84.15479677864997,574800
2022-02-22,84.16407012939453,84.1716391449877,84.16322270780141,84.16322270780141,65900
2022-02-23,84.17162322998047,84.18003966557539,84.16320679438554,84.16320679438554,591500
2022-02-24,84.1632080078125,84.18004087924503,84.1632080078125,84.18004087924503,476600
2022-02-25,84.17162322998047,84.18003966557539,84.16320679438554,84.17162322998047,137000
2022-02-28,84.17162322998047,84.18003966557539,84.16320679438554,84.16320679438554,106800
2022-03-01,84.17835998535156,84.17835998535156,84.16153218730012,84.17835998535156,193100
2022-03-02,84.16995239257812,84.17836950274207,84.16154170278806,84.1674291856411,55000
2022-03-03,84.17417907714844,84.17838442278884,84.16996731113301,84.17838442278884,225600
2022-03-04,84.17835998535156,84.18677709456385,84.16153218730012,84.17835998535156,709000
2022-03-07,84.17835998535156,84.17835998535156,84.16994287613926,84.17835998535156,371000
2022-03-08,84.17835998535156,84.18677709456385,84.16153218730012,84.16153218730012,703800
2022-03-09,84.16995239257812,84.17836950274207,84.16995239257812,84.16995239257812,406900
2022-03-10,84.17835998535156,84.18677709456385,84.16994287613926,84.17835998535156,250900
2022-03-11,84.17835998535156,84.17835998535156,84.16153218730012,84.16153218730012,180600
2022-03-14,84.17835998535156,84.17835998535156,84.16994287613926,84.16994287613926,383500
2022-03-15,84.16995239257812,84.17836950274207,84.16995239257812,84.16995239257812,190200
2022-03-16,84.17835998535156,84.18677709456385,84.16994287613926,84.16994287613926,232900
2022-03-17,84.17835998535156,84.18677709456385,84.16994287613926,84.17835998535156,768500
2022-03-18,84.17835998535156,84.18677709456385,84.16994287613926,84.18677709456385,428300
2022-03-21,84.17835998535156,84.18677709456385,84.16994287613926,84.16994287613926,860200
2022-03-22,84.18263244628906,84.18683779374071,84.17000356317855,84.18683779374071,722900
2022-03-23,84.1867904663086,84.1867904663086,84.17837335575938,84.1867904663086,315800
2022-03-24,84.1867904663086,84.1867904663086,84.17837335575938,84.1867904663086,385900
2022-03-25,84.17835998535156,84.18677709456385,84.17835998535156,84.18677709456385,306100
2022-03-28,84.17835998535156,84.18677709456385,84.17835998535156,84.18677709456385,174700
2022-03-29,84.1867904663086,84.1867904663086,84.17837335575938,84.1867904663086,180800
2022-03-30,84.19522094726562,84.19522094726562,84.17838672349387,84.19522094726562,404600
2022-03-31,84.19522094726562,84.19522094726562,84.17838672349387,84.19522094726562,293300
2022-04-01,84.19351196289062,84.19351196289062,84.18004601696116,84.19351196289062,207000
2022-04-04,84.19351196289062,84.19351196289062,84.17668113586099,84.17668113586099,138700
2022-04-05,84.18849182128906,84.19353914456882,84.18512051757166,84.19353914456882,87900
2022-04-06,84.18932342529297,84.19352952754566,84.18511090151011,84.19352952754566,224800
2022-04-07,84.19351196289062,84.19351196289062,84.1850933386114,84.19351196289062,510800
2022-04-08,84.19351196289062,84.19351196289062,84.1850933386114,84.19351196289062,216000
2022-04-11,84.19351196289062,84.19351196289062,84.1850933386114,84.19351196289062,323000
2022-04-12,84.19351196289062,84.19351196289062,84.1850933386114,84.19351196289062,233500
2022-04-13,84.1977767944336,84.20198289842187,84.18935816492422,84.20198289842187,135400
2022-04-14,84.20026397705078,84.20194641791718,84.19352779205518,84.20194641791718,94600
2022-04-18,84.20194244384766,84.20194244384766,84.1851051929183,84.20194244384766,156400
2022-04-19,84.20194244384766,84.20194244384766,84.19352381838299,84.20194244384766,215300
2022-04-20,84.20194244384766,84.20194244384766,84.19352381838299,84.20194244384766,172000
2022-04-21,84.20194244384766,84.20194244384766,84.19352381838299,84.20194244384766,405100
2022-04-22,84.20194244384766,84.20194244384766,84.19352381838299,84.20194244384766,490900
2022-04-25,84.20616912841797,84.21038165294483,84.19354439789994,84.21038165294483,1185600
2022-04-26,84.21037292480469,84.21037292480469,84.19353567150492,84.21037292480469,1286300
2022-04-27,84.21037292480469,84.21037292480469,84.2019542981548,84.21037292480469,790500
2022-04-28,84.21878814697266,84.21878814697266,84.20195731460056,84.20195731460056,233000
2022-04-29,84.21878814697266,84.21878814697266,84.20195731460056,84.21878814697266,1319600
2022-05-02,84.21454620361328,84.21454620361328,84.2061254760916,84.21454620361328,493100
2022-05-03,84.21454620361328,84.21454620361328,84.2061254760916,84.21454620361328,265200
2022-05-04,84.21454620361328,84.21454620361328,84.19771117170302,84.21454620361328,1761100
2022-05-05,84.22298431396484,84.22298431396484,84.21456358470519,84.22298431396484,560000
2022-05-06,84.22298431396484,84.22298431396484,84.21456358470519,84.21456358470519,433700
2022-05-09,84.22298431396484,84.22298431396484,84.21456358470519,84.21456358470519,449800
2022-05-10,84.22298431396484,84.22298431396484,84.21456358470519,84.22298431396484,370600
2022-05-11,84.22298431396484,84.22298431396484,84.21456358470519,84.22298431396484,857300
2022-05-12,84.22298431396484,84.2314050432245,84.21456358470519,84.2314050432245,716900
2022-05-13,84.22298431396484,84.22298431396484,84.21456358470519,84.22298431396484,704500
2022-05-16,84.22298431396484,84.2314050432245,84.21456358470519,84.2314050432245,363800
2022-05-17,84.23139190673828,84.23139190673828,84.22297117879191,84.23139190673828,230500
2022-05-18,84.23139190673828,84.23980621155123,84.22297117879191,84.23139190673828,473800
2022-05-19,84.23981475830078,84.23981475830078,84.23140045263416,84.23981475830078,440400
2022-05-20,84.23139190673828,84.2482269394976,84.23139190673828,84.2482269394976,606400
2022-05-23,84.24405670166016,84.24826385591014,84.23142881577394,84.23142881577394,296500
2022-05-24,84.24825286865234,84.24825286865234,84.235624984413,84.24825286865234,257200
2022-05-25,84.24825286865234,84.24825286865234,84.23983213811431,84.23983213811431,485200
2022-05-26,84.25668334960938,84.25668334960938,84.23984188658436,84.23984188658436,133600
2022-05-27,84.25668334960938,84.2650976579857,84.24826261809686,84.2650976579857,1204500
2022-05-31,84.25668334960938,84.25668334960938,84.23984188658436,84.23984188658436,637800
2022-06-01,84.25749206542969,84.26591624482157,84.2490678860378,84.26591624482157,366400
2022-06-02,84.26593017578125,84.26593017578125,84.24908181421209,84.25750599499668,247800
2022-06-03,84.26593017578125,84.26593017578125,84.24908181421209,84.26593017578125,380100
2022-06-06,84.25749206542969,84.26591624482157,84.2490678860378,84.26591624482157,215100
2022-06-07,84.25749206542969,84.26591624482157,84.2490678860378,84.2490678860378,307900
2022-06-08,84.25749206542969,84.27433399844732,84.25749206542969,84.27433399844732,270800
2022-06-09,84.26593017578125,84.27434793079864,84.24908181421209,84.27434793079864,570700
2022-06-10,84.26593017578125,84.27434793079864,84.25329711748797,84.26593017578125,1596800
2022-06-13,84.25749206542969,84.26591624482157,84.2490678860378,84.26591624482157,591800
2022-06-14,84.25749206542969,84.25749206542969,84.24064370664594,84.25749206542969,846000
2022-06-15,84.2533187866211,84.25752766521227,84.24910348226108,84.25752766521227,682700
2022-06-16,84.27433776855469,84.27433776855469,84.24907165501486,84.24907165501486,1536700
2022-06-17,84.28277587890625,84.28277587890625,84.26593394235148,84.27435169774513,672900
2022-06-21,84.29959869384766,84.29959869384766,84.27012370512072,84.28275676111312,1243100
2022-06-22,84.29120635986328,84.29120635986328,84.27435799628181,84.29120635986328,941500
2022-06-23,84.29959869384766,84.29959869384766,84.2911809403634,84.29959869384766,442700
2022-06-24,84.28277587890625,84.29961781546102,84.28277587890625,84.29961781546102,598100
2022-06-27,84.29959869384766,84.29959869384766,84.28275676111312,84.28275676111312,535200
2022-06-28,84.29959869384766,84.30802287309793,84.29033916501497,84.30802287309793,726700
2022-06-29,84.30802154541016,84.30802154541016,84.29286316361119,84.30802154541016,384900
2022-06-30,84.32490539550781,84.32490539550781,84.30805703018122,84.31648121284452,559800
2022-07-01,84.31562805175781,84.32405804366518,84.30719805985044,84.32405804366518,391400
2022-07-05,84.32403564453125,84.32403564453125,84.30717566519505,84.31560565486315,530700
2022-07-06,84.32403564453125,84.33245920400128,84.31560565486315,84.33245920400128,719300
2022-07-07,84.33248138427734,84.34091137616261,84.32405782259183,84.34091137616261,970200
2022-07-08,84.33248138427734,84.33248138427734,84.32405782259183,84.32405782259183,292400
2022-07-11,84.33248138427734,84.34091137616261,84.31562783070656,84.33248138427734,837100
2022-07-12,84.32403564453125,84.34088919366937,84.32403564453125,84.34088919366937,862500
2022-07-13,84.31562805175781,84.36198336194867,84.31562805175781,84.32405804366518,758000
2022-07-14,84.34090423583984,84.34933422701143,84.32405068369589,84.33247424466826,5133800
2022-07-15,84.33248138427734,84.33248138427734,84.32405782259183,84.33248138427734,746000
2022-07-18,84.34090423583984,84.34090423583984,84.32405068369589,84.34090423583984,459500
2022-07-19,84.34931182861328,84.35773538734884,84.34088183968022,84.34088183968022,747700
2022-07-20,84.34931182861328,84.35773538734884,84.34931182861328,84.35773538734884,854600
2022-07-21,84.35774230957031,84.36617229919511,84.35774230957031,84.35774230957031,865700
2022-07-22,84.37458801269531,84.37458801269531,84.35772803629841,84.37458801269531,1006500
2022-07-25,84.37458801269531,84.37458801269531,84.36615802449685,84.37458801269531,1699600
2022-07-26,84.36617279052734,84.37460278020124,84.36617279052734,84.36617279052734,658300
2022-07-27,84.383056640625,84.383056640625,84.36619665650775,84.36619665650775,342500
2022-07-28,84.383056640625,84.39991019454234,84.383056640625,84.383056640625,1658300
2022-07-29,84.36617279052734,84.39988631902487,84.36617279052734,84.39145632935097,2338600
2022-08-01,84.40498352050781,84.40498352050781,84.39654375089864,84.40498352050781,642900
2022-08-02,84.40922546386719,84.41344213078392,84.4007856923743,84.41344213078392,351900
2022-08-03,84.42185974121094,84.42185974121094,84.40498020265612,84.41341997193354,565400
2022-08-04,84.43030548095703,84.43452858504523,84.42187214809795,84.42187214809795,638100
2022-08-05,84.43030548095703,84.43874525147477,84.42187214809795,84.43030548095703,913700
2022-08-08,84.43030548095703,84.43874525147477,84.43030548095703,84.43874525147477,513600
2022-08-09,84.4471664428711,84.4471664428711,84.43028690554925,84.43872667421017,234000
2022-08-10,84.43873596191406,84.45560906343458,84.43873596191406,84.45560906343458,453800
2022-08-11,84.45561981201172,84.47249935333843,84.44718647900714,84.47249935333843,1577700
2022-08-12,84.46405792236328,84.47249769286074,84.45561815186582,84.47249769286074,282700
2022-08-15,84.46405792236328,84.47249769286074,84.46405792236328,84.47249769286074,397400
2022-08-16,84.47248077392578,84.47248077392578,84.46404100511872,84.47248077392578,745300
2022-08-17,84.48094940185547,84.48094940185547,84.47250963016533,84.47250963016533,526400
2022-08-18,84.48937225341797,84.49781202406099,84.48093892043372,84.48093892043372,1230200
2022-08-19,84.48937225341797,84.50625179470403,84.48937225341797,84.49781202406099,625200
2022-08-22,84.52313995361328,84.52313995361328,84.49782707483425,84.49782707483425,1013200
2022-08-23,84.49783325195312,84.51471279747973,84.49783325195312,84.51471279747973,657900
2022-08-24,84.51473236083984,84.51473236083984,84.50629258612292,84.51473236083984,402300
2022-08-25,84.53577423095703,84.53999733475301,84.52311779488554,84.52311779488554,640400
2022-08-26,84.53577423095703,84.53999733475301,84.52311779488554,84.53999733475301,897100
2022-08-29,84.54000854492188,84.54000854492188,84.52312900281615,84.54000854492188,977800
2022-08-30,84.54000854492188,84.54844187831566,84.53156877386901,84.53156877386901,1400600
2022-08-31,84.5484390258789,84.55687879664703,84.54000569276964,84.55687879664703,890700
2022-09-01,84.57210540771484,84.57210540771484,84.55520396611504,84.57210540771484,1368400
2022-09-02,84.57210540771484,84.58055935275007,84.57210540771484,84.58055935275007,573100
2022-09-06,84.58055114746094,84.58900509167603,84.57209720324583,84.58900509167603,778200
2022-09-07,84.59745788574219,84.59745788574219,84.58055644472348,84.58055644472348,821200
2022-09-08,84.61434936523438,84.61434936523438,84.60589542212935,84.60589542212935,433700
2022-09-09,84.60591125488281,84.62281914425691,84.60591125488281,84.62281914425691,311200
2022-09-12,84.60591125488281,84.62281914425691,84.60591125488281,84.61436519956986,666300
2022-09-13,84.63127136230469,84.63127136230469,84.61436992045799,84.61436992045799,476700
2022-09-14,84.62283325195312,84.63973469567452,84.62283325195312,84.63973469567452,1081300
2022-09-15,84.6481704711914,84.6481704711914,84.631262582628,84.631262582628,875600
2022-09-16,84.6481704711914,84.65662441547312,84.6481704711914,84.65662441547312,1476600
2022-09-19,84.65666198730469,84.66510948686543,84.648208039271,84.65666198730469,1143000
2022-09-20,84.67352294921875,84.68197689321029,84.66506900522722,84.68197689321029,804200
2022-09-21,84.6819839477539,84.6819839477539,84.6650760583623,84.6819839477539,1227800
2022-09-22,84.6904296875,84.69888363202047,84.6904296875,84.6904296875,1182600
2022-09-23,84.70735168457031,84.70735168457031,84.69044379271337,84.69889773864185,4600400
2022-09-26,84.70735168457031,84.70735168457031,84.69889773864185,84.70735168457031,3325700
2022-09-27,84.71578216552734,84.71578216552734,84.70732822194049,84.70732822194049,1521600
2022-09-28,84.71578216552734,84.73268360423151,84.71578216552734,84.71578216552734,1412300
2022-09-29,84.74113464355469,84.74958213838248,84.73268070025756,84.74958213838248,827100
2022-09-30,84.74959564208984,84.74959564208984,84.73269420127191,84.74114814591606,1704200
2022-10-03,84.75553894042969,84.75553894042969,84.74707173683886,84.75553894042969,1338200
2022-10-04,84.76399230957031,84.76399230957031,84.75553156529969,84.76399230957031,1843100
2022-10-05,84.76399230957031,84.77245951242435,84.75553156529969,84.77245951242435,1071200
2022-10-06,84.7894058227539,84.7894058227539,84.7724714146682,84.7894058227539,1018700
2022-10-07,84.7978515625,84.7978515625,84.77245641344966,84.78092361599417,1062300
2022-10-10,84.7978515625,84.81478596758902,84.7978515625,84.81478596758902,1169800
2022-10-11,84.8062973022461,84.8062973022461,84.78767075307883,84.79783010184447,2417600
2022-10-12,84.7894058227539,84.80633377225529,84.78093861871106,84.80633377225529,4243800
2022-10-13,84.81478118896484,84.82324193244948,84.8063139868974,84.81478118896484,854200
2022-10-14,84.83171844482422,84.83171844482422,84.80632329441757,84.80632329441757,846300
2022-10-17,84.82324981689453,84.83171701974902,84.81478907262347,84.83171701974902,846200
2022-10-18,84.84017181396484,84.84017181396484,84.82323741073267,84.82323741073267,980700
2022-10-19,84.84017181396484,84.84863901558091,84.83170461234876,84.83170461234876,1640700
2022-10-20,84.85711669921875,84.8655839025252,84.85711669921875,84.8655839025252,853700
2022-10-21,84.8740234375,84.8740234375,84.8570890364076,84.8740234375,2200100
2022-10-24,84.88250732421875,84.88250732421875,84.86557937709229,84.86557937709229,596900
2022-10-25,84.8740234375,84.89095138001075,84.8740234375,84.88248417946454,1384100
2022-10-26,84.8740234375,84.89941858055694,84.8740234375,84.89941858055694,1831900
2022-10-27,84.9163589477539,84.9163589477539,84.8994310027663,84.9078982045514,1775400
2022-10-28,84.9163589477539,84.924826149539,84.9078982045514,84.924826149539,1064300
2022-10-31,84.9163589477539,84.924826149539,84.9163589477539,84.9163589477539,906400
2022-11-01,84.92568969726562,84.93417081607754,84.92568969726562,84.92568969726562,1764200
2022-11-02,84.94267272949219,84.94267272949219,84.93418513511286,84.93418513511286,926900
2022-11-03,84.97660827636719,84.97660827636719,84.95963956341478,84.96812068282252,1434100
2022-11-04,84.985107421875,84.985107421875,84.96813223247823,84.9766198271766,1553200
2022-11-07,84.99361419677734,84.99361419677734,84.97663900354983,84.97663900354983,1200100
2022-11-08,85.00206756591797,85.00206756591797,84.9935864462126,84.9935864462126,1239400
2022-11-09,85.02754211425781,85.0360297099212,85.01057339706962,85.03433348561623,968700
2022-11-10,85.0360336303711,85.04452122642579,85.0190649124006,85.0360336303711,1936300
2022-11-11,85.04450988769531,85.04450988769531,85.01056598214107,85.03602229277224,1748200
2022-11-14,85.04450988769531,85.04450988769531,85.03602229277224,85.03602229277224,2889500
2022-11-15,85.04450988769531,85.05299748261838,85.03602229277224,85.05299748261838,2778700
2022-11-16,85.0360336303711,85.0614899443963,85.0360336303711,85.05300882248048,1777700
2022-11-17,85.07841491699219,85.07841491699219,85.06992732594749,85.06992732594749,905100
2022-11-18,85.07841491699219,85.08689603390182,85.07841491699219,85.08689603390182,737300
2022-11-21,85.09542083740234,85.09542083740234,85.08693324264601,85.08693324264601,543200
2022-11-22,85.12086486816406,85.12086486816406,85.10389615523714,85.11238374876908,1424500
2022-11-23,85.13784790039062,85.13784790039062,85.12936030607658,85.13784790039062,642700
2022-11-25,85.14630889892578,85.14630889892578,85.13782778075353,85.13782778075353,518900
2022-11-28,85.1633071899414,85.1633071899414,85.1463320007192,85.1633071899414,911000
2022-11-29,85.1633071899414,85.18027590502585,85.1633071899414,85.17179478455252,1027500
2022-11-30,85.17176055908203,85.18872926734777,85.17176055908203,85.18024167614732,1182400
2022-12-01,85.20838928222656,85.2169008765635,85.20838928222656,85.20838928222656,2424800
2022-12-02,85.21688079833984,85.22539239067133,85.20836920600834,85.22539239067133,1084500
2022-12-05,85.24241638183594,85.24241638183594,85.22539968815855,85.23391128121885,1528400
2022-12-06,85.2594223022461,85.2594223022461,85.24239911957282,85.24239911957282,1681600
2022-12-07,85.25093078613281,85.26794748037135,85.25093078613281,85.26794748037135,1659700
2022-12-08,85.29347229003906,85.29347229003906,85.28496069769304,85.29347229003906,964100
2022-12-09,85.29347229003906,85.30197738994241,85.29347229003906,85.29347229003906,564000
2022-12-12,85.31048583984375,85.31048583984375,85.30197424781126,85.30197424781126,657600
2022-12-13,85.3189926147461,85.32749771385596,85.31048102319417,85.32749771385596,719700
2022-12-14,85.3189926147461,85.32749771385596,85.3189926147461,85.3189926147461,856400
2022-12-15,85.35059356689453,85.35913301126568,85.3420541225234,85.35059356689453,1977200
2022-12-16,85.359130859375,85.359130859375,85.34205197106326,85.359130859375,2045200
2022-12-19,85.359130859375,85.36766378984348,85.359130859375,85.36766378984348,1939900
2022-12-20,85.376220703125,85.39329308124259,85.376220703125,85.38476014902815,3801300
2022-12-21,85.376220703125,85.39329308124259,85.376220703125,85.39329308124259,1293400
2022-12-22,85.42742156982422,85.43596101345013,85.4188886398853,85.43596101345013,1303700
2022-12-23,85.42742156982422,85.44450045707602,85.4188886398853,85.43596101345013,1577400
2022-12-27,85.45303344726562,85.45303344726562,85.43596107368877,85.44450051732069,1041700
2022-12-28,85.46158599853516,85.47012544347682,85.45304655359351,85.46158599853516,1368500
2022-12-29,85.49571990966797,85.50425935287618,85.48718046645975,85.48718046645975,10884200
2022-12-30,85.49571990966797,85.50425935287618,85.4786475369382,85.50425935287618,1916900
2023-01-03,85.51282501220703,85.51282501220703,85.50428556638083,85.50428556638083,1660100
2023-01-04,85.5042495727539,85.52986138576237,85.5042495727539,85.52132194353091,908200
2023-01-05,85.5384292602539,85.54696219163573,85.5384292602539,85.5384292602539,1809200
2023-01-06,85.55548858642578,85.55548858642578,85.53841621257821,85.55548858642578,1766200
2023-01-09,85.55548858642578,85.55548858642578,85.53841621257821,85.54694914265846,9842300
2023-01-10,85.55548858642578,85.57256747396043,85.55548858642578,85.57256747396043,2523900
2023-01-11,85.55548858642578,85.57256747396043,85.55548858642578,85.56402803019311,3007500
2023-01-12,85.61524963378906,85.61524963378906,85.59817726034662,85.59817726034662,865400
2023-01-13,85.62378692626953,85.62378692626953,85.60670803956921,85.60670803956921,1120200
2023-01-17,85.61524963378906,85.63232852091843,85.61524963378906,85.61524963378906,939800
2023-01-18,85.64086151123047,85.64086151123047,85.62378913777597,85.62378913777597,1381400
2023-01-19,85.65792846679688,85.66646139549208,85.65792846679688,85.66646139549208,1467700
2023-01-20,85.67501831054688,85.67501831054688,85.6664788664241,85.67501831054688,1379900
2023-01-23,85.67501831054688,85.69209719879241,85.67501831054688,85.68355775466965,2633000
2023-01-24,85.70062255859375,85.70062255859375,85.6835501855437,85.69208962891211,1226600
2023-01-25,85.70915222167969,85.70915222167969,85.7006127792857,85.70915222167969,1176000
2023-01-26,85.73477935791016,85.73477935791016,85.7262464276772,85.73477935791016,1151800
2023-01-27,85.74333190917969,85.75187135440525,85.74333190917969,85.75187135440525,2232000
2023-01-30,85.7689437866211,85.7689437866211,85.75187140984711,85.75187140984711,1174600
2023-01-31,85.7689437866211,85.77748323185219,85.7689437866211,85.7689437866211,1421600
2023-02-01,85.78095245361328,85.79809205250145,85.78095245361328,85.79809205250145,1804300
2023-02-02,85.82379150390625,85.82379150390625,85.81093517188603,85.81522497544924,2411400
2023-02-03,85.83234405517578,85.83234405517578,85.81520446302395,85.83234405517578,1896400
2023-02-06,85.83234405517578,85.84949018666076,85.83234405517578,85.84091712091828,1695900
2023-02-07,85.84951782226562,85.85808435143261,85.8409447537634,85.85380108684912,1221700
2023-02-08,85.85807800292969,85.866651070798,85.84951147439612,85.85807800292969,2473800
2023-02-09,85.8923568725586,85.8923568725586,85.88378380537523,85.88378380537523,1081100
2023-02-10,85.90094757080078,85.90094757080078,85.89237450185782,85.90094757080078,1425500
2023-02-13,85.91805267333984,85.91805267333984,85.90091308167102,85.9094861471719,2398700
2023-02-14,85.90950775146484,85.9266473474439,85.90950775146484,85.91807427978708,1309900
2023-02-15,85.93521881103516,85.93521881103516,85.91807267604156,85.92664574353836,1216900
2023-02-16,85.96952819824219,85.9780947287618,85.9609551283863,85.96952819824219,1744500
2023-02-17,85.97806549072266,85.98663855766316,85.97806549072266,85.98663855766316,1228600
2023-02-21,85.9952163696289,86.00378289770802,85.9952163696289,86.00378289770802,2903100
2023-02-22,86.0123519897461,86.0123519897461,86.0037789227288,86.0123519897461,9440100
2023-02-23,86.04661560058594,86.04661560058594,86.0294760102911,86.04661560058594,1708000
2023-02-24,86.05522155761719,86.05522155761719,86.04664848952673,86.05522155761719,2364400
2023-02-27,86.06377410888672,86.07234063560006,86.06377410888672,86.06377410888672,1759100
2023-02-28,86.08094787597656,86.08094787597656,86.06380827641206,86.08094787597656,1561400
2023-03-01,86.08782958984375,86.0964198990477,86.07923272315186,86.08782958984375,2607600
2023-03-02,86.13080596923828,86.13080596923828,86.12220910203126,86.13080596923828,3157500
2023-03-03,86.13939666748047,86.13939666748047,86.1136126251943,86.1136126251943,2467400
2023-03-06,86.13080596923828,86.1479997036523,86.13080596923828,86.1479997036523,1563600
2023-03-07,86.15655517578125,86.15655517578125,86.14796486953608,86.15655517578125,1258000
2023-03-08,86.1651611328125,86.1651611328125,86.14797396102266,86.1651611328125,1381400
2023-03-09,86.1909408569336,86.19953772114158,86.18234399272559,86.18320958088384,3052300
2023-03-10,86.20816040039062,86.21675070968493,86.1995635336083,86.20816040039062,3660800
2023-03-13,86.23394775390625,86.24253806353036,86.22535088679388,86.24253806353036,6303300
2023-03-14,86.2511215209961,86.2511215209961,86.23393434693175,86.2511215209961,2820100
2023-03-15,86.28547668457031,86.28547668457031,86.25969265242246,86.2682895156335,4904300
2023-03-16,86.30268859863281,86.31127890616891,86.29409173361003,86.31127890616891,2073800
2023-03-17,86.31127166748047,86.32846539608401,86.3026813606648,86.31127166748047,3651500
2023-03-20,86.31987762451172,86.33706479743961,86.31987762451172,86.33706479743961,2371500
2023-03-21,86.34565734863281,86.34565734863281,86.32847017656363,86.34565734863281,1727800
2023-03-22,86.3370590209961,86.36284961489261,86.3370590209961,86.35425275026044,2389900
2023-03-23,86.37142944335938,86.38862317053776,86.37142944335938,86.38002630694857,2302600
2023-03-24,86.40582275390625,86.40582275390625,86.38863558174421,86.39722588908197,3171100
2023-03-27,86.38861846923828,86.40580563799575,86.38861846923828,86.38861846923828,1457100
2023-03-28,86.4144287109375,86.43161588490791,86.4144287109375,86.4144287109375,1819600
2023-03-29,86.4229965209961,86.4315868263496,86.4229965209961,86.4315868263496,1724900
2023-03-30,86.44019317626953,86.44879004005158,86.44019317626953,86.44879004005158,2052700
2023-03-31,86.44877624511719,86.44877624511719,86.42728736783398,86.44877624511719,5189500
2023-04-03,86.45915222167969,86.45915222167969,86.45052430399109,86.45915222167969,3136300
2023-04-04,86.47640991210938,86.47640991210938,86.45916065622232,86.45916065622232,3701400
2023-04-05,86.51091003417969,86.5281592890756,86.51091003417969,86.51953795221424,2504500
2023-04-06,86.53678894042969,86.53678894042969,86.52816102222232,86.53678894042969,1478000
2023-04-10,86.54540252685547,86.54540252685547,86.52814669329828,86.54108527788006,3470600
2023-04-11,86.54540252685547,86.56265177924044,86.54540252685547,86.56265177924044,2727900
2023-04-12,86.56266021728516,86.57128813490479,86.55403229966552,86.56266021728516,10695300
2023-04-13,86.61441040039062,86.61441040039062,86.59715456729133,86.60578248384098,1510900
2023-04-14,86.623046875,86.623046875,86.60579762005808,86.60579762005808,1791500
2023-04-17,86.623046875,86.63167479305757,86.623046875,86.623046875,1412000
2023-04-18,86.64032745361328,86.6489487929597,86.64032745361328,86.64032745361328,1103200
2023-04-19,86.66616821289062,86.66616821289062,86.64891237909933,86.65754029599498,1948100
2023-04-20,86.70064544677734,86.70064544677734,86.69201753265341,86.70064544677734,1421500
2023-04-21,86.70932006835938,86.70932006835938,86.70069873010725,86.70932006835938,1293100
2023-04-24,86.71792602539062,86.71792602539062,86.70929810814938,86.70929810814938,1508900
2023-04-25,86.71792602539062,86.72655394263185,86.70067677208071,86.72655394263185,1922100
2023-04-26,86.71792602539062,86.72655394263185,86.71792602539062,86.71792602539062,1942700
2023-04-27,86.74382019042969,86.76107602829286,86.74382019042969,86.74382019042969,2307900
2023-04-28,86.74382019042969,86.75244810936127,86.74382019042969,86.74382019042969,2363900
2023-05-01,86.7541732788086,86.78015171052496,86.7541732788086,86.77149003097762,3549800
2023-05-02,86.77152252197266,86.7801842047633,86.76286744611014,86.7801842047633,1648600
2023-05-03,86.77152252197266,86.7801842047633,86.77152252197266,86.7801842047633,1600900
2023-05-04,86.81481170654297,86.81481170654297,86.79749495040758,86.79749495040758,4615700
2023-05-05,86.82347869873047,86.83213377386397,86.81481701666938,86.83213377386397,2130900
2023-05-08,86.8321304321289,86.84079211385665,86.8321304321289,86.8321304321289,2293300
2023-05-09,86.8407974243164,86.85812078883124,86.8407974243164,86.85812078883124,1693100
2023-05-10,86.85814666748047,86.87546343022696,86.85814666748047,86.85814666748047,1603000
2023-05-11,86.91008758544922,86.91874926869498,86.90142590220346,86.90142590220346,2600800
2023-05-12,86.9273910522461,86.9273910522461,86.91007429533109,86.91873597725233,1785600
2023-05-15,86.91873168945312,86.93604844551386,86.91873168945312,86.92738676401991,1435800
2023-05-16,86.9447250366211,86.9447250366211,86.93606335364181,86.93606335364181,1270500
2023-05-17,86.95338439941406,86.96203947523412,86.9447227166659,86.95338439941406,1095500
2023-05-18,86.9793472290039,86.99666398446399,86.9793472290039,86.9793472290039,1892500
2023-05-19,86.9880142211914,86.99667590357161,86.97935914573902,86.9880142211914,1328000
2023-05-22,86.99666595458984,87.0053276359795,86.98800427320019,86.99666595458984,1356300
2023-05-23,87.01403045654297,87.02268553509757,87.00536877105817,87.01403045654297,1877900
2023-05-24,87.01403045654297,87.03134722058235,87.01403045654297,87.02268553509757,2186900
2023-05-25,87.06597900390625,87.07464068856018,87.05731731925232,87.07464068856018,2024700
2023-05-26,87.0919418334961,87.0919418334961,87.0832801503954,87.0919418334961,1473700
2023-05-30,87.1092300415039,87.1092300415039,87.10057496816839,87.10057496816839,2039800
2023-05-31,87.1092300415039,87.12655340202734,87.1092300415039,87.11789172176562,3443000
2023-06-01,87.17189025878906,87.17189025878906,87.15449217253477,87.17189025878906,3887000
2023-06-02,87.17189025878906,87.18058266649048,87.17189025878906,87.18058266649048,2531700
2023-06-05,87.18924713134766,87.18924713134766,87.18054809167045,87.18054809167045,2639000
2023-06-06,87.2153549194336,87.2153549194336,87.19796347205163,87.2066558780304,2431700
2023-06-07,87.22407531738281,87.22407531738281,87.21537627384969,87.21537627384969,2451600
2023-06-08,87.25881958007812,87.26751198367498,87.25012054105868,87.25881958007812,1433100
2023-06-09,87.26754760742188,87.27624664999239,87.25885520027666,87.26754760742188,2619600
2023-06-12,87.28492736816406,87.28492736816406,87.26752928667555,87.28492736816406,1647000
2023-06-13,87.29362487792969,87.29362487792969,87.284925837338,87.284925837338,2320600
2023-06-14,87.3110122680664,87.3110122680664,87.3023132278788,87.3110122680664,1624100
2023-06-15,87.35449981689453,87.3631922215575,87.34580077680815,87.3631922215575,1901500
2023-06-16,87.35449981689453,87.37189126164387,87.35449981689453,87.37189126164387,2270100
2023-06-20,87.38059997558594,87.38929901663538,87.3719009345365,87.38929901663538,3109100
2023-06-21,87.38932800292969,87.39802041143818,87.38062895899485,87.38932800292969,1798200
2023-06-22,87.4240951538086,87.43279419617585,87.4240951538086,87.4240951538086,1363200
2023-06-23,87.44147491455078,87.44147491455078,87.43277587400648,87.44147491455078,1187700
2023-06-26,87.45018005371094,87.45887245943767,87.45018005371094,87.45018005371094,2400900
2023-06-27,87.45887756347656,87.47627564679381,87.45887756347656,87.46757660513519,1668000
2023-06-28,87.4849624633789,87.4849624633789,87.46757101659745,87.47627005770026,2234700
2023-06-29,87.51976013183594,87.51976013183594,87.50236868343704,87.50236868343704,2015600
2023-06-30,87.51976013183594,87.52845917374779,87.51976013183594,87.52845917374779,4448700
2023-07-03,87.5608139038086,87.5608139038086,87.5433434236479,87.55207866372824,3589900
2023-07-05,87.56953430175781,87.56953430175781,87.56080572552862,87.56080572552862,2078500
2023-07-06,87.60443878173828,87.60443878173828,87.59571020847966,87.60443878173828,6204900
2023-07-07,87.61322784423828,87.61322784423828,87.5957640239589,87.61322784423828,2019400
2023-07-10,87.6219253540039,87.63065392886632,87.6219253540039,87.63065392886632,2072800
2023-07-11,87.63068389892578,87.63941913980993,87.63068389892578,87.63068389892578,2155900
2023-07-12,87.64814758300781,87.65688282321449,87.63941234280114,87.64814758300781,2323900
2023-07-13,87.6830825805664,87.6918178208428,87.6830825805664,87.6830825805664,2442000
2023-07-14,87.69181060791016,87.70053918443253,87.69181060791016,87.70053918443253,4713700
2023-07-17,87.70926666259766,87.71800190138256,87.70053142381275,87.71363095047265,1728200
2023-07-18,87.71800994873047,87.72673852528122,87.71800994873047,87.72237423700584,1857600
2023-07-19,87.73548126220703,87.73548126220703,87.72674602187429,87.72674602187429,1467800
2023-07-20,87.7704086303711,87.7704086303711,87.76167339072805,87.7704086303711,1409500
2023-07-21,87.77912139892578,87.77912139892578,87.77038616151894,87.77912139892578,1452700
2023-07-24,87.79660034179688,87.79660034179688,87.78786510288458,87.79660034179688,1536000
2023-07-25,87.80534362792969,87.81407886764256,87.79660838821681,87.80534362792969,1282900
2023-07-26,87.82278442382812,87.82278442382812,87.8053206120157,87.82278442382812,1641900
2023-07-27,87.85774230957031,87.85774230957031,87.84900706980083,87.84900706980083,1512500
2023-07-28,87.87521362304688,87.87521362304688,87.85774314334209,87.85774314334209,1323400
2023-07-31,87.87521362304688,87.88394219986353,87.87521362304688,87.87521362304688,3955300
2023-08-01,87.89447784423828,87.90325162236283,87.89447784423828,87.90325162236283,4694200
2023-08-02,87.92081451416016,87.92081451416016,87.91204073450524,87.92081451416016,2059600
2023-08-03,87.94711303710938,87.955880122724,87.94711303710938,87.94711303710938,2615000
2023-08-04,87.96467590332031,87.96467590332031,87.95590212307934,87.96467590332031,2250100
2023-08-07,87.97344970703125,87.98222348727455,87.97344970703125,87.98222348727455,2017300
2023-08-08,87.98220825195312,87.99974911696886,87.98220825195312,87.99097533824485,2138300
2023-08-09,88.00853729248047,88.00853729248047,87.99976351232121,88.00853729248047,1914100
2023-08-10,88.03486633300781,88.04364011460147,88.03486633300781,88.04364011460147,3643500
2023-08-11,88.04363250732422,88.05239959572589,88.04363250732422,88.05239959572589,1948300
2023-08-14,88.06993865966797,88.06993865966797,88.06116487967897,88.06116487967897,2367100
2023-08-15,88.07872772216797,88.0874948112449,88.06995394065663,88.07872772216797,2725000
2023-08-16,88.09626007080078,88.09626007080078,88.08748629013817,88.09626007080078,3010900
2023-08-17,88.13135528564453,88.13135528564453,88.1225815043065,88.1225815043065,5092100
2023-08-18,88.14012145996094,88.14012145996094,88.13134767938013,88.14012145996094,2604900
2023-08-21,88.1489028930664,88.15767667507501,88.1489028930664,88.1489028930664,1967100
2023-08-22,88.15767669677734,88.16645047878812,88.15767669677734,88.16645047878812,2327200
2023-08-23,88.1839599609375,88.1839599609375,88.16641909559448,88.1839599609375,2200200
2023-08-24,88.21905517578125,88.21905517578125,88.21028139621808,88.21905517578125,2699900
2023-08-25,88.22782897949219,88.22782897949219,88.2190551999266,88.22782897949219,1902900
2023-08-28,88.24537658691406,88.24537658691406,88.23660280667829,88.24537658691406,1406500
2023-08-29,88.26292419433594,88.26292419433594,88.24537663385505,88.25415041409549,2521800
2023-08-30,88.26292419433594,88.27169128214294,88.26292419433594,88.26292419433594,1908500
2023-08-31,88.3067626953125,88.31553647386237,88.29799560919479,88.29799560919479,4114400
2023-09-01,88.33409118652344,88.33409118652344,88.32528640236299,88.33409118652344,6907600
2023-09-05,88.34290313720703,88.35171464262116,88.34290313720703,88.34731225051875,2632600
2023-09-06,88.36051177978516,88.36051177978516,88.35170027580385,88.36051177978516,2724500
2023-09-07,88.40455627441406,88.40455627441406,88.38693998757655,88.39574477039119,2697700
2023-09-08,88.41339111328125,88.41339111328125,88.40457960693276,88.40457960693276,2149500
2023-09-11,88.42219543457031,88.43100021899332,88.42219543457031,88.42219543457031,1968400
2023-09-12,88.43098449707031,88.43979600113622,88.43098449707031,88.43979600113622,1728600
2023-09-13,88.45745086669922,88.45745086669922,88.43982785222057,88.4486393594599,2152000
2023-09-14,88.48387145996094,88.49267624527236,88.48387145996094,88.49267624527236,2075300
2023-09-15,88.50146484375,88.50146484375,88.4926533395092,88.4970624522338,2323300
2023-09-18,88.51029968261719,88.51911118918103,88.51029968261719,88.51029968261719,2307700
2023-09-19,88.51910400390625,88.52790878854519,88.51910400390625,88.51910400390625,1702900
2023-09-20,88.54552459716797,88.54552459716797,88.5279015869044,88.53671309203618,1965900
2023-09-21,88.57195281982422,88.58076432499863,88.57195281982422,88.58076432499863,3186500
2023-09-22,88.58956909179688,88.58956909179688,88.5807643078333,88.5807643078333,3379500
2023-09-25,88.60719299316406,88.60719299316406,88.59838148790274,88.60719299316406,2866300
2023-09-26,88.60719299316406,88.61599777721617,88.60719299316406,88.61599777721617,2836000
2023-09-27,88.63362884521484,88.63362884521484,88.61600583309016,88.63362884521484,3450300
2023-09-28,88.6600570678711,88.66886857397574,88.6600570678711,88.6600570678711,2880000
2023-09-29,88.68647766113281,88.68647766113281,88.62481056582905,88.6644522582652,5697300
2023-10-02,88.69709014892578,88.69709014892578,88.68824918250013,88.69709014892578,6244400
2023-10-03,88.70594787597656,88.72364330848372,88.70594787597656,88.71479559223015,4955000
2023-10-04,88.72364044189453,88.72364044189453,88.71479272592681,88.72364044189453,3347400
2023-10-05,88.77671813964844,88.77671813964844,88.76787042319242,88.76787042319242,3345400
2023-10-06,88.78553009033203,88.79437105439636,88.76783466454829,88.76783466454829,3186900
2023-10-09,88.79438781738281,88.80323553194499,88.79438781738281,88.80323553194499,2533900
2023-10-10,88.79438781738281,88.80323553194499,88.79438781738281,88.7988150490783,2865400
2023-10-11,88.81209564208984,88.81209564208984,88.80324792629278,88.81209564208984,2673500
2023-10-12,88.85631561279297,88.85631561279297,88.83862693104597,88.83862693104597,2064200
2023-10-13,88.85631561279297,88.86516332808115,88.85631561279297,88.86516332808115,2499400
2023-10-16,88.88287353515625,88.88287353515625,88.87402581839717,88.87402581839717,2622000
2023-10-17,88.89169311523438,88.89169311523438,88.88285214943295,88.89169311523438,2367400
2023-10-18,88.90937805175781,88.90937805175781,88.90053033817172,88.90937805175781,5428500
2023-10-19,88.94478607177734,88.94478607177734,88.93593835581237,88.94478607177734,2599100
2023-10-20,88.96247863769531,88.96247863769531,88.95363092134417,88.96247863769531,2817300
2023-10-23,88.98014068603516,88.98014068603516,88.97129972116066,88.9757202035979,2585300
2023-10-24,88.98900604248047,88.98900604248047,88.9801583270237,88.98900604248047,2151500
2023-10-25,88.98900604248047,89.00670147339402,88.98900604248047,88.99785375793724,3023800
2023-10-26,89.04207611083984,89.04207611083984,89.02438068180939,89.04207611083984,2870600
2023-10-27,89.04207611083984,89.0509170765263,89.04207611083984,89.0509170765263,3906000
2023-10-30,89.05977630615234,89.06862402181156,89.05977630615234,89.05977630615234,3542400
2023-10-31,89.07746887207031,89.07746887207031,89.06862790485532,89.06862790485532,4720800
2023-11-01,89.09259033203125,89.10147572656201,89.08370493750047,89.08815102355096,9100400
2023-11-02,89.12810516357422,89.13698377854556,89.1192197710342,89.1192197710342,3989700
2023-11-03,89.13697814941406,89.14586354139296,89.13697814941406,89.13697814941406,3352000
2023-11-06,89.15474700927734,89.15474700927734,89.14586161749021,89.14852520175592,3746500
2023-11-07,89.15474700927734,89.1725110152835,89.15474700927734,89.1725110152835,3550900
2023-11-08,89.17250061035156,89.18138600110191,89.17250061035156,89.1796102784653,3479900
2023-11-09,89.2169189453125,89.22580433587949,89.20803355474551,89.20803355474551,2604100
2023-11-10,89.2169189453125,89.2346829488793,89.2169189453125,89.2346829488793,3029700
2023-11-13,89.225830078125,89.24359408681683,89.225830078125,89.23470869368634,7757900
2023-11-14,89.26134490966797,89.26134490966797,89.25245951852472,89.26134490966797,3774800
2023-11-15,89.26134490966797,89.2702235232436,89.26134490966797,89.26134490966797,3981800
2023-11-16,89.30577087402344,89.3146562664167,89.30577087402344,89.30577087402344,2420200
2023-11-17,89.32353210449219,89.32353210449219,89.31464671304931,89.31464671304931,2158800
2023-11-20,89.3324203491211,89.34130574152186,89.3324203491211,89.34130574152186,2597700
2023-11-21,89.35906219482422,89.36794758647387,89.35018358074257,89.35018358074257,2011400
2023-11-22,89.39459228515625,89.40347767633888,89.39459228515625,89.40347767633888,2190400
2023-11-24,89.42124938964844,89.42124938964844,89.41236399837331,89.42124938964844,1104400
2023-11-27,89.42124938964844,89.43901339463099,89.42124938964844,89.43901339463099,2890600
2023-11-28,89.43013763427734,89.44790841874138,89.43013763427734,89.43902302650936,1779200
2023-11-29,89.45682525634766,89.45682525634766,89.43906124186189,89.4435005510905,2921000
2023-11-30,89.48344421386719,89.49232282863035,89.4745588215355,89.4745588215355,6294600
2023-12-01,89.51290130615234,89.51290130615234,89.50397666265182,89.51290130615234,6708000
2023-12-04,89.52181243896484,89.53073027361108,89.51288779681123,89.52181243896484,3521600
2023-12-05,89.53965759277344,89.53965759277344,89.52181511544013,89.53965759277344,2138900
2023-12-06,89.53965759277344,89.54858223519386,89.53965759277344,89.53965759277344,2371200
2023-12-07,89.58425903320312,89.59318367413279,89.57533439227348,89.58425903320312,2551100
2023-12-08,89.59319305419922,89.59319305419922,89.58426841233518,89.59319305419922,2503500
2023-12-11,89.61104583740234,89.61104583740234,89.6021211945118,89.61104583740234,2478600
2023-12-12,89.61995697021484,89.6288748042531,89.61995697021484,89.6288748042531,2250300
2023-12-13,89.62887573242188,89.63780037405945,89.62887573242188,89.63780037405945,4326000
2023-12-14,89.67819213867188,89.68715055223535,89.66922688662476,89.67819213867188,5268100
2023-12-15,89.68714904785156,89.69611429974829,89.68714904785156,89.68714904785156,3426500
2023-12-18,89.69609069824219,89.70505594777991,89.69609069824219,89.70505594777991,4107700
2023-12-19,89.72297668457031,89.72297668457031,89.70505302456066,89.71401143532474,4336200
2023-12-20,89.73197174072266,89.74093699294629,89.72300648849902,89.73197174072266,4477200
2023-12-21,89.7857437133789,89.7857437133789,89.7767853002241,89.7767853002241,4097500
2023-12-22,89.79469299316406,89.79469299316406,89.7857277431206,89.7857277431206,3353700
2023-12-26,89.80365753173828,89.81261594322868,89.80365753173828,89.80365753173828,2559900
2023-12-27,89.8126220703125,89.82158732089657,89.8126220703125,89.82158732089657,3096500
2023-12-28,89.86637878417969,89.8753371934949,89.86637878417969,89.86637878417969,3386700
2023-12-29,89.8753662109375,89.88433146162765,89.8753662109375,89.8753662109375,3189200
2024-01-02,89.89330291748047,89.90226816878946,89.88433766617148,89.89330291748047,5286200
2024-01-03,89.90225219726562,89.92017585821634,89.90225219726562,89.90225219726562,4597300
2024-01-04,89.94707489013672,89.95604014086182,89.94707489013672,89.94707489013672,2794100
2024-01-05,89.95603942871094,89.96500467936505,89.95603942871094,89.95603942871094,3491200
2024-01-08,89.98292541503906,89.98292541503906,89.97396016467658,89.98292541503906,2867500
2024-01-09,89.99188995361328,89.99188995361328,89.98292470332171,89.99188995361328,2419800
2024-01-10,90.00982666015625,90.00982666015625,90.0008682470487,90.00982666015625,1961400
2024-01-11,90.06358337402344,90.06358337402344,90.04565287640769,90.04565287640769,3164900
2024-01-12,90.07255554199219,90.07255554199219,90.06359713029718,90.06359713029718,2557900
2024-01-16,90.08152770996094,90.09049296082665,90.08152770996094,90.09049296082665,2713000
2024-01-17,90.0904769897461,90.09943540054094,90.0904769897461,90.09943540054094,2317700
2024-01-18,90.12635803222656,90.13531644569362,90.12635803222656,90.13531644569362,2672000
2024-01-19,90.15325164794922,90.15325164794922,90.13532114311353,90.14428639553137,3630100
2024-01-22,90.16220092773438,90.17116617924397,90.15324251470801,90.16668697273077,4307000
2024-01-23,90.18013763427734,90.18013763427734,90.17117238215103,90.17117238215103,2066200
2024-01-24,90.18907928466797,90.18907928466797,90.18011403488778,90.18011403488778,3441600
2024-01-25,90.23390197753906,90.23390197753906,90.21597831445023,90.21597831445023,2426000
2024-01-26,90.23390197753906,90.24286722832481,90.23390197753906,90.24286722832481,2059100
2024-01-29,90.24285125732422,90.26077491724095,90.24285125732422,90.25181650652331,2914400
2024-01-30,90.26976013183594,90.26976013183594,90.26079488065395,90.26079488065395,3741000
2024-01-31,90.26976013183594,90.27872538301793,90.26976013183594,90.26976013183594,5171300
2024-02-01,90.32197570800781,90.33098191603915,90.32197570800781,90.33098191603915,7038600
2024-02-02,90.33100128173828,90.33100128173828,90.32199507177613,90.33100128173828,3864800
2024-02-05,90.34899139404297,90.34899139404297,90.3399920553439,90.34899139404297,3969400
2024-02-06,90.35800170898438,90.36700791781695,90.3489955001518,90.35800170898438,2167300
2024-02-07,90.37600708007812,90.37600708007812,90.36700087194777,90.37600708007812,2621200
2024-02-08,90.40300750732422,90.42101305160489,90.40300750732422,90.40300750732422,3838700
2024-02-09,90.43003845214844,90.43003845214844,90.41653257364057,90.421032243235,3232500
2024-02-12,90.43003845214844,90.44804400025073,90.43003845214844,90.43904466106187,2792700
2024-02-13,90.44805145263672,90.44805145263672,90.43905211270636,90.44805145263672,3009000
2024-02-14,90.4660415649414,90.4660415649414,90.45703535750665,90.4660415649414,2614100
2024-02-15,90.5110855102539,90.5200917203402,90.5110855102539,90.5200917203402,2577800
2024-02-16,90.52007293701172,90.52907914522919,90.52007293701172,90.52907914522919,2920700
2024-02-20,90.53809356689453,90.54709290620436,90.52908735786004,90.53809356689453,3268600
2024-02-21,90.54707336425781,90.56508577843935,90.54707336425781,90.55607957134858,2302700
2024-02-22,90.58309936523438,90.59210557312475,90.58309936523438,90.58309936523438,2452200
2024-02-23,90.61009216308594,90.61009216308594,90.60109282680206,90.61009216308594,2010100
2024-02-26,90.6191177368164,90.6281239447475,90.6191177368164,90.6191177368164,2645100
2024-02-27,90.63712310791016,90.63712310791016,90.62811690067907,90.63712310791016,2360300
2024-02-28,90.6461410522461,90.6461410522461,90.63714171289101,90.63714171289101,4526200
2024-02-29,90.67315673828125,90.68216294775124,90.67315673828125,90.67315673828125,5560200
2024-03-01,90.70028686523438,90.70028686523438,90.69124383664457,90.70028686523438,7579200
2024-03-04,90.70931243896484,90.71834856800609,90.70931243896484,90.70931243896484,3613500
2024-03-05,90.71834564208984,90.72738866864786,90.71834564208984,90.71834564208984,3905300
2024-03-06,90.7364273071289,90.7454703332496,90.72738428100821,90.7364273071289,2760000
2024-03-07,90.7816390991211,90.7816390991211,90.77259607264587,90.7816390991211,2415500
2024-03-08,90.79068756103516,90.79973058873883,90.78165143114057,90.79973058873883,3748900
2024-03-11,90.80876922607422,90.80876922607422,90.79972619880776,90.80876922607422,3238400
2024-03-12,90.81781005859375,90.82685308632851,90.81781005859375,90.81781005859375,2613300
2024-03-13,90.82684326171875,90.83588628847534,90.82684326171875,90.82684326171875,2249300
2024-03-14,90.86299896240234,90.8720419882126,90.86299896240234,90.86299896240234,3469600
2024-03-15,90.881103515625,90.881103515625,90.87206738509697,90.881103515625,3277300
2024-03-18,90.89012908935547,90.89917211595645,90.89012908935547,90.89917211595645,3576200
2024-03-19,90.9082260131836,90.91726214305685,90.9082260131836,90.91726214305685,2661900
2024-03-20,90.91724395751953,90.92628698339304,90.91724395751953,90.91724395751953,2492700
2024-03-21,90.95341491699219,90.96245794343776,90.95341491699219,90.95341491699219,3547400
2024-03-22,90.97149658203125,90.98053271023286,90.96245355602184,90.98053271023286,2636700
2024-03-25,90.98957824707031,90.99862127332925,90.98957824707031,90.98957824707031,2422900
2024-03-26,90.99861145019531,91.00765447547806,90.99861145019531,90.99861145019531,3181700
2024-03-27,91.0438461303711,91.05288915896632,91.0438461303711,91.05288915896632,2990800
2024-03-28,91.05286407470703,91.06190710081097,91.05286407470703,91.06190710081097,5425800
2024-04-01,91.08010864257812,91.0891922565597,91.08010864257812,91.0891922565597,7395400
2024-04-02,91.09827423095703,91.09827423095703,91.0891975452158,91.09827423095703,4202900
2024-04-03,91.10737609863281,91.11645971496166,91.10737609863281,91.10737609863281,4333600
2024-04-04,91.15277862548828,91.15277862548828,91.14369501001903,91.14369501001903,3427500
2024-04-05,91.16182708740234,91.1709107000592,91.16182708740234,91.1709107000592,3104200
2024-04-08,91.18001556396484,91.18001556396484,91.17093194919087,91.18001556396484,3511400
2024-04-09,91.18910217285156,91.18910217285156,91.18001855777933,91.18910217285156,3578500
2024-04-10,91.2072525024414,91.2072525024414,91.18909220305062,91.1981688883623,3893100
2024-04-11,91.24356079101562,91.24356079101562,91.23447717885183,91.23447717885183,3521100
2024-04-12,91.25267791748047,91.25267791748047,91.24359430198055,91.25267791748047,4235400
2024-04-15,91.27083587646484,91.27083587646484,91.26175226119813,91.26175226119813,4144700
2024-04-16,91.27083587646484,91.28899617822995,91.27083587646484,91.27991949173156,4850000
2024-04-17,91.29808807373047,91.29808807373047,91.28900445763992,91.29808807373047,3688400
2024-04-18,91.32532501220703,91.33440862760322,91.32532501220703,91.33440862760322,3235600
2024-04-19,91.35256958007812,91.35256958007812,91.33440927792486,91.35256958007812,3319500
2024-04-22,91.36164855957031,91.36164855957031,91.35256494457037,91.36164855957031,3547400
2024-04-23,91.37071990966797,91.37980352344859,91.36163629588735,91.37071990966797,4233300
2024-04-24,91.37982940673828,91.38890609432269,91.37982940673828,91.38890609432269,3200000
2024-04-25,91.42521667480469,91.42521667480469,91.4161399889037,91.42521667480469,2705900
2024-04-26,91.44338989257812,91.44338989257812,91.4343062773144,91.4343062773144,3008600
2024-04-29,91.44338989257812,91.45246657907354,91.44338989257812,91.45246657907354,2501900
2024-04-30,91.45246124267578,91.46154485740946,91.45246124267578,91.45246124267578,6488000
2024-05-01,91.48712158203125,91.48712158203125,91.47800615301813,91.48712158203125,8406600
2024-05-02,91.52359008789062,91.52359008789062,91.51446770193866,91.52359008789062,4369600
2024-05-03,91.54185485839844,91.54185485839844,91.52361008250867,91.53273247045355,4792400
2024-05-06,91.55097961425781,91.55097961425781,91.54186418372754,91.54186418372754,3623700
2024-05-07,91.55097961425781,91.56010200313199,91.55097961425781,91.56010200313199,3591500
2024-05-08,91.57831573486328,91.57831573486328,91.56007096330009,91.56919334908169,3109400
2024-05-09,91.60569763183594,91.61481306143509,91.60569763183594,91.61025534663551,2739600
2024-05-10,91.6330337524414,91.6330337524414,91.61478898135218,91.6330337524414,3005800
2024-05-13,91.64218139648438,91.64218139648438,91.63305900842545,91.64218139648438,3317000
2024-05-14,91.64218139648438,91.65129682620002,91.64218139648438,91.65129682620002,2765800
2024-05-15,91.66040802001953,91.66953040696437,91.66040802001953,91.66040802001953,4228600
2024-05-16,91.70599365234375,91.71510907902338,91.69687126732315,91.70599365234375,3699500
2024-05-17,91.71512603759766,91.72424842430503,91.71512603759766,91.72424842430503,4544200
2024-05-20,91.72422790527344,91.7333502899401,91.72422790527344,91.7333502899401,3341000
2024-05-21,91.74249267578125,91.75161506312864,91.74249267578125,91.74249267578125,3774900
2024-05-22,91.7516098022461,91.76073218907041,91.7516098022461,91.76073218907041,2609000
2024-05-23,91.8154525756836,91.8154525756836,91.80633714720338,91.80633714720338,3077800
2024-05-24,91.82457733154297,91.82457733154297,91.81545494448505,91.82457733154297,2512800
2024-05-28,91.83370208740234,91.83370208740234,91.82457970010911,91.82457970010911,3684600
2024-05-29,91.83370208740234,91.84281751635287,91.83370208740234,91.84281751635287,3971700
2024-05-30,91.8519287109375,91.86105109711912,91.8519287109375,91.8519287109375,3566800
2024-05-31,91.8884048461914,91.8884048461914,91.87928246065024,91.87928246065024,7082900
2024-06-03,91.90673828125,91.91589369346227,91.90673828125,91.90673828125,9568200
2024-06-04,91.92505645751953,91.92505645751953,91.91589405640681,91.92505645751953,5355900
2024-06-05,91.94337463378906,91.94337463378906,91.93421223333662,91.93421223333662,4285300
2024-06-06,91.94337463378906,91.95253004537769,91.94337463378906,91.95253004537769,3376100
2024-06-07,91.9800033569336,91.98915876713967,91.9800033569336,91.98915876713967,3490400
2024-06-10,91.99835205078125,92.00751445292597,91.99835205078125,92.00751445292597,2732300
2024-06-11,92.01666259765625,92.01666259765625,92.00750718509983,92.01666259765625,3320000
2024-06-12,92.03498077392578,92.03498077392578,92.01665597240324,92.02581837316451,5355700
2024-06-13,92.04415130615234,92.0533067188584,92.03498890458164,92.04415130615234,3925700
2024-06-14,92.0899429321289,92.0899429321289,92.07162511912603,92.08078053119537,3505500
2024-06-17,92.0990982055664,92.0990982055664,92.08993580534195,92.0990982055664,3493700
2024-06-18,92.12657928466797,92.12657928466797,92.11741688435725,92.12657928466797,2972000
2024-06-20,92.1357650756836,92.14492048945492,92.1357650756836,92.1357650756836,3580700
2024-06-21,92.17237854003906,92.18153395091421,92.17237854003906,92.17237854003906,3460900
2024-06-24,92.1815414428711,92.19070384335416,92.1815414428711,92.19070384335416,3369500
2024-06-25,92.19986724853516,92.19986724853516,92.19070484795225,92.19986724853516,3561700
2024-06-26,92.20904541015625,92.21820082344017,92.20904541015625,92.20996095148465,4815500
2024-06-27,92.21819305419922,92.22735545557632,92.21819305419922,92.22735545557632,3349900
2024-06-28,92.25482940673828,92.26399180749326,92.25482940673828,92.25482940673828,7427800
2024-07-01,92.29070281982422,92.29070281982422,92.28150732503131,92.29070281982422,9965300
2024-07-02,92.29994201660156,92.29994201660156,92.29073949868966,92.29994201660156,5720900
2024-07-03,92.32750701904297,92.32750701904297,92.31830450467261,92.32750701904297,3986000
2024-07-05,92.36430358886719,92.36430358886719,92.35510107514126,92.35510107514126,3742000
2024-07-08,92.38272094726562,92.38272094726562,92.37351843231139,92.37351843231139,3263000
2024-07-09,92.38272094726562,92.4011189577119,92.38272094726562,92.39191644275766,4508000
2024-07-10,92.40113067626953,92.41033319239087,92.40113067626953,92.40113067626953,4062200
2024-07-11,92.41951751708984,92.41951751708984,92.4103220215432,92.4103220215432,4195600
2024-07-12,92.46552276611328,92.46552276611328,92.45632025113488,92.46552276611328,3369000
2024-07-15,92.46552276611328,92.47472528109166,92.46552276611328,92.47472528109166,3615100
2024-07-16,92.48393249511719,92.48393249511719,92.47473699843587,92.48393249511719,3622900
2024-07-17,92.49312591552734,92.49773068287828,92.48392340028789,92.49312591552734,3822100
2024-07-18,92.51152801513672,92.51152801513672,92.50232550018882,92.50232550018882,5291400
2024-07-19,92.54830932617188,92.54830932617188,92.53911383214772,92.54830932617188,2993600
2024-07-22,92.56674194335938,92.56674194335938,92.55753942713126,92.56674194335938,3386500
2024-07-23,92.57592010498047,92.58511559932629,92.56671759117332,92.57592010498047,2829200
2024-07-24,92.58512878417969,92.59433129929735,92.57593328852437,92.58512878417969,3474500
2024-07-25,92.60353088378906,92.60353088378906,92.59432836896264,92.60353088378906,3521700
2024-07-26,92.6311264038086,92.6403289181378,92.6311264038086,92.6311264038086,3172600
2024-07-29,92.65874481201172,92.65874481201172,92.64954229590627,92.64954229590627,3259000
2024-07-30,92.65874481201172,92.66794732811715,92.65874481201172,92.66794732811715,4559900
2024-07-31,92.66793060302734,92.67713311747188,92.66793060302734,92.66793060302734,7256900
2024-08-01,92.69842529296875,92.69842529296875,92.68918120274024,92.69842529296875,11015600
2024-08-02,92.74463653564453,92.74463653564453,92.72615540538716,92.73539244492824,7927400
2024-08-05,92.75389099121094,92.7723721235335,92.74464689946166,92.74464689946166,8712900
2024-08-06,92.7723617553711,92.7723617553711,92.75388062511398,92.75388062511398,5059100
2024-08-07,92.7723617553711,92.78160584608726,92.7723617553711,92.7723617553711,4611400
2024-08-08,92.80009460449219,92.80009460449219,92.7816064229449,92.79085051371854,3903300
2024-08-09,92.82783508300781,92.8370721241244,92.81859099071478,92.82783508300781,5548300
2024-08-12,92.84632110595703,92.85556519873688,92.8370770131772,92.84632110595703,3845400
2024-08-13,92.8647689819336,92.8647689819336,92.8555248931663,92.8647689819336,4782200
2024-08-14,92.88327026367188,92.88327026367188,92.8647891333007,92.87402617289865,4327700
2024-08-15,92.89253234863281,92.89253234863281,92.87404416350503,92.87404416350503,4217800
2024-08-16,92.92948150634766,92.92948150634766,92.9202374157893,92.92948150634766,3638900
2024-08-19,92.9387435913086,92.9479876843581,92.9387435913086,92.9387435913086,3930700
2024-08-20,92.9479751586914,92.95721925049517,92.9479751586914,92.95721925049517,3084200
2024-08-21,92.9756851196289,92.9756851196289,92.95720399023138,92.95720399023138,3936000
2024-08-22,92.9756851196289,92.98492920991512,92.9756851196289,92.98492920991512,3849100
2024-08-23,93.01266479492188,93.02190888623825,93.01266479492188,93.02190888623825,3549900
2024-08-26,93.03115844726562,93.04039548794941,93.03115844726562,93.03115844726562,3969000
2024-08-27,93.04039764404297,93.04964173611707,93.04039764404297,93.04964173611707,2818100
2024-08-28,93.04963684082031,93.05888093240807,93.04963684082031,93.05888093240807,3500800
2024-08-29,93.05886840820312,93.07734953771552,93.05886840820312,93.06810544737185,4537700
2024-08-30,93.1050796508789,93.11432374170842,93.1050796508789,93.1050796508789,8427400
2024-09-03,93.14595794677734,93.14595794677734,93.13668001228048,93.14595794677734,11846700
2024-09-04,93.15521240234375,93.16449741618725,93.15521240234375,93.16449741618725,7218300
2024-09-05,93.18306732177734,93.18306732177734,93.16450437509422,93.17378938963125,4833300
2024-09-06,93.22023010253906,93.22023010253906,93.21095216742657,93.22023010253906,5534600
2024-09-09,93.22947692871094,93.23876194241305,93.22947692871094,93.22947692871094,5397400
2024-09-10,93.248046875,93.248046875,93.22948392859234,93.248046875,4143900
2024-09-11,93.248046875,93.25733188939924,93.248046875,93.248046875,4500100
2024-09-12,93.2573471069336,93.26663212284795,93.2573471069336,93.26663212284795,3912400
2024-09-13,93.31303405761719,93.31303405761719,93.29447110996689,93.29447110996689,3465200
2024-09-16,93.33158874511719,93.33158874511719,93.31301871812825,93.31301871812825,3571100
2024-09-17,93.33158874511719,93.35015168971597,93.33158874511719,93.34087375861166,4452200
2024-09-18,93.35945129394531,93.36873630889089,93.35016627899972,93.35016627899972,4077700
2024-09-19,93.37801361083984,93.38729862572274,93.36873567834819,93.36873567834819,5165800
2024-09-20,93.41514587402344,93.42443088883536,93.41514587402344,93.42443088883536,4244800
2024-09-23,93.4429931640625,93.4429931640625,93.42442313597971,93.4337081500211,5220900
2024-09-24,93.4522705078125,93.4522705078125,93.44299257622005,93.44299257622005,3923500
2024-09-25,93.4522705078125,93.47084053577848,93.4522705078125,93.46155552179549,3372400
2024-09-26,93.46154022216797,93.47082523463101,93.46154022216797,93.46154022216797,4364400
2024-09-27,93.49870300292969,93.50798801835337,93.49870300292969,93.49870300292969,4945400
2024-09-30,93.49870300292969,93.51726595138543,93.49870300292969,93.50798801835337,9253100
2024-10-01,93.5359878540039,93.5359878540039,93.52666302916694,93.5359878540039,11569200
2024-10-02,93.5359878540039,93.54530556608357,93.5359878540039,93.54530556608357,5170300
2024-10-03,93.54531860351562,93.5546434296522,93.54531860351562,93.5546434296522,4066100
2024-10-04,93.58260345458984,93.59192827999496,93.58260345458984,93.58726942367127,4987100
2024-10-07,93.59192657470703,93.60125139994226,93.59192657470703,93.59192657470703,4792500
2024-10-08,93.60124969482422,93.61057451988957,93.60124969482422,93.60124969482422,3923100
2024-10-09,93.61988830566406,93.62921313033831,93.610570593747,93.61988830566406,4024800
2024-10-10,93.6385269165039,93.6385269165039,93.6292020929289,93.6385269165039,3731100
2024-10-11,93.67582702636719,93.68514473797445,93.67582702636719,93.67582702636719,3778400
2024-10-14,93.67582702636719,93.68514473797445,93.67582702636719,93.67582702636719,3297100
2024-10-15,93.69447326660156,93.69447326660156,93.68514844186868,93.69447326660156,3567400
2024-10-16,93.7131118774414,93.7131118774414,93.7037941658561,93.7037941658561,3809900
2024-10-17,93.7131118774414,93.72243670178365,93.7131118774414,93.7131118774414,3575500
2024-10-18,93.75041198730469,93.75973681243521,93.7410942749317,93.75973681243521,3970200
2024-10-21,93.76905822753906,93.76905822753906,93.75973340274766,93.75973340274766,3940600
2024-10-22,93.77835845947266,93.77835845947266,93.76904074917532,93.77835845947266,3462800
2024-10-23,93.77835845947266,93.79700810557922,93.77835845947266,93.79700810557922,3927700
2024-10-24,93.80633544921875,93.80633544921875,93.79701062591491,93.80633544921875,3704500
2024-10-25,93.8436279296875,93.8436279296875,93.83430310635384,93.83430310635384,5386900
2024-10-28,93.8436279296875,93.85294564026499,93.8436279296875,93.85294564026499,3471300
2024-10-29,93.86227416992188,93.86227416992188,93.8482904907473,93.85294934622002,3449900
2024-10-30,93.86227416992188,93.88091670456915,93.86227416992188,93.87159899362373,7059200
2024-10-31,93.88094329833984,93.89026812468316,93.87162558475498,93.87162558475498,11321100
2024-11-01,93.93243408203125,93.93243408203125,93.92307780946983,93.93243408203125,13451800
2024-11-04,93.94178771972656,93.9502155063475,93.93242430594685,93.94178771972656,5041500
2024-11-05,93.96051025390625,93.96051025390625,93.94178342720252,93.95114684055439,4280500
2024-11-06,93.96051025390625,93.9698665250664,93.95114684055439,93.95114684055439,9470900
2024-11-07,93.97921752929688,93.97921752929688,93.96985411718137,93.96985411718137,6188100
2024-11-08,94.0260238647461,94.0260238647461,94.00729704122867,94.01666045298738,5624200
2024-11-11,94.01668548583984,94.02604890009165,94.01200734981015,94.01668548583984,4443700
2024-11-12,94.0260238647461,94.03538013431428,94.0260238647461,94.03538013431428,4283300
2024-11-13,94.05410766601562,94.05410766601562,94.0353808423572,94.04474425418641,4818000
2024-11-14,94.05410766601562,94.06347107784484,94.05410766601562,94.06347107784484,4353200
2024-11-15,94.10089874267578,94.10089874267578,94.09154247420027,94.09154247420027,5605100
2024-11-18,94.11026763916016,94.11026763916016,94.10090422794914,94.11026763916016,5567500
2024-11-19,94.1196517944336,94.1196517944336,94.11028838115888,94.1196517944336,4310900
2024-11-20,94.13836669921875,94.13836669921875,94.11964701581142,94.12901042861074,4133000
2024-11-21,94.13836669921875,94.14773011201807,94.13836669921875,94.14773011201807,4410700
2024-11-22,94.16642761230469,94.17579102289824,94.16642761230469,94.16642761230469,4343900
2024-11-25,94.17582702636719,94.18519044054037,94.17582702636719,94.17582702636719,6020200
2024-11-26,94.19452667236328,94.20388294164411,94.18516326089215,94.19452667236328,4586900
2024-11-27,94.21326446533203,94.22262787860323,94.21326446533203,94.21326446533203,5909000
2024-11-29,94.25070190429688,94.26006531666683,94.25070190429688,94.25070190429688,6581100
2024-12-02,94.26763153076172,94.27703023187378,94.26763153076172,94.27232729676355,11471800
2024-12-03,94.27701568603516,94.28640721658982,94.27701568603516,94.28640721658982,5734100
2024-12-04,94.29581451416016,94.30521321467909,94.28641581364121,94.29581451416016,5351100
2024-12-05,94.30522155761719,94.3146202589676,94.30522155761719,94.30522155761719,4870100
2024-12-06,94.35220336914062,94.35220336914062,94.34280466824107,94.35220336914062,4779000
2024-12-09,94.3615951538086,94.3615951538086,94.3522036219921,94.3522036219921,5539800
2024-12-10,94.38038635253906,94.38038635253906,94.37098765223205,94.37098765223205,5293500
2024-12-11,94.38038635253906,94.38977788373829,94.38038635253906,94.38977788373829,4855300
2024-12-12,94.3897705078125,94.39916920738507,94.3897705078125,94.39916920738507,4701000
2024-12-13,94.436767578125,94.436767578125,94.42736887748339,94.42736887748339,4671500
2024-12-16,94.44615173339844,94.44615173339844,94.4367530342043,94.44615173339844,5598900
2024-12-17,94.44615173339844,94.45554326348565,94.44615173339844,94.45554326348565,5798500
2024-12-18,94.46691131591797,94.46691131591797,94.45747770088497,94.46691131591797,11526500
2024-12-19,94.48577117919922,94.49048438883723,94.47633756418328,94.47633756418328,8319400
2024-12-20,94.50462341308594,94.51405702732322,94.50462341308594,94.50934381807423,8898900
2024-12-23,94.52348327636719,94.52348327636719,94.51404966286496,94.52348327636719,7032500
2024-12-24,94.55178833007812,94.55178833007812,94.54235471543761,94.55178833007812,4654300
2024-12-26,94.56121063232422,94.56121063232422,94.55177701881225,94.56121063232422,4974100
2024-12-27,94.58951568603516,94.58951568603516,94.58008207138535,94.58008207138535,6558000
2024-12-30,94.58951568603516,94.59894930068496,94.58951568603516,94.59894930068496,6547600
2024-12-31,94.61780548095703,94.63666551374895,94.61780548095703,94.62723909522266,7371300
2025-01-02,94.63667297363281,94.63667297363281,94.62724655436347,94.63667297363281,7533100
2025-01-03,94.66496276855469,94.6743891867237,94.66496276855469,94.6743891867237,6730100
2025-01-06,94.66496276855469,94.68382280063177,94.66496276855469,94.6743891867237,6938300
2025-01-07,94.6838150024414,94.69324861557253,94.6838150024414,94.69324861557253,6792100
2025-01-08,94.70271301269531,94.70271301269531,94.69327939649772,94.69327939649772,6101100
2025-01-10,94.74041748046875,94.74985109511246,94.73099106156467,94.74041748046875,7644600
2025-01-13,94.75926971435547,94.75926971435547,94.74983610120461,94.7545493099108,7647300
2025-01-14,94.7686996459961,94.7686996459961,94.7592660332117,94.7686996459961,7245400
2025-01-15,94.77814483642578,94.77814483642578,94.76871841751243,94.77814483642578,6878600
2025-01-16,94.77814483642578,94.79701206573174,94.77814483642578,94.78757845107876,5352500
2025-01-17,94.82530212402344,94.83473573831927,94.81586850972761,94.82530212402344,6563000
2025-01-21,94.83472442626953,94.84415084370161,94.83472442626953,94.83943763498557,7952400
2025-01-22,94.85359954833984,94.85359954833984,94.84416593366835,94.84416593366835,5717600
2025-01-23,94.863037109375,94.863037109375,94.85360349431106,94.863037109375,5085800
2025-01-24,94.89131927490234,94.9007528888246,94.89131927490234,94.89131927490234,6380000
2025-01-27,94.89131927490234,94.9101793070078,94.89131927490234,94.9007528888246,9439800
2025-01-28,94.91960906982422,94.91960906982422,94.90074903848395,94.91017545628469,5857900
2025-01-29,94.91960906982422,94.92904268336373,94.91960906982422,94.91960906982422,3978700
2025-01-30,94.93848419189453,94.94791061047916,94.92905057757052,94.92905057757052,8043500
2025-01-31,94.95735168457031,94.96678529963542,94.95735168457031,94.96678529963542,12373000
2025-02-03,94.97911834716797,94.97911834716797,94.96965781814427,94.96965781814427,16436200
2025-02-04,94.99805450439453,94.99805450439453,94.98858675352761,94.99805450439453,7866600
2025-02-05,94.99805450439453,95.00752225526145,94.99805450439453,95.00752225526145,7100900
2025-02-06,95.01698303222656,95.01698303222656,95.0075225031129,95.01698303222656,5804300
2025-02-07,95.04537963867188,95.054840167124,95.0359118884423,95.054840167124,6758700
2025-02-10,95.0643081665039,95.0643081665039,95.05484041624952,95.0643081665039,7517800
2025-02-11,95.0643081665039,95.07377591675828,95.0643081665039,95.07377591675828,6424100
2025-02-12,95.07379913330078,95.08325966408792,95.07379913330078,95.07379913330078,6618800
2025-02-13,95.09272003173828,95.09272003173828,95.08325227990719,95.09272003173828,5690100
2025-02-14,95.13058471679688,95.14005246871749,95.13058471679688,95.13531498186781,7648100
2025-02-18,95.1495132446289,95.1495132446289,95.1400527144626,95.1495132446289,15815200
2025-02-19,95.1495132446289,95.15898099657397,95.1495132446289,95.15898099657397,7277600
2025-02-20,95.16844177246094,95.16844177246094,95.15897402120989,95.16844177246094,7608000
2025-02-21,95.20628356933594,95.20628356933594,95.1968158202713,95.1968158202713,9111000
2025-02-24,95.21576690673828,95.21576690673828,95.20630637718382,95.21576690673828,9734600
2025-02-25,95.22521209716797,95.22521209716797,95.21574434807833,95.21574434807833,10827700
2025-02-26,95.22521209716797,95.2346798462576,95.22521209716797,95.22521209716797,9536300
2025-02-27,95.2536392211914,95.2536392211914,95.24417869078965,95.2536392211914,10807800
2025-02-28,95.27256774902344,95.28203550051083,95.27256774902344,95.27256774902344,13772600
2025-03-03,95.29439544677734,95.29439544677734,95.28489816180861,95.29439544677734,17436600
2025-03-04,95.30389404296875,95.30389404296875,95.29439675786935,95.30389404296875,11543100
2025-03-05,95.30389404296875,95.3133840837622,95.30389404296875,95.30389404296875,7162600
2025-03-06,95.33238983154297,95.33238983154297,95.31339525911707,95.32289254533002,9925500
2025-03-07,95.36085510253906,95.36085510253906,95.35135781825258,95.36085510253906,8962400
2025-03-10,95.36085510253906,95.37035238682554,95.36085510253906,95.37035238682554,14768100
2025-03-11,95.37984466552734,95.37984466552734,95.37035462532344,95.37035462532344,11456900
2025-03-12,95.37984466552734,95.38934195003675,95.37984466552734,95.38934195003675,11307300
2025-03-13,95.4083480834961,95.4083480834961,95.38935351217498,95.38935351217498,13110600
2025-03-14,95.43682098388672,95.43682098388672,95.42732369939169,95.43682098388672,11421900
2025-03-17,95.44632720947266,95.44632720947266,95.43683716767383,95.44632720947266,9018300
2025-03-18,95.455810546875,95.455810546875,95.44631326215728,95.455810546875,9213100
2025-03-19,95.47482299804688,95.47482299804688,95.46532571155038,95.46532571155038,13584800
2025-03-20,95.47482299804688,95.48431304023636,95.47482299804688,95.48431304023636,12648500
2025-03-21,95.50328063964844,95.51277067915758,95.50328063964844,95.51277067915758,13101800
2025-03-24,95.52227783203125,95.5317751168266,95.52227783203125,95.52703009658178,13854600
2025-03-25,95.53178405761719,95.53178405761719,95.52228677193298,95.53178405761719,13844800
2025-03-26,95.55078125,95.55078125,95.54129120764237,95.55078125,12262200
2025-03-27,95.56025695800781,95.56025695800781,95.55075967348765,95.56025695800781,10022000
2025-03-28,95.58875274658203,95.58875274658203,95.57926270525749,95.57926270525749,11747100
2025-03-31,95.58875274658203,95.59825003221292,95.58875274658203,95.58875274658203,18210800
2025-04-01,95.613525390625,95.613525390625,95.6039953505555,95.613525390625,21033200
2025-04-02,95.62305450439453,95.62305450439453,95.61352446441735,95.62305450439453,10658900
2025-04-03,95.64208984375,95.64208984375,95.62303703656669,95.63256707480298,13988800
2025-04-04,95.67070007324219,95.67070007324219,95.66117003300221,95.66117003300221,22826300
2025-04-07,95.68022155761719,95.68022155761719,95.67069878679605,95.67069878679605,22564000
2025-04-08,95.68022155761719,95.68975159772903,95.67069878679605,95.67546017220661,17116100
2025-04-09,95.69929504394531,95.69929504394531,95.68976500249845,95.68976500249845,21838800
2025-04-10,95.69929504394531,95.70881781610045,95.69929504394531,95.69929504394531,16851500
2025-04-11,95.74693298339844,95.74693298339844,95.73741021101745,95.74217159720794,12916600
2025-04-14,95.75646209716797,95.75646209716797,95.74693205558744,95.74693205558744,13772300
2025-04-15,95.76598358154297,95.76598358154297,95.756453540814,95.76598358154297,10043700
2025-04-16,95.78504180908203,95.78504180908203,95.77551176781427,95.78028042309394,8840000
2025-04-17,95.8231430053711,95.83267304547529,95.8231430053711,95.82790439077785,8652700
2025-04-21,95.8231430053711,95.83267304547529,95.8231430053711,95.83267304547529,10756100
2025-04-22,95.8326644897461,95.84218725970943,95.8326644897461,95.84218725970943,11603400
2025-04-23,95.86126708984375,95.86126708984375,95.84220700740977,95.85173704862676,19135100
2025-04-24,95.86126708984375,95.87079713106074,95.86126708984375,95.87079713106074,12068700
2025-04-25,95.89936065673828,95.89936065673828,95.88983061744209,95.89936065673828,8822700
2025-04-28,95.89936065673828,95.90889069603448,95.89936065673828,95.89936065673828,9127900
2025-04-29,95.90888977050781,95.91841254042203,95.90888977050781,95.90888977050781,8555000
2025-04-30,95.93748474121094,95.93748474121094,95.9184246603941,95.9184246603941,16040200
2025-05-01,95.95182800292969,95.95182800292969,95.94226614949754,95.95182800292969,21288700
2025-05-02,95.98050689697266,95.98050689697266,95.97094504347801,95.97094504347801,13930900
2025-05-05,95.99006652832031,95.99006652832031,95.98050467504702,95.99006652832031,13223700
2025-05-06,95.99006652832031,95.99962108803658,95.99006652832031,95.99962108803658,8986000
2025-05-07,95.99961853027344,96.00918038329198,95.99961853027344,96.00918038329198,8509300
2025-05-08,96.02828979492188,96.02828979492188,96.0091733838353,96.01873523615674,11931100
2025-05-09,96.0569839477539,96.0569839477539,96.0474220945768,96.0474220945768,11793700
2025-05-12,96.0569839477539,96.06653850737403,96.0569839477539,96.0569839477539,16808300
2025-05-13,96.07611846923828,96.07611846923828,96.06655661425894,96.06655661425894,18174400
2025-05-14,96.08566284179688,96.08566284179688,96.07610098855727,96.07610098855727,9821100
2025-05-15,96.08566284179688,96.09521740147946,96.08566284179688,96.09521740147946,10057600
2025-05-16,96.12390899658203,96.13346355686453,96.12390899658203,96.12390899658203,10109300
2025-05-19,96.1334457397461,96.14300759181388,96.1334457397461,96.14300759181388,15759100
2025-05-20,96.15259552001953,96.15259552001953,96.1430336653586,96.15259552001953,9249100
2025-05-21,96.16214752197266,96.16214752197266,96.15259296112409,96.16214752197266,11325900
2025-05-22,96.18125915527344,96.18125915527344,96.17169730206746,96.17169730206746,8901700
2025-05-23,96.20993041992188,96.219492272432,96.20993041992188,96.219492272432,9119400
2025-05-27,96.21949768066406,96.22905953371165,96.21949768066406,96.22905953371165,10526600
2025-05-28,96.24818420410156,96.24818420410156,96.2386223502336,96.24340692394632,8415200
2025-05-29,96.24818420410156,96.25774605796953,96.2386223502336,96.24818420410156,10387000
2025-05-30,96.27684783935547,96.28640969177016,96.27684783935547,96.27684783935547,14209500
2025-06-02,96.30370330810547,96.30370330810547,96.2941146644775,96.30370330810547,21934000
2025-06-03,96.31330871582031,96.31330871582031,96.30371275167609,96.3085143935362,11979500
2025-06-04,96.32291412353516,96.32291412353516,96.31331815845013,96.31811248120428,8923800
2025-06-05,96.33250427246094,96.33250427246094,96.32290830795526,96.33250427246094,9915800
2025-06-06,96.36129760742188,96.37088625362108,96.36129760742188,96.36609193052148,9122400
2025-06-09,96.37086486816406,96.38046083181109,96.37086486816406,96.37086486816406,9902100
2025-06-10,96.38046264648438,96.39005861031208,96.38046264648438,96.38525696861035,9201800
2025-06-11,96.399658203125,96.399658203125,96.39006223893605,96.3948565612425,10138800
2025-06-12,96.40924835205078,96.40924835205078,96.39965970728827,96.40924835205078,9574900
2025-06-13,96.44762420654297,96.44762420654297,96.43802824227228,96.43802824227228,7880300
2025-06-16,96.44762420654297,96.45722017081366,96.44762420654297,96.45722017081366,10286500
2025-06-17,96.45722198486328,96.46681794931445,96.45722198486328,96.46681794931445,8734500
2025-06-18,96.47639465332031,96.48599061658379,96.47639465332031,96.48599061658379,9783400
2025-06-20,96.51477813720703,96.52437410116154,96.51477813720703,96.51957977897221,9399400
2025-06-23,96.53396606445312,96.53396606445312,96.52437010089629,96.52916442288692,8847300
2025-06-24,96.5435562133789,96.55315217708532,96.5435562133789,96.54835785501994,10132100
2025-06-25,96.55315399169922,96.56274995558597,96.55315399169922,96.5579483138547,8015100
2025-06-26,96.56275177001953,96.57234773408659,96.56275177001953,96.57234773408659,9277700
2025-06-27,96.60113525390625,96.60113525390625,96.59153928914908,96.59633361173942,9742300
2025-06-30,96.60113525390625,96.61072389908695,96.60113525390625,96.60113525390625,18195600
2025-07-01,96.62712860107422,96.62712860107422,96.61749945215143,96.62712860107422,24173900
2025-07-02,96.62712860107422,96.63675040510843,96.62712860107422,96.63675040510843,10850800
2025-07-03,96.67525482177734,96.68488397021862,96.67525482177734,96.67525482177734,7404700
2025-07-07,96.69453430175781,96.69453430175781,96.68490515120705,96.69453430175781,12363900
2025-07-08,96.7137680053711,96.7137680053711,96.69451705259351,96.70413885653805,13107800
2025-07-09,96.70413970947266,96.71376885839062,96.70413970947266,96.71376885839062,11156600
2025-07-10,96.723388671875,96.73301781986359,96.71375952388641,96.723388671875,10071700
2025-07-11,96.76190185546875,96.76190185546875,96.75227270708842,96.75227270708842,9288900
2025-07-14,96.76190185546875,96.77152365896093,96.76190185546875,96.77152365896093,10293900
2025-07-15,96.77152252197266,96.78115167023986,96.77152252197266,96.78115167023986,10207100
2025-07-16,96.8004150390625,96.8004150390625,96.79078589029073,96.79078589029073,8117900
2025-07-17,96.81002807617188,96.81002807617188,96.8004062731599,96.80521717466588,9040400
2025-07-18,96.83893585205078,96.83893585205078,96.82931404628884,96.82931404628884,9399500
2025-07-21,96.84854125976562,96.84854125976562,96.83891211147441,96.83891211147441,12893000
2025-07-22,96.86779022216797,96.86779022216797,96.85816107480463,96.86779022216797,9340600
2025-07-23,96.8774185180664,96.8774185180664,96.86779671494553,96.8774185180664,8056100
2025-07-24,96.88705444335938,96.88705444335938,96.87742529467707,96.87742529467707,10701600
2025-07-25,96.90630340576172,96.91592520862878,96.90630340576172,96.91592520862878,9776600
2025-07-28,96.93519592285156,96.93519592285156,96.9255667738632,96.93037767591306,11581000
2025-07-29,96.93519592285156,96.9448177269513,96.93519592285156,96.93519592285156,8622300
2025-07-30,96.95443725585938,96.95443725585938,96.94480810782645,96.94480810782645,9106000
2025-07-31,96.96407318115234,96.96407318115234,96.95444403244639,96.95925493435516,19051200
2025-08-01,96.99497985839844,97.00464373934389,96.99497985839844,96.99497985839844,26832500
2025-08-04,97.01432037353516,97.01432037353516,97.00465649131931,97.00948474673608,14766400
2025-08-05,97.02398681640625,97.02398681640625,97.01433030458422,97.01433030458422,12350300
2025-08-06,97.03363037109375,97.03363037109375,97.02396648991324,97.03363037109375,10653900
2025-08-07,97.03363037109375,97.04329425227426,97.03363037109375,97.04329425227426,10823000
2025-08-08,97.08194732666016,97.08194732666016,97.07228344498978,97.07711170013403,12066300
2025-08-11,97.09160614013672,97.09160614013672,97.08194962961916,97.09160614013672,12940300
2025-08-12,97.09160614013672,97.10127002203633,97.09160614013672,97.10127002203633,12918200
2025-08-13,97.1109390258789,97.12059553690577,97.10127514346958,97.1109390258789,12144800
2025-08-14,97.12059020996094,97.13025409184021,97.12059020996094,97.12059020996094,9798900
2025-08-15,97.14958190917969,97.15923841968224,97.14958190917969,97.15923841968224,9493900
2025-08-18,97.1785659790039,97.1785659790039,97.15923821527537,97.16890209713964,14768500
2025-08-19,97.1785659790039,97.18822248948614,97.1785659790039,97.18822248948614,10474900
2025-08-20,97.1978759765625,97.1978759765625,97.18821209573173,97.1978759765625,10922100
2025-08-21,97.1978759765625,97.20753985739327,97.1978759765625,97.20753985739327,8765300
2025-08-22,97.23651885986328,97.23651885986328,97.22685497955614,97.23651885986328,13160400
2025-08-25,97.25585174560547,97.25585174560547,97.24618786478906,97.25101611950663,13556000
2025-08-26,97.25585174560547,97.26550825504063,97.25585174560547,97.26068000032305,8741600
2025-08-27,97.26551818847656,97.27518207027991,97.26551818847656,97.27518207027991,7384600
2025-08-28,97.27518463134766,97.28484851340544,97.27518463134766,97.28001288668545,8816600
2025-08-29,97.3331527709961,97.3331527709961,97.31383237834409,97.31383237834409,21369400
2025-09-02,97.34283447265625,97.34283447265625,97.33313593398331,97.34283447265625,27254500
2025-09-03,97.3525390625,97.3525390625,97.34284052322424,97.34768609395316,14296000
2025-09-04,97.3719482421875,97.3719482421875,97.36225709878897,97.36710267048824,11300200
2025-09-05,97.39132690429688,97.40101804586244,97.39132690429688,97.40101804586244,15312000
2025-09-08,97.42041778564453,97.42041778564453,97.41071924599605,97.4155648169112,12715100
2025-09-09,97.42041778564453,97.430116325293,97.42041778564453,97.430116325293,11005500
2025-09-10,97.43011474609375,97.43980588776695,97.43011474609375,97.43011474609375,9356600
2025-09-11,97.44951629638672,97.44951629638672,97.43981775571419,97.44467072495995,9136600
2025-09-12,97.47859954833984,97.48829808851767,97.47859954833984,97.47859954833984,10482000
2025-09-15,97.47859954833984,97.48829808851767,97.47859954833984,97.47859954833984,15288300
2025-09-16,97.49799346923828,97.50768461128347,97.49799346923828,97.49799346923828,11551900
2025-09-17,97.5076675415039,97.51736607966961,97.5076675415039,97.51736607966961,10381200
2025-09-18,97.52708435058594,97.52708435058594,97.51738581045791,97.52708435058594,13414500
2025-09-19,97.56586456298828,97.56586456298828,97.5561660235114,97.5561660235114,11174000
2025-09-22,97.56586456298828,97.57555570464712,97.56586456298828,97.56586456298828,12279500
2025-09-23,97.58524322509766,97.58524322509766,97.5755446867159,97.58039765481539,11191700
2025-09-24,97.5949478149414,97.5949478149414,97.58524927595828,97.59009484654099,10108500
2025-09-25,97.60464477539062,97.60464477539062,97.59494623656435,97.59494623656435,10549100
2025-09-26,97.63374328613281,97.63374328613281,97.62404474628417,97.62404474628417,10688600
2025-09-29,97.64344024658203,97.64344024658203,97.63374910397425,97.64344024658203,13580800
2025-09-30,97.64344024658203,97.6531387870086,97.64344024658203,97.64829321570471,22909500
2025-10-01,97.65998077392578,97.66970542590082,97.65998077392578,97.66970542590082,26613600
2025-10-02,97.6697006225586,97.67943269745345,97.6697006225586,97.67943269745345,12870100
2025-10-03,97.70862579345703,97.70862579345703,97.69890114153282,97.70862579345703,13837400
2025-10-06,97.70862579345703,97.71835786877966,97.70862579345703,97.71835786877966,13944300
2025-10-07,97.72808837890625,97.72808837890625,97.7183563037395,97.72808837890625,14289100
2025-10-08,97.73780822753906,97.73780822753906,97.7280835762485,97.73780822753906,16811200
2025-10-09,97.74754333496094,97.75727540995138,97.7378112599705,97.75727540995138,15718900
2025-10-10,97.79618835449219,97.79618835449219,97.77672420609,97.78645628029109,18966600
2025-10-13,97.78646850585938,97.7962005812772,97.78646850585938,97.78646850585938,14453500
2025-10-14,97.79618835449219,97.80591300529572,97.79618835449219,97.79618835449219,13475000
2025-10-15,97.81565856933594,97.81565856933594,97.80592649379268,97.81565856933594,11069100
2025-10-16,97.82538604736328,97.82538604736328,97.8156539722774,97.82538604736328,12394500
2025-10-17,97.85458374023438,97.85458374023438,97.84485166426424,97.84972141394876,14603500
2025-10-20,97.86431121826172,97.86431121826172,97.85457914274883,97.86431121826172,16129100
2025-10-21,97.8837661743164,97.8837661743164,97.87403409897966,97.87403409897966,12061900
2025-10-22,97.89350128173828,97.89350128173828,97.8837692061001,97.89350128173828,9089900
2025-10-23,97.9032211303711,97.9032211303711,97.89348905594834,97.9032211303711,10658100
2025-10-24,97.93241882324219,97.93241882324219,97.92268674793569,97.93241882324219,12382000
2025-10-27,97.94214630126953,97.95187095272117,97.93241422641984,97.93241422641984,26389600
2025-10-28,97.95187377929688,97.9616058544274,97.95187377929688,97.95187377929688,11134700
2025-10-29,97.96160125732422,97.97133333199804,97.96160125732422,97.97133333199804,14177700
2025-10-30,97.9713363647461,97.98106101632303,97.9713363647461,97.9713363647461,12370700
2025-10-31,98.00052642822266,98.01025850332306,98.00052642822266,98.00538875407373,23254100
2025-11-03,98.02786254882812,98.02786254882812,98.01809673188895,98.02297591579068,27049200
2025-11-04,98.02786254882812,98.02786254882812,98.02297591579068,98.02786254882812,15707500
2025-11-05,98.04739379882812,98.04739379882812,98.03763543032149,98.03763543032149,11335000
2025-11-06,98.0571517944336,98.0571517944336,98.04738597756972,98.0571517944336,16658100
2025-11-07,98.0864486694336,98.0864486694336,98.07668285188535,98.0864486694336,18799000
2025-11-10,98.09620666503906,98.10597248180859,98.09620666503906,98.10597248180859,14121900
2025-11-11,98.1059799194336,98.1059799194336,98.09621410192369,98.1059799194336,8697800
2025-11-12,98.11573028564453,98.11573028564453,98.10597191806667,98.10597191806667,9067200
2025-11-13,98.12550354003906,98.12550354003906,98.11573772258542,98.11573772258542,11255600
2025-11-14,98.15478515625,98.15478515625,98.14501933963082,98.15478515625,13522500
2025-11-17,98.16455078125,98.16455078125,98.15478496464988,98.15967159751767,15032800
2025-11-18,98.16455078125,98.17431659785012,98.16455078125,98.16455078125,13130300
2025-11-19,98.18408203125,98.18408203125,98.17432366308309,98.17432366308309,23022400
2025-11-20,98.20360565185547,98.20360565185547,98.18407401884352,98.18407401884352,15261700
2025-11-21,98.22314453125,98.22314453125,98.21337871328292,98.22314453125,16446900
2025-11-24,98.23290252685547,98.24266834404489,98.23290252685547,98.23290252685547,15830800
2025-11-25,98.25242614746094,98.25242614746094,98.24266777946352,98.25242614746094,19115000
2025-11-26,98.26219177246094,98.27195758957514,98.26219177246094,98.26219177246094,11948500
2025-11-28,98.2914810180664,98.30124683510543,98.28172265016318,98.2914810180664,24417500
2025-12-01,98.31401062011719,98.31401062011719,98.30422181678887,98.31401062011719,29025600
2025-12-02,98.3335952758789,98.3335952758789,98.32379900096822,98.32379900096822,14362600
2025-12-03,98.34339141845703,98.34828581972161,98.34339141845703,98.34339141845703,15531600
2025-12-04,98.36298370361328,98.36298370361328,98.35318742799794,98.35318742799794,13689600
2025-12-05,98.39236450195312,98.39236450195312,98.38256822639315,98.38256822639315,17918100
2025-12-08,98.39236450195312,98.39236450195312,98.38256822639315,98.39236450195312,16657900
2025-12-09,98.40214538574219,98.40703978657218,98.40214538574219,98.40214538574219,11016400
2025-12-10,98.40214538574219,98.41194165976987,98.40214538574219,98.41194165976987,12234900
2025-12-11,98.42174530029297,98.4315415757976,98.42174530029297,98.42174530029297,22343500
2025-12-12,98.46092224121094,98.46092224121094,98.45112596577482,98.45112596577482,13320200
2025-12-15,98.46092224121094,98.47071851664704,98.46092224121094,98.46092224121094,14767900
2025-12-16,98.47071075439453,98.48050702905843,98.47071075439453,98.48050702905843,10701200
2025-12-17,98.49029541015625,98.49029541015625,98.48050660790238,98.48050660790238,13788200
2025-12-18,98.49029541015625,98.50009168477824,98.49029541015625,98.50009168477824,20890600
2025-12-19,98.53254699707031,98.53254699707031,98.52271915532523,98.53254699707031,18203600
2025-12-22,98.53254699707031,98.54237483881539,98.53254699707031,98.53254699707031,17890900
2025-12-23,98.5423812866211,98.55220912900923,98.5423812866211,98.55220912900923,12256200
2025-12-24,98.5620346069336,98.57186244983345,98.5620346069336,98.57186244983345,7791300
2025-12-26,98.59150695800781,98.59642462749797,98.59150695800781,98.59150695800781,12664300
2025-12-29,98.61116027832031,98.61116027832031,98.60133243602309,98.60133243602309,17350200
2025-12-30,98.6209945678711,98.6209945678711,98.61116672493138,98.61607689817738,12608900
2025-12-31,98.63081359863281,98.64064144144143,98.63081359863281,98.64064144144143,13910900
2026-01-02,98.66029357910156,98.67011392510942,98.66029357910156,98.66029357910156,19188800
2026-01-05,98.67011260986328,98.675030279249,98.67011260986328,98.67011260986328,25006600
2026-01-06,98.67994689941406,98.67994689941406,98.67994689941406,98.67994689941406,17635000
2026-01-07,98.68977355957031,98.68977355957031,98.68977355957031,98.68977355957031,14062300
2026-01-08,98.6995849609375,98.6995849609375,98.6995849609375,98.6995849609375,11408800
2026-01-09,98.71923828125,98.72906612297251,98.71923828125,98.72906612297251,15053500
2026-01-12,98.73889923095703,98.73889923095703,98.72907888441195,98.72907888441195,14819400
2026-01-13,98.74873352050781,98.74873352050781,98.7389056768734,98.7389056768734,14163000
2026-01-14,98.75855255126953,98.75855255126953,98.74872470851213,98.75855255126953,11851800
2026-01-15,98.76837158203125,98.76837158203125,98.75855123585221,98.75855123585221,11469500
2026-01-16,98.80767059326172,98.80767059326172,98.79293257827104,98.79785024756599,14766800
2026-01-20,98.80767059326172,98.81749843540454,98.80767059326172,98.80767059326172,19394600
2026-01-21,98.80767059326172,98.82732627754739,98.80767059326172,98.81258826255669,17502100
2026-01-22,98.82733154296875,98.82733154296875,98.81750370030231,98.82733154296875,13618500
2026-01-23,98.85680389404297,98.85680389404297,98.84697605174242,98.85680389404297,12143000
2026-01-26,98.86663055419922,98.86663055419922,98.85680271201618,98.86663055419922,16872000
2026-01-27,98.86663055419922,98.88136856925021,98.86663055419922,98.87645089993514,13393600
2026-01-28,98.88628387451172,98.88628387451172,98.87645603181859,98.87645603181859,11987500
2026-01-29,98.89611053466797,98.89611053466797,98.88628269209235,98.88628269209235,16031700
2026-01-30,98.91575622558594,98.92558406791338,98.91575622558594,98.91575622558594,29215200
2026-02-02,98.92463684082031,98.93448742298722,98.92463684082031,98.93448742298722,31225300
2026-02-03,98.9443359375,98.9443359375,98.93447783675991,98.9443359375,18150800
2026-02-04,98.95420837402344,98.95420837402344,98.94435027185517,98.94927556317494,18129400
2026-02-05,98.95420837402344,98.96406647619169,98.95420837402344,98.96406647619169,20371200
2026-02-06,98.9837646484375,98.99362274955877,98.9837646484375,98.9837646484375,17381400
2026-02-09,99.00347137451172,99.00347137451172,98.99362079311305,98.99362079311305,13991600
2026-02-10,99.01333618164062,99.01333618164062,99.00347808004648,99.01333618164062,14002700
2026-02-11,99.01333618164062,99.02319428323476,99.01333618164062,99.02319428323476,12584400
2026-02-12,99.03305053710938,99.03305053710938,99.02319243569916,99.02319243569916,16593900
2026-02-13,99.07247161865234,99.07247161865234,99.06262103640091,99.07247161865234,14917200
2026-02-17,99.07247161865234,99.0823297204322,99.07247161865234,99.0774044293065,14976200
2026-02-18,99.09217834472656,99.09217834472656,99.08232024388955,99.09217834472656,10207300
2026-02-19,99.10203552246094,99.10203552246094,99.09217742171575,99.10203552246094,11292100
2026-02-20,99.12174987792969,99.13160797923912,99.12174987792969,99.13160797923912,13490000
2026-02-23,99.14146423339844,99.14146423339844,99.13161365105348,99.13653894222595,13465400
2026-02-24,99.14146423339844,99.1513223352719,99.14146423339844,99.14639704409943,12168900
2026-02-25,99.15131378173828,99.16117188276131,99.15131378173828,99.16117188276131,12532000
2026-02-26,99.17103576660156,99.17103576660156,99.16117766500369,99.16117766500369,13658500
2026-02-27,99.19074249267578,99.2006005940791,99.19074249267578,99.19566778361336,26602400
2026-03-02,99.20259857177734,99.21248338879747,99.20259857177734,99.2075447502405,33993400
2026-03-03,99.22237396240234,99.22237396240234,99.21248914480873,99.21742778365223,19224400
2026-03-04,99.22237396240234,99.23225877999597,99.22237396240234,99.22731260124584,14325400
2026-03-05,99.23225402832031,99.24213130553433,99.23225402832031,99.24213130553433,16218200
2026-03-06,99.27178192138672,99.27178192138672,99.26190464380413,99.26190464380413,18921300
2026-03-09,99.28166198730469,99.28166198730469,99.27177717028862,99.27672334874974,19053900
2026-03-10,99.28166198730469,99.29154680432076,99.28166198730469,99.2885836211878,13664200
2026-03-11,99.30142974853516,99.30142974853516,99.2915449317055,99.2915449317055,12287800
2026-03-12,99.31130981445312,99.31130981445312,99.30143253725214,99.30637117585263,17521900
2026-03-13,99.34095764160156,99.34095764160156,99.33108036430953,99.33108036430953,17757000
2026-03-16,99.34095764160156,99.35084245879992,99.34095764160156,99.34095764160156,14898500
2026-03-17,99.36072540283203,99.36072540283203,99.35084058582002,99.35578676427913,14438300
2026-03-18,99.37061309814453,99.37061309814453,99.3607282808462,99.3607282808462,14135100
2026-03-19,99.37061309814453,99.38049037553645,99.3607282808462,99.37555173684049,20345400
2026-03-20,99.4002685546875,99.4002685546875,99.39038373653946,99.4002685546875,23039600
2026-03-23,99.4002685546875,99.42003065107653,99.4002685546875,99.41014583292849,33994300
2026-03-24,99.4299087524414,99.4299087524414,99.42002393496112,99.42497011365454,17660600
2026-03-25,99.4299087524414,99.43979356992169,99.42002393496112,99.4299087524414,15235800
2026-03-26,99.43978881835938,99.43978881835938,99.42990400135142,99.43978881835938,17499400
2026-03-27,99.46943664550781,99.46943664550781,99.45955182840882,99.45955182840882,19748400
2026-03-30,99.47932434082031,99.47932434082031,99.46943952343533,99.46943952343533,19102700
2026-03-31,99.47932434082031,99.48920161829882,99.47932434082031,99.47932434082031,36976800
2026-04-01,99.50211334228516,99.50211334228516,99.49219966862324,99.50211334228516,41267300
2026-04-02,99.54176330566406,99.54176330566406,99.53184963172022,99.53184963172022,22593000
2026-04-06,99.55168151855469,99.55168151855469,99.54176784415885,99.54672090039782,23234700
2026-04-07,99.56158447265625,99.56158447265625,99.55167836049259,99.55167836049259,18849600
2026-04-08,99.56158447265625,99.5714981467376,99.56158447265625,99.5714981467376,24241600
2026-04-09,99.57149505615234,99.58140872992597,99.57149505615234,99.58140872992597,17796600
2026-04-10,99.61115264892578,99.61115264892578,99.60123897411117,99.60123897411117,18783100
2026-04-13,99.62106323242188,99.62106323242188,99.6111495579149,99.6111495579149,20215500
2026-04-14,99.62106323242188,99.63096934501085,99.62106323242188,99.62106323242188,29929400
2026-04-15,99.64087677001953,99.64087677001953,99.63096309613434,99.63096309613434,19787100
2026-04-16,99.64087677001953,99.65079044390473,99.64087677001953,99.64087677001953,16656100
2026-04-17,99.67060852050781,99.680522194223,99.67060852050781,99.67060852050781,20660500
2026-04-20,99.68052673339844,99.69044040756506,99.68052673339844,99.68052673339844,19208900
2026-04-21,99.70034790039062,99.70034790039062,99.69044178800458,99.69044178800458,14009800
2026-04-22,99.71025848388672,99.71025848388672,99.70034480989011,99.71025848388672,15070100
2026-04-23,99.72016906738281,99.72016906738281,99.71025539369344,99.72016906738281,14592900
2026-04-24,99.7499008178711,99.7499008178711,99.73998714435155,99.7499008178711,16816700
2026-04-27,99.7499008178711,99.75981449139064,99.7499008178711,99.75981449139064,14295900
2026-04-28,99.76972961425781,99.76972961425781,99.75981594059425,99.76972961425781,13302600
2026-04-29,99.77963256835938,99.77963256835938,99.75981278357685,99.76972645692668,15120100
2026-04-30,99.77963256835938,99.7895462417092,99.77963256835938,99.77963256835938,26075200
2026-05-01,99.81742095947266,99.81742095947266,99.8074778521507,99.81742095947266,33809700
2026-05-04,99.82735443115234,99.82735443115234,99.81741890840321,99.82735443115234,20782300
2026-05-05,99.83729553222656,99.83729553222656,99.8273524253087,99.83729553222656,17147100
2026-05-06,99.84723663330078,99.84723663330078,99.83729352658267,99.84723663330078,20551200
2026-05-07,99.85717010498047,99.85717010498047,99.8472345828346,99.85717010498047,17277100
2026-05-08,99.88700103759766,99.88700103759766,99.87705793092317,99.88700103759766,20272100
2026-05-11,99.89694213867188,99.89694213867188,99.8870066158107,99.89694213867188,21436300
2026-05-12,99.9068832397461,99.9068832397461,99.89694013271598,99.89694013271598,18313600
2026-05-13,99.91682434082031,99.91682434082031,99.90688123398982,99.91682434082031,16770500
2026-05-14,99.92676544189453,99.92676544189453,99.91682991887767,99.92676544189453,15723900
2026-05-15,99.95658874511719,99.95658874511719,99.94664563833034,99.95658874511719,18242400
2026-05-18,99.96652221679688,99.96652221679688,99.9565866945821,99.96652221679688,23561200
2026-05-19,99.9764633178711,99.9764633178711,99.96652021148768,99.9764633178711,20454400
2026-05-20,99.98641967773438,99.98641967773438,99.97647657003297,99.98641967773438,16940900
2026-05-21,99.98641967773438,99.99635520106682,99.98641967773438,99.99635520106682,17360100
2026-05-22,100.0361099243164,100.0361099243164,100.02617440198938,100.0311421631529,18433400
2026-05-26,100.04605102539062,100.04605102539062,100.03610791889474,100.04605102539062,21664500
2026-05-27,100.05599975585938,100.05599975585938,100.04605664880461,100.04605664880461,15484000
2026-05-28,100.05599975585938,100.06594286291414,100.05599975585938,100.06394817400842,16617000
2026-05-29,100.07587432861328,100.08581743526496,100.07587432861328,100.07587432861328,34224400
2026-06-01,100.10479736328125,100.10479736328125,100.0948246361365,100.10479736328125,39897700
2026-06-02,100.10479736328125,100.11477009042602,100.10479736328125,100.11376597144576,22215700
2026-06-03,100.1147689819336,100.12473410200604,100.1147689819336,100.12473410200604,19999200
2026-06-04,100.1247329711914,100.13470569811311,100.1247329711914,100.12972313813316,18801700
2026-06-05,100.15464782714844,100.16462055449654,100.14468270676247,100.15963799430355,27836900
2026-06-08,100.16461944580078,100.17459217303849,100.15464671856307,100.15464671856307,24095700
2026-06-09,100.17459106445312,100.17459106445312,100.16461833732578,100.17459106445312,25747500
2026-06-10,100.18456268310547,100.18456268310547,100.17458995608847,100.17957251611602,20362200
2026-06-11,100.19452667236328,100.19452667236328,100.18456155242062,100.19452667236328,24927700
2026-06-12,100.21446990966797,100.22443502939022,100.21446990966797,100.22443502939022,23146500
2026-06-15,100.23441314697266,100.23441314697266,100.22444041975241,100.22943058684355,25230700
2026-06-16,100.244384765625,100.244384765625,100.23441203851505,100.244384765625,20341800
2026-06-17,100.25435638427734,100.26432150431518,100.24438365727765,100.25435638427734,15975200
2026-06-18,100.29423522949219,100.29423522949219,100.28427010914126,100.29423522949219,18597700
2026-06-22,100.30420684814453,100.30420684814453,100.29423412094172,100.29922428802413,20317300
2026-06-23,100.31417846679688,100.31417846679688,100.30420573970429,100.30420573970429,18545300
2026-06-24,100.32415008544922,100.32415008544922,100.31417735846681,100.32415008544922,18011800
2026-06-25,100.33411407470703,100.33411407470703,100.32414895479877,100.32414895479877,17871400
2026-06-26,100.35405731201172,100.36403003866147,100.35405731201172,100.35405731201172,14153400
2026-06-29,100.3740005493164,100.3740005493164,100.36403542909304,100.36403542909304,18821000
2026-06-30,100.3740005493164,100.38397327650179,100.3740005493164,100.3740005493164,28940600
2026-07-01,100.4000015258789,100.4000015258789,100.38999938964844,100.3949966430664,38244700
2026-07-02,100.44000244140625,100.44000244140625,100.43000030517578,100.43000030517578,22627800
2026-07-06,100.44000244140625,100.44999694824219,100.44000244140625,100.44000244140625,20795500
2026-07-07,100.45999908447266,100.45999908447266,100.44999694824219,100.44999694824219,18518200
2026-07-08,100.47000122070312,100.47000122070312,100.45999908447266,100.45999908447266,19251300
2026-07-09,100.4800033569336,100.4800033569336,100.47000122070312,100.4800033569336,15296600
2026-07-10,100.5,100.51000213623047,100.5,100.5,15612400
2026-07-13,100.5199966430664,100.5199966430664,100.51000213623047,100.51000213623047,15894500
2026-07-14,100.5199966430664,100.52999877929688,100.5199966430664,100.52999877929688,14999500
2026-07-15,100.54000091552734,100.54000091552734,100.52999877929688,100.53500366210938,15943300
2026-07-16,100.55000305175781,100.55000305175781,100.54000091552734,100.54499816894531,16153800
2026-07-17,100.58000183105469,100.58000183105469,100.56999969482422,100.58000183105469,20866500
2026-07-20,100.58999633789062,100.58999633789062,100.58000183105469,100.58000183105469,19114500
2026-07-21,100.5999984741211,100.5999984741211,100.58999633789062,100.58999633789062,14626500
2026-07-22,100.5999984741211,100.61000061035156,100.5999984741211,100.5999984741211,12644400
2026-07-23,100.61000061035156,100.62000274658203,100.5999984741211,100.61000061035156,20047400
2026-07-24,100.63999938964844,100.63999938964844,100.62999725341797,100.62999725341797,14982400
2026-07-27,100.6500015258789,100.6500015258789,100.63999938964844,100.63999938964844,15942200
2026-07-28,100.66000366210938,100.66000366210938,100.6500015258789,100.6500015258789,16048900
2026-07-29,100.68000030517578,100.68000030517578,100.66000366210938,100.66999816894531,16931200
2026-07-30,100.69000244140625,100.69000244140625,100.68000030517578,100.68000030517578,23298900
2026-07-31,100.70999908447266,100.72000122070312,100.70999908447266,100.70999908447266,28142200
