Date,Close,High,Low,Open,Volume
1999-03-10,80.08867645263672,80.127422788608,79.21688389328291,79.64309358896699,3950000
1999-03-11,80.9798812866211,81.32859847876443,79.89498335550847,80.39868596638219,6583700
1999-03-12,80.2049560546875,81.23173447760983,80.10809016573256,81.21236129981884,5286500
1999-03-15,81.34796142578125,81.36733460068618,80.28243680601037,80.55366125467931,5394400
1999-03-16,81.03802490234375,81.6192203953082,80.88303943755324,81.28987628262836,4547500
1999-03-17,80.68927001953125,81.17359937138917,80.35992606026785,81.01861397879463,4524100
1999-03-18,81.98729705810547,82.06478977744206,80.4374426713738,80.45681585120795,3506300
1999-03-19,80.59368133544922,82.41917676810759,80.59368133544922,82.22497512633542,5526700
1999-03-22,80.74903869628906,81.1568621240481,80.42860600304982,80.82671934919556,4603800
1999-03-23,78.41864013671875,80.49659815916276,78.11762752599088,80.36065698012436,9713800
1999-03-24,78.86528778076172,79.03035917848062,78.06906103882346,78.82644745188668,6280900
1999-03-25,80.47714233398438,80.47714233398438,79.38961338352513,79.58381498182142,6639600
1999-03-26,79.8945541381836,80.24411708774298,79.37020971384452,79.93339446591241,6159700
1999-03-29,81.50643920898438,81.68122070836033,80.2635485467554,80.2635485467554,5863900
1999-03-30,81.07917022705078,81.545254079853,80.51598557158145,80.74902749798255,5401400
1999-03-31,79.77800750732422,81.78799382110418,79.73916719208209,81.50640153559877,7413600
1999-04-01,80.38007354736328,80.59369539056719,79.62268701236759,80.59369539056719,7683600
1999-04-05,82.2832260131836,82.39974698464432,80.94323484138523,81.3704784034079,5791100
1999-04-06,82.08904266357422,82.64251740119235,81.50643767660775,82.14730316227086,5381300
1999-04-07,82.74933624267578,82.88527741932417,81.64238666139616,82.45803372128641,6248600
1999-04-08,83.79800415039062,83.85626463995057,82.2055507690854,82.76873550149823,5909100
1999-04-09,83.81742858886719,84.20583187241152,83.0212018576013,83.54554629038616,4365800
1999-04-12,84.71073150634766,84.76899198193661,82.78813581191197,82.9434970801492,8213200
1999-04-13,84.1669921875,84.80785761024745,83.58438725772957,84.67191645996769,10071400
1999-04-14,82.74933624267578,84.55541187528993,82.45803372128641,84.55541187528993,11551700
1999-04-15,82.43855285644531,83.00173731647757,81.4092847053519,82.92405670130071,11150000
1999-04-16,81.73944854736328,82.59393553621668,81.52582680014993,82.59393553621668,6476200
1999-04-19,80.47714233398438,83.60378806655471,79.77801658011771,82.45799863660658,12487200
1999-04-20,81.4870376586914,81.52587800075942,80.16646602837896,80.67139047526312,9049600
1999-04-21,83.81742858886719,84.28351252912039,81.0403451115252,81.44816855924675,5772200
1999-04-22,84.6136703491211,84.74961152250734,83.51643087821788,83.9728048174431,6897400
1999-04-23,84.4000244140625,84.98262927656178,83.89510019989645,84.43886473822911,4593100
1999-04-26,84.885498046875,85.0214391327428,84.18637246241207,84.8272375815031,3606500
1999-04-27,85.29337310791016,85.44873444326154,84.41946559655862,85.21569244023448,5147200
1999-04-28,84.12812805175781,85.29333758156055,83.89508614579726,84.78841345197937,5544300
1999-04-29,83.48725128173828,84.55535986989729,83.1571086272164,84.24463737152375,9824300
1999-04-30,82.8075942993164,84.28352703073011,81.72006491827472,83.95338418291388,10991900
1999-05-03,84.32233428955078,84.4194350890551,82.71046101777908,82.92408277668859,10709700
1999-05-04,83.11830139160156,84.40003220745336,82.72989811407072,83.97278860216943,10509300
1999-05-05,83.77862548828125,83.93398687073518,81.93370907164085,83.23486064969251,10032300
1999-05-06,83.26396942138672,83.97280554590698,82.26383077994032,83.54556185441531,13507200
1999-05-07,83.89511108398438,83.97279174239547,82.92410285384567,83.58438845033999,8680700
1999-05-10,83.47758483886719,84.34178223919976,82.98237059822716,83.79801758281073,5580100
1999-05-11,84.32233428955078,85.0603003657836,83.720309332624,84.08929237074042,7000600
1999-05-12,84.98260498046875,85.27390732843654,81.72001868322954,84.3611599714708,13865800
1999-05-13,85.35161590576172,85.75943932647185,85.02147313661543,85.29335541708885,4485700
1999-05-14,83.1377182006836,84.43886912790755,82.96293673284754,83.62322227800597,8370100
1999-05-17,83.39016723632812,83.57465875676249,82.26379795367629,83.04060435550514,6268100
1999-05-18,83.23480987548828,83.88538526765554,82.4191631151592,83.60379293373241,8218600
1999-05-19,83.83683776855469,83.89509825345291,82.80756920201927,83.56495550569628,5052400
1999-05-20,83.3319320678711,84.26410003320734,83.3125119019266,83.97279754403976,4670400
1999-05-21,82.86582946777344,83.70089641577303,82.39974558982018,83.35133350730808,6418200
1999-05-24,81.4870376586914,83.17659253864997,81.03066363939224,83.17659253864997,7952000
1999-05-25,80.16645812988281,82.24441622578821,79.81689508571182,81.64239098304927,15406400
1999-05-26,81.05978393554688,81.40934697120568,79.60327128696854,80.36065786422927,12575900
1999-05-27,79.8945541381836,80.96266315072616,79.54499118862421,80.69078085662441,14515400
1999-05-28,80.91410827636719,81.25396112524189,79.91396989253595,80.16643200884286,8748000
1999-06-01,80.63249969482422,80.88496176034269,79.7780127038386,80.86554160145666,6705300
1999-06-02,80.71018981933594,80.90439143102829,79.55469022976652,80.632509174659,6981900
1999-06-03,81.1568832397461,81.33166475426098,80.65195886448086,81.2151437445844,6076600
1999-06-04,82.78814697265625,82.87553769782092,81.37047520887396,81.7006179483849,9787200
1999-06-07,83.00176239013672,83.39016558335214,82.59393903726053,82.92408175149363,5299100
1999-06-08,82.18611145019531,83.1474093038779,81.77828811832998,82.88523716196445,4895700
1999-06-09,82.10844421386719,82.71046923057246,81.91424259557516,82.28322567033001,7409700
1999-06-10,81.35108184814453,81.70064486396373,80.53543481123307,81.68122469641821,7040700
1999-06-11,80.67137908935547,82.16673204792079,80.22471521861517,81.54528666254299,12824800
1999-06-14,80.74903869628906,81.25396294018121,80.5062866559563,81.21512261372797,6823500
1999-06-15,81.29277801513672,81.81712225938152,80.83640432107181,81.07915628599996,5700900
1999-06-16,82.84642791748047,83.19599090447406,82.26382293915782,82.26382293915782,7865800
1999-06-17,83.62321472167969,84.24465988449757,82.41916471872007,82.57452600942453,8162800
1999-06-18,83.71985626220703,83.95360178923042,83.13549244464859,83.56402591085812,2875100
1999-06-21,83.9146499633789,84.30422586850138,83.31080731043909,83.81725598709829,4646400
1999-06-22,83.33025360107422,84.2652354086599,83.213380875126,83.52504147765457,5862400
1999-06-23,82.92121124267578,83.29130826255148,82.35632631760235,82.90173245215601,9629200
1999-06-24,82.29788970947266,82.8627746329223,81.44082292906631,82.82381705199472,9176900
1999-06-25,82.09335327148438,82.91146237989636,81.81091084119927,82.64849873790679,4087000
1999-06-28,83.09651947021484,83.29130737333301,82.59007092210757,82.70694366397848,5028900
1999-06-29,83.87564849853516,84.2652241998753,82.76535774971572,82.90170924518478,6956200
1999-06-30,85.39501953125,85.70668018647353,83.4276616451514,83.91463141893819,16856100
1999-07-01,86.03779602050781,86.32997780459375,84.81063252734684,85.39499609551874,9939500
1999-07-02,86.89486694335938,86.9533033031061,85.959885187412,86.09623669348765,3772800
1999-07-06,86.87540435791016,87.7324711273604,86.38843460254071,86.79748919705105,11221100
1999-07-07,86.99229431152344,87.08968828186774,86.33975471021667,86.6806336064217,3230700
1999-07-08,87.06047058105469,87.65457380350064,86.4858461527873,86.68063409457285,7101500
1999-07-09,87.5766372680664,87.63507363635026,86.99227358522788,87.26497663721919,2976800
1999-07-12,87.18705749511719,87.8493363054018,86.95331203266379,87.8493363054018,4436300
1999-07-13,86.87540435791016,87.21628318666878,86.42739218297027,86.87540435791016,6477600
1999-07-14,87.36238098144531,87.4013385649376,86.48583535286895,87.2649870227146,4382500
1999-07-15,87.91752624511719,88.12205355775123,87.45977464065054,87.75195651584201,3348600
1999-07-16,88.3947525024414,88.60901920088277,87.73247361634996,88.04413426862828,2281500
1999-07-19,87.81037139892578,88.66743802305017,87.6155835298066,88.62848044922633,4287000
1999-07-20,86.00859069824219,87.51819680833476,85.726148264741,87.34288771167886,7060100
1999-07-21,85.91121673583984,86.58323509597736,85.58981665055668,86.0767864767433,4793700
1999-07-22,84.78143310546875,86.01833626507754,84.4405542819545,85.66771804660576,7804100
1999-07-23,84.6158676147461,85.395019250241,84.22629179699865,85.18075255047991,4603000
1999-07-26,83.9925308227539,84.84959746380243,83.91461567356768,84.07044597194015,4333400
1999-07-27,84.69378662109375,85.52163527136894,84.38212595275486,84.77170178817848,5908500
1999-07-28,84.96646881103516,85.58978999442651,84.5184567104726,84.92751123707319,3955500
1999-07-29,83.77828216552734,84.30420953555041,83.09652446364558,84.10942162072706,7760600
1999-07-30,82.74588775634766,84.36262708868685,82.62901503352796,84.03148770736436,5994300
1999-08-02,82.9406967163086,83.99255148913167,82.5900784587009,82.74590879541543,6065500
1999-08-03,82.55110931396484,83.42765483523158,81.88883047567442,83.34973967778565,5445400
1999-08-04,81.42137145996094,83.44716634795996,81.30449867796099,82.72645085896032,6497900
1999-08-05,82.1615219116211,82.23943705805222,80.31103718388188,81.57715831338766,10322000
1999-08-06,81.26549530029297,82.27839217364274,80.72008929156617,81.79142252299381,7537700
1999-08-09,81.09017181396484,82.15176546370327,80.87590520576076,81.40183233498897,5565900
1999-08-10,80.19418334960938,81.12916532696698,79.16180741627703,80.95385620621242,9793300
1999-08-11,81.16808319091797,81.36287100755084,80.17466532609032,80.83694390264208,8003400
1999-08-12,81.11943817138672,82.16155365756013,80.9733472153811,81.46031706873316,7036800
1999-08-13,82.9991683959961,83.05760479711977,81.73304637164975,82.04470717764269,5857700
1999-08-16,83.3692398071289,83.50559136756112,82.43425767845082,82.9796639201797,3927000
1999-08-17,83.9146499633789,84.05100153017177,82.97966779108499,83.79777719184217,4808000
1999-08-18,83.310791015625,83.75880321888881,83.05756672682371,83.65166986593442,4355500
1999-08-19,82.62901306152344,83.04780697496587,82.0836070347147,82.512140341493,6448100
1999-08-20,83.46659088134766,83.60294237170224,82.7069182922292,82.94066370426565,3663700
1999-08-23,85.06389617919922,85.1125931657914,83.93412609026092,84.03152006344526,5637800
1999-08-24,85.37552642822266,85.99884763417819,84.382108256231,84.81064158532544,9279500
1999-08-25,86.25209045410156,86.50531474856935,84.86909623046985,85.51189636258037,6005300
1999-08-26,85.21971130371094,86.28130542166573,85.083359765625,86.19365086146763,4322300
1999-08-27,84.18730163574219,85.4339437700984,84.18730163574219,85.3170710700025,6247400
1999-08-30,82.62901306152344,84.46001900866706,82.27839490143211,84.36262507530836,4652000
1999-08-31,82.31733703613281,83.3691913191312,81.57714328143025,82.86274296065051,11453700
1999-09-01,83.33025360107422,83.35947178256127,82.47318694412067,82.86276269728137,6863900
1999-09-02,82.34654998779297,82.69716805988764,81.4407866348817,82.35628937868448,10896300
1999-09-03,84.752197265625,85.08333662520111,83.95356704547088,84.07043976061539,9160800
1999-09-07,84.44052124023438,85.16123618507605,84.28469098189024,84.81061810380173,4560800
1999-09-08,84.03148651123047,84.81063798560442,83.54451683974675,84.0509652980898,6159600
1999-09-09,83.9925308227539,84.30419141949882,83.33025205467098,83.9925308227539,6177800
1999-09-10,84.69378662109375,84.99570789354705,84.10942286795833,84.92753212234791,2934500
1999-09-13,84.11914825439453,84.4405482650921,83.83670582075119,84.22628159129373,2320500
1999-09-14,83.56402587890625,83.87568658148493,83.13549241286059,83.56402587890625,3736000
1999-09-15,82.23944091796875,84.421065120435,82.20048334292471,84.421065120435,6984500
1999-09-16,82.56084442138672,82.78485048741148,81.22654741941314,82.59006260391169,15377600
1999-09-17,83.60403442382812,83.7212363412447,82.60781812578719,82.90082291932863,8542300
1999-09-20,83.48680114746094,83.76027218537962,83.19379646397664,83.72120489424837,2803900
1999-09-21,81.7287826538086,82.8031332862081,81.35764334443422,82.66639775117542,9335200
1999-09-22,81.64090728759766,82.41248662432695,81.1037318000013,82.04134719653311,13009100
1999-09-23,79.93167877197266,82.39291814764923,79.77540960526304,82.39291814764923,12204100
1999-09-24,79.85356903076172,80.24424206907268,78.9550210426465,79.85356903076172,13792900
1999-09-27,80.38094329833984,81.10368811049989,80.18560686262092,80.47861151619931,6970300
1999-09-28,80.2247314453125,80.51773630815148,78.48623592580122,79.97079389751872,11063400
1999-09-29,79.2675552368164,80.71304540131231,79.22848793507328,80.28330508213786,7580300
1999-09-30,80.47864532470703,80.90838566381954,79.36522717337006,79.65823195003769,7498900
1999-10-01,80.30280303955078,80.3614039661182,79.15031815039158,79.97073112233542,11127100
1999-10-04,81.7287826538086,81.80691724525583,80.47862919065282,80.75210026071815,6341600
1999-10-05,81.65069580078125,82.49064314992805,80.43960892526727,81.7092967786287,11976000
1999-10-06,82.90082550048828,83.01802742155401,81.68973898280915,81.72880628983106,10308200
1999-10-07,82.43197631835938,83.13518749074348,82.19757259423133,83.04728609419546,6535600
1999-10-08,83.68212890625,83.68212890625,82.03153602749694,82.35384114583334,9674300
1999-10-11,83.54541778564453,83.838422524196,83.33054764404011,83.506350487171,4282000
1999-10-12,82.25618743896484,83.33053802294562,82.00225002820575,83.21333614105681,8686100
1999-10-13,80.12701416015625,82.08037871793675,80.12701416015625,81.68970580638066,10469300
1999-10-14,80.10750579833984,80.75211630586124,79.22849146990158,80.31260914164211,10562200
1999-10-15,78.05643463134766,79.22845316935587,77.82203092374601,78.75964575415259,14238700
1999-10-18,78.62294006347656,78.72060831200262,77.1579163355857,78.09553152143586,9758800
1999-10-19,79.38475799560547,80.1661040388693,78.72061385883121,79.50195990209504,14392900
1999-10-20,80.16609954833984,80.92791189784892,79.462888148793,79.85356114854125,9759400
1999-10-21,80.63489532470703,80.63489532470703,79.1503381433413,79.52147743868274,9105400
1999-10-22,81.31857299804688,82.02178429469105,80.98650099685379,81.10370287962782,8309600
1999-10-25,80.90839385986328,81.55300443383129,80.47865347721795,80.83025924483685,8114300
1999-10-26,79.89259338378906,81.68968839388897,79.89259338378906,81.3771501312629,6256300
1999-10-27,81.33814239501953,81.4553443293063,80.1661230521518,80.24425767500965,5433300
1999-10-28,84.11188507080078,84.29745471970291,82.62732787958367,82.78359705760653,10509700
1999-10-29,85.63552856445312,86.06526889940248,84.83464884932025,84.91278345567467,10988600
1999-11-01,84.73695373535156,85.63550142364714,84.73695373535156,85.32296309728346,4006500
1999-11-02,84.1314468383789,85.79180740983519,84.1314468383789,84.9909276047798,6516900
1999-11-03,84.69789123535156,85.24483333742486,84.46348747732014,85.01042957939345,7222300
1999-11-04,85.342529296875,85.86017109737104,84.86395480207678,85.47926486681735,7907500
1999-11-05,86.1824722290039,86.95405147946757,85.49879441213739,86.65127987485525,7431500
1999-11-08,86.26061248779297,86.49501632607502,85.47926636018614,85.63553558570752,4649200
1999-11-09,85.44990539550781,86.69029149508827,85.18620126410094,86.57308965890745,4533700
1999-11-10,86.08480834960938,86.50478188705358,85.05929157212934,85.16672666310345,6405600
1999-11-11,86.5731201171875,86.5731201171875,85.92850979140519,86.37778365482923,4794100
1999-11-12,87.3544921875,87.5009945782438,85.7136654111695,87.04195375391325,11802900
1999-11-15,87.55958557128906,87.66702064560967,87.1396120989449,87.41308319721551,2187500
1999-11-16,88.29208374023438,89.38596796356472,87.56933880696255,87.86234350964033,7544800
1999-11-17,88.52645874023438,89.34687164118094,88.3311223352471,88.91713155020894,9459000
1999-11-18,89.15155029296875,89.38595401854185,88.52647369144049,89.0343484301822,4491000
1999-11-19,89.07347106933594,89.3664759083798,88.7609325743558,89.01487010152717,4832100
1999-11-22,89.0539321899414,89.3860043213801,88.44838889143556,89.0343985351509,4155400
1999-11-23,88.27256774902344,89.28831758813591,87.74515917871506,89.28831758813591,5918000
1999-11-24,88.74137878417969,89.03438355674467,87.51075873940678,87.97956637551074,4459700
1999-11-26,88.40930938720703,89.30785738363025,88.29210747463009,89.05391990638022,1693900
1999-11-29,88.09674072265625,88.71205055253733,87.78420239636745,88.05767343187016,7348600
1999-11-30,87.06145477294922,88.9562183163587,86.88565196995246,87.97953607748784,7682000
1999-12-01,87.76469421386719,87.82329516704804,86.88567991615429,87.08101642675716,6980200
1999-12-02,88.29208374023438,88.37021832761512,87.74514162856921,87.90141080333069,6698300
1999-12-03,89.91339111328125,90.85100631498395,89.40551621235896,89.40551621235896,10045400
1999-12-06,89.2492446899414,89.83525417575848,88.91717264797839,89.71805227859507,3138900
1999-12-07,88.52645874023438,89.58127532716567,88.37018961624455,89.56174168666695,10714200
1999-12-08,87.96002960205078,88.7999765869249,87.82329404637359,88.3507026182713,4611400
1999-12-09,88.38973236083984,88.8976070661176,87.12004559764547,88.64366971347873,6474700
1999-12-10,88.6827621459961,89.26877158748947,88.05768540840317,88.93669957064323,5127300
1999-12-13,88.83903503417969,89.21017436259865,88.31162651484749,88.40929475916828,4210800
1999-12-14,87.97957611083984,89.0636938892927,87.90144149617657,88.52651841348272,5739000
1999-12-15,88.44840240478516,88.8879097047206,87.53032048936447,87.74519072488846,6879100
1999-12-16,88.83903503417969,89.17110706487034,88.23349191939087,88.87810233190801,5854900
1999-12-17,89.4095458984375,89.80117772453664,89.01791407233834,89.60536181148707,4775400
1999-12-20,88.76338958740234,89.72288795267539,88.41092080015919,89.33125596684967,4608700
1999-12-21,90.114501953125,90.27115471618997,88.5675559178584,88.72420868092337,7981300
1999-12-22,90.34947967529297,90.34947967529297,89.58579746737436,89.99701096394591,5377500
1999-12-23,91.78874206542969,91.78874206542969,90.85861614583334,90.86840694498697,5721700
1999-12-27,91.66143798828125,91.97474348023009,90.89775585165596,91.79850914100886,2691000
1999-12-28,91.60269927978516,91.79851522523147,91.16211340253095,91.40688333433884,4084500
1999-12-29,91.99434661865234,91.99434661865234,91.05442992267633,91.68104105332701,3001000
1999-12-30,91.88663482666016,92.464291880978,91.60270169826664,92.1901495501153,3641300
1999-12-31,92.03353118896484,92.42516323657746,91.64189914135223,92.01394958658422,3172700
2000-01-03,91.13277435302734,92.89511850682462,90.15369426758443,92.89511850682462,8164300
2000-01-04,87.56889343261719,90.27115356090458,87.50035784965338,89.93826644365178,8089800
2000-01-05,87.7255859375,88.68508453369141,86.00240478515624,87.68642272949218,12177900
2000-01-06,86.31568908691406,88.66548098583188,86.31568908691406,87.49058503637298,6227200
2000-01-07,91.32856750488281,91.32856750488281,87.76471688612452,87.92136966057544,8066500
2000-01-10,91.64186096191406,92.05307444058931,90.87817878723145,91.64186096191406,5741700
2000-01-11,90.5453109741211,91.54397249221802,89.91869982551127,91.36773810667151,7503700
2000-01-12,89.64456176757812,90.604060135121,89.52707217155246,90.604060135121,6907700
2000-01-13,90.85863494873047,91.32859340536183,89.78164681895025,90.52574770861658,5158300
2000-01-14,92.0922622680664,92.40556785945255,91.4656510852941,91.81811987560351,7437300
2000-01-18,91.36772918701172,91.87685069555486,90.97609725736315,91.07400523977529,6488500
2000-01-19,92.1117935180664,92.1117935180664,90.85857183754851,91.05438772512943,6157900
2000-01-20,90.70194244384766,92.09223560306899,90.11449463009217,92.09223560306899,5800100
2000-01-21,90.50614166259766,91.17191596301487,90.27116249774453,91.17191596301487,6244800
2000-01-24,87.94097900390625,91.3873411291985,87.3535309143678,91.26985151129081,7896900
2000-01-25,88.9395980834961,88.9395980834961,87.09892828608335,88.04863557517396,9942500
2000-01-26,88.23468017578125,88.69484772663141,87.78430342388533,88.35216976323235,5158100
2000-01-27,87.8822021484375,89.11584268661744,86.55065363103692,88.88086353648792,10922700
2000-01-28,85.14077758789062,87.7647113957971,84.92538003649531,87.37307948416927,11916200
2000-01-31,87.4514389038086,87.51997451423478,84.59252486888785,85.1016465463395,10768700
2000-02-01,88.31298065185547,88.78293886375005,86.80519805536038,87.56888014968905,8419900
2000-02-02,88.39131927490234,89.13541988022939,87.96052418760773,88.52839043904153,6205900
2000-02-03,89.72284698486328,89.7620101655638,87.72552476913738,88.2738092989445,7997500
2000-02-04,89.35082244873047,90.23199426775149,89.0570985090568,89.72287277231712,4925400
2000-02-07,89.2137222290039,89.46828289383645,88.6262745409288,89.33121176661892,5845800
2000-02-08,90.42782592773438,90.5844787227586,89.99703074141776,90.21242833457606,4936400
2000-02-09,88.52843475341797,90.52575843066828,88.51864395107852,90.52575843066828,8511500
2000-02-10,88.70463562011719,89.33124673266548,88.27384048024024,88.74379881465146,6690600
2000-02-11,86.90312194824219,88.93960790647048,86.49190843744609,88.8808631192139,9849800
2000-02-14,87.41228485107422,87.58851929633848,86.66818385995845,87.58851929633848,8528800
2000-02-15,88.40106964111328,88.48918677775855,86.34500311939064,87.25554686472495,11078300
2000-02-16,87.09891510009766,88.31297371884901,86.971634761035,87.96050508759862,8845400
2000-02-17,86.64855194091797,87.99968190338652,86.60938875360004,87.99968190338652,7584200
2000-02-18,84.78833770751953,87.02064036309856,84.35754245819726,87.02064036309856,9409200
2000-02-22,84.57292938232422,85.4345197719566,83.67217579316309,84.71000058067483,16415400
2000-02-23,85.57154846191406,86.13941457298854,84.27916351946867,84.98410076080252,12119000
2000-02-24,83.8484115600586,85.86531636871952,83.39803475812461,85.64991876779456,17375000
2000-02-25,83.54488372802734,85.66948700577045,83.41760334733306,84.70998875130581,10559900
2000-02-28,85.29742431640625,85.64989301192858,83.16303054907652,83.57424402718593,13397800
2000-02-29,86.11986541748047,86.11986541748047,85.06245915723856,85.25827513135744,8242500
2000-03-01,86.7464599609375,87.09892864700903,85.98277780778253,86.23733852550085,6868000
2000-03-02,86.80522918701172,87.17727957152631,86.06112841798252,86.90313718293662,7600200
2000-03-03,88.43046569824219,88.802515930365,87.54929409584607,87.99967069262631,12770300
2000-03-06,87.56889343261719,88.56755478437557,86.94228238837664,88.23466766712278,11967100
2000-03-07,85.87509155273438,87.82346040679823,84.72956815612396,87.72555242418196,20062000
2000-03-08,85.76740264892578,86.37443221105288,84.61208832100645,85.51284186480797,11808500
2000-03-09,88.27379608154297,88.27379608154297,85.29739479396655,86.00233194102411,5500900
2000-03-10,87.80387115478516,88.97876684374303,87.43182085328182,87.84303434441708,7924600
2000-03-13,86.84439086914062,88.01928679972653,85.0233021767325,85.64991333971163,10540500
2000-03-14,85.61072540283203,87.78428224631656,85.31700150506386,87.27516082351839,8263900
2000-03-15,87.6080551147461,87.99968701065465,85.2582637392947,85.76738520397583,10300800
2000-03-16,91.70059204101562,92.01389750175794,88.27381356414658,88.74377175526006,25601400
2000-03-17,92.30667114257812,92.97413750132922,91.36436569492952,91.59994205684167,10272900
2000-03-20,91.83550262451172,92.56186294881846,90.9520914192738,92.26739254707249,12502300
2000-03-21,93.72013854980469,94.07350312749563,90.77543373571363,91.42326879481367,13612600
2000-03-22,94.28944396972656,94.76059671910683,93.40603256463855,93.95571077224886,8260000
2000-03-23,95.89920043945312,96.40961583585553,93.70048796264273,93.70048796264273,11654500
2000-03-24,96.46852111816406,97.84271657568777,95.31027066110838,96.03663111722804,11462900
2000-03-27,95.44772338867188,96.60597424838632,95.36919790665733,96.35076643183906,8798600
2000-03-28,94.89801788330078,96.10534682409991,94.60354740993513,95.01580607264704,6334400
2000-03-29,94.99617004394531,95.79124028299879,94.014601847583,95.21211504714502,6747500
2000-03-30,93.40599822998047,95.43784371480665,92.42443036291468,94.3286720250223,9491900
2000-03-31,94.4661636352539,95.68330871949865,93.24901855100916,93.99501069941722,9249100
2000-04-03,95.01586151123047,95.01586151123047,93.40608865091623,94.30913196279982,8508200
2000-04-04,94.30907440185547,96.11515992328984,88.8221080622804,95.32990534875316,19585500
2000-04-05,93.72013854980469,94.74096955202293,92.738570278441,92.8956212018592,8387200
2000-04-06,94.53482818603516,95.29063565881313,93.60233844689348,94.38759296406542,6378500
2000-04-07,95.13360595703125,95.56549603772764,94.54466493789981,95.21213142624877,6023600
2000-04-10,94.76061248779297,96.18388665505317,94.42687923478023,95.32992215469706,9624200
2000-04-11,94.48577117919922,95.25139450685114,93.20973229977932,94.23056340331523,9006400
2000-04-12,91.8944091796875,94.95690177358438,91.81588372856194,94.46611770404962,10779200
2000-04-13,90.61841583251953,93.07233740510725,90.32394524380899,92.6404472083318,12225800
2000-04-14,85.43571472167969,89.71535300507266,83.8652052598841,89.59756479543799,29604000
2000-04-17,88.4196548461914,88.4196548461914,84.61117060104019,84.92527239445471,23918200
2000-04-18,90.75579833984375,90.75579833984375,87.8110936565263,88.30187777041255,11069200
2000-04-19,89.91165161132812,91.16805897008904,89.53865567669598,90.77543167047625,6553700
2000-04-20,90.34353637695312,90.42206183230032,89.44049364046032,90.18648546625872,8537600
2000-04-24,89.36195373535156,90.02941999787396,88.26259753825585,88.8908010794534,12893100
2000-04-25,93.07223510742188,93.07223510742188,90.73610433800968,90.85389244403046,14102000
2000-04-26,92.02205657958984,93.4453310546875,91.7177703125,92.95454675292969,7711100
2000-04-27,91.71770477294922,92.56185316876189,89.83309440090231,89.83309440090231,15595300
2000-04-28,91.14840698242188,92.88578239012043,91.12877562188291,92.34591997529884,8743400
2000-05-01,92.38518524169922,93.27841217083167,91.61956215958568,92.07108346442187,7328300
2000-05-02,90.53983306884766,92.42444364443512,90.53983306884766,91.40361291599191,9411900
2000-05-03,88.4196548461914,90.46131650338589,87.81108262145075,90.46131650338589,12630700
2000-05-04,89.08712005615234,89.4306688884535,88.41965375339579,89.20490822722702,5963600
2000-05-05,90.16682434082031,90.4612947011757,88.53742168018715,88.61594710961526,7862400
2000-05-08,89.48958587646484,90.06871119912707,89.10677422250168,89.67608386172896,5064100
2000-05-09,88.77303314208984,90.08833460615885,88.11538241005535,89.87238958966991,5620300
2000-05-10,86.77066040039062,88.55711517333984,86.53508394681491,88.26264460637019,10293900
2000-05-11,88.75340270996094,88.89082226735304,87.39883850138158,88.02704219231693,7091100
2000-05-12,89.7153091430664,90.12756767523366,88.96931751343041,89.08710566547819,5960800
2000-05-15,91.26622772216797,91.4723570814028,89.20493412981959,89.67608695092778,4441300
2000-05-16,92.14964294433594,92.79747809924925,91.28586273778485,92.07111747101311,8192200
2000-05-17,91.18767547607422,91.83551041487088,90.75578551687646,91.52140862636341,5907200
2000-05-18,90.06871795654297,91.91406658076158,90.06871795654295,91.48217647722106,4325600
2000-05-19,88.65520477294922,89.98032131904621,88.20368357946431,89.55824715991902,6518400
2000-05-22,87.98775482177734,88.87116601476707,86.06388155704414,88.73374649585756,10839400
2000-05-23,86.69208526611328,88.45890765604766,86.41724622767904,88.22333133738974,7979200
2000-05-24,88.10554504394531,88.38038408820005,85.7497818074762,86.69208710206384,11081500
2000-05-25,86.59391021728516,89.08709239765135,86.5153847942815,88.3803635906184,8278900
2000-05-26,86.69208526611328,87.7521787000739,86.27001102851784,87.20250062320544,4814000
2000-05-30,89.51903533935547,89.7938744829412,87.61479270165427,87.94852594743695,5362700
2000-05-31,89.7153091430664,90.4613007727024,89.26378789354987,89.55825827366935,6056500
2000-06-01,91.28583526611328,91.36436071580455,89.8331144468246,90.26500442012663,8961600
2000-06-02,92.87600708007812,93.66126184296189,92.65024633574905,93.56310499760143,8962200
2000-06-05,92.4244613647461,93.11155910216455,92.26741045333615,92.64040636793474,6998100
2000-06-06,92.0121841430664,92.83670126148093,91.65881966374592,92.11034094287767,4858900
2000-06-07,92.65025329589844,92.9741709099216,91.71776319492265,92.11039060585983,4919500
2000-06-08,92.28702545166016,92.81707218367353,91.7569787196468,92.66002130011401,5723100
2000-06-09,92.09072875976562,92.95450877797703,91.48215647420759,92.66003831722314,3085300
2000-06-12,91.01099395751953,92.3262952075527,91.01099395751953,92.3262952075527,3678900
2000-06-13,92.71893310546875,92.81708992645696,90.85395350669265,90.9717416918785,6558700
2000-06-14,92.87600708007812,93.52384225945724,92.46374832956414,93.13121487801536,6420500
2000-06-15,93.07223510742188,93.44523077648769,92.2477183652764,93.05260375641842,5881200
2000-06-16,92.30755615234375,93.38982338499754,91.85497167323399,93.38982338499754,5567900
2000-06-19,93.48823547363281,93.92114247856229,92.09112650317861,92.22886964111072,5106900
2000-06-20,93.15371704101562,93.74404477891814,92.56338930311311,93.31113777112296,6480000
2000-06-21,93.11431884765625,93.46851532678934,92.49447500917333,92.52399138243442,3115000
2000-06-22,91.69756317138672,92.99628402317032,91.30401139811897,92.91757366851677,7490500
2000-06-23,90.91046905517578,92.01241413463245,90.59562760390244,91.81563822758662,4863300
2000-06-26,92.08122253417969,92.09106132278255,91.22524792573074,91.54008916102231,5201300
2000-06-27,91.40237426757812,92.38625343084591,91.31382514288401,91.92383022411005,4159500
2000-06-28,91.6581802368164,92.55351024986389,91.50075957518169,91.69753540222509,5347700
2000-06-29,90.7923812866211,91.77626058101447,90.36931319003193,91.1465778326027,6345700
2000-06-30,91.48109436035156,91.67787021399826,90.60544181162373,90.63495818967074,7420200
2000-07-03,92.74043273925781,92.83882063734741,91.42203490485716,91.57945554180053,1436600
2000-07-05,91.0678482055664,92.34689101744233,90.91042755179706,92.16979278195183,2748200
2000-07-06,91.77626037597656,92.2288448503864,90.81205866962517,91.264643144035,5963200
2000-07-07,93.25205993652344,93.68496673513148,92.09108261298368,92.36656875755243,3034800
2000-07-10,93.09468078613281,93.76371886407163,92.8979048808567,93.11435837666043,2816100
2000-07-11,93.2914047241211,93.9014096906783,92.66172217799752,92.85849797366113,5431600
2000-07-12,93.90142822265625,94.53111089305126,93.62594205435843,93.99981613990548,5883000
2000-07-13,94.31468200683594,94.68855618962957,93.94080782404231,94.44258633252849,5356000
2000-07-14,95.23950958251953,95.23950958251952,94.2457915589829,94.72789238228285,5341900
2000-07-17,95.08209228515625,95.70193622285957,94.8853164319171,95.0722534924943,4208300
2000-07-18,94.30484771728516,94.84598142875629,94.03920025892661,94.84598142875629,4262100
2000-07-19,93.54723358154297,94.3933696867189,93.35045774312997,94.1178835129407,8506800
2000-07-20,94.84593200683594,94.84593200683592,93.70463241007317,93.82269788560036,4538900
2000-07-21,92.99626159667969,94.29498213527064,92.99626159667969,94.29498213527064,5656900
2000-07-24,92.46495056152344,93.73415450091869,92.28785233742178,93.27173136020879,5628500
2000-07-25,92.76014709472656,93.09466608085519,92.42562810859793,93.0356333185972,4757100
2000-07-26,91.85494995117188,92.66173078836084,91.70736809071049,92.54366529999172,12062500
2000-07-27,91.54010009765625,92.3272032799233,91.10719334740939,91.89429652967642,7652600
2000-07-28,89.47396087646484,91.87462576032864,89.10992562768222,91.75656027423697,6229500
2000-07-31,90.04463195800781,90.75302504159353,89.45430438835304,90.0052767866975,5265500
2000-08-01,90.5956039428711,91.12689875313555,90.1233418893027,90.4381832583483,3946600
2000-08-02,91.0482177734375,91.55983516313047,90.4382124241882,90.59563315947834,7439800
2000-08-03,91.6778793334961,91.81562244475055,89.80850853790002,89.96592923647653,4607100
2000-08-04,92.16981506347656,92.3862685147358,91.5598098826551,92.13045989052034,3686600
2000-08-07,93.27176666259766,93.46854254163266,92.16982174000155,92.38627520694007,4159800
2000-08-08,93.62596893310547,93.70467928950151,92.87822054734295,92.87822054734295,3658700
2000-08-09,92.8388442993164,93.96046662340734,92.79948913005006,93.91127266182441,5383800
2000-08-10,92.38630676269531,93.10453896649476,92.11082043795032,92.89792422293601,4193400
2000-08-11,92.8191909790039,93.1930651847705,91.65821318214971,92.32725123457415,5089400
2000-08-14,93.99986267089844,94.17696100961271,92.60275355437471,93.05533819775563,2966700
2000-08-15,93.92109680175781,94.33432601458767,93.54722275205461,94.03916229113777,5564600
2000-08-16,93.58660125732422,94.41305988911725,93.09466159554266,94.019508159692,5191600
2000-08-17,94.57046508789062,94.7278857538713,93.40948767628315,93.62594109200657,5652200
2000-08-18,94.2556381225586,94.68854501998996,93.96047432885538,94.68854501998996,4626400
2000-08-21,94.76727294921875,94.90501607850541,94.07855730278548,94.47210910074735,2380600
2000-08-22,94.6098403930664,95.2788783658959,94.5114524558856,94.80661626742803,3075300
2000-08-23,94.98371124267578,95.25919745717701,93.99983190517136,94.33435087992287,5483200
2000-08-24,95.27887725830078,95.39694278154528,94.767259990908,95.18048932226371,4529000
2000-08-25,95.23950958251953,95.47564059801337,95.04273373627464,95.18047682864606,2822200
2000-08-28,95.56420135498047,96.28243328115298,95.23952116917646,95.23952116917646,5518700
2000-08-29,95.58385467529297,95.63304863034973,95.02304358764586,95.35756248203187,3561900
2000-08-30,94.6688461303711,95.39691665766766,94.6688461303711,95.2788511667547,3964800
2000-08-31,95.92822265625,96.40048467548078,95.0230537860577,95.12144170673078,4863100
2000-09-01,96.0265884399414,96.71530372588362,95.71174716636783,96.49885035030178,3191200
2000-09-05,95.25917053222656,95.83965917727937,94.96400681440309,95.63304457480295,3470800
2000-09-06,94.17692565917969,95.68226097320544,94.15724807337543,95.20016012100112,4322200
2000-09-07,94.98371124267578,95.13129314330143,94.3441896732979,94.6098370944241,4265500
2000-09-08,94.33433532714844,94.7672421642776,94.02933278280743,94.6294990797365,3518200
2000-09-11,94.19660949707031,95.2001664396963,93.62595947087122,94.29499743262188,3937500
2000-09-12,93.50790405273438,94.60984904998882,93.468548874261,94.29500762220184,4769100
2000-09-13,93.75382995605469,94.03915486619485,92.97656554567287,93.1930189257792,7691600
2000-09-14,94.22611236572266,94.41304941646389,93.29142711201652,94.37369424788679,3397100
2000-09-15,92.16461944580078,93.58496460849292,92.16461944580078,93.54551057619592,4085700
2000-09-18,91.31641387939453,92.77621397165532,91.03037196942452,92.40140043445324,5109300
2000-09-19,92.14488983154297,92.36188700305806,91.34594570005561,91.6122604105514,6588200
2000-09-20,91.46434020996094,92.184376534271,90.36949045655798,91.96737928584879,6508100
2000-09-21,90.07357025146484,91.88845602963715,90.03411621280893,91.19801035315855,5972300
2000-09-22,91.71090698242188,91.7306340004865,89.90588482950908,90.03411044692912,7791300
2000-09-25,91.0599594116211,92.204127012547,90.72459994238419,92.12521890213831,9726300
2000-09-26,89.89604187011719,91.53338474376645,89.89604187011719,91.1388442922847,5302400
2000-09-27,90.3694839477539,90.8823864979922,89.71849224937453,90.62593522287305,7186200
2000-09-28,91.53339385986328,92.37179240276073,90.20181970349672,90.38922643661499,7036400
2000-09-29,90.66539764404297,92.14492436799928,90.66539764404297,91.82929200022194,9333600
2000-10-02,90.80347442626953,91.47419311636146,90.35961646959105,91.07965271042504,5517800
2000-10-03,89.95525360107422,92.00686464811626,89.81716439598485,91.2375105054755,9347200
2000-10-04,90.70484924316406,91.05993564733478,89.48177385102049,90.19194665936192,6148900
2000-10-05,91.0204849243164,91.43475241096804,90.46812827544755,90.52730934496923,4566900
2000-10-06,89.04778289794922,91.30652705874124,88.21924792193818,90.82321498940146,10014900
2000-10-09,88.3770523071289,89.20558717250823,87.9825118950435,89.20558717250823,4508000
2000-10-10,86.91722106933594,89.16610059768462,86.91722106933594,88.43620110164161,6104700
2000-10-11,86.1873550415039,87.50906545298955,85.29963909349117,86.87780077884715,10346000
2000-10-12,84.0370864868164,86.85804971865086,83.82008931513684,86.66077956257853,12336900
2000-10-13,86.8383560180664,86.89753708759257,83.87930254175791,83.91875658810869,11778800
2000-10-16,87.23290252685547,87.26249306366918,86.28600534881633,86.73972691329341,5659000
2000-10-17,85.06288146972656,87.46957709572533,84.84588432312012,87.39066904241389,7831700
2000-10-18,84.74726867675781,85.93088974766225,82.16302933861645,83.72146374864063,10897300
2000-10-19,87.94306945800781,88.03184106244053,86.12818332293901,86.38463462463352,8767300
2000-10-20,88.31786346435547,89.12667123787313,87.35123953990752,87.35123953990752,7373500
2000-10-23,88.71239471435547,89.02802698374165,87.70631685568699,88.33758139445936,5290000
2000-10-24,88.12059020996094,89.60011657345927,87.74577686454136,88.98857900987996,5750700
2000-10-25,86.04926300048828,88.10087312246233,85.93090087806671,87.58797059196883,9137600
2000-10-26,86.2859878540039,86.89752549082925,84.60919110786985,86.56216614160245,9345800
2000-10-27,87.92333221435547,87.92333221435547,86.24653543665292,87.03561627321882,9762900
2000-10-30,88.71239471435547,89.06748101741492,87.21314143477107,87.3906845863008,10154100
2000-10-31,90.24126434326172,90.70484937158538,88.4165147636898,89.01818894938648,7752400
2000-11-01,89.9355239868164,90.42869970510341,89.14644283755722,89.79743478569605,6753600
2000-11-02,90.08341979980469,90.84290992622371,89.96505770218094,90.36946153572873,11395100
2000-11-03,90.13275909423828,90.7442967462237,89.87630782082503,90.56675355693761,5187100
2000-11-06,90.76402282714844,91.08951867080154,90.29057432728936,90.3694824105992,4042500
2000-11-07,90.74429321289062,90.902109375,89.9946664428711,90.35961631774902,5231300
2000-11-08,88.73214721679688,90.94157373709062,88.73214721679688,90.94157373709062,6123300
2000-11-09,88.39678192138672,89.14640872634381,86.6410770360925,88.37705490020363,10635300
2000-11-10,86.24651336669922,88.04167181051662,86.18733231910085,87.74576657252473,8569500
2000-11-13,85.57582092285156,86.4734004184693,83.96806863949232,85.61527496661498,17285300
2000-11-14,87.82471466064453,88.14034705834675,86.48327697041006,86.7791823432559,7668900
2000-11-15,88.10091400146484,88.44613701871197,86.9567462871601,87.78528152855318,8837700
2000-11-16,86.72000885009766,88.29817097657805,86.68055479693565,87.47949937346634,6684100
2000-11-17,86.25639343261719,87.74578341641653,85.6941733725075,86.68052435515608,6551100
2000-11-20,85.02344512939453,86.08870407069088,84.78672092021756,85.6941637220626,5458500
2000-11-21,85.45744323730469,85.97034571287485,84.28368564898068,85.14181094464612,7684300
2000-11-22,83.41568756103516,85.1418014694165,83.40582405298726,84.80644219578814,5736900
2000-11-24,85.12210845947266,85.20101655537945,84.35275452438124,84.35275452438124,3411600
2000-11-27,85.87174987792969,86.28601745142763,85.41802824981289,86.14792826026165,5992000
2000-11-28,84.3921890258789,86.22680183078931,84.36259849676745,85.29963191863028,5336100
2000-11-29,84.23438262939453,85.7928173431468,84.12588401008267,84.82619328018653,6914100
2000-11-30,83.50446319580078,84.27381686096408,81.90657481430777,83.64255231518906,11201600
2000-12-01,83.46501922607422,84.62891337269166,82.69566546814066,84.07655682853424,7587200
2000-12-04,84.17520141601562,84.51056078420693,83.01130713817524,83.24803139807499,6996600
2000-12-05,86.93697357177734,87.27233289801292,84.84590953760252,85.14181482545746,8883400
2000-12-06,85.54623413085938,87.33152968922275,85.24046527832199,86.97644327982451,12888000
2000-12-07,84.37250518798828,85.77312428276198,84.37250518798828,85.14185933863862,6529100
2000-12-08,84.56974792480469,88.04170398609828,84.51056685557809,86.52272320928233,10276300
2000-12-11,87.50904846191406,88.10085897901446,86.30570041047656,86.71996777244684,6405600
2000-12-12,87.1342544555664,87.62742999584016,86.71998700173646,87.23288956362116,5022900
2000-12-13,85.94076538085938,88.00223903684464,85.87172080864934,87.90360393368745,6070500
2000-12-14,84.8459243774414,86.16763489436504,84.60920010575359,85.77309444155202,7678400
2000-12-15,82.92951202392578,84.29485116247288,82.672274215214,84.29485116247288,9065300
2000-12-18,84.03763580322266,84.51253650001506,83.43411616771564,83.6220976935293,7235400
2000-12-19,82.32603454589844,85.46235865971286,82.32603454589844,83.87935595242482,9616600
2000-12-20,79.9416275024414,81.64335521660229,79.84268984464136,81.44547990100219,9994300
2000-12-21,80.49566650390625,81.59387434337695,79.48650254331156,79.78331547289824,14331500
2000-12-22,82.90975189208984,83.01858330865464,81.58398736302779,81.68292501445033,10182900
2000-12-26,83.80016326904297,83.80016326904297,82.49418669861632,82.8503621269145,4665300
2000-12-27,84.41361236572266,84.68074405042431,83.10763524051457,83.42423575571652,4854100
2000-12-28,84.67082977294922,84.76976740998235,83.95847878631072,84.0969914781571,8358700
2000-12-29,83.06803894042969,85.02700412744792,83.06803894042969,84.88849143745674,8774600
2001-01-02,81.56420135498047,83.6814671349375,80.7727001288283,83.58252948166849,8737500
2001-01-03,85.48213195800781,86.11533293547454,80.83206227973656,81.2476004211991,19431600
2001-01-04,84.56204986572266,85.77898354227395,84.21576792524058,85.44259537151994,9219000
2001-01-05,81.80164337158203,84.61147243756284,81.80164337158203,84.5125347943945,12911400
2001-01-08,82.4348373413086,82.4348373413086,80.8518351840103,82.2369620716463,6625300
2001-01-09,82.2171630859375,83.26590186898315,81.95003150912399,82.97898276796123,5702400
2001-01-10,83.66165161132812,83.66165161132812,81.56417406383504,81.68289920803275,8746100
2001-01-11,83.74082946777344,84.52243692618012,83.0086908358482,83.0086908358482,7245100
2001-01-12,83.58250427246094,84.67081813017526,83.12739120468949,84.01782981554666,7244000
2001-01-16,84.11680603027344,84.33446890167617,83.27583584530834,83.58254261864856,8542200
2001-01-17,84.50261688232422,85.51178055425925,83.98814128486715,85.38316165489498,7851400
2001-01-18,85.34364318847656,85.92737550335252,84.17617855872462,84.49277913628447,8107000
2001-01-19,84.85883331298828,86.2340668247646,84.76978941654234,86.2340668247646,7782500
2001-01-22,85.42276763916016,85.97681848324088,84.57190384289333,85.0072295060996,7050900
2001-01-23,86.09553527832031,86.53086089912543,84.94785864165229,85.14573392383643,8463100
2001-01-24,86.352783203125,86.94640911882017,86.01639518423107,86.27363308103232,6199900
2001-01-25,86.13511657714844,86.90683023359428,85.89766622131894,86.27362928471564,10818300
2001-01-26,86.0361557006836,86.19445589516508,85.13582334457018,85.58104264154935,7136800
2001-01-29,86.4952392578125,86.68519178173547,85.71639526221584,85.79871446383454,6705900
2001-01-30,87.25503540039062,87.3310163725691,85.98229614516096,86.30523460066621,7069100
2001-01-31,86.76121520996094,87.82498839307061,86.49527191418353,87.00182505173188,9706900
2001-02-01,87.3374252319336,87.3500919595719,86.27365199549084,86.81187680847249,8239100
2001-02-02,85.35546112060547,87.37537301376426,85.32379915143929,87.00177723660569,8276600
2001-02-05,85.98236083984375,86.07734678840936,85.32383604110647,85.35549802396167,4352900
2001-02-06,85.72908782958984,86.55857964038468,85.6214448129558,85.67210205523318,7106700
2001-02-07,85.28582763671875,85.7353948485664,84.64628856758874,85.30482289007126,5748700
2001-02-08,84.29170989990234,85.73540733624495,84.2790528370762,85.35549255198006,5943300
2001-02-09,83.48119354248047,84.43733296144788,83.11393590854382,84.43733296144788,9913000
2001-02-12,84.43736267089844,84.53233896228338,83.39257515625839,83.39257515625839,5804400
2001-02-13,83.74715423583984,84.95657037016022,83.5825254669846,84.65896515047135,6587600
2001-02-14,83.62052917480469,83.994115475711,82.73405156894545,83.994115475711,8400100
2001-02-15,84.4310073852539,84.54498857372339,83.57619195018894,84.11440692888632,5929800
2001-02-16,82.56938934326172,83.13293772944863,81.87287418541324,82.94931372890888,6434900
2001-02-20,81.29668426513672,83.03798719209313,81.11306020770371,82.97466322090575,5760000
2001-02-21,79.54268646240234,81.58158898623924,79.4667006270473,80.98638351757698,10910800
2001-02-22,79.66297149658203,80.12521009243548,77.89634111964732,80.00490042414398,21281600
2001-02-23,79.12481689453125,79.49207472917377,77.12390372785472,79.20080277337017,20173000
2001-02-26,80.8091049194336,80.8091049194336,78.83351626662564,79.65667941303055,11503700
2001-02-27,80.06196594238281,80.94844380932068,79.47308859880721,80.28991877415028,11415000
2001-02-28,78.4852523803711,80.31520265919515,78.05467556000428,80.25821689504379,14825800
2001-03-01,78.89682006835938,78.89682006835938,77.09219872356432,78.54856252094352,14672000
2001-03-02,78.26996612548828,79.56169658229501,77.44047446600018,77.56711271765315,12564300
2001-03-05,78.9854965209961,79.01082514235516,78.39661935948443,78.61191022556618,5293200
2001-03-06,79.83396911621094,80.89141343971562,79.460378080213,80.00493123035278,6917000
2001-03-07,80.40385437011719,80.44184487914383,79.63134848031147,80.35319713745527,6371700
2001-03-08,80.49248504638672,80.56846604833108,79.87194615518924,80.1632179348326,6055000
2001-03-09,78.1116714477539,79.84664073961002,77.95337120646565,79.84664073961002,10020300
2001-03-12,74.7683334350586,77.56707913080211,74.55937606246489,77.46576470859758,13972900
2001-03-13,75.99678039550781,76.26272848177712,74.4201112892676,75.60419887505242,12888000
2001-03-14,74.4961166381836,75.53456614292861,73.29303348094736,74.11619691246199,19883400
2001-03-15,74.51510620117188,75.26228369802409,74.31248204088693,75.00266892622156,10370300
2001-03-16,73.02054595947266,74.5379710271482,72.89356184346396,74.36654368152365,58514600
2001-03-19,74.50621032714844,74.72208086339049,72.89989909043129,73.4967122179823,10067800
2001-03-20,72.5062255859375,75.21092509679731,72.44908640072401,74.85537947161332,15083900
2001-03-21,71.27452087402344,73.17923812463056,71.04595441643487,72.49353875186483,19004600
2001-03-22,70.55073547363281,71.4903933614556,68.59522441288702,71.12214682846836,28624800
2001-03-23,72.68402862548828,72.79831187977157,70.79200693656426,71.90309224722783,12861700
2001-03-26,73.6109619140625,73.82047709517994,72.86811862919754,73.45858107186444,9943800
2001-03-27,75.11569213867188,75.33156259644845,73.19192863446341,73.40779909223998,12880700
2001-03-28,73.03953552246094,74.25220261189943,72.95064913240554,74.22046024056249,10953300
2001-03-29,73.31893920898438,73.96654112873149,71.19835087579705,72.82370851276852,12060300
2001-03-30,74.087158203125,74.087158203125,72.69671297262494,73.36336598986527,9183600
2001-04-02,72.5062255859375,74.52522581056031,72.25226719306085,73.83953136826916,10561000
2001-04-03,70.08724212646484,72.474488992803,69.87772207606908,72.366556182822,12836000
2001-04-04,70.37931060791016,71.17294289903215,69.39520947328711,70.20153774973035,14884300
2001-04-05,73.04591369628906,73.32526895237335,71.426901980486,71.93482855437038,21522800
2001-04-06,71.93487548828125,72.63327135008059,71.14758830070022,72.37295747903768,14937800
2001-04-09,72.73480987548828,73.00781957442237,71.60467828025547,72.37926416299626,9034300
2001-04-10,74.06175231933594,74.7601476341781,73.12208973365921,73.29986255809763,17873600
2001-04-11,74.11255645751953,75.54744008353472,73.73795951519035,75.4141104462827,12722300
2001-04-12,75.45857238769531,75.51571644295623,73.6236945505562,73.83956509583918,9233200
2001-04-16,74.66493225097656,75.48396143644668,74.22685047750002,75.10301886840065,7350000
2001-04-17,75.7188491821289,75.97281241094093,74.29665703835983,74.4807802581499,10924700
2001-04-18,78.72833251953125,79.99814433436241,76.62679551604896,76.86170760166621,32481600
2001-04-19,79.7759017944336,79.89653058297664,78.46164719544107,78.88703284987119,13809900
2001-04-20,79.04576873779297,79.61718490227719,78.51245021357212,79.29973201578002,7626700
2001-04-23,77.61088562011719,78.65848118569238,77.40137038215971,78.50610514610142,8451800
2001-04-24,77.19184112548828,78.50609581512646,76.88708423858178,77.78864922792951,10044700
2001-04-25,78.20133209228516,78.51878493492067,76.79184069595213,77.09024714306086,8249000
2001-04-26,78.5505599975586,79.50291886301115,78.41087992226059,78.55691041296696,10590400
2001-04-27,79.85848236083984,79.89657517385584,78.85532963719596,79.31246276918299,7938700
2001-04-30,80.41718292236328,80.80447106157604,79.15371670466764,80.28384842184461,10766900
2001-05-01,80.66477966308594,80.72826927101879,79.10925762702502,79.40766411265064,10578000
2001-05-02,80.51875305175781,81.0711228394487,79.99813049152323,80.8933499911657,9572900
2001-05-03,79.49652862548828,80.09334143227431,78.86797344545644,80.08064060781979,9926200
2001-05-04,80.84891510009766,80.85526551541236,78.37278596160527,78.50611561952813,12145300
2001-05-07,80.15054321289062,80.874335765876,80.14419763965235,80.54418673137089,7185200
2001-05-08,80.11239624023438,80.69650828392261,79.7187529878641,80.5441322820791,6952600
2001-05-09,79.7759017944336,80.34731789050558,79.40130491436294,79.52193854685204,9507400
2001-05-10,80.01083374023438,80.95049653725857,79.85210727643583,80.7981204883172,6872400
2001-05-11,79.45846557617188,80.309237063094,78.98228620377446,79.99813456276621,7734400
2001-05-14,79.6171875,79.642584313022,79.0203745038498,79.29973460314508,7914000
2001-05-15,79.98544311523438,80.31559203415652,79.26799638666067,79.71243339914693,9782200
2001-05-16,81.87110137939453,82.02982783018354,79.12196293312843,79.2616381409074,14909000
2001-05-17,81.99806213378906,82.58852943543629,81.62347011939191,81.90283015992252,11824600
2001-05-18,82.37271881103516,82.37271881103516,81.33147322097774,81.96002404377033,6683100
2001-05-21,83.5853271484375,83.70596077517682,81.99806298163928,82.43614944173825,11531500
2001-05-22,83.47740936279297,83.8647022766701,83.21710535541462,83.69963026127243,8342700
2001-05-23,82.06159210205078,83.2044247226759,82.06159210205078,83.2044247226759,12330800
2001-05-24,82.3028335571289,82.53774557903589,81.61713420054056,82.20124631439892,7902800
2001-05-25,81.33146667480469,82.34731051452094,81.20448256187869,82.31556327530228,7425000
2001-05-29,80.68383026123047,81.49016334018731,80.56954702342347,81.40762248602584,9003900
2001-05-30,79.5536880493164,80.69016501681145,79.36321439718469,80.3727121592227,10041800
2001-05-31,79.96638488769531,80.4806618880379,79.52830317237367,79.63623599760169,9874200
2001-06-01,80.46160125732422,80.6965132655126,79.43940269579417,80.12509716839237,8848300
2001-06-04,80.84891510009766,80.90605915003466,80.04893715256055,80.5060701762661,5623500
2001-06-05,81.7758560180664,82.04886081861272,80.80444622909621,80.94412625799177,9115400
2001-06-06,81.09651947021484,81.79491487716153,80.86160258182822,81.79491487716153,12064900
2001-06-07,81.38860321044922,81.49019049744214,80.63306350627182,80.66481074444422,7355300
2001-06-08,80.63304138183594,81.18541120441436,80.08702197393923,81.07747353061367,8170600
2001-06-11,80.06161499023438,80.62668072645799,79.62353331178076,80.4489078895265,7012200
2001-06-12,79.92193603515625,80.46795538112383,78.75371175146988,79.2743342855382,9364400
2001-06-13,79.23629760742188,80.36642989562961,79.14106070633639,80.10611602225929,7629400
2001-06-14,77.45852661132812,78.91881224731762,77.29980012237048,78.84262178879666,12603000
2001-06-15,77.58329772949219,77.93349100853206,76.660067968712,76.98479220402866,16821100
2001-06-18,77.20767211914062,77.95899221692642,76.9848239667731,77.4559893257395,11368300
2001-06-19,77.54510498046875,78.2454867565822,76.97206357902178,77.9207624861416,7732300
2001-06-20,77.95263671875,78.22642302516809,77.10580874102357,77.1631153370175,8787200
2001-06-21,78.8376235961914,79.1496108942209,77.77431647800262,77.81888609200684,12259100
2001-06-22,78.22004699707031,78.69121238901761,77.78071913957213,78.62754217784511,12212000
2001-06-25,77.50053405761719,78.59567874910091,77.36045673321014,78.49380256490531,8406800
2001-06-26,77.3923110961914,77.92714660643003,76.76833147652145,76.97844750885444,8005800
2001-06-27,77.34774017333984,77.83163757228205,76.98481469527077,77.42414246910714,10105100
2001-06-28,77.7742919921875,78.91400588601837,77.63421471863971,77.678784318612,10269300
2001-06-29,78.06082153320312,78.95858699485862,77.84434197541891,78.18816673577275,9824200
2001-07-02,79.03500366210938,79.15598041216677,78.07357271054092,78.18818098487854,8522200
2001-07-03,79.01594543457031,79.01594543457031,78.34740085745409,78.93954311588632,3303100
2001-07-05,77.47506713867188,78.72938975910623,77.46233504415979,78.36009586784378,5517900
2001-07-06,75.80049896240234,77.35407157454038,75.80049896240234,77.23946332089946,11665900
2001-07-09,76.21439361572266,76.74923400531033,75.89603774454967,76.08068473275702,8339300
2001-07-10,75.29754638671875,76.81291887405443,75.26570885043262,76.59007069322949,8630700
2001-07-11,75.37391662597656,75.69864089854953,74.55255808812963,75.19563815718323,15328600
2001-07-12,77.16310119628906,77.34137971519715,75.96607995609132,76.08705674723267,12002800
2001-07-13,77.83163452148438,77.8825726218158,76.80016470725839,76.94023719658288,10433800
2001-07-16,76.85749816894531,77.85713572660741,76.59008031834881,77.53241127503931,6915300
2001-07-17,77.57695007324219,77.64698874784625,76.29716307233097,76.53274328897673,7469800
2001-07-18,77.04846954345703,77.44959608949073,76.44359062870596,76.7619464182411,7709300
2001-07-19,77.72337341308594,78.30278321577477,76.88928289394646,77.79341206742686,10082900
2001-07-20,77.2585678100586,77.6405985800763,76.99115015722461,77.1375959334278,6705800
2001-07-23,75.73683166503906,77.60239657117495,75.73683166503906,77.55146334258521,8065200
2001-07-24,75.00463104248047,75.89602342743142,74.3360818960431,75.7686830460739,12269000
2001-07-25,75.83236694335938,76.0743205124853,74.78816008277131,75.08104689901185,12088500
2001-07-26,76.62823486328125,76.94659064157301,75.48852059406993,75.80687637236169,12898200
2001-07-27,76.92112731933594,77.26495216839855,76.34809076195563,76.9338642717405,8478800
2001-07-30,76.94658660888672,77.2649423704938,76.59639818575297,77.1630710527957,8547700
2001-07-31,77.26493072509766,78.11175808919201,76.91474235474442,77.04208269710512,11918100
2001-08-01,77.74885559082031,78.12451311145325,77.39229864137562,77.65971635345915,11940800
2001-08-02,78.06719970703125,78.47469469043673,77.60876663626922,78.4619625974593,11070100
2001-08-03,77.64059448242188,77.90801212114229,76.97841400245505,77.90801212114229,10816300
2001-08-06,76.596435546875,77.36685628282221,76.46909026548344,77.26498005770897,8550100
2001-08-07,76.89567565917969,77.16946190509529,76.34810802507361,76.57731978521853,8865100
2001-08-08,75.46939849853516,77.14395252366131,75.40572833258213,76.48177211076077,15183800
2001-08-09,75.69224548339844,75.74955203238586,75.04280202711502,75.57763724314582,14118500
2001-08-10,75.95331573486328,76.3035041466906,74.71172539004846,75.64132845872393,11173300
2001-08-13,75.97238159179688,76.30983775678943,75.64765751364207,76.15065995385173,7431600
2001-08-14,75.94055938720703,76.6282088002857,75.64130913788247,76.49450000180741,13178100
2001-08-15,75.2847900390625,76.15708681674175,75.18291869309125,75.91513811955086,8520600
2001-08-16,75.54582214355469,75.60949232344029,74.49524717341065,75.0046183279421,10734700
2001-08-17,74.33606719970703,75.04918582440749,73.86490205256517,74.90910851797318,11604600
2001-08-20,75.02372741699219,75.06829703374645,74.20873736335763,74.367915260012,10417400
2001-08-21,73.74392700195312,75.47578308892666,73.73119490913273,75.00461793099876,14480800
2001-08-22,74.50799560546875,74.7690497152877,73.71847451475861,74.33608559630645,11752300
2001-08-23,74.24054718017578,74.82632049373564,74.17050853858467,74.46976366943353,8744100
2001-08-24,75.78141021728516,75.85144887979833,74.32970859014625,74.62896381038914,11687700
2001-08-27,75.32933807373047,75.89601093563326,75.29750541249254,75.7495700069474,7425100
2001-08-28,74.22785949707031,75.44397645477783,74.22785949707031,75.3102675656723,12046600
2001-08-29,73.56565856933594,74.60986520077783,73.33007352944425,74.57802767780838,16180000
2001-08-30,72.15216064453125,73.69300160036818,71.3371705474844,73.12632864671141,17692600
2001-08-31,72.6806640625,73.0754223299581,72.03121520680077,72.20313013943196,15985400
2001-09-04,72.21583557128906,73.96679264259167,72.18400290280915,72.48962178038353,24473400
2001-09-05,72.39408111572266,72.70607318583164,71.27983621376205,72.39408111572266,21477100
2001-09-06,70.52851104736328,72.13939477357906,70.52851104736328,71.72553144245992,21653000
2001-09-07,69.2232666015625,70.8341457225567,69.16596004754645,70.05098853582172,33133900
2001-09-10,70.07013702392578,70.26114765335447,68.57386037591007,68.57386037591007,23408700
2001-09-17,66.40899658203125,67.7460894622776,63.67113579956125,64.30784715755686,32388700
2001-09-18,66.24983978271484,67.04572923297464,65.81050725169985,66.42811824233725,22029200
2001-09-19,64.9127426147461,66.53635906124394,62.75429078118584,66.28167346171357,42771800
2001-09-20,62.84983825683594,64.82364440111739,62.75433048936347,63.92588304542057,36210900
2001-09-21,62.17169952392578,63.26456085821938,59.94763238338272,60.25439791092997,49782100
2001-09-24,64.3574447631836,64.65143540445062,63.30931990390279,63.731128747149675,25549600
2001-09-25,65.02848815917969,65.18826331436195,63.846152986021124,64.38938753845065,25466200
2001-09-26,64.79841613769531,65.44390917564186,64.18488008343022,65.41195219196041,18587500
2001-09-27,65.36085510253906,65.37363985267761,63.910098022840145,64.70897424812564,20536800
2001-09-28,66.7476806640625,70.05822258408588,65.50782370868629,65.81459419927735,21687200
2001-10-01,66.6390151977539,66.67097217707011,65.7187136800429,66.40255110423567,20457400
2001-10-02,67.47624206542969,67.47624206542969,66.24277772066881,66.46646195397766,19833100
2001-10-03,68.60746002197266,68.94618261702765,66.69015789815813,66.84993307514267,32045800
2001-10-04,68.66497039794922,69.64279354111801,68.22398942124539,69.20820493571514,32674100
2001-10-05,68.5307388305664,68.77998759937519,67.43787284308279,68.5435186932967,29796100
2001-10-08,68.0833740234375,68.57548412840627,67.66157023798544,67.91720653173832,12970300
2001-10-09,67.71910858154297,68.22399871216165,67.48903194288252,68.13452500556606,15976300
2001-10-10,69.22738647460938,69.37438177857686,67.43790259406809,67.61685488288327,19987400
2001-10-11,70.30107116699219,70.49280331146437,69.63001353729051,69.63001353729051,23006300
2001-10-12,69.98153686523438,70.23078578454123,68.57551707037763,69.75785256277335,31360500
2001-10-15,69.85370635986328,69.9495675612196,69.06121800500858,69.42550519801634,16873000
2001-10-16,70.29469299316406,70.69093722966167,69.6300276009513,70.17326716136071,15877100
2001-10-17,68.79920196533203,71.03605476110997,68.79920196533203,70.98492552697796,28542300
2001-10-18,68.65218353271484,69.12512147535021,68.22398731185218,68.90782474139198,16510000
2001-10-19,68.60746002197266,68.96535973406502,67.7510674137922,68.38377574938458,21912500
2001-10-22,69.96237182617188,70.02628093689167,68.51800251933207,68.57552413214671,17540600
2001-10-23,69.60447692871094,70.48004198536606,69.26574937747256,70.27552990542262,22062500
2001-10-24,69.41914367675781,69.94959373456483,69.16350233360029,69.64922039800429,16065200
2001-10-25,70.66537475585938,70.68454699956999,68.21761753912696,68.6713785187693,27467900
2001-10-26,70.5055923461914,71.44507119954532,70.09017589645613,70.26912332072324,18623300
2001-10-29,68.67137908935547,70.65259547241763,68.67137908935547,70.40334655020439,18727500
2001-10-30,67.84693145751953,68.83114222734814,67.46346714351209,68.607457961478,26178600
2001-10-31,67.6167984008789,68.93334316087854,67.6167984008789,68.3198075967249,28124200
2001-11-01,69.34879302978516,69.66834326324069,67.55291740211935,68.12810879752922,29806800
2001-11-02,69.82171630859375,69.90479760240653,68.93975954214261,69.30404656262775,17575900
2001-11-05,70.73564910888672,70.9976777990402,70.26910356170579,70.37775436098917,15929500
2001-11-06,71.83488464355469,71.88601384486314,70.2051767024782,70.52472689673249,23245800
2001-11-07,71.73907470703125,72.29509423515928,71.34922277511727,71.43230413524788,19716000
2001-11-08,71.96273040771484,72.908601491381,71.51536191432936,72.13529030941416,22563500
2001-11-09,72.03941345214844,72.19279621606337,71.22136554333528,71.73903541901701,15895800
2001-11-12,71.59843444824219,71.99467854797065,70.30106110080662,70.9401616562685,26068800
2001-11-13,73.20899963378906,73.20899963378906,72.33342976996727,72.49959734560217,15296200
2001-11-14,73.27928924560547,73.75222240248986,72.67214064970588,73.60522709478111,17571300
2001-11-15,73.41350555419922,73.61162522813896,72.8127492836054,73.09395517638579,19470200
2001-11-16,73.08755493164062,73.56048807460056,72.4740188574342,73.54770820628327,18134900
2001-11-19,73.98869323730469,74.03982246860784,73.14508042461024,73.4454585635764,13625400
2001-11-20,73.36874389648438,74.00784443608458,73.26648546969226,73.73303100901849,16209700
2001-11-21,72.88302612304688,73.28565770766359,72.54430361720185,73.17701178615671,11470200
2001-11-23,73.93115997314453,73.97589682154069,72.85747073568587,72.88303534561949,6717100
2001-11-26,74.09095001220703,74.35297878375118,73.54132297809772,73.97591168237132,13726000
2001-11-27,73.77140045166016,74.71087934302473,72.9150029032234,73.89283115559081,19261400
2001-11-28,72.4356918334961,73.60524762114434,72.3781750944082,73.33043404605682,20195500
2001-11-29,73.41350555419922,73.44545766640947,72.21838538583435,72.64019422500495,16354700
2001-11-30,72.88944244384766,73.43906947859176,72.87026532555976,73.11312673102218,13680300
2001-12-03,72.4548110961914,72.90857177624471,72.22473457166453,72.63375842061255,15220400
2001-12-04,73.68190002441406,73.68829239492244,72.44204344708999,72.80633055086716,17239900
2001-12-05,75.03043365478516,75.41389315325536,73.85448566673084,73.88644265658338,25204000
2001-12-06,74.99205017089844,75.37551437084711,74.73002150194668,74.99205017089844,17972900
2001-12-07,74.4935531616211,74.83227564847856,73.9439263382845,74.71084986840411,18857800
2001-12-10,73.1003189086914,74.38491237515268,73.0811466724077,74.03979749419516,13862700
2001-12-11,72.95330810546875,73.9566954898836,72.7935330131992,73.43263338227742,20833300
2001-12-12,73.03641510009766,73.3559653970886,72.28866857536698,73.20897499100508,16171500
2001-12-13,71.61763763427734,72.66576260810545,71.60485776306342,72.5059874001932,19026700
2001-12-14,72.30146789550781,72.53154456132255,71.5792857853377,71.79019020832654,16721900
2001-12-17,73.0491943359375,73.08753880838177,72.1544525966199,72.21196930528629,13925900
2001-12-18,73.48375701904297,73.59240290333365,73.07472832792492,73.26006800604057,13663700
2001-12-19,74.00148010253906,74.08456144882226,72.85748911811407,72.91500584801352,20143400
2001-12-20,73.27288055419922,74.00784717715082,73.20897147306219,73.81611505778942,14867900
2001-12-21,73.71735382080078,73.79431149947945,73.23637933769145,73.76865893991989,14037700
2001-12-24,73.57621002197266,73.77501107496691,73.4992524082065,73.64033892041712,5728800
2001-12-26,73.98025512695312,74.52535831384888,73.52493341118263,73.52493341118263,10304800
2001-12-27,74.42915344238281,74.44198216111295,73.90970286643314,73.94176977053583,9407300
2001-12-28,74.39067840576172,74.87165261959207,74.33937331536636,74.57665568890285,10593800
2001-12-31,73.30043029785156,74.6407419933722,73.25553959256426,74.48683170277575,14619500
2002-01-02,74.0892333984375,74.23031988645654,72.98619892052918,73.81988913552142,18651900
2002-01-03,74.92938995361328,74.99993325116982,74.09570399851897,74.1662472960755,15743000
2002-01-04,75.4295883178711,75.66045634370771,74.74339860016865,75.14100083921385,20140700
2002-01-07,74.89727783203125,75.6668343362314,74.74977697415375,75.48085712096017,13106500
2002-01-08,74.72415161132812,75.07045363196522,74.37144012394194,74.89730506800804,12683700
2002-01-09,74.11492919921875,75.53219947791172,73.96742826852973,74.82677151871803,16610300
2002-01-10,74.44197082519531,74.61511935990418,73.94175851078982,74.19186466799258,12823400
2002-01-11,73.71089172363281,74.57022983807798,73.55697647616523,74.52533911408042,13708400
2002-01-14,73.2491683959961,73.64677062203538,73.08242929551872,73.52492714601824,12301100
2002-01-15,73.8455810546875,73.99949144519637,73.04395730223263,73.46080263205378,20219900
2002-01-16,72.35131072998047,73.36456373247822,72.26794367004847,73.30043484847512,17067000
2002-01-17,72.89643859863281,73.26197874488352,72.72329006313382,72.95415803894709,17283400
2002-01-18,72.56300354003906,73.01191101108047,72.2551777793789,72.46680768403748,17028000
2002-01-22,72.06278228759766,73.06320732707773,71.83832368636527,72.9477732923128,11689300
2002-01-23,72.6142807006836,72.81949616456423,71.83830468226476,72.22949742477513,12438900
2002-01-24,72.83873748779297,73.26840661931578,72.67199838723083,72.87721385995238,12142800
2002-01-25,72.81947326660156,73.22348970799602,72.49240954201305,72.54371461503106,12810700
2002-01-28,73.01829528808594,73.22992510554941,72.41547273872541,73.04394783196537,10589200
2002-01-29,70.72246551513672,73.19146612570323,70.57496945882951,73.0119031566037,27720800
2002-01-30,71.7420883178711,72.71686020249116,69.5167810154056,70.79296407600975,34711800
2002-01-31,72.58222961425781,72.65918726475502,71.58180462141254,71.9216923488421,19909200
2002-02-01,72.24230194091797,72.65914708835291,71.93447640186295,72.52447005127068,15838500
2002-02-04,70.4466781616211,71.97297256609555,70.18374817559102,71.97297256609555,24243400
2002-02-05,70.01061248779297,70.85712699423574,69.60018150847061,70.15811341445095,33614000
2002-02-06,69.70917510986328,70.37612642513731,69.29874428395946,70.31841188370774,29486000
2002-02-07,69.27312469482422,70.45311755009058,69.2603008659808,69.72203698792313,23445400
2002-02-08,70.6005859375,71.02384551435385,69.45266533591058,69.66429023161571,19277800
2002-02-11,71.46634674072266,71.59460455602267,70.42744082299326,70.5749417140381,18792400
2002-02-12,71.24189758300781,71.63950469102168,70.56212226572465,71.15853048138413,13942500
2002-02-13,71.99861907958984,72.1717725074338,71.40862531722783,71.49199729830896,16781100
2002-02-14,71.86395263671875,72.44753697990842,71.56254137311285,72.15254007521733,20453800
2002-02-15,71.1136474609375,71.97940015360469,70.99821344240033,71.9216855906977,18366800
2002-02-19,69.7476806640625,70.72886735198786,69.65148483544327,70.63908588333608,15988100
2002-02-20,70.92123413085938,70.92123413085938,69.14483855286893,69.93363825399473,29242800
2002-02-21,69.45263671875,70.94685866043692,69.42698418896003,70.49795162091206,26288600
2002-02-22,70.3119888305664,70.50438039698156,69.17689228833517,69.48471292333448,26572900
2002-02-25,71.47277069091797,71.70363871942224,70.35049745508115,70.37615000188418,17458700
2002-02-26,71.32526397705078,71.85112887592251,70.90841871621681,71.56895579608617,22346500
2002-02-27,71.60103607177734,72.37700729354273,70.95973705616397,71.79983720094606,28597900
2002-02-28,71.28038787841797,72.30646534377613,71.20343023374487,71.7164714127856,23755400
2002-03-01,72.94129943847656,73.01184267400289,71.51120633874068,71.64587845400371,26273600
2002-03-04,74.2303695678711,74.38427997930187,72.88364245922337,73.04396723150819,27184600
2002-03-05,73.99308013916016,74.64720788808634,73.73015008171895,73.96101812337251,22718900
2002-03-06,74.87164306640625,75.1281635929298,73.79426076918506,73.81349895244796,20143200
2002-03-07,74.71131134033203,75.3526101501203,74.11490325152009,75.26282870816767,19330800
2002-03-08,75.02558135986328,75.6091658973112,74.69852233717437,75.27568762084842,19930100
2002-03-11,75.1858901977539,75.60914986828999,74.66643959548041,74.9614365358285,15621800
2002-03-12,75.14098358154297,75.19228866277295,74.35218875169994,74.45479402143806,17153600
2002-03-13,74.41634368896484,74.87166543553592,74.15982308580159,74.79470778676988,17175300
2002-03-14,74.313720703125,74.66643708337148,74.15339596532618,74.41633088382314,11168100
2002-03-15,75.02180480957031,75.2147426383393,74.53945287754145,74.58447219492798,21220100
2002-03-18,75.03466796875,75.6070585553853,74.66808068397529,75.31121661563182,17548900
2002-03-19,75.53630065917969,75.72281063717794,75.13112685598574,75.43983421085038,17912000
2002-03-20,74.11499786376953,74.9768027319906,74.08284400495019,74.92535066979319,17114500
2002-03-21,74.14714813232422,74.53946147482895,73.3946802091875,74.1535808660464,25846800
2002-03-22,73.98636627197266,74.56518965522268,73.76769747975007,74.28220824413638,15235400
2002-03-25,73.06668090820312,74.19216890135877,72.8673103195718,74.01851943464133,17499600
2002-03-26,73.49113464355469,73.97348655220866,72.97662888503285,73.0087827349007,19947600
2002-03-27,73.68412017822266,73.96710169919366,73.16318138438075,73.33682601341465,19020300
2002-03-28,73.65193939208984,74.45585946665165,73.6390788298619,73.94135356297534,17532900
2002-04-01,73.68412017822266,74.0249816066249,72.99596458501242,73.46545620782884,17711000
2002-04-02,73.27892303466797,73.92848691167357,73.16958617715474,73.30464906545116,15669500
2002-04-03,72.76441955566406,73.45257500147137,72.13414891162927,73.32394974134893,25658500
2002-04-04,72.46212005615234,72.93161141810477,72.17914359915204,72.41710073980656,23549000
2002-04-05,72.47500610351562,73.07955067944857,72.1470053302853,72.79657414208764,19404900
2002-04-08,72.62935638427734,72.69366900975506,71.5360270309398,71.5939069218481,16470100
2002-04-09,72.12125396728516,72.79011584139963,71.9861960273299,72.79011584139963,15122700
2002-04-10,72.93804168701172,73.02164758404746,72.08909762447665,72.09553035709088,17199300
2002-04-11,71.1243896484375,72.70650812071125,71.06650977851231,72.60360403186154,25453700
2002-04-12,71.65821075439453,71.80613419090703,70.7706848555342,71.4009553773118,14950600
2002-04-15,71.11152648925781,71.94117227499424,70.87356447255088,71.78682105410326,17394900
2002-04-16,72.80298614501953,72.88016422392681,71.8189889459562,71.83828223899857,15040900
2002-04-17,72.64862823486328,73.10525411971634,72.41709892610154,72.92517685884329,12920100
2002-04-18,72.33354949951172,72.97025314231564,71.48460967352608,72.61009833939482,25204800
2002-04-19,72.5971908569336,72.82872021248124,72.39138753052882,72.80299418333836,10499200
2002-04-22,71.38807678222656,72.30776121091571,71.28517269469411,72.27560245687759,13922900
2002-04-23,71.07939147949219,71.69680638277238,70.85429485159757,71.44597881827441,16967000
2002-04-24,70.36550903320312,71.90903144020574,70.35907629959816,71.10511147541769,18902700
2002-04-25,70.40411376953125,70.57775836772134,69.92176166632179,70.23689699986495,25451500
2002-04-26,69.06636810302734,70.75138602978802,69.00205549046898,70.60989533811696,19769800
2002-04-29,68.72550964355469,69.62590097630995,68.577586212573,69.41366493014674,17724400
2002-04-30,69.36861419677734,69.87025923746734,68.58398788934498,68.82837767906334,19473500
2002-05-01,70.21757507324219,70.26259438825122,68.68691345619817,69.43938125280779,24575600
2002-05-02,69.94747924804688,70.68708669827366,69.3172037503849,70.1661431531765,15666800
2002-05-03,69.18855285644531,69.94745332210518,68.94415810395712,69.84454923542869,18185500
2002-05-06,67.83154296875,69.45224324936885,67.72863887132026,69.2271466696631,23630400
2002-05-07,67.59355926513672,68.3781855830471,67.46493409130112,68.23669494778642,21910000
2002-05-08,70.1082534790039,70.33335008720579,68.68049084021183,68.84770756633526,27917400
2002-05-09,69.29790496826172,70.1661375990454,69.18857302435127,69.87672835769695,18085600
2002-05-10,67.99234771728516,69.49085597352568,67.91516962062963,69.43940390908865,18958900
2002-05-13,69.37508392333984,69.42653107558097,68.03735983030239,68.31390851389438,14677700
2002-05-14,70.88643646240234,70.98290782436673,70.1018099149733,70.50055592128206,34201200
2002-05-15,70.60990905761719,71.33022321574607,70.28834102560694,70.42339901024259,29535300
2002-05-16,70.97647857666016,71.05365665136851,70.31404938231043,70.55200652587051,28092000
2002-05-17,71.32379150390625,71.54888814819324,70.80928068261696,71.169440220215,27823700
2002-05-20,70.552001953125,71.18870998804199,70.41694401119216,71.15655123231346,13833800
2002-05-21,69.90885925292969,71.05364509458681,69.66446941620922,70.81568308299342,16877200
2002-05-22,70.063232421875,70.17899708990245,69.45868305476075,69.60017374976519,15844200
2002-05-23,70.80927276611328,70.97648950034824,69.76739558425606,70.26904088022262,13879800
2002-05-24,69.90242004394531,70.87355140754794,69.8509680108875,70.73206567674285,11877000
2002-05-28,69.5229721069336,70.18540113019,69.1049328970259,70.13395400040983,24236900
2002-05-29,69.00849151611328,69.47154529266824,68.89915467213606,69.2142948301615,14773300
2002-05-30,68.81555938720703,69.14356015630395,68.10811069261155,68.52615011883486,18217900
2002-05-31,68.95703125,69.81883099160424,68.71906920310425,69.07279590703881,19826300
2002-06-03,67.12409210205078,69.20141820149523,66.96973596135719,68.8734175359429,26056300
2002-06-04,67.29132080078125,67.65790814024054,66.5967376201005,66.98261825530946,25856200
2002-06-05,67.921630859375,67.96021747052657,67.11127767800515,67.4971585097438,19695900
2002-06-06,66.5388412475586,67.91515171457715,66.33947068385349,67.87656512979233,22998500
2002-06-07,66.4616470336914,66.83466695183047,65.41977024357833,65.45835681899393,24011600
2002-06-10,66.71890258789062,67.18196112169103,66.25584405409022,66.39733470683329,18759900
2002-06-11,65.5741195678711,67.2334109573771,65.42620109520368,66.9697229483163,19990700
2002-06-12,65.97288513183594,66.12080364853412,64.81523849066944,65.41335510414918,31266000
2002-06-13,65.31044006347656,66.24298497666705,65.17537723248915,65.68345508471081,21043900
2002-06-14,65.21399688720703,65.31689610439066,63.34890134839389,64.51297603651764,39267500
2002-06-17,66.96332550048828,67.10481130604164,65.5034039582821,65.54842328430784,17647200
2002-06-18,67.50996398925781,67.54855056611791,66.64815948773474,66.71890481646935,21628500
2002-06-19,65.9343032836914,67.16269544965036,65.75422598133352,66.56457874868251,21540700
2002-06-20,65.09183502197266,66.27520855978227,64.93105092057264,65.76713021054927,25691000
2002-06-21,64.07404327392578,65.13893318600398,63.6868119215102,64.84205565168824,31190700
2002-06-24,64.40962219238281,64.98401620727054,62.76388343355769,63.64161011507617,37169700
2002-06-25,62.963958740234375,65.11309878884401,62.95105316581366,64.73232279452806,33355000
2002-06-26,63.06721496582031,63.34473155754283,61.43438673327856,61.4408370577078,37913600
2002-06-27,64.17080688476562,64.20952851540285,62.325000324432864,63.570596990336995,31616400
2002-06-28,63.867515563964844,64.86141242482684,63.815883407161074,64.04822318886457,28184200
2002-07-01,62.621925354003906,64.40965083027518,62.531571531078356,64.00950895452344,20270200
2002-07-02,61.29243087768555,62.73164175723564,61.16335046710904,62.51221244512688,34213900
2002-07-03,61.64090347290039,61.85387740522359,60.48566034461478,61.06650953256721,30565800
2002-07-05,64.0933609008789,64.2353467833057,62.38308983685751,62.46053310079177,19013500
2002-07-08,63.293121337890625,64.34510068184954,62.96397249327487,63.880426042520426,19118600
2002-07-09,61.69900894165039,63.46736830770815,61.31823289658687,63.07368668650394,28620400
2002-07-10,59.45301818847656,62.002293409997144,59.40138607628601,61.95711654280772,50522500
2002-07-11,59.93708038330078,60.24686332347851,58.291341895406795,59.22070056376209,59476500
2002-07-12,59.278812408447266,60.5954028667332,59.06583345403774,60.23398761603594,39018600
2002-07-15,59.59502410888672,59.633750671228505,56.72305436736156,59.14325524749331,77317200
2002-07-16,58.4462776184082,59.62088241408844,58.00096368924201,58.80769788748159,53282400
2002-07-17,58.56239700317383,60.214590563661154,57.923465448233664,59.67246308984031,48880600
2002-07-18,56.66501235961914,58.7947877001128,56.632741021949535,58.536631770500435,32656700
2002-07-19,54.67072296142578,56.50362429282548,54.4061168964737,55.99376805791986,77572600
2002-07-22,53.05082321166992,55.445213936713444,52.56678283592873,54.27705981499695,78134000
2002-07-23,51.59869384765625,53.722017881160625,51.46961840429513,53.276704154826,74484100
2002-07-24,54.67718505859375,54.93534083218994,50.133660184601034,50.42408235245185,107022800
2002-07-25,54.2125129699707,55.406478044645894,52.66358304318904,54.386765309424106,87176600
2002-07-26,55.24513626098633,55.45811519145328,54.083442404091294,54.63202046906225,41206800
2002-07-29,57.93636703491211,58.30423728960788,56.342265880503874,56.471341262396706,53492900
2002-07-30,58.69148254394531,58.988359908270795,57.25872292887509,57.64595405956437,47532200
2002-07-31,58.83346939086914,59.085169876077394,57.60077810656781,58.40105644610402,44669900
2002-08-01,57.2974739074707,58.95611878786168,57.00705164170287,58.652786020909716,66571900
2002-08-02,56.01313400268555,57.38135610981443,55.25803245263699,57.11674509673613,51772900
2002-08-05,54.06407928466797,56.10350503821147,53.92209824802899,55.81953311710714,47191300
2002-08-06,55.884056091308594,56.729516381199,54.92888612075048,55.00633433076001,64730000
2002-08-07,56.85857009887695,57.116725776433796,55.3548178317251,56.71013390792102,43289400
2002-08-08,58.697933197021484,58.79474221121532,56.66496851850603,57.06510522210439,48339800
2002-08-09,58.917388916015625,59.336891515557134,57.66533636708295,58.14937669180482,41879200
2002-08-12,58.48494338989258,58.90444079761141,57.79437983127078,58.078346625492955,25841700
2002-08-13,57.420108795166016,59.15620220559149,57.21358505638752,58.181666005145644,49690500
2002-08-14,59.517574310302734,59.78218035043535,56.80694666722929,57.45233349787857,57423600
2002-08-15,60.343658447265625,60.65989656203781,59.504653739932195,59.91770084769052,45551500
2002-08-16,60.162933349609375,60.71796616149174,59.37556099210609,59.90477775181852,36517300
2002-08-19,61.56991958618164,61.795804047001866,60.08552754551394,60.317867254903874,33669900
2002-08-20,60.91805648803711,61.56989850081155,60.42111084441777,61.19557299455215,30508300
2002-08-21,61.79581069946289,61.8151715233443,60.38886671843507,61.35049205454062,39628900
2002-08-22,62.39603042602539,62.69936317710826,61.356956711169005,61.62801813489331,38399800
2002-08-23,61.053585052490234,62.053936476153346,60.76316298699325,61.96358272582494,33716400
2002-08-26,61.47956848144531,61.724813774751745,60.343685955354985,61.25368401077989,33830100
2002-08-27,60.769615173339844,62.11847103811942,60.343657579887434,61.763506376909085,35335700
2002-08-28,59.44011688232422,60.33720404362616,59.246503817559116,60.20167342111759,38970600
2002-08-29,59.46595001220703,60.053254468907525,58.6075842326808,58.90446162300109,42965700
2002-08-30,59.233646392822266,60.272720353534766,58.98840098817446,59.16910864674804,30366700
2002-09-03,56.97475814819336,58.730211408900644,56.89085961878882,58.55595910201071,76586400
2002-09-04,57.7879524230957,58.24617660105449,56.83277749901695,57.18774231767406,51099500
2002-09-05,57.2974739074707,57.7169765655125,56.47137909257125,57.11031103160856,67250900
2002-09-06,58.08478546142578,58.45265557239182,57.658828004566026,57.92343883514405,38622200
2002-09-09,58.510765075683594,58.95607858459901,57.31034532764874,57.50395839816105,33998400
2002-09-10,59.181983947753906,59.233616087763046,58.44624318631524,58.82056881551369,41416600
2002-09-11,58.81410598754883,60.2339601113496,58.79474516851844,59.678926987559215,27711200
2002-09-12,57.72986602783203,58.62695357708711,57.43298859434372,58.56887110971232,43601700
2002-09-13,57.87181854248047,58.02025963547061,56.95537069992528,57.23934239577984,41131000
2002-09-16,58.013824462890625,58.013824462890625,57.090921055952776,57.63949890227841,28167600
2002-09-17,56.68433380126953,58.85283422480357,56.63270166644458,58.659216181165704,47609700
2002-09-18,56.11641311645508,57.11676521118814,55.684004889250836,56.15513969536784,54719400
2002-09-19,54.664268493652344,56.01958492360493,54.664268493652344,55.4968181860276,48510500
2002-09-20,54.68242263793945,55.233459705447565,54.487941585516566,55.05194207812578,46325600
2002-09-23,54.23509216308594,54.49440013452853,53.60625994577435,54.228607980005116,46893800
2002-09-24,53.35994338989258,54.22864145765363,53.0617350818509,53.44422298402507,69507000
2002-09-25,54.68242263793945,54.95469907892214,53.184897266550315,54.0471109423132,59294400
2002-09-26,55.577056884765625,55.73264272874847,54.74725417622585,55.11677364692564,53638000
2002-09-27,53.64519119262695,55.5122365496523,53.64519119262695,55.10382176886152,64648300
2002-09-30,53.02281188964844,53.677575952223776,52.44584319309629,53.15895007070179,73096400
2002-10-01,55.57057189941406,55.60298293736922,52.81538142800435,53.43772974096932,67198100
2002-10-02,53.904483795166016,55.44738843768102,53.547927811441305,54.902835603611244,56749100
2002-10-03,53.35994338989258,54.84450568900278,53.12656211473203,53.8980171601786,55547000
2002-10-04,52.38105010986328,53.75540117758454,51.59014735414421,53.67761070717687,68483700
2002-10-07,51.298397064208984,52.64033653032337,50.922398405237516,51.90129769078119,53188000
2002-10-08,52.10227966308594,52.71165966686312,50.69550791850703,51.73923940029852,79531000
2002-10-09,50.63066101074219,51.66790789862494,50.423211633165636,51.27245674980975,79956400
2002-10-10,52.27081298828125,52.55605776209474,49.962937843015716,50.526943205969545,76749000
2002-10-11,54.55923843383789,54.92875777680259,53.04226090494174,53.22377848450572,82308300
2002-10-14,54.863956451416016,55.00657889952707,53.83319321531749,53.936915484679986,40631900
2002-10-15,57.5024299621582,57.51539833099367,56.303113036022104,56.393871833936174,82320300
2002-10-16,56.10866928100586,56.91901976197944,55.7002494731636,56.66619080759463,62977800
2002-10-17,57.223690032958984,57.891422781395065,56.95141354096679,57.612662102645345,68534100
2002-10-18,57.463565826416016,57.76825836105432,56.35500709863718,56.82176970948853,47448700
2002-10-21,58.455421447753906,58.66935508981397,56.76989400343142,57.12645007353153,45859100
2002-10-22,58.034027099609375,58.35168788083823,57.385747058547686,57.729339634937105,40966800
2002-10-23,58.474853515625,58.520232917392974,56.84119010599395,57.5478129258073,54905800
2002-10-24,57.28205108642578,58.92868373918473,57.11349681359581,58.83144069924488,54987400
2002-10-25,58.474853515625,58.59802829727401,57.009744289410946,57.18477771166348,43672100
2002-10-28,58.092369079589844,59.18147963775695,57.59967491266137,59.09072083674167,39416100
2002-10-29,57.41816329956055,58.01457975300766,56.40036382831425,57.748787506877974,59508200
2002-10-30,57.97567367553711,58.31926124315529,57.19773974681607,57.48946373359063,41688600
2002-10-31,57.385772705078125,58.539715848508514,57.17184395486791,58.124816832483404,41620600
2002-11-01,58.52025604248047,58.876812158686825,57.081078040849036,57.27555914842776,51878900
2002-11-04,59.07776641845703,60.2511568160756,58.92866475842943,59.51211786415345,49080600
2002-11-05,59.54453659057617,59.68715902883151,58.88977219039733,58.88977219039733,37270800
2002-11-06,60.315982818603516,60.3354304308009,58.85735255198225,59.95294753495958,65013100
2002-11-07,58.837894439697266,59.78438265027835,58.48782264466306,59.65472368212648,51572000
2002-11-08,58.11833572387695,59.36303283790635,58.03405611097746,58.688820664643764,37905400
2002-11-11,57.21720886230469,58.05997011090051,56.919000579325996,58.02755907017672,33505100
2002-11-12,57.670997619628906,58.29983011362531,57.28851473127174,57.47651655547575,37724500
2002-11-13,57.72935104370117,58.17666099716412,56.69209881622812,57.2561043439677,63891500
2002-11-14,58.818450927734375,58.99348436445077,58.183134304499525,58.39058372200767,31896800
2002-11-15,59.25282287597656,59.350065914222164,58.31281343425093,58.34522942899492,39152100
2002-11-18,58.656402587890625,59.73902948095417,58.572122985086466,59.73902948095417,28934800
2002-11-19,58.578575134277344,59.058300899762365,58.18960816372236,58.358157385173385,32806600
2002-11-20,59.881690979003906,59.91410204691885,58.31284790143946,58.33230047737559,36688400
2002-11-21,60.996646881103516,61.06147882094324,59.92050493432395,60.03071131847933,55128200
2002-11-22,60.56230163574219,61.11333851209223,60.46505867027272,60.60120178951958,32513800
2002-11-25,60.60122299194336,61.10688065411874,60.14093979074843,60.568807010118,33846400
2002-11-26,59.44729232788086,60.58178267723726,59.3954336708592,60.33543798193176,42284700
2002-11-27,61.11984634399414,61.359711758830315,59.92052916178249,59.978871996048674,37764000
2002-11-29,60.92536163330078,61.55418913086971,60.78921846953449,61.45695107958564,19385700
2002-12-02,61.02263641357422,62.267338625012904,60.43270378144364,61.891334780453434,49911900
2002-12-03,60.20576858520508,60.54935621213624,59.86866019751039,60.45211321776338,34407700
2002-12-04,59.93346405029297,60.38077868395151,59.272220846868485,59.49263359934923,64040800
2002-12-05,59.27226638793945,60.16041215493692,59.05833270781812,60.11503273303113,36724900
2002-12-06,59.661197662353516,59.751956451544146,58.33222685150037,58.42298564069101,49824100
2002-12-09,58.02109146118164,59.291720356645556,58.0081280303853,59.03889141523106,36789600
2002-12-10,58.79902648925781,59.05833962164213,58.18964631603926,58.35819564800044,33319900
2002-12-11,58.850894927978516,59.3954530452128,58.44896423853041,58.61751358430483,39201000
2002-12-12,58.844356536865234,59.31111879427322,58.47483724074766,59.123117054707095,34465600
2002-12-13,57.917327880859375,58.656371568063896,57.871948482573295,58.28685219745337,36862200
2002-12-16,59.414878845214844,59.505637673756894,58.124802685808376,58.22852494157706,37098400
2002-12-17,58.89623260498047,59.47320136614073,58.8249214146363,59.23334094951354,32353900
2002-12-18,58.21554183959961,58.604508822749494,57.910849469904086,58.55264523940057,35612600
2002-12-19,57.8006706237793,58.79901787634252,57.43763031322495,57.92384051048022,39264200
2002-12-20,58.625396728515625,58.644939904195134,58.045592655342254,58.1107382310369,31176900
2002-12-23,58.64496612548828,58.93812880262612,58.18242586987016,58.364835551489584,22599300
2002-12-24,58.208473205566406,58.54072218361369,58.14332761406244,58.36482361923394,10937000
2002-12-26,58.23451232910156,59.02930119378056,57.87620424411077,58.43646508412093,17485600
2002-12-27,56.92509078979492,58.169393093434145,56.92509078979492,57.954408145115764,22205700
2002-12-30,57.40066146850586,57.63518959266998,56.82085720884745,57.192192577058904,29968000
2002-12-31,57.478858947753906,57.609150185888495,56.74921509144063,57.322503497641826,34036600
2003-01-02,59.32900619506836,59.478845556374246,57.680798072158375,57.88275093408761,44516300
2003-01-03,59.51145553588867,59.53099873293385,58.957710081666676,59.22481369540221,32222600
2003-01-06,60.56023406982422,60.905509999762366,59.39411019399426,59.43971258152783,40984500
2003-01-07,60.41044998168945,60.82738786281785,60.065168794553244,60.5211980191129,38640400
2003-01-08,59.5374641418457,60.19544604764074,59.31596813669511,60.06514989435507,38702200
2003-01-09,60.46253204345703,60.703576149801926,59.55048400926341,59.81758237062325,34804900
2003-01-10,60.62541580200195,61.00326722147435,59.804572336612104,59.90228824657011,37768900
2003-01-13,60.60586166381836,61.146579462524926,60.22149923335989,60.93811060848366,31649900
2003-01-14,60.801300048828125,61.127032926016376,60.20195274767117,60.38436236365031,30733000
2003-01-15,60.195465087890625,60.95767918711787,59.87624810937771,60.938136000515875,33511800
2003-01-16,59.947872161865234,60.540708340881466,59.576536907744696,60.26057788810359,44812100
2003-01-17,59.0619010925293,60.130304774755345,58.72965209065096,59.27688106288315,35618300
2003-01-21,58.143333435058594,59.231280329993325,57.94789167069008,59.198710016125595,36826200
2003-01-22,57.43973922729492,58.501631677701525,57.3289912325561,57.8306177189135,42286500
2003-01-23,57.7915153503418,58.227996128888904,57.2964000806366,57.81757457193557,55919800
2003-01-24,56.27361297607422,57.77198627653513,56.13680575703397,57.713351771066726,68633900
2003-01-27,55.504886627197266,56.547235929538296,55.04886253514044,55.850167691514386,57884400
2003-01-28,55.915313720703125,56.2866490472424,55.45928465476498,55.785017571739424,46929100
2003-01-29,56.338775634765625,56.79479979620404,55.22476452414068,55.64821837135669,53712200
2003-01-30,55.003265380859375,56.59935482583595,54.98372219937407,56.540725281380055,49845900
2003-01-31,56.06512451171875,56.16284533979132,54.820827876477296,54.820827876477296,55317000
2003-02-03,56.1759033203125,56.55374974186413,55.973945523823275,56.117268808334956,39696000
2003-02-04,55.62215042114258,55.863194566008694,54.91857110665275,55.57654801214518,43633400
2003-02-05,55.27687454223633,56.37785338265644,55.03583536672884,55.86319478181775,55270600
2003-02-06,55.016292572021484,55.30293915489402,54.495122840778144,54.964179078100365,53638000
2003-02-07,54.34528732299805,55.368088646242434,54.052129639187434,55.31597514865412,43165000
2003-02-10,54.729644775390625,54.807817492584505,53.84365086506842,54.371336587286144,45455900
2003-02-11,54.35181427001953,55.29643808081515,53.96093562314864,54.96419396463531,46861000
2003-02-12,53.4853515625,54.47558255397439,53.47883551155474,54.1759088242702,35873600
2003-02-13,53.64818572998047,53.85014342531278,52.76870825315212,53.5178946112976,57934100
2003-02-14,54.820865631103516,54.85343594936673,53.302948637825835,53.661256930759606,59580900
2003-02-18,55.785011291503906,55.89576424822704,54.97719514003179,55.06839994889368,39492700
2003-02-19,55.491851806640625,55.68077746724849,54.905531647907445,55.58305661241144,31432000
2003-02-20,54.9381103515625,55.64820566513549,54.75570072863694,55.511398447941325,29280100
2003-02-21,55.491851806640625,55.85667102972387,54.37132994112592,54.97067722770244,60955800
2003-02-24,54.59283447265625,55.37459142226658,54.45602228469945,55.32898901637747,30628600
2003-02-25,55.02932357788086,55.042350708529256,53.563525350570245,54.03909265873517,56770600
2003-02-26,54.228004455566406,55.068395820176825,54.1237725262344,54.736146915496214,37787200
2003-02-27,54.944637298583984,55.21174073092751,54.175912228617875,54.52769947711824,51126000
2003-02-28,55.30943298339844,55.52441783417673,54.82734980885876,55.02930256367505,43666800
2003-03-03,54.78175354003906,55.88273226829552,54.54071438908775,55.543972258987786,42923100
2003-03-04,53.9088134765625,54.72966205834037,53.84366786823217,54.69057071710911,31440500
2003-03-05,54.364803314208984,54.42343780381826,53.65470818311647,53.81757458605932,43974700
2003-03-06,53.9088134765625,54.4104401280265,53.72640378512104,53.98699118873369,41217700
2003-03-07,54.28015899658203,54.716640120813594,53.04888838029165,53.166152485190366,63538000
2003-03-10,52.97719192504883,53.9804497259934,52.83386867201546,53.81106724783679,41014100
2003-03-11,52.45603561401367,53.42020739787891,52.42998135011443,53.081447293991005,48102700
2003-03-12,52.80781555175781,52.83387477989365,51.71335282150063,52.36481861402777,62459800
2003-03-13,54.63190841674805,54.664483686534695,53.11399229799569,53.53744595378042,72117800
2003-03-14,54.80781555175781,55.22475326299331,54.29967302683264,54.85341795860265,63951800
2003-03-17,56.534183502197266,56.64493146040632,54.214967575993214,54.371317927011184,88217500
2003-03-18,56.86646270751953,56.905549073569816,56.20848071402584,56.77525787320841,50792300
2003-03-19,57.30295181274414,57.433248001852085,56.4690760836189,56.85995471035993,49630800
2003-03-20,57.42669677734375,57.713338277237355,56.25405664504333,56.892495154915416,67321600
2003-03-21,58.6524658203125,58.78982462900929,57.51434641230405,58.08340861147283,71165300
2003-03-24,56.70329666137695,57.65172906187019,56.4809025527132,57.5732361428716,65398900
2003-03-25,57.246185302734375,57.730217446376685,56.53976904855809,56.73599384514509,61040100
2003-03-26,56.95840072631836,57.46204997334968,56.775255545579704,57.272362467489806,45740800
2003-03-27,57.004150390625,57.33773889279604,56.24540085475812,56.51358111874411,53120200
2003-03-28,56.71636199951172,57.08919453754193,56.41548003814785,56.55938119148055,32583000
2003-03-31,55.42780685424805,56.6378771951641,55.20541776028029,55.82680374903078,61119500
2003-04-01,56.27812194824219,56.507053335953636,55.53899918496525,55.76138825007637,53574000
2003-04-02,57.638633728027344,58.063789866896954,57.233094575658235,57.25925887487526,50431200
2003-04-03,57.36390686035156,58.207686734275065,57.33120523148396,58.12919883272926,48755500
2003-04-04,57.70405197143555,57.94606304801616,57.31159739589264,57.84141082335903,36250100
2003-04-07,57.59284973144531,59.42430583615562,57.54052113094016,59.09071724584777,69776200
2003-04-08,57.68443298339844,57.98531500659962,57.370466312479714,57.75638357485208,39712700
2003-04-09,56.92567825317383,58.279649737311814,56.75561277966133,57.795622609978324,55647300
2003-04-10,57.23965835571289,57.318146292457236,56.062289401230814,56.96493560611261,41812400
2003-04-11,57.004150390625,58.01799055831495,56.81446300665828,57.664785074049966,47730100
2003-04-14,58.18152618408203,58.2142328053855,56.906047798522906,57.21347207358838,36711700
2003-04-15,58.724430084228516,58.72443008422851,57.83486379058856,58.10958147206642,49709800
2003-04-16,57.72367477416992,58.90758084118757,57.57977359667658,58.80947093865188,51788000
2003-04-17,58.58052444458008,58.68518164304961,57.68442088675169,57.75637146311702,37403100
2003-04-21,58.639381408691406,58.97296991149844,58.2534643191051,58.77674020624049,32052700
2003-04-22,59.744808197021484,59.88870934943007,58.14228352410011,58.279642354036525,59763600
2003-04-23,60.294246673583984,60.40544120058021,59.679398128473515,59.927956471558886,44227100
2003-04-24,59.757877349853516,60.22882463916042,59.49623941242428,59.86907185140415,49692400
2003-04-25,59.018775939941406,59.8298493452955,58.881412106066975,59.718654803902275,43917200
2003-04-28,60.039154052734375,60.30079206334594,59.06455757829452,59.15613013345907,46432900
2003-04-29,60.24845504760742,60.69978042811265,59.78405001404708,60.26807702235473,52017100
2003-04-30,60.11764907836914,60.549347569359675,59.79060280112505,60.11764907836915,48709100
2003-05-01,60.1110954284668,60.653993344069995,59.19536502667341,60.12417508134662,50240400
2003-05-02,60.967933654785156,61.137999024890306,59.84289426695142,59.88868052155733,50201500
2003-05-05,60.85022735595703,61.34079675417058,60.50355911300557,61.13802966648124,35437800
2003-05-06,61.42584991455078,61.73326930199322,60.830623142208786,60.856787449926934,44401000
2003-05-07,61.085716247558594,61.57628576769019,60.8109985139644,61.10533822991086,41413100
2003-05-08,60.47085952758789,61.04646421562198,60.35966498206514,60.51664581046964,40570700
2003-05-09,61.30811309814453,61.35389938912306,60.57552745215667,60.71942864961245,33608100
2003-05-12,62.060306549072266,62.217292372326874,61.01375934569504,61.15766052184642,35662300
2003-05-13,61.949127197265625,62.256551605307685,61.65478743953663,61.83139029610764,39253600
2003-05-14,61.818294525146484,62.29577934016173,61.425839953678036,62.19766444971196,32195100
2003-05-15,62.210758209228516,62.354659404256026,61.64823807793806,62.066857014201,43879200
2003-05-16,62.05375671386719,62.43312656780734,61.65475989322643,62.06683636800456,38905000
2003-05-19,60.60166931152344,61.75941080617043,60.392359917393435,61.582808032194635,41606000
2003-05-20,60.477386474609375,60.85021896623421,59.9083242546223,60.712860152512356,55404600
2003-05-21,60.60166931152344,60.75210778744179,60.1176422732846,60.24845877324226,49333800
2003-05-22,61.20346450805664,61.51743125504444,60.62132230185598,60.79792516618327,38421800
2003-05-23,61.32774353027344,61.47164474755396,60.92220418978578,61.177299987571395,26155900
2003-05-27,62.40043640136719,62.68823375823013,60.87639941239129,61.02684290942354,43719200
2003-05-28,62.57699966430664,63.100275421173365,62.42001893337761,62.69473646008528,37727100
2003-05-29,62.41349792480469,63.32922831682857,62.191108895915725,62.71437984112283,50844200
2003-05-30,63.41425704956055,63.50582958758432,62.505069000375194,62.72746301438225,52529500
2003-06-02,63.67588806152344,64.39538863475254,63.23110507238261,63.79362488189391,50305500
2003-06-03,63.93754196166992,63.99640789139144,63.34885771280599,63.545087459203884,38254500
2003-06-04,64.85982513427734,64.98409933585454,63.81981529692062,63.87868622636712,49360700
2003-06-05,65.1803207397461,65.1803207397461,64.27766986662218,64.48044194163127,46262400
2003-06-06,64.92522430419922,66.32498188422713,64.840189083611,65.67088937055689,60356800
2003-06-09,64.26458740234375,64.82056502302582,63.95062081012922,64.60471330277394,37808500
2003-06-10,64.9186782836914,64.92522060574778,64.22534185560228,64.40194462848797,29965900
2003-06-11,65.60549926757812,65.66436521473588,64.56548928814328,64.85983399492578,37610200
2003-06-12,65.8082504272461,65.9979378614711,65.16070021408487,65.89982298303335,36442000
2003-06-13,65.1214828491211,65.89985494111357,64.72248580955625,65.80828234091828,48628300
2003-06-16,66.49507904052734,66.52123836205689,65.27846598578225,65.3831182428971,36326300
2003-06-17,66.49507904052734,66.8352051140659,66.21381892592859,66.76325450402909,36801800
2003-06-18,66.43617248535156,66.80900499648398,66.06333997421916,66.25302739080647,35521000
2003-06-19,65.4223403930664,66.54084314315426,65.30460352412719,66.48197221351937,43551700
2003-06-20,65.27790832519531,65.97374925194494,65.2647764161873,65.90153877746837,41545000
2003-06-23,64.60832977294922,65.42233795536241,64.28010212117644,65.28447793426412,34237500
2003-06-24,64.67395782470703,65.04813705206445,64.34573025655648,64.47702428882984,36213600
2003-06-25,64.02409362792969,65.27792583159149,64.02409362792969,64.68054902041679,47743400
2003-06-26,64.85778045654297,64.97594260142758,63.64990019679408,64.1881932994115,33477300
2003-06-27,64.10941314697266,65.11378873757447,64.05689553231697,64.82494686532361,54208800
2003-06-30,64.08971405029297,64.77242800259575,63.984683831360776,64.47702519047145,33349000
2003-07-01,64.68054962158203,64.89061514879604,63.30199428621774,63.84028751272598,51322800
2003-07-02,65.49456024169922,65.50769215582037,64.70681567859498,64.83810476965976,34662100
2003-07-03,64.81839752197266,65.54706333489546,64.26697745184549,65.03502898167547,30792800
2003-07-07,66.10506439208984,66.23635849222953,65.41578914769833,65.41578914769833,31391100
2003-07-08,66.40042114257812,66.49232443760657,65.75709306902509,65.97372441088667,30952500
2003-07-09,66.02626037597656,66.56455340016667,65.66520803911202,66.24945272359804,36528500
2003-07-10,65.1860122680664,65.67178778008609,64.74618341763332,65.54049371713727,49777700
2003-07-11,65.80307006835938,65.94092506401316,65.24508413118285,65.24508413118285,39976300
2003-07-14,66.1247329711914,66.8927843354324,65.94092131242145,66.43326270104089,42114900
2003-07-15,65.9803466796875,66.60397742943823,65.61272817744322,66.55145978506644,42573600
2003-07-16,65.59300994873047,66.21664546568579,65.14005921416047,66.17725474345984,39894200
2003-07-17,64.66084289550781,65.56674934829452,64.43765051185915,65.08753981476362,52253500
2003-07-18,65.32389831542969,65.51427104089055,64.63461793042862,65.00223146463784,35698100
2003-07-21,64.51641845703125,65.31072867514358,64.2341425110611,65.28446986524452,34786000
2003-07-22,65.10066986083984,65.25822273634402,64.28010074892538,64.78557412654428,49968300
2003-07-23,65.14662170410156,65.2844767142672,64.51642522547732,65.12692884670024,37275400
2003-07-24,64.65428924560547,65.86873070203842,64.57551780502293,65.63897231974416,40896200
2003-07-25,65.79653930664062,65.83592503536556,64.3589001078821,64.76590433535316,43241100
2003-07-28,65.55364227294922,66.2888741870831,65.42891413356604,65.88843595803384,34382800
2003-07-29,65.25163269042969,65.81618443166478,64.77898425513011,65.73740802299666,53472100
2003-07-30,65.09410095214844,65.48140712158866,64.94311405034692,65.38293783853166,28363300
2003-07-31,65.24510955810547,66.24292468935127,65.10068855160743,65.63242089447365,54937200
2003-08-01,64.66740417480469,65.33698628569432,64.49015846332851,65.11379391818305,49321000
2003-08-04,64.66740417480469,64.98906582554098,63.67615540482298,64.53611012771941,55214100
2003-08-05,63.29545211791992,64.83156093227109,63.242934464289654,64.60180245808755,61415600
2003-08-06,63.663063049316406,64.37203125485598,63.29544452635527,63.472690334009044,50096900
2003-08-07,64.33262634277344,64.37857801839829,63.518623085266064,63.78776718296671,43427400
2003-08-08,64.51641845703125,64.69366417176101,64.1750639450551,64.54267726693033,27357300
2003-08-11,64.75933074951172,65.01534797278288,64.22759843256905,64.50331352624056,34631400
2003-08-12,65.35015106201172,65.37640487627716,64.60835309587591,64.79872580362942,43285600
2003-08-13,65.01534271240234,65.54706997796546,64.68054905969063,65.52737711751604,36152000
2003-08-14,65.19259643554688,65.48143846855899,64.6280442846731,65.05474137661605,35525100
2003-08-15,65.39607238769531,65.50766857576613,65.06784476982396,65.22539262406254,12567000
2003-08-18,65.96062469482422,66.03939611824764,65.47484421138502,65.59957230961346,22873800
2003-08-19,66.21009063720703,66.26260827009638,65.64553860453942,66.09849442358502,37437700
2003-08-20,65.94092559814453,66.22976750091453,65.7505579895253,65.83589536609102,21295300
2003-08-21,66.15099334716797,66.64333478473007,65.90810810998524,66.33480502421028,46494200
2003-08-22,65.49456024169922,66.84029596272322,65.46830643017249,66.79434428001477,52040300
2003-08-25,65.59957885742188,66.19038963384929,65.1728819073156,65.45515788892222,23473000
2003-08-26,65.71776580810547,65.90157256159863,64.8775035016462,65.31732752012748,45065800
2003-08-27,65.73743438720703,65.88185535684178,65.36325506058813,65.6783558132782,18919500
2003-08-28,66.14443969726562,66.30198757232534,65.42233984418885,65.90811538049772,27402400
2003-08-29,66.59082794189453,66.61708675517619,65.96063144820437,66.04596883510236,28706600
2003-09-02,67.4836196899414,67.53613231758712,66.33482269624932,66.72212899296822,49419100
2003-09-03,67.85122680664062,68.07441922633315,67.47048149361073,67.63459533456945,44912400
2003-09-04,67.88404846191406,67.9759518079635,67.45735149333781,67.68054390278452,28381000
2003-09-05,67.50328826904297,67.975936806335,67.22101233751332,67.57549874048235,31637300
2003-09-08,68.06129455566406,68.19258362939553,67.56895301663535,67.64116350969479,32632800
2003-09-09,67.61490631103516,67.91687519452817,67.40484078302448,67.85779661244263,35053200
2003-09-10,66.93219757080078,67.48362275718202,66.66305343867717,67.30637697970468,45904900
2003-09-11,67.12911224365234,67.45733985386804,66.8533972447207,67.0240770043725,38396300
2003-09-12,67.25387573242188,67.3786039019078,66.53177555781896,66.8993941077883,42524800
2003-09-15,67.01757049560547,67.37205723007716,66.92566708389359,67.29984669110921,21312800
2003-09-16,67.99563598632812,68.03502169864798,67.07003167996254,67.10942240063851,37892600
2003-09-17,67.86434936523438,68.13349845118579,67.64772291538964,67.92999890410023,31885800
2003-09-18,68.66523742675781,68.73088196851693,67.72650595536564,67.87749290893336,30243600
2003-09-19,68.31595611572266,68.92880323791957,68.13803502818624,68.71134022058932,34331600
2003-09-22,67.5779037475586,67.84808094513217,67.23523385358553,67.77559327631407,36677400
2003-09-23,67.83491516113281,68.06555549759526,67.4527083020909,67.60426979708811,32489200
2003-09-24,66.62899780273438,68.01943618847491,66.60263818551857,67.95353965922685,41694700
2003-09-25,66.0820083618164,67.13636729513135,66.02928915825566,66.82665328626695,52673100
2003-09-26,65.86458587646484,66.3324628109943,65.79868934532563,66.1874874259382,42914700
2003-09-29,66.51039123535156,66.54992815285053,65.75915963736958,66.0952385188616,36771600
2003-09-30,65.86458587646484,66.39835934213352,65.40330513090728,66.21384704391049,70764500
2003-10-01,67.2682113647461,67.33410790052852,66.02933437066955,66.0556939904992,65797600
2003-10-02,67.51203918457031,67.5845268930876,66.97167946590407,67.169374130512,44591500
2003-10-03,68.1314468383789,68.71793437547133,67.92716613126952,68.31595909352053,48806900
2003-10-06,68.44120025634766,68.5268652669549,68.00627398499302,68.19079136009113,20226500
2003-10-07,68.70475769042969,68.73770343480645,67.81514215094651,68.0457824719115,42602900
2003-10-08,68.533447265625,68.79044729066439,68.14465416072366,68.75091037222256,30920800
2003-10-09,68.71793365478516,69.33737195704869,68.4213968232149,69.11331777273944,40066500
2003-10-10,68.90907287597656,68.92884133800956,68.47415162849707,68.7113782004776,22682800
2003-10-13,69.12651062011719,69.3835105873071,68.86951065292729,69.00130370312323,23825600
2003-10-14,69.3703384399414,69.47577691762838,68.7706734377426,69.06062422379844,38484400
2003-10-15,69.1858139038086,69.77889266701989,68.95517355911043,69.75912421284326,39021700
2003-10-16,69.46260833740234,69.67348029165173,68.96178556071608,68.98155402086697,32772200
2003-10-17,68.70475769042969,69.60755052214718,68.5202454336577,69.50211710152688,32790300
2003-10-20,69.21875762939453,69.21875762939453,68.49388589377713,68.82995963571653,27657000
2003-10-21,69.10014343261719,69.37691182425014,68.74429620298251,69.07378381994994,26729100
2003-10-22,68.23030853271484,68.65864351692674,67.9996681650878,68.55320504739271,33914500
2003-10-23,68.10509490966797,68.50047907637315,67.76901610555645,67.80196688094124,45830500
2003-10-24,68.25664520263672,68.25664520263672,67.33407901470665,67.76241385491502,51723600
2003-10-27,68.28963470458984,68.65207326954611,68.05240310345201,68.36212241758109,32460200
2003-10-28,69.21875762939453,69.29124530571447,68.41480705754213,68.52024550585546,34956200
2003-10-29,69.3110580444336,69.47580195450045,68.44780156451048,69.04087561868306,30955400
2003-10-30,69.45600891113281,69.83162469206175,69.060624672405,69.71300891768506,39123100
2003-10-31,69.39012145996094,69.68006725827435,69.3374022138734,69.45601800377835,25761600
2003-11-03,69.84480285644531,70.25336942384101,69.66029054458384,69.68665016450456,37589300
2003-11-04,69.6932601928711,70.02933412577504,69.57464438490948,69.84482176396469,31421600
2003-11-05,69.7459716796875,69.83164172115193,69.12653806473988,69.51533123648441,33558800
2003-11-06,70.11498260498047,70.14134222392936,69.25831258568304,69.58780028116925,28392300
2003-11-07,69.59439086914062,70.32585394929725,69.56803125040902,70.27313471183405,31723200
2003-11-10,69.3110580444336,69.74597935266583,69.19903339220856,69.68008279415612,25530800
2003-11-11,69.2912368774414,69.40985260357506,69.06059658428745,69.25169495034264,26558600
2003-11-12,70.06883239746094,70.1610885208513,69.29783264016363,69.3439607018588,28000000
2003-11-13,70.0886001586914,70.2072158915375,69.70639334978937,69.85795985248556,29714800
2003-11-14,69.49554443359375,70.4774163627279,69.38351982325685,70.11498291265262,49158500
2003-11-17,69.14627838134766,69.28466259094017,68.5597907669678,69.13310108749327,44382100
2003-11-18,68.42799377441406,69.4889444256781,68.33573763322437,69.35056021389356,41155000
2003-11-19,69.00787353515625,69.19897691818251,68.48069144214719,68.55317910562546,29827000
2003-11-20,68.38847351074219,69.35057709417453,68.36870505104446,68.53344891863733,53578700
2003-11-21,68.67181396484375,68.75089280910966,68.28302095926352,68.69158241901461,30016000
2003-11-24,69.5811996459961,69.70640656206047,68.9815347361994,68.98812589693503,28906400
2003-11-25,69.84480285644531,70.12816248611354,69.48895552889103,69.67347286833592,37580000
2003-11-26,70.09519958496094,70.14791378432378,69.4494016238398,70.12814533111494,33053600
2003-11-28,70.14794158935547,70.28633087183606,69.98319771053822,70.03591695837994,10507500
2003-12-01,70.9057388305664,70.95845805936914,70.37856162528622,70.41150737260115,38699000
2003-12-02,70.72779083251953,71.01773642555459,70.55645591783032,70.760736567311,35352000
2003-12-03,70.61582946777344,71.22208582825056,70.55651904795232,70.9387261120907,39078600
2003-12-04,70.9057388305664,70.98481767377051,70.47081776189981,70.62237926022969,36089500
2003-12-05,70.41151428222656,71.03754387363222,70.25995276902364,70.58944044000044,28824400
2003-12-08,70.88594055175781,70.93206860065646,70.29945320394056,70.33899009511647,32482900
2003-12-09,70.3390121459961,71.12319425069005,70.20721911570652,71.1034257989048,43596100
2003-12-10,70.33241271972656,70.49715649023999,69.82499909109991,70.35876729873752,36915400
2003-12-11,71.12319946289062,71.23522404960458,70.29288923398859,70.29948039426064,45304000
2003-12-12,71.26158142089844,71.30111832612236,70.7673499952712,71.14955683770928,34142200
2003-12-15,70.9057388305664,71.97987175019696,70.8266650149447,71.94032981480373,38693400
2003-12-16,71.27476501464844,71.49881418503031,70.85301623186808,70.95845468445872,32894200
2003-12-17,71.49882507324219,71.49882507324219,71.03754434186733,71.20887431204491,23198800
2003-12-18,72.30277252197266,72.30936368286001,71.42633414451474,71.53177260838156,29353100
2003-12-19,72.10150146484375,72.41268413911536,71.88963316234758,72.36633810579865,41465100
2003-12-22,72.60469818115234,72.60469818115234,72.02205649976584,72.0286788056014,27611300
2003-12-23,72.65106201171875,72.79671741639739,72.41932671277522,72.48553968466797,24741200
2003-12-24,72.5782470703125,72.75038668973657,72.45244845882893,72.51203408447381,8055800
2003-12-26,72.63114929199219,72.88274630332357,72.58480327169494,72.63777159527389,8308400
2003-12-29,73.59783172607422,73.67065688473589,72.68414547382183,72.89601379800483,22483700
2003-12-30,73.61106872558594,73.67065432187424,73.39257810318391,73.5514780779585,19559500
2003-12-31,73.67723846435547,73.8361383568236,73.38591778538347,73.63751475407255,31501800
2004-01-02,73.64417266845703,74.2797775970265,73.31312811911842,73.98183447181837,38072300
2004-01-05,74.44530487060547,74.49826816303846,73.8825250578687,73.9487380132537,27959800
2004-01-06,74.51813507080078,74.63731131860334,74.15398402158763,74.25992070911846,20472800
2004-01-07,74.76972198486328,74.85579174905872,74.08114871728296,74.41219326604241,30170400
2004-01-08,75.06765747070312,75.08752438606861,74.66378273103064,74.98158770947443,36438400
2004-01-09,74.41217803955078,75.14709719152205,74.33272554562436,74.70349879927645,54084300
2004-01-12,74.96171569824219,74.9815775595803,74.39231876697188,74.51811729056405,31564100
2004-01-13,74.52472686767578,74.96833028100248,73.99505876497368,74.8756331854086,54239700
2004-01-14,75.1471176147461,75.25305430210577,74.59758241458115,74.65717306405578,30112800
2004-01-15,75.33246612548828,75.51785018932075,74.53796155153857,75.19342807761392,38408700
2004-01-16,75.63046264648438,75.68342595124494,75.23320502706711,75.50466406357954,31922700
2004-01-20,75.61058044433594,75.9085235986877,75.35898838071085,75.82907108059267,29863000
2004-01-21,76.20642852783203,76.33884933367887,75.29274769850652,75.56420151065234,30725000
2004-01-22,76.00782012939453,76.39182791496926,75.8621597394387,76.23292796744391,29888500
2004-01-23,75.76284790039062,76.38521320498144,75.44504294342086,76.14023844541435,44245300
2004-01-26,76.71627807617188,76.75600181208164,75.7297615228013,75.73638382923284,30460600
2004-01-27,75.92838287353516,77.1333849078096,75.90852100752426,76.63681805217992,35322800
2004-01-28,75.06103515625,76.32562257696635,74.77633667127117,76.12699889875176,52621300
2004-01-29,75.13387298583984,75.37884271898929,74.52474717729291,75.18683627460742,60117100
2004-01-30,75.13387298583984,75.29277295482042,74.87565359065536,75.16035210455416,30984400
2004-02-02,75.45829772949219,75.92838039800121,74.89552298839486,75.27953083854395,38832400
2004-02-03,75.33246612548828,75.57081850794057,75.10735834835938,75.30598196617836,25093500
2004-02-04,74.71676635742188,75.29940809522898,74.6770426212404,74.94187931557639,39332600
2004-02-05,74.93522644042969,75.1735788629659,74.67038985412971,74.92860413665431,37226800
2004-02-06,75.77607727050781,75.94159950574382,74.9484660943278,75.09412646954952,37216000
2004-02-09,75.79597473144531,76.05418911837982,75.67017616553473,75.92176824601611,24851300
2004-02-10,76.04093170166016,76.23293814575256,75.65030155947622,75.66354111881343,27908100
2004-02-11,76.84867858886719,77.06054689041572,75.59070833846202,76.04092911067002,42965700
2004-02-12,76.57062530517578,76.98111742089425,76.52427925819659,76.78249367012927,27814700
2004-02-13,76.226318359375,76.93475351379071,75.97472631294276,76.68316146735846,44739900
2004-02-17,76.91487884521484,77.08702340166546,76.65004223175346,76.7030105647134,23984300
2004-02-18,76.57722473144531,77.19958502615968,76.37197368357361,76.93474838626439,28618000
2004-02-19,76.29254150390625,77.06056235691388,76.17998249975894,77.0208386209441,51146200
2004-02-20,76.0607681274414,76.51098876441156,75.68999997393794,76.45802549343767,46728800
2004-02-23,75.8687973022461,76.31240089531791,75.59072105680258,76.28591672175097,36357000
2004-02-24,75.73639678955078,76.13364937064723,74.8359549116838,75.65694425279524,43953000
2004-02-25,76.05418395996094,76.17997746599973,75.69003289983421,75.78272497853202,31213600
2004-02-26,76.10052490234375,76.33225508356776,75.70326739014362,75.88203428090151,29683000
2004-02-27,76.15348815917969,76.63019313253804,75.8952738071671,76.26604714830087,39312000
2004-03-01,76.90827178955078,77.02744297750442,76.30576828775533,76.4249445270479,33130800
2004-03-02,76.45802307128906,77.44453404922992,76.29250085781335,76.76258333792391,38556400
2004-03-03,76.59711456298828,76.7162908418885,76.08730296106052,76.30579364760099,31346200
2004-03-04,76.79572296142578,76.86855317570054,76.48454023704086,76.61696110451295,21060000
2004-03-05,77.05394744873047,77.43133813069741,76.32565026176589,76.41834235548826,55905600
2004-03-08,76.11377716064453,77.21284770544165,76.08067572999808,77.02745847819374,39281600
2004-03-09,75.80923461914062,76.2793174765569,75.6370899645819,76.2064872400644,39746100
2004-03-10,74.53800201416016,75.98797390129599,74.52475740164698,75.9548724726923,67671800
2004-03-11,73.57134246826172,74.99482998943881,73.5580978575375,74.41881570640925,89134800
2004-03-12,74.53800201416016,74.62407179013728,73.87591282601093,73.97522721450125,54012200
2004-03-15,73.62430572509766,74.38570919856218,73.42568202637143,74.33274085836628,57677200
2004-03-16,74.01493835449219,74.19370018228375,73.38595070197934,74.00831604936249,59832600
2004-03-17,74.84253692626953,74.98819730623187,74.2201716850988,74.27314001441928,41607300
2004-03-18,74.86238861083984,74.99480436480376,74.1076077003037,74.61741390953567,60014300
2004-03-19,73.7894058227539,74.79266678865434,73.77611984722036,74.6863637772411,48636200
2004-03-22,72.85256958007812,73.46382566474689,72.48714199193546,73.44389417249309,62752100
2004-03-23,72.72632598876953,73.35087307954004,72.65988599527293,73.25121055477184,54080200
2004-03-24,72.78614044189453,73.17814003216037,72.32105025404887,72.80607193712193,51584300
2004-03-25,73.74951934814453,73.94884440102845,72.94558375452694,73.13826328723562,49873600
2004-03-26,73.76947021484375,74.27442343080583,73.6166586940046,73.72296169949514,37409500
2004-03-29,74.80596160888672,74.90562417884095,74.13491078056256,74.16812825784805,44113600
2004-03-30,75.05841827392578,75.12485827761023,74.56011064272141,74.6132646732879,39059900
2004-03-31,75.14480590820312,75.34413103110636,74.66642966847412,75.07172036774183,48517600
2004-04-01,75.59661865234375,75.65641822753317,75.11160187237653,75.12488785072453,45103800
2004-04-02,76.16796875,76.30084873416705,75.67630672572618,76.28091724344664,50987700
2004-04-05,76.58660125732422,76.65968682276537,76.03514435770036,76.04843033821231,30251800
2004-04-06,76.34073638916016,76.52677044238665,76.15470233593366,76.29422787585354,28420900
2004-04-07,76.16133880615234,76.39388642957367,75.81584773523232,76.37394986572947,45890500
2004-04-08,75.98857879638672,76.67956585260785,75.56999722315915,76.67956585260785,46929700
2004-04-12,76.28756713867188,76.46031518323379,76.1214646144134,76.12811013471683,23085200
2004-04-13,75.2178726196289,76.60649247173643,75.09163306878808,76.57991545739904,56210300
2004-04-14,75.33747863769531,75.5035812019497,74.7793764549436,74.8192394482693,62322300
2004-04-15,75.0517807006836,75.59659689906681,74.6531355673138,75.37734030154667,61602500
2004-04-16,75.62980651855469,75.77597755859665,75.06505892034015,75.33081891781968,47059200
2004-04-19,75.62980651855469,75.7361095037371,75.2577333977987,75.4437724927002,28277600
2004-04-20,74.36079406738281,75.95537968342158,74.26777703777661,75.79592264253209,53299400
2004-04-21,74.85907745361328,75.04511145243231,74.32755246685123,74.54680392600436,50177300
2004-04-22,75.90882873535156,76.18787966817985,74.70624847551177,74.73282547897804,62071500
2004-04-23,75.98190307617188,76.12142852210863,75.60318970318802,76.02176604099827,29395700
2004-04-26,75.87564849853516,76.36731573309515,75.47700336247003,76.07497360109168,35515200
2004-04-27,75.94205474853516,76.48687067203014,75.71615274320803,75.89554625759213,43485500
2004-04-28,74.95873260498047,75.74938209129435,74.74612161736403,75.66965107004602,50165800
2004-04-29,74.30097198486328,75.29094147176981,73.85581849862868,74.8922964830665,69687600
2004-04-30,73.72293853759766,74.66639959199944,73.68307555669365,74.526874089789,48681400
2004-05-03,74.51360321044922,74.60662023076162,73.98207303519483,73.99536407755228,33758000
2004-05-04,74.45378112792969,75.25107614954668,74.18802118976993,74.5800206468877,51185100
2004-05-05,74.93215942382812,75.05175342728404,74.5202284656269,74.68633096659089,34405000
2004-05-06,74.28773498535156,74.80597435455411,73.74956411257196,74.42726057944073,54997000
2004-05-07,73.05851745605469,74.5667308804428,73.05851745605469,73.89567541195593,60950000
2004-05-10,72.30774688720703,72.91900291603685,71.99547335296565,72.71303742283355,75279400
2004-05-11,72.91899871826172,73.11832374921026,72.63994773017065,72.7263192067571,48300600
2004-05-12,73.38409423828125,73.44389378377302,71.79615448920562,72.79941516939441,90830500
2004-05-13,73.0784912109375,73.62330748200793,72.83930308519453,72.92567967279807,57393700
2004-05-14,73.1116943359375,73.57677941854541,72.6000956760216,73.05189478586094,54123100
2004-05-17,72.48715209960938,72.75291719449467,72.028712506706,72.3476265653303,55020400
2004-05-18,72.85256958007812,73.04524912027637,72.63995854762608,72.74626152932868,30193100
2004-05-19,72.60011291503906,73.86913905027576,72.52038692140219,73.41733983315595,54804100
2004-05-20,72.83264923095703,72.99875178388099,72.447290091602,72.71969564249254,38082900
2004-05-21,72.95886993408203,73.45053704752,72.73297293794569,73.06517798100268,47480400
2004-05-24,73.26451110839844,73.59007575871125,72.87251152041242,73.43725918111059,40961500
2004-05-25,74.31429290771484,74.40066949307526,72.81936969516742,73.01869481779312,48668000
2004-05-26,74.57344055175781,74.60666310769722,74.0884236769647,74.18808627573257,35977000
2004-05-27,74.99197387695312,75.09827686281116,74.45379821982837,74.77271731549664,45306900
2004-05-28,74.98529815673828,74.99858412372711,74.65309322252237,74.89892669869836,23367200
2004-06-01,74.88565063476562,74.98531314876521,74.3275486668416,74.71954813444832,41044700
2004-06-02,75.16473388671875,75.3972815422318,74.71958021133632,75.09829387187854,39774200
2004-06-03,74.47373962402344,75.20459492614255,74.46045364991569,74.95211579666586,38688300
2004-06-04,75.06505584716797,75.4637008961137,74.88566228026195,75.06505584716797,32739500
2004-06-07,76.2078628540039,76.28094839585717,75.35741844230994,75.3640639649462,31643800
2004-06-08,76.31414794921875,76.35401093492992,75.85570333735225,75.98858840480116,32846500
2004-06-09,75.60321807861328,76.2078285712618,75.55670957917877,76.08159411225174,36737600
2004-06-10,75.97527313232422,75.97527313232422,75.69622218325124,75.76930767977684,21711000
2004-06-14,75.22452545166016,75.64310206280004,74.99198288991577,75.62317056737162,34633000
2004-06-15,75.75604248046875,76.04173904549747,75.41719695633131,75.67631650728211,37445000
2004-06-16,75.74275970458984,75.87563971154036,75.54343462511672,75.74275970458984,26633400
2004-06-17,75.62980651855469,75.78926353085181,75.29760145265826,75.64309249080986,28402400
2004-06-18,75.77251434326172,76.16594992501213,75.47244040997576,75.53245316161255,31799800
2004-06-21,75.48576354980469,76.11259043974421,75.43908527635494,75.8525250465885,25284000
2004-06-22,75.86587524414062,75.93922755870466,75.1323571860516,75.43910091625061,37334000
2004-06-23,76.51934814453125,76.57936087752284,75.63245600384856,75.7591563346745,35580000
2004-06-24,76.279296875,76.63938858203788,76.1926101092048,76.39265766585912,35272100
2004-06-25,75.91253662109375,76.64605960337413,75.80584560665761,76.29263766875731,32837900
2004-06-28,75.6524887084961,76.42602036394057,75.62581976438886,76.36600252082094,40824500
2004-06-29,75.96588134765625,76.13259018405168,75.63246367486539,75.70581596988337,28418100
2004-06-30,76.37265014648438,76.54602875819582,75.78583688287237,76.06590650271788,52230600
2004-07-01,75.3124008178711,76.28598000918177,75.0723396378163,76.18595366956711,57734700
2004-07-02,75.27239990234375,75.54580493748418,75.08568675032191,75.45911814191743,34615100
2004-07-06,74.6122055053711,74.98563166635263,74.43882689310828,74.93228870589088,38698200
2004-07-07,74.83226776123047,75.06565912860304,74.51885431609435,74.558862811201,29839800
2004-07-08,74.31216430664062,74.89897783008587,74.15212009224929,74.55889023394441,45291100
2004-07-09,74.5055160522461,74.64555086553747,74.27211960921046,74.49884627421794,27412900
2004-07-12,74.53886413574219,74.71224277341557,74.0187333102727,74.36548549806882,35691300
2004-07-13,74.59219360351562,74.69888460103878,74.41881500904746,74.63220209164314,26752000
2004-07-14,74.36551666259766,74.9456655658883,74.09878644676783,74.19214303981883,54089400
2004-07-15,73.88536071777344,74.62554838233933,73.81867311101607,74.51218250338187,38403500
2004-07-16,73.82535552978516,74.46551698137532,73.645312188343,74.39883445075048,40871200
2004-07-19,73.51194763183594,73.99207002894077,73.34523874881627,73.85203517771042,39592800
2004-07-20,74.44554138183594,74.61892009822732,73.5186401130386,73.70535330566642,46679800
2004-07-21,73.07182312011719,74.72557203518632,72.98513126354766,74.56553296640067,56241100
2004-07-22,73.2718734741211,73.61196095984631,72.5316857574223,72.9251212972908,72477100
2004-07-23,72.65837097167969,73.15849742805487,72.47832768590636,73.09848469531356,49610500
2004-07-26,72.51837921142578,72.97182767114644,72.15828733862827,72.8117885346428,49679100
2004-07-27,73.19852447509766,73.42525117166375,72.66505917224048,72.7184072287914,51295100
2004-07-28,73.41859436035156,73.59864281112453,72.41167123719433,73.05183785377422,65862300
2004-07-29,73.73200988769531,73.93206259674476,73.35191381054275,73.71200563430071,52200500
2004-07-30,73.91203308105469,73.95204666447366,73.4185763109903,73.56528091257574,41581700
2004-08-02,74.0654067993164,74.25878967353736,73.38523693787567,73.47859348576851,38263100
2004-08-03,73.49190521240234,74.0587141027909,73.45856650564345,73.97202736015929,40948800
2004-08-04,73.4852523803711,73.85201385212848,73.1118262182544,73.27853505313504,40763200
2004-08-05,72.28494262695312,73.60527358223088,72.19825078781065,73.54526085133155,50772000
2004-08-06,71.25138854980469,71.99157653209872,71.0980191985487,71.77151954545946,74729000
2004-08-09,71.35140991210938,71.67149324182674,71.26472311476289,71.36474438571963,37476300
2004-08-10,72.2716293334961,72.29163867194906,71.5247768328872,71.55811555520661,55870600
2004-08-11,72.1249008178711,72.23826158580064,71.4180520155271,71.80481766939752,52933200
2004-08-12,71.33805084228516,71.98487688418187,71.10465439038562,71.80483357098385,50015900
2004-08-13,71.47810363769531,71.58479467928068,71.07799824098367,71.41808579316798,41634700
2004-08-16,72.21827697753906,72.44499857503892,71.41807143257093,71.44474545949157,45731900
2004-08-17,72.62506866455078,72.87179458400495,72.37166787693586,72.51837252501777,40701600
2004-08-18,73.37190246582031,73.46525902018294,72.34497528028075,72.36497952942264,43165400
2004-08-19,73.15850830078125,73.36522563878925,72.80508636642557,73.22519082069833,39881600
2004-08-20,73.67200469970703,73.77202597696046,73.02517330652282,73.09185585387586,44870900
2004-08-23,73.4852523803711,73.86534832039698,73.3852311494826,73.71864881924391,33745100
2004-08-24,73.58525085449219,73.8386514436571,73.25183331089453,73.77863364028458,30453100
2004-08-25,74.0854263305664,74.19878714960065,73.28522572996415,73.57196521123103,38551400
2004-08-26,74.0854263305664,74.22546118129424,73.91871744814499,73.99206976341452,26629500
2004-08-27,74.31880950927734,74.43884009481593,74.05207939701452,74.1521006453377,24902900
2004-08-30,73.70532989501953,74.2454650432115,73.65198183191256,74.16544803610235,26726500
2004-08-31,74.09205627441406,74.12540006799144,73.41855132703047,73.79198248241222,44125300
2004-09-01,74.23212432861328,74.44551147554492,73.67198497574931,73.98539337315603,52778300
2004-09-02,75.07234954833984,75.15236656055407,74.17878724071831,74.17878724071831,42736600
2004-09-03,74.76559448242188,75.23237727486881,74.69224217395866,74.90562932015595,30480500
2004-09-07,75.25904083251953,75.43908414525467,74.89894911949908,75.04565371601298,37338800
2004-09-08,75.07234954833984,75.39242777230005,74.89230109575453,75.09902358159513,32963100
2004-09-09,75.00562286376953,75.27235286423291,74.70554398192525,75.06563558760921,34314800
2004-09-10,75.39241027832031,75.53244510475332,74.73891442163293,75.03231854425665,27900600
2004-09-13,75.6391372680664,75.84585460760756,75.35906762980738,75.55911519104231,44398100
2004-09-14,75.79251098632812,75.81251523352307,75.47909754680697,75.55244984488853,28048900
2004-09-15,75.2190170288086,75.5924431348046,75.13899496857411,75.55243464846191,38295000
2004-09-16,75.44580078125,75.59917525128574,75.21907905495311,75.2524177918803,23911700
2004-09-17,75.76649475097656,75.90711246477984,75.4584742671131,75.63256946969216,33683000
2004-09-20,75.31117248535156,75.65936806152952,75.18394472255191,75.44509268186738,37149400
2004-09-21,75.6392593383789,75.98076238510446,75.35802393929978,75.49864163883935,40920800
2004-09-22,74.69511413574219,75.3446325582573,74.6415440260316,75.33124258519308,49042100
2004-09-23,74.29336547851562,74.79557391151702,74.29336547851562,74.7286138088625,44068700
2004-09-24,74.63483428955078,74.8156321030993,74.41386145464749,74.44064650512601,34981100
2004-09-27,74.15943145751953,74.46075441769344,74.04559879334072,74.39379432751339,39355100
2004-09-28,74.51432037353516,74.6683331702061,73.93176200189019,74.26656754282716,41662900
2004-09-29,74.88934326171875,74.89604080676561,74.32687208730255,74.4674898809066,33325700
2004-09-30,74.83573150634766,74.98304675302722,74.5009259852493,74.69511380053356,43536700
2004-10-01,76.10128784179688,76.10128784179688,75.1370464091965,75.17052900122202,62824300
2004-10-04,76.2285385131836,76.63030933048256,76.20175856017661,76.40263886009794,33082400
2004-10-05,76.26874542236328,76.44284583036834,76.02768489088857,76.23526280626348,36910600
2004-10-06,76.79102325439453,76.79102325439453,76.12141196166655,76.18167452582227,42297800
2004-10-07,75.96739959716797,76.60353339452182,75.90713703263094,76.5901383076944,39388800
2004-10-08,75.33797454833984,76.18168117250393,75.23083427996582,75.76652540437756,51872600
2004-10-11,75.64595794677734,75.67943543262986,75.42498508349877,75.51873021784847,20229100
2004-10-12,75.3513412475586,75.5522266343313,74.95627312462722,75.13036834385413,41754700
2004-10-13,74.68843841552734,75.71294279660485,74.54112312514762,75.6660702140957,54212600
2004-10-14,74.08576202392578,74.94956084321018,74.04558699796307,74.78215809006343,64082200
2004-10-15,74.50093841552734,74.8223489085212,74.03890508453003,74.34022806030274,63482200
2004-10-18,74.78218841552734,74.92950371543162,74.12596710924336,74.25319488802046,43535100
2004-10-19,74.15272521972656,75.15044934869394,74.05228254187207,75.00982653446155,55851900
2004-10-20,74.00541687011719,74.20630224454717,73.48981856854688,73.91167172437713,57118500
2004-10-21,74.48755645751953,74.54112658536769,73.79785766484237,74.18623342864865,53218300
2004-10-22,73.65055084228516,74.49426257242602,73.56350320606212,74.45408752628141,48752400
2004-10-25,73.5634765625,73.73757688061876,73.22197346777054,73.4898189320931,43990900
2004-10-26,74.68843841552734,74.72861345518425,73.57688130355545,73.74428411376363,54337400
2004-10-27,75.58568572998047,75.73300096326264,74.40717408117578,74.58126925803076,73896000
2004-10-28,75.81338500976562,76.04105037797355,75.324566559307,75.51875443092874,54413300
2004-10-29,75.79996490478516,76.0945953863731,75.59908466538789,75.74639990618186,48820200
2004-11-01,76.007568359375,76.22853617162805,75.79998541448613,76.04104585396946,36720900
2004-11-02,76.03435516357422,76.71735635195124,75.8133822375268,76.11470523942558,56210000
2004-11-03,76.9919204711914,77.24637096223555,76.49640436043721,77.02539797571512,76960200
2004-11-04,78.04317474365234,78.12352480503236,76.7910001636328,76.8579602510252,55350300
2004-11-05,78.5320053100586,78.77306576485068,78.00301181808308,78.37799758594207,63287200
2004-11-08,78.41814422607422,78.49849938481344,78.15699634607985,78.33109663565159,33863800
2004-11-09,78.26415252685547,78.67931329572814,78.1838024552031,78.39807782748916,44658100
2004-11-10,78.32444763183594,78.71282347665701,78.18382984844824,78.38471020668939,45265400
2004-11-11,78.9203872680664,79.0944876343957,78.41148125580393,78.46505138524815,37863200
2004-11-12,79.5431137084961,79.68373144505767,78.7998448804364,78.99403273818179,55583700
2004-11-15,79.73854064941406,79.76539996198747,79.40274287970584,79.58407142084666,35297900
2004-11-16,79.16767120361328,79.5236211024658,79.0669359834224,79.49003927982433,40028700
2004-11-17,79.63778686523438,80.01387866425357,79.2952717632039,79.49675244060218,54494000
2004-11-18,79.7452392578125,79.7855384675053,79.40272928055562,79.60420483355382,31854300
2004-11-19,78.85877227783203,79.7318488083865,78.67072628635728,79.71841402392747,54276500
2004-11-22,79.23483276367188,79.32885571595347,78.59681401734215,78.69083696962373,37560200
2004-11-23,79.35574340820312,79.42290194753643,78.82518223689422,79.20127415625522,41968800
2004-11-24,79.5438003540039,79.64453561498277,79.28187842772122,79.42962518511315,29724800
2004-11-26,79.48335266113281,79.9064612452007,79.44977594935945,79.59081043609251,15487700
2004-11-29,79.12067413330078,79.92659190864444,78.89905148465887,79.77884006030472,61460800
2004-11-30,79.1744155883789,79.40947305541452,79.00651666565795,79.24829152428559,53685200
2004-12-01,80.07437133789062,80.25569995357607,79.31546478708664,79.35576402024853,49898300
2004-12-02,80.14148712158203,80.50414928326244,79.92657678027513,79.98701791195518,60163500
2004-12-03,80.08776092529297,80.6854804921007,79.98030318912369,80.12805501442301,49067900
2004-12-06,80.0609130859375,80.34969940691725,79.81242086243978,80.0609130859375,33030500
2004-12-07,79.31546020507812,80.3362886550492,79.27516609811344,80.2489779248002,52047200
2004-12-08,79.77883911132812,79.79898615879523,79.25499538171314,79.38931244740553,43895100
2004-12-09,80.0609130859375,80.22881199060322,79.06695443968249,79.34230597892294,60922800
2004-12-10,80.14148712158203,80.29595120734217,79.81911904768832,79.86613052472838,47828600
2004-12-13,80.83998107910156,80.86012813148523,80.15495055484426,80.43030726773779,38541000
2004-12-14,81.12199401855469,81.23616398576904,80.71232049020642,80.71232049020642,41500700
2004-12-15,81.18246459960938,81.33693382368544,80.79965535822724,81.06157720107464,46699200
2004-12-16,81.13545989990234,81.42424620254765,80.6183335608651,81.07501875751657,51641800
2004-12-17,80.59429931640625,80.95192556710009,80.4053650819319,80.60779241255223,70761900
2004-12-20,80.61454772949219,81.16785737928836,80.41211523524414,80.8034819784852,47187400
2004-12-21,81.23534393310547,81.29607574866176,80.60780929541244,80.70227643243523,33094200
2004-12-22,81.43099212646484,81.7009003218746,81.17458217226442,81.22855969288986,31500700
2004-12-23,81.49174499511719,81.83587818372273,81.41752523686138,81.55922592674077,25646100
2004-12-27,81.32305145263672,81.88985934970515,81.23533345045556,81.78189397956938,29944100
2004-12-28,81.76840209960938,81.8696183486004,81.37703534914928,81.40402669208504,23422900
2004-12-29,81.88984680175781,81.91683814015587,81.61318944423112,81.70091258104272,22650600
2004-12-30,81.73464965820312,82.03154923892264,81.67392300654951,81.91683990930701,21076900
2004-12-31,81.55918884277344,82.09225604217234,81.51195530095681,81.84933921338119,28648800
2005-01-03,81.1745834350586,82.15974398776984,80.90467523545,82.02478731393019,55748000
2005-01-04,80.18268585205078,81.3365385599932,79.91952673347119,81.28255588231752,69167600
2005-01-05,79.62939453125,80.46610563475481,79.62264540797541,80.12197242076847,65667300
2005-01-06,80.03424072265625,80.39861609607648,79.79807292916308,79.91953138696982,47814700
2005-01-07,79.9195556640625,80.45262321591755,79.71037399936408,80.27718202399825,55847700
2005-01-10,80.29739379882812,80.60778646801302,79.85204443777717,79.85204443777717,56563300
2005-01-11,79.74411010742188,80.12197867111345,79.61590249556663,80.05450287732182,63099700
2005-01-12,80.00725555419922,80.18944068092763,79.29874697099187,79.89254620966383,72720500
2005-01-13,79.36624145507812,80.11523460589665,79.28526741377478,80.05450278790087,55537500
2005-01-14,79.78457641601562,79.98025977717624,79.46069062021813,79.60239129938853,42032500
2005-01-18,80.61454772949219,80.71576397661622,79.58889730914132,79.65637823927212,57391700
2005-01-19,79.77110290527344,80.64829853666348,79.76435378134961,80.58757186556855,54378900
2005-01-20,79.2852554321289,79.75759106483608,79.14355474231675,79.54841459150467,72049300
2005-01-21,78.79940795898438,79.62262576088152,78.71168997035012,79.48092509551631,63160400
2005-01-24,78.64420318603516,79.17726531287734,78.52274475443386,79.00857333276835,58441900
2005-01-25,78.86688995361328,79.26500579082693,78.75892973970451,78.8871373200385,68245000
2005-01-26,79.10305786132812,79.35271873589262,78.97485028915403,79.16378451252334,57195100
2005-01-27,79.23804473876953,79.45397039719565,78.93440105125816,79.07610178196839,55878800
2005-01-28,79.23804473876953,79.31901879120699,78.68473491729799,79.27852919095137,60738900
2005-01-31,79.73059844970703,79.79132510556276,79.42694972621271,79.58889262323322,52532700
2005-02-01,80.23667907714844,80.35138842123465,79.69011340295907,79.79132964988838,49841200
2005-02-02,80.47958374023438,80.695509312141,80.22992285438492,80.33788306630238,52468900
2005-02-03,80.27039337158203,80.40535004816721,80.00723428732945,80.33786913583921,48837100
2005-02-04,81.12735748291016,81.2623090213158,80.28389749769683,80.2973905923089,50024600
2005-02-07,81.01940155029297,81.32304512103258,80.94517665112164,81.14086000820318,45412000
2005-02-08,81.11386108398438,81.41076065291092,81.0193939753389,81.08686974607548,39263500
2005-02-09,80.50658416748047,81.30281076902435,80.46609972695067,81.25557720571548,55279400
2005-02-10,80.7967300415039,80.98566428391587,80.47284423967541,80.74275250658049,45858600
2005-02-11,81.49174499511719,81.67393527358519,80.60780039002908,80.76974330016662,53133000
2005-02-14,81.43099212646484,81.55245055699571,81.29604060279529,81.43774124706951,32432100
2005-02-15,81.73464965820312,81.93708212652488,81.43100610379201,81.51198012073503,43852700
2005-02-16,81.78865814208984,81.95735020289311,81.424282672986,81.59972385768188,55523000
2005-02-17,81.12735748291016,81.86960124028364,81.1206083615685,81.80212547108081,58124000
2005-02-18,81.23534393310547,81.29607574866176,80.9047089535257,81.13412767256024,47723300
2005-02-22,80.0274887084961,81.28930679966246,80.01399561281487,80.90468922185242,80697600
2005-02-23,80.60105895996094,80.68203299679416,80.0410052697677,80.25018176316254,68292600
2005-02-24,81.13411712646484,81.18809981148183,80.28391300377221,80.45934900796912,68563600
2005-02-25,81.93709564208984,82.0990385546169,81.09363546507257,81.15436212674307,60899900
2005-02-28,81.39728546142578,81.84938406434384,80.99917469768606,81.74816780553911,69381300
2005-03-01,81.8021469116211,81.99782514917567,81.4984981485145,81.52548949288438,47294400
2005-03-02,81.7616195678711,82.2744445779582,81.41074254922422,81.48496742495013,64226500
2005-03-03,81.7953872680664,82.25422976719317,81.44450498446082,82.09228686987545,61230800
2005-03-04,82.8143081665039,82.88178396073134,82.18002437500522,82.35546555845502,56168500
2005-03-07,82.85478973388672,83.16518249500399,82.5916305418944,82.76707171924693,43442400
2005-03-08,82.54438018798828,82.99647356455061,82.39593038718945,82.77379886335238,44362000
2005-03-09,81.62673950195312,82.51743364219286,81.61999037605159,82.30150794601579,73263600
2005-03-10,81.80888366699219,81.9843248158773,81.2420809294632,81.78189232500432,65149000
2005-03-11,81.23534393310547,82.13278688289485,81.08015012859926,81.85612944727606,57976500
2005-03-14,81.74142456054688,81.75492280833038,81.1611234596119,81.38379821538132,36336400
2005-03-15,81.06665802001953,81.95735191373089,81.02617357196506,81.93036056567014,62438500
2005-03-16,80.37836456298828,81.08012388809455,80.22991478197544,80.76972608339251,74874200
2005-03-17,80.54032897949219,80.79673903013801,80.28391892884635,80.50658851184842,62584200
2005-03-18,80.30119323730469,80.97183613547479,80.03700042383485,80.68732159301392,60232000
2005-03-21,80.00313568115234,80.46378053619969,79.77281583777555,80.41636144089895,61244300
2005-03-22,79.19022369384766,80.56538242209771,79.19022369384766,80.18602971590266,92472400
2005-03-23,79.25798034667969,79.74572259112476,79.08862568781926,79.22410734758999,70817300
2005-03-24,79.35277557373047,79.92858006840682,79.29858087185025,79.56954921296008,51932500
2005-03-28,79.46797943115234,79.8947564843516,79.46797943115234,79.5424958954159,46765500
2005-03-29,78.93958282470703,79.86764809902935,78.7499064575856,79.3528085537759,71160300
2005-03-30,80.05730438232422,80.0708504758803,79.10214198541959,79.10891761634367,62002100
2005-03-31,79.90831756591797,80.24702695124398,79.84735235734091,80.06412615721776,64575400
2005-04-01,79.5492935180664,80.60606524039919,79.19703800005398,80.3621940478154,95255300
2005-04-04,79.68473815917969,79.8405466918748,79.08183609353415,79.50183743394841,71581200
2005-04-05,80.0640869140625,80.19279290296092,79.71182643173756,79.78634287344889,46853900
2005-04-06,80.341796875,80.57889220953774,80.05728247355471,80.24018311211506,53268200
2005-04-07,80.77537536621094,80.78892662959495,80.15215162615614,80.21312197479882,46734600
2005-04-08,79.93535614013672,80.75503162951435,79.93535614013672,80.72793427842444,63772900
2005-04-11,79.99630737304688,80.2198566043906,79.82018237407033,80.13179410490233,44945000
2005-04-12,80.40961456298828,80.65348575982944,79.30542370994876,79.86090695424348,86144800
2005-04-13,79.46121215820312,80.47734016448042,79.34604705625469,80.31475596230416,65949000
2005-04-14,78.42473602294922,79.59667228036,78.42473602294922,79.52893146526934,96119800
2005-04-15,77.32733154296875,78.71603652385055,77.2934585468255,78.4044245988484,128677300
2005-04-18,77.56439971923828,77.87601153459654,77.19859319643726,77.3069826113228,100035200
2005-04-19,78.18087768554688,78.26216460420225,77.78797368440121,77.97087441966922,64930100
2005-04-20,77.09021759033203,78.32988936020769,76.92086298681046,78.16053475668612,107735900
2005-04-21,78.58733367919922,78.72281533265073,77.48313804722358,77.76088215558111,86952200
2005-04-22,78.2892837524414,78.91928338880054,77.40863732112827,78.40444369811155,88845800
2005-04-25,78.80409240722656,78.91925230754256,78.39086672417,78.48570489717056,52284100
2005-04-26,78.03858184814453,79.1021283145663,78.0047140359615,78.5534211752639,72626000
2005-04-27,78.34342956542969,78.6279440187997,77.5237540202685,77.8082684736385,84131900
2005-04-28,77.36116790771484,78.36374926725387,77.36116790771484,78.08600528306097,72481500
2005-04-29,78.41120910644531,78.49250120541372,77.20540473069876,77.9505642155461,103993800
2005-05-02,78.85152435302734,78.85829998600174,78.25539269032761,78.62797497951495,56026400
2005-05-03,78.98699188232422,79.15634649835333,78.37054376749042,78.62796092326931,86000300
2005-05-04,79.5967025756836,79.76605726201483,78.77025087945995,79.02089767581634,81055700
2005-05-05,79.56956481933594,79.93537137633797,79.0818227433332,79.71182206345469,96906700
2005-05-06,79.31892395019531,79.92860158977986,79.29860222359126,79.88795813657177,67415400
2005-05-09,79.81342315673828,79.9895533602213,79.29181334463924,79.40019758411933,43750500
2005-05-10,78.98699188232422,79.5966695336876,78.84473462505488,79.50183136217471,74613500
2005-05-11,79.42057037353516,79.52895985100126,78.47895875330107,79.21057222131303,91647400
2005-05-12,78.5466537475586,79.65761940167953,78.5466537475586,79.47471872557682,95086800
2005-05-13,78.39087677001953,79.00055450907732,77.76765293377977,78.7837807761116,85267000
2005-05-16,79.12250518798828,79.14959738753322,78.35024829359598,78.37734049314092,49207000
2005-05-17,79.65086364746094,79.73215055483142,78.68893067609714,78.85828529084257,61071800
2005-05-18,80.47053527832031,80.66698724164914,79.94214973405981,79.9963392801255,77944900
2005-05-19,80.80925750732422,80.89054959195586,80.40957788491856,80.62635160897635,61768100
2005-05-20,80.69408416748047,80.87698486709587,80.4366618598017,80.84311187873001,46345500
2005-05-23,81.14117431640625,81.31730454577273,80.74149994516975,80.75504603898617,51047900
2005-05-24,80.95149993896484,81.17504925450025,80.74827234878859,80.91085648824652,50654100
2005-05-25,80.89056396484375,81.20217592552667,80.49765990508494,80.84991533115873,47608800
2005-05-26,81.32410430908203,81.43248859665204,81.03281410681544,81.14797402745035,43256200
2005-05-27,81.4595947265625,81.4595947265625,81.15475839365607,81.33088352594703,24596100
2005-05-31,80.93799591064453,81.40541134171156,80.88380116932531,81.34444613394868,43377200
2005-06-01,81.6289291381836,81.91344366740354,80.91763764684073,80.96505673504404,69611000
2005-06-02,81.8050765991211,81.85926616254055,81.35797781492558,81.44604554603357,39704500
2005-06-03,81.39185333251953,81.89314169564398,81.10733873466194,81.66282183117666,60999400
2005-06-06,81.31733703613281,81.42572133484565,80.98540333793856,81.25636666886777,36046400
2005-06-07,81.37828826904297,82.13699890300063,81.29700135103229,81.55441853855505,66501300
2005-06-08,81.22926330566406,81.68990297224771,81.06667912750021,81.58151868843201,46881200
2005-06-09,81.6153793334961,81.68312014666644,80.9108635062805,81.11408594579152,56653300
2005-06-10,81.42571258544922,81.73055405242997,81.01926246443524,81.66958369171634,36465300
2005-06-13,81.6831283569336,82.02183762512294,81.16151318967776,81.24958090711469,49383200
2005-06-14,81.87276458740234,82.1030842960911,81.54760157528152,81.59502064285219,33857100
2005-06-15,82.02864074707031,82.13025460164091,81.44606532867589,82.07606502505922,53195600
2005-06-16,82.23857879638672,82.4011577336396,81.91341575358973,82.00825389767819,46564500
2005-06-17,82.54331970214844,82.91060272773886,82.44809875356786,82.66574737734524,51529400
2005-06-20,82.57054138183594,82.86980505050452,82.25767175281901,82.35289271864357,41019400
2005-06-21,82.61812591552734,82.74055357444229,82.31885715170152,82.63852966048786,39879800
2005-06-22,82.68616485595703,82.93782322708344,82.34608850050945,82.76098206928776,46310100
2005-06-23,81.52313232421875,82.70659699441408,81.50272856615325,82.51615500026256,62185600
2005-06-24,80.92457580566406,81.62513230207716,80.82934964743411,81.53670912425369,58572500
2005-06-27,81.0401611328125,81.21700221334254,80.76809912949345,80.91773349077648,48183800
2005-06-28,81.72032928466797,81.78154052289881,81.18981113005896,81.2102148761359,41174200
2005-06-29,81.50267791748047,81.89036464726804,81.45506744852943,81.86996090188217,42316500
2005-06-30,81.06060028076172,81.83597395594194,80.90416287405013,81.76795972269258,62288800
2005-07-01,81.29862213134766,81.48226620015737,81.08097355327232,81.24420868954095,49737500
2005-07-05,81.95160675048828,82.06043368573856,81.06741125277233,81.10821875891423,51549000
2005-07-06,81.26464080810547,82.06041816225772,81.21703033022848,81.88357702050625,52363600
2005-07-07,81.58430480957031,81.58430480957031,80.43485040875653,80.45525415712117,103268800
2005-07-08,82.51611328125,82.51611328125,81.4278701583312,81.59790830844828,64491200
2005-07-11,82.93778991699219,83.04661160866988,82.50929056016717,82.52289651484645,49688300
2005-07-12,83.15546417236328,83.40711733098954,82.73376766263543,82.97182005153304,51871100
2005-07-13,83.27107238769531,83.33228362308236,82.97180362139805,83.16224549480472,41182300
2005-07-14,83.59754180908203,83.95802178460002,83.31187383055608,83.64515227397777,63638800
2005-07-15,83.54993438720703,83.68596800684932,83.22346407836953,83.51592987416045,56075900
2005-07-18,83.2166748046875,83.40711671439774,83.01263212534917,83.3186987389331,56598400
2005-07-19,83.67237091064453,83.73358734325397,83.2574825969697,83.46152526431186,59165700
2005-07-20,83.95803833007812,84.15528320613166,83.18266478374495,83.37990447064597,69477000
2005-07-21,83.46833801269531,84.07367348488675,83.29829984209877,84.0328659844726,101110900
2005-07-22,84.02606201171875,84.03966278197835,83.40712058726807,83.57715875585521,52607100
2005-07-25,83.78799438476562,84.3049065871297,83.55673981915884,83.93762877619022,57301600
2005-07-26,83.88999938964844,84.01923001367032,83.62474035339922,83.81518739532932,42758800
2005-07-27,84.19609832763672,84.26411255574436,83.69278681265664,83.99885343371749,43181600
2005-07-28,84.72659301757812,84.77420348293299,84.09405101263401,84.31169959556362,47880700
2005-07-29,84.16207122802734,84.76740655466084,83.9988360764688,84.61777735940413,62358100
2005-08-01,84.10086822509766,84.36612731827952,83.96483459452206,84.22329589803947,40418200
2005-08-02,84.60418701171875,84.74701844432741,84.16208675508076,84.25050991990008,45147400
2005-08-03,84.82862091064453,84.8422216774627,84.42053044712604,84.50894840432365,36837200
2005-08-04,84.14848327636719,84.54977083280312,84.04645934517328,84.49536256676538,50855600
2005-08-05,83.5771484375,84.32532043823727,83.434317016219,83.96483520644911,53595500
2005-08-08,83.42073059082031,83.93764810134763,83.23708645391761,83.76080694448109,47616000
2005-08-09,83.92403411865234,84.06006257145182,83.57035702788195,83.69958250129562,47170000
2005-08-10,83.8832015991211,84.67897870784671,83.5363224020543,84.21647484147475,72863700
2005-08-11,84.21647644042969,84.35930783272165,83.6655546145676,83.84239051598543,58570200
2005-08-12,83.6995849609375,84.12808445923842,83.48873929615641,84.04646427166848,54776900
2005-08-15,84.21647644042969,84.25048613870695,83.54312696558142,83.80838600685956,36208500
2005-08-16,83.1214370727539,84.01243519441208,83.03981690400093,83.95802693772856,71942100
2005-08-17,83.11463165283203,83.57033776187444,82.99900697569288,83.10783386416618,62275100
2005-08-18,83.10784912109375,83.35950226587133,82.86979155614372,83.01262817077478,53388600
2005-08-19,83.29827880859375,83.53633114948809,83.11463472479537,83.40710051193751,39842100
2005-08-22,83.29827880859375,83.81519616964421,82.89698612895599,83.37309599989652,69912000
2005-08-23,83.1418228149414,83.3934810555743,82.40045923528204,83.31866388103886,55168600
2005-08-24,82.40050506591797,83.47514763499933,82.359692373103,82.93782635045865,79104600
2005-08-25,82.69974517822266,82.75415862703656,82.44128908008477,82.53651002093305,35631100
2005-08-26,82.13522338867188,82.63173184423283,82.08080993927689,82.62493405492256,61956800
2005-08-29,82.76779174804688,82.82900300618786,81.8767880960379,81.89719703790534,56179200
2005-08-30,82.33245086669922,82.50248896829162,81.88354778770278,82.46847927231272,74160200
2005-08-31,83.37307739257812,83.42749082668186,82.12159435394554,82.42766602891606,102945200
2005-09-01,83.3118667602539,83.76076983901868,82.39366204995903,83.3322705021703,74578700
2005-09-02,83.16226959228516,83.57716316063623,83.00583737486625,83.55675940959492,47653400
2005-09-06,84.1348876953125,84.20290711726652,83.42073046717539,83.42753344720145,57251300
2005-09-07,84.2776870727539,84.42731624310625,83.97161537672851,84.08724004028984,41749700
2005-09-08,83.99885559082031,84.33893192924468,83.86962492169006,84.10768250990961,39068700
2005-09-09,84.74699401855469,84.84221494618257,84.20287517341704,84.22327891660139,43093900
2005-09-12,84.57697296142578,84.79462158119995,84.52255950919414,84.64498718213913,33017600
2005-09-13,84.107666015625,84.62457821246858,84.01243988552002,84.4273333521656,58427500
2005-09-14,83.80162811279297,84.28453599104567,83.6723974167978,84.1621082761961,57694600
2005-09-15,83.76078033447266,84.10085658009443,83.59074221166176,84.06004390199665,73156900
2005-09-16,84.3564224243164,84.52035247433321,83.9261040888064,84.21981491784278,75424100
2005-09-19,84.07635498046875,84.39056156848692,83.76898554114663,84.33591649133233,53355300
2005-09-20,83.365966796875,84.43151945087847,83.24301801285614,84.15146741624221,84480300
2005-09-21,82.58734893798828,83.24307449392371,82.49854934907682,83.18842939478489,94469100
2005-09-22,82.88101196289062,83.09959224694578,82.26627315332831,82.6146237557494,84597200
2005-09-23,82.94935607910156,83.2567256142122,82.58050951022298,82.81274334364116,59368100
2005-09-26,83.04492950439453,83.49573821622648,82.70340570009408,83.34546690853593,70415400
2005-09-27,83.02449798583984,83.32503560382814,82.66247811824556,83.00400216555671,66150800
2005-09-28,83.10643005371094,83.41380471071788,82.78539673274972,83.28402395256552,58620500
2005-09-29,83.78264617919922,83.91925365556659,82.70342939767686,83.02446269950552,66607700
2005-09-30,84.04222869873047,84.04222869873047,83.15426419148143,83.75534978207813,47824200
2005-10-03,83.74165344238281,84.24710732025518,83.63919523722524,83.98755105026468,50994800
2005-10-04,82.79904174804688,84.03535639834134,82.75806055427721,83.87142641202236,60776300
2005-10-05,81.7129898071289,82.86051008602684,81.67200861506686,82.8195288939648,106052100
2005-10-06,81.4193344116211,82.14336896773224,80.71579567670362,81.81550357480069,140941800
2005-10-07,81.69933319091797,81.99987583686588,81.37146801249841,81.76080498054901,75661400
2005-10-10,81.00945281982422,81.76763615229595,80.80454164506224,81.74714555594377,52677000
2005-10-11,80.89334869384766,81.54907393648811,80.81821302124125,81.27585378257767,75629800
2005-10-12,80.25811004638672,81.37147599481332,80.19663825072546,80.86602212260476,100510400
2005-10-13,80.21034240722656,80.65432473559643,79.83466384985736,80.2308330174024,99052900
2005-10-14,81.0572738647461,81.15290013122227,80.29909045822737,80.68160073537274,88651000
2005-10-17,81.35781860351562,81.46710353458937,80.90700458332928,81.14607546683217,68109300
2005-10-18,80.47669219970703,81.25536628073083,80.46303353654923,81.24170761757304,74996900
2005-10-19,81.81547546386719,81.82913933996821,79.99857078556975,80.25812710782887,116563800
2005-10-20,80.37421417236328,81.83593569823073,80.12148988193829,81.61736066290214,131966700
2005-10-21,80.68843841552734,81.13242054801115,80.26495209542026,80.79772856990427,96579500
2005-10-24,81.93842315673828,82.02721750519667,80.8797020682263,80.90019267085194,71308400
2005-10-25,81.77446746826172,82.12964996190077,81.24169112218308,81.77446746826172,76594500
2005-10-26,81.53543853759766,82.33460341653013,81.41248969382016,81.63106483706432,80855800
2005-10-27,80.66793060302734,81.53540408177491,80.55181374720769,81.41928201471497,66623100
2005-10-28,81.8291244506836,81.93157744659011,80.66794012174776,80.89334713522388,72322000
2005-10-31,82.05451202392578,82.85368173209963,82.05451202392578,82.1638021489287,77698900
2005-11-01,82.30045318603516,82.58050537126041,82.11603251646059,82.36193021672184,66365100
2005-11-02,83.16107940673828,83.16107940673828,82.05453996486852,82.08186250542303,74012300
2005-11-03,83.5162582397461,83.78265169531142,83.16107565106155,83.43429583302587,84897600
2005-11-04,83.4069595336914,83.64602519925491,83.02445446878983,83.60504400265563,59156000
2005-11-07,83.48894500732422,83.75533326471603,83.22938347666631,83.58457129401658,46765400
2005-11-08,83.48894500732422,83.6187205614114,83.18840227129581,83.28402855798817,42152800
2005-11-09,83.5982666015625,83.98077191599184,83.23625189879986,83.38652333268112,57666800
2005-11-10,84.24710083007812,84.3700496245474,83.16105748829982,83.56405312996888,79048100
2005-11-11,84.53400421142578,84.58864407942276,83.62554931124065,84.25395208875935,34867000
2005-11-14,84.4861831665039,84.71158497760462,84.27443480707323,84.55448690354173,45092200
2005-11-15,84.17879486083984,84.75938434822494,83.91923861775622,84.39054318587883,69592500
2005-11-16,84.34957885742188,84.39056527270755,84.00122820056409,84.26761644933374,51133000
2005-11-17,85.13506317138672,85.14189510739442,84.1104916423236,84.47933801813515,55717500
2005-11-18,85.46979522705078,85.57225347033398,84.92335994827833,85.42198207501765,72437200
2005-11-21,85.90008544921875,86.00254365271459,85.36730904452922,85.48342590991219,50021200
2005-11-22,86.2689437866211,86.41920993312499,85.66785835563981,85.76348463579748,66438800
2005-11-23,86.7676010131836,87.02716263147678,86.20750176863383,86.23482431851963,50854700
2005-11-25,86.83590698242188,86.89738402403341,86.61733178904113,86.73345393180877,15270000
2005-11-28,86.22115325927734,86.93151860925458,86.09137246878016,86.91785994189621,54498500
2005-11-29,86.12548828125,86.73340557298665,86.12548828125,86.50799856482776,51738900
2005-11-30,85.66101837158203,86.41919655799106,85.57905076788671,86.17330416938636,56007200
2005-12-01,86.53533935546875,86.76757313802463,86.05037597609451,86.07769330596074,65468200
2005-12-02,86.64461517333984,86.80171846533675,86.40554947790221,86.58997009688515,46699400
2005-12-05,86.46017456054688,86.56263275239576,86.18695445269654,86.54213694503389,59273400
2005-12-06,86.62413024902344,87.25253303570814,86.49434948674924,86.78123355131544,57935200
2005-12-07,86.11869049072266,86.65829901978066,85.8454702567228,86.5899900528488,66816500
2005-12-08,86.06404876708984,86.62414792363231,85.70886609687088,86.21432016222805,62608600
2005-12-09,86.2894287109375,86.59679813247374,85.94107287828629,86.17331183713412,50744500
2005-12-12,86.37139129638672,86.65144339276988,86.03669933713459,86.54898518162382,48389900
2005-12-13,86.95880889892578,87.22519710916455,86.26210247474151,86.35089680774081,88630900
2005-12-14,87.30035400390625,87.49160658993398,86.84271314287673,86.87686762377116,64375000
2005-12-15,87.04762268066406,87.43012782228924,86.87002877437736,87.32083766111535,55900300
2005-12-16,86.76746368408203,87.45413243420052,86.76746368408203,87.39919767686301,46238300
2005-12-19,86.32111358642578,87.11765171868944,86.30738251880942,87.02151852877707,48733000
2005-12-20,86.4035415649414,86.92540611238609,86.1632085182409,86.42414079196324,46603200
2005-12-21,86.54084777832031,87.04211819014253,86.3829169250361,86.67131649623279,51806900
2005-12-22,86.99404907226562,86.99404907226562,86.5751807953029,86.73311164400738,32247900
2005-12-23,87.0421371459961,87.11080297711122,86.80866703356418,87.05586821667228,27977300
2005-12-27,86.15631103515625,87.24124869250923,86.0945081362611,87.17944579361408,44499500
2005-12-28,86.34857177734375,86.51337076554344,86.17690463663332,86.34170362483302,30764300
2005-12-29,85.96405029296875,86.49278285035454,85.87478001525903,86.32798384061776,32788900
2005-12-30,85.49713897705078,85.87480369679824,85.39413760298602,85.69627356987799,44645600
2006-01-03,87.00090789794922,87.20691056964421,85.4147051380407,85.96404210331697,73256700
2006-01-04,87.41288757324219,87.54335100406495,87.00088235083426,87.11075180717344,51899600
2006-01-05,87.46784973144531,87.61204951760054,87.12451541044737,87.30991887755121,47307500
2006-01-06,88.19576263427734,88.2918958692795,87.4541589023735,87.90736292927087,62885900
2006-01-09,88.42234802246094,88.6214773726189,88.15454759832586,88.18200974127582,43527400
2006-01-10,88.51160430908203,88.56653907052198,88.07213669529682,88.16140699235353,44960800
2006-01-11,88.79312896728516,88.88239925221201,88.39485985926228,88.59399965214021,49598900
2006-01-12,88.44296264648438,88.772560807939,88.19576140595925,88.63522911381096,40509200
2006-01-13,88.36053466796875,88.51160263964569,88.03093658328007,88.28501115986448,44856700
2006-01-17,88.12016296386719,88.18196060937423,87.763092438056,88.03089271298215,52066600
2006-01-18,87.76998901367188,88.51158719424502,87.31679041659197,87.6051900000852,75067600
2006-01-19,88.1064682006836,88.42234044508085,87.76313381568974,87.98287285139808,81530400
2006-01-20,86.49962615966797,88.10642783055074,86.49962615966797,88.08582861510834,114957800
2006-01-23,86.80864715576172,87.08331565619457,86.60951262391954,86.6644473717793,67017400
2006-01-24,86.89791107177734,87.30991117284454,86.80864080332135,86.9528405767516,53008800
2006-01-25,86.9734878540039,87.33055338702337,86.41041431072982,87.23442015740783,87747700
2006-01-26,87.45414733886719,87.66701301124488,87.04214706635291,87.37861334437167,71294000
2006-01-27,88.264404296875,88.34681167899954,87.51593780804043,87.66014286845747,65771200
2006-01-30,88.19576263427734,88.44982679583944,88.13396494271956,88.19576263427734,33709600
2006-01-31,87.55026245117188,88.26439331508078,87.54339429703815,88.11333583507177,72937000
2006-02-01,88.16139221191406,88.18885434916277,87.70132544943682,87.76999127029119,63561000
2006-02-02,87.13827514648438,87.9897430246165,87.06960931159536,87.9622808817548,83626900
2006-02-03,86.70567321777344,88.16141306296822,86.6164081534373,86.9185441232943,86040400
2006-02-06,86.93225860595703,87.06959549280576,86.63699084781544,86.8223943353446,45511900
2006-02-07,86.16321563720703,86.97348514650581,86.10828086803168,86.78121345439206,71208100
2006-02-08,86.94599151611328,87.96226348361047,86.24558651772386,86.4172536904259,59422200
2006-02-09,86.80176544189453,87.61889737415373,86.77429807391353,87.15196259620643,62023300
2006-02-10,86.959716796875,87.29618296609353,86.14257943276398,86.81551701006705,64508700
2006-02-13,86.80176544189453,87.06269757941678,86.48589332954552,86.93222889122328,52308700
2006-02-14,87.72188568115234,87.91415198963251,86.66441574564737,86.83608284091382,90964400
2006-02-15,88.03092956542969,88.11333693833298,87.37172820973693,87.67386412900446,85471300
2006-02-16,88.69013214111328,88.72446767178934,88.01718926860791,88.12705877567812,61017900
2006-02-17,88.44979095458984,88.6901291835748,88.29186009202597,88.61459520969946,40342600
2006-02-21,88.23007202148438,88.85493262488701,88.09272988842265,88.65580329632141,46456300
2006-02-22,88.76567840576172,89.02660542400872,88.33993662636041,88.42234400693756,42326700
2006-02-23,88.63519287109375,89.01972564851239,88.08585584146753,88.76566159437486,43423200
2006-02-24,88.86180877685547,88.90987014273217,88.41546778601578,88.6558060486013,36777400
2006-02-27,88.89615631103516,89.29441503428998,88.77255046630384,88.85494737763445,35858600
2006-02-28,88.05152893066406,89.20513785356285,87.98286834382328,88.71759844164649,74394800
2006-03-01,88.83430480957031,88.91671215843166,88.23690653840964,88.30557758283905,48641600
2006-03-02,88.82745361328125,88.86865205428117,88.31245214531874,88.5115814360623,60642300
2006-03-03,88.41548156738281,89.31502660504742,88.3399475711739,88.35368388259432,73402500
2006-03-06,88.01031494140625,88.70384646910864,87.7905811946248,88.6763843347685,57478400
2006-03-07,87.87298583984375,87.93478350218386,87.4815849284253,87.79745187107301,61780800
2006-03-08,88.05838012695312,88.19571174375096,87.3305078891015,87.68757323609512,66692400
2006-03-09,87.46784973144531,88.36051582272039,87.46784973144531,88.08585255701482,56313600
2006-03-10,88.29866790771484,88.47033497051594,87.50900360992023,87.69440173264569,60490800
2006-03-13,88.46355438232422,88.69015637341987,88.25755161971583,88.47041729924139,45479100
2006-03-14,89.39053344726562,89.42486898054341,88.31246895093197,88.38114001748755,69877300
2006-03-15,89.78880310058594,89.85747416753793,89.16394249335126,89.36993473873976,53398900
2006-03-16,89.97421264648438,90.27634859700622,89.84374389714681,89.96047633662398,65526400
2006-03-17,90.04933166503906,90.24236262419726,89.88388256827393,90.09069393923035,47286800
2006-03-20,89.9045639038086,90.24236282338188,89.76668614973389,90.0631227950246,45538500
2006-03-21,89.33922576904297,90.30439080906335,89.24271031698046,89.87695621901912,87102700
2006-03-22,89.88386535644531,89.97348009356669,89.24271867105841,89.28408093732925,51605700
2006-03-23,89.69773864746094,89.89076959980251,89.38751108258326,89.80114432928751,46704200
2006-03-24,89.7667007446289,90.01488495007423,89.44268218420305,89.61503203466786,43209200
2006-03-27,89.63569641113281,89.81493643510998,89.44266545626567,89.64258661687875,32523000
2006-03-28,89.08417510986328,89.98728647653121,88.96697849550314,89.57364270399107,82079900
2006-03-29,89.64259338378906,89.96661190807504,89.13243409633056,89.21516916851773,61505700
2006-03-30,89.48403930664062,90.29752550462672,89.31168946611143,89.69775142579293,70571700
2006-03-31,89.50471496582031,89.78737121163779,89.18758665012774,89.6357025197064,62925600
2006-04-03,89.43575286865234,90.22166751476968,89.27030379750977,89.67015658509882,61624700
2006-04-04,90.00796508789062,90.12516169896263,89.18068808541915,89.43576244367009,54809300
2006-04-05,90.31819915771484,90.50433991548954,89.88388474877199,90.0424436434845,50607200
2006-04-06,90.22167205810547,90.45607578635592,89.752885640399,90.20789164774743,57906200
2006-04-07,89.30479431152344,90.58707762583434,89.17381726084552,90.35268435274743,80180900
2006-04-10,89.44268035888672,89.67707362607943,89.11176107877952,89.44268035888672,41496500
2006-04-11,88.68431854248047,89.6632642090071,88.41545325744426,89.51849625827866,72799400
2006-04-12,88.84976196289062,89.02211174291213,88.66362125503659,88.77392763890533,43033700
2006-04-13,88.73257446289062,89.10484539733133,88.45680847497452,88.64983940681738,51051800
2006-04-17,88.69813537597656,89.14624080876779,88.25692015067109,88.81533201963887,64167700
2006-04-18,90.10443878173828,90.2698983132687,88.88419972025973,88.88419972025973,92531800
2006-04-19,90.2768325805664,90.3595676464118,89.78736498822232,90.13895483002152,87269000
2006-04-20,90.40091705322266,90.90417550481381,90.03553633255278,90.31129179439536,86005500
2006-04-21,90.41468048095703,90.85589544867365,90.04929982891333,90.78696185585846,72342600
2006-04-24,90.24925994873047,90.35956635534956,89.88387918127796,90.2354690180536,52546400
2006-04-25,89.87698364257812,90.39403311911866,89.5667560605335,90.33887991262651,84359800
2006-04-26,89.8976821899414,90.40784155924385,89.82874855802523,89.96662634125815,67262400
2006-04-27,90.33201599121094,90.74565990056402,89.33927902428482,89.55299118700333,124478600
2006-04-28,90.63534545898438,90.82837646114481,90.11140567017758,90.16654836845142,55854400
2006-05-01,89.8976821899414,90.86284771137302,89.84253949216868,90.63534463530844,64990300
2006-05-02,90.57327270507812,90.6284259048933,90.13205762595389,90.31818784100822,49063500
2006-05-03,90.23550415039062,90.53195141867359,89.93216667378555,90.41474424138362,60821300
2006-05-04,90.55948638916016,90.7387264081436,90.29062110098609,90.36645543967097,42921400
2006-05-05,91.35919189453125,91.5522228436959,90.89729565764455,91.03517340427676,62588200
2006-05-08,91.24891662597656,91.53157294063087,91.24891662597656,91.35232234138601,30016700
2006-05-09,91.42815399169922,91.53157022344003,91.21444183992968,91.29027620211252,29864000
2006-05-10,91.37987518310547,91.51775293298554,90.92486914104302,91.28335970624963,64378200
2006-05-11,90.2768325805664,91.37987562372169,89.98039594286479,91.35229376197387,80626900
2006-05-12,89.09796905517578,90.11827707072321,89.06349698639815,89.8700929026821,91726500
2006-05-15,89.27720642089844,89.44266603445332,88.66364148480487,88.78772830542242,84029300
2006-05-16,89.14623260498047,89.62191986274051,88.93941068603266,89.45646022370231,62137600
2006-05-17,87.4502944946289,89.00144807896146,87.39514129186975,88.70500092905573,144789500
2006-05-18,87.00907897949219,88.07075445892806,86.9401401062195,87.79499370613841,87906300
2006-05-19,87.62266540527344,87.89153075883506,86.72644931330143,87.46410648378847,124309400
2006-05-22,86.95392608642578,87.67090194235072,86.51960644953327,87.05733702655225,110852800
2006-05-23,86.29212951660156,87.98805156432356,86.29212951660156,87.67782390987094,92006500
2006-05-24,86.98152923583984,87.4778976921869,86.00947872524397,86.64372497070941,168405000
2006-05-25,88.05697631835938,88.05697631835938,87.16075511007723,87.49855929979002,78977900
2006-05-26,88.50509643554688,88.50509643554688,87.90531707694879,88.25001150983861,62989700
2006-05-30,86.93324279785156,88.243102401057,86.8987759917954,88.22242126548356,72419900
2006-05-31,87.9052963256836,87.9052963256836,87.00217976769576,87.29173143849037,86926200
2006-06-01,88.74637603759766,88.891154530706,87.7398536103042,87.81568796014203,73721700
2006-06-02,88.93251037597656,89.2289470279185,88.46372389772459,89.10486020228659,91702600
2006-06-05,87.63642120361328,88.83597424316665,87.39512729511111,88.82908403869943,86105100
2006-06-06,87.42272186279297,87.81567924582161,86.69885576758185,87.69848262941112,130498600
2006-06-07,86.76780700683594,88.00183253700713,86.7195492602795,87.49167846488213,108599400
2006-06-08,86.6919937133789,87.20904337767342,85.39592444837311,86.57479705180045,204957200
2006-06-09,86.41619873046875,87.52613199248663,86.37483645675599,87.11249347626173,94972200
2006-06-12,85.47858428955078,86.81602009136343,85.36138771673346,86.78154803597141,95815900
2006-06-13,84.48590087890625,86.06462091944242,84.48590087890625,85.30628261069269,185688800
2006-06-14,85.14080047607422,85.23042047782076,84.3410948862186,84.68579448328772,163566400
2006-06-15,86.94705963134766,87.11251402492624,85.38901541768998,85.45105884289431,134057000
2006-06-16,86.31344604492188,86.94356953075689,86.18187953650659,86.75661132459285,94253500
2006-06-19,85.63483428955078,86.88816570890488,85.5517441130484,86.83276873593921,95804400
2006-06-20,85.92569732666016,86.4242597312919,85.6694954619649,85.87030561288314,65494700
2006-06-21,86.56275177001953,87.04053633616715,85.83568071991247,85.86337921813019,75008200
2006-06-22,86.18187713623047,86.59734391398236,85.8910509200988,86.52117438838407,74566100
2006-06-23,86.16805267333984,86.76355714487642,85.8841470444442,86.0918831281702,54107000
2006-06-26,86.54889678955078,86.59736783896422,86.03648779818745,86.2372979408855,37899600
2006-06-27,85.8010482788086,86.75662254614555,85.70410090857823,86.56273837157987,69780200
2006-06-28,86.38272094726562,86.39656755598617,85.62103067686547,85.99495250770528,62368100
2006-06-29,88.127685546875,88.18308254849616,86.6735485934869,86.69432114835763,110634800
2006-06-30,88.13456726074219,88.39770024490983,87.91298464841199,88.31460478418117,54227800
2006-07-03,88.49464416503906,88.64005197921033,88.15534165548507,88.23843711795783,23914000
2006-07-05,87.98918914794922,88.2523169537806,87.60834140521456,88.14152824504308,69653400
2006-07-06,88.24539184570312,88.52929218993562,87.99611065991712,88.0792008665471,50100300
2006-07-07,87.670654296875,88.32847637752364,87.44907162185093,88.07227454627726,81626500
2006-07-10,87.83685302734375,88.23847333639195,87.53218010578,87.89917597051601,60964100
2006-07-11,88.2246322631836,88.2246322631836,87.20673481874978,87.6706728171268,73640800
2006-07-12,87.28288269042969,88.21768440083176,87.0543740794799,88.0445727773148,82561300
2006-07-13,85.8633804321289,87.0266909589789,85.8633804321289,86.86742591271233,102405700
2006-07-14,85.53099822998047,86.0434124968695,85.0532136878111,85.95339106144267,103242500
2006-07-17,85.40634155273438,85.9326023274622,85.27478032126272,85.53098212351341,81159000
2006-07-18,85.84259033203125,85.89798731792635,84.74852363386591,85.66255276934581,122771000
2006-07-19,87.03360748291016,87.42830180020748,85.66948695102091,85.9880117261251,133565300
2006-07-20,86.4380874633789,87.4559845411854,86.32037284044878,87.33134397486324,112259800
2006-07-21,85.82875061035156,86.687388164596,85.73873445772269,86.65968966772216,101560000
2006-07-24,87.39366149902344,87.4698310273927,86.16803366762616,86.16803366762616,92884000
2006-07-25,87.70527648925781,88.14844182795316,87.05437508675946,87.23441265652556,95480700
2006-07-26,87.822998046875,88.25231153090664,87.37290672846778,87.65680706955825,84525800
2006-07-27,87.7398681640625,88.4184678480572,87.38671907938435,88.2038059072412,87257100
2006-07-28,88.61930084228516,88.73008952946142,87.84375890026222,87.96839947517756,82137000
2006-07-31,88.52926635742188,88.60543587990539,88.25228675593148,88.39770514099746,49593100
2006-08-01,88.09302520751953,88.20381387602929,87.66370657004656,88.17611538816526,65225600
2006-08-02,88.68855285644531,88.95168591900944,88.3215570407088,88.34232959134329,64770900
2006-08-03,88.9239730834961,89.01399450434,88.04456840420622,88.17612963914026,63693800
2006-08-04,88.77161407470703,89.62332007032198,88.27305717341699,89.38097020341604,96294200
2006-08-07,88.56388092041016,88.68852146304533,88.21765777786199,88.56388092041016,45377300
2006-08-08,88.2246322631836,88.95170337576455,87.90610214778421,88.69549092449843,90901300
2006-08-09,87.92686462402344,89.04862992898148,87.67065750046726,88.75779308204218,78910600
2006-08-10,88.19690704345703,88.28692318091775,87.44213765893468,87.64987370900984,69322300
2006-08-11,87.9476547241211,88.07921600154125,87.51833587861853,88.05844344631433,47482200
2006-08-14,88.01688385009766,88.74395486107277,87.88531731138168,88.3769537416518,57839000
2006-08-15,89.06940460205078,89.23558501466573,88.56391628757228,88.8062715275491,68143000
2006-08-16,89.81028747558594,89.94185396968977,89.35327035898078,89.54716505327082,71737600
2006-08-17,90.03882598876953,90.27425528502071,89.6649094927174,89.72722714774342,70992800
2006-08-18,90.49581909179688,90.49581909179688,89.73412384744753,90.1495959018005,58288400
2006-08-21,90.10807800292969,90.21194076491567,89.8795693606641,90.14269187966073,42133600
2006-08-22,90.10114288330078,90.37812784646084,89.79646470677272,90.01113201543275,60839900
2006-08-23,89.85185241699219,90.32272152277176,89.45716341337061,90.14267867384358,66592100
2006-08-24,89.77571105957031,90.08732052947876,89.60259938335372,90.01115096930754,57983000
2006-08-25,89.886474609375,90.19115274681718,89.70644233083854,89.76875997734409,41756000
2006-08-28,90.3157958984375,90.58586018858311,89.768767788355,89.77568844993738,52681500
2006-08-29,90.41964721679688,90.59275880729483,89.88646055961316,90.35732958003193,61817800
2006-08-30,90.47505187988281,90.73817433498577,90.39888235095708,90.620459711354,50052200
2006-08-31,90.46123504638672,90.7035956139443,90.4196899355821,90.60665350010086,37510300
2006-09-01,91.00132751464844,91.11212150233699,90.59970723369963,90.8074433191416,48794500
2006-09-05,91.17440795898438,91.29905379395514,90.84895733520123,91.0636140092087,52348300
2006-09-06,90.3711929321289,90.82128951669193,90.2465576282132,90.78666507697238,53795600
2006-09-07,89.95573425292969,90.41275151381048,89.56796587372024,90.05959700954082,86269400
2006-09-08,90.21189880371094,90.33654462601274,89.90030009679374,90.07341166351347,45096300
2006-09-11,90.30194854736328,90.49583271768279,89.65796782274185,89.92110086784469,68496600
2006-09-12,91.18827819824219,91.29214094337914,90.27424377745817,90.40581029856145,69875600
2006-09-13,91.5552749633789,91.71453469625466,91.07056453773866,91.15365473473561,62898400
2006-09-14,91.56218719482422,91.56911842119906,91.22981587154136,91.37523426879291,57805400
2006-09-15,91.77711486816406,92.07617128821423,91.5823673747524,92.02053066329148,76703100
2006-09-18,91.90228271484375,92.07615565857641,91.5614879246773,91.6588563486731,64154100
2006-09-19,91.67278289794922,91.89534539322442,91.1581256992621,91.88838368251965,92089100
2006-09-20,92.15961456298828,92.34044922283258,91.84664537557818,91.97879051550666,75204100
2006-09-21,91.71450805664062,92.3265442885588,91.40153884254195,92.22917585278668,88932500
2006-09-22,91.43630981445312,91.58235715275563,91.10942781224459,91.57540605505268,65966800
2006-09-25,92.1387710571289,92.39611029641287,91.14422265724704,91.61715209184024,92299100
2006-09-26,92.90380096435547,92.91771377257281,92.08311507734423,92.1526685060677,73962700
2006-09-27,93.01510620117188,93.17506639366607,92.68822410409722,92.84123319687114,82432200
2006-09-28,92.98033905029297,93.18898879940782,92.6951847469149,93.01511577720663,58597500
2006-09-29,92.90380096435547,93.15417845045138,92.834247535632,93.05681001765649,47966600
2006-10-02,92.5560531616211,93.07767202934053,92.46563582859356,92.87597345756572,51687400
2006-10-03,92.75079345703125,93.10549047976124,92.2569895745357,92.42391143883633,73108100
2006-10-04,93.83577728271484,93.89141791496313,92.55607457810083,92.66039413083793,80890500
2006-10-05,94.0165786743164,94.17654943303616,93.71752228711178,93.83575462245057,60505900
2006-10-06,93.89834594726562,93.96094827589447,93.47409551641375,93.85661813642166,64983600
2006-10-09,93.95397186279297,94.10002979025285,93.64100271807747,93.78706064553735,41176800
2006-10-10,94.07917785644531,94.20436128531232,93.78011086688095,93.96094552506116,56403700
2006-10-11,93.96791076660156,94.19046265554007,93.40456402717987,93.78012498267294,104071800
2006-10-12,94.78164672851562,94.85815127124862,94.16961038665168,94.20438710832404,59158600
2006-10-13,95.02506256103516,95.08070318702715,94.61471427088973,94.69818051605986,53944000
2006-10-16,95.17108917236328,95.31714711029905,94.87898390885374,94.94853732927305,42273000
2006-10-17,94.87200164794922,95.07368952113508,94.35733409804683,94.91372944154915,90500600
2006-10-18,94.99724578857422,95.53972867706008,94.65646151463825,95.31021505310602,86848600
2006-10-19,95.15025329589844,95.1989428270062,94.74686668584239,94.85814794634719,64063200
2006-10-20,95.17108917236328,95.24759368987974,94.81639219789355,95.17108917236328,48094500
2006-10-23,95.60926055908203,95.83877413128043,94.85812812616807,94.97636046111337,66219900
2006-10-24,95.8944091796875,95.9291752784921,95.43538206195421,95.47710987040955,53234900
2006-10-25,96.22128295898438,96.26301076388218,95.63706185333102,95.79703258858777,78105400
2006-10-26,96.52037048339844,96.67337955902781,95.96397480950661,96.43691484664234,66843700
2006-10-27,95.91527557373047,96.499486131995,95.72053872097563,96.40211770561757,80238000
2006-10-30,95.84571838378906,96.11695974749492,95.56056421332947,95.74139886404147,49717800
2006-10-31,95.83179473876953,96.15867668015885,95.45623389779081,96.02654217420994,71274100
2006-11-01,95.1850357055664,96.19349698479978,95.08766724989627,96.13090525166164,83005600
2006-11-02,95.12934875488281,95.28930886580882,94.83724353009421,94.94156303453279,60693100
2006-11-03,94.96247100830078,95.55364344078235,94.32261965527576,95.47018779849903,71346400
2006-11-06,96.03352355957031,96.17261981816074,95.24761431060622,95.25457602157253,63303300
2006-11-07,96.40210723876953,96.65943577789275,95.97785686725315,96.11695308806675,63318900
2006-11-08,96.61074829101562,96.7081166981688,95.18498827656096,95.97784833833977,87517800
2006-11-09,96.10301971435547,96.77069628867086,95.90828292442163,96.68027898893047,95916300
2006-11-10,96.1447982788086,96.21434109719657,95.78313954115507,96.07524484805707,48991500
2006-11-13,96.38124084472656,96.70116108309146,96.0265438989669,96.10303779792976,59398200
2006-11-14,97.10456848144531,97.18803471966369,96.06133070880456,96.65250302491302,96704000
2006-11-15,97.38277435302734,97.6818307624071,97.0419795171717,97.0698051348223,76509600
2006-11-16,97.63316345214844,97.84180254750264,97.01417604041274,97.67489127121928,76728800
2006-11-17,97.66098022460938,97.66793132379173,97.1810890718974,97.32018534210076,56353800
2006-11-20,97.71661376953125,97.88353564909053,97.32713999625733,97.57751750941405,69174200
2006-11-21,97.81394958496094,97.8348134864007,97.57052325168247,97.70963007776209,51367900
2006-11-22,98.00875091552734,98.17567284927357,97.71664549074733,97.89051852542838,45505300
2006-11-24,97.6122817993164,97.95306600135947,97.50795165823875,97.53577727413801,30998000
2006-11-27,96.27001190185547,97.61231712718124,96.24219688825244,97.56362758791734,84545100
2006-11-28,96.68728637695312,96.78465481792229,96.05438620447144,96.14480354693,106652900
2006-11-29,97.69574737548828,97.73747519122533,96.72901406557811,97.00025548023308,90034900
2006-11-30,97.73748016357422,98.09913893896811,97.20194840552082,97.67488843678431,83994300
2006-12-01,97.5218734741211,97.82789160310102,96.6525086133208,97.73747426162132,126080000
2006-12-04,98.26605224609375,98.4468869437192,97.52883248232348,97.54274529268656,87813200
2006-12-05,98.69033813476562,98.73207658081694,98.24522355486984,98.45387333565164,73374400
2006-12-06,98.60684967041016,98.8085482826154,98.41211276974897,98.66944140011586,53253200
2006-12-07,98.17562103271484,98.9684812278984,98.14084432166003,98.78069547809217,62857400
2006-12-08,98.35645294189453,98.69028604753215,97.91133859692334,98.15476498142014,79625500
2006-12-11,98.6416244506836,98.82244853706484,98.30082957504764,98.35647020447995,39779400
2006-12-12,98.56513214111328,98.66945170151406,97.98787247804096,98.54426822903312,77451600
2006-12-13,98.66942596435547,98.99630798483497,98.45382518752079,98.91980345637458,55520200
2006-12-14,99.53876495361328,99.62223117087066,98.64853646018007,98.66244926511642,64755200
2006-12-15,99.54786682128906,99.93252069199536,99.47793654483634,99.75767899362799,70857400
2006-12-18,99.27510833740234,99.92552496610277,99.13523712126465,99.68773216002997,48954600
2006-12-19,99.46395874023438,99.70174091878538,98.74361170601172,98.99538421021033,65023600
2006-12-20,99.40800476074219,99.7716785148886,99.31708365433273,99.50591569399414,41469600
2006-12-21,99.04431915283203,99.6108045325271,98.83451765775244,99.49891395898135,48698400
2006-12-22,98.43586730957031,99.06529309837144,98.3799166905563,99.05830327280322,62069100
2006-12-26,99.01634979248047,99.03732994211877,98.45685423531536,98.47783438495367,32696900
2006-12-27,99.6667709350586,99.72972206503947,99.19120657559638,99.21917655553872,39727100
2006-12-28,99.45697784423828,99.79966081718953,99.30311626277305,99.59684909879957,37288800
2006-12-29,99.04431915283203,99.68773530455297,98.91143775828823,99.35204224093555,45461200
2007-01-03,98.86949920654297,99.91155977110627,98.31001420127998,99.48494551812317,94807600
2007-01-04,99.079345703125,99.34510864263007,98.33801821029103,98.77162244085518,69620600
2007-01-05,98.28905487060547,98.89051104833206,98.177164236595,98.84156089685796,76645300
2007-01-08,98.74361419677734,98.89747576830713,98.08620760414861,98.4848518589736,71655000
2007-01-09,98.6596908569336,99.03035444951288,98.19110565654904,98.827532078333,75680100
2007-01-10,98.98836517333984,99.00935599362603,98.12115723244676,98.31697906887356,72428000
2007-01-11,99.4220199584961,99.74372281759432,98.96043515562225,99.0163857988337,54476800
2007-01-12,100.17729949951172,100.17729949951172,99.3870116382981,99.41498161350931,55370600
2007-01-16,99.98153686523438,100.31723012400816,99.82067473016885,100.05846768198423,44871300
2007-01-17,100.0234603881836,100.33118354196606,99.82063800433045,99.90456929176625,50241400
2007-01-18,99.68775177001953,100.19129678436146,99.52690037339391,100.12835632544167,68177300
2007-01-19,99.88360595703125,100.07942787486836,99.63183339531294,99.68777336769998,56973000
2007-01-22,99.57587432861328,100.07941940945656,99.26115064946629,100.05843925371254,60253600
2007-01-23,99.86956024169922,100.06538205093585,99.3520250764377,99.49189627282269,54064400
2007-01-24,100.67385864257812,100.69483879492554,99.94652179438764,99.98848209908246,55834700
2007-01-25,99.491943359375,100.6528951146417,99.31710161327435,100.61093480301646,73583800
2007-01-26,99.40104675292969,99.7647099519961,99.0163927236337,99.70876997636648,67255600
2007-01-29,99.34503173828125,99.8695567097912,99.12822979082854,99.44294263943694,66114600
2007-01-30,99.86261749267578,99.91157830904149,99.35208252847532,99.55490495128409,70407600
2007-01-31,100.5339584350586,100.79972118353714,99.58980916550787,99.75067118247566,91868600
2007-02-01,101.13545227050781,101.17042275133961,100.64589755333992,100.81373878694464,69312400
2007-02-02,101.2752914428711,101.37320235529089,100.97456888025641,101.21934082556135,49607000
2007-02-05,101.30328369140625,101.36622414128105,100.94659979913514,101.19837227012462,45705300
2007-02-06,101.33123016357422,101.42914106449896,100.93958655987525,101.3871807743152,57081300
2007-02-07,101.55506896972656,101.65996973274714,101.10747459501931,101.49211784042255,55669700
2007-02-08,101.42216491699219,101.4920951862328,100.89763987598592,101.25431306213405,70641000
2007-02-09,100.66685485839844,101.63897424451532,100.28220099954139,101.45014222807822,79084400
2007-02-12,100.32417297363281,100.73679685593032,100.14234143350797,100.66686657349366,65657000
2007-02-13,101.17037963867188,101.3382208007529,100.5409432664043,100.54794376248296,64081800
2007-02-14,101.8348159790039,102.03762768702323,101.25434016433873,101.26833049052728,66039400
2007-02-15,101.96772003173828,102.07262082270574,101.7089469615277,101.87679889857014,38715200
2007-02-16,101.91870880126953,101.93968894908528,101.5690254423548,101.71589714855425,39841800
2007-02-20,102.13550567626953,102.24740690669194,101.40816902150138,101.79981265649106,56911800
2007-02-21,102.09357452392578,102.15652565368732,101.65298064454534,101.8348121922665,63971600
2007-02-22,102.01661682128906,102.40127063948272,101.52706226699209,102.14250837610194,79067400
2007-02-23,101.61804962158203,101.96073269732204,101.4292175019626,101.92577287681493,71966200
2007-02-26,101.52708435058594,102.07258963995619,101.23335155411668,101.9886690328196,69192800
2007-02-27,97.56167602539062,100.8486981012668,97.21199259877632,100.62490625740912,274466500
2007-02-28,98.5617904663086,99.29612798248533,97.77151297861778,98.1841369653716,177536300
2007-03-01,98.26805877685547,98.78559422728853,96.5476218375001,97.44980062206537,212828600
2007-03-02,96.98120880126953,98.3729528035525,96.97421897385827,97.94633855863606,162574000
2007-03-05,96.05806732177734,97.6176528347316,96.04407699294308,96.46369081452353,143750400
2007-03-06,97.70156860351562,97.99530146545523,96.31682491965931,97.0581522385774,143333300
2007-03-07,97.60365295410156,98.23308963211485,97.49175167736679,97.6246331095527,115144900
2007-03-08,98.42889404296875,98.72262683859071,97.96031953532241,98.28901213615629,117891600
2007-03-09,98.45690155029297,98.90449607682545,97.96734670431918,98.82756526735133,107765100
2007-03-12,98.60375213623047,98.84852417083431,98.02327627529506,98.2051078442716,80366900
2007-03-13,96.68746948242188,98.44987697746085,96.54059774471382,98.03724241508658,190605200
2007-03-14,97.40779113769531,97.46374175313404,95.6383942764641,96.81332518621137,231853800
2007-03-15,97.54069519042969,97.9043689395793,97.07212068262693,97.19101176626424,132435900
2007-03-16,97.26753997802734,98.03989895148149,96.9796597503021,97.81520880872549,121531600
2007-03-19,98.44015502929688,98.53143677749372,97.70290491912439,97.78014084902476,96161200
2007-03-20,98.98080444335938,99.03697700153603,98.27164598479142,98.35589946514644,82147400
2007-03-21,100.60971069335938,100.8624817098572,98.87543346055499,99.07203194962952,152368700
2007-03-22,100.53252410888672,100.883594542088,100.25868959954249,100.74316851157137,118942200
2007-03-23,100.67998504638672,100.97488294407077,100.51146737035866,100.6027491174347,74416800
2007-03-26,100.54656982421875,100.86253107101594,99.76719303474873,100.75721422669,113787500
2007-03-27,100.30783081054688,100.51847518426803,99.97782379160793,100.49038355373567,99864600
2007-03-28,99.57766723632812,100.03405471755138,99.1844591761287,99.80234684261792,152907900
2007-03-29,99.68292999267578,100.1322996750392,99.1352610271022,100.08314467652495,139432700
2007-03-30,99.70399475097656,100.29379045846872,98.69291027309373,99.87251240189653,128194100
2007-04-02,99.81634521484375,100.02698961135727,99.33888386849185,99.81634521484375,79416400
2007-04-03,100.89059448242188,101.0942105624326,100.34292561749221,100.38505234343813,82417800
2007-04-04,101.00297546386719,101.07318312746132,100.51849651564099,100.89063034553239,63995200
2007-04-05,101.27680969238281,101.41723573297348,100.83445748639306,100.87658422718825,46822800
2007-04-09,101.41722869873047,101.66999983978967,101.21360184725033,101.56467228128702,50967400
2007-04-10,101.53656768798828,101.70508531401197,101.29784241981737,101.33996914786907,56620000
2007-04-11,101.12232971191406,101.71212546331732,100.78529438498138,101.68404454298256,106365700
2007-04-12,101.57168579101562,101.75423853321944,100.64485483717054,100.9257175718893,115534400
2007-04-13,102.03511810302734,102.03511810302734,101.36105814230497,101.74020950446032,84287000
2007-04-16,103.00403594970703,103.11638103018998,102.38615943468393,102.3931769845329,83064600
2007-04-17,103.2778549194336,103.49551678413496,102.96891135128391,103.19360147859821,108424100
2007-04-18,103.40428161621094,103.7061970263384,102.91278518471353,102.93384855221922,88345300
2007-04-19,103.3761978149414,103.49556047778894,102.76533868336307,102.89874716355132,102947700
2007-04-20,104.35215759277344,104.35215759277342,103.24277389281379,104.07130557088249,124114100
2007-04-23,103.95897674560547,104.42940984849284,103.8957866378638,104.17663870370654,77270800
2007-04-24,104.00109100341797,104.19768956867892,103.43938693913994,104.07832691932893,114471000
2007-04-25,104.95600891113281,105.08239983249244,103.93088929279497,104.42940328540863,108418800
2007-04-26,105.07538604736328,105.18071361531426,104.68921710633744,104.9630516408974,88741600
2007-04-27,104.99109649658203,105.13855075553046,104.50661770637295,104.68215287883615,108191100
2007-04-30,104.12042999267578,105.13854248391722,104.06426817006468,105.0683241349296,100874100
2007-05-01,104.3872299194336,104.94894447871671,103.68508939878322,104.21169478927101,134342700
2007-05-02,104.9981460571289,105.28602639905019,104.4434594571181,104.54877630717714,87129800
2007-05-03,105.56684112548828,105.60193958364806,105.13150667786739,105.30002427505758,86569700
2007-05-04,105.96711730957031,106.1075433653155,105.47562075755151,105.84775462649584,96409000
2007-05-07,105.98814392089844,106.16367910815192,105.88984464458918,105.9389996396526,63461400
2007-05-08,105.84770965576172,105.96707228812348,105.41238585375805,105.72834702339996,80584000
2007-05-09,106.13566589355469,107.30122285171373,105.58096834826812,105.77054947129987,102070100
2007-05-10,105.02620697021484,106.03729129029371,104.80854506788447,105.83366448798562,153617800
2007-05-11,105.92494201660156,105.97408629236894,105.124502080509,105.14556544352594,113408900
2007-05-14,105.69327545166016,106.23392697845311,105.17368729608323,105.92498324885713,108027500
2007-05-15,105.72135925292969,106.48669025390639,105.45454228554269,105.81263028349386,180673300
2007-05-16,106.44454956054688,106.46561292744042,105.58793692748148,105.88283477780948,114166500
2007-05-17,106.23390197753906,106.69731746287357,106.10049351535324,106.29007452550246,101132800
2007-05-18,107.16072845458984,107.16072845458984,106.59199610494787,106.73242212609844,99182000
2007-05-21,107.1045150756836,107.5889937707182,107.07643416768524,107.13260669749651,174664600
2007-05-22,107.02037048339844,107.53995887724153,106.99228954684025,107.21696918078221,82148800
2007-05-23,107.03435516357422,107.778622766185,106.9781826087218,107.39244314771166,133786600
2007-05-24,106.06537628173828,107.57498526988093,105.84069682075916,107.09752400534732,187593000
2007-05-25,106.50775146484375,106.73945924016991,106.14965276033082,106.37434298385419,83309200
2007-05-29,106.89389038085938,107.07644308258398,106.33919329892441,106.683246054983,82020000
2007-05-30,107.7645492553711,107.80667598222972,106.26196861911913,106.34623278665299,129013600
2007-05-31,107.65223693847656,108.05245163942509,107.51180020176038,107.89797980009232,114866700
2007-06-01,108.18582916259766,108.41050859219632,107.78560386232166,108.04540317987151,107771700
2007-06-04,108.19991302490234,108.40352916438711,107.76457839739989,107.80670513565056,78008800
2007-06-05,107.77156829833984,108.05943781184983,107.32921627653775,107.94710345444344,126917900
2007-06-06,106.6130599975586,107.39243673967464,106.54986989480238,107.32924663691843,164096800
2007-06-07,104.68921661376953,107.07649148260774,104.66112497691996,106.41647729630698,232414600
2007-06-08,106.0513687133789,106.15669628848113,104.68219594761858,105.02624888417213,175886000
2007-06-11,106.23390197753906,106.69028919824189,105.81261322472258,105.97410260398108,102015600
2007-06-12,105.07538604736328,106.40243197851086,105.00517838254966,105.79157279691256,233898000
2007-06-13,106.64816284179688,106.77455375361473,105.12451863205273,105.67218758435456,193208200
2007-06-14,107.32926940917969,107.51182220492532,106.74649111675733,106.76755448881178,146396500
2007-06-15,107.93991088867188,108.3559568094228,107.84117718544913,107.98926698028943,154030800
2007-06-18,107.81298065185547,108.16556414679386,107.65079525698225,108.15851635049304,88537500
2007-06-19,108.08096313476562,108.15853194523604,107.43925849905553,107.57324196804949,110851700
2007-06-20,106.57894134521484,108.29955056934475,106.45201644835016,108.29955056934475,177119700
2007-06-21,107.17127990722656,107.26295506235805,105.95134398429906,106.53663389784097,205262000
2007-06-22,106.16291809082031,107.02322288682673,105.6693032308159,106.84693109682537,204964700
2007-06-25,105.65522003173828,106.65655632721369,105.08403622854449,105.94434121310775,232014400
2007-06-26,104.56919860839844,106.09942030494813,104.56215081274372,105.92312857363989,198445700
2007-06-27,106.05714416503906,106.17703205963318,104.40705547471545,104.45642234425392,213638000
2007-06-28,106.04302215576172,106.76934334093858,105.54234882656459,106.04302215576172,157705000
2007-06-29,106.07828521728516,106.93858996870603,105.17567216005611,106.40971462611105,199701800
2007-07-02,107.03727722167969,107.12895236034012,106.31801474293604,106.38852497575786,103357000
2007-07-03,107.42516326904297,107.53799259777435,107.17836121743973,107.3123339403116,54048400
2007-07-05,107.31233215332031,107.58029911459582,106.92449882725965,107.46746978774331,89279000
2007-07-06,107.8764419555664,108.0104254038225,107.13601447204198,107.45334822211976,81109000
2007-07-09,107.96109771728516,108.14443730735346,107.62260972947082,108.00340602576269,72348100
2007-07-10,106.42381286621094,107.61554693558405,106.31804210975588,107.38988830848581,180362600
2007-07-11,107.1783447265625,107.22065302832779,106.1417482933314,106.30393370343015,175607600
2007-07-12,108.8707504272461,109.12461101898252,107.42515568985807,107.44630984250308,133882500
2007-07-13,109.19512176513672,109.62527409512514,108.8707401884261,108.99767585235469,111794300
2007-07-16,109.18101501464844,109.67462979480993,109.00472325316254,109.29384432439826,98378700
2007-07-17,109.12460327148438,109.63937221595985,109.0752364121534,109.2515281783432,126201300
2007-07-18,108.92715454101562,109.15986095757577,108.1021103877543,108.7579105762459,237887400
2007-07-19,109.35025787353516,109.6746286857919,109.12459925631734,109.44192227178418,145212700
2007-07-20,108.24317932128906,109.2938824599618,107.77071852685205,109.22336142676268,245502500
2007-07-23,108.5745620727539,109.1034373140929,108.10210148169038,108.722641114732,121183900
2007-07-24,106.69182586669922,108.79322162898048,106.31102945903739,107.97522489252194,256732400
2007-07-25,106.91036224365234,107.46039160654743,105.95133475655433,107.19948327696724,265214500
2007-07-26,104.37881469726562,106.33917795268569,103.22938912837056,105.90902568383488,467592500
2007-07-27,102.32679748535156,104.97822188634898,102.28448918129247,104.51281978170299,422987600
2007-07-30,103.92752838134766,104.23074506295627,102.45372099679786,102.9050275005846,283017500
2007-07-31,102.75691223144531,105.3942400724197,102.27739318763543,104.59739810431951,316976700
2007-08-01,103.257568359375,103.6665663906137,101.50875772510611,102.37610986791005,467670000
2007-08-02,104.08259582519531,104.19541430507958,102.43249778202402,103.49024769585735,294758400
2007-08-03,101.40300750732422,104.06853766351452,100.97990304189986,103.85698543080234,359398200
2007-08-06,103.10248565673828,103.5396858122801,100.50746515288701,101.69215146725276,324980000
2007-08-07,104.20254516601562,105.06989768443727,102.41141471009254,102.91208808446362,232568700
2007-08-08,105.65522003173828,106.1911433172042,103.8993495448839,104.65388373626287,274930600
2007-08-09,102.52426147460938,105.03465505104833,102.45374044875523,103.96279786605267,357622100
2007-08-10,102.04474639892578,103.30699090493546,100.92352241560202,101.81908773863515,411018400
2007-08-13,102.41140747070312,103.58198735395314,102.2633284160723,103.3069726353578,181917200
2007-08-14,100.84593200683594,102.99669357730443,100.64143830472347,102.74283301882298,264134500
2007-08-15,99.4567642211914,101.86844520039725,99.1605953269021,100.64145055834481,323834000
2007-08-16,100.20425415039062,100.7965919611721,96.6078974592238,98.57530903074674,546743700
2007-08-17,102.04474639892578,102.82042383368128,99.70358621839756,102.60182373152294,388218100
2007-08-20,101.995361328125,102.58065126879606,101.04338150992608,102.36909900253016,187320400
2007-08-21,102.19984436035156,102.93322403878862,101.64276718537984,101.96714872776433,157066400
2007-08-22,103.41272735595703,103.51850885286005,102.4819125911732,102.9614209451541,173156700
2007-08-23,103.32106018066406,104.11789148385013,102.67935570075845,103.8992914601444,203915300
2007-08-24,104.59740447998047,104.59740447998047,103.15181022566277,103.29284144950026,128901900
2007-08-27,103.62429809570312,104.59743208903322,103.4691604805347,104.25895491048186,113024300
2007-08-28,101.34663391113281,103.1307061203117,101.16329430718483,103.067243652791,219790700
2007-08-29,103.33515167236328,103.47619365883001,101.51583055886246,101.80494080713639,207654200
2007-08-30,103.06012725830078,103.79350678252632,102.4677897071899,102.56651263237505,191817300
2007-08-31,104.0755844116211,104.71728889905751,103.53966141947271,104.11789270573894,185477500
2007-09-04,105.12632751464844,105.76097369093586,103.941641022915,103.97690153493042,120062000
2007-09-05,104.21664428710938,104.6185947116834,103.65956699480103,104.5057653896981,166261800
2007-09-06,104.4563980102539,104.79487517967483,103.74417240710326,104.32946234672406,127878400
2007-09-07,103.00375366210938,103.581985033899,102.43255932705564,103.29286396800669,235447600
2007-09-10,102.80623626708984,103.46204681551379,101.77669903277425,103.32101564423628,192305900
2007-09-11,104.00515747070312,104.15323661870963,103.0461292493202,103.12369810399095,162081900
2007-09-12,104.27301025390625,104.67496049077451,103.64541223843844,103.86401222270376,149554600
2007-09-13,105.00641632080078,105.38720175105811,104.50574303657956,104.75255578063118,154079000
2007-09-14,104.9993667602539,105.1333502179324,104.18138118073438,104.33651878857316,121911000
2007-09-17,104.43524169921875,104.82307495865943,104.10381233351873,104.5833207502792,109870800
2007-09-18,107.50978088378906,107.53798283341268,104.45640604722117,104.95002086560483,263759500
2007-09-19,108.14443969726562,108.87076103550648,107.68608533196706,108.17970020844182,193779900
2007-09-20,107.38280487060547,108.19374242759577,107.26292779974554,108.13027999478615,175186800
2007-09-21,107.67256164550781,108.48734606161995,107.50960692449226,108.19686437920988,141457500
2007-09-24,107.47423553466797,108.27485791568235,107.24042517177774,107.99144650110024,139450200
2007-09-25,107.26168060302734,107.45298195814273,106.609850560418,106.85074215661359,142289900
2007-09-26,107.8284912109375,108.2394296519582,107.26167919535585,107.87100022017414,135547000
2007-09-27,108.46614837646484,108.47324041872409,107.82849161345514,108.33862134827892,102713300
2007-09-28,108.1048355102539,108.53702855555369,107.67972369777978,108.29613690697151,133372100
2007-10-01,109.3234634399414,109.64229185177713,108.04813898155743,108.11899454465029,148162300
2007-10-02,109.17466735839844,109.57143255168798,108.97628476175367,109.54309681404189,112978800
2007-10-03,108.95504760742188,109.40141392647914,108.4094899742455,108.97630211680152,119055900
2007-10-04,109.12508392333984,109.2951199819068,108.82041796667178,109.18884744530244,76864400
2007-10-05,110.4216537475586,110.59878183453829,109.55726781821444,109.84066843296577,134579700
2007-10-08,109.83358001708984,110.16658166371279,109.65645194169635,110.09572610913949,71280400
2007-10-09,110.86797332763672,110.8821465971037,109.84063291753868,110.24449001457029,94054300
2007-10-10,110.68377685546875,110.8396504045019,110.10988370268221,110.55623903760606,101711100
2007-10-11,110.15242767333984,111.60488030803377,109.49350549578764,111.1868497605365,233529100
2007-10-12,110.76174926757812,110.77592254324273,110.01072782297987,110.14534691418932,124546700
2007-10-15,109.82647705078125,110.78297288718124,109.06837458524475,110.71920938103156,161151900
2007-10-16,108.95504760742188,109.47935073121862,108.735410469804,109.40141392647914,166525700
2007-10-17,109.2879867553711,109.88313429929299,108.02683613614015,109.80519753918158,216687300
2007-10-18,108.89129638671875,109.24555266447577,108.45910329541344,108.72124948141968,148367500
2007-10-19,106.04304504394531,110.86801255039212,106.03596381222512,108.4661560502694,297169900
2007-10-22,106.65943908691406,106.81531266101494,105.32744328692468,105.46914358764185,261989800
2007-10-23,107.52385711669922,107.6584762264849,106.45400709378877,107.3113120076094,180085100
2007-10-24,107.32543182373047,107.50965192645799,105.4549599297516,107.1341413015673,326694200
2007-10-25,107.58052825927734,107.8993567008905,106.19184990570471,107.44590916345261,237374500
2007-10-26,108.8416748046875,108.8416748046875,107.62303257400245,108.44490957814662,176484000
2007-10-29,109.2030029296875,109.42264001024847,108.79206450336326,109.06129182258013,106841000
2007-10-30,108.44490814208984,108.93378343654732,108.31028905393008,108.7212275505604,132981600
2007-10-31,109.57145690917969,110.01074202315152,108.28905097756405,109.0967548180373,220954400
2007-11-01,107.00666046142578,108.69292396172428,106.69491317790391,108.60789509555353,333040800
2007-11-02,107.12705993652344,107.69387195110568,105.71712734780809,107.3608702979526,331228200
2007-11-05,106.31222534179688,107.0986740763332,105.54703110189382,106.02173283376207,226841000
2007-11-06,107.74345397949219,107.77178971025042,106.20597301266683,106.88614947228275,177800500
2007-11-07,104.79608917236328,107.07750034608478,104.54102423334339,106.58862497870973,306639700
2007-11-08,104.26469421386719,105.14324272839526,102.78390579544195,104.85276084174367,374509900
2007-11-09,102.83348846435547,104.53391388606214,102.65636036580096,103.22317244338359,277745100
2007-11-12,101.81321716308594,103.87499058749617,101.81321716308594,102.8830776742266,243087800
2007-11-13,104.91651916503906,105.0794739925502,102.89017323623285,102.99644577351373,191117400
2007-11-14,104.62602996826172,105.85175345359275,103.99545433361887,105.72422640460606,230558800
2007-11-15,103.11683654785156,104.49844366132334,102.39416205798383,103.84661388814926,263111100
2007-11-16,103.29399871826172,103.77579268188484,102.42962369809882,103.66242812443949,308770600
2007-11-19,101.85570526123047,102.98932905312695,101.45185894767982,102.93264678242835,267746000
2007-11-20,102.47919464111328,103.10977000800436,100.68665980676994,102.03992057751462,414767500
2007-11-21,100.38200378417969,101.96199378164259,100.37492255411976,101.3739273555208,259012400
2007-11-23,102.11790466308594,102.26668622600316,101.10472622013341,101.36688318272458,77688400
2007-11-26,99.86479187011719,102.6492504223078,99.65932809012138,102.33041128525772,214232000
2007-11-27,101.01262664794922,101.4802366553259,99.86482911082638,100.42456000861196,293897900
2007-11-28,104.24344635009766,104.48433800259478,102.1249901082087,102.16041789499774,258596900
2007-11-29,104.27884674072266,104.66144947952449,103.51366288520084,103.88208153829181,199409900
2007-11-30,105.32742309570312,106.18471677787517,104.38510060056879,105.59665037214302,222908000
2007-12-03,104.63308715820312,105.17864463483082,104.35676780451574,104.99443533605232,146430400
2007-12-04,103.69784545898438,104.53388466112717,103.66241768696992,103.91040128003296,136533900
2007-12-05,105.43372344970703,105.71004283999233,104.73938435815127,104.81022910812348,171130000
2007-12-06,106.9428482055664,107.13414955350333,105.2636775154526,105.30618652365197,154457400
2007-12-07,106.92161560058594,107.33963534821606,106.6665506881089,107.28295305532761,148980100
2007-12-10,107.7505874633789,107.8710332968285,106.88620130705289,107.1837752739948,123914300
2007-12-11,104.79608917236328,108.32447848626919,104.7394068735763,107.79309409756468,250346400
2007-12-12,105.83052062988281,107.53095730874729,104.29304962839284,107.0279086200175,322435600
2007-12-13,105.61082458496094,105.84463490337673,104.36384703111467,105.08653248703277,237551300
2007-12-14,104.27176666259766,105.63920119079175,104.2221764172656,104.81023218456282,159152900
2007-12-17,102.78387451171875,104.05918787833109,102.63508218639336,103.87497859029655,177269400
2007-12-18,103.35778045654297,103.78288136091297,101.99743810268693,103.5136540314573,245569300
2007-12-19,103.35778045654297,104.07337400607514,102.69177714755261,103.40028946587596,198917200
2007-12-20,104.0096206665039,104.05212967999523,102.86182324703304,104.03795640515109,214813800
2007-12-21,105.50897216796875,105.71552649556558,104.76820237789536,104.96763789020275,146084400
2007-12-24,106.29242706298828,106.47049519624926,105.75822266320533,106.00040358443668,45601400
2007-12-26,106.52035522460938,106.61294325967413,105.77246692118047,105.87930344949207,67093100
2007-12-27,105.18130493164062,106.14999620731159,104.93201601568661,106.14287739317068,122981700
2007-12-28,104.91777038574219,105.85084587936677,104.63285478604307,105.80098157376236,116398100
2007-12-31,104.1413803100586,105.13855759007107,104.03453290036047,104.7753024812988,108126800
2008-01-02,103.22967529296875,104.69696615741739,102.48179766647759,104.36931593934744,204935600
2008-01-03,103.17982482910156,103.62856011265939,102.61713417235774,103.2154406381555,125133300
2008-01-04,100.65129089355469,102.16843578612152,100.36638605507005,102.0972041422889,232330900
2008-01-07,100.56576538085938,101.30652406775226,99.78939089196597,101.0073708940984,234991000
2008-01-08,98.9417724609375,101.78373269046256,98.60700352702914,101.19967491047093,326365700
2008-01-09,99.9817123413086,100.28086556188333,98.07994559510013,99.070004182866,301824900
2008-01-10,100.63700103759766,101.71253972802874,99.26943881166541,99.4902416010227,335701200
2008-01-11,99.82498931884766,101.0714662287005,99.00588026831083,100.27372448428785,267076600
2008-01-14,100.6298828125,101.04300226885874,100.0030793796221,100.54441356925975,170365500
2008-01-15,98.41472625732422,100.77947704487063,98.22240956835633,99.5686046542919,239940100
2008-01-16,97.56710052490234,99.09136349822263,97.06851186417471,97.8377675986192,378802600
2008-01-17,95.03854370117188,98.2081659961857,94.68240734159002,98.15830168900304,397892600
2008-01-18,94.0627212524414,96.1710530075462,93.37894561778207,95.97161754173575,348561500
2008-01-22,93.10831451416016,94.32629508889354,89.74638555102882,90.60823510937385,435923700
2008-01-23,95.3448257446289,95.57987704400028,90.34466825895369,90.52273643710603,511913000
2008-01-24,96.14971923828125,96.48448835875915,94.95309515758069,95.78645311650818,259949300
2008-01-25,94.76074981689453,97.41040497912411,94.44735897625493,97.23233681428836,269603900
2008-01-28,96.32778930664062,96.52722484585013,94.06275587073014,94.91748116283114,217934600
2008-01-29,96.80497741699219,97.18959986170476,96.0713374649453,96.9403109579671,168968300
2008-01-30,96.09271240234375,98.67825490843104,95.87190960466549,96.5699338063236,334939200
2008-01-31,97.84490203857422,98.67825983354324,94.8747260405812,95.01717841376558,343680800
2008-02-01,99.41900634765625,99.44037365522334,97.95172659649334,98.25087977084935,206843600
2008-02-04,98.16542053222656,99.21958099702753,98.03720580535703,99.15547906780175,124694300
2008-02-05,95.53714752197266,97.0471622754468,95.20949727457109,96.82635946169384,286882500
2008-02-06,94.76789093017578,96.33488879605805,94.31203680794785,95.85766736094597,250792900
2008-02-07,95.39466094970703,96.00721580020739,93.82766345515775,93.87752775235076,297368100
2008-02-08,94.78213500976562,95.60124428125923,94.09122960960046,94.79637263874497,221643500
2008-02-11,95.2664566040039,95.60834439576247,94.04846572251469,94.80348377908955,188576300
2008-02-12,96.14971923828125,97.08991378101167,95.4303166792697,96.0927361041125,256654400
2008-02-13,97.1325912475586,97.62406098064274,96.2564991707302,96.87617272892405,181967800
2008-02-14,96.27790069580078,97.58136105645865,96.007233588699,97.54574524735277,215207200
2008-02-15,96.25653839111328,96.31352151496303,95.38044595731505,95.8006842687349,154110300
2008-02-19,96.52720642089844,97.50301661351406,95.87903560797841,97.38193154985093,145190000
2008-02-20,96.81208038330078,97.26081555235886,95.2735691194584,95.43739962561955,220085700
2008-02-21,96.00720977783203,97.5884556678785,95.49438355388645,97.33916680280188,201051200
2008-02-22,96.59840393066406,96.76223444950914,94.63253552027682,96.13543110050867,205491000
2008-02-25,97.81639862060547,98.04432020372762,96.00010129541242,96.54142456519281,190107000
2008-02-26,98.5500259399414,98.9702641167779,97.22519862287113,97.40326675221705,212420700
2008-02-27,98.45030975341797,99.10559917539257,97.87337074431078,97.98020727621349,168395800
2008-02-28,97.48876190185547,98.26514741226617,97.26084028725727,97.75231019389648,170831100
2008-02-29,95.31633758544922,96.64115436896644,94.57556789381893,96.5841821173815,252715200
2008-03-03,95.08843994140625,95.309242819551,94.1909799265016,94.83202124165881,189483500
2008-03-04,94.72513580322266,95.0171593055772,93.3005906210196,94.18380167819846,282513100
2008-03-05,95.32344055175781,95.99297851496438,94.26215049641793,95.03140618594779,270681400
2008-03-06,93.35042572021484,94.88893682330705,92.98717068271326,94.71798752238067,247911700
2008-03-07,92.38887023925781,93.83478253668012,91.58399884087609,92.43160485007175,326434600
2008-03-10,91.1708984375,92.54557942366228,90.87886404502206,92.48147749411874,235683600
2008-03-11,94.44734191894531,94.53281114473678,91.84754066081965,93.10826608332533,341440600
2008-03-12,93.56414794921875,95.28072786815939,93.42169557431178,94.54708781238999,229161100
2008-03-13,93.77070617675781,94.47586013434825,91.59828291480119,92.31767450258296,351504200
2008-03-14,92.31766510009766,94.5969355668672,91.01420475462814,94.56844944096584,484687800
2008-03-17,91.38459777832031,92.06837354532125,89.79622712383583,90.15236350577129,405311100
2008-03-18,95.18097686767578,95.2237114783767,92.58117574307393,93.03702970457663,334416600
2008-03-19,92.82337188720703,95.90750272879063,92.62392555717248,95.54424760979198,345971600
2008-03-20,94.5427474975586,95.13686206788005,92.52418877028128,93.0896761820622,245320700
2008-03-24,96.43243408203125,97.21265230538991,95.37305470892844,95.42315495517737,208977300
2008-03-25,96.5254898071289,97.02654687227064,95.75242565424244,96.53264386440777,192947200
2008-03-26,95.34436798095703,96.69722685046922,95.27994873055633,96.24628117544479,196934300
2008-03-27,95.04376220703125,96.23199081657184,94.7431280267058,96.06019517543328,225153200
2008-03-28,94.13469696044922,95.45892911924817,93.81258968248333,95.19408705637757,180896100
2008-03-31,94.46397399902344,95.00797718663489,93.83406752330862,93.97722510718283,166692100
2008-04-01,97.78529357910156,97.94992427699238,95.5663124973731,95.63789676022566,254547300
2008-04-02,97.84970092773438,98.54402668826292,97.33432488028589,98.10023489493594,210910800
2008-04-03,98.09307098388672,98.37939708126557,97.14106811149553,97.32001782652337,175884800
2008-04-04,97.9857177734375,98.75162789217431,97.43454952402479,98.15034847362175,204446800
2008-04-07,98.03579711914062,99.18823349078792,97.87832052756981,98.68716565094172,154245500
2008-04-08,97.93560791015625,98.007181244753,97.31285545804228,97.48465112107787,148937300
2008-04-09,97.22692108154297,97.92124656827606,96.55406867813406,97.78524309241008,195610600
2008-04-10,97.36293029785156,97.82819502693266,96.56122842501053,96.93344676160743,192967800
2008-04-11,95.47325134277344,96.71873431547547,95.2083983488327,96.267788480149,222973300
2008-04-14,95.15116882324219,95.58780670976797,94.87917259320612,95.33728357888667,160522000
2008-04-15,95.3730239868164,95.6951312216506,94.72164453983116,95.61639292671587,172389200
2008-04-16,97.95707702636719,98.00002320982674,96.28926439460481,96.30357250760889,189268900
2008-04-17,98.10023498535156,98.24339257150282,97.10527501659834,97.36296304056008,179665700
2008-04-18,99.12378692626953,99.8968507238167,98.96631036071993,99.45305908756956,218530600
2008-04-21,99.17391967773438,99.48170789968059,98.67286273373924,98.94485883349533,118587400
2008-04-22,98.73731231689453,99.00215444241927,97.99287526676609,98.91626206056813,162166000
2008-04-23,98.5798568725586,99.3386022013796,98.15037302647262,98.84469905504912,193309000
2008-04-24,99.00931549072266,100.02574868375892,98.09308279105005,98.83751981161684,229381300
2008-04-25,99.92554473876953,100.13312164292753,98.71584268157801,99.78237620103192,190788100
2008-04-28,99.94700622558594,100.39079805879098,99.76805649642588,100.12595595474599,105610200
2008-04-29,99.55330657958984,100.01857146885966,99.21688024221982,99.7752024782331,125514100
2008-04-30,98.96635437011719,100.63416715802946,98.96635437011719,99.70362638113005,208395900
2008-05-01,101.01354217529297,101.01354217529297,98.97352176462104,99.05226008433137,187279500
2008-05-02,101.29268646240234,101.90827388070026,100.61267977203471,101.88680079001035,181585500
2008-05-05,100.80597686767578,101.36429922711835,100.5053425912241,100.96345352518279,118504500
2008-05-06,101.67920684814453,101.78657228354714,99.98992149040856,100.2261363705156,179339800
2008-05-07,99.8682861328125,101.67209186792027,99.58912494126771,101.56472637972101,199267300
2008-05-08,99.61058044433594,100.44090981383516,99.48173095902928,100.02574512908555,178321200
2008-05-09,99.42446899414062,99.77521440884782,99.10236165365143,99.20973804863122,152588200
2008-05-12,100.54112243652344,100.61269577613365,99.3027824245706,99.67500092610828,147865900
2008-05-13,100.555419921875,100.84890007326166,100.01857078153422,100.78448079775445,159132200
2008-05-14,100.76297760009766,101.78656441252086,100.54108176927699,100.97771937651846,181910800
2008-05-15,102.02279663085938,102.09438087591798,100.80594092041937,100.9562525439312,166927000
2008-05-16,102.11587524414062,102.26618689897474,101.36428420329624,102.25903284186703,204236800
2008-05-19,102.39507293701172,103.28982189500339,101.85822356221672,102.22327720507506,165664400
2008-05-20,101.56470489501953,101.88681221370636,100.92764431460355,101.83671197055367,178552100
2008-05-21,99.84679412841797,101.72933783914004,99.49604872967222,101.50744192406145,252724800
2008-05-22,99.86109924316406,100.3335291320458,99.49604574115051,99.80383402127921,170820400
2008-05-23,98.52254486083984,99.96846147254529,98.43665250128875,99.53182377445604,181376400
2008-05-27,99.25267028808594,99.49603927360859,98.44381409959901,98.63708284561926,168322900
2008-05-28,99.71078491210938,100.21184193735134,98.78024419538917,99.61772756377016,181288100
2008-05-29,100.21186065673828,100.8775484884324,99.55332688308968,99.58911901776945,173927200
2008-05-30,100.46238708496094,100.74154823880416,100.16890689388275,100.54827946392032,117362000
2008-06-02,99.42446899414062,100.11164078644602,98.78025431316222,100.09016769189508,181069900
2008-06-03,98.84465789794922,99.9398292350085,98.22907046673352,99.71077928876865,271965700
2008-06-04,98.79457092285156,99.61058126241291,98.39372527144947,98.56551002363618,246637700
2008-06-05,100.77015686035156,100.84889516732683,99.00929788213851,99.1954016430695,237867100
2008-06-06,97.55622863769531,100.06868980200807,97.50612839355232,99.88974007450885,384276300
2008-06-09,97.79246520996094,98.42237188513846,96.92635445381883,97.96426091834398,228263900
2008-06-10,97.30573272705078,98.1360623156961,96.88341387363256,97.11246390919439,260234900
2008-06-11,95.87410736083984,97.53475514569116,95.86694238154541,97.32717826841896,283890100
2008-06-12,96.2391586303711,97.25559174407785,95.57347090496305,96.34653501726626,252791800
2008-06-13,97.45603942871094,97.72089251285885,96.21771009053458,96.75455939533224,244726900
2008-06-16,97.51326751708984,98.01432449290893,96.9621103048003,97.0265295755007,185832500
2008-06-17,97.04086303710938,98.15034260486479,96.8976945179704,98.11456139730457,191707700
2008-06-18,96.09600830078125,97.00507601853495,95.70948167652364,96.4109615839227,265893000
2008-06-19,96.21771240234375,96.80467289902766,95.55917854997004,96.02444358974938,304204900
2008-06-20,94.65593719482422,95.74219607318409,94.39696018700133,95.56235123377536,289275700
2008-06-23,94.5624008178711,95.12351575828728,94.46888897903926,95.02280310172172,165096400
2008-06-24,94.37535095214844,95.27457487542624,93.6559718135262,94.27463831181551,267300600
2008-06-25,94.82134246826172,95.96515242252099,94.41130215385937,94.7566009939117,287853900
2008-06-26,92.2459945678711,94.54081604245576,92.13809207530835,93.92935028984053,297775000
2008-06-27,91.74244689941406,92.69922274454538,91.38995255747103,92.28198140763308,303423400
2008-06-30,92.06615447998047,92.73517737040771,91.57697639355597,92.00140749655701,258842600
2008-07-01,92.35392761230469,92.41866912156472,90.59144485169553,91.01587604821101,388622000
2008-07-02,90.77130126953125,92.91505449383156,90.60584157738727,92.64887662705877,288064600
2008-07-03,90.86478424072266,91.44028979131197,89.91520392414968,91.44028979131197,239352500
2008-07-07,89.93677520751953,91.60573454712524,89.14545927285276,91.21007932400542,372427300
2008-07-08,91.53380584716797,91.64171382246735,89.3468924689155,89.91520268295987,375973700
2008-07-09,89.7713623046875,91.89352948872043,89.4836094267433,91.72087995732576,336729400
2008-07-10,90.13822937011719,90.4907236938171,88.90089608382367,89.51236739713983,436475700
2008-07-11,89.08790588378906,90.56983057479833,88.11674518803441,89.18142868019511,481124600
2008-07-14,88.2822036743164,90.28207668610737,88.05200258278134,90.1094272395628,322720800
2008-07-15,87.03772735595703,88.8361761718244,86.33992833725165,87.62042850443062,502502500
2008-07-16,89.17426300048828,89.6130848402729,87.11683763349347,87.36861930670707,371642900
2008-07-17,90.06629180908203,90.82883764700216,89.26778029696504,90.02313080467425,375490600
2008-07-18,90.62741088867188,90.94393406341804,90.03032472438417,90.7640892299648,267030100
2008-07-21,90.67771911621094,91.21725333033731,90.05905277827195,91.00863277559735,222863000
2008-07-22,91.70645904541016,91.9366601603707,89.81448831491397,90.03030426137651,296904200
2008-07-23,92.20280456542969,92.90779290772595,91.75679310067014,92.00137932477361,311698400
2008-07-24,90.289306640625,92.37550791997926,90.03752495776462,92.32514609497814,248634500
2008-07-25,90.2677001953125,90.99426920155202,90.0446889216459,90.56264279949059,219131000
2008-07-28,88.94404602050781,90.6849424097894,88.78578171449533,90.28928713318605,205201300
2008-07-29,90.84318542480469,90.9151222320156,88.94402517461847,89.18861690524747,261505600
2008-07-30,92.46179962158203,92.5121614300737,90.8431965629623,91.44028256403124,354710000
2008-07-31,91.23888397216797,92.4906079886448,91.09500480959248,91.64892998075759,277402100
2008-08-01,90.75691223144531,91.56261368673754,90.25334333345815,91.44751583102273,248690900
2008-08-04,89.91522216796875,90.74250950663729,89.74976799329232,90.67057267032456,188239600
2008-08-05,92.33954620361328,92.48341989755981,89.90085031874104,90.65619544460478,251577600
2008-08-06,92.74954223632812,93.01571996799696,91.70645022352646,92.09491559673334,209555400
2008-08-07,91.36833953857422,92.39705185434462,91.03023048893665,92.05174747706478,246312500
2008-08-08,93.06610870361328,93.46895940801839,90.91516585198,91.05904502385984,260811700
2008-08-11,94.0300521850586,94.6055467153659,92.96536315491008,93.138018100115,249425800
2008-08-12,93.05171203613281,94.02286745482202,92.60568942892385,93.72072948166162,213200800
2008-08-13,92.49057006835938,93.26748978559273,91.84312233486064,92.64882336123786,256393200
2008-08-14,93.18838500976562,93.72072961668555,91.9007009572847,91.96544245658598,239555300
2008-08-15,93.64158630371094,93.87898274972596,93.01572993130641,93.46893134928497,181000800
2008-08-18,92.36109924316406,93.86459920499465,91.83595547683613,93.82862804799005,172275100
2008-08-19,91.35395050048828,91.8575191642514,91.02303677263497,91.66328373345962,194673700
2008-08-20,91.77841186523438,92.04457869205672,90.88637758687256,91.64172804275039,225498200
2008-08-21,91.9366683959961,92.39707066715972,91.07341002124329,91.18131800414089,180609800
2008-08-22,93.26750183105469,93.26750183105469,91.9366569978823,92.56251334192562,167715300
2008-08-25,91.37554931640625,93.26751475557259,91.18131933509783,92.65604898322606,171936900
2008-08-26,91.64173126220703,91.98703575119221,91.05903576849998,91.37555893760535,159117200
2008-08-27,92.53374481201172,92.67761844856085,91.57696921252041,91.75681400242054,171032800
2008-08-28,93.65599822998047,93.7639007404668,92.87906722390605,93.0013603947431,167537100
2008-08-29,92.64884185791016,93.62000816361801,92.44741656110274,93.32506005870164,189195800
2008-09-02,92.07332611083984,94.03004355797955,91.73521706803515,93.54086007987453,252364900
2008-09-03,91.99422454833984,92.44024169812619,91.31081639652669,91.99422454833984,251947000
2008-09-04,89.22460174560547,91.52661849021428,89.17424542088987,91.33957836051589,340042500
2008-09-05,89.50516510009766,89.8864352250128,87.76426862974674,88.69226852223002,289503400
2008-09-08,91.35395050048828,92.25317986517764,89.5051464304299,92.1092952634925,364075300
2008-09-09,88.64190673828125,91.62013621529978,88.33976878865393,91.43309608477573,377326800
2008-09-10,89.0016098022461,89.85047761417279,88.15993732023524,89.12390296867257,298916600
2008-09-11,90.289306640625,90.45476082289223,87.47653065779157,87.85061100526619,375369400
2008-09-12,90.70653533935547,90.7928628331282,89.08074203651705,89.41165586333625,297851200
2008-09-15,86.3902359008789,90.38998754088178,86.24636227222557,87.49808040447641,483607000
2008-09-16,87.83617401123047,87.99443826795327,84.16734224195854,84.31121584529227,581744300
2008-09-17,83.88681030273438,87.65635583471294,83.44798854458946,86.06652843570753,624095600
2008-09-18,86.3758544921875,87.61318751078868,81.86534962765428,84.92271102121495,776114700
2008-09-19,89.80615997314453,92.6135048516912,89.2345603354646,91.67289673496319,501087800
2008-09-22,87.77301025390625,90.26200024351675,87.08564652826637,90.04493510900116,249966500
2008-09-23,85.77603912353516,88.28672911412549,85.58067938973556,87.4401849881831,327470400
2008-09-24,86.05098724365234,86.82517819508399,85.22614849241474,86.35487404248805,311818400
2008-09-25,87.39675903320312,88.20712917491717,85.6964340989001,86.3910347117143,328253000
2008-09-26,87.44017791748047,87.91048201170564,85.74708980250442,85.97862336148052,285917400
2008-09-29,80.58818054199219,86.34757952881421,80.29153091799598,86.20287320299057,459562300
2008-09-30,83.92376708984375,84.50984078576825,79.97322221601569,82.12938319765465,328154400
2008-10-01,83.97441101074219,84.4302466998767,82.44773461737827,83.40281129529447,332783000
2008-10-02,80.92829132080078,83.28704327597703,80.35669163275708,83.1712737350183,365337800
2008-10-03,79.83573150634766,83.53303665647667,79.35819599962421,81.65906294706072,461798000
2008-10-06,75.76942443847656,77.86770025899965,72.81736765043838,77.52763416309688,610637500
2008-10-07,72.37602233886719,77.6578896826182,72.10107792181518,77.30334955513447,540012100
2008-10-08,70.55268096923828,73.93162552592294,70.04619754639914,70.55991242485096,725414800
2008-10-09,65.62535858154297,72.80291050603236,65.29976638658572,72.10830977531323,534485200
2008-10-10,64.03357696533203,67.96965397124595,60.47374553685235,62.7746132689569,871026300
2008-10-13,73.33108520507812,73.33108520507812,65.08269353444868,67.91898641585271,455584000
2008-10-14,72.24578857421875,76.3555142369145,70.26328172008985,75.75497204643933,546268300
2008-10-15,65.13335418701172,70.7625247256839,64.90905756921629,70.51651717567275,484627500
2008-10-16,67.84666442871094,68.57020785259489,62.615448565340984,66.05227982878975,708811200
2008-10-17,67.44148254394531,71.33414421561895,66.31275655800091,66.55875867485616,476649000
2008-10-20,71.49329376220703,71.70312192896526,68.07816936014844,68.98983523498175,321294200
2008-10-21,69.35885620117188,71.37030554756238,68.89578896402573,70.1619896481403,356502000
2008-10-22,65.58194732666016,69.3588432600945,63.33172780341014,67.43421592964569,516168000
2008-10-23,66.34165954589844,66.89154825226512,62.08722316595559,65.32869824018847,634666400
2008-10-24,62.97721481323242,65.06101770595122,60.77764233304148,60.82105316824465,545812600
2008-10-27,60.74144744873047,64.76435126311745,60.56056165463634,62.203007756321,397288600
2008-10-28,67.83943176269531,68.18672950867295,61.16112365011276,63.1942788686097,639939500
2008-10-29,67.34740447998047,70.30669361052342,66.63832969299303,67.84664554980753,531270100
2008-10-30,69.67720031738281,69.85084910969516,67.21715275880958,69.30095482714454,414582100
2008-10-31,70.06069946289062,71.31966326640604,68.36037380224558,68.79449868067876,411394000
2008-11-03,70.26329040527344,70.68294684472198,69.42397752637635,70.02451979108403,205419400
2008-11-04,72.6509780883789,72.97657033252018,69.97386483578549,71.67419031556157,346793400
2008-11-05,69.59762573242188,72.86803873472495,68.73660751394215,71.77548690121665,387844100
2008-11-06,65.74113464355469,69.0549637765119,65.16229788384116,68.34588902187265,477721900
2008-11-07,67.91175842285156,68.01305401913673,65.48065307161568,66.31272877269751,380391000
2008-11-10,67.02183532714844,69.12011267227449,65.78457655086285,68.88857896303155,301773000
2008-11-11,64.95247650146484,66.66727602761216,64.14211157720041,65.6687883087019,418498200
2008-11-12,62.094486236572266,64.35917479476382,61.58800813096947,63.83822825194266,454330600
2008-11-13,65.9654312133789,66.37061915293465,59.39565773270097,62.31877287855586,753141900
2008-11-14,62.67329788208008,66.60936812589722,62.600939164498435,64.69198355427629,540352300
2008-11-17,61.84126281738281,64.07700954614216,61.616966102512755,62.49968452111695,415254900
2008-11-18,63.006141662597656,63.10743726654103,59.9889679161492,61.609703099439564,523811800
2008-11-19,58.968780517578125,62.854210129136256,58.54912406757497,62.15960920509522,558327600
2008-11-20,54.591331481933594,59.6995501574894,54.301918622066836,57.97751383222133,814180400
2008-11-21,57.53614044189453,58.534633375746076,53.78818725239151,56.04564353740876,718536500
2008-11-24,61.522884368896484,62.94102853881636,58.14393856770078,59.272664320858055,523305300
2008-11-25,61.97868347167969,63.31723664642535,60.64736175092839,63.165293309635246,454112400
2008-11-26,64.37364959716797,64.5328300096461,60.95128728948017,60.994703642099836,370134200
2008-11-28,65.18402862548828,65.21297102674004,64.0191287162472,64.12765582069302,118308100
2008-12-01,59.410125732421875,63.34620205231271,59.229239953312124,63.317259665231646,369927100
2008-12-02,61.6965217590332,61.85570213471612,59.35948048389552,60.394147405638336,469508400
2008-12-03,63.17975997924805,63.54876836986368,60.15535071542343,60.34347339772466,519863500
2008-12-04,61.718223571777344,63.707966933444084,60.58949267469904,62.26811230809734,444173800
2008-12-05,63.62115478515625,63.97568941300889,59.504192146736756,60.524390724279776,471905300
2008-12-08,65.84241485595703,66.84090223683205,63.72967056125008,65.36487381280256,412859300
2008-12-09,64.75711059570312,66.66002705387054,64.38087059431268,65.38659511055205,370790000
2008-12-10,65.19847869873047,66.1029077057374,64.39534529889261,65.35042210948404,396187400
2008-12-11,63.62837600708008,65.84241591876508,63.21595669960551,64.78604375435998,365061000
2008-12-12,64.38810729980469,64.4459920801821,61.64587793163561,61.89912246573763,415060400
2008-12-15,63.49091339111328,64.50387493672017,62.43454102161632,64.40981079136324,256694200
2008-12-16,66.47914123535156,66.58043683260361,63.802033844782805,66.47914123535156,377699500
2008-12-17,65.83519744873047,66.87710147425395,65.16230201894602,65.7266648593723,281819800
2008-12-18,64.60520935058594,66.32724114848402,63.823780929946615,66.13188680342401,374673300
2008-12-19,64.3272705078125,66.09975358568707,64.25432437451859,64.99103691371975,301451300
2008-12-22,63.503013610839844,64.67737489661643,62.35782965971079,64.61173006741518,243759500
2008-12-23,62.846534729003906,64.13759961724291,62.58394431698804,63.84583187444674,221625200
2008-12-24,63.211280822753906,63.36445772721007,62.72986292445438,63.058098353287576,62061600
2008-12-26,63.57594680786133,63.67806467586792,63.094529231538985,63.634295900289075,74767700
2008-12-29,63.39360427856445,63.699957938648915,62.43806467448086,63.63430754576942,127795900
2008-12-30,64.89620208740234,64.9545567566645,63.37171835172214,63.83125441590212,168256300
2008-12-31,65.82257080078125,66.35504751603017,64.82327334142256,64.97645020238247,193987200
2009-01-02,67.80655670166016,68.15667906783327,65.53807095720167,65.96842958301848,227566300
2009-01-05,67.72632598876953,68.31715718226253,67.02608676408029,67.5658534563395,240349700
2009-01-06,68.17859649658203,68.89342192082158,67.60235649499595,68.30259603027534,328260900
2009-01-07,66.13619232177734,67.29596744360785,65.79336567843747,67.1063175965463,280899200
2009-01-08,66.40609741210938,66.44256490831135,65.40679452404375,65.76421271587476,263834400
2009-01-09,64.98371124267578,66.6103124344365,62.262990900792424,66.49360869195925,330953600
2009-01-12,63.42277526855469,64.85243679473568,63.02889517614576,64.80137228700808,277858500
2009-01-13,63.539485931396484,64.10113431305804,62.87571409715262,63.26230960298017,356432300
2009-01-14,61.54087829589844,62.547471163701914,60.65828490996072,62.39429435110183,435491600
2009-01-15,61.56275939941406,62.18276236868108,59.60792277624998,61.35852365095027,532647300
2009-01-16,62.044212341308594,62.72257041875928,60.57808808118165,62.627748205893646,399237200
2009-01-20,58.76910400390625,62.04418346813193,58.38980976394345,61.43877182924945,419855200
2009-01-21,61.30744934082031,61.44603466966622,58.69613734881154,59.768380324385305,364360700
2009-01-22,60.35922622680664,61.30017434877767,59.20674661400424,60.11851740292881,427940300
2009-01-23,60.621822357177734,61.26370704950998,58.76910327214155,59.00981211864406,386800600
2009-01-26,61.03759765625,62.26301809501347,60.403003040905304,60.971947250865405,317978800
2009-01-27,61.65758514404297,62.10982544558057,60.76040583027581,61.36581738708346,273789700
2009-01-28,63.74372482299805,64.15219639326766,62.78089500378554,63.0216038498406,330007000
2009-01-29,61.67219161987305,63.81667319129092,61.61383694126085,62.810080027768585,294392500
2009-01-30,60.4176025390625,62.29220373011531,59.96536206232649,61.985849970879265,383383600
2009-02-02,60.23523712158203,60.67288606272895,59.30887472389631,59.49852463889632,288233300
2009-02-03,61.081363677978516,61.533604115181916,59.972652546943074,60.614537352804774,278385800
2009-02-04,60.78228759765625,62.27029815354772,60.57075611243075,61.48982260151224,322989300
2009-02-05,61.68675994873047,62.21194077673779,56.69755321267466,60.32274894071184,417679400
2009-02-06,63.44468688964844,63.70727186410014,61.7670257280916,61.898320997822225,366101700
2009-02-09,63.53219985961914,63.999026149464136,62.96325566668357,63.43008195652857,240075200
2009-02-10,60.621822357177734,63.481134484395625,60.14040466417271,62.92677623442227,536212800
2009-02-11,60.979225158691406,61.307465959684315,60.10392748605742,60.86981155836044,324442500
2009-02-12,61.02298355102539,61.13968729050907,59.11920615033439,59.93614902173802,469302200
2009-02-13,60.366539001464844,61.44607280405493,60.35194754831672,60.942778970621355,293998400
2009-02-17,57.78439712524414,60.51241427340779,57.747924060920425,58.47005066647033,478910100
2009-02-18,57.64580154418945,58.309573419688775,57.09873901317664,58.20015980048464,362964800
2009-02-19,57.02579879760742,58.462750611425975,56.90908945242051,58.2366276463783,316867500
2009-02-20,56.471431732177734,57.142493667337575,55.267893231397515,55.96813806331136,477176600
2009-02-23,54.450950622558594,57.09143516845035,54.40718184209695,57.09143516845035,379641400
2009-02-24,56.51519775390625,56.85801886393524,54.4874150340148,54.91777370001925,426260900
2009-02-25,56.07026672363281,57.200859329942865,55.16578596057508,56.267206794535724,461985800
2009-02-26,55.15848159790039,58.11261529086833,55.092831214497565,56.76319578432693,363353900
2009-02-27,53.925785064697266,55.20956021037554,53.838253043966255,53.9841397451846,470510900
2009-03-02,51.4968147277832,53.91847779967873,51.32905201354459,52.897293369721176,426452600
2009-03-03,51.1102294921875,52.29917674574345,50.79658007910111,52.23353191196181,443761000
2009-03-04,52.32106018066406,53.15259473915158,51.11022583742334,51.95635184571313,462753100
2009-03-05,50.18386459350586,52.321055466350096,49.72432857126869,51.1321028399341,485549400
2009-03-06,50.27140426635742,51.38741107431645,48.94386591966632,50.62152677719188,490470000
2009-03-09,49.68055725097656,51.059153962770885,49.403380990009445,49.56384794214442,379905300
2009-03-10,52.641998291015625,52.78788496000931,50.5996350101707,50.70175289596258,406227900
2009-03-11,52.98482894897461,53.794481935853845,52.394003199362984,53.24741940769262,356648300
2009-03-12,55.070960998535156,55.253315174026994,52.49612093099165,52.97024290027199,409702700
2009-03-13,55.50131607055664,56.1505020772107,54.509314441924055,55.44296696181918,337474700
2009-03-16,55.33357620239258,56.8726465770381,55.29710312497982,56.13593382038064,360644900
2009-03-17,57.02579879760742,57.157094028438756,55.03448872416679,55.48672908925426,356814300
2009-03-18,58.302284240722656,59.00981941734419,56.216151776357336,56.75591864269407,473273200
2009-03-19,57.580142974853516,59.082739254093816,57.397788841353226,59.031680319314,428520400
2009-03-20,56.35403823852539,57.97024399491636,56.22180327304648,57.86004725621078,371078200
2009-03-23,60.40190505981445,60.453329468209176,57.529469320628536,57.84536371643619,419933300
2009-03-24,59.21177673339844,60.504740201310206,59.14566205390853,59.68194424812292,330271000
2009-03-25,59.83622741699219,60.75452437308378,58.08044408533225,59.67461186078552,441775100
2009-03-26,61.055728912353516,61.195311844250895,59.74072698901471,60.42394015354627,422025200
2009-03-27,59.95376968383789,60.629634870922615,59.73337618138697,60.27701199280867,322332300
2009-03-30,57.88209915161133,58.67550913184538,57.27234857764404,58.6240847222843,324108500
2009-03-31,58.41837692260742,59.56441533961318,58.073101973822965,58.44776309789884,364238300
2009-04-01,59.549705505371094,59.814175416225616,57.54414855370255,57.691073790915716,377018300
2009-04-02,61.290775299072266,62.15764732703364,59.60110767691209,61.03365342739653,476230700
2009-04-03,61.900577545166016,61.915267833836715,60.73250062398426,61.3349033466238,284646300
2009-04-06,61.415687561035156,61.9152412338383,60.45331432858566,61.22468026132958,264866600
2009-04-07,59.98313903808594,60.717776367138214,59.88029026040566,60.4239203145497,258947800
2009-04-08,60.62964630126953,60.930850437748354,59.90235657381086,60.28436569792674,230402800
2009-04-09,63.03923797607422,63.0465859199507,61.95197768559115,62.201751729001955,269653500
2009-04-13,63.053916931152344,63.57550870953368,62.135620362557574,62.38539433889337,224847500
2009-04-14,61.966670989990234,63.00251253836228,61.768321334365396,62.46622470600896,276598800
2009-04-15,62.62784194946289,62.75272896947938,61.423036992605205,61.592000465606596,250726100
2009-04-16,63.5461540222168,64.02366959537491,62.275228475642756,63.12741080372065,335202900
2009-04-17,63.97224426269531,64.3909874751461,63.281683117487276,63.7885848606583,262649000
2009-04-20,61.290775299072266,63.9501636978641,61.224655043591966,62.840860074535705,293690100
2009-04-21,62.48828887939453,62.53971330071117,60.79127737110395,60.842701792420584,114090900
2009-04-22,62.10625076293945,63.42859481147026,61.76097026429074,61.92259140024026,340395200
2009-04-23,62.71602249145508,62.75275101356504,61.437748857465984,62.231158918940416,324903700
2009-04-24,63.66368865966797,64.14119855244171,62.95108938543851,63.200863445976196,287703000
2009-04-27,63.061279296875,63.920809417748316,62.840891413318154,62.9437402132792,289581600
2009-04-28,62.862945556640625,63.612273518189255,62.267890834091986,62.42216407309198,247926300
2009-04-29,64.1999740600586,64.91257336938806,63.3992218331805,63.56083738363287,311505700
2009-04-30,64.2220230102539,65.39744214744944,63.85470417957777,65.05216715467994,301419800
2009-05-01,64.56730651855469,64.80239035659136,63.70778176118693,64.23672179797964,236110300
2009-05-04,66.76388549804688,66.8079675801465,64.92729088108523,65.05218357471851,287120000
2009-05-05,66.53614807128906,66.80061813860512,65.99985998899764,66.53614807128906,243036300
2009-05-06,67.68949890136719,67.73357535788355,66.56550442148504,67.35156632344989,291941000
2009-05-07,66.7491683959961,68.43148906197356,66.32307727084762,68.32864025312251,317728000
2009-05-08,68.3066177368164,68.48292922042893,67.17527497435748,67.60870853924679,299081700
2009-05-11,67.0283203125,67.66745692074198,66.88139506236666,67.3662528716779,247923600
2009-05-12,66.82999420166016,67.46178308845792,66.0071979385456,67.31485218173692,282431300
2009-05-13,65.14767456054688,66.12474409320704,65.01543954406023,65.92638876605652,269619100
2009-05-14,65.70597839355469,66.20553210710429,65.01541736471985,65.17703850805049,260098700
2009-05-15,65.16972351074219,66.11740701723697,64.75832810507328,65.65458718585944,271502700
2009-05-18,67.02095794677734,67.10176288681795,65.06682019585554,65.78676715799446,241447400
2009-05-19,66.94015502929688,67.56459563418333,66.71241364740145,66.98423147522077,206102200
2009-05-20,66.49203491210938,68.17435528809195,66.4185722905705,67.54990899291455,285722200
2009-05-21,65.53703308105469,65.97047226857566,64.83912945968041,65.72069251876805,258988400
2009-05-22,65.39744567871094,66.11739309184097,65.14767155068759,65.72068806070901,166811900
2009-05-26,67.0723876953125,67.26338935772499,64.88316607637923,64.91255224094371,236318500
2009-05-27,65.87491607666016,67.40296279081164,65.7720673175189,67.17522705340416,246015800
2009-05-28,66.79322052001953,67.1017668341565,65.45618088725496,66.45528804194032,289095000
2009-05-29,67.97602081298828,68.83554551776088,66.61694228235082,67.16057257363771,258641500
2009-06-01,69.62158203125,69.91543810419564,68.63717063244626,68.81348203427828,276246800
2009-06-02,69.68035125732422,70.0623658165577,69.22487968918036,69.3497666930367,230874500
2009-06-03,68.79878997802734,69.1514127725949,68.14496317513002,69.08529810042783,235310500
2009-06-04,69.44529724121094,69.54814606542834,68.54169605632362,69.05594017741066,210102300
2009-06-05,69.4599838256836,70.28277430917096,68.90900565341695,70.15053932363338,284257900
2009-06-08,69.1734848022461,69.86404039181696,68.3506886047525,68.93839537024174,238565100
2009-06-09,69.5261001586914,69.89341894888096,69.07062284111399,69.56283427964634,225125500
2009-06-10,69.34979248046875,70.15054479630916,68.4608816324458,70.1432024555908,296100400
2009-06-11,69.65834045410156,70.6060236775683,69.4673330992964,69.48202899073391,275414200
2009-06-12,69.84935760498047,69.89343407579383,69.0559475012931,69.34980371801151,184361800
2009-06-15,68.2478256225586,69.07061604452255,67.88050686851344,69.02653958758573,224190500
2009-06-16,67.3221664428711,68.53431919381009,67.27808999532944,68.49024274626845,227319000
2009-06-17,67.25607299804688,67.82908941628905,66.72713304125719,67.29280151431063,223445200
2009-06-18,67.74827575683594,68.07886041239547,67.03567643657145,67.35891875211568,211725100
2009-06-19,67.99799346923828,68.48559022582084,67.61382086199085,68.39693934453344,215655600
2009-06-22,65.95892333984375,67.37000966209298,65.93676062466695,67.33306804579877,251913600
2009-06-23,66.0106430053711,66.40219936587378,65.64124936165162,66.09929950900366,188309800
2009-06-24,66.57949829101562,67.28873326056791,66.19532582636324,66.60905045264262,211577700
2009-06-25,68.02752685546875,68.09401499807306,66.17316940179508,66.24704699463288,279411000
2009-06-26,67.8502197265625,68.14573575992549,67.4291112108826,67.79850484346144,167579000
2009-06-29,68.48555755615234,68.57421403164855,67.6728929251798,68.04967590041629,168481300
2009-06-30,67.93150329589844,68.75155781056026,67.42912760796598,68.50037278484447,228888200
2009-07-01,68.21227264404297,68.87718273010188,68.12361608706742,68.21965646308028,173041100
2009-07-02,66.3504638671875,68.23437311945631,66.31352789619078,67.32566255816833,212309900
2009-07-06,66.34312438964844,66.4391647422178,65.50090703172721,65.7077666443392,174499600
2009-07-07,65.05757141113281,66.35783790938444,65.0132460016288,66.27657090096268,197088900
2009-07-08,65.0132827758789,65.60431487389592,64.27449547160755,65.4491645798791,248050500
2009-07-09,65.13887786865234,65.67819510238857,64.9467972201436,65.46394609920569,163777600
2009-07-10,64.98371887207031,65.37527517078392,64.53305824692855,64.79163262942821,173520300
2009-07-13,66.56475830078125,66.61647320473256,64.71039993938112,65.24232788659563,217413500
2009-07-14,66.94151306152344,67.00061739418449,66.29138231174996,66.77158951424774,181487400
2009-07-15,68.89928436279297,69.08398113199888,66.99321235182842,67.82803971949983,220877900
2009-07-16,68.78848266601562,69.82278596387867,68.57423368287617,68.70721561597999,231174500
2009-07-17,69.54206085205078,69.68243227166039,69.1061789607381,69.49034595585265,138561700
2009-07-20,70.28083038330078,70.39903905104056,69.58637418807783,69.94837836915679,164179400
2009-07-21,70.60589599609375,70.84969713699957,69.75628954646693,70.82753442173528,217718300
2009-07-22,70.59114074707031,71.01963317003444,70.10353834081704,70.15525323513171,196068100
2009-07-23,72.1500015258789,72.46029097287825,70.57638029116379,70.63548465340239,258795500
2009-07-24,72.44547271728516,72.50457704742286,71.43333783704801,71.81011525955276,154003100
2009-07-27,72.65972900390625,72.69667062308733,71.91355226114624,72.31249807500309,159259400
2009-07-28,72.31989288330078,72.67451328960894,71.70669803307008,72.1499749500803,186685200
2009-07-29,72.1426010131836,72.46766368266465,71.64761473743863,71.98745631346507,194399300
2009-07-30,72.89613342285156,73.75312930096374,72.84441854306887,73.01434208321152,225575400
2009-07-31,72.99959564208984,73.48719812814105,72.68191677173877,72.8813925656694,207358000
2009-08-03,74.20381164550781,74.27029980902131,73.36897823805505,73.76792412863851,175776900
2009-08-04,74.39590454101562,74.49933434780539,73.71622134311103,73.87136605329566,176714600
2009-08-05,74.18162536621094,74.51407735120212,73.56843063820594,74.44758357230448,184726400
2009-08-06,73.79747772216797,74.63230550918131,73.45024671980373,74.5214919011935,193203800
2009-08-07,74.7652587890625,75.37845348832654,74.16684298952703,74.57317818458121,220640900
2009-08-10,74.61011505126953,74.78003858118328,74.07818738466852,74.42541825794967,130898700
2009-08-11,73.67929077148438,74.32942183866821,73.47981496048904,74.27770693146611,157301000
2009-08-12,74.46979522705078,75.03126976657728,73.51675850965403,73.5536945091874,219052400
2009-08-13,75.03864288330078,75.06819505839461,74.07083310410748,74.80962057194995,176449500
2009-08-14,74.4623794555664,75.06079541963253,73.65709829391542,75.00169107746542,199616100
2009-08-17,72.63018798828125,73.10301147660294,72.48243276186844,73.02913386339654,237667500
2009-08-18,73.20646667480469,73.46504686553982,72.6597653834983,72.79274738803255,173461500
2009-08-19,73.84918212890625,74.10037275650294,72.55630427867365,72.63018188567263,192812800
2009-08-20,74.61011505126953,74.78003858118328,73.78267702455582,73.94520546801829,174131300
2009-08-21,76.07292938232422,76.1911324196543,75.07556765200881,75.22332285779636,224605000
2009-08-24,76.06554412841797,76.79694201947484,75.79219078247746,76.38322291124067,191279000
2009-08-25,76.21331024169922,77.02597524749137,76.05077611324069,76.36845491800041,215310600
2009-08-26,76.22069549560547,76.56792647904615,75.71831983293609,75.97689429831726,194620700
2009-08-27,76.39061737060547,76.62702911030848,75.31198845592918,76.17636835079641,196230100
2009-08-28,76.37586212158203,77.09248701477662,75.85132358779579,77.00383610774371,147024400
2009-08-31,75.69615936279297,75.78481588348801,75.20117313770574,75.62967119964728,176051600
2009-09-01,74.02649688720703,76.27241131000523,73.87135220610428,75.31937486623062,321276800
2009-09-02,73.74577331542969,74.20382362743298,73.5610764271786,73.7162211369293,171805000
2009-09-03,74.35894012451172,74.44759098987593,73.57582178263046,74.17424330633682,143572300
2009-09-04,75.40060424804688,75.42276695762749,74.2850398648389,74.50667259714278,142687900
2009-09-08,76.05081176757812,76.13207886990725,75.64447625593255,76.09513722830197,132909100
2009-09-09,76.63441467285156,76.89298911932455,75.94734220850891,76.18375393621282,154612500
2009-09-10,77.41754150390625,77.46925640257949,76.2576453738055,76.68614346938443,162902400
2009-09-11,77.4027328491211,77.79429480172881,77.04072869753938,77.56526693576976,152360100
2009-09-14,77.77953338623047,77.91251533824683,76.20591831778708,76.74522994126988,149593800
2009-09-15,78.10457611083984,78.39270263997587,77.39534114400513,77.90510042974661,196795900
2009-09-16,79.28666687011719,79.30144013867697,78.11199756033783,78.38534530244958,206406300
2009-09-17,79.16844940185547,79.83335345953418,78.7325619659219,79.17583321654097,229170900
2009-09-18,79.21891021728516,79.54552672311767,78.95167956039424,79.53810207616341,153799100
2009-09-21,79.01847839355469,79.42674899484786,78.43206158565482,78.6027888092168,151892000
2009-09-22,79.47870635986328,79.70140043407345,79.12982161982862,79.48613100589577,143126700
2009-09-23,78.81810760498047,80.19137355321213,78.67706755196743,79.66433659635996,225947400
2009-09-24,77.9495620727539,79.15951892923401,77.6081019598211,78.98879170444054,228636800
2009-09-25,77.53392028808594,78.20942199666729,77.266689465279,77.77888281955059,204059000
2009-09-28,78.92200469970703,79.09273763865517,77.81596991091371,77.8308135448734,118285800
2009-09-29,78.68445587158203,79.44160569092656,78.52114760420365,79.06303361292768,133733900
2009-09-30,78.38011169433594,79.02592014983836,77.66007941224109,78.95169065989886,254383000
2009-10-01,76.4352798461914,78.4840467992644,76.4204305488665,76.45754812883119,281840600
2009-10-02,76.0789794921875,76.53178683819647,75.70782630125217,75.73009458657256,224748800
2009-10-05,77.21471405029297,77.43740824951682,76.16064025577742,76.38333445500126,149875000
2009-10-06,78.32073974609375,78.76612239596818,77.72689243736272,77.77142900334587,202491100
2009-10-07,78.53602600097656,78.61768016492275,77.99413979145642,78.1425988186228,159200300
2009-10-08,79.13727569580078,79.5529654146798,78.57312131778806,79.09273912973451,183305800
2009-10-09,79.61978149414062,79.61978149414062,78.95170463969623,79.15954951366825,135008300
2009-10-12,79.93154907226562,80.23589173492816,79.63462539559254,79.99093494026985,118031000
2009-10-13,79.76823425292969,79.95381082777737,79.2486221086952,79.71627303850624,157692700
2009-10-14,81.14147186279297,81.22312598070607,79.73851389260685,80.70351401520962,191421600
2009-10-15,81.43840789794922,81.43840789794922,80.71095103473182,80.74806294461632,173873600
2009-10-16,80.8297348022461,81.11180916528697,80.33981557555954,80.76292995179475,192069400
2009-10-19,81.49779510498047,81.75017648443936,80.71095237684789,80.96333375630677,159530400
2009-10-20,81.0672836303711,81.64628173313358,80.67386213302471,81.61658879666517,180921100
2009-10-21,80.33980560302734,81.88379825417509,80.2804197455436,80.94107183584576,225379300
2009-10-22,81.15632629394531,81.41613229314439,79.79790478811664,80.31009780321342,238444000
2009-10-23,80.22846221923828,81.47553696691261,79.89442100306727,81.42357575506566,240033200
2009-10-26,79.3599624633789,81.14149290031818,79.13726832708792,80.31753252472755,242028200
2009-10-27,78.99623107910156,79.71626905970768,78.80323552850304,79.44903835219722,253266300
2009-10-28,77.50420379638672,79.04077761670099,77.4596615671408,78.79581517756523,248821400
2009-10-29,79.16695404052734,79.32283765638427,77.89761117139535,78.08318771360786,198110600
2009-10-30,76.87326049804688,79.14472227370503,76.78418734123427,78.90718441662271,325608100
2009-11-02,77.43738555908203,78.24650229338525,76.5169274211405,77.29634556334406,254222900
2009-11-03,77.68232727050781,77.79367430781788,76.85836712309711,77.00682606394682,228362600
2009-11-04,77.88277435302734,78.92942893718183,77.6823541472039,78.320738007749,247996700
2009-11-05,79.31543731689453,79.33770560264918,78.2687882429879,78.43209655631975,180015300
2009-11-06,79.5232925415039,79.72371846605215,78.72160583335823,78.87748951725736,170954100
2009-11-09,81.33448028564453,81.37901683999537,80.07256216337049,80.13194234805621,159495700
2009-11-10,81.3493423461914,81.60172942583382,80.88911607804238,81.14149749433733,171899800
2009-11-11,81.76506805419922,82.26241208616577,81.37164648672271,81.88383415789517,169466200
2009-11-12,80.93366241455078,82.07681490112181,80.72581753760116,81.65370049780348,157144500
2009-11-13,81.37163543701172,81.72051471279596,80.72582678393466,81.141516585447,150963000
2009-11-16,82.55187225341797,82.90818172315095,81.89122018503633,81.93575674499786,210922200
2009-11-17,82.64838409423828,82.68550167609109,82.02484949521556,82.33661679472692,147134100
2009-11-18,82.59642791748047,82.71519965597834,82.07681571992276,82.5890089313355,156486800
2009-11-19,81.52006530761719,82.6260999415658,81.00787222582733,82.03225838940703,208734600
2009-11-20,81.23055267333984,81.47551503325056,80.91878548618756,81.09693735551089,134196000
2009-11-23,82.26241302490234,82.94533370315847,82.09910467502596,82.1881835013266,148010200
2009-11-24,82.38858032226562,82.54446397639376,81.66112326966768,82.39600497151402,138420100
2009-11-25,82.67809295654297,82.76717177214371,82.26240314377068,82.52220927675336,109564800
2009-11-27,81.33448028564453,81.89120986841476,80.38432937051873,80.46598349572606,126001800
2009-11-30,81.60914611816406,81.80214165415745,80.25814904947576,81.26768594292932,160874800
2009-12-01,82.61865997314453,82.88589058591396,82.1955457801505,82.33658006891828,159613700
2009-12-02,82.58158874511719,83.14574320677647,82.33662626873702,82.60385703145202,132315100
2009-12-03,81.93576049804688,83.27191399156415,81.86895565504459,82.80426310050669,167324900
2009-12-04,82.40340423583984,83.42035999901682,81.68336639095477,83.01951401330722,274907800
2009-12-07,82.2772445678711,82.7894378329353,82.01743844187794,82.32921145641852,127973800
2009-12-08,81.36421966552734,82.22529230024492,81.11183249896138,81.6834117017626,169863700
2009-12-09,81.66853332519531,81.78730504678995,80.92622705527104,81.34192241750486,155063400
2009-12-10,82.1287841796875,82.48509376324317,81.98774414362504,82.1733207538762,138014600
2009-12-11,82.47764587402344,82.66322243198616,82.10649275809797,82.47764587402344,124854000
2009-12-14,83.04182434082031,83.13832214021322,82.49251349192565,83.04182434082031,107141500
2009-12-15,82.65580749511719,83.0789218704498,82.3960014161143,82.73746164328206,120408800
2009-12-16,82.78201293945312,83.23482032771749,82.59643632666769,82.98986350298578,155358200
2009-12-17,81.78732299804688,82.34405282268504,81.71309348743151,82.1881691513882,183390100
2009-12-18,82.25001525878906,82.31718545880769,81.55595355906291,82.24255063793424,174591200
2009-12-21,83.08586883544922,83.36199715010648,82.66047658626667,82.66047658626667,118039600
2009-12-22,83.38436889648438,83.56347987657624,83.160475900993,83.26495778053287,91707500
2009-12-23,83.5485610961914,83.6679722270871,83.21272725476045,83.58587849805534,111783100
2009-12-24,83.94412231445312,84.0336749859832,83.58589454682124,83.72769386852679,39677500
2009-12-28,84.12322998046875,84.32472917717438,83.82470780171039,84.25756467621817,87508500
2009-12-29,84.00383758544922,84.35460079676108,83.99637865734684,84.3396772467181,80572500
2009-12-30,83.9739990234375,84.07102204359427,83.71279414962932,83.75757619502444,73138400
2009-12-31,83.16797637939453,84.18294852727429,83.13065896611039,84.1605546630011,90637900
2010-01-04,84.57846069335938,84.62323701974455,83.22019041926117,83.86201100201663,118944600
2010-01-05,84.8023910522461,84.83970847239453,84.22027573849941,84.52626264096769,111579900
2010-01-06,84.86206817626953,85.07103199378142,84.65310435875766,84.72026885988491,116074400
2010-01-07,85.22030639648438,85.32478831807188,84.46653908174217,84.705355715919,131091100
2010-01-08,85.50391387939453,85.54123129793861,84.82478127383378,84.99642773392378,126402800
2010-01-11,85.62330627441406,85.92182278190536,85.25761387321361,85.88451106538766,106375700
2010-01-12,84.82476043701172,85.23522347097492,84.49638545477134,85.0561124324062,163333500
2010-01-13,85.54121398925781,85.7800306156365,84.60833565280392,85.04118687360202,161822000
2010-01-14,85.77252960205078,85.92925241281826,85.39191380799542,85.44415474491791,115718800
2010-01-15,84.809814453125,85.7053751630101,84.48143953571027,85.62328712749255,212283100
2010-01-19,85.86959075927734,85.92183172290824,84.77252482919043,84.79491869403624,139172700
2010-01-20,84.99642181396484,85.41434954212454,84.31728925570533,85.28747943805296,216490200
2010-01-21,83.36199951171875,85.27999699746914,83.25751760150956,85.01879222194614,344859600
2010-01-22,81.50369262695312,83.39183697804759,81.41413428015515,82.9888329582108,345942400
2010-01-25,81.92164611816406,82.39928509175049,81.65298238041358,82.25002113318041,186937500
2010-01-26,81.57833099365234,82.44404469610377,81.37683180778474,81.60071915943357,211168800
2010-01-27,81.9664077758789,82.1529834073306,80.84695398716873,81.47384537580496,271863600
2010-01-28,81.02611541748047,82.279904668758,80.53355840474998,82.23512831137522,316104000
2010-01-29,80.14543151855469,81.94402342244543,80.01856144978737,81.37683188217724,310677600
2010-02-01,81.39176177978516,81.39922640024713,80.22753151654962,80.71262935751012,187865000
2010-02-02,82.37688446044922,82.53360733369487,81.25743048540531,81.54102913647235,216327900
2010-02-03,81.9664077758789,82.45150555642059,81.72759119537419,82.00371948586739,172730700
2010-02-04,79.43645477294922,81.36937587627416,79.42152553160986,81.33206416060034,356715700
2010-02-05,79.60063934326172,79.76482113510808,78.04832854350197,79.52600452697867,493585800
2010-02-08,79.02600860595703,80.10068653572472,78.96630301122796,79.66036489189645,224166900
2010-02-09,80.01856994628906,80.71263162902116,79.30957902221286,79.9513997479151,337820500
2010-02-10,79.86184692382812,80.30216274741119,79.19017341054803,79.8916997126225,240511500
2010-02-11,80.69772338867188,80.78728177853165,79.29467611056802,79.7573859174187,223591600
2010-02-12,80.63056182861328,80.67533817826865,79.48871936168982,79.84694154661064,304622100
2010-02-16,81.89924621582031,81.98133995781451,80.46634658183653,81.24250197370367,159317500
2010-02-17,82.28732299804688,82.39926952236262,81.89924247293054,82.29478192418765,168845100
2010-02-18,82.77242279052734,82.94406919726515,82.12313748901032,82.15299027579883,193708600
2010-02-19,82.94405364990234,83.26496393043,82.36193865123262,82.5559788820678,222684900
2010-02-22,82.95899963378906,83.27244535883273,82.71271840961035,83.25005719187774,132346900
2010-02-23,81.95149993896484,82.98886026524254,81.73507146669886,82.73512007324386,207497000
2010-02-24,82.7052993774414,82.8396341470551,81.98884917078175,82.1978131026608,176350700
2010-02-25,82.59333801269531,82.65304360936341,81.30223722432241,81.52612467106916,259634700
2010-02-26,82.64553833007812,82.92913692781995,82.1753697987472,82.66792649435537,173589300
2010-03-01,83.5038070678711,83.58590081882517,82.96646822302178,82.98885639258422,147709700
2010-03-02,83.73511505126953,84.13811897301056,83.58585687010677,83.86199076847599,160992400
2010-03-03,83.80979919433594,84.30982065893019,83.60082964626979,83.95159284179763,150785000
2010-03-04,84.06351470947266,84.18292584473707,83.60826972049063,83.92171540980524,135770400
2010-03-05,85.26509094238281,85.33225545822286,84.40684162345113,84.60834655864775,176118800
2010-03-08,85.27996826171875,85.46654385191523,85.13071006709563,85.2725093376722,114631200
2010-03-09,85.42179870605469,85.81733819060545,84.98148288554339,85.02625922150393,154556700
2010-03-10,85.80240631103516,86.03375828281456,85.38447869908872,85.4591078163882,186088800
2010-03-11,86.16061401367188,86.18300786958818,85.33968247231492,85.60088718631454,160791100
2010-03-12,86.1681137084961,86.54872970030925,85.92929705936271,86.53380045695451,162074800
2010-03-15,86.19049835205078,86.25020393534999,85.52628939590113,86.01885191736284,146816800
2010-03-16,86.87709045410156,86.95917850371332,86.190487718544,86.42930432843968,168673000
2010-03-17,87.39205932617188,87.67565804261699,86.88457317940758,87.13831909970907,177468100
2010-03-18,87.34725189208984,87.5188982915286,86.99648877953676,87.39949284328902,196509100
2010-03-19,86.90512084960938,87.8942967726296,86.56789827660991,86.90512084960938,226641100
2010-03-22,87.36973571777344,87.52710969209247,86.35807936981776,86.41053545549592,184477800
2010-03-23,87.9842529296875,88.05918939817595,87.21239072412699,87.49715730858355,182941600
2010-03-24,87.55709838867188,87.99923324858663,86.61288864490245,87.65452093807443,196072600
2010-03-25,87.4146957397461,88.55374453821189,87.30978357609598,88.14908088529684,223396300
2010-03-26,87.36224365234375,87.99171666302549,87.0175314249774,87.57956334906513,205808500
2010-03-29,87.91679382324219,88.07416210026808,87.44468899216453,87.80438627757077,134513500
2010-03-30,87.97675323486328,88.29898517905136,87.60956055525365,88.02171397028485,145772500
2010-03-31,87.677001953125,88.06667500175536,87.38474573733077,87.6395308619572,161078700
2010-04-01,88.27647399902344,88.61369083155347,87.75190749396322,88.27647399902344,161215200
2010-04-05,88.9958724975586,89.05581821702165,88.36639384628509,88.61368923490267,105847600
2010-04-06,89.20573425292969,89.36310255248236,88.64370216140463,88.74111899904598,110384200
2010-04-07,88.69617462158203,89.44555088184056,88.28401539152499,89.02590200562767,184576300
2010-04-08,89.00337982177734,89.15325844342108,88.12661132497952,88.38889176625004,158704000
2010-04-09,89.587890625,89.62535598941737,89.02585870318013,89.19071659772844,133006500
2010-04-12,89.73030090332031,89.96261140353785,89.59541296416661,89.70032517047655,110279000
2010-04-13,89.79769897460938,89.95506719862898,89.17571571971045,89.64033075058977,125043600
2010-04-14,90.81687927246094,90.81687927246094,89.9850714550513,90.12744900730198,161609000
2010-04-15,90.89180755615234,91.10163190252639,90.63701676606624,90.66699248944606,144615300
2010-04-16,89.44550323486328,90.89179887542241,88.98838350222701,90.56956702647035,366786700
2010-04-19,89.78275299072266,89.87268018523173,88.77859171315924,89.18325551252077,217947800
2010-04-20,90.58454895019531,90.65949110758334,89.82768347267462,90.34474891149179,157708000
2010-04-21,90.4197006225586,90.84684466529609,89.91761441451473,90.6370146066366,192910100
2010-04-22,90.68948364257812,90.80189118930512,89.2656737749872,89.78273934227488,115360300
2010-04-23,91.281494140625,91.31896522975994,90.39723017952421,90.62954064104692,177335500
2010-04-26,90.93678283691406,91.51380559907923,90.84686136966744,91.3114708632032,143457300
2010-04-27,88.78607940673828,90.92928970987258,88.61372039480442,90.41222410864236,355853300
2010-04-28,89.46051788330078,89.68533300303856,88.62870994447132,89.21322811233239,300674100
2010-04-29,90.569580078125,90.75692407039031,89.97757237649243,90.00005274079868,193775000
2010-04-30,89.03335571289062,90.68198625035123,89.01087534892315,90.58456371677909,270000900
2010-05-03,90.1874008178711,90.4346962710103,89.3256172709614,89.46050518019322,182747900
2010-05-04,88.066650390625,89.19820956369404,87.61702600869265,89.18322456178612,360353400
2010-05-05,87.5420913696289,88.27648225851216,86.90512300565064,87.34725203710325,328973200
2010-05-06,84.63455200195312,87.67701762150962,78.68450299366248,87.12248082029936,647356600
2010-05-07,83.37557220458984,85.25650177694041,81.98922780052807,84.40970898721909,637558800
2010-05-10,87.0475082397461,87.41470083391997,86.11078835450753,86.78522209805173,396159600
2010-05-11,86.80022430419922,87.94676868068834,86.11079974958011,86.23069693776877,317849800
2010-05-12,88.01422119140625,88.14161947431552,86.99506923184784,87.14494788312759,235607100
2010-05-13,86.92010498046875,88.18655202184905,86.84516853742561,87.7743930091856,234452500
2010-05-14,85.3464126586914,86.42551568136602,84.58205182915277,86.26814744343996,345601400
2010-05-17,85.3913803100586,85.81852433832444,83.75774064247824,85.57872428240825,325739800
2010-05-18,84.22984313964844,86.34308271904659,83.95257202859185,86.08829196777874,360556800
2010-05-19,83.750244140625,84.50710961048327,82.70111683793684,83.75773378246085,394742700
2010-05-20,80.58787536621094,82.34890737784367,80.53541928815494,81.96672411355928,530418300
2010-05-21,81.7643814086914,81.96671032794039,78.95422259128321,79.36638150474951,500909400
2010-05-24,80.71530151367188,81.97425362886943,80.64036504483707,81.32229434370578,269823000
2010-05-25,80.7977066040039,80.83517768466305,78.21985176478579,78.76689866907445,396505200
2010-05-26,80.31060028076172,82.03416684687349,80.07080026191241,81.29228643188397,349719300
2010-05-27,83.00088500976562,83.03086073499075,81.51711805618918,81.82436495178301,300870500
2010-05-28,81.95925903320312,82.97091553732969,81.56958029319478,82.91096408236142,297933500
2010-06-01,80.58039855957031,82.3938870667848,80.46050137524527,81.1948866371093,277909400
2010-06-02,82.67865753173828,82.68614717548135,80.56541738727603,80.99256148932845,240243700
2010-06-03,82.96345520019531,83.22573577979975,82.11666198110447,82.91849444863108,226618300
2010-06-04,80.04833984375,81.92927510478286,79.77856404068214,81.38972349864716,398475600
2010-06-07,79.05167388916016,80.64035309250372,78.99172815334899,80.33310618334852,264609100
2010-06-08,79.89847564697266,80.05584392970009,78.42220392963863,79.11162851604995,357774300
2010-06-09,79.47134399414062,81.1424496279823,79.13412129202668,80.36309773610394,268023300
2010-06-10,81.79438781738281,81.8918046347224,79.46382810616667,80.8276921353456,317890600
2010-06-11,82.19156646728516,82.24402256277956,81.02254164353239,81.0749977390268,214128200
2010-06-14,82.06414794921875,83.27064348121465,81.98171615133452,82.82101341374293,207196100
2010-06-15,83.93009948730469,84.00503593267578,82.49878879639436,82.64117204469845,238268700
2010-06-16,83.90017700195312,84.24488944321416,83.33064936464501,83.49551307944114,216374000
2010-06-17,84.03506469726562,84.17744803544217,83.21824720776173,84.13997693046268,263185800
2010-06-18,84.12611389160156,84.42728574410829,83.85505462875761,84.20140685472825,174006600
2010-06-21,83.88516998291016,85.23292948510813,83.4183444369328,85.1726985634374,213140700
2010-06-22,82.49977111816406,84.25412557926018,82.37930350736227,83.88518598154212,239355400
2010-06-23,82.24376678466797,82.84611627586636,81.67906090539651,82.55246967820403,254639900
2010-06-24,80.8809585571289,81.94260861954194,80.67013589793709,81.83719728994603,268523600
2010-06-25,81.21975708007812,81.63387123102002,80.39151728922512,81.12187106234934,238726500
2010-06-28,80.9637680053711,81.55859225511433,80.67012139080597,81.34023861322234,169218600
2010-06-29,78.46401977539062,80.9487286035913,77.96708145644256,79.82684182201388,373649500
2010-06-30,77.7186050415039,78.96848466281078,77.46260200203989,78.24566167497913,284101700
2010-07-01,77.37222290039062,77.92186664283243,76.14492532837912,77.66586944651361,382924800
2010-07-02,76.95060729980469,77.86919670922661,76.51390566202755,77.63578671795894,233385200
2010-07-06,77.45507049560547,78.58448240035307,76.70965450244212,78.03483274580206,256935300
2010-07-07,79.89459228515625,79.99247257448127,77.56800095817742,77.65082495086995,253769400
2010-07-08,80.68517303466797,80.77552229243878,79.74399663632302,80.56469969832708,210842100
2010-07-09,81.28752899169922,81.29506001194476,80.51200049648314,80.66258643448198,144999900
2010-07-12,81.3402099609375,81.49832687119968,80.67762399253162,81.01644512245295,131283600
2010-07-13,82.56753540039062,82.89129460423739,82.01788579248309,82.18353377690687,213025900
2010-07-14,82.56002044677734,82.88378545811713,81.96519608899094,82.3040173998059,184426800
2010-07-15,82.58260345458984,82.86871908556662,81.44566046329756,82.52989779244974,232337900
2010-07-16,80.3087158203125,82.22871254529312,80.15059310396848,82.13835752802308,282693400
2010-07-19,80.78307342529297,81.03907071202777,79.97742645750068,80.6023691202751,186709000
2010-07-20,81.6790771484375,81.73930808839543,79.67625047431137,79.71389983821068,258162400
2010-07-21,80.6174087524414,82.12329105340751,80.28611280799363,82.10070373801064,264527000
2010-07-22,82.4169692993164,82.77838371794284,81.5661475404802,81.57367281884626,274781300
2010-07-23,83.13227844238281,83.25274610201656,82.01792243220827,82.2513324720842,222020800
2010-07-26,83.99812316894531,84.08094716517314,83.04189031861372,83.27530026553626,184445700
2010-07-27,83.99061584472656,84.54779087477068,83.65931978900394,84.45743583834987,204855600
2010-07-28,83.44849395751953,84.07343667735344,83.1699035807957,83.81743362275837,163056200
2010-07-29,83.04187774658203,84.19387675399979,82.37929162155667,83.96799211766948,220149100
2010-07-30,83.02682495117188,83.47106325355294,82.0555358424706,82.1985907665547,220070600
2010-08-02,84.90167236328125,85.03720204265161,83.98308295249177,84.32190427867422,188263200
2010-08-03,84.49508666992188,84.90920100226134,84.21649627783061,84.69085304664783,146657300
2010-08-04,85.05976104736328,85.16517234683745,84.44988056547916,84.72846510931019,158171700
2010-08-05,84.96944427490234,85.01462466963797,84.38968186693123,84.5176805389591,140473800
2010-08-06,84.62308502197266,84.75861470621139,83.5162602247708,84.13367195419458,239728300
2010-08-09,85.0748062133789,85.21786684872997,84.5703370969615,85.02210057053655,120800400
2010-08-10,84.61553955078125,85.06730891742619,83.85507298886692,84.35201124989578,242916300
2010-08-11,82.29647827148438,83.34306611570804,82.16094862107124,83.31294777734006,273406900
2010-08-12,81.79200744628906,82.08565407971166,81.01647886343007,81.05412822442722,239542600
2010-08-13,81.55106353759766,82.04047649052298,81.4531832448069,81.53600724043206,158698500
2010-08-16,81.513427734375,81.77695604367165,80.70024974184282,80.99389639284284,147895300
2010-08-17,82.51484680175781,83.11720223074427,81.9802590871637,82.21367483175169,172270300
2010-08-18,82.6654281616211,83.10966078279615,82.00284186844111,82.47719283173612,182922100
2010-08-19,81.22731018066406,82.43954620492796,80.88848887341693,82.236254569477,265847600
2010-08-20,80.9637680053711,81.2724766611622,80.37647477624085,80.98635532272448,209714200
2010-08-23,80.65506744384766,81.74682994062914,80.61741808417143,81.34777200379847,163490300
2010-08-24,79.4578857421875,80.10541564862139,79.03624049873683,79.7741196747755,280677800
2010-08-25,79.7666015625,80.0677734808785,78.52424729348728,79.02118555440069,272234800
2010-08-26,79.23202514648438,80.2484948760012,78.96849106389854,80.14308354076165,224439500
2010-08-27,80.45932006835938,80.5421440835703,78.53931716226919,79.72896597667419,272649000
2010-08-30,79.292236328125,80.49694684970501,79.28471105211712,80.24847487379273,167238600
2010-08-31,79.292236328125,79.79671130044296,78.67482477083372,78.99858971822339,273933100
2010-09-01,81.66400909423828,81.77695143313673,80.30871826091477,80.36142391980259,256828100
2010-09-02,82.42449188232422,82.43954818200196,81.68660681940757,81.85978586037844,156112200
2010-09-03,83.49365234375,83.56894531768027,82.78588575093698,83.23012406275123,212197300
2010-09-07,82.5524673461914,83.20752821565627,82.48470539994595,83.10211691406217,141973700
2010-09-08,83.13227844238281,83.46356881474166,82.68050892141406,82.71815829632415,149924400
2010-09-09,83.51622772216797,84.0884645823064,83.29034883266837,84.06587726780494,147017900
2010-09-10,83.93790435791016,84.0357846655493,83.47860967412711,83.66684501192388,127819000
2010-09-13,84.87154388427734,85.04471716560838,84.42730553208557,84.76613256229683,178503500
2010-09-14,84.8188247680664,85.3007066619587,84.38964852680341,84.70588244257924,209823600
2010-09-15,85.14260864257812,85.24048894937997,84.31437431225461,84.57037161211477,168608400
2010-09-16,85.12000274658203,85.17270839943345,84.59294047358256,84.87906179862051,199962900
2010-09-17,85.15179443359375,85.65139881823796,84.91713491820947,85.56813142079726,195836900
2010-09-20,86.45378112792969,86.6430241491646,85.17449645630529,85.44700686890266,214555200
2010-09-21,86.27970886230469,86.93069975399854,85.92393094255674,86.52193977731001,268389100
2010-09-22,85.85576629638672,86.62788100147847,85.61353547768384,86.1434193640727,191322400
2010-09-23,85.15937042236328,86.0450264886984,84.91713955528259,85.15179908348092,202354300
2010-09-24,86.91553497314453,86.97609412628363,86.0298790156305,86.105575069435,209671800
2010-09-27,86.49919891357422,87.04421974701445,86.4159372961908,86.9458154535695,128761800
2010-09-28,86.80198669433594,87.0820684419467,85.67409991653238,86.61274367506239,209207500
2010-09-29,86.65060424804688,86.98367384717231,86.30996331023971,86.58247375038974,179665800
2010-09-30,86.39324951171875,87.64982634534947,85.98448376253432,87.08966844101845,287106700
2010-10-01,86.756591796875,87.14264926928448,86.24185042540905,87.04423917863183,174638700
2010-10-04,86.10557556152344,86.93824370860911,85.67410169960931,86.5749003381755,166153200
2010-10-05,87.83905029296875,88.05100157410097,86.80199635286988,86.90040642999503,229634100
2010-10-06,87.83148193359375,88.0585758997896,87.47570408166536,87.82391059465671,148626600
2010-10-07,87.72554779052734,88.21000975737698,87.19566931904875,88.1873015050625,164860000
2010-10-08,88.2175521850586,88.45978308908802,87.51356771784178,87.84663737659734,177760100
2010-10-11,88.3008041381836,88.54303499979814,87.99801411735558,88.35379195868555,103098300
2010-10-12,88.57331848144531,88.83068625658176,87.54383583042048,88.01315489690211,182210000
2010-10-13,89.26216125488281,89.73905744140076,88.853395570113,89.06535263925409,194347200
2010-10-14,88.91395568847656,89.33029271685804,88.35379786639577,89.17889480870129,217764300
2010-10-15,89.09562683105469,89.58765992273598,88.38407688062476,89.5346720990312,243705000
2010-10-18,89.53467559814453,89.82989430964285,88.80041160151131,89.12590989562996,141204800
2010-10-19,88.36135864257812,89.20916372594758,87.82390335192058,88.70956512685329,280604700
2010-10-20,89.22432708740234,89.65580106742811,88.46735478734028,88.52034261733502,200051800
2010-10-21,89.4211196899414,90.14781227464287,88.72470668484074,89.62550540843702,221585500
2010-10-22,89.58767700195312,89.72393225677568,89.32273783292058,89.55739741474359,108212400
2010-10-25,89.85259246826172,90.65498687954451,89.7844677464418,90.1856620644636,151145700
2010-10-26,89.86774444580078,89.95857741762752,89.22431920265554,89.39841958214998,158982900
2010-10-27,89.61038208007812,89.7087921788397,88.76257676915094,89.23946725654748,190024000
2010-10-28,89.62549591064453,90.16294539731584,89.19402205372594,90.12509448301614,168576000
2010-10-29,89.69366455078125,89.86777075648878,89.37573750582818,89.53470102830471,144305500
2010-11-01,89.72393798828125,90.64744524382266,89.2091965233192,90.13270377886062,174074800
2010-11-02,90.43549346923828,90.64744481700565,90.15541160240792,90.3976425391765,158345900
2010-11-03,90.79881286621094,90.85180068907665,89.66335456888322,90.59443291379735,226702800
2010-11-04,92.54743194580078,92.59284843421769,90.8139647432611,91.80559657529746,215039400
2010-11-05,92.89561462402344,93.04700672999705,92.48684900760828,92.60796153733945,180654100
2010-11-08,92.72151184082031,92.8729097274803,92.30518064679278,92.60796486963504,156107100
2010-11-09,92.05537414550781,93.0697139499567,91.68445944726412,92.97130965967449,186621600
2010-11-10,92.42631530761719,92.47173757210865,91.33627913890638,92.0326922585461,221387400
2010-11-11,92.07813262939453,92.2143879077279,91.35143973669716,91.6315216352829,158017600
2010-11-12,90.98805236816406,91.8585715172219,90.57172114052028,91.4573771918469,239068800
2010-11-15,90.85938262939453,91.63149759580017,90.82153748021166,91.2757196970878,163940800
2010-11-16,89.4438247680664,90.4505932568015,89.0123451333016,90.29920114916519,299566200
2010-11-17,89.48926544189453,89.86018024856055,89.21675495427534,89.48169410189392,172308900
2010-11-18,90.80638122558594,91.13187949114872,90.34462773780524,90.35219907660606,197723700
2010-11-19,91.0561752319336,91.09402037205211,90.26892354945892,90.76095657291044,156852900
2010-11-22,90.98048400878906,91.0183291509177,89.90557917307922,90.6019979360679,181361000
2010-11-23,89.6633529663086,90.09482688057172,89.31514645438043,89.90558383439948,222309000
2010-11-24,90.98805236816406,91.01076638442622,90.21594329719095,90.23108019945974,140046100
2010-11-26,89.92830657958984,90.69284440215937,89.92830657958984,90.2008170545469,76007800
2010-11-29,90.2008056640625,90.44303652507561,89.12590080402998,89.70120126465085,223642300
2010-11-30,89.69366455078125,90.20840605104685,89.17892305051564,89.30761275701317,233930700
2010-12-01,91.6012191772461,91.77531957123186,90.98050212539192,90.98806769018066,221037200
2010-12-02,92.77450561523438,92.84263611241636,91.69203520086535,91.74502302078946,191213600
2010-12-03,93.02430725097656,93.1302828901847,92.4338698967486,92.45657813725904,151288900
2010-12-06,92.92591857910156,93.13786989316488,92.72910416951127,92.82750848668634,103050500
2010-12-07,92.97888946533203,93.87211682272394,92.92590164647146,93.81912900386337,206581000
2010-12-08,93.31953430175781,93.3952303686646,92.66097216690504,93.09244610103744,138019200
2010-12-09,93.68289184570312,93.87970048212813,93.22113828866559,93.8418553329265,123705100
2010-12-10,94.22794342041016,94.3187764281877,93.66021402083209,93.97056975614221,117571700
2010-12-13,94.28845977783203,94.77292154638913,94.25818019539223,94.65938033128968,133812700
2010-12-14,94.37171936035156,94.79562770411806,94.08407201388519,94.43227852020954,147249600
2010-12-15,93.94026947021484,94.56855792008382,93.78130596637584,94.19764307779285,160823100
2010-12-16,94.48529815673828,94.55342867832952,93.67533789043267,94.00083626522323,185035200
2010-12-17,94.58647155761719,94.70822103329027,94.22121151937523,94.41906094865676,141075300
2010-12-20,94.81476593017578,95.04305420849919,94.34297866987181,94.84520475432637,119085500
2010-12-21,95.41592407226562,95.47680172339182,95.02023095117009,95.11154162224703,94965500
2010-12-22,95.71267700195312,95.74311582167651,95.43112807933146,95.48439456244458,78878100
2010-12-23,95.57573699951172,95.71270883101104,95.33984332522357,95.60617582935747,70053700
2010-12-27,95.61378479003906,95.70509547186391,95.14960280538597,95.21808581675461,58126000
2010-12-28,95.75077056884766,95.84208126397607,95.49965454601677,95.80403707621052,55309100
2010-12-29,95.81925201416016,96.0323180401071,95.80403550042699,95.8649131665872,58033100
2010-12-30,95.6670150756836,95.9790027965065,95.52243214337422,95.72789271093079,76616900
2010-12-31,95.68987274169922,95.78118922320292,95.3702737648553,95.52246209508212,91218900
2011-01-03,96.6791000366211,97.09762078578377,95.65180863955858,96.42037294668455,138725200
2011-01-04,96.62582397460938,96.9225952092773,96.0246703489558,96.89215638961761,137409700
2011-01-05,97.12804412841797,97.18892176406659,96.23011932223879,96.32143577571173,133975300
2011-01-06,96.93782043457031,97.27264167532837,96.648660330214,97.16610869974384,122519000
2011-01-07,96.7475814819336,97.22697986875954,95.99423950103233,97.06718040648423,156034600
2011-01-10,96.62582397460938,96.76279576027237,96.03227569966229,96.32144158362372,122401700
2011-01-11,96.96827697753906,97.20417063721175,96.60301684763388,96.97588813593222,110287000
2011-01-12,97.84335327148438,97.94988624351811,96.99108368960302,97.56180433351449,107929200
2011-01-13,97.68354797363281,97.92705854460931,97.44004901387943,97.881403215357,129048400
2011-01-14,98.39126586914062,98.41409353967337,97.47812421415247,97.54660722575072,117677900
2011-01-18,98.5586166381836,98.6499272648298,98.18574556067986,98.29988384398762,114401300
2011-01-19,97.59223175048828,98.57385610711088,97.3335104919952,98.47494010311202,151958400
2011-01-20,97.46292114257812,97.7064202134195,96.74001186781541,97.37160463680196,175745700
2011-01-21,97.68354797363281,98.29231278985095,97.57701500163638,98.07164149472372,151462900
2011-01-24,98.23906707763672,98.35320541815817,97.59985753704196,97.62268520514624,113715500
2011-01-25,98.29231262207031,98.37601792929772,97.48570417672796,97.9803190577479,167552200
2011-01-26,98.67279815673828,98.96196408277986,98.3379768973689,98.53583215675488,141281500
2011-01-27,98.91632080078125,99.08373145086217,98.52062184502401,98.69563784784478,123302700
2011-01-28,97.18896484375,99.19027591211476,97.02916533354826,99.03047059629958,295637300
2011-01-31,97.91947174072266,97.99557172039681,97.21179069690503,97.45530134288099,149249200
2011-02-01,99.48702239990234,99.66203837922137,98.45212561620134,98.51300326362187,167194300
2011-02-02,99.2967758178711,99.5631024404793,99.17502053319264,99.22828121322506,118323600
2011-02-03,99.51746368408203,99.66965200966236,98.59671676702479,99.1217647485932,145886700
2011-02-04,99.79901123046875,99.83706121412239,99.09893565389608,99.55551223529012,134634800
2011-02-07,100.4229965209961,100.75020082943449,100.01207528339373,100.01969224671295,112439100
2011-02-08,100.87955474853516,100.9328154259613,100.24034534086417,100.51428891237389,99072800
2011-02-09,100.65132141113281,100.92526513208453,100.14908932084984,100.60566605951232,146436700
2011-02-10,100.6893310546875,100.80346938799558,99.91315555452022,100.1414438323605,162708500
2011-02-11,101.29045104980469,101.4198116623143,100.2707768491611,100.29360450953214,137710300
2011-02-14,101.5339584350586,101.61766373380956,101.11544355252563,101.22958186390336,101690700
2011-02-15,101.21439361572266,101.37419891665593,100.68934559545805,101.22201057985927,119575400
2011-02-16,101.85358428955078,101.97532796963948,101.35135242130507,101.55681302399171,130183500
2011-02-17,102.15798950195312,102.29495553460035,101.46551915140931,101.5568414510677,109810500
2011-02-18,102.37103271484375,102.49278801311864,102.01338378317647,102.24927741656886,130002400
2011-02-22,100.31642150878906,102.39381966032643,100.04247800222876,101.29804563408527,233116400
2011-02-23,99.70008087158203,100.4990839685287,99.08371070317901,100.25557339713716,227584000
2011-02-24,99.631591796875,100.0196853401703,98.69562265998266,99.59355342780381,260431400
2011-02-25,100.69694519042969,100.75782284391248,99.98925262851427,100.05013028199706,141686900
2011-02-28,101.3209228515625,101.45029512482446,100.73499719608368,101.06981849134323,141585500
2011-03-01,99.631591796875,101.73182995242944,99.6011587793733,101.64051928870056,258565500
2011-03-02,99.84463500976562,100.30881674271153,99.19021505202583,99.49459156720815,200277400
2011-03-03,101.56443786621094,101.67857621670521,100.7426069089746,100.75021226193225,176480100
2011-03-04,100.80348205566406,101.68619064825425,100.14145641683423,101.48833536402421,277202300
2011-03-07,100.0120849609375,101.3285425078448,99.48703694621153,101.10025419944508,216790400
2011-03-08,100.8871841430664,101.20678311745871,99.73814890575889,100.17188622413946,174615000
2011-03-09,100.74259948730469,101.0545931039724,100.14145153361143,100.68933879807301,153806000
2011-03-10,98.87826538085938,99.82183996267064,98.77933774455016,99.68487395352703,301291800
2011-03-11,99.5631103515625,99.92075927170912,98.53583053492294,98.5586582012111,225621800
2011-03-14,98.96192932128906,99.2891335026869,98.20858175232978,98.91627400399821,234974100
2011-03-15,97.82815551757812,98.41409281647373,96.26059355930964,96.32907657040462,359585400
2011-03-16,96.01708221435547,97.83576584001182,95.332223121834,97.51615525414744,468670300
2011-03-17,97.28787231445312,97.69878776808252,96.7171573742366,97.40201646361895,254303700
2011-03-18,97.64170837402344,98.49768035063046,97.45064366922266,98.46710346733043,230435400
2011-03-21,99.15496063232422,99.36130215296802,98.74225426770434,98.85690010750592,153992600
2011-03-22,98.81104278564453,99.26960285869613,98.71933543570104,99.1396802257205,129538600
2011-03-23,99.09381103515625,99.35365626042231,98.06970691557926,98.53589364591028,148603100
2011-03-24,100.04150390625,100.18671499005778,99.10146855010952,99.65937438535269,159129800
2011-03-25,100.3471908569336,100.7828123439648,100.0338419248889,100.30133719110553,155642800
2011-03-28,100.10262298583984,100.8210281856201,100.07205776233774,100.56118297002527,109762400
2011-03-29,100.77519226074219,100.80575748962522,99.68994587955771,100.01857165213461,129798800
2011-03-30,101.47063446044922,101.76869489754617,101.15728558354498,101.30249660755732,135835000
2011-03-31,101.33309173583984,101.61587547826107,101.22609594893255,101.34074178883289,132537100
2011-04-01,101.7610855102539,102.2349340403263,101.51652868392684,101.95980032216623,153850100
2011-04-04,101.84512329101562,102.15847219720334,101.55471287751386,101.97504588736238,100768900
2011-04-05,101.82989501953125,102.28080512664914,101.60061493842525,101.64646862231258,120791500
2011-04-06,102.15084075927734,102.41068596965457,101.73813444946447,102.31897863932487,120411600
2011-04-07,101.89100646972656,102.39540850226709,101.3865927755202,101.96742536597048,170731500
2011-04-08,101.5394515991211,102.40306800419411,101.11910681516224,102.34192588455765,147945400
2011-04-11,101.23374938964844,101.99035831464576,100.98918091900966,101.6464441067682,121385400
2011-04-12,100.47712707519531,100.86689494919862,100.11028603721182,100.66819181647138,161187400
2011-04-13,100.46947479248047,101.01973044254225,100.08734536276289,100.94331155359757,162059000
2011-04-14,100.54590606689453,100.69875552527695,99.56001714791164,99.88864290035055,161220400
2011-04-15,100.91272735595703,101.16493416069402,100.43125223933541,100.72931270644932,170006700
2011-04-18,99.78165435791016,100.90511603417188,98.97918006605649,99.8045811952488,210759300
2011-04-19,100.3548355102539,100.38541239715735,99.68993399092278,99.93449077782283,124258800
2011-04-20,101.72286224365234,101.94449218913807,101.48593219353745,101.55472435604312,156133800
2011-04-21,102.2425308227539,102.28838448017494,101.72284048976543,102.25016921176987,135935400
2011-04-25,102.13555908203125,102.30369697321552,101.7992832996627,102.16612430694413,65757100
2011-04-26,103.01446533203125,103.22081852700384,102.34192534292335,102.44892113630416,146600000
2011-04-27,103.68701171875,103.83986117843878,102.79283013482102,103.21317489521488,143031000
2011-04-28,104.02326202392578,104.16082300542031,103.4882832153414,103.50355999439853,124791100
2011-04-29,104.2678451538086,104.37485260426884,103.9239309513758,104.06150362934872,115094100
2011-05-02,104.10733795166016,104.84101989226298,103.90098480388754,104.75696261680974,126278700
2011-05-03,103.73285675048828,104.08442097399002,103.2055162460683,103.90864469307179,138375000
2011-05-04,103.04503631591797,103.73286471084407,102.58647627818979,103.6870110394045,182678500
2011-05-05,102.11264038085938,103.13674459115524,101.66173039207234,102.47184302593821,226900000
2011-05-06,102.56358337402344,103.65648010545469,102.16616532062389,103.12913938610471,222787200
2011-05-09,102.96095275878906,103.25901324253094,102.39539701404044,102.55589650297739,114104500
2011-05-10,103.83982849121094,104.02325478209738,103.1749271369493,103.30484971987039,114806900
2011-05-11,102.7469711303711,103.70229478092621,102.27313433142876,103.68700633725095,193564200
2011-05-12,103.23609161376953,103.45008316869554,101.94449223189568,102.47183272855803,171550700
2011-05-13,102.44125366210938,103.43479252406944,102.07441267028247,103.28958147310372,157444900
2011-05-16,101.79166412353516,102.87691056861203,101.62352620061236,102.07443623860188,141675400
2011-05-17,101.77633666992188,101.91390930943518,100.97386264747296,101.40949573399152,192686200
2011-05-18,102.68585205078125,102.79284785717701,101.60824393243723,101.82988559961518,135217900
2011-05-19,102.93036651611328,103.19786175279974,102.36482248444761,103.0220854993088,119489500
2011-05-20,102.11264038085938,102.9303914061455,101.92157564035644,102.66290776644115,182594900
2011-05-23,100.92801666259766,101.43243027639616,100.56881408868031,100.86687455834961,168700000
2011-05-24,100.84395599365234,101.44007698185798,100.65289127533862,101.21844703974664,147199600
2011-05-25,101.18023681640625,101.60058155002027,100.4083395140718,100.43890473939577,151050100
2011-05-26,101.64644622802734,101.82987258483435,100.71404932217526,100.90511407072418,164850000
2011-05-27,102.03619384765625,102.31132749737883,101.61586081368006,101.92919807618995,120921900
2011-05-31,103.09849548339844,103.11378392288898,102.28838311533599,102.99914978086599,164731200
2011-06-01,100.7828140258789,103.1138059249118,100.69874508323625,102.8004569876378,233094300
2011-06-02,100.6758041381836,101.06558357292087,100.08733328383606,100.85159205103751,200466800
2011-06-03,99.67462921142578,100.43888799543763,99.414784023661,99.46827607447678,234690200
2011-06-06,98.61994171142578,99.62876883593167,98.49001912629932,99.42241571288949,179951200
2011-06-07,98.55885314941406,99.407181169388,98.47478418665385,99.12439738828486,161660500
2011-06-08,98.14611053466797,98.73459305697494,97.96268423037837,98.40595571949733,198696400
2011-06-09,98.89508819580078,99.30014444382627,98.17669468952121,98.41361306157413,160964400
2011-06-10,97.51943969726562,98.53589965727743,97.25959445614723,98.4747692042686,238629400
2011-06-13,97.59584045410156,98.00854671137272,97.09907692917258,97.74105148307981,207599800
2011-06-14,98.83395385742188,99.17786798593754,98.45182445647916,98.49002806724235,160570400
2011-06-15,97.0761489868164,98.8186639267513,96.816303796891,98.00855147482875,300958000
2011-06-16,97.2901611328125,97.8022132007836,96.54118483885279,97.10673479704724,308032800
2011-06-17,97.58049011230469,98.2640522890499,97.25022927389762,98.25637016915935,233284900
2011-06-20,98.07969665527344,98.28707283202722,97.21948691389295,97.25020952747644,159479000
2011-06-21,99.42381286621094,99.61582486932045,98.11813358896275,98.58664334532926,193157300
2011-06-22,98.82471466064453,99.70028873384373,98.76326942679968,99.11657659153761,176703000
2011-06-23,98.54055786132812,98.80169136101351,96.91997615995507,97.66498363572026,334286500
2011-06-24,97.3961410522461,98.59429376246716,97.25021595275749,98.51749601304348,226129300
2011-06-27,98.26406860351562,98.64040464452617,97.265603802632,97.45761581359105,168904700
2011-06-28,99.54666900634766,99.5620332427492,98.51748783753696,98.65573080671516,165556300
2011-06-29,100.39922332763672,100.56050682517653,99.56205392179024,99.99983513459361,244295500
2011-06-30,101.35929870605469,101.5205822282499,100.39156241443497,100.72181743953753,223322700
2011-07-01,102.85699462890625,102.99524937362257,101.21337225184162,101.45146527495402,202385700
2011-07-05,102.77249145507812,102.97986767726343,102.44991273139061,102.74945095477769,165936000
2011-07-06,102.8953857421875,103.02595248854645,102.23486403035395,102.52672600426325,143331600
2011-07-07,103.96297454833984,104.22410804762521,103.5943148011439,103.80936729696504,170464200
2011-07-08,103.22563934326172,103.96297052862688,102.44991513614887,102.78785810779617,194100500
2011-07-11,101.35929870605469,102.28863025256223,101.12120569363512,101.95837522745967,195918600
2011-07-12,100.92147827148438,101.9813880071349,100.89076151543462,101.14421870089363,214675700
2011-07-13,101.25944519042969,102.31935517734705,101.0136759253297,101.45145718982879,204062600
2011-07-14,100.56049346923828,101.98138659608138,100.36848151801513,101.5128769663177,226111800
2011-07-15,101.14419555664062,101.2824385064506,100.43759313438797,101.12115506500564,220012800
2011-07-18,100.31468963623047,100.82928008152953,99.5620063287233,100.67567291747353,196872100
2011-07-19,101.9429702758789,102.06586072337,100.85234392322123,100.87538441719104,166554900
2011-07-20,101.88156127929688,102.26558527464965,101.70491352288964,102.20415174853761,137145400
2011-07-21,103.29475402832031,103.54821121157117,101.89690139090278,102.45757300989312,245246300
2011-07-22,103.36388397216797,103.47141020541888,102.73407909206938,103.31780297498621,126019400
2011-07-25,102.78788757324219,103.29480217602661,102.27329670780406,102.3808229823809,136653800
2011-07-26,102.40384674072266,102.88772075691884,102.17342998446337,102.71874925029424,131278200
2011-07-27,100.30708312988281,101.86621978219733,100.17650464418634,101.83549129633339,249020100
2011-07-28,100.01518249511719,101.20565889379886,99.85388730531736,100.30704440071733,207939900
2011-07-29,99.33163452148438,100.26865388013985,98.2870889275478,99.0090558156411,307038400
2011-08-01,98.90918731689453,100.58353748925526,97.94912763900925,100.49136379093291,325790900
2011-08-02,96.38235473632812,98.6941811654449,96.38235473632812,98.16422609963364,346653800
2011-08-03,96.90457916259766,97.0121053743262,94.87693365608956,96.51287904547475,370830800
2011-08-04,92.36546325683594,95.71415333684288,92.21185012579694,95.56054020580389,520721800
2011-08-05,92.2271957397461,93.75560946147277,89.75408049711119,93.5175164811321,655619200
2011-08-08,86.22103118896484,92.25788621189635,86.03669553318507,89.7924539482928,702263900
2011-08-09,90.23026275634766,90.35314736359415,84.69263267737412,87.61121681116317,717828700
2011-08-10,86.24407958984375,89.30858836640982,85.98294031674442,88.52518226659005,662607400
2011-08-11,90.11504364013672,91.33623674625281,86.26712278359676,86.98908954152056,487979700
2011-08-12,90.72180938720703,91.55897868706745,90.07664618002325,90.93686183635504,313731600
2011-08-15,92.6419448852539,92.73410688807145,91.39770510954999,91.54363609366548,258810600
2011-08-16,91.85086059570312,92.69571811190346,90.86776006020611,91.75869858283866,294095200
2011-08-17,91.91230773925781,93.0874203054408,91.18266444357629,92.35777700975927,238201100
2011-08-18,87.94918060302734,91.94302797185422,87.08896470924157,89.47759452543815,512956300
2011-08-19,86.51292419433594,89.0013980144438,86.40539794567172,86.75869931410287,428281300
2011-08-22,86.58202362060547,88.50214295535045,86.33624858014768,88.45605610669392,275090600
2011-08-23,89.43148803710938,89.5313321419715,86.4668230493909,86.9046100626167,331136600
2011-08-24,90.69108581542969,90.81397041661586,89.0320997513688,89.23947593924626,246869700
2011-08-25,89.30860900878906,91.70492056990041,88.99371241638039,91.19032988246401,312365400
2011-08-26,90.60662078857422,91.02136739934294,87.44226101367637,88.85547233848918,314495900
2011-08-29,93.21027374267578,93.26403684982522,90.67571386908449,91.82778547349159,190977200
2011-08-30,93.45608520507812,94.03212123177123,91.59741036528635,92.80324554677425,241315700
2011-08-31,93.87078857421875,94.86157078656177,93.16418611354797,94.05511837705922,301828400
2011-09-01,92.88772583007812,94.77712318321151,92.76483533894368,93.92458944512508,254585900
2011-09-02,90.51445007324219,92.83395817235065,90.1918713393765,90.95223717198584,255517200
2011-09-06,89.85393524169922,89.98450785708238,87.84932946252472,87.85701158336875,285130500
2011-09-07,92.38845825195312,92.42685712099164,90.90612596112368,91.21334621212637,209803200
2011-09-08,91.42842864990234,92.88772092651108,91.22105242199572,91.83549312574912,250568200
2011-09-09,89.03209686279297,91.44376641269108,88.54054675451688,90.38386259042194,380195100
2011-09-12,89.60816192626953,89.67728929578243,87.59587984525837,87.91845861034149,305793500
2011-09-13,90.42996215820312,90.76790512446614,89.2625318761665,89.90001306807513,272514700
2011-09-14,91.68186950683594,92.78017811333059,89.64654163133663,90.8907753376138,319389500
2011-09-15,93.26406860351562,93.29479122659534,91.70493210560254,92.66499210281417,326777200
2011-09-16,93.81607055664062,94.16348384147128,92.88964691054133,93.6385088713329,284528300
2011-09-19,92.88188934326172,93.36054471412984,91.65437818950059,92.27971361575207,241517000
2011-09-20,92.77381896972656,94.17889781457433,92.65029859691194,93.27563410504142,218932200
2011-09-21,90.04086303710938,93.10578925325066,89.89418296123715,92.82014507546086,316251300
2011-09-22,87.13033294677734,88.17256062612952,85.92598148530867,87.43142081214452,513911300
2011-09-23,87.65531921386719,88.13397465007382,86.48184327028206,86.55132826604813,307242500
2011-09-26,89.7397689819336,89.86329523742086,87.22298337196918,88.48137617695139,260673700
2011-09-27,90.7433853149414,92.3028657666082,90.20296686491636,91.5076847612003,311753900
2011-09-28,88.89056396484375,91.47683507153582,88.75932171027848,90.92870045830104,286696800
2011-09-29,89.59309387207031,90.81288331717296,87.95640623666492,90.36511534140291,298108900
2011-09-30,87.35423278808594,89.12987868138893,87.29246965526065,88.35785719124245,288392300
2011-10-03,84.86832427978516,87.97184813824315,84.77567957876528,86.84469744775615,365136800
2011-10-04,86.7288818359375,86.91417121403214,82.9382597991036,83.64851807829874,459177500
2011-10-05,88.33467102050781,88.56627975417555,86.14213347268688,86.94503628866568,284108000
2011-10-06,89.93276977539062,90.0640178877003,87.63214933920663,88.28836634053204,257800800
2011-10-07,89.3305892944336,90.51950287481998,88.82877424121028,90.45773975348824,312657900
2011-10-10,92.31835174560547,92.35694929466659,90.84378754411692,90.85150940995229,230666300
2011-10-11,92.41094207763672,92.67343236776213,91.67752423974069,91.7701689109711,209088000
2011-10-12,93.2215805053711,94.29468973936305,92.89733294331359,93.10577612176323,281544900
2011-10-13,93.03629302978516,93.31422118248494,91.96318384188253,92.67344205875737,212538800
2011-10-14,94.62669372558594,94.6498534327552,93.59218753830774,94.11716249768918,211397600
2011-10-17,92.82015228271484,94.61124201869477,92.58854346484955,94.17890595135002,202311600
2011-10-18,94.63441467285156,95.34467317275131,92.02497774269722,92.75067997393177,318857900
2011-10-19,93.51494598388672,95.0203911822757,93.19069842363885,94.47997269180699,226601300
2011-10-20,93.92414093017578,94.26382639366395,92.50361827085256,93.74657338898909,262075600
2011-10-21,95.70751190185547,95.82331631164809,94.74248497034537,95.02812917243591,278999400
2011-10-24,96.88098907470703,97.12031977629171,95.77699794951027,95.86192079683751,203215600
2011-10-25,94.99726104736328,96.46409738784516,94.78881191515086,96.41777797626791,268596800
2011-10-26,95.9622573852539,96.32510247673629,94.3487296803406,96.00085491921304,289053800
2011-10-27,99.30510711669922,99.91499878211867,97.74562073686369,98.53307989921592,393220200
2011-10-28,99.28194427490234,99.47494960064662,98.66432487649861,98.81872678107199,225906500
2011-10-31,96.88866424560547,99.29736671060235,96.74970018877453,98.1702223130524,228146700
2011-11-01,94.1866226196289,95.35237672913688,93.81604970950055,94.20978232212632,416565800
2011-11-02,95.72293090820312,96.03946250669001,94.79650759224462,95.59941054810136,244717600
2011-11-03,97.46771240234375,97.6607177734375,95.4218542907387,96.71112875603139,291174800
2011-11-04,96.8732681274414,97.04310792332134,95.73839548964138,96.6802627370688,249401600
2011-11-07,97.47544860839844,97.57580929571337,95.88508011134955,96.80378769774741,196617200
2011-11-08,98.72610473632812,98.83419316237388,97.05081953843758,97.98496482237732,224426300
2011-11-09,95.0821762084961,97.12031261392802,94.85056738921917,96.41777018149645,337982000
2011-11-10,95.97770690917969,96.45636233099766,94.97407666312971,96.34055793490631,231866500
2011-11-11,97.78424835205078,98.0390109766908,97.11258751059296,97.14346907813712,189924400
2011-11-14,96.85781860351562,98.39413976975918,96.44092627844344,97.42139690131414,159258300
2011-11-15,97.33646392822266,97.85371687600504,96.28651430552809,96.63392159521928,184709400
2011-11-16,95.79241180419922,97.53717583772031,95.65344772373638,96.35598409881395,235782500
2011-11-17,94.27153015136719,95.85417631907016,93.59215346482182,95.61484568865134,331219600
2011-11-18,94.17118835449219,94.7656423380222,93.77745572692686,94.57263695647836,215580400
2011-11-21,92.38008117675781,92.91277192382795,91.60033793358411,92.79696753879334,229611600
2011-11-22,92.01721954345703,92.71975585531894,91.49996080213319,92.17934330773285,216494900
2011-11-23,89.98680877685547,92.01722874450239,89.98680877685547,91.15256269184941,224329100
2011-11-25,89.81700134277344,90.86695132120863,89.70891877646906,89.84788291744013,99557000
2011-11-28,92.41870880126953,92.78155991048851,91.73161002043014,92.28746653752664,210686000
2011-11-29,92.68119049072266,93.41460861556584,92.34149912002961,92.68119049072266,199241500
2011-11-30,96.49494171142578,96.6725092040257,92.64255703077804,95.33690974854106,324439500
2011-12-01,96.47953796386719,96.99679100975874,96.06264560313068,96.38689325368443,176954800
2011-12-02,96.39458465576172,97.66069917785117,96.33282153515849,97.36733319006886,221109700
2011-12-05,97.4445571899414,98.18569714228236,96.84238134679293,97.92320676267134,225263900
2011-12-06,97.47544860839844,98.13166578865804,97.08943780941546,97.4368451724772,178842100
2011-12-07,97.83829498291016,98.24746546768782,96.47953538680977,97.15119037500816,237802500
2011-12-08,95.69206237792969,97.41367291111742,95.46045946242604,97.19750783395806,240862800
2011-12-09,97.31331634521484,97.56036299954944,96.03947964096653,96.12440248058688,209111400
2011-12-12,95.89276123046875,96.47949904482644,95.08214243108134,96.46405532099725,215826100
2011-12-13,94.99726104736328,96.94275290435385,94.5340433713612,96.3946182704793,245159800
2011-12-14,93.9858627319336,94.98177082375477,93.77741959181034,94.61891990386009,238618800
2011-12-15,94.3255615234375,95.11302064824473,94.17887559340228,94.9817784424527,199109200
2011-12-16,94.46541595458984,95.52202445220291,94.2401150480708,94.96264871294721,220481400
2011-12-19,93.45541381835938,95.03255551364607,93.25341359348499,94.83055528877169,183903000
2011-12-20,96.28339385986328,96.44654583687209,93.51756923120057,94.92378812404596,225418100
2011-12-21,96.46985626220703,96.61747250189634,95.36663470087329,96.283397699249,194230900
2011-12-22,97.32450103759766,97.42550415639097,96.51651165172957,96.82727406441126,119465400
2011-12-23,98.19464111328125,98.22571853683833,97.43326498207662,97.63525934407889,92187200
2011-12-27,98.27230834960938,98.52869258745456,97.93823353504442,98.02369494765948,86075700
2011-12-28,96.98265075683594,98.30340865077713,96.90496016202982,98.28787290278088,119107100
2011-12-29,97.98484802246094,98.08584517471355,97.00593020500264,97.30115675364084,123507200
2011-12-30,97.50318145751953,98.14802463794501,97.50318145751953,97.90717609533789,95599000
2012-01-03,99.05699157714844,99.74068284196888,99.00260758357506,99.25899180788272,193697900
2012-01-04,99.21238708496094,99.29784850543541,98.4432402281024,98.8239282382267,127186500
2012-01-05,99.47652435302734,99.6241405938955,98.22569246942616,98.6763061002999,173895000
2012-01-06,99.22015380859375,99.616383475513,98.89384981344206,99.60084180293738,148050000
2012-01-09,99.46102142333984,99.58531926335756,98.98710108472383,99.44547974777825,99530200
2012-01-10,100.32339477539062,100.72738347766638,100.18354341319956,100.5253891265285,115282000
2012-01-11,100.37776947021484,100.50984406321648,99.84947109820831,100.01261718463579,111540700
2012-01-12,100.61862182617188,100.76623810760795,99.86501059818514,100.6652468530662,118983700
2012-01-13,100.09808349609375,100.26124144530921,99.22793937980987,99.94270231173226,179836200
2012-01-17,100.4865493774414,101.24793738700058,100.14470363516183,101.06147283989573,132209200
2012-01-18,101.5975341796875,101.6519122559089,100.28454132815568,100.46322908548838,163395200
2012-01-19,102.13363647460938,102.21909792125365,101.6208677947438,101.94717190334185,126328900
2012-01-20,102.51428985595703,102.51428985595703,101.71406555997967,101.96268491844664,138230200
2012-01-23,102.2501449584961,102.7473718414185,101.76068298529196,102.17244844201721,129295800
2012-01-24,102.13363647460938,102.16470797574055,101.46548657943428,101.6208677947438,103083300
2012-01-25,102.98821258544922,103.22905518542974,101.58199338828001,101.9782171635876,198613200
2012-01-26,102.45989990234375,103.64080615368844,102.0558994190826,103.44657674796203,184880500
2012-01-27,102.41329193115234,102.59197967412479,101.89274666518538,101.96267826445523,135259100
2012-01-30,102.06366729736328,102.11805722286391,101.0459070785142,101.3955176480301,147311800
2012-01-31,102.02484130859375,102.69297917127493,101.527602584103,102.56868134497591,157212000
2012-02-01,102.91830444335938,103.43883795957127,102.6541552300265,102.77845307141395,166234500
2012-02-02,103.08145141601562,103.34561248640146,102.71631094440255,103.12029967826282,113090400
2012-02-03,104.52648162841797,104.5886364547988,103.92826365229182,104.1069513688736,160598500
2012-02-06,104.45658874511719,104.5032019131796,103.97490353537363,104.09143645552963,107694500
2012-02-07,104.7207260131836,104.89942561017934,103.82727544749562,104.23904085827245,135528100
2012-02-08,105.03152465820312,105.05483124501085,104.34783316564236,104.77514034849284,139361400
2012-02-09,105.16356658935547,105.34225431763014,104.54203013969631,105.20241484023825,148602900
2012-02-10,104.38665771484375,104.47211913199939,103.9826572105787,104.2312765531488,167907500
2012-02-13,105.16356658935547,105.28787625025166,104.68188147190995,105.1324951015423,115841900
2012-02-14,105.03152465820312,105.0936795079655,104.30121999202692,104.88390837187065,165329500
2012-02-15,104.54204559326172,105.52873440839367,104.33227449134344,105.37335323671564,195195100
2012-02-16,105.69969177246094,105.79291813494837,104.36339192094668,104.54985650074892,186567800
2012-02-17,105.97938537597656,106.15030828138045,105.62977465304233,106.06484682867851,129869400
2012-02-21,106.02595520019531,106.47656887063842,105.69965120190676,106.22794952632933,134042300
2012-02-22,105.68408966064453,106.08809009178357,105.4976251874679,105.86277737150925,124455300
2012-02-23,106.15025329589844,106.22793794140584,105.27233263243194,105.62971993719488,137704300
2012-02-24,106.38331604003906,106.59308710106136,106.15025025537119,106.38331604003906,105539100
2012-02-27,106.56204986572266,106.84950566242077,105.50544116793701,105.67636403484535,145728900
2012-02-28,106.872802734375,106.99711241830117,106.3833407631807,106.5931118729531,129355900
2012-02-29,106.4532699584961,107.36226227382268,106.08034091516441,107.028181487691,185934700
2012-03-01,107.00489044189453,107.20689666673726,106.38335380091567,106.67858637271634,145023500
2012-03-02,106.67853546142578,107.07477095654829,106.43769294350726,106.93491964802865,120638300
2012-03-05,106.2435073852539,106.59311801848176,105.87835507693323,106.51543335266703,140765000
2012-03-06,104.68964385986328,105.2179421237212,104.38664647798677,105.15579914959089,202129900
2012-03-07,105.41997528076172,105.59089814044901,104.8295101819058,104.93051328667315,143692200
2012-03-08,106.46878814697266,106.68633599256326,105.84726351896194,106.06479950973016,116968900
2012-03-09,106.88060760498047,107.16028668512485,106.53876181170126,106.67083644004512,122836800
2012-03-12,106.88834381103516,107.02818331355238,106.50764985169843,106.86503722728227,104003500
2012-03-13,108.81510925292969,108.8694991912858,107.2845801811329,107.46327981730987,184090500
2012-03-14,108.69851684570312,109.11804702776952,108.36443619745613,108.8461330492435,145163600
2012-03-15,109.327880859375,109.37449403362805,108.58203450684931,108.86172540719325,165118500
2012-03-16,109.47923278808594,109.61968510186625,109.24513369167741,109.5260502260127,152893500
2012-03-19,109.90841674804688,110.24394967073373,109.3309738753874,109.40901087947859,125291100
2012-03-20,109.5884780883789,109.72113146554116,108.96421779655233,109.28415283329498,121729700
2012-03-21,109.40904235839844,109.75237431756705,109.18274212548847,109.65094047119433,122388400
2012-03-22,108.62089538574219,108.89401303795363,108.26195368447941,108.605285601016,135216700
2012-03-23,108.9720458984375,109.09690037157284,108.11369818588223,108.71454991941545,120521000
2012-03-26,110.50148010253906,110.50148010253906,109.71335858979438,109.75236519304485,120164000
2012-03-27,110.1581039428711,110.67311954786041,110.08787778949275,110.60289339448207,119868500
2012-03-28,109.61188507080078,110.27516385287785,108.9642160701351,110.10349197767613,148562100
2012-03-29,109.42464447021484,109.62753598436407,108.5350771043931,108.9642569534253,164963700
2012-03-30,109.87720489501953,110.06448657391697,109.28416410534156,109.96304084283386,135486800
2012-04-02,110.68094635009766,110.96967378685592,109.52607232339574,109.74456168231835,151741100
2012-04-03,110.22834014892578,110.71214814323871,109.58067111511947,110.52486647704256,155806700
2012-04-04,109.13591766357422,109.5104691720181,108.7301465838063,109.41683427160159,146896000
2012-04-05,109.0812759399414,109.40121101935296,108.66770597163918,108.76135276730616,137439400
2012-04-09,107.85623168945312,109.12035097140974,107.55970517866035,107.70796843405674,127555900
2012-04-10,106.04586791992188,107.94985753174443,105.93662319990491,107.64553210406993,235360300
2012-04-11,106.90416717529297,107.32553602590814,106.70908657825775,107.13045542887292,154133000
2012-04-12,108.30094909667969,108.38678504363969,106.9275858520954,107.00562286088662,154321500
2012-04-13,107.01343536376953,108.32438345562383,106.91198962083715,108.0512657970108,169246700
2012-04-16,106.94318389892578,107.71569543001215,106.57643143005212,107.5596333363323,147825300
2012-04-17,108.52726745605469,108.74575682913532,107.45041846960169,107.559663156142,147877600
2012-04-18,108.16047668457031,108.52722912558995,107.9810058858076,108.04343309989325,123884200
2012-04-19,107.46600341796875,108.58185875068041,106.95879861342256,108.17609966975348,198666700
2012-04-20,107.6454849243164,108.33217252447388,107.58305769641333,107.9420112801619,143199600
2012-04-23,106.74030303955078,106.83394983045918,106.07703609898464,106.54522242642385,171844900
2012-04-24,107.14604187011719,107.41915940918115,106.74808182529486,106.83391774556306,137484200
2012-04-25,108.61310577392578,108.65992322534771,108.09808999472827,108.19172489757214,150252200
2012-04-26,109.37004089355469,109.4948953927755,108.31660040489716,108.37902765450757,136291600
2012-04-27,109.5494613647461,109.86158556233535,109.08907400593073,109.6977245259722,130725000
2012-04-30,109.14372253417969,109.40904127774094,108.8472080311547,109.33100425196791,115092200
2012-05-01,109.8226089477539,110.54050432360451,108.95645037020341,109.08129293925444,138832200
2012-05-02,109.49488067626953,109.60412537170976,108.8238027166284,109.18274447016971,121081000
2012-05-03,108.659912109375,109.59629676235535,108.45703253837526,109.51046080793684,143759700
2012-05-04,106.90416717529297,108.6989110493718,106.84173995542874,108.09026053916394,193927300
2012-05-07,106.98223876953125,107.34118051634603,106.48283275590914,106.5218393625092,127765900
2012-05-08,106.55304718017578,106.72471909467872,105.28111760638878,106.34235675659905,213377700
2012-05-09,105.92097473144531,106.59985145971199,104.94557165898136,105.4215688346148,220752500
2012-05-10,106.13948059082031,106.78714976057795,105.89758249627494,106.65448444410696,150600000
2012-05-11,105.81952667236328,106.8027286613247,105.42936545196622,105.47618289332978,153032400
2012-05-14,104.64905548095703,105.81953928162088,104.49299335555723,104.80511760635682,163910000
2012-05-15,104.04818725585938,105.19526215070545,103.88432621760997,104.57881268599925,207629300
2012-05-16,103.6502456665039,104.99240140402559,103.62683694256388,104.51640417261642,207265500
2012-05-17,102.11298370361328,103.79848284559687,102.05835542359081,103.67362841135197,247992900
2012-05-18,101.23905181884766,102.69045223661927,101.09078862941648,102.51096947742512,319615900
2012-05-21,102.97916412353516,103.01818263096878,101.40290929607544,101.56678226458595,177861100
2012-05-22,103.15862274169922,103.96235389109928,102.487544976428,103.24445868516793,197531200
2012-05-23,103.21329498291016,103.36155821265906,101.43416003948414,102.41736243239419,204958400
2012-05-24,103.4161376953125,103.65803575990185,102.5499792631136,103.49417470630475,167357600
2012-05-25,103.08063507080078,103.66587710510106,102.83092608757843,103.37714960490275,135465600
2012-05-29,104.3291244506836,104.50859530654932,102.35490931582818,103.9077555050037,152883500
2012-05-30,102.81532287597656,104.32135199876731,102.60464430303385,103.4395834671834,162370400
2012-05-31,102.58900451660156,103.35371726616624,101.70723624284895,102.7762862112361,196186000
2012-06-01,100.00616455078125,102.61243962741695,100.00616455078125,100.98156796929281,253240900
2012-06-04,99.95930480957031,100.45871067233125,99.21019006204143,100.18559306796317,202545800
2012-06-05,100.71623229980469,100.8644835753345,99.70960959192246,99.76423192960561,164149400
2012-06-06,102.97916412353516,103.0259815697448,101.38729951174663,101.41851908040424,184202800
2012-06-07,103.04156494140625,104.1964386433966,102.8308745806924,104.14962120918769,184772700
2012-06-08,103.86092376708984,103.88433248825275,102.44853011853174,102.77627602836398,143915400
2012-06-11,102.54219818115234,104.758311560637,102.44075243055215,104.69588432232752,169756100
2012-06-12,103.72045135498047,103.79067751293185,102.34708822568456,102.83868323811912,181931800
2012-06-13,103.05718231201172,104.06379294196269,102.70602771603446,103.41612393856572,172223900
2012-06-14,104.14965057373047,104.56322056821183,102.98696570037553,103.267882291606,230615500
2012-06-15,105.2148208618164,105.3089409215795,104.39908575076943,104.61870720253098,169444500
2012-06-18,105.41875457763672,105.6775967176514,104.54026874617249,104.77558087059235,131360900
2012-06-19,106.4384536743164,106.8698573269457,105.39524555740344,105.95215063052021,137382600
2012-06-20,106.2658462524414,106.75216105437678,105.31677059561392,106.44625895454004,206451800
2012-06-21,103.88141632080078,106.50119541843307,103.79513559753873,106.39138467686983,205272200
2012-06-22,104.68144989013672,104.87754131195601,104.02257361678626,104.42260777711878,130029200
2012-06-25,103.0029067993164,103.61471107198247,102.6342539723932,103.57549039430481,146375700
2012-06-26,103.52054595947266,103.83429931212603,102.69695986539917,103.30092459684862,141634000
2012-06-27,104.4539566040039,104.65788733395605,103.51272035800194,103.86568245419414,108088000
2012-06-28,104.15591430664062,104.31279701881111,102.97152642796509,103.76373146315555,169242100
2012-06-29,106.75215911865234,106.88549982965368,105.77170215381706,106.04622292288965,212250900
2012-07-02,107.07376861572266,107.18357934648793,106.29725415119394,107.05023859973524,129524500
2012-07-03,107.77969360351562,107.85812299235609,106.94041656047443,107.05022727962769,80450000
2012-07-05,107.29336547851562,108.08558239670344,106.9011826773436,107.37964617351224,126177500
2012-07-06,106.27371978759766,106.4933412401436,105.77172618628244,106.25802912142393,151192100
2012-07-09,106.140380859375,106.33647230024573,105.65406594745481,106.1874408902285,103780500
2012-07-10,105.2148208618164,106.85414240120492,104.85400735193872,106.68158097932493,167884800
2012-07-11,105.23047637939453,105.57559910787843,104.61867225834308,105.2696970473527,141733400
2012-07-12,104.72064971923828,105.28539392366423,104.00688610038205,104.61869032709856,143583200
2012-07-13,106.47762298583984,106.58743368366109,104.97948191891052,104.99517258101882,129642600
2012-07-16,106.22661590576172,106.54036929270714,105.81090314046848,106.23446722072782,97525200
2012-07-17,106.95611572265625,107.17573717841037,105.53641560922003,106.65021355439359,138860300
2012-07-18,107.74834442138672,107.96012657453849,106.64239755153704,106.70513629394007,113349700
2012-07-19,108.03069305419922,108.38365525342157,107.62283147523955,107.96794235701964,129847300
2012-07-20,107.04238891601562,107.58360316841795,106.92473884743724,107.41888110393735,142904500
2012-07-23,105.95992279052734,106.97176089493556,104.9794660055788,105.47362005510219,145210900
2012-07-24,105.05007934570312,106.08544768535333,104.344155091192,106.03838766418183,173301200
2012-07-25,105.07362365722656,105.54423584785775,104.5167188012397,105.26971506210694,129122300
2012-07-26,106.80708312988281,107.03455590055448,106.0933074223527,106.58746167656147,156526500
2012-07-27,108.77582550048828,109.08173960188469,106.7835419624387,107.37181621564044,236768900
2012-07-30,108.77582550048828,109.29350971573868,108.45424467144211,108.65033608917602,106782000
2012-07-31,108.01502990722656,108.92488522614336,108.01502990722656,108.62683433221952,120575900
2012-08-01,107.92083740234375,108.81501352011097,107.77180605463809,108.79148351452235,138293800
2012-08-02,107.17573547363281,107.90520184386934,106.34430969457834,107.10514542865003,199556600
2012-08-03,109.30135345458984,109.52881421726477,107.2070867261298,108.68169791516699,157825000
2012-08-06,109.51311492919922,109.94451837802478,109.46605491086707,109.59155627206516,86326200
2012-08-07,110.06221771240234,110.53283002376833,109.8347449220404,109.95239500776374,109545100
2012-08-08,110.19554901123047,110.32103843574451,109.66217407527735,109.69355540775955,89754700
2012-08-09,110.28968811035156,110.50930960175249,109.9288745353508,110.03868528105127,90291700
2012-08-10,110.47006225585938,110.50928293453234,109.6621665427737,109.84256730250438,99792700
2012-08-13,110.41519165039062,110.4700910400608,109.84259592320502,110.28185088293577,79426900
2012-08-14,110.43087005615234,110.8936550342874,110.10143781358975,110.82305300708025,102379400
2012-08-15,110.55632781982422,110.74457987058906,110.24258637035193,110.31317640121283,71085900
2012-08-16,111.37208557128906,111.50542629870844,110.43868851088315,110.71320931375706,112014200
2012-08-17,111.52110290527344,111.61523492228305,111.27011211967796,111.56032358165494,90813700
2012-08-20,111.52897644042969,111.55250645725224,111.05835216703407,111.36425435419949,78255700
2012-08-21,111.1916732788086,112.23488105807893,110.94852183560843,111.80347754507686,105581100
2012-08-22,111.23876953125,111.4191703238575,110.65049514935896,110.90932534513483,133243500
2012-08-23,110.32888793945312,110.97206162310633,110.15632651905244,110.96422227435043,111466400
2012-08-24,110.99559020996094,111.24659298857708,109.98376368378379,110.05435372709287,99481200
2012-08-27,111.01912689208984,111.4426911143256,110.86225613026888,111.29365970163049,68785900
2012-08-28,110.90929412841797,111.25441691694421,110.57202265592977,110.73673273415484,75689600
2012-08-29,110.99559020996094,111.2936530174498,110.68968805381704,111.00344152708722,65421300
2012-08-30,110.19554901123047,110.5485112065899,109.96023689150032,110.5171298741077,96589900
2012-08-31,110.72107696533203,111.238761255315,110.09358194430466,110.82303637871263,151970400
2012-09-04,110.61910247802734,110.95638597935559,109.91317807948428,110.62694182699899,120226200
2012-09-05,110.52498626708984,110.96422919423925,110.30536480351515,110.66616636432839,100660300
2012-09-06,112.76824188232422,112.77608122941247,111.18382007227467,111.19165941936292,158272500
2012-09-07,113.20751953125,113.25457956520108,112.85455730814436,112.95651672554753,107272100
2012-09-10,112.56429290771484,113.2937590742576,112.52508420598727,113.09766769174702,86458500
2012-09-11,112.8780746459961,113.2388761780754,112.60354185415521,112.63492318557934,88760000
2012-09-12,113.25453186035156,113.38003321033936,112.87018846418921,113.25453186035156,87640900
2012-09-13,114.98015594482422,115.33311808805479,112.94081246811999,113.23886327185234,225470200
2012-09-14,115.49003601074219,116.17243049365887,115.11353177257058,115.20766381635022,169777000
2012-09-17,115.09782409667969,115.45078625869375,114.80760065675976,115.2546948388559,119427800
2012-09-18,115.00373077392578,115.15276221810507,114.71351920482371,114.90177133986192,98326600
2012-09-19,115.06644439697266,115.4350972289671,114.83898361286596,115.13703443668122,128318300
2012-09-20,115.07431030273438,115.13704903367109,114.22719381342293,114.54093534199511,154009800
2012-09-21,115.02619171142578,115.65703635036124,114.97888046916874,115.63338072923273,108737500
2012-09-24,114.85267639160156,115.11290018218885,114.37165884518696,114.45840010871606,95682000
2012-09-25,113.63048553466797,115.31798837568077,113.5989366783706,115.09719451105204,133165200
2012-09-26,112.99170684814453,113.63832581340917,112.72360182797284,113.60678900083086,146502200
2012-09-27,114.05625915527344,114.31648298355964,113.16519077650787,113.46484464526634,111830300
2012-09-28,113.52792358398438,113.99316674988668,113.12576607263196,113.62254604963006,150696100
2012-10-01,113.82760620117188,114.8842641091116,113.55948909348756,113.96165873883336,135911200
2012-10-02,113.94587707519531,114.45843157089384,113.4175481547853,114.27706779997351,113422200
2012-10-03,114.41114044189453,114.67924554731852,113.65413637571359,114.25343226413706,121283100
2012-10-04,115.23123168945312,115.39682104964179,114.68712829839572,114.84483646174357,124311600
2012-10-05,115.23908996582031,116.04341708098775,114.89212485604773,115.84627890792234,124842100
2012-10-08,114.84481811523438,115.22332005327566,114.5845942727186,114.81328130054746,78415400
2012-10-09,113.70929718017578,114.85269619118407,113.66986713861839,114.7580737173338,148872900
2012-10-10,112.98381042480469,113.80391182961156,112.83398351244435,113.69350291957154,124247500
2012-10-11,113.04691314697266,113.93798152936031,113.02325752906494,113.77238017164721,123601500
2012-10-12,112.67630004882812,113.51216402442687,112.43185062566545,113.12578088421228,124181900
2012-10-15,113.6147232055664,113.73300134836917,112.58172065054065,112.94444831004544,107689100
2012-10-16,114.76597595214844,114.84483604972023,114.07205762943516,114.1509056946454,108815500
2012-10-17,115.2863998413086,115.38103434526715,114.6713297111937,114.84481226403217,128834100
2012-10-18,114.98680114746094,115.53878582616412,114.60040585618692,114.98680114746094,148108500
2012-10-19,113.07057189941406,114.78172982554375,112.8024668674548,114.77384863014237,185645200
2012-10-22,113.08636474609375,113.2913841511647,112.1952961938351,112.88133330866144,125578600
2012-10-23,111.51717376708984,112.02184725082866,111.05193034334228,111.8641390432287,192056300
2012-10-24,111.20173645019531,112.05337504999733,111.02825384473401,111.9193104647532,120179400
2012-10-25,111.52503967285156,112.19531450369357,110.84689567640135,111.9902950651642,134457400
2012-10-26,111.46194458007812,111.84832775652235,110.7049285877392,111.42251453307989,146023500
2012-10-31,111.46194458007812,111.99815471569909,110.93360360855142,111.8562209853386,103438500
2012-11-01,112.62902069091797,112.77095444814609,111.59601823876909,111.69852194153498,100995600
2012-11-02,111.62748718261719,113.33076342777761,111.50920912351826,113.29921459044726,137702200
2012-11-05,111.85619354248047,112.10852412311253,111.13071454631294,111.46191723395197,98378500
2012-11-06,112.73149871826172,113.17308630285937,112.07699853667617,112.19527662813653,107068100
2012-11-07,110.17658233642578,111.72213886406993,109.65613467549375,111.70637647363618,264304500
2012-11-08,108.8518295288086,110.72070795516842,108.76508823448505,110.16083014046887,181517300
2012-11-09,108.94642639160156,109.95577272262118,108.46540884069711,108.52060126399047,201055300
2012-11-12,109.03319549560547,109.45900869958292,108.78874606069614,109.28552612660977,97677500
2012-11-13,108.65463256835938,109.80592439485038,108.31556080356816,108.45749446352121,123018300
2012-11-14,107.18800354003906,109.15938604050942,106.94355403515897,108.9859154502428,191505000
2012-11-15,107.00662231445312,107.62958582140065,106.59657145198808,107.22741615600462,178128400
2012-11-16,107.53494262695312,107.74785525427387,106.21806088085987,107.16432184443072,239483900
2012-11-19,109.7113265991211,109.72708898775319,107.56646257409702,108.74139824214866,151495800
2012-11-20,109.75865936279297,109.94002312650498,108.88336532768183,109.53786555504963,119807400
2012-11-21,109.96366882324219,110.05830332684951,109.63247814151408,109.85327192933282,81710800
2012-11-23,111.46194458007812,111.50136259471537,110.42893029111247,110.49990918865372,65409200
2012-11-26,111.22537994384766,111.46982939787286,110.54722402347385,110.90995158997531,100124400
2012-11-27,110.6575927734375,111.49345664181342,110.58662592401501,111.1149547458685,128646200
2012-11-28,111.54866027832031,111.61173390021355,109.6088155152516,110.20811118210331,177086500
2012-11-29,112.06910705566406,112.37664213061333,111.47769252442627,111.96660338558728,151085900
2012-11-30,112.09278869628906,112.30570134602226,111.70640548022618,112.0849074990257,136568300
2012-12-03,111.54082489013672,112.69999881932902,111.45408357460653,112.605376305065,124656300
2012-12-04,111.38308715820312,111.87198606209944,111.08343323266084,111.53291412097427,127512200
2012-12-05,111.58020782470703,112.10065549808677,110.68913941716532,111.47769212264028,147300500
2012-12-06,111.95872497558594,112.0060362191691,111.3121179260141,111.47770727855523,103220600
2012-12-07,112.29779815673828,112.51859196049534,111.71426479974613,112.39242063481706,108726400
2012-12-10,112.34510040283203,112.61320542416733,112.09275777167487,112.14008103928602,98840700
2012-12-11,113.11000061035156,113.63832947265269,112.75515430371459,112.8103467355936,152570400
2012-12-12,113.1651840209961,113.98528549737019,113.00747590088056,113.55157914278372,145880100
2012-12-13,112.4713134765625,113.41757463001022,112.18743392729183,113.09426502593688,135715000
2012-12-14,112.0533676147461,112.43186962319965,111.87988502079615,112.22685020869604,137701700
2012-12-17,113.37020874023438,113.43329439104289,112.31353912963877,112.34508797122182,143238200
2012-12-18,114.63189697265625,114.73441266938232,113.38598231903008,113.55158367279076,177762800
2012-12-19,113.78024291992188,114.79748245446757,113.74082491803912,114.7580524202277,150895400
2012-12-20,114.4347915649414,114.45056599180538,113.5358417514906,113.85127012695891,168487000
2012-12-21,113.39604949951172,114.42844124499801,112.72103298270581,112.90368308517085,245883800
2012-12-24,113.0466079711914,113.21337172729727,112.91954179283606,113.1498386381196,53874600
2012-12-26,112.57011413574219,113.33249907649075,112.25246081242052,113.27690308017581,106947700
2012-12-27,112.4192123413086,112.83217131087892,111.11681446899871,112.601862376472,167920600
2012-12-28,111.20417022705078,112.30803175736177,111.07710406527636,111.68859936583165,148806700
2012-12-31,113.0942611694336,113.21337814483283,110.8150553926414,110.9103610906592,243935200
2013-01-02,115.99288940429688,116.06435959081082,114.93667443869583,115.23845360535289,192059000
2013-01-03,115.7308349609375,116.23908766051886,115.42111866146915,115.93732057238319,144761800
2013-01-04,116.23902893066406,116.42962814084427,115.68312971475608,115.92137569805782,116817700
2013-01-07,115.92143249511719,116.03261239277268,115.49258709151744,115.82613890218391,110002500
2013-01-08,115.58789825439453,115.87379116437984,115.13522943120923,115.7149644627659,121265100
2013-01-09,115.8816909790039,116.19935639773905,115.65933124473766,115.84198128694993,90745600
2013-01-10,116.8028793334961,116.81081642325285,115.9213776627256,116.52492366198419,130735400
2013-01-11,116.79497528076172,116.85849625217203,116.42966304781498,116.77113976936072,113917300
2013-01-14,116.7155990600586,116.79501848024326,116.28675357938488,116.65206594745129,89567200
2013-01-15,116.79497528076172,116.90615515727634,116.10406051027299,116.17553069138287,93172600
2013-01-16,116.77906799316406,116.96171801796527,116.42964212471269,116.55670828009418,104849500
2013-01-17,117.53355407714844,117.86709379000004,116.8585254397602,117.29530796291137,133833500
2013-01-18,117.79563903808594,117.92270526470188,117.08090060164801,117.50974608705124,169906000
2013-01-22,118.43089294433594,118.43089294433594,117.51761857503502,117.79557427823435,111797300
2013-01-23,118.62152099609375,118.72476379880013,118.21651111406844,118.43093381288176,104596100
2013-01-24,118.65328979492188,119.2330126547421,118.335624303603,118.44680419613974,146426400
2013-01-25,119.32038879394531,119.32038879394531,118.62153671569068,119.02655876908891,147211600
2013-01-28,119.17742919921875,119.38390268104969,118.73269750976061,119.35213007295293,113357700
2013-01-29,119.64592742919922,119.79681696698822,118.85971926173318,118.93913863457841,105694400
2013-01-30,119.17742919921875,119.86833195407952,119.06623718857959,119.63008586415182,137447700
2013-01-31,118.88359069824219,119.42361599291847,118.80418341099852,119.03448029701497,108975800
2013-02-01,120.1065673828125,120.2495077534614,119.43153887421914,119.63801233772259,131173000
2013-02-04,118.75650787353516,120.13038825699931,118.66915138740563,119.37595248644334,159073600
2013-02-05,119.9557113647461,120.2971882019713,119.35215287260584,119.39981179385519,113912400
2013-02-06,120.04302215576172,120.12242942552942,119.44741310286653,119.53476958199904,138762800
2013-02-07,119.88421630859375,120.19393258515335,119.01065136563109,120.08275269402168,162490000
2013-02-08,120.55128479003906,120.62275497410366,120.09067896323695,120.09067896323695,103133700
2013-02-11,120.52747344970703,120.63070413111424,120.22569426321033,120.50365005263617,73775000
2013-02-12,120.72601318359375,120.9483729742184,120.40041059100058,120.53541388404413,65392700
2013-02-13,120.82926940917969,121.19458178111252,120.48779255771629,120.97222194348464,82322600
2013-02-14,120.94042205810547,121.0833745601772,120.32893870135848,120.4639419924987,80834300
2013-02-15,120.79745483398438,121.17864122531465,120.35273535781624,121.05157505563892,215226500
2013-02-19,121.70277404785156,121.72659743877149,120.83715853057072,121.00392226701022,95105400
2013-02-20,120.18595886230469,121.65513266191098,120.1224257778015,121.61542296938438,160574800
2013-02-21,119.45537567138672,120.2495212446184,119.07418918919144,119.88422106684371,183257000
2013-02-22,120.62271118164062,120.62271118164062,119.51091277417284,120.03503938472547,106356600
2013-02-25,118.32767486572266,121.3930768603748,118.32767486572266,121.21042679548388,245824800
2013-02-26,119.13773345947266,119.2806738595605,118.11327878803951,118.89948734162535,186596200
2013-02-27,120.63867950439453,120.9722192534194,118.93125893193856,119.0345017534351,150781900
2013-02-28,120.40044403076172,121.40106336648256,120.24161729587472,120.63074097869237,126866000
2013-03-01,120.79745483398438,120.98010487933267,119.44741010484628,119.98742314942277,170634800
2013-03-04,121.44072723388672,121.4407272338867,120.32892839169583,120.51951555452938,99010200
2013-03-05,122.52876281738281,122.8543655372928,122.01257284109977,122.02845915169902,121431900
2013-03-06,122.69551849365234,123.0290582548506,122.42551184663984,122.96552514066485,94469900
2013-03-07,122.91786193847656,123.07668864390382,122.71138843319122,122.85432883276549,86101400
2013-03-08,123.44200897216797,123.60877278247867,122.82257629846778,123.45789527905049,123477800
2013-03-11,123.91050720214844,123.91844429386776,123.19578118109682,123.34667074764484,83746800
2013-03-12,123.6325454711914,123.96609719039674,123.25930829531247,123.82314472249492,105755800
2013-03-13,123.80720520019531,123.98191807602755,123.2751294847758,123.69602538081946,92550900
2013-03-14,124.46646118164062,124.52205720116359,123.81526796168748,124.13292141761059,126329900
2013-03-15,124.3021011352539,124.46960661417292,123.88730537765467,124.31805809520615,138601100
2013-03-18,123.61610412597656,124.15054668107858,123.00188893870029,123.11356332078735,126704300
2013-03-19,123.32891845703125,124.04682333661972,122.51528400099636,123.87931787812566,167567300
2013-03-20,124.19044494628906,124.39783676966384,123.84743720085069,124.05484119582141,113759300
2013-03-21,123.12950897216797,124.15053527792473,122.92211718779645,123.44857512836933,128605000
2013-03-22,124.11865234375,124.11865234375,123.4246644828533,123.5203940814985,111163600
2013-03-25,123.6001205444336,124.65306063869814,123.12152136925238,124.44565670835334,151322300
2013-03-26,124.58924102783203,124.62114276986168,123.97502599233329,124.1106296962449,86856600
2013-03-27,124.58924102783203,124.62912733406291,123.640002928859,123.84739468103115,99950600
2013-03-28,124.9721450805664,125.1157333742901,124.23828316707288,124.5094906232695,102932800
2013-04-01,124.47755432128906,125.16355733697546,124.1744330299235,124.90829473970119,99194100
2013-04-02,125.0918197631836,125.40291357187594,124.73285506949624,124.92430209468979,101504300
2013-04-03,123.823486328125,125.25930839476426,123.49644777339665,125.16359098085292,154167400
2013-04-04,124.32605743408203,124.57333559475973,123.71184214454284,123.98304966453793,131885000
2013-04-05,123.76766967773438,123.91923038185206,122.65889820796241,122.80247434559269,159666000
2013-04-08,124.60523223876953,124.61320463357063,123.44061750326915,123.85541329323307,86571200
2013-04-09,125.03599548339844,125.4906776729775,124.42178016771344,124.83657603286669,101922200
2013-04-10,126.56753540039062,126.7270685264934,125.33911694064221,125.37101869722385,135711100
2013-04-11,126.98226165771484,127.39705729548155,126.46376406760882,126.59139536716637,110142500
2013-04-12,126.67123413085938,126.86266900858874,125.9692737882597,126.57550452039769,116359900
2013-04-15,123.73574829101562,126.13676571260274,123.71980350219314,126.03306372728397,217259000
2013-04-16,125.56240844726562,125.62622410290197,124.36589229016553,124.66900143994849,147507800
2013-04-17,123.72779083251953,124.6929862229534,123.06571686862782,124.66904469364049,226834800
2013-04-18,122.95399475097656,123.9670484636287,122.48336800308928,123.93513455132951,167583200
2013-04-19,124.02293395996094,124.07877724518657,122.93809172611681,123.24121316797809,149687600
2013-04-22,124.57332611083984,124.86846296768321,123.44062522686175,124.26223229180076,106553500
2013-04-23,125.85755157470703,125.97719832783623,124.57329034755318,125.19547780700984,166141300
2013-04-24,125.93730926513672,126.27233230578406,125.6660897042014,125.89742296162349,96781200
2013-04-25,126.4478759765625,127.04613426842715,126.11285279370982,126.304287657285,131060600
2013-04-26,126.22451782226562,126.51168226791721,125.81769442416201,126.29630589077972,95918800
2013-04-29,127.07001495361328,127.34919474658908,126.36805493179267,126.56747428602885,88572800
2013-04-30,127.3731460571289,127.40505997540052,126.5196374030631,127.04610751020287,116010700
2013-05-01,126.25637817382812,127.15775753270458,126.11280208387855,127.09394187997435,138874200
2013-05-02,127.42899322509766,127.54066759927623,126.45582560514404,126.57547237333755,96407600
2013-05-03,128.72122192382812,129.1280452628055,127.45291754469578,128.53775949597969,144202300
2013-05-06,129.04830932617188,129.23177180617628,128.76114484061864,128.81698812717477,66882100
2013-05-07,129.702392578125,129.74226672390836,128.96054602398885,129.32748310363812,90359200
2013-05-08,130.29269409179688,130.33258041769625,129.48704386365955,129.5588319473198,97419200
2013-05-09,129.92575073242188,130.57984013260474,129.59869994653243,130.23684455588852,106738600
2013-05-10,130.34848022460938,130.4601545851998,129.6305631880202,130.01345714283806,103203000
2013-05-13,130.4521942138672,130.66757058194628,129.87787751831408,130.1809867409348,81843200
2013-05-14,131.80029296875,131.89602257670256,130.5559176097369,130.5559176097369,119000900
2013-05-15,132.51019287109375,132.77342792747586,131.54500983595298,131.58489614842185,120718500
2013-05-16,131.88804626464844,132.70168103939193,131.68862681202683,132.23902644871808,109913600
2013-05-17,133.16432189941406,133.2440823692801,132.19912649274443,132.37461656668438,129801000
2013-05-20,133.15631103515625,133.67480875906975,132.90106054175993,133.03666426818828,85071200
2013-05-21,133.34774780273438,133.85028852862987,132.81330533195967,133.27595974806155,95804200
2013-05-22,132.358642578125,134.86336200732845,131.75241196442164,133.4833709514435,244031800
2013-05-23,131.9757537841797,132.34269082817005,130.7712650146091,130.94675505674442,211064400
2013-05-24,131.86407470703125,131.919917978262,130.80316209798883,131.19402848182347,151573900
2013-05-28,132.65382385253906,133.8343836176665,132.2629573391047,133.244097649304,143679800
2013-05-29,131.79229736328125,132.25495184351877,131.09033716270093,131.95183045297827,160363400
2013-05-30,132.2788543701172,132.8850848566504,131.79227063369186,131.89597259818004,107793800
2013-05-31,130.38035583496094,132.6617134625412,130.12510542117047,131.91189483247362,176850100
2013-06-03,131.09829711914062,131.18604212774179,129.75022024681,130.6835014265176,168390700
2013-06-04,130.4681396484375,131.69656990582166,129.80606581364358,131.17009979551418,157631500
2013-06-05,128.6414794921875,130.3564815906289,128.52980510677637,130.09324650253228,211737800
2013-06-06,129.80609130859375,129.8140758755747,127.82785398108315,128.58564537691703,200225500
2013-06-07,131.45724487304688,131.57689162070753,130.13309739817376,130.6994537374818,188337800
2013-06-10,131.45724487304688,131.93584403528132,131.11423724376664,131.86405598668495,105667100
2013-06-11,130.10118103027344,131.24982619346275,129.8140166965785,130.2607140664172,159505400
2013-06-12,129.0243682861328,131.13023693234715,128.9047214994826,130.99463318361163,177361500
2013-06-13,130.98663330078125,131.21795443029413,128.66538875411464,128.9525531534094,163587800
2013-06-14,130.16497802734375,131.3535216048868,129.94961391648704,130.8430086116878,141197500
2013-06-17,131.17015075683594,131.7923385210752,130.19698278269792,131.05049177349863,136295600
2013-06-18,132.20709228515625,132.4065116888961,131.23392462117815,131.24189701555372,114695600
2013-06-19,130.38035583496094,132.32669044792186,130.32452475165272,132.09536938006207,206149500
2013-06-20,127.14983367919922,130.39638809678348,126.81481047109517,129.1121263799195,321255900
2013-06-21,127.55799102783203,128.11129067451031,126.27494862637708,128.0150667770009,271956800
2013-06-24,125.9461441040039,127.04474085131831,124.87961790461242,126.22681340131632,222329000
2013-06-25,127.15704345703125,128.3839471101948,126.23485289526822,127.08486329696332,162262200
2013-06-26,128.416015625,128.704699552689,127.70232650321323,128.1994996202335,134848000
2013-06-27,129.16981506347656,129.7632243732071,129.06556434036165,129.18585645995586,129483700
2013-06-28,128.6405029296875,129.4263597100049,128.19144191236327,128.8089069291816,160402900
2013-07-01,129.39437866210938,130.29250131794046,129.1698479981516,129.3141838952658,131954800
2013-07-02,129.27407836914062,130.1481449043319,128.70472498071237,129.20189819595848,154863700
2013-07-03,129.33013916015625,129.7230736783842,128.48012903614853,128.68861816068022,75216400
2013-07-05,130.7254638671875,130.77357580727158,129.3461978167907,130.2844173564216,122416900
2013-07-08,131.47122192382812,131.824059128451,130.7735743285036,131.39905401451804,108092500
2013-07-09,132.41746520996094,132.57784241672448,131.72783220848075,132.29717312789086,119298000
2013-07-10,132.4656219482422,132.9146831734512,132.01656072303317,132.28920329033855,121410100
2013-07-11,134.26988220214844,134.4062034741626,132.45758382313733,134.00525423788577,135592200
2013-07-12,134.32606506347656,134.6628610948679,134.0213518366014,134.22984112193754,104212700
2013-07-15,134.83920288085938,135.03166289013652,134.46230967685693,134.69486705089986,69450600
2013-07-16,134.3340301513672,135.00762190461066,133.9731783004153,134.92742716617727,88702100
2013-07-17,134.67880249023438,135.10380756444695,134.50238390441078,134.84720649888263,92873900
2013-07-18,135.4165802001953,135.73734690489206,134.87930973532673,134.96751904961852,103620100
2013-07-19,135.6571807861328,135.7052927429867,134.96754752055733,135.13595160554723,103831700
2013-07-22,135.92184448242188,136.11430459638513,135.52890967158189,135.8496765281873,79428600
2013-07-23,135.63308715820312,136.18639898043526,135.5609192429549,136.16234300868584,80829700
2013-07-24,135.1359100341797,136.21045086003053,134.86325530254797,136.15431210363658,112914000
2013-07-25,135.46466064453125,135.58495271931804,134.67078923651906,134.89531975959278,111088600
2013-07-26,135.60903930664062,135.6491366739566,134.33402378358335,134.8953502180112,107814600
2013-07-29,135.19204711914062,135.5689403426745,134.80713931663738,135.26421503786028,79695000
2013-07-30,135.19204711914062,135.74535896798815,134.87129265638765,135.60102313054884,85209600
2013-07-31,135.28826904296875,136.20243262543573,135.11185043617712,135.4727022278883,142388700
2013-08-01,136.85198974609375,136.9722696168495,136.24253910493374,136.31471926338625,110438400
2013-08-02,137.08453369140625,137.10057508603097,136.36283000127966,136.54726321346777,91116700
2013-08-05,136.88404846191406,137.09254986785828,136.60339137575545,136.77980999493994,54072700
2013-08-06,136.106201171875,136.9161263224441,135.80148812460914,136.61941561758323,87495000
2013-08-07,135.66513061523438,135.86560516377514,135.1599430733885,135.67315742821305,84854700
2013-08-08,136.16233825683594,136.46705130036042,135.46467839245673,136.3066740822953,102181300
2013-08-09,135.76943969726562,136.402946395315,135.29632249583676,135.9859557289028,91757700
2013-08-12,135.60903930664062,135.76941653990593,135.02365689902288,135.08781023952872,68593300
2013-08-13,136.0099639892578,136.24250910017176,135.04768852713698,135.84958678490372,80806000
2013-08-14,135.31236267089844,136.1623731569092,135.28027987746376,135.94585712722704,79829200
2013-08-15,133.41983032226562,134.26181366802288,133.1872729853264,134.2457845134722,152931800
2013-08-16,132.9788055419922,133.62032667253578,132.71417761679305,133.1632387373742,130868200
2013-08-19,132.1288299560547,133.28356584719572,132.12080313936553,132.82647779195196,96437600
2013-08-20,132.77833557128906,133.27550865265232,132.20096775731957,132.34530359281283,89294400
2013-08-21,131.96043395996094,133.13922590140214,131.66373538830626,132.40949522603344,159530500
2013-08-22,133.1632843017578,133.35574437757415,132.2250643746569,132.23307895598182,101471400
2013-08-23,133.61231994628906,133.78072400982512,132.93071358435665,133.55619341577685,90888900
2013-08-26,133.11509704589844,134.15756712056535,133.02688775721134,133.74859122029108,89702100
2013-08-27,130.9740753173828,133.11514271073557,130.87785141889483,131.80002974206948,158619400
2013-08-28,131.43919372558594,131.9042963509897,130.74956048598733,130.91795232863305,108113000
2013-08-29,131.64761352539062,132.3452609776286,131.03014854394183,131.15044060411708,119200500
2013-08-30,131.2306671142578,131.93634161558617,130.84575931171437,131.9203002216473,134928900
2013-09-03,131.82406616210938,132.7783271338926,131.2707543558823,132.4976578236043,142375100
2013-09-04,132.9146270751953,133.13915759303396,131.61555590255813,131.8561155745313,97389400
2013-09-05,133.0830841064453,133.43590917791542,132.8986386364491,132.99487477957769,63090500
2013-09-06,133.14718627929688,133.90097262734392,131.89622690849401,133.52407945332038,159756500
2013-09-09,134.42227172851562,134.50245425019241,133.47602497911356,133.47602497911356,87559300
2013-09-10,135.4165802001953,135.44063617354774,134.9274216820316,135.23214699249382,105847200
2013-09-11,135.84161376953125,135.84161376953125,134.99963005421694,135.23217525722728,94545900
2013-09-12,135.4807586669922,135.96991727587383,135.29632542508628,135.79349861457217,83209000
2013-09-13,135.78546142578125,135.8897121362839,135.31234429288278,135.6250841883918,72727800
2013-09-16,136.57131958007812,137.31709148228552,136.35480357801802,137.2529381396011,106299200
2013-09-17,137.1807861328125,137.21285668987593,136.69162754459236,136.69162754459236,82523300
2013-09-18,138.7685089111328,139.145402106355,136.7878190506239,137.13262946038176,203460600
2013-09-19,138.53599548339844,139.20959959583092,138.39967419193033,139.1454462405516,146616900
2013-09-20,137.56739807128906,138.86474807876078,137.4545855617542,138.86474807876078,132867100
2013-09-23,136.93077087402344,137.510952869142,136.49564052550375,137.38203310016777,104616500
2013-09-24,136.6084747314453,137.41428181995528,136.35062285685513,136.90661941958908,106333100
2013-09-25,136.21363830566406,136.9710990110926,136.09277214868786,136.69712752485214,117306500
2013-09-26,136.7373809814453,137.12416486807197,136.22166503406373,136.4392363496329,77146900
2013-09-27,136.10887145996094,136.29420363826446,135.75431439145697,136.05245906468087,99141800
2013-09-30,135.3836669921875,135.81074383635507,134.69067228918382,134.9565901480199,143937000
2013-10-01,136.45538330078125,136.58431539901454,135.3514314118075,135.48841715531478,127160000
2013-10-02,136.326416015625,136.4553480805799,135.23858399361887,135.65760705690312,113350000
2013-10-03,135.0693817138672,136.13305298420312,134.44085316162887,136.01217454222467,176698000
2013-10-04,136.09274291992188,136.22972863362156,134.99684491468537,135.1741234372706,96878000
2013-10-07,134.91624450683594,135.73817099457008,134.77120516551454,134.90819086419728,96295000
2013-10-08,133.34494018554688,135.06936669012342,133.24824727923166,134.8920881647861,178015000
2013-10-09,133.44166564941406,133.9251425500409,132.579446118386,133.60282461628967,168973000
2013-10-10,136.31837463378906,136.39089431598467,134.75510701860603,134.8034534734031,195955000
2013-10-11,137.19674682617188,137.2451055926375,135.99610181528055,136.1089143457464,105040000
2013-10-14,137.7447052001953,137.85751773313032,136.24590309369086,136.35066197986046,112106000
2013-10-15,136.74542236328125,137.9138398569676,136.5600902273374,137.398123955827,155485000
2013-10-16,138.65524291992188,138.72776261284324,137.5029322957254,137.56739834353596,161676000
2013-10-17,139.5819091796875,139.66249480929125,138.06698787175057,138.09116110150356,129389000
2013-10-18,140.52468872070312,140.62138163055917,139.81557459338657,140.09761197465284,138316000
2013-10-21,140.5327911376953,140.81482861684495,140.21852677595558,140.5730839626658,104104000
2013-10-22,141.34661865234375,141.76562946862802,140.55691888455593,140.9437151243197,126663000
2013-10-23,140.66973876953125,140.9275906247398,140.17819599066178,140.86312458702778,105484000
2013-10-24,141.13711547851562,141.31439403274808,140.62139940137791,140.95178327932393,70350000
2013-10-25,141.78176879882812,141.82206161637018,141.15324019122508,141.42721167748454,93625000
2013-10-28,142.0073699951172,142.2007681094842,141.58029325124136,141.73339855482695,84979000
2013-10-29,142.7648468017578,142.82125920239216,142.12826458335297,142.3297163645197,87401000
2013-10-30,142.0557403564453,143.03882608588577,141.54809020121345,142.9340795149937,140002000
2013-10-31,141.65281677246094,142.53920945111736,141.44331136461483,141.94290780405396,133795000
2013-11-01,141.99124145507812,142.313559301808,141.19348818531077,141.83813617440822,142805000
2013-11-04,142.4908905029297,142.54729061392862,141.8059494557731,142.37807798528954,85677000
2013-11-05,142.0396270751953,142.42641105706866,141.4755645400381,141.93486821308,85825000
2013-11-06,142.7648468017578,143.0307646283748,142.25718437861258,142.6520342961301,87348000
2013-11-07,140.95980834960938,143.14355066371832,140.82282263922448,143.03073817895202,157000000
2013-11-08,142.86154174804688,142.87766133354828,140.89538266431572,140.911489954176,136713000
2013-11-11,142.8856964111328,143.05490898760402,142.5553126057425,142.7245251822137,62614000
2013-11-12,142.59559631347656,142.91791415946966,142.12016089152587,142.5794767324856,83990000
2013-11-13,143.7398681640625,143.78014868079342,141.89456309997814,141.89456309997814,103844000
2013-11-14,144.45700073242188,144.57786684442002,143.63507428392344,143.8687528656655,103435000
2013-11-15,145.08558654785156,145.14198665723475,144.5054043892828,144.69073659960168,102818000
2013-11-18,144.5779266357422,145.44819988894812,144.2556086733587,145.32733372696484,104796000
2013-11-19,144.2636260986328,144.94050102708022,144.01382789615622,144.50537065754662,93891000
2013-11-20,143.8123779296875,144.988849277677,143.41752806871065,144.55371890274753,124909000
2013-11-21,144.9727783203125,145.08559083805665,144.12667828941025,144.21531757446937,92841000
2013-11-22,145.69798278808594,145.71410237319768,144.85994879688698,145.02916140581752,81296000
2013-11-25,145.55299377441406,145.98812435787227,145.3434759823847,145.95589747213816,79486000
2013-11-26,145.5931854248047,146.0283280382587,145.37562641371525,145.62542458650225,86994000
2013-11-27,145.94778442382812,146.04448964110864,145.56905408655237,145.74633263998533,58800000
2013-11-29,145.8511199951172,146.45547546471022,145.68996099568776,146.1089842307191,55870900
2013-12-02,145.47230529785156,146.19752652291587,145.24668037024773,145.92355515305925,99726000
2013-12-03,144.84381103515625,145.35952703324722,144.37644149069266,144.99691633540252,116563000
2013-12-04,144.82772827148438,145.43208368675005,143.7157226684324,144.32007808369804,123033000
2013-12-05,144.19110107421875,144.83574910887756,144.05411536489504,144.56983133349436,106934000
2013-12-06,145.802734375,145.93972010251483,145.16613989906853,145.58516302158694,127728000
2013-12-09,146.17340087890625,146.3909722354961,145.98001504695117,146.22981327698673,70124000
2013-12-10,145.64962768554688,146.1411704893403,145.5609884161533,145.8349598685916,80976000
2013-12-11,144.0138702392578,145.7302435869926,143.83659166364,145.7060703535577,130591000
2013-12-12,143.53842163085938,144.1266573668723,143.24026464495654,143.94937882248914,115565000
2013-12-13,143.5223388671875,143.9655353418485,143.24836733581296,143.83660322273917,107808000
2013-12-16,144.416748046875,144.89217128031646,144.1588838754651,144.19917668920297,96195000
2013-12-17,143.95751953125,144.5699411624665,143.63520141687664,144.5457679186709,89886000
2013-12-18,146.4151611328125,146.43933436439374,142.88573406989343,144.1750181715789,234906000
2013-12-19,146.2459716796875,146.41518432756243,145.61744296772193,145.99616108770417,136531200
2013-12-20,147.0966339111328,147.44501858055847,146.29456168685633,146.39177956558183,197087000
2013-12-23,147.8825225830078,147.9716430993791,147.5098457781072,147.8177065381563,85598000
2013-12-24,148.20654296875,148.27135899283851,147.88247521069997,147.89057257781383,45368800
2013-12-26,148.96002197265625,149.04104509529105,148.5225292526497,148.5387239872624,63365000
2013-12-27,148.95193481445312,149.21928394020773,148.79799828833194,149.15448027252967,61814000
2013-12-30,148.9276580810547,149.08969200521037,148.7332099546303,148.96815729029663,56857000
2013-12-31,149.63250732421875,149.63250732421875,149.01676112616758,149.1301984678259,86119900
2014-01-02,148.1984405517578,149.13015695859025,147.8419586126144,149.0572312074803,119636900
2014-01-03,148.1741485595703,148.74938307567257,147.96350574252648,148.44960740394913,81390600
2014-01-06,147.74473571777344,148.71695128800147,147.51788583013328,148.6602449972873,108028200
2014-01-07,148.6521759033203,148.90333032169139,148.22278047273844,148.33620544756394,86144200
2014-01-08,148.68453979492188,148.9356941283134,148.1741213997127,148.62782114550268,96582300
2014-01-09,148.78182983398438,149.17882348538907,148.10127988505937,149.16261638306318,90683400
2014-01-10,149.1869354248047,149.25175147804126,148.2714256711355,149.0329988436676,102026400
2014-01-13,147.2019500732422,149.21929507427785,146.91838146581892,148.80610675943316,149892000
2014-01-14,148.8061065673828,148.88712970151192,147.41259272464544,147.68805160085304,105016100
2014-01-15,149.60821533203125,149.8350653094763,148.8385448826715,149.15451537714114,98525800
2014-01-16,149.41372680664062,149.60817489005757,148.93572250926636,149.30030184857904,72290600
2014-01-17,148.78182983398438,149.43807531061898,148.52257800875446,149.15451901309868,107848700
2014-01-21,149.21926879882812,149.69728542680332,148.3037718276459,149.6405667703482,88621200
2014-01-22,149.31651306152344,149.53526561609752,149.00054264375805,149.47044958650542,61270900
2014-01-23,148.09317016601562,148.5873817066264,147.30730495789385,148.5630772343338,132496900
2014-01-24,144.93345642089844,147.1776640058846,144.88484747923889,147.12905506422504,208677100
2014-01-27,144.22044372558594,145.44382603640358,143.49938248828744,145.07113700523726,180843100
2014-01-28,145.0792999267578,145.26563832946474,144.30961711958383,144.32582422141817,110463200
2014-01-29,143.68576049804688,144.65797627571578,143.30497402774745,143.8720988678548,216597300
2014-01-30,145.2089080810547,145.67881509762626,144.42303059707754,144.88484024457557,118938100
2014-01-31,144.3582305908203,145.25753315368803,143.3374056663746,143.41031908332138,194677900
2014-02-03,141.10939025878906,144.51215201274135,140.83393135981478,144.18808417422994,254837100
2014-02-04,142.09776306152344,142.46234234171186,141.0607315095962,141.7412811476001,165012400
2014-02-05,141.9195098876953,142.2354802183111,140.73665167047326,141.60353955707953,164230500
2014-02-06,143.7910919189453,143.7910919189453,141.96008512555076,142.25175112791763,132877600
2014-02-07,145.57350158691406,145.7274381509893,143.9936490968729,144.46355615895635,170787200
2014-02-10,145.84080505371094,145.8894263406824,145.19266957612626,145.5896507017881,92218800
2014-02-11,147.43690490722656,147.80959403636945,145.86514997707675,145.9623802155983,117814100
2014-02-12,147.50979614257812,148.12552981788477,147.21813022008712,147.65562292262746,94717700
2014-02-13,148.2714080810547,148.4253446439296,146.50521719888187,146.51331456867652,100542200
2014-02-14,149.0896759033203,149.3651347808746,147.99592539920312,148.1336548379803,96498400
2014-02-18,149.26791381835938,149.4704592880835,148.78989711439067,149.2192925212143,80460900
2014-02-19,148.2794952392578,149.84314037694602,148.15796053646054,148.87902193510337,126524300
2014-02-20,149.15451049804688,149.4947854530835,147.93923750331774,148.4820579574759,104998100
2014-02-21,148.98439025878906,149.79457238263095,148.91147683461884,149.43809027015683,118116400
2014-02-24,149.81072998046875,150.81534757011426,149.2354954231765,149.3003114551527,114063900
2014-02-25,149.75404357910156,150.36168010209204,149.2598320459068,149.93228461483716,117085000
2014-02-26,149.7621612548828,150.36979781010294,149.3408631151256,149.97280414356274,98677200
2014-02-27,150.5480499267578,150.58854914349962,149.37327594368685,149.54341963111588,93880800
2014-02-28,150.9287567138672,151.6255135315786,149.924139229534,150.52366582827665,150842000
2014-03-03,149.86741638183594,150.248202792637,148.8708962926124,149.60005492133354,167748500
2014-03-04,151.9739227294922,152.2979905454811,151.3014702670402,151.3338721036812,167545900
2014-03-05,152.11163330078125,152.37089741132786,151.86857628774212,152.10353593322412,88376900
2014-03-06,152.46006774902344,152.8084524944207,152.13599984100586,152.4843845864031,82516500
2014-03-07,152.5248260498047,153.09196321768718,151.85237365101298,153.09196321768718,114513500
2014-03-10,152.44383239746094,152.50053870317868,151.56883444402814,152.28989585532068,74939200
2014-03-11,151.69036865234375,152.8894468836563,151.34199633489743,152.6706942875877,99009100
2014-03-12,151.73086547851562,151.78758414555313,150.61281049881393,150.95309777624945,104824400
2014-03-13,150.02947998046875,152.30610152925843,149.60819428869675,152.18456682546682,155014300
2014-03-14,149.60821533203125,150.53182234374228,149.42997429798206,149.76215189438253,153919600
2014-03-17,150.96116638183594,151.3176483284511,150.2968114154363,150.36162743867473,98359500
2014-03-18,152.03872680664062,152.24127226630128,151.1070102747654,151.26905653240894,101804600
2014-03-19,151.22854614257812,152.26557791510368,150.26442776912222,152.05492272348843,176267300
2014-03-20,152.11163330078125,152.22505825854708,150.628999119875,150.89636059797874,117241000
2014-03-21,151.52171325683594,153.8165164156202,151.383375908655,152.75049559019791,163128000
2014-03-24,150.89508056640625,152.22965508121388,150.23593883265067,152.04248187469906,121411000
2014-03-25,151.61114501953125,152.12381617461008,150.76484275454607,151.65996847869056,103852000
2014-03-26,150.520751953125,152.44935359020155,150.48006158765565,152.20522381434162,119843000
2014-03-27,150.20343017578125,150.82188169116262,149.65006836352654,150.341767524605,142383000
2014-03-28,150.94393920898438,151.70072800493435,150.54519341577802,150.6347072707036,101642000
2014-03-31,152.1807861328125,152.41678276212545,150.96829540045695,151.9041115619217,99745000
2014-04-01,153.1898651123047,153.27937894317867,152.1726681328073,152.67719386121232,89193000
2014-04-02,153.70252990722656,153.9059692945807,153.10034485055456,153.38516495963228,78774000
2014-04-03,153.4991455078125,153.9792596538902,153.0271644700387,153.93856927845192,77435000
2014-04-04,151.6844482421875,154.36985145299124,151.4403308368987,154.3373066046056,169381000
2014-04-07,150.00811767578125,151.57053124302743,149.69889813922663,151.31826829861737,140803000
2014-04-08,150.62655639648438,150.8706737747982,149.39777431317123,149.94299048633408,112660000
2014-04-09,152.24588012695312,152.2947035878135,150.59395347742492,151.0333894590753,100254000
2014-04-10,149.04786682128906,152.31103080501325,148.8606936056731,152.23779559035867,172959000
2014-04-11,147.7051544189453,149.25943459298824,147.54240536370077,148.21782573907478,167251000
2014-04-14,148.8688201904297,149.21873000501265,147.6481837669817,148.86067466742165,132382000
2014-04-15,149.8941192626953,149.99991170423647,147.70510974342594,149.178021152822,157093000
2014-04-16,151.4647674560547,151.47290056524736,150.26039677966787,150.92768424228439,105197000
2014-04-17,151.67625427246094,152.09941163342893,151.00083408261222,151.26124243303977,105255000
2014-04-21,152.2052001953125,152.25403607647112,151.52979238454628,151.7169531363145,68329000
2014-04-22,152.89695739746094,153.31196941852613,152.27850591993968,152.3598742523467,85790000
2014-04-23,152.5389404296875,152.92140769761983,152.41688169182066,152.84003934469598,73869000
2014-04-24,152.8480987548828,153.30380104580553,152.11570942993745,153.2875224162851,88170000
2014-04-25,151.5949249267578,152.44123993546825,151.25314816372554,152.35172608679613,100380000
2014-04-28,152.07498168945312,152.73412317421972,150.51256902487066,152.21331895269222,135121000
2014-04-29,152.78298950195312,153.01897374265013,152.23777339962396,152.56327147305893,84098000
2014-04-30,153.23870849609375,153.39332444378468,152.3191583336942,152.53074327977941,101508000
2014-05-01,153.25497436523438,153.66998628214427,152.76671482549432,153.16546053018055,93019000
2014-05-02,153.03529357910156,153.91415351437263,152.80744238295264,153.2387330340173,98122000
2014-05-05,153.3281707763672,153.4339632138332,151.86340494471466,152.286562277626,75883000
2014-05-06,151.99368286132812,153.09226087235527,151.96113801236797,152.98646838355685,85454000
2014-05-07,152.88880920410156,152.96204442112963,151.3670737764242,152.5063420703446,106500000
2014-05-08,152.7260284423828,153.84088485656233,152.23778130687074,152.75045259526684,93618000
2014-05-09,152.9539337158203,153.0190234180733,152.03438335526212,152.75049424964087,83679000
2014-05-12,154.4430694580078,154.51631708838772,152.98644862867468,153.63745727644346,86940000
2014-05-13,154.58139038085938,154.9557119021067,154.42677445892704,154.64648005824205,66454000
2014-05-14,153.84902954101562,154.5163168184762,153.62931148417408,154.44306918822426,72367000
2014-05-15,152.4981689453125,153.57233493514147,151.74951344495696,153.53977767771636,154956000
2014-05-16,153.0271453857422,153.0922474949326,151.9448461022474,152.58770925294638,97458000
2014-05-19,153.58868408203125,153.71074281102818,152.5958983629853,152.73423572816893,63839000
2014-05-20,152.62025451660156,153.5316591396947,152.2296543091269,153.51538050943756,111644000
2014-05-21,153.90597534179688,153.97921054405273,153.0352487695706,153.05966050365586,89093000
2014-05-22,154.2803192138672,154.59768421988227,153.68627957018913,153.94667557711986,61549000
2014-05-23,154.89878845214844,155.0045685132304,154.2803246321731,154.41866195586297,61092800
2014-05-27,155.8509063720703,155.89972985618869,155.38705843902707,155.47657229889722,72010000
2014-05-28,155.7368621826172,156.09491734945271,155.47645390966412,155.85078769779668,66723000
2014-05-29,156.5425567626953,156.5669684990892,155.69625426147576,156.0949999841699,64377000
2014-05-30,156.79481506347656,156.89247442315178,156.26587756780648,156.39608176940274,76316000
2014-06-02,156.97384643554688,157.0470940612684,156.2170577777276,157.0145368016241,64656000
2014-06-03,156.89248657226562,156.97385489184703,156.4449173552182,156.59138778063894,65047000
2014-06-04,157.2098388671875,157.29935270335977,156.4611833359994,156.623932378961,55529000
2014-06-05,158.2351531982422,158.39790222493775,156.81107748498502,157.38885080925232,92103000
2014-06-06,158.99197387695312,159.03265182595115,158.50371431941352,158.57694952795757,78696000
2014-06-09,159.15469360351562,159.53716062250513,158.8210500478943,158.9675328549529,65119000
2014-06-10,159.1709747314453,159.2035195685508,158.6176131650178,158.95938983091966,57129000
2014-06-11,158.61758422851562,158.78033321826143,158.25952900090365,158.60130560445546,68772000
2014-06-12,157.4946746826172,158.52001742839607,157.14476479867938,158.43050357625597,106350000
2014-06-13,157.97479248046875,158.12940843625597,157.29937207289998,157.80389789329402,82017000
2014-06-16,158.10494995117188,158.43859352890433,157.59229113487714,157.77945189584332,87424000
2014-06-17,158.54440307617188,158.65832864951395,157.71436680356177,157.885261372053,84834000
2014-06-18,159.70806884765625,159.79758268411314,158.19447915108483,158.54440139067302,105267000
2014-06-19,159.88711547851562,159.98477484974745,159.33376618168467,159.84642510858217,85929000
2014-06-20,160.21168518066406,160.34251327100915,160.01544304514644,160.28527130281316,100587000
2014-06-23,160.16262817382812,160.3016283415038,159.8682712080287,160.25257092661278,70611000
2014-06-24,159.19781494140625,160.66960003241414,159.0179294038133,159.8764717466059,96237000
2014-06-25,159.91732788085938,160.08085675522173,158.8298427754924,158.86254355978355,82782000
2014-06-26,159.80287170410156,159.95822851636223,158.73174312666816,159.94187188442567,84312000
2014-06-27,160.1135711669922,160.1626285820082,159.35314380488333,159.4267299274074,71445100
2014-06-30,160.0318145751953,160.3997576966512,159.8764577630028,160.01545794326594,70201200
2014-07-01,161.1029510498047,161.59355022009925,160.36706477081802,160.42429427069445,90470000
2014-07-02,161.2664794921875,161.47089373315694,161.04572109498824,161.119307227388,52475000
2014-07-03,162.05960083007812,162.13318695933793,161.60171494607775,161.72435849484407,52938800
2014-07-07,161.4954376220703,161.87973742932755,161.25832256990083,161.74892178491837,61696000
2014-07-08,160.45701599121094,161.2583163668906,160.0645316437118,161.20107438754272,108143000
2014-07-09,161.17652893066406,161.3237136647991,160.51422881819278,160.85764322923512,72992000
2014-07-10,160.53878784179688,160.9639730161399,159.49218777915013,159.6230159060952,99040000
2014-07-11,160.759521484375,160.87399294980463,160.08086476916577,160.44063579664575,64243000
2014-07-14,161.56900024414062,161.78158653584572,161.43817215242046,161.57717232120305,58658000
2014-07-15,161.2664794921875,161.9778495347506,160.55512192607958,161.66713589601142,111307000
2014-07-16,161.86341857910156,162.10870574850497,161.42187672125894,161.98606216380327,79986400
2014-07-17,160.023681640625,161.97788167296954,159.79472616697322,161.36463882838706,145398000
2014-07-18,161.6589813232422,161.82251023843452,160.45702445807092,160.54696723289518,124330000
2014-07-21,161.3564453125,161.48727343976287,160.61237437470638,161.15203104232307,67592000
2014-07-22,162.05960083007812,162.3539578235719,161.78977254633764,161.90424401733773,67678000
2014-07-23,162.4193572998047,162.59107072912286,161.97782808741349,162.3048858390771,65612000
2014-07-24,162.42752075195312,162.76276303930175,162.26399188480468,162.5747054659037,56888000
2014-07-25,161.66712951660156,162.10865877003243,161.34824381233076,161.96965858883283,76837000
2014-07-28,161.73255920410156,161.96967424755277,160.76771744376416,161.69984593685984,69259000
2014-07-29,161.03750610351562,162.26399131752024,161.01297739735176,162.03504840902227,80466000
2014-07-30,161.0620880126953,161.82251558432273,160.39161569532038,161.60991675873854,104222000
2014-07-31,157.88131713867188,160.08081548975306,157.78320233463708,159.9418153585537,183479000
2014-08-01,157.39895629882812,158.4291995212605,156.63854135579683,157.4480137175457,189261000
2014-08-04,158.53555297851562,158.87079542268677,157.03106673464436,157.70153914652798,91340000
2014-08-05,156.99830627441406,158.29839030533412,156.42594890544714,157.8895618308642,152690000
2014-08-06,157.04739379882812,157.71786608445714,156.237908836996,156.26243755010094,94818000
2014-08-07,156.19700622558594,157.9140908118847,155.8045343828295,157.75873399508706,135733000
2014-08-08,158.00401306152344,158.11029996727902,156.13157190152958,156.54858487699323,117014000
2014-08-11,158.46189880371094,159.16508418834823,158.38831268212704,158.600898969965,74544000
2014-08-12,158.24110412597656,158.74804730024044,157.75868965521244,158.3065181607931,73632000
2014-08-13,159.31222534179688,159.49211081042185,158.5926959437479,158.86251167023448,69047000
2014-08-14,160.06446838378906,160.06446838378906,159.4266971667297,159.57388185798618,57371000
2014-08-15,160.0318145751953,160.79222952777386,158.87891531503954,160.64505726977333,139951000
2014-08-18,161.372802734375,161.44638887764782,160.82497398480447,160.91491676317918,75424000
2014-08-19,162.2150115966797,162.33765518623815,161.43823975107244,161.7652976408675,59135000
2014-08-20,162.6483612060547,162.8446034165057,161.9615321841634,161.99423298100947,72763000
2014-08-21,163.12254333496094,163.33512962673134,162.6564729367348,162.78730102849514,67791000
2014-08-22,162.86912536621094,163.27795393032054,162.50118215380382,162.99176894486075,76107000
2014-08-25,163.69491577148438,164.013801476842,162.83637349507399,163.64585835165315,63855000
2014-08-26,163.80117797851562,164.2018342769362,163.7602926457867,163.80117797851562,47298000
2014-08-27,163.73583984375,163.99749611334855,163.48236813036243,163.88301213805596,47874000
2014-08-28,163.64585876464844,163.75215815885414,163.0326160623012,163.19614495430284,58330000
2014-08-29,164.11192321777344,164.12826737285883,163.3842090699379,163.89932443712095,65907000
2014-09-02,164.03016662597656,164.34905234789187,163.41692389333517,164.32452363670265,72426000
2014-09-03,163.94015502929688,164.68422556018683,163.71121217001536,164.65969685929596,57462000
2014-09-04,163.70314025878906,164.8233265397042,163.25342633987717,164.21825576912659,85236000
2014-09-05,164.43898010253906,164.50439415189038,163.04896586407267,163.67038061822885,102177000
2014-09-08,164.01380920410156,164.52076501130287,163.53139458442675,164.2836375023405,64146000
2014-09-09,162.97532653808594,163.9810407061075,162.64008432326204,163.86656927622252,88591000
2014-09-10,163.58863830566406,163.69492522928775,162.52568173423936,163.06532586001646,67251000
2014-09-11,163.77674865722656,163.80127737645807,162.8119066204358,162.93456269305278,66774400
2014-09-12,162.81997680664062,163.62944892559426,162.35390651570918,163.61310477522696,117409300
2014-09-15,162.6973419189453,162.9753547051007,162.20675533884315,162.84452662649255,76401000
2014-09-16,163.923828125,164.21818506551173,162.30487119041163,162.39481393546944,116201000
2014-09-17,164.14462280273438,164.9050377316281,163.3269659020981,164.16097943415429,151266000
2014-09-18,165.01956176757812,165.04409048244028,164.43084765797215,164.64343401226316,94990000
2014-09-19,164.87081909179688,165.85659130292137,164.53400972144078,165.5444378325091,121649000
2014-09-22,163.5975341796875,164.6079623521423,163.25251451157166,164.58331898547505,125553000
2014-09-23,162.66107177734375,163.68792065044275,162.6117850369992,163.00609149453186,111393000
2014-09-24,163.93434143066406,164.04113770801106,162.25852984529376,162.68568988513317,107276000
2014-09-25,161.2891845703125,163.51539818553277,161.2316875581392,163.50717537324027,150300000
2014-09-26,162.5706787109375,162.9732079077673,161.35489337826505,161.5849064808038,103547000
2014-09-29,162.27500915527344,162.56253191310876,161.051013067685,161.1742299440265,95112000
2014-09-30,161.8478240966797,162.8993163958531,161.51101464005058,162.39821361774884,131302000
2014-10-01,159.65447998046875,161.6424580462418,159.29302714400507,161.5849484882693,177798000
2014-10-02,159.67909240722656,160.23769211185038,158.01149103608077,159.51478657901976,157285000
2014-10-03,161.4370880126953,161.78210775567877,160.25415601687928,160.74703599195115,121569000
2014-10-06,161.2480926513672,162.32424057218302,160.6648496341685,162.11064802945648,104778000
2014-10-07,158.7590789794922,160.7799234960903,158.7262253240421,160.4184706122452,147913000
2014-10-08,161.53562927246094,161.76564238855954,158.01970017235396,158.84938944579716,186461000
2014-10-09,158.3318328857422,161.5027416444779,158.20039326569346,161.28093885249223,210705000
2014-10-10,156.5245819091797,159.07938175396376,156.4835179925706,158.29076904042788,221909000
2014-10-13,153.95333862304688,157.0256611872027,153.86297545734988,156.45885136758096,230939000
2014-10-14,154.191650390625,155.933194897987,153.64947108546195,154.7831164444795,215847000
2014-10-15,153.14834594726562,154.18341765817033,149.44347963772088,152.10507649247734,380715000
2014-10-16,153.01695251464844,154.09308839063436,150.24034847325868,150.37999844989707,270391000
2014-10-17,154.82423400878906,155.87572670923615,154.12597145757545,154.7831575290503,214625000
2014-10-20,156.3274688720703,156.450685718143,154.49557406339343,154.5448608018225,130011000
2014-10-21,159.42446899414062,159.53125276289714,157.29682841133018,157.46112173884418,154949000
2014-10-22,158.29083251953125,160.11451738624524,158.2251126779189,159.7037777772516,151822000
2014-10-23,160.13095092773438,161.17423312889727,159.580561311235,159.87629435507725,154944000
2014-10-24,161.36312866210938,161.41242793581398,159.76946978605272,160.39378937044268,117927000
2014-10-27,161.14132690429688,161.3795503038094,160.2130516044126,160.78808440907653,82954000
2014-10-28,162.98965454101562,162.99786481865502,161.60956327632263,161.6835059141772,106736000
2014-10-29,162.74319458007812,163.57288380346114,161.66705916580915,163.10464732207436,142557000
2014-10-30,163.78648376464844,164.25472026722727,162.15994635204947,162.30781908718325,113330000
2014-10-31,165.6595001220703,165.7909398037196,164.9283841282159,165.7580736159183,146903000
2014-11-03,165.74986267089844,166.30846251349826,165.3719767213684,165.87307953771372,93600000
2014-11-04,165.1748046875,165.61018759726343,164.34510279416602,165.30623181391417,93343000
2014-11-05,166.2180938720703,166.42346366657512,165.48697790502428,166.38238720071865,91709000
2014-11-06,166.8834991455078,166.9738623614327,165.64307003124614,166.25917944852188,107089000
2014-11-07,167.03956604003906,167.25315863961796,166.43988977498898,166.8999160898097,89540000
2014-11-10,167.56532287597656,167.6146096221679,166.8670730803031,167.0724428792855,66319000
2014-11-11,167.7295684814453,167.83636475765658,167.29418563427126,167.6309950171113,54499400
2014-11-12,167.54888916015625,167.7789023141723,167.0149202038658,167.0477863885977,90120300
2014-11-13,167.73785400390625,168.263600234867,166.93280782973045,167.71321062860954,85357900
2014-11-14,167.77886962890625,167.98423937175338,167.3516970540474,167.66386307430284,80417500
2014-11-17,167.88563537597656,168.05815145677695,167.29416957719377,167.4584753816791,80441000
2014-11-18,168.8550262451172,169.15896949150834,167.94318397116785,167.94318397116785,76068100
2014-11-19,168.583984375,168.85507405046695,167.82822491677982,168.6579145042784,82373000
2014-11-20,168.87966918945312,168.98646547998158,167.72959096735502,167.79531079731285,72840300
2014-11-21,169.78330993652344,170.73622878823045,169.20827702076141,170.5719354601238,142327300
2014-11-24,170.25978088378906,170.3665771949351,169.97227067384108,170.18585076135489,65880800
2014-11-25,170.1365509033203,170.69515072059616,169.88189436692826,170.4897809286958,79108300
2014-11-26,170.57192993164062,170.6705034183542,170.07082714955146,170.28440721568992,62167800
2014-11-28,170.2104034423828,170.7607927296487,169.9721801076567,170.44863931188053,57890100
2014-12-01,169.0275421142578,169.6682948360523,168.71538856695847,169.5532882586732,103968400
2014-12-02,170.12010192871094,170.32547170143906,169.04396632517984,169.0686096951251,74507200
2014-12-03,170.77723693847656,170.99081692609974,170.1282741648857,170.29256742727065,68952000
2014-12-04,170.58831787109375,171.08942052054536,169.7996925817962,170.48973187569797,91316600
2014-12-05,170.8676300048828,171.2537261331566,170.4979669661541,170.76083372500187,91025500
2014-12-08,169.725830078125,170.96625924577924,169.16721766433233,170.47337921161022,108588200
2014-12-09,169.6107940673828,169.71759036358128,167.50780953618442,167.8856829100341,125180100
2014-12-10,166.89163208007812,169.2081957233589,166.70268293549898,169.15069872679632,159856400
2014-12-11,167.73785400390625,169.380812542506,167.34354746438038,167.4831974359879,159012800
2014-12-12,165.02694702148438,167.43388746481128,164.9940933705714,166.46453554338706,202330200
2014-12-15,163.8933563232422,166.37422770789453,163.29367984997205,165.92241151510964,189965800
2014-12-16,162.57894897460938,166.26738250350382,162.5378725082869,163.12933852595322,259543800
2014-12-17,165.7662811279297,166.21809719181957,162.89110394743852,163.01433334746906,253910100
2014-12-18,169.865478515625,174.9504370847786,167.5160473564205,168.18966635892085,257633900
2014-12-19,170.58822631835938,171.25729490243907,169.83655138396585,170.51387556149317,245084600
2014-12-22,171.3729248046875,171.3729248046875,170.5386561795622,170.77819441316655,148318900
2014-12-23,171.6042022705078,172.0006849849126,171.3150926763629,171.95112622110676,122167900
2014-12-24,171.62071228027344,172.09153310258455,171.57940911243207,171.82721551552294,42963400
2014-12-26,172.1741180419922,172.51278633066443,172.01717358607308,172.06673233974107,57326700
2014-12-29,172.40542602539062,172.61192926539766,171.9263369960994,171.99241954537655,79643900
2014-12-30,171.48031616210938,172.1163371429564,171.40596540775925,171.98418463246966,73540800
2014-12-31,169.77870178222656,171.9676437341075,169.65480487723386,171.80244365946461,130333800
2015-01-02,169.68785095214844,170.8855799305739,168.6553346631324,170.47257341496748,121465900
2015-01-05,166.62330627441406,168.81223519552856,166.31768556571836,168.64703515309722,169632600
2015-01-06,165.05389404296875,167.4493262708284,164.2609161597577,166.92893414109756,209151400
2015-01-07,167.11068725585938,167.44935560927416,165.9294947211136,166.37553619335011,125346700
2015-01-08,170.07603454589844,170.2908059455661,168.49835963917315,168.51487082072038,147217800
2015-01-09,168.71316528320312,170.5056120873232,168.10191108942752,170.48908829723226,158567300
2015-01-12,167.39154052734375,169.0022760675028,166.78855452639888,168.84533157044453,144396100
2015-01-13,166.9207000732422,169.72913908899594,165.62385367921945,168.60576096190292,214553300
2015-01-14,165.91294860839844,166.1111962382504,164.02138464722543,164.91346747166824,192991100
2015-01-15,164.39309692382812,166.86286751898896,164.2774556177399,166.54899117615352,176613900
2015-01-16,166.5489959716797,166.70594044959492,164.00487456052744,164.18659841874955,211879600
2015-01-20,166.90419006347656,167.44936168573867,165.3430259480595,167.18503146744484,130991100
2015-01-21,167.74673461914062,168.22582370893434,165.97906716560615,166.44163246500446,122942700
2015-01-22,170.24130249023438,170.37345500531438,167.12722961914895,168.49841437027467,174356000
2015-01-23,169.30783081054688,170.24122923165683,169.17566574838096,169.9851546972276,117516800
2015-01-26,169.704345703125,169.795207625169,168.3827326417059,169.09310423115286,92009700
2015-01-27,167.46588134765625,168.60577072506626,166.63986834178553,167.6558608098982,134044600
2015-01-28,165.31825256347656,168.74620170511815,165.12827308965936,168.64708417164115,168514300
2015-01-29,166.84632873535156,167.1023906847634,164.11221580090753,165.5164476333486,173585400
2015-01-30,164.74832153320312,166.99507832706456,164.48400387719852,165.67346483912053,197729700
2015-02-02,166.78858947753906,166.8794514367733,163.43497778864867,165.24394877451851,163107000
2015-02-03,169.20050048828125,169.20876868484345,167.30893625739085,167.68063958790245,124212900
2015-02-04,168.5562286376953,169.64657196321926,168.101918918727,168.4405873095906,134306700
2015-02-05,170.25778198242188,170.40647086465165,169.14267208350574,169.21701022264207,97953200
2015-02-06,169.78697204589844,171.18293601095024,169.26657983067707,170.6212406255758,125672000
2015-02-09,169.02703857421875,169.86130713891177,168.622287680321,169.1426798861956,87219000
2015-02-10,170.82777404785156,171.08383610249103,169.06836204099815,170.05958788393312,96164200
2015-02-11,170.92691040039062,171.3564408059999,170.01830341632518,170.66259272275832,91087800
2015-02-12,172.57066345214844,172.62849042176754,170.95994035221958,171.7198709274691,97545900
2015-02-13,173.28097534179688,173.33053409635758,172.43843870239692,172.69451327422047,93670400
2015-02-17,173.55355834960938,173.7270265917829,172.71928991847454,172.9670836873572,76968200
2015-02-18,173.57009887695312,173.64443701478808,172.91754161207228,173.1818717963169,80652900
2015-02-19,173.4462127685547,173.80966051892923,172.83497119197804,172.9753918948121,91462500
2015-02-20,174.48699951171875,174.56133766054108,172.4136987099765,173.03320849141335,140896400
2015-02-23,174.4622039794922,174.4622039794922,173.85920543986055,174.2391769497112,74411100
2015-02-24,174.9578094482422,175.1560571033271,174.090493287688,174.38785846833633,72472300
2015-02-25,174.8091278076172,175.3129962204007,174.47045946703403,174.83390718824936,73061700
2015-02-26,174.60264587402344,174.87523169819997,173.99964726116664,174.71828719907174,72697900
2015-02-27,174.00787353515625,174.76780386009438,173.95831477978405,174.50347369283446,108076000
2015-03-02,175.10647583007812,175.16429017790526,174.0574359382095,174.1069946946203,87491400
2015-03-03,174.3878631591797,175.15606181483415,173.52881517195365,174.67697275512717,110325800
2015-03-04,173.65269470214844,173.86746613042823,172.6862610867606,173.7931153877391,114497200
2015-03-05,173.84268188476562,174.12352324808586,173.338813507535,173.9748343708267,76873000
2015-03-06,171.39772033691406,173.41319434208773,171.067320134475,172.98366399574914,188128000
2015-03-09,172.10806274414062,172.46324227095045,171.43899425580943,171.5959387365701,89818900
2015-03-10,169.3161163330078,170.8277214133803,169.27481316828494,170.74512768789077,157121300
2015-03-11,168.91964721679688,169.74566016162228,168.83704088073142,169.57219189746775,110145700
2015-03-12,171.06732177734375,171.13339173529823,169.4978892907865,169.54744806123233,93993500
2015-03-13,170.0182647705078,171.75288458432593,168.98574847515465,170.7947190412468,162410900
2015-03-16,172.28982543945312,172.38068739069163,170.04306864879194,170.74518487235875,136099200
2015-03-17,171.7776641845703,172.15762309564545,170.96816239253445,171.55463715174756,94510400
2015-03-18,173.84268188476562,174.51175032254008,170.67078274412282,171.30681621137117,228808500
2015-03-19,173.0497589111328,173.85099269340574,172.6615317133733,173.4297305146279,117917300
2015-03-20,174.57720947265625,175.08332706439776,173.813886863184,173.9964219067773,177715100
2015-03-23,174.23704528808594,175.15801303387462,174.23704528808594,174.58551785943564,71784500
2015-03-24,173.2579803466797,174.5688953590549,173.191602819688,174.11257043384242,77805300
2015-03-25,170.7191162109375,173.6977496835964,170.6776413272634,173.46543463004932,159521700
2015-03-26,170.31256103515625,171.22522364528578,169.358398223387,170.0553560026632,153067200
2015-03-27,170.70249938964844,170.87672931710654,170.0055416991604,170.19638183333447,118939000
2015-03-30,172.7850341796875,173.08372670196508,171.71472669332005,171.73131157884472,96180400
2015-03-31,171.2750244140625,172.66063503633413,171.2169519772045,171.96367717248643,126768700
2015-04-01,170.66928100585938,171.2666659960578,169.68193601760873,171.2417760098176,137303600
2015-04-02,171.2833251953125,171.73135776912642,170.42042982765565,170.60296489926685,86900900
2015-04-06,172.4365692138672,172.95097921240085,170.26275905467685,170.3955014457633,114368200
2015-04-07,171.9803009033203,173.20825397190754,171.947118457239,172.46152866295316,81236300
2015-04-08,172.56106567382812,173.00080582211194,171.8143404643482,172.20430062002958,89351900
2015-04-09,173.32432556152344,173.5566405495446,171.90554564612407,172.39506560943883,85548900
2015-04-10,174.270263671875,174.3117512232594,173.37419839513305,173.57331838542098,72722900
2015-04-13,173.4819793701172,174.75972452913572,173.4321993930522,174.12914439239796,74436600
2015-04-14,173.8138427734375,173.99637777072883,172.66056037794198,173.28283532501257,75099900
2015-04-15,174.5938262939453,175.0999439782576,174.1955736988178,174.278548792071,99529300
2015-04-16,174.54403686523438,175.05015452218305,174.0628092028716,174.26194181977996,68934900
2015-04-17,172.53610229492188,173.5981172194862,171.75618231527255,173.35750980416844,191113200
2015-04-20,174.1126251220703,174.444500201051,173.37419231014897,173.45715474978277,92189500
2015-04-21,173.9051513671875,174.95056896762836,173.60645881560166,174.79292391814982,72559800
2015-04-22,174.75970458984375,174.94223959173425,173.3243145604123,174.24528201169025,78264600
2015-04-23,175.19949340820312,175.84665853711883,174.24533060310532,174.36148812213582,102585900
2015-04-24,175.6060333251953,175.87154345258304,175.15800081050318,175.6143384293135,61327400
2015-04-27,174.87591552734375,176.2946957863419,174.685075365081,176.17024581984043,79358100
2015-04-28,175.43174743652344,175.48152740447884,173.68108015553585,174.8509600433508,86863500
2015-04-29,174.7099609375,175.30733337852325,173.90515080555448,174.5440107847622,125684900
2015-04-30,172.95933532714844,174.52746843505437,172.26237743235072,174.1375082694705,161304900
2015-05-01,174.83441162109375,174.87589915945125,173.63964141362536,173.73920137750798,103399700
2015-05-04,175.33224487304688,175.91303245626554,175.14970982400388,175.25756223646033,70927200
2015-05-05,173.32432556152344,175.44836820377265,173.1832780802404,175.09159061917188,113326200
2015-05-06,172.6107940673828,174.1789266667018,171.54877900859634,173.8719416972736,135060200
2015-05-07,173.29949951171875,173.72265477190496,172.17941169055874,172.51128675011236,88244900
2015-05-08,175.5811767578125,175.7803093912612,174.88423153107524,174.9672066267344,155877300
2015-05-11,174.74313354492188,175.8051486295798,174.66846357652057,175.53965118852454,75708100
2015-05-12,174.2204132080078,174.75972583742453,173.09202063195485,173.91342824033026,119727600
2015-05-13,174.2536163330078,175.2492539083147,174.02130132077684,174.62697884122056,94667900
2015-05-14,176.07064819335938,176.1619157026827,174.99203562687012,175.26583815484017,95934000
2015-05-15,176.26148986816406,176.40253736481634,175.7802622947641,176.26148986816406,76510100
2015-05-18,176.80909729003906,177.05799719315343,176.02917716636372,176.09555469393385,74549700
2015-05-19,176.75100708007812,177.1990522131285,176.46891209125,176.92524966742405,72114600
2015-05-20,176.62655639648438,177.3732814015002,176.31126631603755,176.85056630185804,76857500
2015-05-21,177.14096069335938,177.34838570588087,176.31955308609574,176.48550322428738,64764600
2015-05-22,176.7178192138672,177.17414411579225,176.6514416902629,176.75929408842902,57433500
2015-05-26,174.81781005859375,176.65145286603982,174.4029600049852,176.22829770881899,124308600
2015-05-27,176.47718811035156,176.70950309837983,174.8675680788576,175.27412563801573,93214000
2015-05-28,176.278076171875,176.38592856818985,175.58942361904656,176.17021111534228,74974600
2015-05-29,175.18284606933594,176.25315342904204,174.9173486699629,176.21167855992059,124919600
2015-06-01,175.5397186279297,176.1785788166493,174.75149312458691,175.84670372277478,93338800
2015-06-02,175.36541748046875,176.0540700977669,174.46104739012816,175.0833224787473,91531000
2015-06-03,175.83004760742188,176.45232269634687,175.34052757592013,175.8964251361335,87820900
2015-06-04,174.34487915039062,175.78025672160754,174.02958907362384,175.12479923909686,151882800
2015-06-05,174.0461883544922,174.7182433899041,173.3907182052303,174.1955282911533,121704700
2015-06-08,172.97592163085938,174.0877296972536,172.90125163944984,173.9383770542122,89063300
2015-06-09,172.95095825195312,173.49027083493675,172.32039082500262,172.95095825195312,105034700
2015-06-10,175.02523803710938,175.40690566336218,173.65623790120128,173.71431032637201,134551300
2015-06-11,175.58944702148438,175.971102001252,175.23266937321156,175.46498440269264,73876400
2015-06-12,174.24533081054688,175.46499109192928,173.97152823103042,174.7680459769165,135382400
2015-06-15,173.49855041503906,173.7806453487977,172.40334044602406,173.1085904406367,124384200
2015-06-16,174.44447326660156,174.52744835364663,173.17503292818068,173.34926288666625,85308200
2015-06-17,174.7265625,175.33225276281615,173.70603479640596,174.7265625,126708600
2015-06-18,176.54359436035156,177.00822441202155,174.75974412764305,175.3239341446082,165867900
2015-06-19,175.75990295410156,176.37687224004762,175.3847242582681,176.30183904524156,130478700
2015-06-22,176.66033935546875,177.24395207329624,176.4519053332587,176.67701763935042,70696000
2015-06-23,176.7853240966797,177.1188260321435,176.39347999543156,176.86870276099515,68476800
2015-06-24,175.5014190673828,176.89375658989982,175.47640800639996,176.5185779533559,92307300
2015-06-25,174.96783447265625,176.12672698393885,174.89280128717357,176.00167167480106,97107400
2015-06-26,174.9344482421875,175.56808285795128,174.38417957171453,175.32629235647144,104174800
2015-06-29,171.26605224609375,174.9428311592116,171.19101905728778,173.45878205663925,202621300
2015-06-30,171.6245574951172,172.8501504100554,171.14932187749557,172.80011556467298,182925100
2015-07-01,173.00022888183594,173.44210796677788,172.21651496611176,173.19198460957617,135979900
2015-07-02,172.84181213378906,173.6422043099479,172.4249441241193,173.47545965044043,104373700
2015-07-06,172.3499298095703,173.1252982860013,171.3577818024183,171.5578830488215,117975400
2015-07-07,173.43380737304688,173.55886271395502,170.17389578745733,172.55004903915003,173820200
2015-07-08,170.52406311035156,172.38329126489245,170.2906179932704,172.09982401155173,164020100
2015-07-09,170.83251953125,172.87518312654962,170.72414249051633,172.61671425266942,144113100
2015-07-10,172.9835205078125,173.40038845669895,170.87416970419113,172.82510865174763,129456900
2015-07-13,174.89279174804688,175.0011687694546,174.20078939102447,174.24247873239707,106069400
2015-07-14,175.65147399902344,175.95996493406554,174.79272703637704,174.85109465607158,81709600
2015-07-15,175.5930938720703,176.15169532040034,175.11785836901134,175.69313809511496,97914100
2015-07-16,177.00216674804688,177.00216674804688,176.40187577162789,176.6436536296121,106683300
2015-07-17,177.15223693847656,177.21060456995625,176.58530251623148,176.99382504937782,89030000
2015-07-20,177.24391174316406,177.73581287041966,176.92710075231818,177.37731254025718,70446800
2015-07-21,176.54359436035156,177.36899756318357,176.24344889766735,177.11052872219872,77965000
2015-07-22,176.226806640625,176.56030873500586,175.82661684917207,175.85996069770812,88667900
2015-07-23,175.23463439941406,176.4602273932913,174.87613400945932,176.36018313968574,90509100
2015-07-24,173.4170684814453,175.3930185080703,173.08357920770112,175.3346636099752,117755000
2015-07-27,172.4082794189453,173.041926985497,171.96640031164114,172.5333474647767,132361100
2015-07-28,174.5260009765625,174.6677346045176,172.41664939979887,173.24204009917298,123544800
2015-07-29,175.7265167236328,175.95161625375798,174.5092567292299,174.65099030361242,105791300
2015-07-30,175.76820373535156,175.9349483664293,174.60096587420767,175.21793500317514,91304400
2015-07-31,175.5014190673828,176.2934656827091,175.21795189504306,176.26845462172625,103266900
2015-08-03,174.9094696044922,175.52643882350162,173.9590110746571,175.4680839189179,113965700
2015-08-04,174.567626953125,175.29297311573126,174.08405860412074,174.83441582600307,81820800
2015-08-05,175.14291381835938,176.1767382349005,174.85943393213935,175.4597248225571,85786800
2015-08-06,173.7089080810547,175.43473505916185,173.12528267877659,175.32634530357268,116030800
2015-08-07,173.3753662109375,173.70052268121708,172.47492997282495,173.55045633576466,117858000
2015-08-10,175.55979919433594,175.64316516294912,174.4842726082692,174.4842726082692,80270700
2015-08-11,173.97572326660156,174.64271474005895,173.21702030652125,174.22584665937362,126081400
2015-08-12,174.18414306640625,174.36756602465627,171.21604461007414,172.6750827731882,172123700
2015-08-13,173.9673309326172,174.7093553533563,173.42539498015836,174.025685828599,89383300
2015-08-14,174.6009979248047,174.67603111429312,173.63386107650172,173.7755946750251,72786500
2015-08-17,175.57647705078125,175.57647705078125,173.55050449419164,174.00906187998444,79072600
2015-08-18,175.06787109375,175.6514837139726,174.83442604566096,175.30131614183904,71692700
2015-08-19,173.6839141845703,175.09291753748343,172.87518913247618,174.3258818356443,172946000
2015-08-20,170.05714416503906,173.65887730749114,169.99877653472075,172.1748281472573,194327900
2015-08-21,164.93797302246094,170.0320998308811,164.67951693145798,168.1895379121759,346588500
2015-08-24,157.99295043945312,164.64615924941685,152.07342055854252,156.31714588799085,507244300
2015-08-25,156.1337432861328,162.9536976161637,155.84193059927358,162.93701933416563,369833100
2015-08-26,162.1282958984375,162.4034175624489,157.0508343737949,160.1440002975013,339257000
2015-08-27,166.1385955810547,166.26365090686062,162.75362906333933,164.26268936314614,274143900
2015-08-28,166.14688110351562,166.61377114946035,165.01299982544998,165.49656815069264,160414400
2015-08-31,164.80465698242188,166.02191760821123,164.2543879575387,165.1715029990106,163298800
2015-09-01,159.88555908203125,162.3867671258326,159.0184665026377,161.01109506866067,256000400
2015-09-02,162.92034912109375,162.96203846399754,160.4274739883416,162.2616905798971,160269300
2015-09-03,163.03707885742188,165.12141887676555,162.54517766608922,163.62902429870644,152087800
2015-09-04,160.56918334960938,161.62803143495745,159.7521257835405,160.78596281128029,207081000
2015-09-08,164.6044464111328,164.75452546456324,162.72020815711616,163.36218825996093,116025700
2015-09-09,162.4033966064453,166.3052869032578,162.03656352783142,166.18023161757117,149347700
2015-09-10,163.2871856689453,164.42939981290357,161.9532031029294,162.21165920366735,158611100
2015-09-11,164.02919006347656,164.09589045579688,162.18662830079998,162.89530883762922,119691200
2015-09-14,163.42059326171875,164.25432928458272,162.9370248418414,164.20430715869924,79452000
2015-09-15,165.46316528320312,165.90504411345597,163.3788263775595,163.92074940430882,113806200
2015-09-16,166.89723205566406,167.08900045592938,165.4215287987995,165.76336354174293,99581600
2015-09-17,166.5220947265625,169.1567036506817,166.14691605513212,166.7638853009481,276046600
2015-09-18,163.80084228515625,166.50780585133356,163.39019601063427,164.0187487536993,223657500
2015-09-21,164.6472930908203,165.66972706910326,163.59970523919577,164.6305281045718,105726200
2015-09-22,162.51025390625,162.97119523935484,161.37885361480554,162.4851128142571,153890900
2015-09-23,162.25039672851562,163.14712519772604,161.67212624126188,162.67780792921184,92790600
2015-09-24,161.6637725830078,162.12471385357648,159.70269094597663,161.03521979257943,159378800
2015-09-25,161.62193298339844,163.423779799342,160.7503323298869,163.1220738481947,155054800
2015-09-28,157.56565856933594,160.83414178262998,157.25557652045333,160.72518850580386,178515900
2015-09-29,157.65780639648438,159.0154891991918,156.66050053114188,157.78352463470284,159045600
2015-09-30,160.5994415283203,160.76705305770844,158.76406522986127,159.5434645960891,163452000
2015-10-01,161.01844787597656,161.3201536899569,159.08250756457684,160.97654180415807,131079000
2015-10-02,163.42372131347656,163.44886240141275,158.4958634709605,159.04061688143545,211003300
2015-10-05,166.33189392089844,166.5581765919769,164.5384231228912,164.64737640673343,126320800
2015-10-06,165.76199340820312,166.75929955888773,165.09992320074306,166.1977937404232,110274500
2015-10-07,167.11964416503906,167.4716322461538,165.50216142426532,166.6922200188745,124307300
2015-10-08,168.628173828125,168.91311473391343,166.4324203846099,166.73412628130978,153055200
2015-10-09,168.7287139892578,169.20640746419622,168.10016119364352,168.7706200665533,107069200
2015-10-12,168.88792419433594,169.08905287462173,168.3767008187138,168.80411205225855,56395600
2015-10-13,167.82366943359375,169.42438765185491,167.65605783943883,168.1588926219036,88038700
2015-10-14,167.01895141601562,168.34310344546174,166.72563461205795,167.76483314529318,99106200
2015-10-15,169.58355712890625,169.59193322957273,167.3123806301731,167.68113366653773,134142200
2015-10-16,170.35459899902344,170.37135120218616,169.22319867641423,169.98584592238217,114580100
2015-10-19,170.4384002685547,170.4384002685547,169.39920099152405,169.7092829967101,76523900
2015-10-20,170.22048950195312,170.83227734943787,169.75117209632427,170.00259578875122,78448500
2015-10-21,169.16455078125,170.79039695586204,168.9969264357949,170.639550390483,102038000
2015-10-22,172.02235412597656,172.23187176059804,169.1645433085749,170.1115543212638,174911700
2015-10-23,173.90797424316406,174.2767272443333,172.8939162778874,173.69008055517259,144442300
2015-10-26,173.48056030273438,173.79064223625593,173.11180730722845,173.7319839622101,69033000
2015-10-27,173.14532470703125,173.4805477033603,172.4664770393679,172.8100889227646,77905800
2015-10-28,175.1147918701172,175.13993295683485,172.81848736364915,173.48055729377796,135906700
2015-10-29,175.0142364501953,175.38298945811434,174.49463691427613,174.6119662542559,90525500
2015-10-30,174.2599334716797,175.52542767919257,174.10071087287469,175.20695690570935,131076900
2015-11-02,176.32168579101562,176.51443846235014,174.46116790124873,174.58688617311827,86270800
2015-11-03,176.83287048339844,177.38600006681244,175.7433763067183,175.9696589159223,95246100
2015-11-04,176.2964630126953,177.25186261170902,175.7600985498795,177.12615718602464,96224500
2015-11-05,176.12051391601562,176.816113979219,175.23216121465313,176.3551726375853,78408700
2015-11-06,176.02828979492188,176.2629612566358,174.70414990202073,175.77687892154736,110471500
2015-11-09,174.38571166992188,175.56739414738445,173.43868791009058,175.4165348072266,131008700
2015-11-10,174.78799438476562,174.82152436849697,173.6398418068349,173.90801773697598,75874600
2015-11-11,174.10076904296875,175.10645107827153,174.03372186888976,175.05616889469752,67846000
2015-11-12,171.67034912109375,173.53086655626646,171.65359691929243,173.06154914702296,121315200
2015-11-13,169.74276733398438,171.5278613165477,169.65896796963872,171.259685447527,153577100
2015-11-16,172.32403564453125,172.38270671213425,169.44107135405784,169.55841348926387,117645200
2015-11-17,172.19833374023438,173.51409767680042,171.703875251433,172.63413394816544,121123700
2015-11-18,174.9304656982422,175.07293615993984,172.63416053119036,172.6760538291458,121342500
2015-11-19,174.77955627441406,175.19859140679677,174.48622656657122,174.81307345831223,88220500
2015-11-20,175.41653442382812,176.0953694832022,175.03940525616932,175.53386378238736,94011500
2015-11-23,175.21539306640625,175.97802744813458,174.75445176671988,175.4751928567913,64931200
2015-11-24,175.45008850097656,175.8523588158634,173.82422946054962,174.2097347824995,98874400
2015-11-25,175.4249267578125,175.77691484040187,175.16511415567015,175.5757733126617,51980100
2015-11-27,175.6260223388672,175.82716382863123,175.03937564531228,175.517069100086,37317800
2015-11-30,174.89695739746094,175.90263957043769,174.7880041261747,175.78531019672278,112822700
2015-12-01,176.5646514892578,176.681993612213,175.2488877171369,175.5254524613775,97858400
2015-12-02,174.76278686523438,176.83282138984717,174.5113632345808,176.51435060515686,108441300
2015-12-03,172.315673828125,175.28243773375337,171.59493269576072,175.0142618268885,166224200
2015-12-04,175.67636108398438,175.96969091918655,172.31570246678578,172.31570246678578,192913900
2015-12-07,174.61199951171875,175.76852814381505,173.6482107323735,175.34949288008445,102027100
2015-12-08,173.43869018554688,174.56170160436466,172.45814921945004,173.05318491064102,103372400
2015-12-09,172.08937072753906,174.88852275963552,171.1172060065192,172.80173567385899,162401500
2015-12-10,172.5335235595703,173.84091114354192,171.9217358389554,172.15639449310737,116128900
2015-12-11,169.18963623046875,171.08367050452372,168.87954152371802,170.42160059431686,211173300
2015-12-14,170.04444885253906,170.17016706298082,167.57214416909764,169.3488617974309,182385200
2015-12-15,171.82958984375,172.73470749855906,170.01935453413182,171.55302505022993,154069600
2015-12-16,174.34378051757812,174.64548636656923,171.63681676475792,172.95258061456695,197017000
2015-12-17,171.68710327148438,174.72091403822824,171.6703382828012,174.65386687143496,173092500
2015-12-18,168.62847900390625,171.08176821443183,168.4682959121305,170.9468886997138,251393500
2015-12-21,170.01956176757812,170.19660966654243,168.6875281416203,169.80037124585664,99094300
2015-12-22,171.5623016357422,171.85737707901342,169.91834112162374,170.9047174300948,111026200
2015-12-23,173.68682861328125,173.72898408993737,172.4728229242392,172.5655598272645,110987200
2015-12-24,173.40017700195312,173.94817246379162,173.18098653564485,173.43390652848993,48539600
2015-12-28,173.00396728515625,173.0461099010935,171.93327984099471,172.70889178931722,65899900
2015-12-29,174.85020446777344,175.17899653638057,174.06616679034204,174.0998834463857,92640700
2015-12-30,173.6109619140625,174.69008820124438,173.46764356955748,174.60577723904296,63317700
2015-12-31,171.87423706054688,173.57721788903368,171.87423706054688,172.93649841504953,114877900
2016-01-04,169.47154235839844,169.47996830831684,167.42290449220576,169.02472259585497,222353500
2016-01-05,169.7581787109375,170.21342442255937,168.65377466351708,169.7918953745946,110845800
2016-01-06,167.6168212890625,168.6622051229766,166.58828935540473,167.21214413008352,152112600
2016-01-07,163.59542846679688,166.45339493899422,163.20761607684997,164.67454181615454,213436100
2016-01-08,161.79974365234375,165.1129693840645,161.513106924341,164.5565478315544,209817200
2016-01-11,161.9599151611328,163.05589341995838,160.02931749748547,162.7186624135249,187941300
2016-01-12,163.2666473388672,164.01696859123618,161.14213716090515,163.40153973265294,172330500
2016-01-13,159.19467163085938,164.2783112341863,158.81529803706786,163.93265430613445,221168900
2016-01-14,161.8081817626953,162.92945090371774,158.20833189652004,159.80171165185732,240795600
2016-01-15,158.33477783203125,159.13568064709096,156.4041799782958,157.45800285707142,324846400
2016-01-19,158.5455322265625,160.27380420958087,156.97744336907945,160.14735061786772,195244400
2016-01-20,156.51373291015625,158.07339555861964,152.61038261004657,155.99104099867043,286547800
2016-01-21,157.39056396484375,159.22842497611094,155.66229179050984,156.98589956251828,195772900
2016-01-22,160.61944580078125,160.82177152815098,159.23683091955206,159.99557812528212,168319600
2016-01-25,158.19139099121094,160.30746178479558,157.9974912673792,160.11356206096383,130371700
2016-01-26,160.3496551513672,160.62786588037858,158.51179458668403,158.84901269600596,141036800
2016-01-27,158.60455322265625,161.49623685514294,157.70247471737795,159.82698511645978,185681700
2016-01-28,159.43075561523438,160.3496860747916,157.78679450317122,160.14736031579847,143798800
2016-01-29,163.31723022460938,163.45212261959614,160.07988992920824,160.19791755880993,210529300
2016-02-01,163.25820922851562,164.04226001473677,161.73227600136582,162.31398819603547,136061600
2016-02-02,160.31593322753906,161.84186634784507,159.79322845197512,161.8334403978046,182564900
2016-02-03,161.27699279785156,161.6816570229346,157.73615188427675,161.36972968943766,205054900
2016-02-04,161.5299530029297,162.49946476772794,160.14733809741855,160.77963173464707,139531800
2016-02-05,158.45274353027344,161.58892022049545,157.82045005021325,161.01564697331523,180788300
2016-02-08,156.31982421875,156.9099622889876,154.1110162141271,156.61489968589137,191526700
2016-02-09,156.32827758789062,157.60130371702277,154.44826138293897,154.5831537838088,184513100
2016-02-10,156.19342041015625,158.78160279410181,156.06695394221933,157.15450639185042,148214100
2016-02-11,154.16162109375,155.20701788010714,152.66940449594475,153.72322723314252,219058900
2016-02-12,157.33995056152344,157.3568024628288,155.08898678876355,155.9320449597169,127632400
2016-02-16,159.99559020996094,160.02088092779238,158.18302015711848,159.14410602685712,120250700
2016-02-17,162.60903930664062,162.97998690347998,161.03251202007326,161.15897844483843,136009500
2016-02-18,161.94308471679688,162.93790031655604,161.63115722577803,162.87888005390369,102343000
2016-02-19,161.86715698242188,162.01890126735088,160.56041434022336,161.1674172080311,114793000
2016-02-22,164.21087646484375,164.3541948162909,163.37624420918957,163.44369040940836,103640300
2016-02-23,162.13694763183594,163.82306391154782,162.01890714277164,163.55327913205167,111455300
2016-02-24,162.8788299560547,163.15704068573677,159.6077731227988,160.71217722714357,150812200
2016-02-25,164.85157775878906,164.86001657290862,162.5668974763839,163.3256446324791,110728300
2016-02-26,164.47219848632812,165.81265775224122,164.31201539215382,165.71993371250397,129833700
2016-02-29,163.18235778808594,165.43332184054452,162.9884579866063,164.48910068824537,125918100
2016-03-01,167.0182342529297,167.10254520529068,163.93263863876854,164.40474909828157,141799700
2016-03-02,167.76858520507812,167.81916663985717,166.29323332513397,166.70633648257544,102415000
2016-03-03,168.42616271972656,168.44302748531464,167.0182570982276,167.59153048775184,95172200
2016-03-04,168.97418212890625,169.74980714601884,167.79390556208236,168.6200991588591,129293600
2016-03-07,169.1090087890625,169.51368590949613,167.97931410528602,168.05518624135055,100219000
2016-03-08,167.26272583007812,168.54417777416353,167.10255559310772,168.03835062068885,123974900
2016-03-09,168.08895874023438,168.43460284757697,167.288043107976,168.07209397322683,94801200
2016-03-10,168.223876953125,169.51376821272046,166.4028804832129,168.57797282143812,156838700
2016-03-11,170.93849182128906,170.980647308,168.2069912334791,169.67390440425157,137964500
2016-03-14,170.7193145751953,171.17456042054744,170.10388558631487,170.43267782574958,73612000
2016-03-15,170.44105529785156,170.74455672977479,169.49683433811077,169.75818029203575,93169100
2016-03-16,171.42742919921875,171.83210634515947,169.91836087595732,169.96051635333183,129303200
2016-03-17,172.5149383544922,173.02076536481033,170.94685018082538,171.34308841413124,134278500
2016-03-18,173.19288635253906,173.53184366636853,172.7013891962115,173.01492535802336,138372400
2016-03-21,173.43869018554688,173.6674935655199,172.70145065389715,172.93025403387017,72926700
2016-03-22,173.345458984375,173.91321974650177,172.5065348857441,172.66753124752051,97471900
2016-03-23,172.2014617919922,173.150552830856,172.0319701661417,172.96412238673693,81052500
2016-03-24,172.12522888183594,172.15913238773123,170.95581653642625,171.1761376031501,84360900
2016-03-28,172.22686767578125,172.7522554642158,171.77774335397856,172.54040388108646,62408200
2016-03-29,173.8199920654297,173.93015903226305,171.51504568353033,171.8201124967345,92922900
2016-03-30,174.58262634277344,175.3029138438038,174.21823495839973,174.81989904080604,86365300
2016-03-31,174.15895080566406,174.91314191454202,173.99794153572478,174.48943875381522,94584100
2016-04-01,175.34532165527344,175.5317520880499,172.85394489943778,173.16749404386812,114423500
2016-04-04,174.77755737304688,175.47243677743458,174.47249057387086,175.2690546011857,63497000
2016-04-05,173.03192138671875,174.78604597682616,172.7776968710869,173.43867285349214,99662200
2016-04-06,174.921630859375,174.98095551509184,172.8539571352317,173.03191817198646,91839800
2016-04-07,172.8284912109375,174.19281570468272,172.09972136464393,173.8369066537569,113859000
2016-04-08,173.2945556640625,174.438559125444,172.76068565803226,174.00637371850846,95040600
2016-04-11,172.88783264160156,174.6250180994244,172.79461743370686,173.93013874413782,83757500
2016-04-12,174.4979248046875,174.7775704690855,172.6166815572068,173.0573365069002,115350600
2016-04-13,176.26051330566406,176.34525910921872,175.2775188781648,175.41310699169452,96336400
2016-04-14,176.26898193359375,176.76896148372217,175.92155517350372,176.31983717373794,65212900
2016-04-15,176.07403564453125,176.40452350109942,175.7520171938887,176.26893542394563,75761600
2016-04-18,177.3113250732422,177.3452156408778,175.4131300257505,176.07410600301003,82531000
2016-04-19,177.87060546875,178.12482998523546,177.05710253247176,177.73503026630098,88316100
2016-04-20,178.04006958007812,178.7349360253094,177.4384054150759,177.91295087628632,81100300
2016-04-21,177.08248901367188,178.16716800323152,176.8113128010852,178.057001050569,85695000
2016-04-22,177.08248901367188,177.35365229586503,176.18424043766717,176.72657993244698,99251700
2016-04-25,176.77745056152344,176.81982346782792,175.87071950211055,176.4808531477876,66166500
2016-04-26,177.0401611328125,177.5486101955067,176.56561557050952,177.14184577319264,75864200
2016-04-27,177.404541015625,177.79434073179453,176.3029100722661,176.6588192206628,77329400
2016-04-28,175.7945098876953,177.75201721297177,175.3792888977273,176.65039889392236,97216200
2016-04-29,174.84535217285156,175.5232798328265,173.74372134169164,175.1758401291601,142424100
2016-05-02,176.23507690429688,176.41302497381514,174.91312523773163,175.34529776552623,62188000
2016-05-03,174.70130920410156,175.24364879119557,173.9555874229489,175.00637602999169,106422100
2016-05-04,173.7267608642578,174.4385919831778,173.22679425067844,173.70982204814575,92243800
2016-05-05,173.69276428222656,174.5486394676558,173.2690613909552,174.19273059063417,67619200
2016-05-06,174.32843017578125,174.37080307810095,172.76920564141264,172.9217325732904,89315000
2016-05-09,174.47250366210938,174.90467627236418,174.02337930329685,174.20134033716386,74374900
2016-05-10,176.64178466796875,176.65873640910675,175.10798181992146,175.17577585408358,77472200
2016-05-11,174.98939514160156,176.7180982468476,174.98939514160156,176.18424108823578,81727000
2016-05-12,175.040283203125,175.82837796577218,174.03186740714267,175.65888632277918,89586300
2016-05-13,173.51490783691406,175.29446622372728,173.1929022383585,174.7436573056343,96474600
2016-05-16,175.22674560546875,175.70129125939403,173.62514755827127,173.68447223021158,77486800
2016-05-17,173.5912322998047,175.2436724420577,173.06583146017744,174.95555732605408,114924900
2016-05-18,173.6420440673828,174.81993841591333,172.5573649376739,173.24376203518085,120062100
2016-05-19,173.0403594970703,173.32847452848824,171.83704413315402,172.92172313528684,115430500
2016-05-20,174.13352966308594,174.65044803642593,173.59965954280523,173.65050185323304,104990400
2016-05-23,173.89633178710938,174.43018920681294,173.70990128168913,174.15054344868255,58682600
2016-05-24,176.1503143310547,176.4638634029026,174.68430529485113,174.70972644521828,93537800
2016-05-25,177.34518432617188,177.7604180561647,176.15033837426097,176.8282659808313,76621400
2016-05-26,177.3960723876953,177.7096215832107,177.0825361225769,177.48081820927177,55280700
2016-05-27,178.15875244140625,178.1672218517118,177.50624579675315,177.55708811938115,64211200
2016-05-31,177.8197021484375,178.54000254297296,177.26041099011996,178.42983560653087,109879400
2016-06-01,178.1841278076172,178.3620758910807,177.01470296613778,177.209602796253,69936200
2016-06-02,178.7264862060547,178.74342502410155,177.31131907541297,177.78586458863467,63044700
2016-06-03,178.1925811767578,178.5400208346773,176.98926588067863,178.16716002426546,101757100
2016-06-06,179.0993194580078,179.45522853801452,178.38748836760095,178.548497626974,64887000
2016-06-07,179.3789520263672,179.9382432647417,179.22642510520694,179.25184625873365,60974800
2016-06-08,179.96371459960938,180.09083333308234,179.38748438513582,179.51459018821174,66170900
2016-06-09,179.71791076660156,179.83654711891666,178.9637197560857,179.23488301978054,73786900
2016-06-10,178.01466369628906,178.68410904426875,177.4723112022157,178.34515166586806,113829200
2016-06-13,176.64178466796875,178.26880269669027,176.55705182305852,177.41292725987438,117751200
2016-06-14,176.29443359375,176.88762845786226,175.34534249980456,176.2605430248504,125059300
2016-06-15,176.0486602783203,177.41298494979887,175.86222985634978,176.29440241797562,109124500
2016-06-16,176.5740509033203,176.74354251177266,174.21826236624872,176.04866312222205,149533100
2016-06-17,175.91648864746094,176.49571546014107,175.26058875857578,176.4701621006193,117055700
2016-06-20,177.04937744140625,178.5485639825912,176.96419092301392,177.87563727878802,82789600
2016-06-21,177.55197143554688,177.96083819196116,176.98977152195235,177.4327180900244,72461700
2016-06-22,177.26235961914062,178.4548930850924,177.11753991475223,177.73084655371028,95560500
2016-06-23,179.57073974609375,179.62184645879435,178.2589531287725,178.71892654071584,102731400
2016-06-24,173.12252807617188,179.6048273711775,172.67958155075527,173.4547347208247,333444400
2016-06-27,170.0218963623047,171.7255225262651,169.21266353631458,171.71699607695817,230775800
2016-06-28,173.08839416503906,173.1139475145144,171.3166216148195,171.62327480615815,159382400
2016-06-29,176.03573608398438,176.26571631196322,174.383216236283,174.48542967094025,137328600
2016-06-30,178.4378204345703,178.4889271454984,175.9505275208487,176.504213883724,165021900
2016-07-01,178.8125762939453,179.29811592351382,178.27592996602945,178.43777650921896,106055300
2016-07-05,177.52638244628906,178.09709569943664,176.9301158383466,177.986355830234,109803700
2016-07-06,178.59120178222656,178.71045513913478,176.37648172805586,177.0323816898715,96021500
2016-07-07,178.48045349121094,179.43448030163498,177.71382666106882,178.77006691614102,85593800
2016-07-08,181.1380615234375,181.38509461612574,179.5451750888838,179.77516827919834,133971000
2016-07-11,181.77694702148438,182.34767335157056,181.39363364866333,181.5980735130661,73633900
2016-07-12,183.09725952148438,183.39539936460767,181.8024997136228,182.7394995083198,101275600
2016-07-13,183.0717010498047,183.52316102982908,182.58617425894235,183.51464757652928,87324100
2016-07-14,184.09388732910156,184.56238724640937,183.70206048745473,184.33239401470564,91230900
2016-07-15,183.84689331054688,184.85202691445332,183.40394668964572,184.65611346579453,107155400
2016-07-18,184.34088134765625,184.5027279208938,183.71053495653027,183.96608149334548,58725900
2016-07-19,184.15350341796875,184.18757022804962,183.6764900910065,183.92351020759827,54345700
2016-07-20,184.92018127441406,185.1586880038702,184.1535543579682,184.1535543579682,58159500
2016-07-21,184.2216339111328,185.03085380551673,183.7786874330219,184.80938706527985,67777300
2016-07-22,185.04791259765625,185.09901931234043,184.07684602574125,184.3409060500352,62787500
2016-07-25,184.54531860351562,184.89456512363662,183.966091885143,184.84345841291403,55873100
2016-07-26,184.63052368164062,184.9882836903036,183.78722387702433,184.44312372505922,70080500
2016-07-27,184.4346160888672,185.0734760525525,183.66797633386125,185.0053294300427,84083900
2016-07-28,184.64756774902344,184.93718114385538,183.77871456688854,184.23868801764283,65035700
2016-07-29,184.94566345214844,185.3034234086294,184.1023767681707,184.38347666204226,79519400
2016-08-01,184.7923583984375,185.3971384940866,184.34089844051198,185.00531169925665,73311400
2016-08-02,183.60833740234375,184.69865725581784,182.77356410776096,184.5453241214279,92295500
2016-08-03,184.14500427246094,184.20463744599286,183.25061065060416,183.548737525343,53993600
2016-08-04,184.34088134765625,184.65604804440085,182.50096187975078,184.25569483617224,46585500
2016-08-05,185.84860229492188,185.89119555549402,184.34090225224605,184.34090225224605,71892200
2016-08-08,185.73789978027344,186.1382530864224,185.47383972677943,186.0360266481112,39906500
2016-08-09,185.84860229492188,186.34265552275468,185.52492210937768,185.806022031988,51251700
2016-08-10,185.38865661621094,186.03603008181074,185.0394100239515,185.95936999989237,57941100
2016-08-11,186.2489776611328,186.49601080319758,185.65271093524512,185.9167709854497,72504300
2016-08-12,186.08714294433594,186.30009627357856,185.68678964554863,185.942323242528,61313500
2016-08-15,186.62379455566406,186.97304116885294,186.44492102046848,186.45343447531178,49813500
2016-08-16,185.6611785888672,186.2744720286673,185.6611785888672,186.20633842240616,53213600
2016-08-17,186.0104522705078,186.14674550776292,184.86051219996892,185.69528553228906,75134300
2016-08-18,186.4278106689453,186.4618774730868,185.87413736760277,185.98486422928966,52989300
2016-08-19,186.15525817871094,186.33414467656135,185.47381799057598,185.95934477450407,75443000
2016-08-22,186.14674377441406,186.3767369854356,185.55047711402338,185.91675056339253,61368800
2016-08-23,186.5215301513672,187.05817660563002,186.46189699083246,186.76003679823123,53399200
2016-08-24,185.56747436523438,186.47039410023814,185.15008130007953,186.37669414673954,71728900
2016-08-25,185.43971252441406,185.85710562988723,185.0308458685778,185.18416599040268,69224800
2016-08-26,185.0904998779297,186.64931972308202,184.2046197953318,185.62714639773398,122506300
2016-08-29,186.0019073486328,186.26596732761564,185.1841610610908,185.21824086345805,70502200
2016-08-30,185.6953125,186.19787926302044,185.1416390149965,185.91677929447332,58114500
2016-08-31,185.1671905517578,185.48235733264187,184.39203728227727,185.3631039833095,85269500
2016-09-01,185.1756591796875,185.46527252972356,184.0171927819061,185.15861927743916,97844200
2016-09-02,186.0104522705078,186.43635888870114,185.43973896184536,186.02749217457432,79293900
2016-09-06,186.57266235351562,186.64932242955953,185.57604237202705,186.29156241038206,56702100
2016-09-07,186.5556182861328,186.7345047905499,185.95083814731663,186.41081159095657,76554900
2016-09-08,186.1297149658203,186.4960014346624,185.82306166539124,186.22341494644138,74102900
2016-09-09,181.67474365234375,184.86904359887217,181.64919029258272,184.81793687935007,221589100
2016-09-12,184.28126525878906,184.68161850409962,180.8484590897426,180.91660570571437,168110900
2016-09-13,181.63211059570312,183.26759025031527,181.01029064834364,183.0035302588737,182828800
2016-09-14,181.56398010253906,182.88429317458588,181.01030671634427,181.6832334317643,134185500
2016-09-15,183.3783416748047,183.76165500904514,181.22325535365334,181.40214184170566,134427900
2016-09-16,182.6694793701172,182.9434427794408,181.98459697339692,182.76365265916039,155236400
2016-09-19,182.70376586914062,183.9622577591456,182.37843752488723,183.32017059335925,80250500
2016-09-20,182.7123260498047,183.7139804812361,182.67808714811602,183.55988582869148,69665300
2016-09-21,184.76693725585938,184.9467142769323,182.72937726175448,183.41427258495116,110284400
2016-09-22,185.93128967285156,186.23093553533752,185.52892712117182,185.77719504411826,76678700
2016-09-23,184.91253662109375,185.67447949134535,184.81836331967855,185.5374977686876,73630900
2016-09-26,183.41427612304688,184.26182250818067,183.2173600593985,184.0820454836398,89827300
2016-09-27,184.55291748046875,184.64707769209988,182.88348096470668,183.25161760787776,78494800
2016-09-28,185.46897888183594,185.62308656236328,183.8166811905737,184.77552697769812,87411000
2016-09-29,183.79100036621094,185.6658967386846,183.24308657792002,185.26352112161058,128070600
2016-09-30,185.17791748046875,185.87992589879707,184.37316624574723,184.62143417016583,117202900
2016-10-03,184.7327117919922,184.95529725204656,184.09918124112315,184.76696374787355,83512100
2016-10-04,183.79100036621094,185.0666180738813,183.20029122302313,184.84403258789584,119948100
2016-10-05,184.6043243408203,185.03238240361438,184.3474868904848,184.4159777481273,72816000
2016-10-06,184.7327117919922,184.95529725204656,183.84235688848102,184.3817010923231,62927400
2016-10-07,184.0991973876953,185.1779120165763,183.37150655256386,185.0066914120333,89788300
2016-10-10,185.0580596923828,185.52035663948527,184.91252152267842,185.0580596923828,51855000
2016-10-11,182.72080993652344,184.69844863511594,181.99311926081322,184.62995779564466,130367400
2016-10-12,182.96063232421875,183.48286382429777,182.36134042393545,182.85788947837935,73866100
2016-10-13,182.36131286621094,182.85786184561832,180.82031410777756,181.63362191101672,101357000
2016-10-14,182.45545959472656,183.79956814610816,182.37841228068805,183.33725813528716,93346200
2016-10-17,181.8219451904297,182.686617766202,181.642155057929,182.42978031832754,58275700
2016-10-18,182.96063232421875,183.47429430022012,182.58393903717172,183.41437294817115,76869700
2016-10-19,183.44854736328125,183.75674966585316,182.8663947158089,183.22596189159376,66519200
2016-10-20,183.10610961914062,183.6625798404998,182.44689658612387,183.097540097914,73639800
2016-10-21,183.1917266845703,183.27734352328338,182.14726395608955,183.10612290915276,89089100
2016-10-24,183.97073364257812,184.33887024930587,183.6197230104936,184.06490690817907,60146600
2016-10-25,183.35440063476562,184.04785265018015,183.19173647049877,183.7910151836165,66542300
2016-10-26,182.98622131347656,183.56837386828238,182.29275644560417,182.53248092126256,75705500
2016-10-27,182.4982452392578,183.73961082038784,182.42119793483377,183.70537192840828,77220200
2016-10-28,181.95892333984375,183.14892428259796,181.24835842102084,182.4725982624079,140623200
2016-10-31,181.96743774414062,182.51535139937488,181.80477363248966,182.2927529041506,61272500
2016-11-01,180.64903259277344,182.34415167961674,179.44191895997065,182.29277374641168,122781800
2016-11-02,179.56179809570312,180.7261165309572,179.12517051792338,180.34085382978796,103330800
2016-11-03,178.73989868164062,179.989833798208,178.4659483526424,179.77580479671514,88939300
2016-11-04,178.54296875,179.6901608899193,178.39743061851397,178.85117098823267,109122100
2016-11-07,182.48109436035156,182.51534631095052,178.54296915542682,178.54296915542682,109794900
2016-11-08,183.30299377441406,183.86803345879056,181.82191678048162,182.08731064527544,106772100
2016-11-09,185.2464141845703,185.8628188492065,181.78769767041217,181.8133801094974,258429000
2016-11-10,185.70867919921875,186.89867990417122,184.2532846271845,186.03400745605103,172113300
2016-11-11,185.2806396484375,185.52035110471618,184.33891980256973,184.98956331771262,100552700
2016-11-14,185.4262237548828,186.00838962386422,184.68140676428828,185.80291701187704,94580000
2016-11-15,186.873046875,186.873046875,185.60599853106606,185.81145806271672,91652600
2016-11-16,186.52200317382812,186.7531581694383,186.1367535566741,186.25660928341745,65617700
2016-11-17,187.4809112548828,187.54083260233344,186.5648605531982,186.6761598512752,69797200
2016-11-18,187.06137084960938,187.72058391490273,186.88158071787657,187.54936330481615,86265800
2016-11-21,188.4739532470703,188.49963568487826,187.4894249623122,187.63496313098892,72402600
2016-11-22,188.84210205078125,189.02187912694623,188.11439809751522,188.7821676498624,67429000
2016-11-23,188.94480895996094,188.9961738326538,188.13150132797097,188.32840436105832,56620200
2016-11-25,189.64686584472656,189.68110474515828,189.21023821861826,189.2872986053587,37872300
2016-11-28,188.75650024414062,189.61261646285374,188.65377047815005,189.33866606577988,76572500
2016-11-29,189.12460327148438,189.5783437413918,188.49107267987097,188.7907185282828,69886700
2016-11-30,188.6708526611328,189.9036618200159,188.61091826935393,189.7409976860947,113291800
2016-12-01,187.97738647460938,188.97047105412133,187.6178062778789,188.97047105412133,79040500
2016-12-02,188.0715789794922,188.55957142791652,187.71201178431926,188.0630225212601,74840300
2016-12-05,189.20166015625,189.54410137465365,188.70511124525808,188.90201429267543,67837800
2016-12-06,189.8009796142578,189.83523158143706,188.91062441706606,189.39004745119223,59877400
2016-12-07,192.28367614746094,192.34359747994642,189.52698133405676,189.6468370623224,110738100
2016-12-08,192.7545166015625,193.2253830250353,191.99257386659514,192.2579808058571,99714400
2016-12-09,193.9188232421875,193.93594921927246,192.94285156103166,192.9771035152016,88005800
2016-12-12,193.69625854492188,194.304106695277,193.27675697280102,193.82467072858418,102016100
2016-12-13,194.98895263671875,195.48550142620047,194.33830925565232,194.35543523137014,110477500
2016-12-14,193.37945556640625,195.39132000910016,192.94282811520142,194.6893117934379,142501800
2016-12-15,194.17568969726562,195.0318057935021,193.38806445632346,193.61921946002988,124972600
2016-12-16,193.79591369628906,194.691529641135,193.4772879233699,194.63124198664173,156420200
2016-12-19,194.21791076660156,194.63988497695757,193.8303904029604,193.9767864007674,90341100
2016-12-20,194.96710205078125,195.11351117714477,194.5193072017222,194.7518115170943,89838800
2016-12-21,194.42454528808594,195.0101291313163,194.42454528808594,194.8378993621479,67909000
2016-12-22,194.0886993408203,194.39871819214375,193.69255903179445,194.27815603553404,56219100
2016-12-23,194.37294006347656,194.38154695559655,193.94235893219806,194.13180254089076,36697800
2016-12-27,194.85513305664062,195.25126022547312,194.62261563301922,194.63984255262181,42672500
2016-12-28,193.2447509765625,195.13069789250957,193.13280884997076,195.11348411321208,64095000
2016-12-29,193.2017364501953,193.66675823630646,192.76253533744898,193.31367859594346,48696100
2016-12-30,192.49554443359375,193.61505768273278,191.80661219256285,193.52893622499533,108998300
2017-01-03,193.96817016601562,194.47625268810015,192.79698909968164,193.79592722132304,91366500
2017-01-04,195.12210083007812,195.26849680321703,194.28677258194588,194.2953794720281,78744400
2017-01-05,194.96710205078125,195.12211806798737,194.17483446364827,194.85515990866216,78379000
2017-01-06,195.66464233398438,196.12966407630134,194.5365089692909,195.07904528556946,71559900
2017-01-09,195.0187530517578,195.54406239938967,194.98429921306328,195.4062733251903,46939700
2017-01-10,195.0187530517578,195.87129502525147,194.63121963803593,195.0359668308157,63771900
2017-01-11,195.5698699951172,195.5698699951172,194.26950713462466,194.93260546757773,74650000
2017-01-12,195.0790252685547,195.268481958282,193.7270077721798,195.0531914599818,72113200
2017-01-13,195.52688598632812,195.82828488116763,195.21686705944367,195.25130776674516,62717900
2017-01-17,194.83792114257812,195.2943359950259,194.4504008335571,194.88958876507553,61240800
2017-01-18,195.2684783935547,195.31153912048646,194.53648545658123,195.08762859655678,54793300
2017-01-19,194.54518127441406,195.48384504186964,194.11460011793417,195.3460559181255,66608800
2017-01-20,195.2598876953125,195.75074323022767,194.59678923838771,195.22543385479455,129168600
2017-01-23,194.7517547607422,195.32012475770603,193.99394123841128,195.25985025879095,75061600
2017-01-24,196.00051879882812,196.41387296884554,194.85517151455983,194.96711366334637,95555300
2017-01-25,197.69700622558594,197.69700622558594,196.78416328499497,196.94778620019798,84437700
2017-01-26,197.49034118652344,197.81758704777135,197.21476295804246,197.55061571132043,59970700
2017-01-27,197.18028259277344,197.7141988777078,196.9994327741686,197.5678029008803,59711100
2017-01-30,195.9573974609375,196.51714745264198,194.97567339806525,196.49131364627334,79737300
2017-01-31,195.94020080566406,196.0004884566942,194.89820208042732,195.4665590486064,75880800
2017-02-01,196.01768493652344,196.8530131051667,195.43210109969132,195.94018351228783,79117700
2017-02-02,196.1468505859375,196.43103559113922,195.3287494050592,196.01766841614332,69657600
2017-02-03,197.4988555908203,197.67970536110656,196.7410420979642,197.05106088967847,80563200
2017-02-06,197.14585876464844,197.49033153341225,196.81000602778656,197.094191134407,57790100
2017-02-07,197.1544647216797,197.77450252089744,196.96500799745806,197.53337817012294,57931200
2017-02-08,197.41281127929688,197.54198034259372,196.61192366598257,197.1544600124119,51566200
2017-02-09,198.58392333984375,198.88532209630182,197.41274272492666,197.41274272492666,65955200
2017-02-10,199.3676300048828,199.59154055725963,198.60119627316433,198.92844207107467,66015900
2017-02-13,200.45269775390625,200.71104900172796,199.83266001525024,199.85849382600338,55182100
2017-02-14,201.25357055664062,201.26219058701622,199.92738676753206,200.2718463350098,71109000
2017-02-15,202.30418395996094,202.49364065914128,200.98660709584573,201.03827471556946,86785800
2017-02-16,202.13194274902344,202.51085612595435,201.38273602482136,202.33000632685946,84722400
2017-02-17,202.4506072998047,202.4506072998047,201.45165604912492,201.46888297145847,77204100
2017-02-21,203.6562042236328,203.82843399397925,202.81225601044366,202.82087604014896,88946100
2017-02-22,203.4753875732422,203.6992849971404,203.08786724175664,203.251490149344,62115200
2017-02-23,203.61314392089844,204.00927107949298,202.85531716144558,203.99205730062485,74615900
2017-02-24,203.87155151367188,203.91459911303326,202.72620416839197,202.7692649080462,82381600
2017-02-27,204.1901092529297,204.36233901382846,203.53563090539905,203.78536208765897,56515400
2017-02-28,203.63900756835938,204.05236170667933,203.2514872424162,203.81123736430177,96961900
2017-03-01,206.48944091796875,206.95447579618843,205.27519924075014,205.29242616150023,149158200
2017-03-02,205.18907165527344,206.30858487370685,205.1374040381639,206.2999648439958,70246000
2017-03-03,205.31826782226562,205.4818907249212,204.7240638664285,205.10297729567483,81974300
2017-03-06,204.7068634033203,205.05992990327823,204.1040393774143,204.52601356749014,55391500
2017-03-07,204.09539794921875,204.75849638133062,203.8887143347153,204.40541680082913,65103700
2017-03-08,203.71652221679688,204.64657894355068,203.57873311499068,204.38822766273705,78168800
2017-03-09,203.97486877441406,204.30211459855315,203.01037136468838,203.8370796757985,90683900
2017-03-10,204.68963623046875,204.97382132054474,203.74235259688214,204.93076058441957,81991700
2017-03-13,204.7929229736328,204.83598369955777,204.3020674908966,204.62930009929119,57256800
2017-03-14,204.00930786132812,204.3021129786375,203.39789009404342,204.25043221184765,59880800
2017-03-15,205.77468872070312,206.196662895698,204.34515642855678,204.57767388337365,96081800
2017-03-16,205.36993408203125,205.98997184571738,205.0427014191847,205.91247041032932,78344000
2017-03-17,205.0092010498047,205.8222169148429,205.0092010498047,205.63193604441045,89002100
2017-03-20,204.7844696044922,205.29476265235854,204.39526326624602,205.00934115165492,52537000
2017-03-21,202.15504455566406,205.51089350230714,202.0253135695641,205.38980684946205,131809300
2017-03-22,202.6307373046875,202.91615865814032,201.5669036763305,202.18963877523575,97569200
2017-03-23,202.41453552246094,203.54756354767736,202.04263120164606,202.63076264780625,100410300
2017-03-24,202.2675323486328,203.2881181952796,201.48911986212113,202.7172885306516,112504900
2017-03-27,202.05992126464844,202.31939645634566,200.321459915953,200.59822377562864,87454500
2017-03-28,203.53030395507812,203.95410073492422,201.64479629003603,201.75723863446456,93483900
2017-03-29,203.72055053710938,203.95407953685887,203.01997673531778,203.24486140080134,61950400
2017-03-30,204.3692169189453,204.5681553695538,203.48701978020478,203.65999883500942,56737900
2017-03-31,203.89352416992188,204.55949417887837,203.84161857669875,204.0318994928165,73733100
2017-04-03,203.53892517089844,204.1443585000938,202.31075664668595,203.94543323424176,85546500
2017-04-04,203.668701171875,203.7551973226387,202.87298673519567,203.2535486826205,56466200
2017-04-05,203.063232421875,205.32064431094852,202.8556496145903,204.34329340648705,108800600
2017-04-06,203.634033203125,204.15297031801492,202.76046728392677,203.20157900865607,69135800
2017-04-07,203.42649841308594,204.11842792690598,202.94215171264923,203.38325034394884,74412300
2017-04-10,203.5475616455078,204.3432758756478,203.01996693669741,203.56486351066155,67615300
2017-04-11,203.30540466308594,203.40918946743707,201.81776087925203,203.1670161256462,88045300
2017-04-12,202.41453552246094,203.21890729142282,202.1896640631861,203.02862636532242,81864400
2017-04-13,201.09983825683594,202.81236631371326,201.09983825683594,202.0771889279115,92880400
2017-04-17,202.881591796875,202.881591796875,201.41989433024537,201.61881958860167,68405400
2017-04-18,202.27615356445312,202.81240582699647,201.59288163305118,202.14642256401504,83225800
2017-04-19,201.90423583984375,203.21024288163855,201.6793511907246,202.83833857341216,68699900
2017-04-20,203.5475616455078,203.98867342346213,202.19830650755497,202.51831842688946,92572200
2017-04-21,202.89892578125,203.52166109188718,202.5010751756791,203.46976868224397,110389800
2017-04-24,205.1303253173828,205.33790808615962,202.8729138470728,205.13896965036957,119209900
2017-04-25,206.3239288330078,206.669886959925,205.68389178100873,205.77038791146632,76698300
2017-04-26,206.1941375732422,207.1714881950138,206.1509027153384,206.28927801604698,84702500
2017-04-27,206.36724853515625,206.6699587019254,205.83099609559002,206.5142814500089,57410300
2017-04-28,205.91738891601562,206.65255312133522,205.78764474040307,206.6266069257036,63532800
2017-05-01,206.4363250732422,206.86013492902634,206.02117274759829,206.4363250732422,66882500
2017-05-02,206.5142059326172,206.69582932677102,206.1076978824263,206.57474266484968,57375700
2017-05-03,206.26336669921875,206.60933800312412,205.58873915342298,206.51419754423213,73137700
2017-05-04,206.5055694580078,206.64395799930222,205.6579627381305,206.56611939387074,61462700
2017-05-05,207.31858825683594,207.33589012408044,206.43637779177612,206.87748962303496,62001300
2017-05-08,207.2840118408203,207.5088833404866,206.86020184793435,207.3618504525365,48385700
2017-05-09,207.0937042236328,207.7423856326874,206.74773288699615,207.54346036253196,51363200
2017-05-10,207.46559143066406,207.46559143066406,206.8428562736012,207.05043905844082,54293800
2017-05-11,207.0418243408203,207.20615908597674,205.96068859369421,207.0158781386859,62358300
2017-05-12,206.69580078125,207.08500691242796,206.42768129527087,206.79094123086725,53912700
2017-05-15,207.83750915527344,207.95859581385963,207.10233167263556,207.11963353742098,61918900
2017-05-16,207.6472625732422,208.15755549042336,207.25805633467112,208.1316092876825,51241800
2017-05-17,203.96275329589844,207.64725919723645,203.90220335884877,207.64725919723645,172174100
2017-05-18,204.7844696044922,205.63207657183344,203.62548172960015,203.8849570209181,107047700
2017-05-19,206.11634826660156,206.78233152544618,205.21684920841886,205.26874160827177,115011400
2017-05-22,207.16287231445312,207.32720702890853,206.55743904866105,206.62662010978983,61010600
2017-05-23,207.6212615966797,207.7855963023231,207.15420367564522,207.53476547872376,48341700
2017-05-24,208.10565185546875,208.20943666083193,207.5175071643434,207.85483417668863,46927700
2017-05-25,209.1002655029297,209.377042546185,208.40834928970304,208.6159188746887,64071700
2017-05-26,209.0570831298828,209.2214046934374,208.83219842640756,208.9100370403217,46629900
2017-05-30,208.8754119873047,209.12622965651605,208.58134625168944,208.73702345379505,35201900
2017-05-31,208.823486328125,209.20404813593743,208.13155696823463,209.16944440934273,91796000
2017-06-01,210.484130859375,210.5014327244796,208.9964871993291,209.28190858500193,68962000
2017-06-02,211.1846923828125,211.34038276481593,210.2419453498353,210.5360110522851,88666100
2017-06-05,211.02903747558594,211.29715700891515,210.83009901105527,211.01173560965785,44698800
2017-06-06,210.35440063476562,211.0203706729839,210.27654884023806,210.4668297647165,50375400
2017-06-07,210.74362182617188,210.96849329954466,210.02574614132465,210.69172942442873,54144300
2017-06-08,210.847412109375,211.3231144668124,210.31981734884585,210.8387677746789,65950700
2017-06-09,210.5273895263672,211.91123526293748,209.2646172592581,211.11552099498175,132256400
2017-06-12,210.484130859375,210.53602325723256,209.63652423363692,210.28520560176892,86108100
2017-06-13,211.51336669921875,211.56525909526675,210.67440443656096,211.02036254185137,60067000
2017-06-14,211.24525451660156,211.79013789146447,210.42358089248344,211.78149355764182,78602300
2017-06-15,210.83872985839844,210.95981650965615,209.6192058152247,209.89596964776152,66464900
2017-06-16,210.88485717773438,211.04999333756032,210.00704417138684,210.99784786852436,84553100
2017-06-19,212.6404571533203,212.7012891020136,211.61488115848746,211.71048558799038,65123800
2017-06-20,211.2063751220703,212.29278298541092,211.18900214476346,212.2840964967575,56906400
2017-06-21,211.15428161621094,211.71052204861903,210.6849591389802,211.59754462107009,55977600
2017-06-22,211.05860900878906,211.6583082251127,210.8847864163885,211.16291317368038,44148100
2017-06-23,211.3107452392578,211.6410043147441,210.7371185255653,211.11953633469363,66986800
2017-06-26,211.4497528076172,212.39711064820162,211.2411709623493,211.97992043403343,56700500
2017-06-27,209.74624633789062,211.52795786080534,209.7288600990162,211.2324448471982,82247700
2017-06-28,211.62356567382812,211.82346100773714,210.52845805803364,210.76312587024884,70042600
2017-06-29,209.76361083984375,211.82343566222565,208.5555259686431,211.77129021282053,106949700
2017-06-30,210.15472412109375,210.94563216967157,209.96351529040868,210.57190099630944,86820700
2017-07-03,210.5110626220703,211.52793868409657,210.5110626220703,211.09337558433424,39153800
2017-07-05,210.997802734375,211.20638456590143,210.06783119610182,210.8761255787128,54427600
2017-07-06,209.0684051513672,210.35470879909923,208.885882731154,210.23303160623024,65400800
2017-07-07,210.42416381835938,210.5719136942868,209.07701543431983,209.64195547243426,57972300
2017-07-10,210.65013122558594,211.0238624203301,210.119963666866,210.42416316812717,36663300
2017-07-11,210.4936981201172,210.80658411472686,209.3290720753313,210.65013448651465,50354600
2017-07-12,212.0755157470703,212.24065187535012,211.45844346560077,211.45844346560077,59610400
2017-07-13,212.43186950683594,212.54486018070784,211.85824290969333,212.08422425743714,39471600
2017-07-14,213.42262268066406,213.7789675973689,212.3362149554515,212.43181936574274,60262700
2017-07-17,213.39659118652344,213.72686344258008,213.2227685692678,213.3444457275283,33531900
2017-07-18,213.50958251953125,213.56172797868854,212.64914265798896,212.988101404327,42742500
2017-07-19,214.66554260253906,214.6742290926207,213.81378914912898,213.82248890102755,51034300
2017-07-20,214.76112365722656,215.03923718954388,214.21356981991232,214.91756003256464,47135200
2017-07-21,214.56991577148438,214.59598850082523,213.96151672202305,214.18749805873117,82340800
2017-07-24,214.5177459716797,214.65679609178116,214.04841037316834,214.49165998348326,46622300
2017-07-25,215.0392608642578,215.3695331531979,214.81329276550863,215.26522896300702,54915600
2017-07-26,215.0478973388672,215.36078331303545,214.78717007857182,215.32602409893403,47575400
2017-07-27,214.84799194335938,215.54329554910623,213.52691641862165,215.50853633663485,70766600
2017-07-28,214.5959930419922,214.72635669145512,213.91807554115323,214.37001170050198,50088400
2017-07-31,214.47430419921875,215.09137645548512,214.26570910962465,214.9957720304814,65838700
2017-08-01,214.95230102539062,215.10873737781307,214.4308199936887,215.07397816454593,55050400
2017-08-02,215.05662536621094,215.1956887645296,214.1266538094975,215.08269809566875,47211200
2017-08-03,214.639404296875,214.96966322270134,214.36127755742876,214.94359049860486,40856000
2017-08-04,215.0305938720703,215.36085292913972,214.64817608426753,215.12619831902103,60191800
2017-08-07,215.43031311035156,215.43031311035156,214.99574999792543,215.10005416294103,31995000
2017-08-08,214.90017700195312,216.33424343971365,214.52645903629823,215.11745858993362,61719400
2017-08-09,214.89146423339844,214.9436096862463,213.85720187920182,214.2135468227478,62632600
2017-08-10,211.8582763671875,214.18754234381817,211.80613089772427,214.05716540834183,120479500
2017-08-11,212.171142578125,212.76215545427516,211.84957003866828,212.0842378910968,74869900
2017-08-14,214.27438354492188,214.49166511117897,213.41395703010485,213.44871624550768,73291900
2017-08-15,214.24832153320312,214.6741981986198,213.94413528231837,214.65681195914163,55242700
2017-08-16,214.6220703125,215.16962417546023,214.19619361221802,214.76982020562247,56715500
2017-08-17,211.27593994140625,214.32658218751973,211.27593994140625,214.01369614334953,128490400
2017-08-18,210.94566345214844,212.23196674420893,210.5024005235471,211.11078631966924,136748000
2017-08-21,211.1107940673828,211.37153463580879,210.18083572957025,210.88482598104898,65469700
2017-08-22,213.31832885742188,213.47476520203688,211.67568092989995,211.69306716657258,63140100
2017-08-23,212.55349731445312,212.97937391862,212.20585214577906,212.35360200555618,50203800
2017-08-24,212.05813598632812,213.0923851691312,211.84954089488582,212.93594879691088,50741700
2017-08-25,212.55349731445312,213.46608245948897,212.405747454676,212.84899703400743,64445900
2017-08-28,212.56222534179688,213.10976589220928,212.1450351697119,213.08369316418083,40565600
2017-08-29,212.8055877685547,213.0663150587926,211.1368535401398,211.24984420711982,51135700
2017-08-30,213.8137664794922,214.0832067852587,212.6056813953853,212.7882037622832,62030800
2017-08-31,215.10009765625,215.34345198746985,213.84855351750988,214.43086661448717,103803900
2017-09-01,215.40426635742188,215.8301430332035,215.25651647279935,215.47379805521166,62007000
2017-09-05,213.8572235107422,215.12615379291992,212.89249275003215,214.90017245863578,91398800
2017-09-06,214.5872802734375,214.91755251446293,214.00496723813447,214.53513481681557,57916900
2017-09-07,214.56118774414062,214.90884619256107,214.15269735588026,214.89145995468658,58034700
2017-09-08,214.30909729003906,214.7697330233203,214.06574306346823,214.2743248223514,63832800
2017-09-11,216.5950164794922,216.67323468005944,215.56075384371064,215.57812682484715,71364800
2017-09-12,217.3250274658203,217.3597866815819,216.7774736694203,216.95999602215846,56896000
2017-09-13,217.42933654785156,217.46410902833395,216.9252416753817,217.03823234422606,59228000
2017-09-14,217.3598175048828,217.55972612475762,216.93395405779384,217.10777668488015,95446300
2017-09-15,217.65243530273438,217.73977127387886,217.11090696769054,217.21571546411664,95432400
2017-09-18,218.1153564453125,218.4647269838403,217.73104085635288,218.0192775480726,46235200
2017-09-19,218.3336944580078,218.42104374769173,218.01052607591205,218.35989657938688,47108100
2017-09-20,218.4122772216797,218.52582862047296,217.41655673397517,218.42102014628162,59574100
2017-09-21,217.8271484375,218.3424747143588,217.6524631452332,218.25513873204213,48211400
2017-09-22,217.87078857421875,218.03674424025084,217.50394552028905,217.53014764359605,51214000
2017-09-25,217.42530822753906,217.9668498298664,216.68289258120123,217.61746600132773,57064400
2017-09-26,217.55633544921875,218.09786373210036,217.32050302734459,217.85330171224217,54082000
2017-09-27,218.403564453125,218.78787999161077,217.37289884285593,218.25508132737005,81001400
2017-09-28,218.66558837890625,218.7441947367933,218.03671086055107,218.12404681566025,44778800
2017-09-29,219.4342041015625,219.51282378636614,218.47342863829596,218.65684347170293,85578000
2017-10-02,220.38626098632812,220.38626098632812,219.4866060401173,219.6613046021802,59023000
2017-10-03,220.85794067382812,220.8841427959599,220.30766945379898,220.38628914782512,66810200
2017-10-04,221.11996459960938,221.36452661284386,220.59589552688965,220.70944693575927,55953600
2017-10-05,222.4300994873047,222.44755868087944,221.1548719920263,221.4518382143416,63522800
2017-10-06,222.17681884765625,222.46505550467177,221.7226398677804,221.98466107631256,80646000
2017-10-09,221.80999755859375,222.46507729936198,221.54796299676016,222.40394345392528,35803100
2017-10-10,222.39515686035156,222.7707427683473,221.83615612442787,222.37769766658715,43057400
2017-10-11,222.74456787109375,222.74456787109375,222.13316282390105,222.29910515071512,47674300
2017-10-12,222.4126739501953,222.77951700719035,222.17684151083012,222.4301464750898,47065100
2017-10-13,222.68344116210938,222.9629482537238,222.4126769968777,222.8493968318015,54800400
2017-10-16,222.9803924560547,223.1725502367093,222.56988810025342,222.91052901548102,38221700
2017-10-17,223.13760375976562,223.18127840295898,222.70961358067885,222.9279734690156,31561000
2017-10-18,223.35598754882812,223.55687493585796,223.1638297603191,223.51320028799114,40888300
2017-10-19,223.41709899902344,223.45204404486665,222.15935722889787,222.5786044856064,61903800
2017-10-20,224.57003784179688,224.59626661827306,223.39964532969876,224.2119510702714,89176400
2017-10-23,223.6966094970703,224.9194462959128,223.61800312947534,224.89324417338113,63915300
2017-10-24,224.08966064453125,224.32547973958586,223.73154721149646,224.1246056918486,66935900
2017-10-25,222.9803924560547,223.87130459112328,221.85366122188066,223.75775317683716,103715300
2017-10-26,223.26864624023438,223.86257882405025,223.14636521841157,223.5918279839053,69798000
2017-10-27,225.0941162109375,225.2513555999806,223.27737353607554,224.01105961565028,85562500
2017-10-30,224.25559997558594,224.99802890928333,223.95863373315882,224.01103797268954,54285700
2017-10-31,224.60501098632812,224.85831595994026,224.308044690315,224.63121311082153,60304800
2017-11-01,224.90194702148438,225.72298235215794,224.5351173279343,225.38235477957573,54202700
2017-11-02,224.98931884765625,225.12907239190451,223.76650865456273,224.8321061061006,56449500
2017-11-03,225.7404327392578,225.78409404892494,224.73595606435163,225.14647366519628,59589700
2017-11-06,226.08984375,226.22085435776503,225.53957254212585,225.6094359811802,49652600
2017-11-07,225.9326171875,226.5265496765108,225.4260073281454,226.1946383869873,57502200
2017-11-08,226.31690979003906,226.41300200160703,225.47841528260687,225.75792233683754,50469600
2017-11-09,225.49595642089844,225.68811423588843,223.91500591945956,225.1116407909184,95085500
2017-11-10,225.42601013183594,225.6007087038398,224.79713258998552,225.11158468854057,59984700
2017-11-13,225.6356201171875,225.8627229227184,224.7097763557661,224.7447214001383,50228600
2017-11-14,225.1116180419922,225.2164265386195,224.05473683871833,224.83211094747693,61315200
2017-11-15,223.98484802246094,224.6661298286348,223.27736409509808,224.14206074959475,80811500
2017-11-16,225.88894653320312,226.2558028958665,224.8844963178253,224.9281576360003,67777000
2017-11-17,225.22508239746094,225.8627027879323,225.14647604607512,225.53953445826068,75756800
2017-11-20,225.6094207763672,225.80157853989257,225.22510524931647,225.4696939076753,48075500
2017-11-21,227.0855712890625,227.26901281156458,225.57453771922826,226.37808728873543,69176800
2017-11-22,226.8846435546875,227.22527108469816,226.718687924212,227.09426049623252,45033400
2017-11-24,227.40870666503906,227.51354180063734,227.2340347495609,227.37378827509912,27856500
2017-11-27,227.29518127441406,227.749360239689,227.09428058415776,227.4523939944793,52274900
2017-11-28,229.60108947753906,229.62729160230606,227.66205227898897,227.7581445066441,98971700
2017-11-29,229.46131896972656,230.26489516197006,229.01588288160568,229.73208312406396,77512100
2017-11-30,231.47021484375,232.37857274930585,230.2998090900364,230.37841544790612,127894400
2017-12-01,230.9898223876953,231.7322513570046,227.75811195549682,231.25187025317766,164390900
2017-12-04,230.71031188964844,233.03363739793878,230.65788099918234,232.6056605919785,94040600
2017-12-05,229.88055419921875,231.59248823067725,229.74954359953608,229.88055419921875,77994500
2017-12-06,229.92420959472656,230.35221308301692,229.46128771759268,229.9766138332505,75898600
2017-12-07,230.64918518066406,230.9636106197974,229.66219423795215,230.64918518066406,77218600
2017-12-08,231.90695190429688,231.91566817453804,230.61425172727832,231.60124271960038,76563900
2017-12-11,232.60569763183594,232.66684480106926,231.88075449249916,232.60569763183594,83077500
2017-12-12,233.01620483398438,233.48786966002598,232.64063222031234,233.39177744765638,85195800
2017-12-13,232.989990234375,233.69747410791436,232.9026409519702,233.2607543511489,102905400
2017-12-14,232.03799438476562,233.40055818718739,231.98559013507742,233.2870067611082,100666700
2017-12-15,233.97023010253906,234.43551820355714,232.9869817978599,233.03965390050294,144610300
2017-12-18,235.4539337158203,235.80509006221476,235.2607937065766,235.36613793134373,83653600
2017-12-19,234.5496826171875,235.74361949835358,234.47943527623028,235.6997350038883,82382900
2017-12-20,234.4267120361328,235.5679765584184,234.12822788094283,235.515304459944,76751500
2017-12-21,234.90956115722656,235.6206881078484,234.66374908730396,235.05002902454035,67032300
2017-12-22,234.8480987548828,234.96223055721842,234.312563403501,234.92710689692217,78720900
2017-12-26,234.56716918945312,234.78664518691386,234.30380870910167,234.44424977095338,45244400
2017-12-27,234.68136596679688,235.04130991726413,234.40921779792106,234.73403807744953,57751000
2017-12-28,235.1641845703125,235.20809585350116,234.7954798239778,235.18175980019154,45116100
2017-12-29,234.2774200439453,235.76107976654862,234.08430690731117,235.74353133362752,96007400
2018-01-02,235.95428466796875,235.9894083349834,234.7515602899202,235.13784025255728,86655700
2018-01-03,237.4467010498047,237.595956521271,236.12105740806095,236.12105740806095,90070400
2018-01-04,238.44757080078125,238.93043423408284,237.5082335741826,238.0876536192369,80636400
2018-01-05,240.03652954101562,240.1594221725427,238.7460095567062,239.23763366582364,83524000
2018-01-08,240.47552490234375,240.63354122486592,239.6502928293821,239.93998942067273,57319200
2018-01-09,241.0198516845703,241.6431562298976,240.61599642060025,240.89693222383696,57254000
2018-01-10,240.65106201171875,240.9144493105008,239.59759319110952,240.2647820733768,69574300
2018-01-11,242.40689086914062,242.40689086914062,241.0373625313552,241.20416646404138,62361500
2018-01-12,243.9871826171875,244.15395979130867,242.3718150771938,242.67032612523522,90816100
2018-01-16,243.15310668945312,245.89216327412473,242.45955492874856,245.24252279459583,106555100
2018-01-17,245.47080993652344,245.85708997416316,243.1531565021984,244.0837329224632,113258800
2018-01-18,245.05816650390625,245.7780275136728,244.56651555336,245.35665068678648,100728000
2018-01-19,246.173095703125,246.173095703125,245.05816712382477,245.63756026225914,140920100
2018-01-22,248.17469787597656,248.17469787597653,245.9096904252106,245.96238931636123,91322400
2018-01-23,248.70147705078125,248.99117363539048,247.89379343511357,248.21861368775413,97084700
2018-01-24,248.6049041748047,249.9393357013387,247.42851576534068,249.3423404855951,134816100
2018-01-25,248.710205078125,249.5617730729087,247.92009679641455,249.46521648794092,84587300
2018-01-26,251.5897674560547,251.63367873984512,249.28966279713086,249.5442625102855,107743100
2018-01-29,249.92172241210938,251.45805452351033,249.7637061106124,251.01910249168148,90118300
2018-01-30,247.35829162597656,249.97442894951632,246.88421586467027,248.0957279260588,131796400
2018-01-31,247.48114013671875,248.71020041762685,246.4100961508907,248.2098154832068,108364800
2018-02-01,247.2002716064453,248.49957956598647,246.4101631247902,246.75255864869757,90102500
2018-02-02,241.81871032714844,246.01509111839752,241.78358665930918,245.88338406187754,173174800
2018-02-05,231.70526123046875,242.1698916316703,231.1609648845585,240.06292679944846,294681800
2018-02-06,236.27029418945312,236.77070587057335,227.11376242714104,228.20235475111994,355026800
2018-02-07,234.9885711669922,239.10591620344402,234.9095362319154,235.71721968539316,167376100
2018-02-08,226.1744384765625,235.4275552292879,226.1393148107997,235.2870873577438,246449500
2018-02-09,229.5719757080078,231.42434093123214,222.0395551652409,228.957431978035,283565300
2018-02-12,232.943115234375,234.40922715006334,229.71243395839974,231.61747121653497,143736000
2018-02-13,233.5225067138672,234.06680300678443,231.16094237859048,231.7403623395533,81223600
2018-02-14,236.67417907714844,237.0341229974219,232.03005857309503,232.03884618797034,120735700
2018-02-15,239.6941680908203,239.7029557055696,235.95428785276758,238.4124355383196,111200300
2018-02-16,239.76438903808594,241.70457649535732,239.0269527686309,239.07086405094287,160420100
2018-02-20,238.26315307617188,240.25601241008334,237.47304479191206,238.81623691260538,86369700
2018-02-21,237.07801818847656,241.17784258546794,236.98146158652554,238.70214631468968,98883700
2018-02-22,237.38526916503906,239.711709729396,236.7180802507282,237.99981276687265,110511300
2018-02-23,241.16908264160156,241.16908264160156,238.13154126660785,238.60561709001573,92766400
2018-02-26,243.96949768066406,244.0660810448981,241.65184522857155,242.24002586058097,86491400
2018-02-27,240.9231414794922,244.86494789183527,240.86168178147267,244.1538211418212,99099200
2018-02-28,238.482666015625,242.46835850910344,238.1666333695874,242.02061880237406,121907800
2018-03-01,235.01499938964844,239.8171371368471,233.5225513150146,238.27201694583923,176855100
2018-03-02,236.226318359375,236.7881895933616,232.48646677519488,233.3467952639312,139083200
2018-03-05,238.95680236816406,239.57134616885665,234.9359851861803,235.04135621975445,97307400
2018-03-06,239.5624237060547,240.0101632742922,238.0699763395971,239.93112834571988,79213200
2018-03-07,239.4746856689453,239.82584195994448,237.20970481921924,237.40284479799493,87063500
2018-03-08,240.6334991455078,240.75639177769847,239.15862681019166,240.15063585578204,66901200
2018-03-09,244.8211212158203,244.8211212158203,241.72212069884188,242.0381801182192,113625300
2018-03-12,244.513916015625,245.73421595248826,244.1276359486694,245.11091135006612,71924800
2018-03-13,242.93365478515625,246.17312347300873,242.32789873513437,245.67271164185843,91968900
2018-03-14,241.6869659423828,244.07486594797848,241.1339089147542,243.89051360543561,105895100
2018-03-15,241.42364501953125,242.83705786317586,240.92323321625588,242.19620497023516,83433000
2018-03-16,241.68545532226562,242.73434762380472,241.63257225654203,241.9498706508836,100343700
2018-03-19,238.41534423828125,241.86170049075108,236.7670927477109,240.93622002883185,109208400
2018-03-20,238.82083129882812,239.4554549648832,238.14212048028443,238.81200848856804,59757300
2018-03-21,238.36245727539062,240.86568740550535,238.15092503585717,238.77672584368344,78709600
2018-03-22,232.40408325195312,236.98745229628895,232.13081823448522,236.14129640944108,148785900
2018-03-23,227.45050048828125,233.17093659771976,227.25658694391362,232.84481538646813,183534800
2018-03-26,233.67330932617188,233.955370261597,228.6492300456166,231.04669419910772,141956100
2018-03-27,229.69815063476562,235.1364991793472,228.1468421973337,234.60766848369053,129941400
2018-03-28,229.0194091796875,231.49622480159888,227.91763387941825,229.8303276361625,146452300
2018-03-29,231.94569396972656,233.8055043683826,229.0281955901973,230.15641224241278,111601600
2018-04-02,226.9392852783203,231.92812739453532,224.47130575320918,231.41688855818825,186286300
2018-04-03,229.84796142578125,230.32393591836862,226.38398611035794,228.1732682393446,119956900
2018-04-04,232.30712890625,233.01225437698196,226.17245123468194,226.30465889809264,123715300
2018-04-05,234.14051818847656,235.02193855166377,232.97703685335392,234.0611666848327,82652600
2018-04-06,228.92247009277344,233.67331128789823,227.40642617564995,232.18373580132868,179521200
2018-04-09,230.05064392089844,233.43529384498132,229.11634077565296,230.37676505100026,105442900
2018-04-10,233.70858764648438,234.49306462652993,231.79592065488106,232.93293347707709,103529000
2018-04-11,232.48336791992188,234.14044196708517,232.1572467955175,232.22774856614302,91140200
2018-04-12,234.39608764648438,235.33921379794384,233.6292563098291,233.80555112463333,68890500
2018-04-13,233.70858764648438,235.81519507925242,232.703782489798,235.7006061362064,85079200
2018-04-16,235.6300506591797,236.39690882957498,234.51947949635002,235.33919382812687,63405300
2018-04-17,238.15093994140625,238.7502992568039,236.88169262714564,237.39290453761745,64682000
2018-04-18,238.3272247314453,239.12929345575915,237.86886900462565,238.5916400362949,57303900
2018-04-19,237.00502014160156,237.87761727297814,235.97374697822772,237.67488100358278,77655900
2018-04-20,234.9954071044922,237.154897174765,234.11398697765554,236.93454214305586,99953100
2018-04-23,234.960205078125,236.123686276615,233.88487128536516,235.56838720920786,65558000
2018-04-24,231.79592895507812,236.20303062196353,230.2975036288115,235.98267553861925,112885500
2018-04-25,232.36883544921875,232.8095455943946,229.91848811799363,231.73421176421306,103840900
2018-04-26,234.73104858398438,235.5595858554559,232.95058918082958,233.39129935081172,67731900
2018-04-27,234.9513702392578,235.6388769306565,234.0170669637368,235.3391972855658,57053600
2018-04-30,233.14447021484375,236.12367485222273,233.0739415341474,235.5683758116827,82182300
2018-05-01,233.55870056152344,233.66446666644478,231.02900235772682,232.5803102933891,74203400
2018-05-02,231.98985290527344,234.17575821480935,231.6020257892948,233.36486653508314,86368900
2018-05-03,231.47860717773438,232.13084962675967,228.33193008387593,231.16130876431046,136311500
2018-05-04,234.4754180908203,235.15412893581123,230.18290554153174,230.50902674812139,91222100
2018-05-07,235.26873779296875,236.23827868420156,234.55476254394,235.24229625773177,55304900
2018-05-08,235.26873779296875,235.63009647493584,233.70860651754143,234.89852940083588,67499200
2018-05-09,237.54270935058594,237.86883047334368,235.41848374968689,235.93851836419324,59666100
2018-05-10,239.76385498046875,240.09000297038187,238.1773097647115,238.2830758592549,72063900
2018-05-11,240.49551391601562,240.75992922415082,239.3760930143519,239.88733180849408,59871500
2018-05-14,240.61009216308594,241.57963284906248,240.06358905252702,240.9273905187562,54790600
2018-05-15,238.9530029296875,239.40250890537564,238.00987693366224,239.3848901863238,87036100
2018-05-16,239.95779418945312,240.41614984670522,238.9617851943398,238.98825361961775,53942600
2018-05-17,239.75514221191406,240.8304760440051,238.97948805121726,239.69343633576486,56536400
2018-05-18,239.1557159423828,239.7727208029804,238.80315326438767,239.41133531592274,64368000
2018-05-21,240.95384216308594,241.49152248673255,240.24871674390172,240.6365437940962,58025900
2018-05-22,240.283935546875,241.72947751252565,239.95781439332927,241.4738581359053,52966400
2018-05-23,240.94500732421875,240.971475752457,238.85604580289476,239.01472187827835,64694200
2018-05-24,240.451416015625,240.82162432927402,238.67095692322204,240.54838622347975,76043800
2018-05-25,239.8784637451172,240.50426445551912,239.37604785563138,239.8784637451172,56374800
2018-05-29,237.1196746826172,239.01474980878663,236.00910341800926,238.25671437855638,115908600
2018-05-30,240.283935546875,240.72464562438188,238.35365015429863,238.424151931224,69678400
2018-05-31,238.81199645996094,240.17818704087188,238.21263716632328,239.87850739405306,93519900
2018-06-01,241.1565704345703,241.45625007264385,240.03714957306167,240.10767825190814,71258400
2018-06-04,242.3024139404297,242.5580333367851,241.73831898505043,241.97629276170582,45385200
2018-06-05,242.4787139892578,242.8577182376583,241.66779553102288,242.43462683786473,51135000
2018-06-06,244.5060272216797,244.61179337177003,242.46994813598835,243.08695320993857,62732200
2018-06-07,244.47947692871094,245.28157240851118,243.57161534586987,244.99071562514888,72969400
2018-06-08,245.2022705078125,245.2551535642236,243.85369877171357,244.02117074995135,72139700
2018-06-11,245.52838134765625,246.2423294780415,245.30802632225817,245.42261523927425,58892500
2018-06-12,245.84576416015625,246.20712281550618,245.20231765169822,245.9427074826128,72329000
2018-06-13,245.06129455566406,246.3393648003741,244.85855819513074,246.08374537166932,79070600
2018-06-14,245.67828369140625,246.2071143389862,245.08772026985903,245.9250802932143,77097600
2018-06-15,245.36477661132812,245.70122452941598,243.7888050631181,244.8955274149394,120041600
2018-06-18,244.86012268066406,244.9840885625564,243.43467715644596,243.91276179336904,52917600
2018-06-19,243.92161560058594,244.14296007935235,242.17742002712302,242.59354872798747,97531500
2018-06-20,244.33778381347656,245.0018173571571,244.00133582821002,244.60338642311115,53785500
2018-06-21,242.80601501464844,244.34659086014588,242.3102055759744,244.32886601045814,71061400
2018-06-22,243.24880981445312,244.17847318128233,243.0274652537223,244.06336968656635,54898500
2018-06-25,239.9375,242.2571866362737,238.2552867692335,242.0978250397967,137854200
2018-06-26,240.46876525878906,241.3187209092821,239.7516109568726,240.50418795827716,68547400
2018-06-27,238.4766082763672,242.47850775660206,238.3260821033997,241.0530619154473,105110700
2018-06-28,239.84005737304688,240.60146947724132,237.71512857523751,238.423447181038,76650500
2018-06-29,240.1854248046875,242.29262948762698,240.07032130223428,240.9291393363835,97592500
2018-07-02,240.6988983154297,240.85828692224064,238.3792118140002,238.61828121441778,63554800
2018-07-03,239.8489227294922,241.69052431494146,239.42395853253888,241.59311867340935,42187100
2018-07-05,241.80557250976562,241.8675554544419,239.90201521447784,240.97334204813754,56925900
2018-07-06,243.85081481933594,244.22265843947528,241.4514210425873,241.83215410837596,66493700
2018-07-09,246.04660034179688,246.09972087308518,244.80707624573822,244.8513343486122,50550400
2018-07-10,246.9319610595703,247.0293667064297,246.20594449060724,246.4981344115885,51966800
2018-07-11,245.12583923339844,246.1706062307664,244.8248138340223,245.38260652271458,77054700
2018-07-12,247.34812927246094,247.40124980844712,245.78101942166649,246.38307017591055,60124700
2018-07-13,247.54281616210938,247.84384142076897,246.71942115875308,247.17097255653775,48216000
2018-07-16,247.32150268554688,247.72876902543337,246.87881365796778,247.58713231385073,48201000
2018-07-17,248.32205200195312,248.71162061414097,246.49817487198345,246.5512954082271,52315500
2018-07-18,248.84439086914062,248.95063192835636,247.95901268287895,248.4017017760098,44593500
2018-07-19,247.90589904785156,248.56107027763503,247.42778724848594,248.18036413165808,61412100
2018-07-20,247.62249755859375,248.33081612745139,247.46313601294727,247.70217833141697,82337700
2018-07-23,248.08299255371094,248.2866122554626,247.0736483951872,247.41895887666095,47047600
2018-07-24,249.331298828125,250.1724187805513,248.46364563466813,249.49068741146465,68026900
2018-07-25,251.45631408691406,251.77503732383056,249.03922146188526,249.08347957158932,78882900
2018-07-26,250.86309814453125,251.54482974615317,250.64175355729782,250.73915922587406,57919500
2018-07-27,249.1631317138672,251.2880338772159,248.24233086923053,251.19062823019235,76768700
2018-07-30,247.86160278320312,249.40215198668153,247.33920594196468,249.24279041796194,63742500
2018-07-31,249.08334350585938,249.69425639583147,248.2422507437213,248.62295674193922,68570500
2018-08-01,248.6672821044922,249.79172959266052,248.0209733790744,249.28705758708554,53853300
2018-08-02,250.02200317382812,250.1902002009129,247.162221399743,247.3658681456286,63426400
2018-08-03,251.09323120117188,251.14635172489284,249.96878373668994,250.14587016215646,53935400
2018-08-06,252.01405334472656,252.3239140861713,250.7391066281403,251.12867518151927,39400900
2018-08-07,252.8462371826172,253.22697025725319,252.54521190516917,252.67804022075435,43196600
2018-08-08,252.7400665283203,253.13849754684549,252.27967956747327,252.67811058599844,42114600
2018-08-09,252.39471435546875,253.19154915600424,252.26191305864492,252.80198067225936,35717000
2018-08-10,250.70370483398438,251.5005398433731,249.995386032617,250.96047208820502,77076000
2018-08-13,249.7651824951172,251.589059329678,249.47299257350093,250.97814624222252,65732900
2018-08-14,251.3588409423828,251.59791032549649,250.1016191525683,250.49118768395763,43842000
2018-08-15,249.4818572998047,250.15475334890513,248.04754900111985,250.01308960069466,102925400
2018-08-16,251.50051879882812,252.36819912554938,250.88074327694193,250.91616596894616,69967900
2018-08-17,252.38575744628906,252.82844628303897,250.8894670165078,251.29673318083465,65618500
2018-08-20,252.92605590820312,253.19165861667707,252.38596104150062,252.83751266551045,39807500
2018-08-21,253.51919555664062,254.37801350839973,252.9614029564797,253.4395147594175,67272000
2018-08-22,253.3687286376953,253.89109861015223,252.846331645636,253.11196135645298,44993300
2018-08-23,253.0322265625,254.0504060210551,252.7134763814482,253.1915881432276,49204900
2018-08-24,254.5550079345703,254.6966716405088,253.5545265873472,253.6076470996255,57487400
2018-08-27,256.5648193359375,256.671060366002,255.5908981943619,255.75025973945864,57072400
2018-08-28,256.6888122558594,257.13150127415275,256.22839838429445,257.02523321330386,46943500
2018-08-29,258.0699768066406,258.3001567022933,256.6622290964166,256.9012714179143,61485500
2018-08-30,257.0252685546875,257.96376724094705,256.4320803195823,257.5919235454238,61229500
2018-08-31,257.0340576171875,257.4767465699944,256.13098188051356,256.61792892076545,66140800
2018-09-04,256.59136962890625,256.9455153885651,255.5908882686675,256.61792988539094,57594400
2018-09-05,255.90078735351562,256.4408819522442,254.89147054249426,256.23723529705296,72452400
2018-09-06,255.13058471679688,256.308125831231,254.10354276501158,256.00710048633505,65909900
2018-09-07,254.634765625,255.60868701029355,253.84676608884516,254.08583548590653,73524800
2018-09-10,255.07745361328125,255.90971124627146,254.88266933705808,255.64408158618681,50210900
2018-09-11,255.91851806640625,256.36120709749815,254.08580601257725,254.43108940663996,50530500
2018-09-12,255.98049926757812,256.58254986104964,255.1925268478039,255.92737874577733,59810800
2018-09-13,257.4945068359375,257.68045569530796,256.75965488471724,257.0429823679138,51034200
2018-09-14,257.5387878417969,257.8840712530081,256.75965078524433,257.69814941620206,55079900
2018-09-17,256.17529296875,257.52105793665976,255.90082792279205,257.48566226721647,68244000
2018-09-18,257.5652770996094,258.1584651362326,256.3611491569968,256.38770941207565,61930400
2018-09-19,257.83978271484375,258.25591145639254,257.4944723248046,257.61843821443676,49080600
2018-09-20,259.9293212890625,260.2480714927518,257.8575395336768,259.0970906351815,100360600
2018-09-21,259.69183349609375,260.78578814845525,259.53175051533134,260.670163615046,105479700
2018-09-24,258.8291320800781,259.25604717756437,258.25103654562844,259.11374214506895,53409600
2018-09-25,258.5890808105469,259.3895230957644,258.34895626755684,259.28280107665773,44370000
2018-09-26,257.8152160644531,259.91415398039527,257.3972035619519,258.7312825518188,79739700
2018-09-27,258.53564453125,259.62069664612955,258.0109099954677,258.2866175118633,59249500
2018-09-28,258.5623474121094,259.0604014939994,257.8775298349885,257.9130857394722,70091400
2018-10-01,259.4606628417969,260.52791006634834,258.79362314823425,259.7986068206603,62078900
2018-10-02,259.30938720703125,260.0208851700745,258.93586027610115,259.30938720703125,47258200
2018-10-03,259.45172119140625,260.7768978308185,259.0959721701713,260.358885266842,64694600
2018-10-04,257.42388916015625,259.02477312297555,255.840783146468,258.97141213367536,111545900
2018-10-05,255.9831085205078,258.16208813528516,254.5600853615641,257.64625615039654,105951700
2018-10-08,255.9831085205078,256.3388575247664,253.91972629713487,255.298263866853,87742200
2018-10-09,255.6096649169922,256.90816155770057,255.0493471006676,255.60078950883783,74339000
2018-10-10,247.5160675048828,255.17369367290726,247.14254065292167,255.10252760650397,214731000
2018-10-11,242.0642852783203,248.04983780700684,240.45447107772478,246.4311481997651,274840500
2018-10-12,245.42605590820312,246.4399417449787,242.24203910959136,246.155331736026,183186500
2018-10-15,244.04759216308594,246.3955849931058,243.95864810584297,245.07038096659127,102263700
2018-10-16,249.38385009765625,249.75740419174008,245.53282033386319,246.00419386811836,118255800
2018-10-17,249.4283447265625,250.05089871671996,246.85800584754992,249.41944218007552,110626000
2018-10-18,245.8262939453125,249.09035262690333,244.55447843294348,248.4944520427115,134557500
2018-10-19,245.69287109375,248.40548741105457,244.99915113163212,246.47553508012004,139901600
2018-10-22,244.59007263183594,246.68010818995015,244.0564355596308,246.35994223177246,82415800
2018-10-23,243.3448486328125,244.46548348573245,238.89791939665656,240.97910616405136,146352700
2018-10-24,235.97190856933594,243.47832885220126,235.42049357209595,243.0958722305184,177806700
2018-10-25,240.20535278320312,241.7440002948675,236.78123848445856,237.8040269298721,138061500
2018-10-26,235.98081970214844,241.0236512105069,233.27710529716651,236.50558142545964,201574600
2018-10-29,234.6733856201172,240.35657539863922,231.10696608457545,239.06695479413133,160749100
2018-10-30,238.15081787109375,238.46210831898583,234.01517946881256,234.50435792747146,157116000
2018-10-31,240.69464111328125,243.0070511368816,240.24104537265177,240.71241906984613,128296300
2018-11-01,243.25592041015625,243.4515863730925,240.47213849552253,241.55719026418708,99495000
2018-11-02,241.815185546875,244.78573168928202,239.76958135193883,244.3588166152821,122634100
2018-11-05,243.1492156982422,243.70063059419127,241.33486092616565,242.30428826612493,65622500
2018-11-06,244.68785095214844,244.84793390433546,243.0247036177618,243.0869671464693,60085900
2018-11-07,249.92640686035156,250.0064483555935,246.43109871665462,246.8580138331892,102752100
2018-11-08,249.47279357910156,250.1131526376013,248.33438049086973,249.1259199823726,65584900
2018-11-09,247.0359344482422,248.35220873254718,245.63068896829316,248.1654452190553,98812600
2018-11-12,242.4199981689453,246.76908248561793,241.90413898385665,246.52895798753946,99673600
2018-11-13,241.96633911132812,244.8746213934451,241.24593866399726,242.88240555311336,98176600
2018-11-14,240.31210327148438,244.23427156850525,238.75567780247712,243.83406416161853,125335900
2018-11-15,242.8202362060547,243.2827344497403,237.4750430358537,239.04924700507445,135101400
2018-11-16,243.45162963867188,244.3587935506492,241.21035963910745,241.72621869757143,126668000
2018-11-19,239.3337860107422,243.1403571320243,238.41771948586543,242.84684454276717,103061700
2018-11-20,234.9046173095703,237.4660532377612,234.04191183572692,236.00744722346693,136021300
2018-11-21,235.70510864257812,237.59950549234424,235.6962332375424,236.45218975453028,75563700
2018-11-23,234.1309051513672,235.52724792786714,233.97082215763012,234.06864160649894,42807900
2018-11-26,237.9107208251953,238.13306729325623,235.98964408412053,236.38097603926,79981400
2018-11-27,238.71119689941406,238.71119689941406,236.27428794556133,236.8790639113208,75502400
2018-11-28,244.20762634277344,244.20762634277344,238.64896315068884,239.7785008821429,127629600
2018-11-29,243.67398071289062,245.07029607445224,242.29541615794696,243.43382912733134,82346400
2018-11-30,245.15927124023438,245.71958882183426,243.2026381197173,243.52280408525462,98204200
2018-12-03,248.40548706054688,249.38381704212895,246.81350573887352,249.27709506993918,103176300
2018-12-04,240.35658264160156,248.00530818364757,240.04529209231492,247.57839310389085,177986000
2018-12-06,239.991943359375,240.1075678957514,233.41049160957218,236.50556502661695,204185400
2018-12-07,234.41552734375,241.21932634814482,233.5795021440557,239.65399795009372,161018900
2018-12-10,234.86019897460938,235.8296265873571,230.01303376896047,234.23761783450223,151445900
2018-12-11,234.91355895996094,238.23985434553188,233.44607729820376,238.0530908610672,121504400
2018-12-12,236.09646606445312,239.24490098571113,236.01642455907125,237.8841411103909,97976700
2018-12-13,236.01634216308594,237.90183601004946,234.90460973993248,237.03913056400617,96662700
2018-12-14,231.65838623046875,234.82459840670106,231.1069712205048,233.87294881626218,116961100
2018-12-17,227.1136016845703,231.81844749138895,225.48602373208445,230.7067150296598,165492300
2018-12-18,226.86459350585938,229.41714067784332,225.26369591406458,228.75010114550832,134515100
2018-12-19,223.4671630859375,230.7067659311748,221.7684458235465,226.94466625050688,214992800
2018-12-20,219.82952880859375,223.78729366508378,217.58827236195947,222.22197924177337,252053400
2018-12-21,215.32534790039062,223.38552036390047,214.68124937399995,220.72861735508985,255345600
2018-12-24,209.63583374023438,215.45060262563953,209.57322025034426,213.84035620425558,147311600
2018-12-26,220.22764587402344,220.22764587402344,209.11696653417636,211.09399387368785,218485400
2018-12-27,221.91842651367188,222.11522151944322,213.76880366004917,216.99823741467299,186267300
2018-12-28,221.63214111328125,224.89735185930846,220.46918466599615,223.26922375327266,153100200
2018-12-31,223.5733184814453,223.81485878090328,221.3816013239506,223.25126929890155,144299400
2019-01-02,223.80596923828125,224.7273989963419,220.02190048222155,220.04873678437622,126925200
2019-01-03,218.46530151367188,222.36566931905944,217.98222086036947,222.06150186504593,144140700
2019-01-04,225.78298950195312,226.42708803378295,221.1132819712888,221.4890038398222,142628800
2019-01-07,227.5631866455078,228.96766966524018,225.15676508760038,226.0513447804907,103139100
2019-01-08,229.7012176513672,230.1842983290865,227.22324173305432,229.7459630162037,102512600
2019-01-09,230.77471923828125,231.61562631457824,229.18236851303053,230.4079382964577,95006600
2019-01-10,231.58883666992188,231.8393179366992,228.56515239927478,229.24504182356054,96823900
2019-01-11,231.67825317382812,231.70508947195933,229.93381189408592,230.51528322053164,73858100
2019-01-14,230.26483154296875,231.06994789059002,229.3792062906262,229.7817508142326,70908200
2019-01-15,232.90382385253906,233.21693219887842,230.63158383386505,230.64053836674492,85208300
2019-01-16,233.46743774414062,234.3530629785704,233.1274930641431,233.33322893857783,77636700
2019-01-17,235.23866271972656,236.09747886046176,232.55492370584037,232.59966906964814,96118400
2019-01-18,238.36968994140625,238.83488883956215,235.27445194397527,237.04572950918973,127900300
2019-01-22,235.14926147460938,237.11734819205563,233.539028560635,236.9026577503023,115531200
2019-01-23,235.64125061035156,236.87577500924823,233.18115634601335,236.17800390992494,86030300
2019-01-24,235.76644897460938,236.3479475705065,234.4514158353714,235.46229517851125,59204100
2019-01-25,237.76138305664062,238.5844083633359,235.86487852864417,237.60929250091039,96883400
2019-01-28,235.95431518554688,236.0169150068937,234.19199234760515,235.62332511402107,85613700
2019-01-29,235.64125061035156,236.66105730917477,234.80929801123665,236.09749501004995,66136300
2019-01-30,239.37164306640625,240.2125502350187,236.3927044417232,237.15310270700996,92473700
2019-01-31,241.4739227294922,241.957003473344,239.09433714733026,239.30905486704737,104012100
2019-02-01,241.5902099609375,242.61004400064866,240.80297539703585,241.6707188640082,85782500
2019-02-04,243.28993225097656,243.3525593935762,240.96401914371378,241.63495404193895,60744800
2019-02-05,244.30979919433594,244.61395311297548,243.21841052137543,243.7193731285952,79552800
2019-02-06,243.9876708984375,244.52442420548215,243.25413625589732,244.0324162659288,58347800
2019-02-07,241.6617889404297,242.92312237490376,240.0068109279789,242.37744182669658,95482000
2019-02-08,241.95697021484375,242.05536087669893,239.59526672545192,240.41829205368393,75788900
2019-02-11,242.09117126464844,242.86945129093857,241.56337248015748,242.61004281578042,68021400
2019-02-12,245.20428466796875,245.57999282836457,243.629815766185,243.7013974255774,72270200
2019-02-13,246.0004119873047,246.84131891507292,245.61574934811713,246.03620281200125,65277200
2019-02-14,245.45484924316406,246.58202870800332,244.10402479247026,244.91809581703046,83234400
2019-02-15,248.12962341308594,248.16541425333372,247.02035306911316,247.22608897461075,97088700
2019-02-19,248.55902099609375,249.212046825401,247.3244964141007,247.33345094888386,59120800
2019-02-20,249.05996704101562,249.5162114781635,248.0222511901044,248.52321369738445,76610800
2019-02-21,248.17431640625,248.7826240600063,247.21710955964718,248.4247976342912,64214700
2019-02-22,249.71295166015625,249.90973295511063,248.1563646603763,248.7915085043155,78114600
2019-02-25,250.05294799804688,251.65425356184153,249.97243908819044,251.13540926485206,69030700
2019-02-26,249.87408447265625,250.75075537344767,249.49834887202118,249.70411209384685,56844100
2019-02-27,249.76673889160156,250.1156108841715,248.22806024904463,249.1584037628406,56921600
2019-02-28,249.3013916015625,249.99023524210452,248.9793561075932,249.55187275256014,69268300
2019-03-01,250.85804748535156,251.26954649667508,249.4267145280981,250.87592925092025,78880500
2019-03-04,249.94558715820312,252.155200325263,247.65546508632025,251.913673610794,106494600
2019-03-05,249.60556030273438,250.2675676918102,249.05987991620924,250.07075911133893,59114600
2019-03-06,248.0937957763672,249.7308920448468,247.77176016313658,249.72193751100994,75039800
2019-03-07,246.01841735839844,247.7896680184655,245.1775101014412,247.6465319640461,94885100
2019-03-08,245.5263214111328,245.69629372749952,243.7013985939388,244.1665701806032,85795800
2019-03-11,249.08680725097656,249.24782506646932,246.21521367305095,246.24204997563308,65098900
2019-03-12,250.02609252929688,250.54496408692307,249.45357566962204,249.6414297782207,79667500
2019-03-13,251.68106079101562,252.61143136478677,250.75069021724445,250.91173531876376,80639200
2019-03-14,251.52000427246094,252.1283118499615,251.08166900343892,251.7078583448414,67518400
2019-03-15,252.76272583007812,253.57138855973614,251.88216612584606,252.07087511860678,81309000
2019-03-18,253.67909240722656,253.97561930770516,252.75361807598438,252.97824803425334,62199800
2019-03-19,253.74208068847656,255.50317247562955,252.85255452926685,254.73945229726,90268100
2019-03-20,252.9783172607422,254.73044238296177,251.87315511285124,253.52642876764455,84609200
2019-03-21,255.8356170654297,256.23993462503853,252.11573099309788,252.1606734468245,79550400
2019-03-22,250.91177368164062,255.0000297509821,250.84887068471875,254.4789000838068,122659300
2019-03-25,250.72311401367188,251.75640688205587,249.4651910686538,250.5703534964687,85575200
2019-03-26,252.5919952392578,253.5444244613853,251.1903059153472,252.47518322548854,68125900
2019-03-27,251.2710723876953,253.16696354366036,249.72561713767948,252.5829037004117,72224700
2019-03-28,252.2235565185547,252.67281654526613,250.74999788968225,251.9001024612373,56238500
2019-03-29,253.8139190673828,254.13737307946633,252.60990565465173,253.73305556436193,82186800
2019-04-01,256.8240966796875,257.1206237936002,255.53921897451627,255.80879157086136,77617900
2019-04-02,256.9497985839844,257.1834225886773,256.1590964948618,257.01270157304134,40070400
2019-04-03,257.35406494140625,258.55807823794834,256.7520445828105,258.1627273142301,68243200
2019-04-04,258.0369873046875,258.2885718276397,256.9857341776094,257.67758476056383,48997500
2019-04-05,259.2859191894531,259.3398281950125,258.41435370537175,258.7018866821242,58621700
2019-04-08,259.4836120605469,259.59143007888594,258.20770152867095,258.86363103444137,53566300
2019-04-09,258.1537780761719,258.8456286022435,257.6056940400608,258.522174565323,66142300
2019-04-10,259.034423828125,259.12428134186337,258.1538640665501,258.5671757249507,52601500
2019-04-11,258.96246337890625,259.528535413988,258.3963913438245,259.5195414386195,55093100
2019-04-12,260.714599609375,260.9931386511058,259.0074168766403,260.57083310063365,69727800
2019-04-15,260.5438232421875,260.8852652003275,259.7441273485804,260.7864137500308,49596700
2019-04-16,260.714599609375,261.47834719052565,260.12157304356356,261.4244381773299,52153200
2019-04-17,260.0767517089844,261.85580462673454,259.6634125646847,261.8288501104252,58268300
2019-04-18,260.5888366699219,260.85840920108075,259.3668622747877,260.6607336464958,68708500
2019-04-22,260.8134460449219,260.96620654252615,259.73523826780877,259.8250957710666,40160100
2019-04-23,263.1585693359375,263.3921933348262,260.94821758401093,261.1818141622424,52246600
2019-04-24,262.57452392578125,263.4101409908237,262.4307574273886,263.07769295982763,50392900
2019-04-25,262.4127502441406,263.06867970360906,261.2267247054764,262.47565322395,57770900
2019-04-26,263.634765625,263.7066351624023,261.6849650923547,262.45770657786915,50916400
2019-04-29,264.0480651855469,264.56922213553327,263.6347536677554,263.72461115092415,57197700
2019-04-30,264.182861328125,264.47039433172,262.29599111609195,263.706646787458,81111700
2019-05-01,262.1971740722656,265.0185406267152,262.18818009576734,264.8118711118755,71671900
2019-05-02,261.6310119628906,262.99677972910905,260.1394656722656,262.08027190269394,65030200
2019-05-03,264.19183349609375,264.47037250137964,261.7388640340087,263.10463197802125,56543700
2019-05-06,263.10467529296875,263.54494138916215,259.58246426144535,259.8969517961515,107198100
2019-05-07,258.7109375,261.2986802923113,256.80607889473276,260.7056536173514,144729900
2019-05-08,258.3515319824219,260.0587150102727,257.7585053140955,258.3515319824219,91568300
2019-05-09,257.56988525390625,258.17187862265826,254.55084216868406,256.2850075426471,103471100
2019-05-10,258.8636474609375,259.6184010578606,253.652214405053,256.6353077314568,112429300
2019-05-13,252.3583221435547,254.72143420675988,251.52270509767263,253.7600386155782,127290500
2019-05-14,254.64059448242188,256.16808964243916,253.24789927585027,253.37367783289977,77003200
2019-05-15,256.1321105957031,256.7700521218785,252.80757560681195,253.01424507952993,73956400
2019-05-16,258.5042419433594,259.8609886388919,256.76111076781007,256.83298031022184,76749600
2019-05-17,256.8330078125,259.3129323114473,256.1860721788903,256.2040601319123,100353000
2019-05-20,255.13479614257812,256.9408029172049,254.38900909588577,255.23362019273912,62877600
2019-05-21,257.43499755859375,257.8123606375981,256.57239853669876,256.82398306292055,46847100
2019-05-22,256.644287109375,257.59671617184193,256.1680725781415,256.48256008080267,49482500
2019-05-23,253.5084228515625,254.46981832422244,252.09773999920623,254.4249032965787,98733800
2019-05-24,254.08358764648438,255.3594986295187,253.46360640115535,254.94615951885572,55268100
2019-05-28,251.7203826904297,255.31446283570273,251.70242216113928,254.36203379085782,70029400
2019-05-29,250.03121948242188,251.01060326203879,248.62953008951493,250.60628560292824,104972900
2019-05-30,250.7140350341797,251.62154901071113,249.6178395350318,250.785904569244,62523800
2019-05-31,247.33563232421875,248.99790008924552,247.30867781649005,248.1712769051262,86862800
2019-06-03,246.70672607421875,248.48577872420248,245.3769061548867,247.371622323553,96428000
2019-06-04,252.06182861328125,252.1966011366948,248.54861192613726,248.99787195128627,77231900
2019-06-05,254.24525451660156,254.27220902433356,251.87317557420914,253.67918243357073,71169700
2019-06-06,255.8985595703125,256.5724497666044,253.89487693589513,254.54181262116182,69430400
2019-06-07,258.459228515625,259.53746330032743,256.7430523173093,256.913773281898,74272200
2019-06-10,259.6453857421875,261.3076536120134,259.55552823720706,260.0047883414486,60799100
2019-06-11,259.5823974609375,261.8286972441243,258.93546202655364,261.4603007892035,58641300
2019-06-12,259.1241760253906,259.90588397794284,258.61201308383846,259.348806008108,47096300
2019-06-13,260.1933898925781,260.5528198019677,259.33081843547797,260.03166288574414,48945200
2019-06-14,259.90594482421875,260.50793796326803,259.1421972200491,259.90594482421875,52324700
2019-06-17,260.0047607421875,260.7685083224592,259.83403972704474,260.13953327502185,39205700
2019-06-18,262.7272644042969,263.7785449569694,261.4603478082686,261.81977777473696,85434800
2019-06-19,263.32025146484375,263.8503749390502,261.8916080504937,262.8619975207617,78674400
2019-06-20,265.8360900878906,266.24043501972335,263.3831482581043,265.9978445130148,116570000
2019-06-21,265.4497375488281,266.82212083031214,265.2330527028107,265.5671176917623,83309500
2019-06-24,265.12469482421875,265.97338627298683,264.9711913645555,265.6573967423069,47582700
2019-06-25,262.52435302734375,265.2059379178657,262.4160106162554,265.1788523150936,82028700
2019-06-26,262.2624816894531,263.9237961241511,262.1541392888887,263.41817988550474,51584900
2019-06-27,263.1925964355469,263.6982129413577,262.64184642365876,263.0210450260004,40355200
2019-06-28,264.5468444824219,265.0434231006258,263.6529919480454,264.1676184518848,59350900
2019-07-01,266.9485168457031,268.08616730223594,265.7476574629136,267.86945491993043,78705600
2019-07-02,267.6437072753906,267.6978784773819,266.0636495912675,266.90333077615117,61504500
2019-07-03,269.78363037109375,269.80170581299336,268.1764866215848,268.32095238664516,40898900
2019-07-05,269.4765625,269.6391036536074,267.26449836154364,268.55562454830994,51677300
2019-07-08,267.9958801269531,269.2960442403786,267.4541404873554,268.16743147205943,45841800
2019-07-09,268.33001708984375,268.6279588168469,266.7860821236766,266.84025334676807,41101300
2019-07-10,269.6120300292969,270.5600812739369,268.8626432853066,269.39534519807506,58448500
2019-07-11,270.24420166015625,270.48797221928197,269.2420062519366,270.2532393840619,50826100
2019-07-12,271.4540100097656,271.52625667648226,270.42472921830876,270.7317086667794,40326000
2019-07-15,271.5442199707031,271.8873226456437,271.03860367732375,271.8873226456437,33900000
2019-07-16,270.66839599609375,271.6615806276131,270.3614166652641,271.4539059829256,36650100
2019-07-17,268.8265686035156,270.8039007082595,268.8265686035156,270.641387055438,36036300
2019-07-18,269.81060791015625,270.1898338357982,267.887475346022,268.32988263092403,51392600
2019-07-19,268.3119201660156,270.9302965017042,268.1403688062337,270.90321089510843,58678600
2019-07-22,268.970947265625,269.51268682028854,268.194475028688,268.7091014293009,43638100
2019-07-23,270.8941650390625,270.8941650390625,269.259935864137,270.090607031503,44564500
2019-07-24,272.1672058105469,272.1672058105469,270.04540847226593,270.1357029970052,47213200
2019-07-25,270.86700439453125,271.7698944091797,270.0634190555662,271.7157232126221,55394100
2019-07-26,272.6819763183594,272.88061333605407,271.4269452624631,271.5533631619197,45084100
2019-07-29,272.18524169921875,272.68184778639005,271.63449196441434,272.5644676648038,38126500
2019-07-30,271.5171203613281,271.92343194048675,270.40655558457587,270.7857815620586,45849000
2019-07-31,268.5466613769531,271.9505755193534,266.5332335970876,271.7609487131754,104245200
2019-08-01,266.2081298828125,271.65255641303344,265.4135821381002,268.700115526861,142646600
2019-08-02,264.2037048339844,265.55804002591907,262.6507327117384,265.31426961081803,116749700
2019-08-05,256.25830078125,260.22197439410274,254.36222586817163,260.1136319797592,178745400
2019-08-06,259.8517761230469,260.0684884974278,256.67361269034296,258.1453280546701,120711700
2019-08-07,260.0052795410156,260.77274168505596,254.65114752446226,256.7819550684586,140572300
2019-08-08,265.1065979003906,265.1065979003906,260.94428759030563,261.495037348534,87713900
2019-08-09,263.3008117675781,264.76348934990085,261.5221171331934,264.1675785656176,93730000
2019-08-12,260.0955810546875,263.29179245654484,259.1475298322207,261.80202916869314,65527600
2019-08-13,264.1404724121094,265.5851019991185,259.4544708605961,259.79757348733773,94299800
2019-08-14,256.3305969238281,260.7005834580758,256.2042065871093,260.0956622781489,135622100
2019-08-15,257.0077209472656,257.9016010899172,254.9672075856533,257.21539563778583,99556600
2019-08-16,260.7998046875,261.23317429061143,257.06182653655287,258.6599596100818,83018300
2019-08-19,263.9418640136719,264.6190316225491,263.13830611256157,263.8154737214388,53571800
2019-08-20,261.91943359375,263.9689845752752,261.7930432847781,263.43628262555785,51596400
2019-08-21,264.05023193359375,264.42039264271136,263.3911122132719,264.07731753557846,49524700
2019-08-22,263.9689636230469,265.38650783914835,262.1993065597355,264.75450123640525,51666400
2019-08-23,257.1882629394531,264.3301272824833,255.94227013252467,262.6688127245855,149161500
2019-08-26,260.0323791503906,260.0323791503906,257.8473727295932,259.37325938101276,72423800
2019-08-27,259.0121154785156,261.7930328129497,258.253690992949,261.42284451272855,66668900
2019-08-28,260.83599853515625,260.9985121802663,257.5494645347921,258.35305014787957,59696700
2019-08-29,264.16754150390625,264.69123312905583,262.38884711906564,263.39106933739487,57899400
2019-08-30,264.05023193359375,265.6663854420489,263.1202561934248,265.6483375587326,62901200
2019-09-03,262.5061950683594,263.2646192615819,261.1789458417169,262.3527192189044,69101400
2019-09-04,265.48590087890625,265.50394876745247,263.9238905677633,264.67330502987176,46887300
2019-09-05,268.8988037109375,269.81070420416734,265.44975604997495,267.9688277765969,83258100
2019-09-06,269.1064453125,269.74751727016104,268.5376475637681,269.2148152948554,49584300
2019-09-09,269.2418212890625,270.1808070929539,268.3028079311537,270.09054013205395,51260300
2019-09-10,269.17864990234375,269.2418588270002,267.22840383509777,268.4834068391647,57947100
2019-09-11,271.09283447265625,271.17409129973674,268.8356085403277,269.48569071099945,68821100
2019-09-12,272.0317687988281,273.0881347966629,271.2372210938471,271.9956454793237,72908700
2019-09-13,271.85125732421875,272.8263943509441,271.48106896722373,272.4742538818412,62104800
2019-09-16,271.01153564453125,271.89637799232213,270.3704912942259,270.72260415700487,58191200
2019-09-17,271.6977844238281,271.78805141832373,270.6413905587591,270.81294193474486,41475500
2019-09-18,271.8601379394531,271.9684803122508,269.2778586537254,271.3093608057163,73375800
2019-09-19,271.8421630859375,273.2416593963996,271.5080981282079,272.2484746882701,76560500
2019-09-20,270.5577697753906,272.7256557739762,269.7686322549902,272.44444179650503,89565000
2019-09-23,270.4942626953125,271.21084760193804,269.6416243712935,269.89559997751627,43476800
2019-09-24,268.3717041015625,271.97273161522907,267.41022319495477,271.5827026529989,94869400
2019-09-25,269.95916748046875,270.4036179808236,266.97493260928337,268.4534446997761,71854000
2019-09-26,269.3966979980469,270.17675595776956,267.99076670726214,269.96814996825674,56179700
2019-09-27,267.9454650878906,270.2584842358922,266.394400547626,270.1496138053091,84746600
2019-09-30,269.1881408691406,269.8956464426555,268.41716214409126,268.4625040639401,51662400
2019-10-01,265.98614501953125,270.72099718134706,265.7684595761757,270.0679131700186,88242400
2019-10-02,261.2876892089844,264.4170571356595,259.9996795705218,264.4079776780748,122539500
2019-10-03,263.4283447265625,263.45555541593865,258.34880381994094,261.06090402575535,85278800
2019-10-04,266.9930725097656,267.2470481606347,264.02696908285304,264.081418140647,65091200
2019-10-07,265.841064453125,267.81847578384463,265.55987813972894,266.19483104942367,59610500
2019-10-08,261.7139587402344,264.7254038708757,261.67766859806807,263.9906876592985,95708100
2019-10-09,264.19927978515625,265.13355020756165,263.10174525349936,263.72761868689645,62359400
2019-10-10,265.98614501953125,266.865993928109,263.95434039818133,264.117604480698,55296300
2019-10-11,268.7436828613281,270.9750422719158,268.6167088805522,268.7346034051052,98720400
2019-10-14,268.4443054199219,269.0973894531063,268.0996183355658,268.42614651152667,40394800
2019-10-15,271.10198974609375,271.84578529470946,269.3695025112143,269.48742469346604,46754500
2019-10-16,270.6666259765625,271.3560002499491,270.23125500917473,270.63941529110076,48928200
2019-10-17,271.4648742675781,272.33564398394304,270.7754999147679,271.8276926759577,45736600
2019-10-18,270.276611328125,271.5737002063706,269.4239728965291,270.9296954952778,64304000
2019-10-21,272.10888671875,272.3084410011963,271.15648490964367,271.59188362078226,39048600
2019-10-22,271.2198791503906,272.93420726927076,271.12916766106264,272.64394157592534,48594700
2019-10-23,272.0091247558594,272.0635461348605,270.75737767629226,270.9660114166438,34352200
2019-10-24,272.4535827636719,273.08853577790205,271.62815491768134,272.9434028694703,35453100
2019-10-25,273.5692443847656,274.1134858073228,271.82767736883653,271.8820987429654,45205400
2019-10-28,275.1112365722656,275.61013608971376,274.75749763127527,274.7847083190437,42147000
2019-10-29,275.0296325683594,275.95485140942054,274.7121560578241,274.8391577345471,44284900
2019-10-30,275.8731689453125,276.24503908773704,273.9229683145181,275.22913658461215,49643900
2019-10-31,275.138427734375,275.864092158819,273.68715424802167,275.864092158819,69053800
2019-11-01,277.68731689453125,277.7326588147076,276.41741095435447,276.5807027657832,71141500
2019-11-04,278.8028869628906,279.3743389032854,278.4309892289629,279.2382855082534,60606900
2019-11-05,278.4945373535156,279.3018337699568,278.2042716072942,279.00248856877056,42933200
2019-11-06,278.5580139160156,278.83012072860964,277.61466416358525,278.4945130993228,46487100
2019-11-07,279.53765869140625,280.8710375909936,279.0659976008694,279.89142527025837,54272300
2019-11-08,280.22705078125,280.2814721535745,278.4945632788722,279.19298934454866,49032100
2019-11-11,279.69195556640625,279.8642991803106,278.71231526828956,278.8483964128372,35797300
2019-11-12,280.28143310546875,281.1794133049867,279.5104268632624,280.054668191953,46484600
2019-11-13,280.37213134765625,280.7712397910703,279.0659632930762,279.2927281958677,53917700
2019-11-14,280.7803955078125,280.8620552625586,279.4560957360127,280.09104877139123,51219900
2019-11-15,282.8121337890625,282.85747569869864,281.42433364278145,282.1136801480739,62023600
2019-11-18,283.02081298828125,283.2566574144179,282.122832567639,282.57636250635056,49228000
2019-11-19,282.93914794921875,283.62852223373176,282.2951432620522,283.619442778009,67804700
2019-11-20,281.8869323730469,282.86657234836355,280.3358680402715,282.3495416770167,79406200
2019-11-21,281.43341064453125,282.1046536636578,280.635221339549,281.99581092576324,54664700
2019-11-22,282.0592346191406,282.3132101901239,281.0524117888621,282.17715679160807,44850200
2019-11-25,284.24530029296875,284.24530029296875,282.984501675249,282.984501675249,48647200
2019-11-26,284.88934326171875,285.0707663027961,283.96415218727157,284.28162866852205,37569000
2019-11-27,286.1593017578125,286.1593017578125,285.1524507530205,285.37013629728915,44444600
2019-11-29,285.0979309082031,285.84172650261706,284.87116598414514,285.5968026686247,36592700
2019-12-02,282.6761474609375,285.41545826710006,282.24982822038623,285.3519574335292,75767800
2019-12-03,280.7803955078125,280.8620552625586,278.58532593769104,279.9640470918064,73941700
2019-12-04,282.51287841796875,283.1115412943075,281.4788444906727,281.8235316935288,49080000
2019-12-05,283.02081298828125,283.229446725346,281.7146445502904,283.211315493055,40709000
2019-12-06,285.6058654785156,286.00497393609896,284.91649129155104,284.92557074598903,48927000
2019-12-09,284.70794677734375,285.88711349587976,284.63536648869166,285.21589807283027,34838500
2019-12-10,284.39044189453125,285.3156328729228,283.73735776823526,284.6534969724014,52649800
2019-12-11,285.1977844238281,285.4517600872291,284.3088557612892,284.8440177776958,53429100
2019-12-12,287.65582275390625,288.4358807429049,284.97093401980595,285.20675069859516,96389600
2019-12-13,287.8282165527344,289.0527527941986,286.6490222278449,287.42002857849036,81503900
2019-12-16,289.8055114746094,290.3950946158489,287.76462759098536,289.55153592078653,82749700
2019-12-17,289.86907958984375,290.48587355216506,289.7874475372953,290.18655602615394,61097700
2019-12-18,289.88726806640625,290.48593091791935,289.83284668729334,290.2591659445252,48133000
2019-12-19,291.0755310058594,291.1481113030199,289.8237838519317,290.077759529448,85310500
2019-12-20,292.3516540527344,293.4819293110863,291.1302212825293,292.10552598899403,147142100
2019-12-23,292.79827880859375,293.1902254958816,292.6524323585263,293.13553655427705,52990000
2019-12-24,292.8074035644531,293.0717241770153,292.5065865675843,293.0261593313642,20270000
2019-12-26,294.3660583496094,294.3751824445798,293.1810943326841,293.1901906102919,30911200
2019-12-27,294.29315185546875,295.1499823509916,293.7644828220485,295.0952934102021,42528800
2019-12-30,292.6706237792969,294.511910689044,292.18751963133974,294.37518834855865,49729100
2019-12-31,293.3815612792969,293.6276892705335,291.82287121002,292.16925296260575,57077300
2020-01-02,296.1252136230469,296.1434618086508,293.99226220909725,294.91290542669935,59151200
2020-01-03,293.88299560546875,295.0041745676097,292.68890732538284,292.74359626818324,77709700
2020-01-06,295.00408935546875,295.0861227459739,292.0142796533682,292.13278160099514,55653900
2020-01-07,294.1746520996094,294.9129805533922,293.7279886988713,294.43897268463854,40496400
2020-01-08,295.7424621582031,296.95477064555246,294.11995883928836,294.3660590478099,68296000
2020-01-09,297.747802734375,297.8207398631898,296.7177813744384,297.3011671355,48473300
2020-01-10,296.8909606933594,298.4861195611985,296.42610473911026,298.33117684890317,53029300
2020-01-13,298.9327697753906,298.94186605271307,297.082386683004,297.510801872737,47086800
2020-01-14,298.4770202636719,299.54348231822837,297.9209789989077,298.49524063629786,62832800
2020-01-15,299.1514892578125,299.9080379561586,298.3037830757557,298.3858164658878,72056600
2020-01-16,301.63995361328125,301.63995361328125,300.30001924233943,300.5278990481638,54050300
2020-01-17,302.578857421875,302.7884890679203,301.5761805798231,302.35097758583424,95846000
2020-01-21,301.9863586425781,302.7885001455664,301.5488471444855,301.62175645504635,77742400
2020-01-22,302.0228576660156,303.4904184768439,301.8679149339362,302.8432196250379,48914900
2020-01-23,302.3692626953125,302.7794576149532,300.2636547848771,301.37570973553994,51963000
2020-01-24,299.68023681640625,303.1075588185603,298.3949910655985,303.02552540689584,87578400
2020-01-27,294.87652587890625,296.35318285602233,294.1108529210448,294.44811064824233,84062500
2020-01-28,297.9666442871094,298.8416952816207,294.9677371260553,296.2985479035743,63834000
2020-01-29,297.720458984375,299.5526218615138,297.5199236056963,299.32474201380455,53888900
2020-01-30,298.6866760253906,298.89633550564963,294.9130001022843,295.66042488337473,75491800
2020-01-31,293.2630615234375,298.2217278467031,292.35154238779836,298.0667573540076,113845600
2020-02-03,295.441650390625,297.30115767312014,294.6212885304359,294.73979049796515,69083000
2020-02-04,299.94451904296875,300.8104734483571,298.723086598825,299.0421238964606,62573200
2020-02-05,303.4082946777344,303.61795412672234,301.4120930432873,302.87050163975044,65951100
2020-02-06,304.42919921875,304.6206104661579,303.3535853975724,304.365386197161,50359700
2020-02-07,302.8067932128906,304.4383931119409,302.25987594185665,303.3719308599242,64139400
2020-02-10,305.0672912597656,305.1311042908256,301.886097610239,301.92256617332515,42070000
2020-02-11,305.59600830078125,307.20026355708615,305.0673114617923,306.41637021168424,54864500
2020-02-12,307.5649108886719,307.7745425630313,306.66248770025715,307.02708992369514,43992700
2020-02-13,307.2367858886719,308.2029944132998,305.86950652543953,306.1429512711381,54501900
2020-02-14,307.7289123535156,307.84741430987003,306.4527909338537,307.64687895696886,64582200
2020-02-18,306.93585205078125,307.79268227342084,305.5503251457351,306.7353167259644,57226200
2020-02-19,308.4034118652344,309.0779271915285,307.61951868249895,307.9020874174254,48814700
2020-02-20,307.136474609375,308.67694462905206,304.1557883522253,307.85655491074664,74163400
2020-02-21,303.9734191894531,306.09724659050875,303.1530296923813,305.7873334144991,113788200
2020-02-24,293.89215087890625,304.046464384972,292.81653664920486,294.5484460794996,161088400
2020-02-25,284.9865417480469,295.8883062471929,284.11149089171784,295.2776038121276,218913200
2020-02-26,283.9382629394531,289.9633921811157,283.2090586238566,286.38112799579915,194773800
2020-02-27,271.1860656738281,283.99289834255785,271.1860656738281,278.4326260777627,284353500
2020-02-28,270.0467224121094,271.5325033532073,260.27523419743306,263.155638584235,384975800
2020-03-02,281.7414855957031,281.80529862026447,268.40595433040124,271.8241515658398,238703600
2020-03-03,273.67462158203125,286.0712930613618,271.2408799542185,282.1153015410036,300139100
2020-03-04,285.17791748046875,285.3967010302959,276.4911395839047,279.0342862432625,176613400
2020-03-05,275.69805908203125,281.1762977722977,273.4648539783769,277.9951050161796,186366800
2020-03-06,271.1405029296875,272.343714991951,264.5502366862195,267.21185726562237,228667200
2020-03-09,249.96595764160156,259.04468244351574,249.25497367188592,250.94126219037892,309417300
2020-03-10,262.900390625,262.9915202948296,249.3005113667445,259.4548490211814,276444100
2020-03-11,250.08447265625,256.9938059331485,246.91240265024598,255.863530672836,255316300
2020-03-12,226.15704345703125,243.0657284595874,225.76508294392715,233.34892983989002,392220700
2020-03-13,245.49046325683594,247.45934891414748,226.53085295661577,239.81168618296002,329566100
2020-03-16,218.62789916992188,234.1692913616769,216.35821121478764,219.84020754106757,297240000
2020-03-17,230.4320831298828,233.50391264622428,216.0938883539165,223.35868442017195,262070500
2020-03-18,218.7646484375,226.39406110097966,207.8446502974257,215.34645080566406,327597100
2020-03-19,219.22952270507812,225.49167035009614,211.67303310856974,218.08101328487268,289322000
2020-03-20,209.78199768066406,224.14949538908877,209.50693107809147,222.37074721498362,347158800
2020-03-23,204.4182586669922,210.58885308857097,200.1180920586079,209.22271174158334,326025200
2020-03-24,222.93922424316406,223.81027088011052,214.36641010403872,214.9348708645978,235494500
2020-03-25,226.27662658691406,235.04200407098807,219.82180274754663,224.5162200852684,299430300
2020-03-26,239.4888916015625,240.95587614121874,228.34879937507776,228.77973377835932,257632800
2020-03-27,232.3555908203125,239.13132946268587,230.1825909794387,232.21806449765097,224341200
2020-03-30,239.90147399902344,240.61663876583322,232.45641822635318,234.44604471765408,171369500
2020-03-31,236.3256072998047,241.4417807834727,234.92278328162703,238.90203554246477,194881100
2020-04-01,225.68983459472656,236.24312431481496,223.62685616519354,227.36772539626958,189554600
2020-04-02,230.89768981933594,231.67702874237105,224.25947939763893,224.80961251193006,177660400
2020-04-03,227.560302734375,232.2638985790031,224.83716977069236,229.9166755402143,135561200
2020-04-06,242.84469604492188,244.80683164702756,227.54198862018026,236.40821189273478,188061200
2020-04-07,243.09219360351562,252.16929234238347,242.87215154323118,251.41744466183374,201427200
2020-04-08,251.25242614746094,253.05867943513024,243.20222724698658,245.68696224301036,153774500
2020-04-09,255.0758056640625,257.82644327518784,252.57271536480266,254.50731705377976,189999200
2020-04-13,252.74697875976562,254.44321124594032,248.85024130979565,254.10397034489313,114839100
2020-04-14,260.2012023925781,261.21892505517496,252.60944238232008,257.6247736197147,134143400
2020-04-15,254.6724853515625,260.33879453524844,252.56364549374663,254.49827598997504,121775000
2020-04-16,255.9010009765625,256.75369195266023,252.83862767870144,255.94683374609875,131798300
2020-04-17,262.8143310546875,263.41944685021514,258.92674327686353,261.6590540286196,146684800
2020-04-20,258.18408203125,262.95186638326464,257.96403991624453,259.11928900096365,100109300
2020-04-21,250.3447265625,254.92912296463592,249.40949178866583,253.72801334575112,126385700
2020-04-22,255.9010009765625,257.64306593294725,253.89303320643955,255.21334154791583,92951600
2020-04-23,255.88267517089844,260.3387233355944,255.58011729880272,257.17547840445417,104709700
2020-04-24,259.4493408203125,260.1186727932332,255.35088916404356,257.39554010912246,85063200
2020-04-27,263.1902160644531,264.3088100325091,260.9622058760842,261.4206455682229,77896600
2020-04-28,261.9798889160156,267.17857801356905,261.6773031279873,266.83015946053325,105270000
2020-04-29,268.8382263183594,270.36942737195216,266.27097494933463,267.2978754969445,118745600
2020-04-30,266.33514404296875,268.93907823852754,264.60222850800403,267.4628878219718,122901700
2020-05-01,259.2843017578125,266.5001372793607,258.1198471539412,261.5948274910563,125180000
2020-05-04,259.99951171875,260.3020696248995,255.92856473218876,257.40472721224256,80873200
2020-05-05,262.4017028808594,265.20735144767355,260.1278320243504,262.81430977989436,79569900
2020-05-06,260.62298583984375,264.48304052192884,260.1920513755059,264.09796681903833,73632600
2020-05-07,263.767822265625,265.6932743331002,263.2635498583758,263.8320105300923,75250400
2020-05-08,268.1322326660156,268.5998501465137,265.76666797978606,266.89443979354115,76452400
2020-05-11,268.1872253417969,269.56254444611375,265.7850057832069,266.20676247386785,79514200
2020-05-12,262.841796875,269.78255179515514,262.7042425975372,269.36997290557235,95870800
2020-05-13,258.19329833984375,263.31865189419375,255.7727227895186,262.2825734797414,144721100
2020-05-14,261.2830810546875,261.41142959963264,250.29885756390482,255.76347804149395,121977900
2020-05-15,262.4842224121094,262.5300551877956,257.95483612918537,258.8992207520091,111146300
2020-05-18,270.4794006347656,272.08393945209053,268.3705893815132,268.6914747602291,119703800
2020-05-19,267.7012634277344,271.58882289589167,267.6829359139752,269.88344074536735,95189300
2020-05-20,272.2490234375,273.11089240666524,271.0020807473539,271.2313006225374,85861700
2020-05-21,270.3694152832031,272.92751677002803,269.278326504917,272.1206583812847,78293900
2020-05-22,270.8828430175781,271.0570523361643,268.8473696991475,270.08516244349306,63958200
2020-05-26,274.2202453613281,277.07175449936034,270.90114681308035,276.83335693039163,88951400
2020-05-27,278.30035400390625,278.3370370080894,272.1939349208289,277.0075509205538,104817400
2020-05-28,277.78692626953125,281.3352447299404,277.1175942986496,279.3272767982314,90405200
2020-05-29,279.0246887207031,279.6114768667384,274.57781894297864,277.3192788350179,119090800
2020-06-01,280.1524658203125,280.7576095309241,277.86944526100126,278.38289544316814,55758300
2020-06-02,282.4721984863281,282.5180592457431,279.73991573138625,281.0693740975131,74267200
2020-06-03,286.23138427734375,287.18494662104723,284.1775835194625,284.45263612777273,92567600
2020-06-04,285.4794921875,286.98318749531984,283.3890087460685,285.2502723891811,75794400
2020-06-05,292.79620361328125,294.56577377345707,290.7974136505666,290.8616019107014,150524700
2020-06-08,296.3354187011719,296.52795553104175,293.0621526886974,293.60310815038525,73641200
2020-06-09,294.1257629394531,296.4087837876376,292.8146040767573,293.67647298750563,77479200
2020-06-10,292.4845886230469,295.5928238577627,291.76942366351983,294.7034495380097,95000800
2020-06-11,275.6230163574219,286.2038091418731,275.07291127510564,285.5711603162795,209243600
2020-06-12,278.923828125,283.3890255846192,273.78014897594073,282.6188503742168,194678900
2020-06-15,281.52777099609375,282.6555425806839,272.07474788246594,273.24835223856235,135782700
2020-06-16,286.94647216796875,289.4037293946427,282.09620192820154,289.2570253825331,137627500
2020-06-17,285.754638671875,288.25772952024136,285.02111835943526,287.9643213952654,83398900
2020-06-18,285.8646545410156,286.3414217497539,283.7833484028866,284.2417880969982,80828700
2020-06-19,284.23095703125,289.5169952642536,282.2878135586834,289.323611161699,135549600
2020-06-22,286.0542907714844,286.4502770307113,282.4903582303145,283.6322825514577,74649400
2020-06-23,287.37127685546875,289.627527981212,286.9660723422408,288.6973956071107,68471200
2020-06-24,280.040771484375,285.95305250280444,278.20816137818287,285.3360276763805,132813500
2020-06-25,283.04296875,283.3100417218154,277.45301313177083,279.46981736237365,89468000
2020-06-26,276.32025146484375,282.1588713157659,275.7400992165521,281.9470509652658,127961000
2020-06-29,280.3815002441406,280.51963173893165,275.2888463730119,277.5727234684733,79773300
2020-06-30,283.9730529785156,285.667559621828,279.7921232790596,279.9486629348006,113394800
2020-07-01,285.9622497558594,287.22392574002134,284.62694111006857,285.08739818187286,72396500
2020-07-02,287.53704833984375,290.7326217108491,286.8739889973159,289.38806675534465,69344200
2020-07-06,291.9758605957031,292.55604108748975,290.60370731479867,291.34964563164624,61713800
2020-07-07,288.96441650390625,292.4086261412663,288.58683836174674,290.43788464051073,82910000
2020-07-08,291.1745910644531,291.2850962513282,287.96982822881216,289.7287492933504,54638600
2020-07-09,289.5169982910156,292.0218859318801,286.109604655345,291.7824392568342,83354200
2020-07-10,292.47314453125,292.74021752489676,288.02514120267125,289.4525470058198,57550400
2020-07-13,289.9405517578125,297.18814022544717,289.2867107064114,294.81219454195264,102997500
2020-07-14,293.6979675292969,294.4715320808562,287.32522893206374,288.522406144319,93657000
2020-07-15,296.3962707519531,297.4921610086868,294.0202961383002,296.91198050758385,87196500
2020-07-16,295.4200134277344,295.87125229977755,293.8544483675677,294.4990994168282,54622500
2020-07-17,296.27655029296875,297.059333070297,294.45312985797676,296.42389995374253,62774900
2020-07-20,298.6708679199219,299.4168060932532,295.2634745052949,296.0094126786261,56308800
2020-07-21,299.3063049316406,301.0744442907489,298.3209200855165,300.632423503006,57292200
2020-07-22,301.0099182128906,301.3230536853919,298.83657479523924,298.947079971857,57792900
2020-07-23,297.41845703125,301.35077884843804,296.0555219337203,300.6508750281461,75738000
2020-07-24,295.5029602050781,296.5251615020732,294.0018655257891,295.56743094562876,73766600
2020-07-27,297.65789794921875,297.8328739008944,295.40164684860423,296.193647698937,48293000
2020-07-28,295.7699890136719,298.0446479275418,295.4752897615271,296.9303216498821,57495000
2020-07-29,299.4075927734375,299.9693649980808,296.60800599281623,296.64485042658015,48454200
2020-07-30,298.3393859863281,298.7538086591065,294.3610576063959,296.44230479428404,61861700
2020-07-31,300.6968688964844,300.7981840639859,295.9173223565921,300.12590663768805,84986800
2020-08-03,302.7873840332031,303.551730444188,301.8112172413089,302.35455324026356,53077900
2020-08-04,303.95697021484375,303.95697021484375,301.9309475225113,301.9309475225113,41917900
2020-08-05,305.8448791503906,306.1027621717958,304.9884354718485,305.2555085268195,42697700
2020-08-06,307.8891906738281,308.00891400036295,304.9422824929676,305.2646080403921,43679400
2020-08-07,308.1102294921875,308.39571060773704,306.0197365507583,306.9222424636981,57308300
2020-08-10,309.0311279296875,309.21529387333,306.62752769620295,308.5614527808773,44282100
2020-08-11,306.4801940917969,310.8453459347755,305.7526922046899,310.2099129722672,69601100
2020-08-12,310.7532958984375,311.52686046889016,308.88384116049235,308.91146746286313,53774400
2020-08-13,310.1914978027344,311.4992082489788,309.2705836615696,309.9888955675153,41816100
2020-08-14,310.20074462890625,310.73489061846544,309.07722814860483,309.80475825655594,47260400
2020-08-17,311.18603515625,311.58202140842496,310.2098686209025,311.2136614504933,35481000
2020-08-18,311.8583679199219,312.281980541681,309.98888529540005,311.58207682428633,38733900
2020-08-19,310.55987548828125,312.7516274630557,309.9981032669653,312.23591780968894,68054200
2020-08-20,311.52685546875,312.0057207368476,308.7088602558769,308.8377736301808,42207800
2020-08-21,312.6319274902344,312.85293788001695,310.8545419255064,311.1953037485117,55106600
2020-08-24,315.7999572753906,315.8736180566661,312.60438339712664,315.06320894225934,48588700
2020-08-25,316.90496826171875,316.9878471615432,315.2012714878101,316.36163229349035,38463400
2020-08-26,320.08203125,320.3490760296247,316.95092980369725,317.49426559873876,50790200
2020-08-27,320.781982421875,322.22782424225835,319.12434835411756,320.9477683119042,58034100
2020-08-28,322.8540954589844,322.9830369399693,320.616280645361,321.80426786042483,48588900
2020-08-31,321.68450927734375,323.51711938437126,321.4542807471516,322.64226783208227,66099200
2020-09-01,324.7143249511719,324.8156120146118,321.6200388879637,322.51332671022755,54908700
2020-09-02,329.41094970703125,330.3778981673585,325.47862893248646,326.62058140555735,69540000
2020-09-03,318.0745849609375,328.19542353260755,315.49600820932886,327.7257482737778,148011100
2020-09-04,315.47760009765625,320.3215899223895,308.38654915956926,318.75605256613443,139156300
2020-09-08,306.85784912109375,315.5420924165605,306.553959764829,310.08104920352173,114465300
2020-09-09,312.9175109863281,315.3763366892966,309.98898184326697,310.8546436252173,91462300
2020-09-10,307.4841003417969,315.4407855701406,306.5263415656927,314.7869442624126,90569500
2020-09-11,307.6405334472656,310.32039660205055,304.8225388111135,309.2613511061483,84680200
2020-09-14,311.692626953125,313.4607946662511,307.78795955439836,310.79933901286097,65605700
2020-09-15,313.267333984375,314.9710024350509,311.70176891157143,314.14218543935834,52920900
2020-09-16,312.024169921875,315.92883731092843,311.74787878709503,314.50143147881846,82096000
2020-09-17,309.27984619140625,310.9927613539666,306.65523489152685,307.18016277231743,91523300
2020-09-18,305.71917724609375,310.19424068358853,303.2412544546544,310.0832931282361,105877900
2020-09-21,302.31671142578125,302.4646509332724,297.471812475892,301.14247861932574,99450800
2020-09-22,305.39556884765625,305.9503348545205,301.2903399000604,303.7960278580259,63612100
2020-09-23,298.3130798339844,306.22765682115056,297.8137877286705,305.95025977750316,93112200
2020-09-24,299.10821533203125,302.15938522189947,295.68718272630684,297.0001276478436,76681300
2020-09-25,303.9439697265625,304.729857674503,297.3885547651494,298.257653382287,71069400
2020-09-28,308.9922180175781,309.70415018624124,307.1060252515909,308.0953544774506,64584600
2020-09-29,307.30950927734375,309.5285451633514,306.6160587994306,308.78887594020625,51304000
2020-09-30,309.6394348144531,312.7830704632652,307.7809790212787,307.9751372004484,104081100
2020-10-01,311.6273193359375,313.19912304877136,309.7503816970542,312.2283039383906,88698700
2020-10-02,308.6686706542969,311.5996670640401,306.2184846303253,306.6900399805022,89431100
2020-10-05,314.14227294921875,314.32717611812427,310.67502109585257,310.72123983393703,45713100
2020-10-06,309.67645263671875,316.37057974539914,309.16793362544905,314.28097349200937,90128900
2020-10-07,315.0669250488281,315.87132309591203,312.5982289095894,312.6259658002967,56999600
2020-10-08,317.8592529296875,317.92398175584026,316.0840070284668,316.99938098191984,45242500
2020-10-09,320.6976623535156,321.15996256500506,318.88545342511554,319.5049199072346,59528600
2020-10-12,325.85699462890625,327.32710625079835,322.7410950073578,323.23113221465513,80388500
2020-10-13,323.7303771972656,325.8939389787219,322.7687847777624,325.718262626604,73255500
2020-10-14,321.69622802734375,325.39462982999737,320.96581398724754,324.30360807019053,57727900
2020-10-15,321.2986755371094,321.7794576418191,317.2581758442864,317.79443172197927,60357700
2020-10-16,321.1044616699219,324.30357096252817,320.9287853470718,322.64852844457636,89501900
2020-10-19,316.22265625,322.9907111121093,315.3257925506402,322.36198948401005,68425600
2020-10-20,317.4893798828125,320.72548220032826,316.8051844221268,317.5633355204922,60051900
2020-10-21,316.8883361816406,319.6066638803036,316.5832022185799,317.443073902537,63575000
2020-10-22,318.6265563964844,319.2090592108434,314.9651464132425,317.10097125484754,55399300
2020-10-23,319.70831298828125,319.902471164237,317.2581276650549,319.84699739967823,49143900
2020-10-26,313.8001403808594,317.11945239999403,310.3143788466837,316.333536423992,91473000
2020-10-27,312.7184143066406,314.475149793473,312.5057460118679,314.14230712329396,65994100
2020-10-28,302.0299987792969,312.7461150486337,301.5399616493468,307.059827691063,127094300
2020-10-29,305.0996398925781,308.26175735299205,300.5783305446324,302.26110998803335,90597700
2020-10-30,301.9189758300781,304.8314609963996,298.2760485600688,303.5277712480049,120287300
2020-11-02,305.3031311035156,307.3002435800331,302.566292996373,305.3031311035156,86068300
2020-11-03,310.6934814453125,312.74609552911073,305.38628400502864,308.5299198245358,93294200
2020-11-04,317.63726806640625,321.7055046793928,313.98508475423665,315.1593172475223,126959700
2020-11-05,323.8321228027344,325.63510535784354,322.5561693903892,322.90752215223176,82039700
2020-11-06,323.7582092285156,325.00642591217644,321.43745226493905,323.5455408933041,74973000
2020-11-09,327.826416015625,336.90600149766686,327.36411567397204,336.5269118315226,172304200
2020-11-10,327.3455810546875,328.39961099114294,324.0817422973662,326.83703383089585,85552000
2020-11-11,329.77728271484375,330.60016251209254,328.2886611922482,329.5276225136965,58649000
2020-11-12,326.5780944824219,329.82345086701974,324.7751406594177,328.7693928828868,67546200
2020-11-13,331.0995178222656,331.83918709900695,327.9651078910253,328.48288202805907,62892200
2020-11-16,335.232421875,335.42658008620566,332.4771021299016,333.762310414162,74541100
2020-11-17,333.429443359375,334.63144099542336,331.3213552496351,332.8284586496354,66111000
2020-11-18,329.4167175292969,334.24313403742127,329.3797256027603,333.6976230414402,70591300
2020-11-19,330.8036193847656,331.1734540014024,327.44731451105605,328.7879967400085,59940900
2020-11-20,328.5383605957031,330.7481698548991,328.46440495358206,330.5447565683479,70417300
2020-11-23,330.50762939453125,331.76510052862625,328.11291790166666,330.3412081054278,63230600
2020-11-24,335.8334045410156,336.37891546594994,332.1997312419318,333.0503479254816,62415900
2020-11-25,335.315673828125,335.7779741513508,334.2246518372895,335.7502372606201,45330900
2020-11-27,336.2495422363281,336.721069396595,335.2417026629686,336.4067085508926,28514100
2020-11-30,334.7608642578125,335.7409385582566,332.08878340971694,335.47279650501997,83872700
2020-12-01,338.4222717285156,339.95711197569057,337.4144605490259,338.00621842500254,74231400
2020-12-02,339.1343078613281,339.29147418331377,336.7395953692992,337.31284330421136,45927000
2020-12-03,339.041748046875,340.4286487496057,337.94147123204993,339.03249301288866,62882000
2020-12-04,341.9635925292969,341.9635925292969,339.53188804571107,339.6243537638906,50749900
2020-12-07,341.2608337402344,341.75087093197277,339.9941354266788,341.1961049259402,48944300
2020-12-08,342.2594299316406,342.82342277579136,339.94792834104476,339.9941470862278,42458900
2020-12-09,339.1897277832031,343.0730332820125,338.3575929060704,342.9158669849853,74098300
2020-12-10,339.0788269042969,340.1236019996459,336.95222835158745,337.82135527213035,57735400
2020-12-11,338.6811218261719,339.0879482674164,335.870356871384,337.38668688428726,57698600
2020-12-14,337.16485595703125,341.9172883370529,336.98917958686485,340.84477647871296,69216200
2020-12-15,341.72308349609375,341.72308349609375,338.32981558066564,339.6982062143582,63865300
2020-12-16,342.2594299316406,343.17477553221346,341.05743217458746,341.9358140656428,58420500
2020-12-17,344.17327880859375,344.3766920459077,343.0730019635639,343.8959099470601,64119500
2020-12-18,342.7990417480469,344.6282701572163,340.79338813671035,344.46113944048307,136542300
2020-12-21,341.5733642578125,351.4159127548199,336.15997816972384,338.8898932592316,96386700
2020-12-22,340.9977111816406,342.0098184311258,339.87418344037354,341.89839793934385,47949000
2020-12-23,341.3040771484375,343.2075762857532,340.9790818882792,341.96333381663726,46201400
2020-12-24,342.6319274902344,342.659782611028,341.19269902115246,341.7776565578183,26457900
2020-12-28,345.5754089355469,345.96538061700096,344.5540073036612,345.17611443159626,39000400
2020-12-29,344.9160461425781,347.2745496816834,344.3310604153697,347.0981245151653,53680500
2020-12-30,345.40826416015625,346.4389603203097,345.0182924625775,345.733259466037,49455300
2020-12-31,347.16326904296875,347.8875306310018,344.7026385411162,345.2133252792332,78520700
2021-01-04,342.4369201660156,348.62101162593734,338.75060828235917,348.49100217915696,110210800
2021-01-05,344.79547119140625,345.88187774542536,341.7498547168132,341.7962988166081,66426200
2021-01-06,346.85675048828125,350.0416701451585,342.743317442046,343.29115366008426,107997700
2021-01-07,352.0102233886719,352.75304553896814,349.0481726001441,349.22459781978796,68766800
2021-01-08,354.01580810546875,354.22935455515557,350.153071336751,353.39367271496,71677200
2021-01-11,351.6294250488281,353.38435395902115,350.72873855239686,350.84945349576,51034700
2021-01-12,351.7038269042969,352.71593423715626,349.46603738716954,351.815275742109,52547700
2021-01-13,352.6509094238281,353.64442764556827,350.8495360073249,351.62950774382404,45303600
2021-01-14,351.4159851074219,353.89520462901476,351.0817236007902,353.39378403221525,49989100
2021-01-15,348.85321044921875,350.5988454547158,346.9961266104406,349.80031300572944,107160000
2021-01-19,351.59234619140625,352.13091630295105,349.8281224423444,351.3045005009363,51233300
2021-01-20,356.45794677734375,357.2936287805517,353.4866015027723,353.87657321374,61836100
2021-01-21,356.7828674316406,357.4421524664681,355.86362018115483,357.01500286554875,47840100
2021-01-22,355.5201110839844,356.6807884063507,354.554419617458,354.93512517961597,52860500
2021-01-25,356.922119140625,357.2749411455946,351.41584591793816,356.25356805531067,70402000
2021-01-26,356.3650817871094,358.2778757163541,356.1329463264064,357.869315038569,42665300
2021-01-27,347.6553039550781,353.1429888444501,345.4268095254111,353.05012900637144,123351100
2021-01-28,350.645263671875,354.6379822958076,349.02960991918064,349.46599738570745,94198100
2021-01-29,343.62548828125,349.75387014169314,341.95409595375736,348.7881786860428,126765100
2021-02-01,349.3452453613281,350.3759130211794,343.9132708831619,347.01459668411917,75817600
2021-02-02,354.2851257324219,355.83580306474755,349.42887007201125,352.52090191367535,64450700
2021-02-03,354.563720703125,356.28152883956943,353.29162286803046,355.11155700905664,52427100
2021-02-04,358.59356689453125,358.63998265068375,354.6751192898168,355.59436662167684,47142600
2021-02-05,360.0048828125,360.71058354923707,358.54709392712255,360.4598874996903,48669800
2021-02-08,362.60491943359375,362.6513351955174,360.5992654572833,361.45350816726585,38365200
2021-02-09,362.3634338378906,362.95771418565323,361.3606211720995,361.769153490128,35551100
2021-02-10,362.20556640625,364.24836966450124,359.8099410732521,364.09979957873327,59154400
2021-02-11,362.79052734375,363.700508430255,360.3670470571915,363.28265332168206,42913300
2021-02-12,364.5826416015625,364.82404318438233,361.9177030106144,361.9920022182859,50593300
2021-02-16,364.2668762207031,366.0032729008585,363.5519093548807,365.8082587527633,50972400
2021-02-17,364.3506164550781,364.6013125989532,361.5092518068926,362.5213875440837,52290600
2021-02-18,362.79986572265625,363.5426878534969,360.03280086210617,361.7506089186291,59712800
2021-02-19,362.15911865234375,364.3411973179349,361.71340843442175,364.05335165745737,83241000
2021-02-22,359.3735656738281,361.77848576262124,359.1042805920692,359.401420796986,67414200
2021-02-23,359.8099365234375,361.15633342710237,353.0315929249602,357.1728812923066,107284100
2021-02-24,363.7747802734375,364.2019298681405,357.7392590796617,358.7235110381606,72433900
2021-02-25,355.0094299316406,363.87702252268934,353.5702012493284,362.51206472788135,146670500
2021-02-26,353.18011474609375,358.0271036542426,351.20234468696304,356.8850154751008,152701600
2021-03-01,361.7413330078125,362.98560406297776,353.3751899411778,358.03645997578053,105348800
2021-03-02,358.9185791015625,362.19633073939394,358.41715856200267,361.964195274004,79595300
2021-03-03,354.1644287109375,359.18781495345684,354.06227437694446,358.22215187611573,119940200
2021-03-04,349.78167724609375,356.5600204671109,345.30609935501286,353.97867561907805,183433000
2021-03-05,356.2164611816406,357.26571784913307,346.01179684391315,353.27297148908974,152039600
2021-03-08,354.4429931640625,359.977094609663,354.16444194612137,357.17290844727864,123149200
2021-03-09,359.50360107421875,362.0477969623382,357.7764983032908,358.277918893154,113633600
2021-03-10,361.7413330078125,363.4312860296286,360.43211389392627,361.8434873497362,109899400
2021-03-11,365.4091491699219,367.3776537678403,363.7470509780795,364.2020558483619,86245000
2021-03-12,365.90118408203125,366.0404596864284,363.2455681020347,364.05339494438545,64653600
2021-03-15,368.083251953125,368.343242519141,364.0162344057818,366.15186917399524,73427200
2021-03-16,367.6189880371094,369.40177242737843,366.84828247321997,368.6960999272851,73722500
2021-03-17,368.8725891113281,369.67112159743425,365.1955425370876,366.3376593522936,97959300
2021-03-18,363.5055847167969,368.371135091279,362.82773894437463,366.2912103516865,115349100
2021-03-19,362.83294677734375,364.77995178052817,360.66234252833834,363.205574280837,113624500
2021-03-22,365.73016357421875,367.10891663764517,363.28942068287944,363.3453133880508,73778600
2021-03-23,362.8515625,366.5406230570263,362.0690362260645,365.09668084256,90686600
2021-03-24,361.0070495605469,365.87923909623805,360.9604817803928,364.248968775631,97588600
2021-03-25,363.037841796875,363.8296644620866,357.6346443016574,359.5723525170637,116128600
2021-03-26,368.88824462890625,369.28881849367565,363.5875351124933,364.18373344592686,114409100
2021-03-29,368.7018127441406,369.60544913188215,365.93501089133605,367.4162240245033,108107600
2021-03-30,367.7237548828125,368.39449575639236,366.1307275395253,367.4349664373488,76262200
2021-03-31,369.2142333984375,370.76998933005086,368.26402908759354,368.2919754370403,112734200
2021-04-01,373.201416015625,373.2573371455199,370.93767636691575,371.1426257443496,99682900
2021-04-05,378.5580749511719,379.09840904135075,375.7819756542243,375.8564897892532,91684800
2021-04-06,378.3345031738281,379.3778716395841,377.66376224160524,377.9991469225459,62021000
2021-04-07,378.7723083496094,379.1169894924743,377.7103185696919,378.16678511784755,55836300
2021-04-08,380.5703125,380.6262052108521,379.089098803099,380.02068189018087,57863100
2021-04-09,383.3370361328125,383.50474266034735,380.3280415787718,380.4491519037927,61104600
2021-04-12,383.47686767578125,383.74700629608895,382.1353857837753,382.74090909191403,56704900
2021-04-13,384.6133117675781,385.2374848347506,382.99236657978923,383.374318989603,56551000
2021-04-14,383.2998352050781,385.63808919365846,382.7595011466084,384.58539585907903,61659900
2021-04-15,387.41748046875,387.687647542853,385.38663602263046,385.43320380831716,60229800
2021-04-16,388.7122802734375,389.31780345743056,387.28695960911085,388.70295534718036,82037300
2021-04-19,386.8025817871094,388.2279026853113,385.4797498055928,387.7807610260529,78498500
2021-04-20,383.9705810546875,386.6907875184191,382.4986639809094,385.59152639170094,81851800
2021-04-21,387.6037292480469,387.80867863656937,383.2159530341772,383.3557132219947,66793000
2021-04-22,384.0636291503906,388.2650766586937,383.00163954615294,387.4359827535034,97582800
2021-04-23,388.2278137207031,389.63451287063543,384.5480786545513,384.6225927707997,73209200
2021-04-26,389.038330078125,389.60661044348035,388.29307511302295,388.87997690212677,52182400
2021-04-27,388.9544982910156,389.53210359386003,387.8179659687333,389.33645070740164,51303100
2021-04-28,388.8427734375,390.34263698563,388.3769818956655,389.2247259133634,51238900
2021-04-29,391.32073974609375,391.9355879172904,387.9484139465216,391.56296041556226,78544300
2021-04-30,388.74957275390625,389.90475500080083,387.8552610382918,389.057011063111,85527000
2021-05-03,389.5879821777344,391.11576335825885,389.09424437535307,390.7338109557142,68128300
2021-05-04,387.1845397949219,388.09750141176715,383.5048038327527,387.60376353614816,101591200
2021-05-05,387.3056335449219,389.0570141395226,386.7466780571217,388.8241183887439,60162200
2021-05-06,390.3984680175781,390.528874845266,385.3772223436678,387.3801199711882,74321400
2021-05-07,393.2398376464844,393.89195716185367,390.48235974282153,391.1624256128691,67733800
2021-05-10,389.34576416015625,393.8173507618117,389.2246538329622,393.5937799606252,81852400
2021-05-11,385.8709411621094,386.85841675179097,382.0048778519801,384.8368977997584,116888000
2021-05-12,377.67303466796875,384.36179320441613,376.3594993403955,383.0948540805935,134811000
2021-05-13,382.2098693847656,384.1382530041698,379.1728997288725,379.21949593633536,106394000
2021-05-14,388.07891845703125,388.92666258388954,384.911541250639,384.93948760956124,82201600
2021-05-17,387.09130859375,387.9018095813703,385.0790861586322,386.9702267000928,65129200
2021-05-18,383.7563171386719,387.59443468838975,383.5979355139091,387.3522140021612,59810200
2021-05-19,382.7502136230469,382.92721668401646,377.5985602871788,379.0798024141684,106467100
2021-05-20,386.8677978515625,388.1254406224363,383.5047967743601,383.62587868681237,78022200
2021-05-21,386.55108642578125,389.5880563714277,386.09461981296676,388.34903495141754,76578700
2021-05-24,390.4915466308594,391.56286108768813,388.5445137011464,388.78673430917075,51376700
2021-05-25,389.625244140625,391.9262551656702,389.0476672600288,391.5722490957163,57451400
2021-05-26,390.3984680175781,390.9015023339306,389.1780966451499,390.2121400584183,43088600
2021-05-27,390.6033935546875,391.93555024942225,390.3239016330106,391.4231910374945,56707700
2021-05-28,391.30206298828125,392.42927026125136,391.06916727892735,392.1684282039611,58520200
2021-06-01,390.9574890136719,393.79880607447905,390.5196438229263,393.6590742965092,54216600
2021-06-02,391.57220458984375,392.4106518937659,390.60337890073964,391.609475863933,49097100
2021-06-03,390.1190490722656,391.25558160462,387.79941622388145,389.26200853094554,58138800
2021-06-04,393.68695068359375,393.98506404338684,390.18418978016194,391.963516582505,55938800
2021-06-07,393.3050231933594,393.85465374362394,392.3734402072181,393.6776507018846,51555000
2021-06-08,393.38885498046875,394.25522031845156,391.56296032167944,394.1620563356279,47134300
2021-06-09,392.8019104003906,394.301773600504,392.57833960967673,394.22723105049744,48436300
2021-06-10,394.6278381347656,395.5780709347275,392.7087795402519,394.0223149057569,51020100
2021-06-11,395.2799987792969,395.3917841957337,393.8919491424424,395.17753829078254,45570800
2021-06-14,396.1649169921875,396.2673774556017,394.1526947002913,395.3916873351566,42358500
2021-06-15,395.4383850097656,396.3513182077345,394.5626946646038,396.31407535492747,51508500
2021-06-16,393.2304992675781,395.8016775286566,391.19035858653814,395.5781066988787,80386100
2021-06-17,393.10003662109375,394.07818729216916,390.63134762723126,392.8205731235447,90949700
2021-06-18,387.7969665527344,390.51671667728624,387.5913466663332,389.82509911514796,118676300
2021-06-21,393.3487243652344,393.53566194360144,388.74100113745214,389.5541254102761,72822000
2021-06-22,395.45159912109375,396.28343417143736,392.61966911686017,393.339353041914,57700300
2021-06-23,394.97491455078125,396.33011186649463,394.89080121581947,395.5263432061953,49445400
2021-06-24,397.31158447265625,397.7321512462469,396.86295139148933,397.115319978314,45110300
2021-06-25,398.7227478027344,399.1713807602741,397.7320416454971,398.05916806103676,58129500
2021-06-28,399.5265808105469,399.6948074887242,398.0498768754374,399.2462030135846,53159600
2021-06-29,399.7415771484375,400.5453458904214,399.20883078354126,399.9098038354574,35970500
2021-06-30,400.0780334472656,400.7509687229313,399.2555538300446,399.2835916114196,64827900
2021-07-01,402.2930908203125,402.4519905914438,400.76963819499144,400.83506919032,53441000
2021-07-02,405.3680114746094,405.7231756894549,402.37718195001327,403.4520300284134,57697700
2021-07-06,404.6297302246094,405.6391475232365,401.90062409385945,405.42417215788606,68710400
2021-07-07,406.05963134765625,406.34003766118167,403.30248799530796,405.31193822358387,63549500
2021-07-08,402.75103759765625,403.50808611480505,399.57327068511836,400.7509143885333,97595200
2021-07-09,407.05035400390625,407.3494426746745,402.55478259875076,404.2558173257462,76238600
2021-07-12,408.5083923339844,408.76076088893643,406.5363351584208,406.9662573135737,52889600
2021-07-13,407.1158447265625,409.21876411942253,406.85414923191337,407.7233490688548,52911300
2021-07-14,407.72332763671875,409.29352904474496,406.48028123314407,408.8075027783235,64130400
2021-07-15,406.3307189941406,407.05972983900836,404.43341971053184,406.38679455738685,55126400
2021-07-16,403.1435852050781,407.5550430583768,402.7510563008199,407.5083229344722,75874700
2021-07-19,397.1900939941406,403.209119261047,394.3862012992217,398.3303448309812,147987000
2021-07-20,402.8819274902344,404.1530401378472,397.0591676686946,397.85360950811923,99608200
2021-07-21,406.1437683105469,406.28398573679834,402.83519609526724,404.07824240394586,64724400
2021-07-22,406.99432373046875,407.23733686784163,405.34003746820474,406.3213884076943,47878500
2021-07-23,411.1814880371094,411.51794144372303,408.23740663856285,408.9196688873081,63766600
2021-07-26,412.19091796875,412.2002734052028,410.545986945372,410.59270708229167,43719200
2021-07-27,410.31231689453125,411.1815167783755,407.4897133470735,411.15347899253123,67397100
2021-07-28,410.1439208984375,411.5178289786352,408.7232926987571,410.93836258827423,52472400
2021-07-29,411.844970703125,412.919790195163,411.0598844170451,411.0692398503543,47435300
2021-07-30,409.84490966796875,411.29357581662805,409.1532635675781,409.28412555399376,68951200
2021-08-02,408.9850769042969,412.10674026622047,408.62991264660883,411.5553115323718,58783300
2021-08-03,412.3123474121094,412.43385397257424,407.5924735593852,409.7795060797524,58053900
2021-08-04,410.2842712402344,412.2843664783354,410.0506135217893,411.0319645301903,46732200
2021-08-05,412.8824462890625,412.96655962509095,411.1253360982536,411.4431070974712,38969700
2021-08-06,413.5647277832031,413.9853230057107,412.9198303207797,413.20023664333985,46930000
2021-08-09,413.228271484375,413.85445807390835,412.46186747322616,413.5366870620658,41222600
2021-08-10,413.7422790527344,414.45260745639985,412.99458596031207,413.6768480634151,43339300
2021-08-11,414.7704772949219,414.86394608441594,413.6863020866646,414.8078705152535,44034300
2021-08-12,416.0133972167969,416.1536146197165,413.7235694454802,414.620806801795,38909400
2021-08-13,416.7705993652344,416.7892817139917,415.9761574416634,416.4621552133837,39470300
2021-08-16,417.7519226074219,417.8827560853764,413.91993068902,415.47142121296486,73740000
2021-08-17,415.0134582519531,415.87330259419554,412.03198379117543,415.2003672937734,92673900
2021-08-18,410.47113037109375,415.5648794226537,410.2281457688839,414.004033503329,89351900
2021-08-19,411.1067199707031,412.3030748636905,407.61120965110115,407.7513985767886,92812200
2021-08-20,414.37786865234375,414.7049951138694,410.96647217681397,411.4524984131377,72008700
2021-08-23,418.0229187011719,418.92951158354134,414.4526227295589,416.0601886079049,54973000
2021-08-24,418.6864929199219,419.2192392352231,418.17245747210313,418.6864929199219,38744700
2021-08-25,419.5650634765625,420.07909894332823,418.4995708066867,418.87344589815075,40529700
2021-08-26,417.0883483886719,419.5183656415265,416.99487960448477,419.2847079423929,57829600
2021-08-27,420.8175354003906,421.19138203158167,417.8360607411706,417.8921363097158,77235100
2021-08-30,422.66802978515625,423.45311610967644,421.2473729404078,421.49038603704406,48357400
2021-08-31,422.04180908203125,422.91100873089704,421.4436603048322,422.57455539172196,59300200
2021-09-01,422.26611328125,423.49047714229727,422.03245562039876,422.97644169749003,48721400
2021-09-02,423.5653991699219,424.3691680896962,422.3690727042691,423.6869057560907,42501000
2021-09-03,423.4624938964844,423.9765579301553,422.0325099688313,422.4344228744772,47170500
2021-09-07,421.9483947753906,423.2101520054819,421.27545948751975,423.1166832249812,51671500
2021-09-08,421.434326171875,422.1446546206983,419.51831615140816,421.41564382630884,56181900
2021-09-09,419.6305236816406,422.9858446456514,419.38751055980504,421.23808970978325,57970400
2021-09-10,416.3219299316406,421.97643464658915,416.2004233686548,421.55586791625456,89948200
2021-09-13,417.3874206542969,419.57448188147487,415.07888137909265,419.31278639177305,83738600
2021-09-14,415.1348876953125,419.03228133911085,414.24697721294655,418.82666146543994,78197100
2021-09-15,418.60247802734375,419.09783124683656,414.45271468859767,415.55557226819735,78792200
2021-09-16,417.9388732910156,419.05105771787464,414.99476341128366,418.0790622084627,77786700
2021-09-17,413.86761474609375,417.5899866501967,413.51131271479295,417.16807262421446,118425000
2021-09-20,406.9667663574219,409.3295710757895,402.10984707082173,407.75436793021106,166445500
2021-09-21,406.5823974609375,410.59543194937584,406.0573296672389,409.3015046670298,92526100
2021-09-22,410.5484313964844,412.58309005146594,406.69480673198865,408.8513325900805,102350100
2021-09-23,415.5365905761719,417.1399497351395,412.179906070705,412.41431229246786,76396000
2021-09-24,416.2210693359375,416.9336734105124,413.68947068134617,413.9051347076099,62094800
2021-09-27,415.0303649902344,416.35239112758217,414.33650299714867,415.1897452245322,61371100
2021-09-28,406.6666564941406,412.59245249230736,405.9353102459773,412.2642780676356,130436300
2021-09-29,407.3512268066406,409.77967232630994,406.78864603672207,408.04506020824715,82329200
2021-09-30,402.3724060058594,409.5264607159928,402.03484612674845,408.82324196639286,140506000
2021-10-01,407.1543273925781,408.8326843876151,400.58159468725086,404.0976889255961,129240100
2021-10-04,401.9035949707031,406.89173823936943,399.7657824946463,405.9916262485337,128570000
2021-10-05,406.0854187011719,408.32632771246665,402.60683774485324,403.4037961536202,90682500
2021-10-06,407.77313232421875,407.9794109817039,400.8722256266175,402.4942986652522,113032200
2021-10-07,411.2986145019531,414.1302318975777,410.867314983928,411.04546603542565,72437500
2021-10-08,410.5484313964844,412.4518374427157,409.9202387275282,412.0674077940218,74557400
2021-10-11,407.57623291015625,412.79881127574237,407.5105922896659,409.89216791478833,65233300
2021-10-12,406.572998046875,408.89831863461245,405.78539638345933,408.4951467022772,71181200
2021-10-13,408.03564453125,408.8513737107969,404.62270437794365,407.59495963247764,72974000
2021-10-14,414.8990478515625,415.0490712799511,411.2235453911505,411.69235787459854,70236800
2021-10-15,418.0589599609375,418.42464753821537,416.3899881831685,417.0088242734493,66260200
2021-10-18,419.2965393066406,419.6340705825797,415.6210366001597,416.2773855665458,62213200
2021-10-19,422.5313415527344,422.59695355572194,420.3091462784129,420.91862541650084,46996800
2021-10-20,424.1908874511719,424.4909342886698,422.87821830467027,422.9907287152216,49571600
2021-10-21,425.2973327636719,425.5223536137635,423.1595488456662,423.5908483463569,41305400
2021-10-22,424.8565673828125,426.30990306849355,422.91567707626706,424.86595278780356,58845100
2021-10-25,427.1350402832031,427.4632147429343,424.17217058163135,425.9442668817109,45214500
2021-10-26,427.5195007324219,429.89169091412384,427.1444564431734,428.68217522735085,56075100
2021-10-27,425.62548828125,428.6446418796485,425.55046225853243,427.9789361517596,72438000
2021-10-28,429.73223876953125,429.8072361692125,427.0412599615864,427.05061675277136,51437900
2021-10-29,430.60418701171875,430.8948484089836,427.1443492297852,427.43501062705,70162400
2021-11-01,431.344970703125,431.96380657611127,429.61974430603044,431.5887337216653,48433600
2021-11-02,433.0889892578125,433.398421537022,431.38250486096626,431.51378609797507,48908400
2021-11-03,435.733154296875,436.1363262379375,432.085778783507,432.5264637419388,52509800
2021-11-04,437.7864685058594,437.87085131761023,435.9862160130472,436.33313266603705,52847100
2021-11-05,439.3054504394531,441.2932109079652,437.7958878886841,440.0086692059953,66390600
2021-11-08,439.6805114746094,440.8994412181432,438.9960634954237,440.40250108208477,50405200
2021-11-09,438.2272033691406,440.2806045314554,436.8207657847632,440.0461982673925,51149100
2021-11-10,434.7016906738281,438.2271697715408,433.220255788708,436.53942763125457,69429700
2021-11-11,434.84228515625,436.26749330276374,434.8235429594951,436.19246728766257,34848500
2021-11-12,438.1240234375,438.6772187538003,435.1611250038921,436.1081354103615,53466700
2021-11-15,438.2740173339844,439.56794432499424,437.1488845782679,439.40856410960447,46980500
2021-11-16,440.00872802734375,441.1432464437642,437.9365844635233,438.0115818851338,48857500
2021-11-17,438.93975830078125,439.9242530537252,438.32092239942926,439.74610202390977,47858300
2021-11-18,440.4305725097656,440.6931063478928,437.25201023461375,439.9711168325113,50625600
2021-11-19,439.6429748535156,441.5650945480242,439.2772873896782,440.31803734544474,57315600
2021-11-22,438.40533447265625,444.0029569483632,438.19905582510415,441.5182563851529,72762000
2021-11-23,438.9866027832031,439.83984487309516,435.47989482517465,438.0771054886185,73206500
2021-11-24,440.1587219238281,440.2806177630515,436.17381531500166,436.98954456020806,61858800
2021-11-26,430.3417663574219,434.96425094373944,429.21660486222436,433.50155816840993,112669600
2021-11-29,435.62060546875,437.4583425612124,432.9296261441328,435.1236653350825,86268800
2021-11-30,427.1444396972656,435.08612453579684,426.90064804249147,433.1827469437874,148559600
2021-12-01,422.3999938964844,435.6861505788109,422.2031006903949,432.84514843479013,131939200
2021-12-02,428.8696594238281,430.43550572803196,422.22190176024696,422.6157168413784,127637800
2021-12-03,425.137939453125,431.5887754076615,420.91862695944747,430.5292831950463,137331600
2021-12-06,430.1730041503906,432.0482542479885,425.2692148441158,427.6789180869,98977500
2021-12-07,439.071044921875,439.63362565886325,430.0417113660508,435.442440658666,95484700
2021-12-08,440.233642578125,440.68371284123066,437.71142925167635,439.46481188962696,72238800
2021-12-09,437.26141357421875,440.3368223530035,437.06452034105865,438.94912708653544,61272600
2021-12-10,441.3775939941406,441.52761743144606,437.41145846142433,439.9617996675269,77159800
2021-12-13,437.4676818847656,441.20879629669554,437.1863772299923,440.86187964178026,87724700
2021-12-14,434.4578857421875,436.6894377150197,431.5418858646757,434.2047373052017,97264100
2021-12-15,441.2463073730469,441.49007040259744,432.00131048296834,434.51416709666717,116899300
2021-12-16,437.3551330566406,443.37466871193504,435.8080291263727,443.0933926959083,116568600
2021-12-17,432.700439453125,437.2827106378424,430.99737826772844,434.28117656754216,135511600
2021-12-20,428.099365234375,428.4945351603184,424.4862394814665,427.62890570329984,107134800
2021-12-21,435.70196533203125,435.8430974441347,429.3507618562461,431.5148641473523,69806300
2021-12-22,440.0585021972656,440.1714079067417,435.25039016185815,435.44800386801643,58890200
2021-12-23,442.7965087890625,444.2925666264492,440.9523154989883,441.0558028110541,56439700
2021-12-27,449.0630798339844,449.11011430535285,444.1232543282057,444.17028879957417,56808600
2021-12-28,448.6960754394531,450.52146074512336,447.9339332846144,449.4958623974338,47274600
2021-12-29,449.27001953125,450.28619942831625,447.802188171838,448.7995600259367,54503000
2021-12-30,448.028076171875,450.70028317333333,447.5670349664784,449.693492768275,55329000
2021-12-31,446.8989562988281,448.6866969603346,446.6261104168571,447.53880315085513,65237400
2022-01-03,449.4864501953125,449.61819265083415,445.8545162929149,448.15975083339737,72668200
2022-01-04,449.33587646484375,451.62233155714586,447.4822648058163,450.9072238974489,71178700
2022-01-05,440.7076721191406,449.74050080120287,440.61357447061033,448.96894028365364,104538900
2022-01-06,440.2936706542969,443.0035221624816,437.9319546066855,440.2466361867598,86858900
2022-01-07,438.55303955078125,441.47931328156096,437.1981135652395,440.30316424651267,85111600
2022-01-10,438.0072937011719,438.2236867337772,429.6237004184561,435.36331312046167,119362000
2022-01-11,441.99676513671875,442.0908627934465,434.751676287286,437.7438209696161,74303100
2022-01-12,443.19171142578125,445.2429369205549,441.2346123000405,443.72804221308974,67605400
2022-01-13,437.0851745605469,444.94185525916146,436.0595761258511,444.2926187440994,91173100
2022-01-14,437.2640075683594,437.6121431065268,432.72876976159284,433.9425636690388,95890900
2022-01-18,429.5201416015625,432.7851319574491,428.4098639787604,432.578128611285,109709100
2022-01-19,425.06024169921875,432.45585270815616,424.78736709556773,431.06331069209193,109357600
2022-01-20,420.3556213378906,431.6372325182061,418.2385532953383,426.9420552480534,122379700
2022-01-21,412.1037292480469,421.58818048554997,412.0755028255823,419.2358828982697,202271200
2022-01-24,413.8539123535156,414.3620167798547,395.90118600682246,406.50533543462075,251783900
2022-01-25,408.8011169433594,413.7409421509055,401.9135823339121,407.47441758472695,167997300
2022-01-26,407.7755126953125,417.80571346524874,403.5225401054795,414.6818552495206,186391100
2022-01-27,405.7619323730469,415.50045053402,404.0777079047049,412.3672026513168,149878300
2022-01-28,415.8392028808594,415.886237349482,402.54401155859085,407.11686454826264,164457400
2022-01-31,423.3289794921875,423.67711501729514,413.82568940780607,415.1711970319807,152251400
2022-02-01,426.1893005371094,426.8291186076498,420.5343677869096,424.053395889453,123155400
2022-02-02,430.3293151855469,431.0538124863708,426.2833462117449,428.58860927324656,117361000
2022-02-03,420.21441650390625,426.2080657307745,419.3769848400867,424.30741975423217,118024400
2022-02-04,422.1903991699219,426.0293363499769,417.6080991681987,419.97923360740066,118454400
2022-02-07,420.8354797363281,424.3450895509773,419.50878037886775,422.95254768054906,84472900
2022-02-08,424.298095703125,425.2202068332441,418.9160368655322,420.3368340105605,81012000
2022-02-09,430.5081481933594,430.8280572528607,428.1276239352286,428.3252089130967,92589900
2022-02-10,422.77386474609375,430.66816270376813,420.7791204339637,424.674511385758,140103700
2022-02-11,414.4372253417969,424.92846773085336,413.00703862428105,422.85846290665194,153214600
2022-02-14,413.08233642578125,415.5099240394694,409.619760664808,413.92918667657835,123006300
2022-02-15,419.7440185546875,419.9133771021189,416.99652213320917,417.5140448697904,88482700
2022-02-16,420.21441650390625,421.5881501559702,415.8297306709073,417.7021502270157,84863600
2022-02-17,411.23809814453125,420.186247943638,410.63592485416507,417.0341632264874,102259100
2022-02-18,408.5752868652344,412.74355133918664,406.30766852315804,411.49211293034836,132642900
2022-02-22,404.1906433105469,409.7702869392554,400.6998126141375,406.37358261467153,124391800
2022-02-23,397.02081298828125,407.66260537056274,396.4562558034865,407.098048185768,132578000
2022-02-24,402.9955749511719,403.4284183428238,386.378971556724,386.7364966376221,213942900
2022-02-25,411.8873291015625,411.97200837339045,402.58162557598797,404.22823397331,121804500
2022-02-28,410.83355712890625,412.3108071724536,405.2539131340016,406.50532304240727,145615000
2022-03-01,404.5764465332031,411.3416578546236,401.8759843184385,409.3374953713261,137785900
2022-03-02,412.0190734863281,413.740942784039,406.0724579549326,406.8251817399771,117726500
2022-03-03,409.96783447265625,415.04879163986294,408.17067562721684,414.4466183746847,105501700
2022-03-04,406.636962890625,407.76604842308336,402.6004124792588,406.2417642897953,113978200
2022-03-07,394.6496887207031,406.7593128666358,394.5838174926232,406.0536235461076,137896600
2022-03-08,391.6575012207031,401.96996456411733,390.5942582446802,394.8283933930121,164772700
2022-03-09,402.1581726074219,404.13410814898197,397.83935806469975,400.0222969242245,116990800
2022-03-10,400.3422546386719,401.2361105228519,395.6000145047704,397.55711352812676,93972700
2022-03-11,395.2518310546875,403.4378087082755,394.743726780533,402.82621713239433,95636300
2022-03-14,392.36328125,399.46720926881693,391.22477713105775,396.0234704863825,95729200
2022-03-15,400.9914855957031,401.62188528128036,393.69936293232934,394.9695806826798,106219100
2022-03-16,409.88311767578125,409.93957051689273,399.7023675150075,404.49167034765577,144954800
2022-03-17,415.0112609863281,415.0112609863281,407.59681269311073,407.9731746506464,102676900
2022-03-18,419.55670166015625,419.8776045343294,412.6666654946888,413.40286121868064,106345500
2022-03-21,419.4339904785156,421.38772166865976,415.93231566706595,419.3867810928451,88349800
2022-03-22,424.342041015625,425.2764356419781,420.8214989932451,420.8214989932451,74650400
2022-03-23,418.87713623046875,423.303758234989,418.79219389310117,421.8125003060186,79426100
2022-03-24,425.1913757324219,425.20082336968153,419.7831794766956,420.8969061299972,64736900
2022-03-25,427.2679138183594,427.5416361124458,423.2471369609336,425.8238364518409,77101300
2022-03-28,430.3070373535156,430.3070373535156,424.7855555376232,426.6732396590378,68529800
2022-03-29,435.6303405761719,436.12115693733773,431.5057549157547,434.18626321308204,86581500
2022-03-30,432.9404296875,435.30003519309184,430.83565120715195,434.4883159212036,79666900
2022-03-31,426.2768859863281,432.9970375414447,425.823831381212,432.17589947274035,121699900
2022-04-01,427.48492431640625,427.9945782493482,423.9172027669551,427.85300771241987,89048800
2022-04-04,431.1470642089844,431.25090181901925,426.86204176947047,427.68317979634264,59601000
2022-04-05,425.701171875,432.1192876988634,424.5591308094842,429.6558732347616,74214500
2022-04-06,421.4444274902344,423.7190907497015,418.5657201739074,421.7936733149173,106898000
2022-04-07,423.56805419921875,425.38024389891154,418.6223302828864,420.56664291276263,78097200
2022-04-08,422.4354248046875,425.32357938924946,420.89695753959705,422.8129558921499,79272700
2022-04-11,415.21502685546875,420.0097320215141,414.7147916975716,419.16969873165914,89770500
2022-04-12,413.6766357421875,420.71769099701174,412.12872059672054,418.19761946757274,84363600
2022-04-13,418.4146423339844,419.16970449840653,413.25182485427155,413.4311571589825,74070400
2022-04-14,413.2047119140625,419.754979516138,413.10087428728497,418.6412237561914,97869500
2022-04-18,413.3746032714844,415.0546413726437,411.1471205194664,412.27974277354747,66002500
2022-04-19,420.04754638671875,420.76484688177004,413.1008527235854,413.27073740895713,77821000
2022-04-20,419.736083984375,422.4354878298303,418.57517643732126,421.8219961207023,65224400
2022-04-21,413.45947265625,424.7383973991878,412.55339229515056,423.3509483444846,85417300
2022-04-22,402.1145935058594,413.47843439681253,401.5482823482753,412.3741550031164,132471800
2022-04-25,404.4457702636719,404.6156549215308,395.31880487171003,399.87757815067505,119647700
2022-04-26,392.7327575683594,402.11455163658286,392.70444345361744,401.9163240296101,103996300
2022-04-27,393.8370361328125,399.1697677643689,391.7039722839688,393.8087220181219,122030000
2022-04-28,403.78509521484375,405.51234242525084,394.14847523083597,398.57509707971343,105449100
2022-04-29,388.8630065917969,401.95409397695,388.11736315002133,399.8021348013602,145491100
2022-05-02,391.20367431640625,392.5628092111438,382.2749075321882,388.92901145512707,158312500
2022-05-03,392.9969787597656,395.40376459664327,390.1465571793375,391.7039196895496,100028200
2022-05-04,404.9649658203125,405.5312769483244,390.4769810805958,393.65772495141096,144247900
2022-05-05,390.57135009765625,401.1329469341785,386.44676416954945,400.7082064100307,172929100
2022-05-06,388.2400207519531,391.50570647733946,382.9450801949944,388.01350785652954,151770800
2022-05-09,375.8096618652344,383.5869123846669,374.23343271582064,382.3504814055953,155586100
2022-05-10,376.67791748046875,383.27536414376215,372.6477223262594,381.77465875186067,132497200
2022-05-11,370.69403076171875,381.35001745771194,369.94838734516037,375.7152782695393,142361000
2022-05-12,370.30706787109375,373.57275401716174,363.5208397349999,367.5038552140162,125090800
2022-05-13,379.16033935546875,380.5383410827449,373.3934477808123,374.43168009743755,104174400
2022-05-16,377.621826171875,381.2839385536254,375.27166828724563,377.5180173546355,78622400
2022-05-17,385.3896484375,385.62560898408395,379.9719747013643,383.70016285890136,83029700
2022-05-18,369.85400390625,381.12348248197793,368.6175728842904,380.84034133335325,117674500
2022-05-19,367.5887451171875,372.0059481432004,365.3707103676318,366.7959211904098,98510700
2022-05-20,367.74920654296875,374.7336324078952,359.1696852051724,371.16591037827914,131432200
2022-05-23,374.6298522949219,375.3943621595535,368.45711634736125,370.7695124155736,76414900
2022-05-24,371.77001953125,372.95924112163084,365.22917116715337,370.5146932699092,91448800
2022-05-25,375.0545654296875,377.01777330975807,369.8823286767236,370.278726265349,91472900
2022-05-26,382.5487060546875,384.1815635422074,376.07396194375553,376.2816083941698,82168300
2022-05-27,391.9399108886719,392.0531673410909,384.80446634850006,385.0026651402334,84768700
2022-05-31,389.7407531738281,393.0725149914447,387.00361655148845,390.3259307298854,95937000
2022-06-01,386.5882873535156,392.86483164009155,384.0776638781302,391.8549424707136,86585800
2022-06-02,393.9503479003906,393.99752849345634,384.18157442197986,386.42792368449955,79609600
2022-06-03,387.4849548339844,390.7884022780611,386.51279859544996,389.240487364167,71874300
2022-06-06,388.66473388671875,393.21403077110097,387.49435013390536,391.48681245747764,57508900
2022-06-07,392.3929443359375,392.84599895820924,384.7195026936411,385.18200495505744,59272400
2022-06-08,388.1267395019531,392.46841881070924,387.333915614858,390.6845434619145,64350000
2022-06-09,378.8960266113281,388.61759004588066,378.8960266113281,386.3523744576506,86289800
2022-06-10,367.90960693359375,373.5537925681174,367.86242635422343,372.70434051304426,132893900
2022-06-13,353.94085693359375,360.3684205912054,352.33631352731584,358.5184977773577,170004900
2022-06-14,352.874267578125,356.7157121238985,349.7784664118968,355.6869276147928,104011800
2022-06-15,357.905029296875,362.34107104293935,351.22260935386237,356.16833403207096,125666800
2022-06-16,346.0597229003906,350.10881384000515,343.63404163139757,349.702968623294,134473300
2022-06-17,346.8057861328125,350.1424810150499,343.3079900767023,346.47403747740344,111113900
2022-06-21,355.5361022949219,356.92005638665404,352.44587608946637,352.521725834006,76811900
2022-06-22,354.8915100097656,358.99598772773135,350.90074904768903,351.3178358414842,90059400
2022-06-23,358.3703308105469,359.1002181811548,353.4696047412398,357.02430174493765,79292100
2022-06-24,369.76434326171875,369.7738317116263,361.5079743602973,361.53641078181903,98050300
2022-06-27,368.3519592285156,370.9776852889989,367.2618578134948,370.683832618729,66009600
2022-06-28,360.825439453125,372.68391795995,360.7116937770823,369.9065216331798,86548900
2022-06-29,360.5316467285156,362.3611241546952,358.71165775298255,361.3753088463661,65676000
2022-06-30,357.6026306152344,360.83503957475165,353.15688585542324,356.6452226652421,112508300
2022-07-01,361.384765625,361.8208293565842,354.33224330989844,356.94850998659183,74839700
2022-07-05,362.0672912597656,362.0862681620961,353.47914368346136,356.30395395124316,81438000
2022-07-06,363.2900085449219,365.7735520504945,359.83010948727616,362.2093668453206,70426200
2022-07-07,368.73114013671875,369.52738892243804,363.3090402764563,365.0626968664323,64525900
2022-07-08,368.4278259277344,370.2952282014979,365.5745794315864,367.10071569720793,72397800
2022-07-11,364.21905517578125,366.72154716840924,363.52706364959664,365.7546798643806,58366900
2022-07-12,360.9961242675781,366.0485507559225,359.25195608212715,363.66926385832295,62219200
2022-07-13,359.1002502441406,362.02934629353234,355.14744302288534,355.56452982281553,84224600
2022-07-14,358.2281494140625,359.30876226262916,351.71594911911046,354.15207948496095,89704800
2022-07-15,365.0721435546875,365.1858892356065,360.7211976903377,362.62649570213034,79060400
2022-07-18,362.0577392578125,368.82586710212945,360.834915426236,368.1528525900141,63203600
2022-07-19,371.84027099609375,372.4090283274704,365.31861090466685,365.97264856832055,78506000
2022-07-20,374.2101135253906,375.62253303614597,370.6649043931411,372.02991057920354,71843800
2022-07-21,378.0207214355469,378.068105826219,371.2336162126565,373.6318507302927,64903900
2022-07-22,374.5133972167969,379.3383025244326,372.29526973672574,378.143943990978,72197300
2022-07-25,374.9684143066406,375.8215358224329,372.7313098957775,375.1390328241593,53631500
2022-07-26,370.5321960449219,373.5370840827539,369.64114957187473,373.328540675696,52946400
2022-07-27,380.1535339355469,381.8977018374365,373.52755888438156,373.8214115297532,82342100
2022-07-28,384.92156982421875,385.61353235014826,377.4140367716771,380.95927437369363,73966600
2022-07-29,390.5332336425781,391.5190777399874,385.5850941133151,386.35290637404563,87003700
2022-08-01,389.3768005371094,391.8793213752261,387.1302364241008,387.8411758992656,69997500
2022-08-02,386.8078918457031,391.4906148313067,385.632481339068,387.8126838455422,63435400
2022-08-03,392.86517333984375,394.0310955881913,388.6469207989162,388.931285023342,67820600
2022-08-04,392.5997619628906,393.4718315474268,390.95985110646615,392.78932847212786,45656600
2022-08-05,391.9361572265625,392.5807353471059,388.26771450946586,388.3245873478551,56814900
2022-08-08,391.4811706542969,395.87004150956847,390.3815808280443,393.62347746477167,53886100
2022-08-09,389.92657470703125,391.25365582181684,388.85542136603334,390.7512597952123,44931800
2022-08-10,398.1165466308594,398.25875764308745,395.01686148617915,396.9695725820738,68665700
2022-08-11,398.1165466308594,402.81824634961964,397.3771708656973,400.9603040242822,59489700
2022-08-12,404.8563537597656,404.9606110010774,399.10247645360926,400.050395788599,61694500
2022-08-15,406.5246276855469,407.04600061972724,402.5907686609456,402.64764150057266,54048300
2022-08-16,407.3208923339844,409.2451671553258,404.6477532437864,405.45349035046,59289000
2022-08-17,404.4297790527344,407.1313549468698,402.42968313864895,403.7283280008868,63563400
2022-08-18,405.60516357421875,406.2876376325339,403.3396227828059,404.62877901944364,49023200
2022-08-19,400.1546936035156,403.1121973862413,399.282595061536,402.8467811218481,68016900
2022-08-22,391.8223876953125,395.50031863762473,390.9218529286444,395.3296712046477,77695600
2022-08-23,390.87451171875,393.7846307828097,390.3247023494631,391.39585573923233,49105200
2022-08-24,392.12579345703125,393.49077064865355,389.96453858867704,390.6470127203874,49177800
2022-08-25,397.6616516113281,397.7090360070508,392.52391605971974,393.614017515164,50942300
2022-08-26,384.201171875,398.0881839321778,384.1442990308555,397.547891912805,103087000
2022-08-29,381.6607971191406,384.70361032886984,380.3052793040388,381.2531987151374,65370800
2022-08-30,377.4709167480469,383.0541750206006,375.3760233037477,382.81719520790887,85652400
2022-08-31,374.5987854003906,380.343174709191,374.4660917256927,379.10140259668094,76029700
2022-09-01,375.7742004394531,376.1154375189932,369.7264703742915,372.428046300128,78740100
2022-09-02,371.8117980957031,380.6464115154421,370.0012690480302,379.43307616071115,99632100
2022-09-06,370.4089050292969,373.59389956272736,368.19077763747265,372.65546883916255,76637400
2022-09-07,377.0633239746094,377.8311362647998,369.8781086762223,370.0961115930664,70964200
2022-09-08,379.5279541015625,379.9829368756566,373.59396971166063,374.79784580059123,80821700
2022-09-09,385.42401123046875,386.28662130528346,381.49961125899546,381.7650275183075,76706900
2022-09-12,389.56640625,390.2868341942052,387.1871194866291,387.49046061347366,69256300
2022-09-13,372.6270751953125,382.10626800654813,371.5085373863549,380.90239200547273,122947100
2022-09-14,374.0489807128906,375.5656574561683,370.75021096587693,373.9257465690702,85023700
2022-09-15,369.8022766113281,375.33812191068284,368.53206820723454,372.49436398050875,87633800
2022-09-16,366.9810791015625,367.63783250475103,363.6973120856197,365.6295206827052,103084800
2022-09-19,369.8269958496094,369.8269958496094,363.7639505998914,363.84011191988435,73278500
2022-09-20,365.5819091796875,367.51408871168167,362.83118428153335,366.5051690967704,77274900
2022-09-21,359.2048034667969,370.5504007332188,359.19527603958755,367.504586823731,106746600
2022-09-22,356.1875,360.0708846733697,355.44508694272207,358.4337649769324,89472600
2022-09-23,350.2196960449219,352.7610211494688,345.78424282582023,352.722940486398,122346900
2022-09-26,346.7550354003906,352.37072699861113,345.53671576875286,348.753848761664,92581200
2022-09-27,345.8699035644531,352.5516221250691,343.48084301099055,350.28630194167937,108294100
2022-09-28,352.67529296875,354.3599916328385,345.1274223526463,346.82164844241146,110802200
2022-09-29,345.30828857421875,349.4200991606359,342.367189530678,349.1345668445761,112952300
2022-09-30,339.96856689453125,348.2779050009619,339.83532817642805,344.36593839141597,153711200
2022-10-03,348.9441833496094,350.79070306991537,341.9007722856018,343.6806581182504,89756500
2022-10-04,359.7568054199219,359.7853586515844,348.90614168269303,354.4551993806732,103602800
2022-10-05,358.9192199707031,361.17501250579096,353.07510228982494,355.397528717206,88065700
2022-10-06,355.21673583984375,360.4707348086878,354.7217743328191,357.52010776378955,82333500
2022-10-07,345.30828857421875,355.3023262947486,343.5474284997668,351.19048666130027,107789500
2022-10-10,342.6717529296875,346.659852271921,340.43501530969775,346.42189898919605,76042800
2022-10-11,340.50164794921875,345.5367479558779,338.56946829764377,340.9775545535183,92482800
2022-10-12,339.3785400390625,342.4814606200205,339.1310592917608,340.9109745209168,76991800
2022-10-13,348.3350830078125,349.8008834901985,331.3356839052994,332.3826842498608,147254500
2022-10-14,340.39691162109375,352.41831529855494,339.7591840858435,350.79069404097305,123737000
2022-10-17,349.1441345214844,350.24824134925336,340.06382821256403,346.46954168027236,93168200
2022-10-18,353.2464599609375,357.3583002169347,349.8103989866183,357.05371300233446,97162900
2022-10-19,350.7431335449219,353.9317132956456,347.9352732315164,351.2095126771094,79746900
2022-10-20,347.8020324707031,354.71220495349155,347.0405645534775,350.29577817467606,88283100
2022-10-21,356.2541809082031,356.7395859020458,346.02218871676973,347.5260408349085,131038400
2022-10-24,360.6134033203125,361.74606316639574,355.13095089201244,357.7770190393889,85436900
2022-10-25,366.3719482421875,366.6860338162217,360.4231157662592,360.5373287022716,78846300
2022-10-26,363.6116943359375,368.90377378445976,362.9739957124518,363.230974837986,104087300
2022-10-27,361.669921875,366.44801277950654,361.0512201742432,364.61102062179475,81971800
2022-10-28,370.27435302734375,370.75025961760167,361.3844214069697,361.5652682350303,100302000
2022-10-31,367.5997314453125,369.6842044707059,366.69552642305183,367.81865891657014,96631300
2022-11-01,365.9912109375,371.57837896955164,364.8204992604764,371.3404256632253,85407600
2022-11-02,356.8061828613281,369.9031408055681,356.70149735976,365.4010542504777,126990400
2022-11-03,353.13226318359375,356.1685499468717,351.0192364870028,353.57008917022813,87100100
2022-11-04,358.21490478515625,360.61346359996287,352.170885136249,358.8335775577456,103505200
2022-11-07,361.64141845703125,362.231537963315,357.4343915475703,359.50933724612685,68286900
2022-11-08,363.5926208496094,366.5622732100706,359.5188617569453,362.745493209243,84641100
2022-11-09,356.1018981933594,362.77411841444257,355.6069367100275,361.622403460563,78495500
2022-11-10,375.671142578125,376.00428299719744,367.0572450041489,369.35108918360226,141455800
2022-11-11,379.3070983886719,380.1066180137116,374.64319033872147,376.5277909851231,93839900
2022-11-14,376.0804443359375,380.89661702699635,375.80441036199727,377.5462448649226,71903500
2022-11-15,379.2880554199219,382.9239890323085,375.48080239259394,381.8198821687392,93194500
2022-11-16,376.39453125,378.61224316456577,375.76633106956126,377.6604299906343,68508500
2022-11-17,375.2427978515625,375.91860608551974,371.34038726892305,371.6449453937852,74496300
2022-11-18,376.9466247558594,378.6408512891868,374.1007122482851,378.5742173860638,92922500
2022-11-21,375.5759582519531,376.7466989172969,373.73896579052973,375.6235663390515,51243200
2022-11-22,380.6300354003906,380.7918564006526,376.10892338301994,377.51761716325757,60429000
2022-11-23,383.0286865234375,383.51409151080327,380.06853232216565,380.29695819857307,68261600
2022-11-25,382.9429626464844,383.4950305265415,382.191051189936,382.4670560829331,30545400
2022-11-28,376.83233642578125,381.4962149118125,376.0708685003482,379.8590951809206,67881600
2022-11-29,376.18511962890625,378.1553507626501,374.34809818392904,376.96558433179973,52310000
2022-11-30,388.03521728515625,388.03521728515625,374.519486615748,376.4326114888511,144566700
2022-12-01,387.7496643066406,390.24341023181614,385.2463909544575,389.0726695441886,76398200
2022-12-02,387.3022766113281,388.20648163885994,382.7621385272809,382.8668240269508,85342700
2022-12-05,380.3350524902344,385.4177317516839,378.9834939436765,384.48497335823737,77289800
2022-12-06,374.8525695800781,380.7157422182558,372.7681254520418,380.17323078475664,77972200
2022-12-07,374.21490478515625,376.57541212687585,373.0822446819997,374.005504706076,65927900
2022-12-08,377.1464538574219,378.2124799961138,374.3195674856605,376.09948257287107,60737900
2022-12-09,374.32904052734375,378.45990573812827,374.2053001815389,375.90905369871786,81447700
2022-12-12,379.7258605957031,379.7258605957031,374.4528077117335,375.119059475854,75405800
2022-12-13,382.6003112792969,390.70974839855415,379.84005911089247,390.45276931962,123782500
2022-12-14,380.1542053222656,385.9602719426471,377.2131058725146,382.2577044665144,108111300
2022-12-15,370.85498046875,376.20416598654884,369.1988348015829,375.2999318308924,117705900
2022-12-16,366.4765625,369.6415286124747,364.3442912550409,368.3028770994123,119858000
2022-12-19,363.3690185546875,367.0025351167428,361.70526779936387,366.6678648941245,79878100
2022-12-20,363.86627197265625,365.48222528681765,361.2941346468216,362.61367325179793,74427200
2022-12-21,369.30694580078125,370.4352358837999,365.92204637130624,366.4575070608886,78167400
2022-12-22,364.038330078125,369.28777027212345,358.34902428686854,366.2662256920997,100120900
2022-12-23,366.1324157714844,366.2758375341586,361.46623322301946,363.0152466207401,59857300
2022-12-27,364.6885986328125,366.36192075609665,363.0152765095284,366.01770849733794,51638200
2022-12-28,360.15618896484375,366.59131636080116,359.9267141935356,364.6215509122238,70911500
2022-12-29,366.6391906738281,367.5093216045126,362.4702133125497,362.9961320141737,66970900
2022-12-30,365.67340087890625,365.8168226274327,361.8486652893112,363.9618527124626,84022200
2023-01-03,364.1339416503906,369.4981190554035,361.2749320892196,367.52838265402187,74850700
2023-01-04,366.94512939453125,368.9722345195995,363.34986872415914,366.3905264117615,85934100
2023-01-05,362.7570495605469,365.1092537639918,362.16422021646383,364.9945163658359,76970500
2023-01-06,371.0757751464844,372.1945229681979,362.7856784133102,365.84544889092865,104189600
2023-01-09,370.8655090332031,376.44964922378716,370.6838609207569,373.2655401902277,73978100
2023-01-10,373.4662780761719,373.53321794947027,369.3451279864,370.28219867133123,65358100
2023-01-11,378.1898193359375,378.26633038365287,374.2312334389066,375.0439955334967,68881100
2023-01-12,379.5667419433594,381.0297021014003,375.2256881711222,379.2894696301709,90157700
2023-01-13,381.039306640625,381.6130228505716,376.10539392375364,376.3731242643396,63903900
2023-01-17,380.34130859375,382.6935423019026,379.6624261074559,381.0202202604648,62677300
2023-01-18,374.3364562988281,382.58832869980466,374.1356658339176,381.52697849057256,99632300
2023-01-19,371.6112976074219,373.9443593060729,370.2917592534764,372.2997219516563,86958900
2023-01-20,378.5340881347656,378.68708106087394,371.36270886328373,373.00734634342695,91806400
2023-01-23,383.0760498046875,385.00753122788404,378.38118225986244,379.3373663827085,84178800
2023-01-24,382.6648254394531,383.57318267652687,380.21699688122226,381.40265563212273,59524900
2023-01-25,382.8082580566406,383.14292828207675,376.3157607326886,378.6010544265812,84800300
2023-01-26,387.0154113769531,387.1779754700334,382.5022224600164,385.4663982164665,72287400
2023-01-27,387.9046325683594,390.2759788703347,385.7627902184548,385.97315181927854,68346200
2023-01-30,383.0376892089844,387.37877210654403,382.7412745466371,385.1508473703547,74202000
2023-01-31,388.6696472167969,388.7174447402499,383.20981606709955,383.5540574493801,86811800
2023-02-01,392.8003234863281,395.5445957142965,384.7205872650518,387.4552591361378,101459200
2023-02-02,398.5183410644531,399.9813013244029,394.78922953717114,396.68245506156615,101654500
2023-02-03,394.282470703125,398.70003602985804,393.0776695484089,393.5557615392747,94736800
2023-02-06,391.87286376953125,393.2689133762878,390.2186841761235,391.834637420615,60295300
2023-02-07,396.9980773925781,398.2411050459601,389.7119592455228,390.95498689890485,90990700
2023-02-08,392.65692138671875,396.3669196696717,391.9684677962696,395.02826801613645,76227500
2023-02-09,389.2529296875,396.4051963035193,388.0290153704697,396.2522033663381,78694900
2023-02-10,390.16131591796875,390.5437836705012,387.2640796514173,388.0768126828916,70769700
2023-02-13,394.7414245605469,394.8753043260224,390.352543539111,390.8115223602018,64913500
2023-02-14,394.55975341796875,396.86413102531327,390.61070909281807,393.2210725630297,88389300
2023-02-15,395.841064453125,395.9175463340548,391.52866525765285,392.3701118499811,61555700
2023-02-16,390.3907775878906,394.8179138959173,390.25692701019995,390.8784407346895,76431500
2023-02-17,389.41546630859375,389.6545122847336,386.34609496505783,388.26803395095567,89257800
2023-02-21,381.6034240722656,386.4512833840668,381.3452649276504,385.39947527197734,82655900
2023-02-22,381.0774841308594,383.5539965692342,379.624066139242,382.0145255408099,83742300
2023-02-23,383.1046447753906,384.577176151522,378.88787027584414,383.965204449082,96242400
2023-02-24,379.0121765136719,379.84405183245593,376.3922419822525,378.0942481460913,108194400
2023-02-27,380.30303955078125,383.7070519585176,379.365968807818,382.3492579579314,80444700
2023-02-28,378.8974914550781,381.785156708453,378.79229603840645,379.82499112745273,96438600
2023-03-01,377.4440002441406,379.3085704071732,376.14360422634064,378.08465625730815,99706800
2023-03-02,380.37957763671875,381.22102427631245,375.1396784958807,375.4743487521402,85127800
2023-03-03,386.4800109863281,386.7286281625777,381.54609807414363,382.1962961869598,90120000
2023-03-06,386.7477111816406,389.59714976739536,386.3078747490803,387.3022850157021,72795900
2023-03-07,380.8193359375,386.9389359941927,380.2073934400801,386.69989002886615,108310600
2023-03-08,381.44085693359375,382.196221130841,379.2129323233864,380.9340806833584,74746600
2023-03-09,374.40338134765625,383.88873887527785,373.41851305631604,382.2249589763906,111945300
2023-03-10,369.0009460449219,375.93327957719293,367.4806170891498,373.8583475978051,189253000
2023-03-13,368.47503662109375,373.28466995051247,363.97141834242984,365.08059523708437,157790000
2023-03-14,374.56591796875,376.21055539266825,370.0909552792131,373.38980130348455,149752400
2023-03-15,372.2232666015625,372.4240570496017,366.89731528704147,368.98181836154816,172996900
2023-03-16,378.7540588378906,379.09830027770704,369.3643534258748,369.87112981693105,143254200
2023-03-17,374.3254089355469,378.558277638752,372.94324653075375,377.42568128509345,140553400
2023-03-20,377.92474365234375,378.3374942216171,374.4021719427654,375.1028314855244,93055800
2023-03-21,382.8871154785156,383.3670321413763,379.690854100462,381.28418093617404,91524200
2023-03-22,376.3601379394531,386.32321007597335,376.3217657060295,382.7142575848104,111746600
2023-03-23,377.37762451171875,383.25179889041164,374.6708879123496,379.22048781510506,119351300
2023-03-24,379.8540344238281,379.9404159071664,373.7590870150187,376.1010826470393,107682400
2023-03-27,380.5642395019531,382.89665633801565,379.67160169490063,382.1287722364247,74010400
2023-03-28,379.71002197265625,380.5642582938647,377.8767370350477,379.8731772141997,62871700
2023-03-29,385.22906494140625,385.4690232440617,382.6662973806607,383.8660888939379,77497900
2023-03-30,387.48468017578125,388.10856590647154,385.62260139743574,387.8589998974814,69840000
2023-03-31,392.94610595703125,393.2436518891425,388.3004877505952,388.4060846284512,112062600
2023-04-03,394.4434814453125,394.84659500245755,392.03429064106433,392.4278257842298,67391100
2023-04-04,392.2550048828125,395.3744624499985,390.88242129149666,395.0864949456508,66601500
2023-04-05,391.2279968261719,392.2838191469049,389.577082640603,391.52554275858984,65200200
2023-04-06,392.754150390625,393.0325102209904,389.3851264771968,390.4313411526847,63743300
2023-04-10,393.1572570800781,393.23406013832266,389.66347951634174,390.27775752337686,63681000
2023-04-11,393.26287841796875,394.66422675434245,392.4950235384784,393.7811965721071,59297900
2023-04-12,391.6598815917969,395.61441853712375,391.0743974655557,395.32645103436823,86420400
2023-04-13,396.86224365234375,397.21737725795947,391.60234704835096,392.7445509263928,85814800
2023-04-14,395.8927917480469,398.4171577397506,393.58919793642514,396.22873922494233,78161500
2023-04-17,397.3133544921875,397.3325406110166,394.577824032139,395.8064093482449,66436400
2023-04-18,397.57244873046875,399.0218060432113,396.199894466918,398.887415353016,63560000
2023-04-19,397.5052795410156,398.40749567354555,395.6047995275526,395.66238716810176,55227300
2023-04-20,395.33612060546875,397.08302413683805,393.79077385332334,394.69301944461137,75840400
2023-04-21,395.64324951171875,396.10395069254025,393.6947893230702,395.6336418065236,73457400
2023-04-24,396.05596923828125,396.4782981802782,394.1075090570705,395.44166194381876,64332100
2023-04-25,389.7690734863281,394.6450428024144,389.7114858346393,394.0883231137075,97766700
2023-04-26,388.1180725097656,391.4583020212297,387.56138223707813,390.38329370722647,80447000
2023-04-27,395.84478759765625,396.11353970438057,390.40252082176045,390.652086810784,92968400
2023-04-28,399.22344970703125,399.23305741321724,394.90419994068407,394.9617875942257,89433100
2023-05-01,398.8202819824219,400.845515871164,398.5899021077479,398.781880454679,62122300
2023-05-02,394.337890625,398.1580375216088,391.4392047424731,398.11002828382885,103998500
2023-05-03,391.6311340332031,397.24616414474065,391.39117573178515,394.83697342513307,91531800
2023-05-04,388.8572692871094,390.91129731617235,387.5230869408355,390.58495750937874,94901900
2023-05-05,396.05596923828125,397.1021838881152,392.22624422840113,392.48538864162396,87891800
2023-05-08,396.1615295410156,396.64144612156804,394.76018132750204,396.3823017131118,50046800
2023-05-09,394.4242248535156,395.53763480997924,394.1938742734827,394.6162031980649,49220100
2023-05-10,396.26715087890625,397.88927136463667,392.44700411687967,397.25577792419296,96142900
2023-05-11,395.57611083984375,395.86404911911495,393.5028673537258,395.40334787228096,70157100
2023-05-12,395.0577087402344,397.0253842033069,392.6389398327061,396.8142197460938,70481500
2023-05-15,396.42071533203125,396.8238288685914,393.75238023444746,395.6624389099318,54289400
2023-05-16,393.77154541015625,396.23832360826236,393.7619377053924,395.3168627044219,57705500
2023-05-17,398.55157470703125,399.1562450551422,394.14594356293253,395.7872502342352,87287000
2023-05-18,402.3908996582031,402.8132286270494,398.0140624281471,398.23480532655367,97177200
2023-05-19,401.80535888671875,403.82101441184767,400.58638129995114,403.29311788250186,103793300
2023-05-22,401.9685974121094,403.5043365562108,400.5864351115969,401.8246282749285,60745400
2023-05-23,397.457275390625,401.9013072243869,397.06374031399105,400.32716691785123,86383500
2023-05-24,394.5777893066406,396.2383111304324,393.41639944632345,395.8543837451471,89213700
2023-05-25,397.99481201171875,399.4441694496832,395.84479511708275,398.0811934806872,90961600
2023-05-26,403.14910888671875,403.8689837488059,398.57071530888675,398.64748907245814,93830000
2023-05-30,403.3027038574219,405.6062976614237,401.9205417166639,405.07840112218025,72216000
2023-05-31,401.0663757324219,402.38134275024066,399.50184266738273,401.479097047602,110811800
2023-06-01,404.8768615722656,405.9326839874396,400.0489015795839,401.2966730663804,88865000
2023-06-02,410.7317810058594,411.5188218630449,406.92124253883765,407.4491390116575,91426200
2023-06-05,409.9447937011719,412.3635629860605,409.2441048720611,411.0773899248413,65460200
2023-06-06,410.8374328613281,411.3653294424387,408.87936479133043,409.5320736758542,64022200
2023-06-07,409.4168395996094,412.3635345526036,408.9945106484148,411.2309384070294,85373300
2023-06-08,411.89324951171875,412.34437231335727,408.71620378018724,409.48405866767195,61952800
2023-06-09,412.63226318359375,414.63831094166113,411.6436362158996,412.689850828952,85742800
2023-06-12,416.3756103515625,416.45241340725585,412.8914406087862,413.61131547404943,76104300
2023-06-13,419.12078857421875,419.76386044542505,417.1723282571571,417.8346155400201,95899700
2023-06-14,419.6198425292969,421.4243335080621,416.1740450929453,419.4566872999007,100612100
2023-06-15,424.8221740722656,426.0699454976172,418.7080413628314,418.8040012480244,110303100
2023-06-16,423.3751220703125,427.37322020593024,422.9030661850773,426.804818584776,114165800
2023-06-20,421.1785888671875,422.32503554227975,419.1072877770987,421.4387253030806,76160400
2023-06-21,419.0205993652344,420.99555478179644,418.4329109170005,420.1959468611093,76982300
2023-06-22,420.53314208984375,420.6391018260277,417.72964857046975,418.0668439684426,70637200
2023-06-23,417.3538818359375,419.13617505158805,416.6409763099136,417.0841314152319,92074500
2023-06-26,415.6487121582031,418.7026693868189,415.40786249787595,416.7855154988048,72823600
2023-06-27,420.2055358886719,420.82209563920264,416.07254809930254,416.52534656947205,72813700
2023-06-28,420.41754150390625,421.4290983033547,418.5100016357142,419.1265614695,75636000
2023-06-29,422.0745849609375,422.2383756741101,419.5986726779713,420.00328366247703,67882300
2023-06-30,427.0553283691406,428.0379843526411,424.96474047999936,425.28267848094407,104964000
2023-07-03,427.5466613769531,427.82602579498047,426.4291155030701,426.70850932168867,32793400
2023-07-05,426.9107971191406,427.6429894132442,425.7258063379871,425.7354497315169,58418400
2023-07-06,423.56787109375,423.9917688689175,421.063028622468,423.3366648166022,80658300
2023-07-07,422.4984436035156,426.438769743823,422.2575939538954,422.5755319557256,86134200
2023-07-10,423.56787109375,423.74127580161087,421.5736287515659,422.14203044995077,62443500
2023-07-11,426.2653503417969,426.7566930521444,423.3558970583311,424.32893908451956,64463800
2023-07-12,429.69500732421875,431.1015903646367,428.62564905437046,430.0514894814251,91924500
2023-07-13,433.1054382324219,433.8954320784897,431.0726814584312,431.5061931540125,72425200
2023-07-14,432.835693359375,434.83954937929775,432.0746002832751,433.99178336356243,69815800
2023-07-17,434.338623046875,435.3887239970372,432.6430320958501,432.6912196663996,52680200
2023-07-18,437.5660095214844,438.2114701147798,433.5775252322227,434.0110663595222,80668200
2023-07-19,438.5390319824219,439.7239933832524,437.48890168977437,438.3559839057652,65891700
2023-07-20,435.6296081542969,438.442745236727,434.91670253914305,437.5467915202886,70591600
2023-07-21,435.6296081542969,437.5467915202886,435.6199941598992,437.34445662901965,71275600
2023-07-24,437.5756530761719,438.38490436691495,435.74517222742827,436.7760157789645,54023400
2023-07-25,438.7702941894531,440.0227007047043,437.2577512159894,437.3059387900186,55191200
2023-07-26,438.8376770019531,440.26348802035136,436.7856334140258,437.8357342912967,71052900
2023-07-27,435.9281921386719,442.62382369326946,435.0225951669556,442.2191833737535,92194400
2023-07-28,440.19610595703125,441.0246146496096,435.92822776892785,439.1941631701477,80011800
2023-07-31,441.03424072265625,441.39069349037516,439.35790721415856,440.66814456102355,62040400
2023-08-01,439.7722473144531,440.51405372612544,438.81846261305157,439.56991241987384,55291500
2023-08-02,433.6546325683594,436.9205386548979,432.9031828085776,436.66043160748643,93933400
2023-08-03,432.411865234375,434.29050444334024,430.9956679816183,431.64115804128886,64276100
2023-08-04,430.45611572265625,436.32320952695244,429.9358722590493,434.2230076857938,100128900
2023-08-07,434.21337890625,434.36752621178806,431.59293351328745,432.28658168791264,58357500
2023-08-08,432.3251037597656,434.2037427118271,428.9724661870649,431.6796137883657,71361300
2023-08-09,429.4349670410156,432.75870428928835,428.6738738420237,432.59491357535535,78789600
2023-08-10,429.5890808105469,435.16716703483127,428.42337671620794,431.7856284811605,93005500
2023-08-11,429.3385925292969,430.3501787286785,427.1227874459535,427.72008989099777,68690900
2023-08-14,431.70849609375,431.70849609375,428.11503843544807,428.4233330175674,47867400
2023-08-15,426.6796569824219,430.292402044995,426.1112258867205,429.935919835655,75707500
2023-08-16,423.548583984375,427.9223925566891,423.44259484772283,426.26534575201464,80107200
2023-08-17,420.3211669921875,425.273020314269,419.8009235363625,425.01291328665195,95711300
2023-08-18,420.5234680175781,421.5543115245304,417.1612164787308,417.5080258452247,98852000
2023-08-21,423.2594909667969,424.00129722321185,419.3866396038395,421.5349994297979,68719000
2023-08-22,422.1130676269531,425.0321640493009,421.5543094057689,425.0321640493009,64994200
2023-08-23,426.814453125,427.431042301619,423.0283039267051,423.17280782729074,68441000
2023-08-24,420.8992614746094,428.9243595057039,420.87033128977225,428.4137593836846,88517300
2023-08-25,423.866455078125,425.14776219480035,419.07836317797603,422.62366273446645,102325100
2023-08-28,426.5543518066406,427.1709115909124,423.8664616174519,426.05336574379237,61595400
2023-08-29,432.7200927734375,432.9994865828607,426.26531078000176,426.44835885508,83081900
2023-08-30,434.50238037109375,435.13822692888783,432.35399106524045,433.057282576268,69053900
2023-08-31,433.86651611328125,436.2557255535454,433.68346804802377,435.1189223908011,66084600
2023-09-01,434.67584228515625,437.06508153807744,433.2211009052936,436.58338220970904,58944100
2023-09-05,432.79718017578125,434.55057269413254,432.72976461783867,434.23266409054196,55166200
2023-09-06,429.8876953125,432.09388618903915,427.5659013158959,431.98789706191957,70758500
2023-09-07,428.56787109375,429.24223247025344,426.5447281630559,426.8915375451562,70355400
2023-09-08,429.21331787109375,430.74511806057524,428.2595627004295,428.6160154651993,61659700
2023-09-11,432.0361022949219,432.34436749416994,430.12856253408137,431.83376742594476,60180100
2023-09-12,429.6661376953125,432.11317840274216,429.0881220484013,430.59102153155527,67565400
2023-09-13,430.1671447753906,431.3232055262028,428.7894623481302,429.8877509320253,60199300
2023-09-14,433.8761901855469,434.5698383708397,431.332833106535,432.6334271290332,83430800
2023-09-15,428.648681640625,432.62223173023705,428.2136407942197,432.29352436707654,111848900
2023-09-18,428.90008544921875,430.1955896700722,427.86560575276553,428.3393267614431,55752200
2023-09-19,428.0106201171875,428.57137880593234,425.3326034960519,427.981617392204,66514600
2023-09-20,424.0757751464844,429.68318495179983,423.8727265693422,429.2674693964477,82562600
2023-09-21,417.0664978027344,421.49441429318694,416.91180676973505,421.233389771168,104095800
2023-09-22,416.1286926269531,419.6864977783781,415.71294757869936,418.091288955446,100829700
2023-09-25,417.87860107421875,417.9172517040119,414.485134786977,414.920205158679,70874500
2023-09-26,411.73944091796875,415.54862280920696,410.90798029741677,414.84285049792544,96168400
2023-09-27,411.90380859375,413.4700443597365,408.26867230252077,412.9092856337623,104705800
2023-09-28,414.2917785644531,415.964347748709,410.76297593705533,411.3527373620953,92258300
2023-09-29,413.2863464355469,417.5112441372113,411.76846823252566,417.3372277775056,115111300
2023-10-02,413.12200927734375,414.3691856249788,410.36663202274156,412.4549170103042,83798600
2023-10-03,407.5918884277344,413.1799731499237,406.2287013020404,410.94667474306095,103760600
2023-10-04,410.5599670410156,411.3043900178651,406.59609392791054,408.0559666596498,87453000
2023-10-05,410.4052429199219,411.2463514179395,407.1858225474584,410.269877205424,70142700
2023-10-06,415.2779541015625,416.81515765208843,406.63478734252965,407.95929439211045,113273300
2023-10-09,417.93658447265625,418.5069910271343,412.8318987010215,413.3829504373266,80374400
2023-10-10,420.11187744140625,422.70288570856627,418.1686064888882,418.5649967058061,78607300
2023-10-11,421.8327941894531,422.08414129890025,418.79703802262225,421.17537943505704,62451700
2023-10-12,419.2611083984375,422.8189135801861,416.91179922986146,422.44187816631086,81154200
2023-10-13,417.1728820800781,421.9585387631344,415.6066757486928,420.75969048751125,95143100
2023-10-16,421.5621032714844,422.6255856986061,419.1741138914331,419.4158131019472,75433200
2023-10-17,421.5427551269531,423.5923892481788,418.09131276942526,418.4393454760135,75324700
2023-10-18,415.9256591796875,420.73064064200355,414.8428514424272,419.77352121429993,93559800
2023-10-19,412.2711181640625,418.4489633659572,411.59437816274504,416.64105822052716,121323000
2023-10-20,407.2051696777344,412.3775387523352,407.09880668145956,411.8361348739324,123919900
2023-10-23,406.4993591308594,410.3568982821464,403.9276761980999,405.67757598059893,92035100
2023-10-24,409.56414794921875,410.7146385432617,406.7700909338865,408.61667642933105,78564200
2023-10-25,403.68597412109375,407.9109007331841,403.17357302000806,407.8818980106432,94223200
2023-10-26,398.8520202636719,403.47330792914914,397.9335809780985,402.6225515026816,115156800
2023-10-27,397.0440979003906,400.83395429205797,395.6229054415524,400.43756406837696,107367700
2023-10-30,401.7910461425781,402.844851029009,398.5329459102298,399.8284499771529,86562700
2023-10-31,404.314453125,404.63348310254605,400.45691364342605,402.361504611754,79665200
2023-11-01,408.6263427734375,409.43844855236455,404.74947812853236,405.28123407598383,98068100
2023-11-02,416.4573974609375,416.612088488878,412.3968391143164,412.41616442869764,94938900
2023-11-03,420.2569274902344,421.80380835994043,418.63271585397734,418.75840416588386,100167800
2023-11-06,421.22369384765625,421.66841210779677,419.2804228673673,421.0109973746679,67831700
2023-11-07,422.4224853515625,423.0605747296388,420.08285380291056,421.223666855701,64256100
2023-11-08,422.7319030761719,423.544008852029,420.4309219590949,423.0219303160148,61746000
2023-11-09,419.4351501464844,423.91142437106953,419.00975716373983,423.8727442351021,83174400
2023-11-10,425.9803161621094,426.2896982135309,419.4254351571336,421.5040718428815,89462200
2023-11-13,425.5742492675781,426.67638218285714,423.863029699829,424.6461326803493,52236100
2023-11-14,433.8307800292969,435.1166069139446,431.2784220719966,431.50079597873554,97176900
2023-11-15,434.7492370605469,436.3928036457593,433.89845104016877,435.164952660045,77327600
2023-11-16,435.28094482421875,435.59997479434537,433.24098818272,434.30447059030485,66665800
2023-11-17,435.82232666015625,436.43141334936854,434.3721314970017,435.29057073108856,83133200
2023-11-20,439.1771545410156,440.0182630951851,435.5613141930735,435.57099160312566,69936200
2023-11-21,438.2200012207031,439.0514618608499,436.9534996970191,438.13299304399567,49244600
2023-11-22,439.9118957519531,441.22675482120695,438.8194400859089,439.8732451207241,59394900
2023-11-24,440.1825866699219,440.3759578384197,439.6315348978691,439.9602422808771,29737400
2023-11-27,439.38983154296875,440.36627627306393,439.00308920962266,439.55417048077294,50506000
2023-11-28,439.8248596191406,441.1203637861366,438.44234728096177,439.0030764411284,62115000
2023-11-29,439.5155029296875,443.10234049536746,439.1191421839662,441.97117519611106,63146000
2023-11-30,441.24609375,441.59415597189025,438.2876976332808,440.35665713551293,79752700
2023-12-01,443.8564147949219,444.38814123082403,440.0472330596215,440.6369649429203,89183400
2023-12-04,441.52642822265625,443.8757373404589,439.2544498661346,440.4726232624604,72430900
2023-12-05,441.43951416015625,442.3966337445715,439.7669447359603,440.14400972636804,69793500
2023-12-06,439.6605529785156,443.60507121667763,439.225482586349,443.57606849081975,69124700
2023-12-07,443.0153503417969,443.6630877368815,441.13976201140014,441.73917136361564,66995400
2023-12-08,444.9198913574219,445.4516177863762,442.02914891320626,442.2708481089666,83194400
2023-12-11,446.6504821777344,446.8245280398024,444.21416465607524,444.4268611503367,65002200
2023-12-12,448.6903991699219,448.78708475043413,445.30661038207074,446.30240990232363,68327600
2023-12-13,454.8778991699219,455.12927578193285,448.709730800554,449.0674408996175,93278000
2023-12-14,456.3377685546875,458.0006602364905,453.6693999362765,456.8114895469167,119026000
2023-12-15,455.58642578125,456.91633245678577,453.74207009746453,455.7417439978948,141553700
2023-12-18,458.14910888671875,459.12954211953263,456.13003141968665,457.18810894495897,70375300
2023-12-19,460.93505859375,461.012732509764,458.61506136543755,458.69270565753243,55761800
2023-12-20,454.54779052734375,461.96405036999886,454.1206728290634,460.0808576886502,102921000
2023-12-21,458.85772705078125,459.1295265010188,455.1107457468796,457.5278204873464,86667500
2023-12-22,459.7799377441406,461.4592882220052,457.8870580411275,459.98377994700513,67160400
2023-12-26,461.72137451171875,462.62413389794295,460.109981297383,460.18765521976536,55387000
2023-12-27,462.5561828613281,462.7017844285322,460.98362668768385,461.5175089754055,68000300
2023-12-28,462.7309265136719,463.5657286208665,462.3135254600746,462.91536504878167,77158100
2023-12-29,461.39129638671875,463.060930093317,459.44014657654174,462.53673484415077,122283100
2024-01-02,458.8091735839844,459.7993234289346,456.71242227128295,458.333531951908,123623700
2024-01-03,455.062255859375,457.3919698393569,454.4604162904711,456.6542157231931,103585900
2024-01-04,453.5964660644531,457.16869615612853,453.37319057475315,454.5865863632777,84232200
2024-01-05,454.21771240234375,456.6639075045455,452.77132456262234,453.80028176128866,86118900
2024-01-08,460.7021179199219,460.84771948944723,454.5865853845721,454.71278328613425,74879100
2024-01-09,460.0032043457031,461.02244496424106,457.54729244084217,458.05205442710235,65931400
2024-01-10,462.6047058105469,463.4686578138975,459.9934757568045,460.27499186871785,67310600
2024-01-11,462.4008483886719,464.1190060691037,458.43062113494074,463.6045274671268,77940700
2024-01-12,462.7212219238281,464.5850109920546,461.31370050606375,463.847256832393,58026400
2024-01-16,461.0224304199219,462.6532272077025,459.2071951071508,461.34278348918724,85014900
2024-01-17,458.4597473144531,458.9451056102245,456.11060012839494,458.0035093314712,68843900
2024-01-18,462.5367736816406,463.0900892897804,458.58597937392244,460.1294153145847,91856200
2024-01-19,468.3028564453125,468.5843725866021,462.58535041381515,463.6628317450775,110834500
2024-01-22,469.2929382324219,471.0110958989677,468.6425450951434,469.83653714242234,75844900
2024-01-23,470.66168212890625,470.9043613024555,468.74939868030367,469.8365966379768,49945300
2024-01-24,471.1761779785156,474.45717543420074,470.68110299788805,473.525295727068,81765000
2024-01-25,473.7388610839844,474.01066056996024,471.17618444820096,473.3020267275593,72525000
2024-01-26,473.13702392578125,474.7969411657135,472.2925051479898,473.3117458196852,76641600
2024-01-29,476.8840026855469,477.0296338958358,472.90408774659363,473.4476867516387,61322800
2024-01-30,476.5151062011719,477.2237103899132,475.7579187820987,476.19475312019154,58618400
2024-01-31,468.7396240234375,474.7580490082776,468.7201907326481,474.31152767890586,126011100
2024-02-01,474.8746032714844,474.90372358641025,469.6327095934461,470.43842101293257,91891600
2024-02-02,479.873779296875,481.5239798187347,474.971642466127,475.31139921660196,99228200
2024-02-05,478.1264953613281,479.9029234991888,475.8744551474019,479.24284325758833,75757100
2024-02-06,479.5146179199219,479.84465802363434,477.6411122849623,479.0680669349689,55918600
2024-02-07,483.5139465332031,483.93134756331705,480.8541628931194,481.75695184930976,70556500
2024-02-08,483.7275390625,484.10610316011065,482.69858176017516,483.51398020972,52343600
2024-02-09,486.523193359375,486.9599980744067,483.8925299274153,484.2322866772762,63979400
2024-02-12,486.3096008300781,488.7557959365899,485.59125041968997,486.4940393494017,56502300
2024-02-13,479.6116638183594,482.53353038052535,476.3500701317823,480.04849815534635,113099200
2024-02-14,483.97015380859375,484.4555120799487,479.92225279096976,482.2422795475269,68387800
2024-02-15,487.3094482421875,487.4938867654942,484.19342663721847,484.6690979139186,61683000
2024-02-16,484.8826904296875,488.1442842020213,484.144936285217,487.00856229426716,75532900
2024-02-20,482.2132263183594,483.8149029118612,479.97087316267243,483.14510603430045,71736700
2024-02-21,482.6500549316406,482.8053731626366,479.106944807319,480.9124933217148,59293400
2024-02-22,492.6387023925781,493.59970240133447,488.2898811137423,489.25091074641995,76402500
2024-02-23,492.97845458984375,495.1916873577398,492.25041710535265,494.35685563775104,61321800
2024-02-26,491.17291259765625,493.8521000550051,491.0467146922128,493.41526570907337,50386700
2024-02-27,492.0852966308594,492.3085720852041,489.9691418205027,491.86205080043067,48854500
2024-02-28,491.4350280761719,492.01743437576624,490.17307863790023,490.5322390639573,56506600
2024-02-29,493.20166015625,494.8130532117829,490.55162288856457,493.19197313484807,83924800
2024-03-01,497.8320007324219,498.25911842016706,493.6676477127876,494.0753617325155,76844800
2024-03-04,497.298095703125,499.1424809176813,497.00689257657365,497.03604251314806,49799300
2024-03-05,492.32806396484375,495.745005535815,490.1245478315941,495.2984545471132,72855600
2024-03-06,494.82275390625,497.074823378055,493.53171394872805,495.5993152849811,68382400
2024-03-07,499.734619140625,500.7830096761973,494.8810360564722,498.1135389799133,58652100
2024-03-08,496.73516845703125,503.0447976060077,496.1624491386697,500.3656691875528,86532500
2024-03-11,496.3079833984375,496.89041928478855,493.6093924281333,495.5314219659159,62557200
2024-03-12,501.6470031738281,502.2294094929587,495.9003176684613,498.41449998303995,73114400
2024-03-13,500.8605651855469,502.1419180781509,499.4239237216424,501.9671962175004,55104100
2024-03-14,499.87054443359375,501.9866995940405,496.8321966177629,501.831351753217,110171800
2024-03-15,496.4380798339844,498.25898476271357,494.77300540358664,496.80810297761957,107646300
2024-03-18,499.3885192871094,501.93969410963876,498.97956820958467,500.4985887866016,88893300
2024-03-19,502.1636657714844,502.44602683293346,497.69420694088996,498.6971800566581,60755300
2024-03-20,506.80841064453125,506.9447474953313,501.55028937128384,502.2221673565908,69594600
2024-03-21,508.48321533203125,510.34301859328446,508.20079481953724,509.6419595938359,60256100
2024-03-22,507.5192565917969,508.8824467519345,507.28551081424,508.3955803879005,79070800
2024-03-25,506.1170349121094,507.2660322991133,505.96120440733904,506.1462159868013,48512100
2024-03-26,505.18218994140625,507.87944816611747,504.78298573958654,507.5386061090331,65463700
2024-03-27,509.4277038574219,509.4666912006187,505.8443747669276,508.00609219695343,82999800
2024-03-28,509.330322265625,510.8298490860622,509.0479612048705,509.4666590943707,96294900
2024-04-01,508.4441833496094,510.605900605306,507.2854391895369,510.07035956686866,62477500
2024-04-02,505.2115173339844,505.3477947483364,502.9134629158643,504.62724203503336,74230300
2024-04-03,505.7663879394531,507.2659740741028,504.07210284407455,504.1207775842568,59155800
2024-04-04,499.593017578125,510.1093183056524,499.2911628340767,509.76853565111946,96858100
2024-04-05,504.8122253417969,506.7694375345306,500.5083435441168,500.94653513579135,74546500
2024-04-08,505.09454345703125,506.516214442084,504.2863881936749,505.5133007732254,48401800
2024-04-09,505.6788330078125,507.0712635271461,500.8393509659492,506.8278303713481,68049200
2024-04-10,500.6154479980469,502.6018412987628,498.6388015333815,499.9922448100833,82652800
2024-04-11,504.39349365234375,505.8345989017068,498.62901322296943,502.13442685782303,70099000
2024-04-12,497.43133544921875,502.2707879594682,495.70780962230026,500.85886371567153,92561100
2024-04-15,491.199462890625,501.7644387082916,490.3522904966187,501.5989207934361,92101400
2024-04-16,490.30364990234375,493.19563735543574,489.0183155418661,491.6766166443132,73484000
2024-04-17,487.4018859863281,492.9229634124424,486.00945537176443,492.7574157801548,75910300
2024-04-18,486.3988952636719,490.887817979909,485.4641202927352,488.7942988433905,74548100
2024-04-19,482.1534729003906,487.3142441699,480.8876025986124,486.32104754330464,102212600
2024-04-22,486.5937194824219,489.18385210193054,482.41639776348796,484.7533503648902,67961000
2024-04-23,492.367919921875,492.7963646750655,486.4086807205422,488.5995792337359,64633600
2024-04-24,492.13421630859375,494.04272395926796,489.91410708182036,493.25400289949073,55928100
2024-04-25,490.2646484375,491.02415872515365,484.42225246602163,486.0678630419317,69122400
2024-04-26,494.9093933105469,496.48683553540934,492.41663996726425,493.04956028124485,64306100
2024-04-29,496.662109375,497.33398732987405,493.9259228058318,496.6913201679961,46415400
2024-04-30,488.7943420410156,496.1752226900087,488.7943420410156,495.20149000874,77483600
2024-05-01,487.2071838378906,494.84124497607075,486.7397814235659,488.2101273744075,80242800
2024-05-02,491.76422119140625,492.6016467604268,486.4281553313073,490.9073316662554,62550200
2024-05-03,497.8598327636719,499.0867158383158,495.201531622673,497.7332427499149,72756700
2024-05-06,503.0010986328125,503.0400265445959,499.8169737447077,500.2551653379584,47264700
2024-05-07,503.5561218261719,504.9485523975052,502.8842439138016,503.96507290224616,52561300
2024-05-08,503.6048278808594,504.14036899052337,501.6086876910597,501.72553086291623,42047200
2024-05-09,506.5065002441406,506.54548758690595,503.13742328274043,503.78980752288453,43643700
2024-05-10,507.1589050292969,508.91161179352076,505.941739299708,508.103397108136,52233200
2024-05-13,507.22698974609375,508.94076852048096,506.0877393186341,508.83367220506113,36716400
2024-05-14,509.55426025390625,510.07036706182174,506.88624242560803,507.4217834719146,57535900
2024-05-15,515.8641357421875,516.1562436643347,511.38492968552964,512.0178797101214,59504900
2024-05-16,514.8026733398438,517.5583531460086,514.6565896819933,515.9614174721102,50244800
2024-05-17,515.5427856445312,515.6109540647997,513.4687302561026,514.9195824580145,59187600
2024-05-20,516.1367797851562,517.5973789121299,515.2701433728218,515.6596602461204,37764200
2024-05-21,517.402587890625,517.5584184029028,515.1727614260365,515.3772666864285,33437000
2024-05-22,515.912841796875,517.4221156794935,513.7413773413039,516.7113097871478,48390000
2024-05-23,512.1444091796875,519.0676335599267,510.9369308576571,518.9605372397859,57211200
2024-05-24,515.5330810546875,516.3412958961842,513.0403275362747,513.9848197975488,41291100
2024-05-28,515.8932495117188,516.5748741957514,513.2641596915468,516.3411878885217,36269600
2024-05-29,512.28076171875,513.4589997088932,511.56995584928654,511.871810616093,45190300
2024-05-30,508.8824157714844,511.4044095336918,507.6360688600374,510.7422784507473,46377600
2024-05-31,513.5174560546875,513.6440460717812,504.7441141188356,509.8367770177735,90785800
2024-06-03,513.9360961914062,515.4064420460951,508.87267437322015,515.1240809646227,46835700
2024-06-04,514.5105590820312,515.250605333056,511.17066354967966,512.6312623824123,34632700
2024-06-05,520.6256713867188,520.6451650598835,514.84169649016,516.8281493311971,47610400
2024-06-06,520.6159057617188,521.3559521321091,518.6879340097541,520.9275073614583,30808500
2024-06-07,519.9830322265625,522.7873872843439,518.55161418802,519.6421901069427,43224500
2024-06-10,521.589599609375,521.9109480214009,518.5807990347079,519.1747616812378,35686100
2024-06-11,522.845703125,522.9041247005574,518.0743898707741,520.0413486344055,36383400
2024-06-12,527.1399536132812,529.8274655446977,526.1077992631506,527.4028804771598,63251300
2024-06-13,528.2012939453125,529.0581834417079,525.4164327979901,528.8829186945259,44760900
2024-06-14,528.5226440429688,528.5518251182958,525.6695550365463,526.6725282080745,40089900
2024-06-17,532.7290649414062,534.1215548157255,527.3832826445532,527.8409678567655,55839500
2024-06-18,534.0827026367188,534.2092926573293,532.3689233717765,532.7876213507444,41376400
2024-06-20,532.6317749023438,535.669816103357,530.8595742964317,535.0076850141029,70328200
2024-06-21,531.917724609375,533.0313753907063,530.4621917432297,531.8102827682807,64338600
2024-06-24,530.1885986328125,534.3012597413704,530.0713785197397,531.7418545665156,45528700
2024-06-25,532.2303466796875,532.5917853363576,529.8956032092343,531.4097461795637,37936200
2024-06-26,532.89453125,533.6076301716555,530.4719028733521,531.1166134619692,38550600
2024-06-27,533.7346801757812,534.3110621107577,532.0153722749866,532.7578061070262,35041500
2024-06-28,531.6343383789062,537.5542520433446,530.3937489459842,534.5063503169283,76144500
2024-07-01,532.7284545898438,533.2559450469041,529.9736629556671,533.0117265646933,40297800
2024-07-02,536.3135986328125,536.3135986328125,531.0775683576217,531.126400132376,40434800
2024-07-03,538.7070922851562,539.068530985693,535.9620780433197,536.001131548574,32789900
2024-07-05,541.8134765625,542.213968717536,538.3748605783948,539.0098526062544,41488400
2024-07-08,542.4386596679688,543.3861988920726,541.3738407022457,542.5949332840256,36110500
2024-07-09,542.9661254882812,544.2946598471173,542.6730752067231,543.3959524424528,27289700
2024-07-10,548.3389282226562,548.6808102777995,543.894163387503,544.1872136667199,38701200
2024-07-11,543.6109008789062,549.3256503566656,542.9759684638211,548.4562180647349,53054200
2024-07-12,547.0397338867188,550.6346235261244,544.2654447499774,544.7343252522627,53084400
2024-07-15,548.5440673828125,551.7775178290722,546.6879829958002,549.0325043663784,40584300
2024-07-16,551.797119140625,552.090169461466,549.1009369415549,549.8531491181022,36475300
2024-07-17,544.0602416992188,547.5476892504238,543.7378565645935,545.8772131422685,57119000
2024-07-18,539.879150390625,546.580551242634,537.7007404833427,545.593898977862,56270400
2024-07-19,536.2940673828125,541.2663824595259,535.2390267295067,539.644738170822,65509100
2024-07-22,541.8231811523438,542.4288382548532,538.2771238069361,540.2113152231016,43346700
2024-07-23,540.973388671875,543.8648979607326,540.4849516029554,541.7157629327536,34439600
2024-07-24,528.7135009765625,536.4698829953903,527.7952370228695,536.1670544374522,74515300
2024-07-25,525.958740234375,534.7994982405838,525.0209792890996,528.8307523766035,61158300
2024-07-26,531.8492431640625,534.5356464631268,528.9674531548811,529.7392217162956,53763800
2024-07-29,532.1619262695312,534.3989464184045,530.1690650137424,533.3927971337158,39515800
2024-07-30,529.4656982421875,534.6822315404584,526.0661958644091,533.6271909452782,46853600
2024-07-31,538.072021484375,540.6998152024645,534.9167372159726,536.2843251839307,65663400
2024-08-01,530.452392578125,542.0381046138815,526.9551667505608,539.7913062018092,76428700
2024-08-02,520.576171875,524.5715530952934,516.3755660291246,523.3602388903765,82789100
2024-08-05,505.41510009765625,511.4717311244644,498.4695101090915,499.80785259777787,146267400
2024-08-06,510.0748291015625,517.4990483238507,505.89377938390135,507.21253555376086,84826300
2024-08-07,506.66552734375,519.2965627450678,506.0696484137689,516.2486605015515,70698300
2024-08-08,518.3782348632812,519.0033889369354,509.77197692780607,511.79405372836936,63276600
2024-08-09,520.6641235351562,522.1489912653111,516.3365783728381,517.5576710131196,45619600
2024-08-12,520.9376220703125,523.3406939742863,518.6712672136742,521.8558860240913,42542100
2024-08-13,529.5047607421875,529.739260585726,523.8780165940644,524.122235093717,52333100
2024-08-14,531.17529296875,532.3573320967027,527.6292352085552,530.2960824274743,42446900
2024-08-15,540.2797241210938,540.5629961238054,536.1866195717042,536.7922766972661,60846800
2024-08-16,541.490966796875,542.1845687274085,538.51151333941,538.667786928332,44430700
2024-08-19,546.6685180664062,546.6685180664062,541.0514918139045,541.901367537868,39121800
2024-08-20,545.7794799804688,547.8700045132335,544.4411674580102,546.2190851764095,33732300
2024-08-21,547.6551513671875,549.1106842316043,541.9013486274712,546.8248322343893,41514600
2024-08-22,543.3568115234375,550.155875826028,542.1454973391976,549.5502187339081,56121500
2024-08-23,549.1301879882812,550.0680084955276,544.4020915801096,546.5903394303513,50639400
2024-08-26,547.8212280273438,550.8690705771505,546.1214765619129,550.1559715338451,35788600
2024-08-27,548.5734252929688,549.0618623501647,545.4083627021253,546.5512887213379,32693900
2024-08-28,545.3888549804688,548.6614193309421,542.2042355425785,548.2315922971716,41066000
2024-08-29,545.4375,550.6442544077365,544.2945742697917,547.3521942445709,38715200
2024-08-30,550.644287109375,551.1522806301471,544.255553101835,547.8016102208953,62700100
2024-09-03,539.3126831054688,547.8407751289367,536.8021094517958,547.5086116923438,60600100
2024-09-04,538.2088012695312,541.6083040829072,536.7532683896355,537.4761456891545,47224900
2024-09-05,536.899658203125,540.9927622926045,534.4476951362813,538.1500854338868,44264300
2024-09-06,527.8636474609375,538.8437022454943,526.9649400293706,537.2221175565589,68493800
2024-09-09,533.7736206054688,535.0436043247605,530.1299001804285,532.0543726925215,40445800
2024-09-10,536.0986328125,536.4503527479894,530.8137709847371,535.678584169421,36394600
2024-09-11,541.5985107421875,542.5167747623394,527.4729497044474,536.0108196239122,75248600
2024-09-12,546.1605224609375,546.4633510224045,539.9573366553728,542.1748597619055,51819600
2024-09-13,549.0130004882812,550.0094311099382,546.5122052774053,546.7662020730168,39310500
2024-09-16,549.8237915039062,550.0875069413107,546.9517795427174,548.7491943236346,36656100
2024-09-17,550.0484008789062,553.477237850398,547.8210997398118,552.031423916307,49321000
2024-09-18,548.4170532226562,555.5384427736924,547.8602279225689,550.7029048507478,59044900
2024-09-19,557.7755126953125,559.6315971955383,554.9426137920285,557.8048475354702,75315500
2024-09-20,556.8114013671875,557.8500616857909,553.793383536953,556.4096807844697,77503100
2024-09-23,558.2026977539062,558.8494456443765,556.6642942041962,557.8793836152081,44116900
2024-09-24,559.7999877929688,559.8587776289324,556.1744550910837,558.9964868304339,46805700
2024-09-25,558.5653076171875,560.378103761662,557.4580492681129,559.6432009533316,38428600
2024-09-26,560.77978515625,563.1413061737785,558.4281322177342,562.817932214862,48336000
2024-09-27,559.9664916992188,562.6611352170194,558.9376397719122,561.8478858705382,42100900
2024-09-30,562.21044921875,562.8179640810873,556.6447925339722,558.9376557740085,63557400
2024-10-01,557.1738891601562,562.5043864049716,554.6066335561335,561.8576982708267,72668800
2024-10-02,557.4089965820312,558.4280999557304,553.8912957466886,556.2821816369686,38097800
2024-10-03,556.3899536132812,558.3300776437013,554.1068390984451,555.9391917508498,40846500
2024-10-04,561.4461059570312,561.8184614824812,556.6643337627131,560.8287828388663,42939100
2024-10-07,556.370361328125,560.446655391967,555.2239297880301,559.7999074826037,49964700
2024-10-08,561.6322021484375,562.2299684408138,558.065519969504,558.9375590199429,37398700
2024-10-09,565.5224609375,566.0809942856702,561.0248291372598,561.6225357741174,37912200
2024-10-10,564.5327758789062,565.953600014702,562.9257739624676,564.1800368650188,44138100
2024-10-11,567.913330078125,568.6482329129351,564.3171624790748,564.4543586951436,42268000
2024-10-14,572.5578002929688,573.4886890058166,569.0400397275337,569.5201665882303,36217200
2024-10-15,568.1092529296875,573.1261842726946,566.8941634738084,572.8224268603595,54203600
2024-10-16,570.57861328125,571.0979733835155,567.3058791131047,568.1093801464922,30725400
2024-10-17,570.62744140625,574.3215715502484,570.4412636582532,574.1157772582931,34393700
2024-10-18,572.8223876953125,573.6062719503354,570.8528388827377,572.3128360166068,37416800
2024-10-21,571.8817138671875,573.0771269383695,568.9126781204517,572.0972566282711,36439000
2024-10-22,571.5779418945312,572.7341816541917,568.6971208640092,569.3536172092114,34183800
2024-10-23,566.3551635742188,570.0003117934486,562.8570198066266,569.5593582450659,49314600
2024-10-24,567.5802001953125,568.3837012123148,564.9639626077603,568.3052948235324,34979900
2024-10-25,567.3841552734375,572.6950960929863,566.4435179318251,569.8044663478088,47268200
2024-10-28,569.13818359375,570.9803448675634,568.8344261393737,570.8529569215461,30174700
2024-10-29,570.0592651367188,571.1762720247682,566.7864714367279,568.1778707648036,42899700
2024-10-30,568.3345947265625,571.5779630983764,567.6290569957021,569.588797638648,41435800
2024-10-31,557.1934814453125,564.0427655154251,556.9974954170759,563.9741674152153,60182500
2024-11-01,559.545166015625,563.9643910438907,559.1336371976272,559.8195584319851,45667500
2024-11-04,558.3399658203125,560.9758196621659,556.4586313456186,559.6823835212687,38217000
2024-11-05,565.0912475585938,565.1304208425688,559.0356559214524,559.251198693126,39478300
2024-11-06,579.142578125,580.0146771322202,573.6063462638446,577.3396500855225,68182000
2024-11-07,583.6206665039062,584.6397701216673,581.063218798349,581.1416251858423,47233200
2024-11-08,586.1487426757812,587.5695668763649,584.1693851078007,584.1693851078007,46444900
2024-11-11,586.7072143554688,588.0888053142032,584.9826328704219,587.7360663213191,37586800
2024-11-12,584.8845825195312,587.2264269895784,582.4054820528869,586.6287204841349,43006100
2024-11-13,585.1687622070312,587.1676761411395,582.9836705187753,585.3451316888757,47388600
2024-11-14,581.4060668945312,585.7763103260314,580.7202054727688,585.296183408181,38904100
2024-11-15,573.9591064453125,578.3195418358689,572.1071369723535,577.8491633593196,75988800
2024-11-18,576.310791015625,577.6237838402152,573.5573576252949,574.4195885423085,37001700
2024-11-19,578.41748046875,579.142574989824,572.2737337790142,572.9400384688264,49412000
2024-11-20,578.6134643554688,578.8976052377521,572.8616299600318,578.495884693383,50032600
2024-11-21,581.7196655273438,583.1404896221547,575.6249001169805,581.455141177832,46750300
2024-11-22,583.5225830078125,584.1497143652956,581.2101034094488,581.7097870344509,38226400
2024-11-25,585.501953125,588.7648782973704,583.2188384863542,587.4518855330788,42441400
2024-11-26,588.5591430664062,589.2254477201681,586.0310608458545,586.7463470552605,45621300
2024-11-27,586.7757568359375,588.7550542016285,585.256969810655,588.3729502321648,34000200
2024-11-29,590.4208984375,591.2047827973582,587.3147260107087,587.5890586237147,30177400
2024-12-02,591.4790649414062,592.1551777846197,590.3423819959737,590.8323171053594,31746000
2024-12-03,591.7535400390625,591.9985076527607,590.2151960547985,591.2440480710218,26906600
2024-12-04,595.4280395507812,595.6730071584342,592.7726289600115,593.4389336760423,42787600
2024-12-05,594.4480590820312,596.231430112411,594.095320145877,595.4279293312596,28762200
2024-12-06,595.5750122070312,596.8096584526629,594.800936138575,595.212464951605,31241500
2024-12-09,592.5079956054688,595.6239761392873,591.9200973185369,595.4574149257465,34742700
2024-12-10,590.6658935546875,593.605504896008,590.0093971009587,593.1841677805376,37234500
2024-12-11,595.2319946289062,596.1824400499527,593.311427437485,593.5858198104879,28677700
2024-12-12,592.1651611328125,594.9381516110824,592.1651611328125,594.3698697768823,31543800
2024-12-13,592.0474853515625,594.9086900260288,590.6756429397628,594.1934038090473,35904700
2024-12-16,594.5755004882812,595.54562235978,593.0273484159295,593.8014244521054,43695200
2024-12-17,592.1259155273438,592.9882063411098,590.7541327283874,592.0279524011855,55773500
2024-12-18,574.4784545898438,594.2031909866316,574.0962907751041,591.822113059209,108248700
2024-12-19,574.302001953125,581.0631314525076,574.057034359764,579.456129686489,85919500
2024-12-20,581.199951171875,585.7225012446567,571.132257605004,571.9778279294948,125716700
2024-12-23,584.680419921875,585.2801382457641,577.7687172457148,580.9443919924163,57635800
2024-12-24,591.1791381835938,591.2185033240278,585.4472496940897,586.0273454449668,33160100
2024-12-26,591.2184448242188,592.3392110668057,588.0133066034633,589.4093887705021,41219100
2024-12-27,584.9949340820312,587.7183292627742,580.8164691334702,587.4823184826345,64969300
2024-12-30,578.3192749023438,581.7800467977985,574.5734057798932,577.9948725430215,56578800
2024-12-31,576.2152099609375,580.698454354243,574.583117216775,579.9807007946825,57052700
2025-01-02,574.799560546875,581.1803135593343,570.7292291618253,579.4696102256324,50204000
2025-01-03,581.9864501953125,582.6254735449975,576.5593423217554,577.6408633877121,37888500
2025-01-06,585.3390502929688,589.6060270134918,583.608664526265,586.2337670283534,47679400
2025-01-07,578.7223510742188,587.6888410122485,576.903513754268,587.3643786767495,60393100
2025-01-08,579.5678100585938,580.6394897953063,575.3500401020275,578.7911287868388,47304700
2025-01-10,570.7193603515625,576.0874809051687,568.8120114375996,576.0186519228087,73105000
2025-01-13,571.604248046875,571.9581742427216,565.6658729466735,566.0788468496604,47910100
2025-01-14,572.3906860351562,575.1533862250869,568.6152938144415,574.5241441869972,48420600
2025-01-15,582.8026123046875,583.943061283102,579.2828525136379,580.3938376431494,56900200
2025-01-16,581.6817626953125,584.346110636513,580.9836915331506,584.1691475266347,43319700
2025-01-17,587.5217895507812,589.27179809953,585.5849165977943,586.9122299431212,58070600
2025-01-21,592.899658203125,592.9094994878243,588.5933760531964,590.5597127423754,42532900
2025-01-22,596.2326049804688,597.5893820777127,595.1707663809229,595.7213382459036,48196000
2025-01-23,599.48681640625,599.48681640625,595.3280340779654,595.6032899728609,41152100
2025-01-24,597.7367553710938,600.4995156835615,596.5864653530726,599.5458113037603,34604700
2025-01-27,589.2816162109375,589.5962372876534,584.6312490621345,584.7983708814467,70361100
2025-01-28,594.3449096679688,595.1805787054238,587.1972570477369,590.5105293609671,44433300
2025-01-29,591.6805419921875,593.9614997638901,589.1341095636221,593.5583671362218,37177400
2025-01-30,594.8561401367188,596.3898803192325,590.6088457833347,593.7943615542468,39281300
2025-01-31,591.6903686523438,599.6933732210748,590.9333098394596,597.2747575383468,66566900
2025-02-03,587.7085571289062,590.1861005375324,580.5510628181718,582.6943625959686,65857200
2025-02-04,591.6510620117188,592.1622687341741,587.2268045597665,587.767535135661,33457800
2025-02-05,594.0498657226562,594.1973649569587,588.5048426365228,590.5301667443101,30653100
2025-02-06,596.1145629882812,596.2423796576439,592.4866698522919,595.7901006731433,35771500
2025-02-07,590.6580200195312,597.8941240756534,589.9501076619601,596.6750050236558,50788500
2025-02-10,594.6693725585938,595.30845601079,592.5949016719809,593.863227291288,26048700
2025-02-11,595.1216430664062,595.6623736678141,592.2901133629294,592.408088766588,30056700
2025-02-12,593.2044067382812,594.3743794070193,588.4360645213627,589.1144530437037,45076100
2025-02-13,599.4671630859375,599.6736500230521,593.0471055616473,594.3055297285264,40921300
2025-02-14,599.4376831054688,600.7059485220444,598.8182823186273,599.6736338799176,26910400
2025-02-18,601.1975708007812,601.1975708007812,598.1399318067746,600.5978525430173,26749000
2025-02-19,602.6133422851562,602.908280775238,599.3000698962699,599.8113366176324,31011100
2025-02-20,600.1062622070312,601.3843689751305,596.8028311734677,601.2467110134413,36554000
2025-02-21,589.842041015625,600.0276510429451,589.3799206723878,599.8899930676969,76519800
2025-02-24,587.157958984375,592.8800056614799,586.4500466079941,591.8869960824046,50737200
2025-02-25,584.2379760742188,587.8265647106925,579.6367551973434,587.0990297013516,58266500
2025-02-26,584.5327758789062,589.4879818072211,581.8978924126887,585.899394022331,43321600
2025-02-27,575.20263671875,587.9543615454245,574.8094053796542,586.8040113591791,74196700
2025-02-28,584.178955078125,584.7098443771037,572.6365684069419,575.7040488167072,88744100
2025-03-03,573.9441528320312,587.2857532860544,570.1392964764723,586.1452445030724,74249200
2025-03-04,567.1505126953125,575.5369680083471,562.6181207422406,569.9525786591505,109648200
2025-03-05,573.24609375,575.035467216836,563.434093538414,566.9833166199888,71230500
2025-03-06,563.0702514648438,570.4046474415857,560.523819558892,565.793586428619,80094900
2025-03-07,566.2262573242188,567.6715458955733,556.1094773560538,561.2907933786839,81158800
2025-03-10,551.1444702148438,559.9536192631458,546.2384702857362,558.0364891964213,99326600
2025-03-11,546.5629272460938,554.5266268117218,542.728606721458,549.9843938775969,88102100
2025-03-12,549.4631958007812,553.6318192815521,544.3703918307585,552.7076387923001,69588200
2025-03-13,542.138671875,549.6992388466521,540.4279685563406,549.0896792735167,74079400
2025-03-14,553.3368530273438,554.3397037227768,542.2073825911375,546.7496145526088,62660300
2025-03-17,557.6039428710938,560.1208513978755,552.8846868765244,553.3172833424321,49008700
2025-03-18,551.5770874023438,555.5097605205915,549.6500559715837,555.2934322950165,66041400
2025-03-19,557.584228515625,561.3399385264869,552.1768030039566,553.3566169353411,66556000
2025-03-20,555.9718627929688,560.966374832501,553.1304918485869,553.848245552193,62958200
2025-03-21,556.1552734375,557.0526817242638,550.2878724028328,551.5205297947124,83763000
2025-03-24,566.1151123046875,567.1702741261835,562.2889394113844,562.8805908120635,58766800
2025-03-25,567.4760131835938,568.4127846067184,565.73055113845,567.3181993393742,38355700
2025-03-26,560.7013549804688,568.3339598573967,559.3207546377017,567.2097618801449,51848300
2025-03-27,559.2122192382812,562.9792269072261,557.1018956425098,559.3108077400744,42164200
2025-03-28,547.95068359375,558.4135249923543,547.3689030262066,557.6838014665011,71662700
2025-03-31,551.6289672851562,552.93066066187,539.2826520783074,542.201606334121,95328200
2025-04-01,553.1870727539062,555.1297722698289,545.998235889195,549.7159501655996,54609600
2025-04-02,556.6878051757812,559.5475341360295,547.1125011420022,547.3491617248258,76014500
2025-04-03,529.2538452148438,540.3674444952709,529.2538452148438,537.5471385326381,125986000
2025-04-04,498.2696838378906,518.5740121118964,498.05273494035157,516.404523136506,217965100
2025-04-07,497.38214111328125,515.9114234247066,475.1154034595348,482.402887644306,256611400
2025-04-08,489.591796875,517.6963548854247,482.3733480760591,514.6196468974629,165816600
2025-04-09,541.0084228515625,541.0084228515625,486.20939567811143,486.59399925019795,241867300
2025-04-10,517.3019409179688,526.0981670837639,502.25365007002944,524.7866027854379,162331200
2025-04-11,526.5321044921875,528.9875485351057,512.8545420601603,515.7537548286505,97866300
2025-04-14,531.6401977539062,536.7286411738348,526.453165817952,536.5017912856171,68034000
2025-04-15,530.1510620117188,535.6930840370895,529.3621734315309,532.1824786951643,56892900
2025-04-16,518.3668823242188,530.4272422697393,513.0713913810127,524.3033791384568,83484800
2025-04-17,519.1065063476562,523.800475242003,516.6411916080497,520.3194821276195,79868100
2025-04-21,506.7503356933594,514.4618467446136,501.40552056556845,513.9293002870572,69368100
2025-04-22,519.9349365234375,521.956482797522,511.9867633247528,512.9235950678715,75948100
2025-04-23,527.991455078125,537.8625838932508,526.4728430251603,532.9319549297188,90590700
2025-04-24,539.1051635742188,539.8348871004667,528.0211182344198,529.2734571828396,64150400
2025-04-25,543.0003662109375,543.4046513367819,536.1467793425768,539.0657336001437,61119600
2025-04-28,543.2074584960938,545.8700106135369,537.4583875113086,543.7400050325934,47613800
2025-04-29,546.6292724609375,547.7435994540236,540.9393072120234,541.294298062473,47775100
2025-04-30,546.84619140625,548.7987614609631,534.0068741379372,539.9729233205555,93101500
2025-05-01,550.7217407226562,556.2440822591161,550.1202183270924,552.5954041380958,63186100
2025-05-02,558.896728515625,560.4942476694231,554.5774922291787,556.8948640346016,60717300
2025-05-05,555.6918334960938,558.788283367358,553.9069479669498,554.7648727126054,38659200
2025-05-06,551.047119140625,555.533979770925,549.2326812616892,550.1891944565425,48264700
2025-05-07,553.3645629882812,555.9975022415719,548.3254139860352,552.3784371058738,55588000
2025-05-08,557.2202758789062,562.3974366423718,553.9069074354913,557.3977713110521,65130800
2025-05-09,556.5103149414062,559.6264462916283,554.9522191721212,558.6205786168767,37603400
2025-05-12,574.9015502929688,574.9114211824733,569.0340889310521,573.4026196086874,78993600
2025-05-13,578.6980590820312,580.9069711222367,574.7535560992819,575.3155948085854,67947200
2025-05-14,579.4376831054688,580.8083522191259,577.4160770724685,579.6546018902411,66283500
2025-05-15,582.2678833007812,582.770756919371,576.9822030720642,577.4358426248243,71268100
2025-05-16,585.9559936523438,586.2518193704545,581.1042713102905,583.0469103495059,76052100
2025-05-19,586.5970458984375,587.2774752678645,579.9406951842692,579.9406951842692,68168500
2025-05-20,584.6246948242188,585.8080578995526,581.419785763877,584.8614155899625,60614500
2025-05-21,574.7733154296875,584.3584902721909,573.7477661832594,580.2759146876367,95197700
2025-05-22,575.0001831054688,578.4811762683786,573.3434386116112,574.5760959985981,70860400
2025-05-23,571.0753784179688,573.7379304924723,567.6140667399493,567.9887994120531,76029000
2025-05-27,582.9483032226562,583.1060568711622,570.4047514802384,577.9387671986972,72588500
2025-05-28,579.5757446289062,584.545857588394,578.8460211072919,583.3526236048898,68445500
2025-05-29,581.8635864257812,584.9699071457442,577.9388245287198,584.8318350718904,69973300
2025-05-30,581.2128295898438,582.928679235147,575.1481304892388,580.7591899526665,90601200
2025-06-02,584.4867553710938,584.5656021144322,576.9428674958667,579.605419698203,61630500
2025-06-03,587.8197631835938,588.7960181097066,583.6385391723649,584.121791379625,63606200
2025-06-04,587.6620483398438,589.6540420807372,587.2281505008873,588.6777869901737,57314200
2025-06-05,584.8218994140625,590.6893600195378,582.8496477946317,589.3383724752952,92278700
2025-06-06,590.8274536132812,592.4940086999786,588.5790577947733,590.3540722792903,66588700
2025-06-09,591.3599853515625,592.9082102708385,590.1864930975049,591.3994087206146,53016400
2025-06-10,594.712890625,595.0974340255312,590.7782574774766,591.8925244948556,66247000
2025-06-11,593.0166625976562,596.6653405011278,590.9556931519085,595.8074157747775,73658200
2025-06-12,595.3734130859375,595.3734130859375,591.2021204830944,591.6853124635808,64129000
2025-06-13,588.7171630859375,593.499849631983,587.218232455665,590.1963519379123,89506000
2025-06-16,594.318359375,596.0638215052488,591.8924679557008,592.0700235861916,79984100
2025-06-17,589.2398681640625,593.401290785268,588.480531921813,591.8826784891205,82209400
2025-06-18,589.1510009765625,592.8785252065284,588.1944276516227,590.1371267775953,76605000
2025-06-20,587.767333984375,592.8905592906415,586.3628522539952,591.822378072595,94051400
2025-06-23,593.5730590820312,593.9587392448562,585.4035696790836,588.5190130228361,87426000
2025-06-24,600.13037109375,601.1885919192599,596.7972471416377,597.7072083922786,67735300
2025-06-25,600.4666748046875,601.940336500435,598.903972841808,601.247995602986,62114800
2025-06-26,605.1646118164062,605.5997923429508,601.7029677445283,602.3161684365299,78548400
2025-06-27,608.1712646484375,609.6350865938839,604.1360202356653,606.1635425121184,86258400
2025-06-30,611.0790405273438,612.4340220516922,608.2998373553096,610.6142201701539,92502500
2025-07-01,610.8812866210938,612.0483479268365,608.7746241554748,609.6053849111585,70030100
2025-07-02,613.6505737304688,613.6901136433279,609.8526292762224,610.4757300098587,66510400
2025-07-03,618.4869995117188,619.4167005776212,615.6088560521965,615.628656191773,51065800
2025-07-07,613.8780517578125,617.1913758193931,611.0988485499288,616.5286747873084,74814500
2025-07-08,613.5418090820312,615.2923708557059,612.7307881009865,614.5406899285775,59024600
2025-07-09,617.2210083007812,617.8737488887257,614.1055045789822,615.945166968477,66113300
2025-07-10,618.9617919921875,620.000273214104,616.1825885407072,617.3595500232223,57529000
2025-07-11,616.7858276367188,618.0122289852302,614.7187654701638,615.9154666088177,63670200
2025-07-14,617.9627075195312,618.3088477245484,614.985684437804,616.3307657158283,51898500
2025-07-15,615.322021484375,620.9793073894895,615.2428812967698,620.6430672331502,74317300
2025-07-16,617.3792114257812,617.8836320494379,611.276844692317,616.9044910111767,88987500
2025-07-17,621.1573486328125,621.5134493059918,617.3396644874989,617.557284919235,68885700
2025-07-18,620.7024536132812,622.5716954836944,619.5947323692288,622.4035753929759,65621600
2025-07-21,621.87939453125,624.6189973413707,621.4541141003111,621.87939453125,63375000
2025-07-22,621.9684448242188,622.828905853138,619.3277216791315,622.2058050575365,60046300
2025-07-23,627.2598266601562,627.2598266601562,622.8288811376781,624.6289433239532,70511000
2025-07-24,627.4674682617188,629.1785504969665,627.0421878119985,627.6454884244192,71307100
2025-07-25,630.1181030273438,630.5928838363332,627.8829206987424,628.1301809903662,56865400
2025-07-28,629.9598999023438,631.0478210681617,628.5752180855901,630.4939604147171,54917100
2025-07-29,628.2982788085938,631.6708825055948,627.3883778702398,631.3543820995848,60556300
2025-07-30,627.5070190429688,630.6917023127537,624.6189756546709,628.9509803708415,80418900
2025-07-31,625.1531982421875,632.8380075585872,623.857556644127,632.4523273568442,103385200
2025-08-01,614.9065551757812,619.475980234049,612.5031927364548,619.436379958757,140103600
2025-08-04,624.2530517578125,624.3024917393647,618.7243458354196,618.813325728958,73218000
2025-08-05,621.0880737304688,625.6772386500149,620.168272806011,624.8662177521945,68051400
2025-08-06,625.8455200195312,626.4982606508958,621.2464542892866,622.1563552914652,64357500
2025-08-07,625.3212280273438,629.9993730574174,622.2156245224251,629.2674923107387,74205800
2025-08-08,630.1972045898438,630.6620853000642,626.7949007710238,627.1114011688534,64051600
2025-08-11,628.9510498046875,631.947873553624,627.70484826023,630.4742118551501,58742300
2025-08-12,635.6469116210938,635.8051316570012,629.8115442075018,631.2951060550639,64730800
2025-08-13,637.8228149414062,639.1085564704525,635.6370120856271,637.8425547169825,60092800
2025-08-14,637.882080078125,638.5447207235369,635.300697252298,635.7457174616427,59327500
2025-08-15,636.388671875,639.0096552004113,635.4787708739423,638.9107148606824,68592500
2025-08-18,636.2501220703125,636.942462907598,635.1424008771667,635.814941575414,43804900
2025-08-19,632.79833984375,637.0512042052354,631.4828983695179,636.0720632428176,69750700
2025-08-20,631.1170043945312,632.6500060324975,626.013578858981,632.3929060531275,88890300
2025-08-21,628.5850830078125,630.9785456585483,626.864161086776,629.3071240874224,54805800
2025-08-22,638.2381591796875,639.4151205943501,630.2664897119097,630.7709103705197,84083200
2025-08-25,635.42919921875,638.2183023325629,635.3105191174199,636.9820009718095,51274300
2025-08-26,638.0897827148438,638.4359833484747,634.5391586749303,635.1622594491828,51581600
2025-08-27,639.543701171875,640.2755819843173,637.3578984386413,637.5062787617181,48341100
2025-08-28,641.8085327148438,642.3623933153343,638.267809046051,640.146950913372,61519500
2025-08-29,637.9810180664062,640.7404816664739,636.0919759234915,640.374480883152,74522200
2025-09-02,633.2533569335938,633.4709169972102,627.9619508913343,630.5136938017484,81983500
2025-09-03,636.6853637695312,637.1502445176759,633.4413400681225,635.6270824559713,70820900
2025-09-04,642.00634765625,642.0360478647699,636.4578416280056,637.3578424589464,65219200
2025-09-05,640.14697265625,645.0625384730564,636.2798483910566,644.3404973975818,85178900
2025-09-08,641.7195434570312,642.718484610511,640.1370415028089,641.5118230975241,63133100
2025-09-09,643.203125,643.7272854003053,640.1271612550325,641.8579832056892,66133900
2025-09-10,645.0625610351562,647.3768835600082,643.4998590892842,646.4570825189741,78034500
2025-09-11,650.4231567382812,651.1154976382888,646.4274520986086,647.0109525903231,69934400
2025-09-12,650.2055053710938,651.8868873722256,649.7011451004063,650.3934256012134,72780100
2025-09-15,653.6671752929688,653.795755474802,652.1144337731963,652.4111340519337,63772400
2025-09-16,652.7671508789062,654.5276730798186,651.9858301119879,654.2210123755038,61169000
2025-09-17,651.9561157226562,654.4682584259048,647.1295902463727,652.7770367516476,101952200
2025-09-18,655.0023803710938,657.603563340362,653.0341982051615,654.6364399867887,90459200
2025-09-19,658.2465209960938,659.0895125014193,654.9438659954435,656.8877828567474,97945600
2025-09-22,661.3606567382812,661.8069106980723,656.7289861632065,656.7587687117981,69452200
2025-09-23,657.7606201171875,661.8566899635472,656.540685502851,661.2417286303936,81708900
2025-09-24,655.6677856445312,659.1489540239103,654.2495430702726,659.0497999269948,68082200
2025-09-25,652.6429443359375,653.9917550046746,649.0328388399253,652.5338627083877,89622100
2025-09-26,656.3819580078125,656.9274266555326,652.4743298182361,654.0909412604747,69179200
2025-09-29,658.2266845703125,659.8135740530697,656.4216318338509,658.9010899003678,73499000
2025-09-30,660.7061157226562,661.1722852976668,656.173659297658,657.4828203674869,86288000
2025-10-01,662.95751953125,663.8699431635192,657.611793334362,657.7208749627936,72545400
2025-10-02,663.7210693359375,665.0600128657511,661.3011766397112,664.9410037342527,56896000
2025-10-03,663.7112426757812,667.1527012490268,662.6698219114437,664.4848020775174,70494400
2025-10-06,666.0914916992188,666.9841207809839,663.9591941673339,666.1014192164715,54623300
2025-10-07,663.6219482421875,667.4601442579947,662.1838505424819,667.0138297258598,72020100
2025-10-08,667.5791625976562,667.6783772359653,663.919480237528,664.7426772273783,60702200
2025-10-09,665.6452026367188,668.4023890582872,663.7112737749407,667.9957845708525,66501900
2025-10-10,647.6542358398438,668.4122493878771,647.4757221413303,666.6071968358344,159422600
2025-10-13,657.5919189453125,659.664772492732,654.3488290056752,655.2216030747315,79560500
2025-10-14,656.78857421875,660.3590300864076,647.8030207789583,651.7701536094826,88779600
2025-10-15,659.7044067382812,664.7228272522149,653.5156893256119,661.3408732132422,81702600
2025-10-16,655.2117309570312,663.2154294168515,651.710706867285,661.3409444600238,110563300
2025-10-17,658.9308471679688,660.2895852935891,652.7322022395391,654.0810128478913,96500900
2025-10-20,665.7840576171875,666.6866142382812,661.7872027532737,661.8367798071084,60493400
2025-10-21,665.7741088867188,667.4601523988813,664.4748753427003,665.9229005771253,56249000
2025-10-22,662.3128051757812,666.4783066993808,657.8497808005621,666.4783066993808,80564000
2025-10-23,666.2402954101562,667.1825015615415,662.3128121266341,662.6301900162397,65604500
2025-10-24,671.6851806640625,672.8951271271609,670.0983517375236,670.9016937183009,74356500
2025-10-27,679.6094970703125,679.9070199177999,676.5151383891614,677.1201116013259,63339800
2025-10-28,681.41455078125,683.2493254549719,679.2028936555786,681.4046232640447,61738100
2025-10-29,681.7418823242188,684.0328991417463,677.2590027977353,683.0609104229828,85657100
2025-10-30,674.2439575195312,680.303738053287,674.2439575195312,678.2805222142791,76335800
2025-10-31,676.4556274414062,679.4508319897004,673.6587916341136,679.4111219213156,87164100
2025-11-03,677.7251586914062,680.1649066224819,674.3530715971103,680.0359699637585,57315000
2025-11-04,669.6917114257812,674.3729598389511,669.0371611161902,670.5545580097922,78427000
2025-11-05,672.0125122070312,675.2655297930335,668.630497422053,669.433839434071,74402400
2025-11-06,664.8021850585938,671.8140994484131,663.2252231578799,670.9115428502156,85035300
2025-11-07,665.4567260742188,665.5658682287408,655.7769731606511,662.4218719882706,100592400
2025-11-10,675.8407592773438,676.57466917413,669.4834554774103,671.6752576501947,75842900
2025-11-11,677.3878784179688,677.9532020666294,673.1529450781785,674.3629519753922,58953400
2025-11-12,677.7647705078125,679.3318048264125,675.3547447293747,679.1631581075335,62312500
2025-11-13,666.5179443359375,675.2654792192372,665.010475070097,674.9084518036677,103457800
2025-11-14,666.408935546875,670.1082678298286,657.8201189320223,659.9127671356764,96846700
2025-11-17,660.2002563476562,668.1742314199619,656.7290154076413,664.1971714004484,90456100
2025-11-18,654.65625,659.6548153709225,650.4708935566339,656.6596108350068,114467500
2025-11-19,657.185302734375,661.856623370592,653.3371790986623,655.3505280387882,94703000
2025-11-20,647.1683349609375,670.0090710879778,646.5335791707308,667.3808213360044,165293500
2025-11-21,653.6148681640625,659.0894699034471,645.5020288545189,649.6675301260088,123956200
2025-11-24,663.2351684570312,664.5542570793402,656.1538823239337,657.2448196444445,80437900
2025-11-25,669.4734497070312,670.6536740212097,659.020017057554,663.135941149376,81077100
2025-11-26,674.09521484375,676.0986363282427,671.1595147067713,672.0620713400136,71879600
2025-11-28,677.7747192382812,678.0523870500939,674.9084513312986,675.2654787466182,49212000
2025-12-01,674.6803588867188,677.3779800628074,673.1629015749381,673.2323336611282,61201200
2025-12-02,675.9300537109375,678.2012155152329,673.7481184984898,676.316803165018,62953800
2025-12-03,678.2706298828125,679.2822075879724,674.105128319461,674.9779023816353,57238500
2025-12-04,678.7665405273438,679.7384687237238,675.7416137771377,679.6690366334618,61970300
2025-12-05,680.0557861328125,682.7336127271673,678.9549213715281,679.8375623637357,79241000
2025-12-08,678.0127563476562,680.9980334759979,675.9696853695019,680.9484564225444,55231500
2025-12-09,677.4275512695312,679.7582780276033,676.9812972721672,677.5366934232544,58310100
2025-12-10,681.92041015625,683.3088703732143,675.711837383319,676.9515664343469,85671300
2025-12-11,683.5072021484375,683.5865617528303,676.5647198382891,679.51034738166,86173700
2025-12-12,676.1580810546875,683.2195721462687,673.5893360954813,682.5153843270051,113160300
2025-12-15,675.1365356445312,680.1252340287925,673.6687159286942,680.1053789946951,90811000
2025-12-16,673.2918701171875,675.4837328267965,669.4338188610296,673.6488975485244,122030600
2025-12-17,665.8832397460938,674.8489377460819,665.6848710067972,674.3034691132465,110625200
2025-12-18,670.9114990234375,675.1464323222394,669.3544527925658,672.0322187932205,108650100
2025-12-19,676.9923095703125,677.4896664833268,672.8940327515619,673.0134542661981,103599500
2025-12-22,681.2098388671875,681.7370055876305,676.9922622536055,680.3245290528953,69556700
2025-12-23,684.3233032226562,684.562024812114,680.2548972126992,680.3046207584179,64840000
2025-12-24,686.7305297851562,687.1781631452748,684.164151137988,684.313382495532,39445600
2025-12-26,686.660888671875,688.0037280321676,685.6264081645946,686.989161229118,41613300
2025-12-29,684.2138671875,685.5567672531378,682.4433081832867,683.9055083361335,62559500
2025-12-30,683.3782958984375,684.9200900521846,682.9505762759469,683.8159723723246,47160700
2025-12-31,678.3152465820312,683.726492314561,678.1063955310838,683.5076844111845,74144800
2026-01-02,679.55859375,683.2390468658663,676.2263268834449,682.0852055985325,89377200
2026-01-05,684.0845947265625,685.7855773037328,682.7517121374489,682.910839643419,71927200
2026-01-06,688.1529541015625,688.6602678554459,684.1442890432024,684.2934596862484,69273800
2026-01-07,685.9347534179688,690.2916046822218,685.6761181181482,688.5309418430683,75588300
2026-01-08,685.8651123046875,686.9692300361542,683.8557710289468,685.1787573638412,64019200
2026-01-09,690.4010009765625,691.6344363504869,685.5368360184962,686.9791831428475,80125500
2026-01-12,691.4852294921875,692.410366767912,686.979207477028,687.0289310253164,63976000
2026-01-13,690.1026000976562,692.4103433578374,687.6953490317495,691.813478661017,78309700
2026-01-14,686.7105712890625,688.0633674208381,682.4134005947378,687.347202661372,94676700
2026-01-15,688.5806884765625,691.7737417111902,687.5959315038539,690.8983886882239,77862000
2026-01-16,688.0037231445312,690.5800586110835,686.4519720383781,689.9931507530615,79289200
2026-01-20,673.9981689453125,681.1501633341576,672.9934983300664,677.8874730475171,111623300
2026-01-21,681.77685546875,685.0991655259935,674.5452667925615,676.0572511802958,127844500
2026-01-22,685.3379516601562,687.476610793547,683.2888434897402,686.2033478813381,77112200
2026-01-23,685.5865478515625,687.3074439470811,683.5274830754288,684.5123006998919,63059600
2026-01-26,689.068115234375,690.4607389282814,686.2729717064406,686.8399658941375,60473800
2026-01-27,691.8134765625,692.8480177488461,689.9036431059924,690.5104039402848,55506100
2026-01-28,691.7438354492188,694.1510864943795,690.271678492269,693.3652237572153,61172200
2026-01-29,690.3711547851562,693.375209936545,681.2098793986574,692.7087686795362,97486200
2026-01-30,688.3121337890625,690.540343876794,683.4877957603626,688.1330925763239,101835100
2026-02-02,691.73388671875,693.2458711004026,685.7755608588325,685.9347490634862,79286500
2026-02-03,685.885009765625,693.2757257351432,680.4140840721383,692.529690413304,107904600
2026-02-04,682.5626831054688,687.7948875474046,678.1561081391175,686.7006659106327,105204600
2026-02-05,674.0379638671875,680.0758839506523,672.2176206040476,677.3404209861714,113610800
2026-02-06,686.96923828125,688.6503070282812,677.2508650473027,677.8576866055596,89127600
2026-02-09,690.2816162109375,692.1914496038428,684.7012866666231,685.7755337993461,73885200
2026-02-10,688.4613037109375,692.8579216647231,688.0037135108784,691.276360737094,65185700
2026-02-11,688.3021850585938,693.4547952732178,685.5368515439336,692.7087599208829,76353900
2026-02-12,677.668701171875,691.6742279947084,676.7734344520502,690.5701102294341,118829000
2026-02-13,678.1461181640625,682.6522007204912,673.9384983110481,678.0864377658819,96267500
2026-02-17,679.2402954101562,681.31927396984,672.2077222570326,676.5446598627462,81354700
2026-02-18,682.662109375,685.507036973797,679.2204384959671,680.4041503420104,73570300
2026-02-19,680.8616943359375,682.5527199680946,677.9471901363287,680.2251236342836,58649400
2026-02-20,685.7855834960938,686.4122580979458,678.126274472082,678.7131823752115,100034000
2026-02-23,678.7827758789062,686.3525334522094,676.7734345413753,684.1940214696967,90558100
2026-02-24,683.7164916992188,684.7112054782021,676.4053697086953,678.295350173768,73798700
2026-02-25,689.4859008789062,690.0130676270821,686.4519751919497,686.53156929616,56369500
2026-02-26,685.6561889648438,689.6350440416309,680.7323436648176,689.615191050754,71671000
2026-02-27,682.3637084960938,683.2291046432514,678.0367277603054,679.4790749097389,83308900
2026-03-02,682.7516479492188,684.9797970984218,674.4358553343317,675.1122534180175,87477200
2026-03-03,676.7337036132812,679.0016196644848,666.1200629162043,671.4915420947397,105003100
2026-03-04,681.50830078125,683.4579617719511,676.027417786932,678.026802327329,79182200
2026-03-05,677.7084350585938,681.9061587313661,672.0385544367263,678.4743840881955,106606500
2026-03-06,668.8256225585938,672.5358853430707,666.2194774432897,669.8501461298736,100687000
2026-03-09,674.6845092773438,676.3257505242918,658.888450195908,662.8673051642795,102667700
2026-03-10,673.6002807617188,679.7476047325034,671.1930903760745,674.1374043547928,81505300
2026-03-11,672.7548217773438,676.4849986405864,669.7806371390539,673.9982140650914,68441700
2026-03-12,662.5390625,668.0995392824933,662.3500644519811,667.6120785283837,108882200
2026-03-13,658.7890014648438,668.7859240392634,657.863924887251,665.7321452917186,97200200
2026-03-16,665.493408203125,668.5173163233716,663.5934708305671,664.8468199428278,82023100
2026-03-17,667.2440185546875,670.8747480492216,666.1598145596139,668.8355969918504,87128000
2026-03-18,657.9335327148438,666.1796881508768,657.6948111200146,664.8268919718373,82062600
2026-03-19,656.3121337890625,659.4753162945015,651.7066041735543,653.497076818377,111272500
2026-03-20,646.9034423828125,655.0025723674255,643.063298812559,654.8230422006715,163617500
2026-03-23,653.6959228515625,660.9173090129275,652.2596206790361,656.3790129905765,134802700
2026-03-24,651.5015869140625,655.3417305137531,648.2100787416998,649.6463809650626,96457500
2026-03-25,655.1322021484375,659.1917509309695,652.5588148295345,656.9774239230809,90653800
2026-03-26,643.432373046875,653.1672421520028,643.1630473705688,650.3844333840033,96494400
2026-03-27,632.4606323242188,641.0085567819559,631.4831091918358,640.8489947137006,103649400
2026-03-30,630.3460693359375,638.7245091624994,627.6630399662237,638.4651675144013,99275900
2026-03-31,648.6688842773438,649.865752001465,636.3405988140365,637.2981538716512,152534100
2026-04-01,653.5562744140625,656.8278752918841,651.3220400966815,652.219751792706,97841500
2026-04-02,654.144775390625,656.5086804928782,643.4522901873171,644.7589215344626,68358700
2026-04-06,657.23681640625,658.0247645183308,653.8356054757206,654.1746977251443,39105800
2026-04-07,657.5260009765625,657.9150134208243,649.386996170508,654.9626585699763,69980400
2026-04-08,674.27294921875,675.3402070755335,669.734652974974,674.6519776493207,93606100
2026-04-09,678.162841796875,679.4096297331154,672.0386657215836,673.1059235004034,57134400
2026-04-10,677.7140502929688,680.2774536083281,676.7066358948267,679.5692561407437,42253500
2026-04-13,684.3369750976562,684.536473353906,674.8414790590384,675.669302461078,54185800
2026-04-14,692.675537109375,692.7952238870419,685.8929616905456,685.9229138241225,63480500
2026-04-15,698.1414184570312,698.480571570673,692.4161778504387,693.4734516118131,58240400
2026-04-16,699.8569946289062,700.9741726960574,696.7350934539525,699.2585607342904,49972400
2026-04-17,708.3152465820312,710.5594650064761,703.9464965121796,704.3255249385737,70661900
2026-04-20,706.8988037109375,708.0857482546458,704.3254772575062,706.9587079747221,43546800
2026-04-21,702.2708129882812,709.4523240430285,700.8345107773317,708.4548936431559,58941400
2026-04-22,709.3825073242188,709.6218808832724,706.4001392457644,707.3278031045794,42518500
2026-04-23,706.6295776367188,710.5295037064266,700.4754491270062,707.6768673789517,56174000
2026-04-24,712.10546875,712.6340752101273,707.1881441382454,708.9236633096505,45182000
2026-04-27,713.332275390625,713.7911152864904,710.4696550399041,711.3374146094498,33135900
2026-04-28,709.8612060546875,711.0481506026886,707.4274735730012,709.9908768700561,43117400
2026-04-29,709.7515258789062,710.3699278433978,706.5497524472755,709.1729992133655,41859200
2026-04-30,716.8132934570312,717.9403946619685,708.6244289610544,712.7936806635566,67240900
2026-05-01,718.7982177734375,723.0073446973263,718.6186267345964,719.3966516418469,43049800
2026-05-04,716.1649780273438,720.2644021704073,713.152718877996,718.2196821209096,51950600
2026-05-05,721.9102172851562,723.1769124909786,719.6360467603954,719.9153564929043,36933200
2026-05-06,731.9443359375,732.7023927493656,725.9497697512824,726.288861980811,53288900
2026-05-07,729.7001342773438,734.238430329629,727.8748196364371,733.161188473549,51724600
2026-05-08,735.724609375,736.1834492768152,732.6824588199246,733.0415191543954,47227100
2026-05-11,737.4002685546875,738.8864300819614,734.5576163199453,734.5576163199453,44024000
2026-05-12,736.2831420898438,736.9414802248905,729.9494836014034,734.9964788307154,54185300
2026-05-13,740.4025268554688,741.9983910774667,733.5800764180441,736.5723674930287,44200200
2026-05-14,746.2474975585938,747.6040491923611,741.649357949993,741.7391534739264,45307600
2026-05-15,737.2706298828125,741.5496453663399,736.0637780312098,739.8838927249178,60410800
2026-05-18,736.751953125,739.5147938000424,731.5054597381557,737.9289136337939,47843900
2026-05-19,731.8446044921875,735.7545755811656,729.650306265128,732.8919551385734,54255900
2026-05-20,739.3452758789062,739.9636778498481,732.0042028263388,733.8195334397973,45768000
2026-05-21,740.8114624023438,742.9559620700644,735.1361419849363,736.7419902854853,43332200
2026-05-22,743.7239990234375,747.015507083493,742.566945697205,744.3224328967863,41762000
2026-05-26,748.6613159179688,750.1973368284331,746.4469887578754,748.0827892360243,41123600
2026-05-27,748.5316162109375,749.4492351039673,746.2973210478585,748.9505199197505,42106300
2026-05-28,752.6609497070312,753.2095851254732,747.3047533704411,748.3221518516883,41562600
2026-05-29,754.5361328125,756.1320579864754,752.7507543048832,753.9576670103595,55075700
2026-06-01,756.5908203125,758.3264003155792,752.7507376917755,753.4189990020213,43634900
2026-06-02,757.6182250976562,758.4461093852723,754.805464031348,755.0847737682097,31581900
2026-06-03,752.3018798828125,756.8501599793441,751.6336185743088,756.2018667594974,51402500
2026-06-04,755.1445922851562,756.3614281257201,749.5389775481502,750.1673635570705,49923000
2026-06-05,735.65478515625,750.8855669656407,733.6400171295905,750.3768677170906,93989400
2026-06-08,737.3204345703125,743.4247643242134,736.2931129658897,741.4498108327123,49319100
2026-06-09,735.1560668945312,744.9807928982774,720.7332622187009,741.7191759970133,87683500
2026-06-10,723.56591796875,736.4826536495077,723.4661992814284,731.5054857614351,60341300
2026-06-11,735.8642578125,738.0984921563339,722.5485255148498,726.8873842592473,86330500
2026-06-12,739.843994140625,742.5270843334097,733.1412911200548,738.8066884479139,57079500
2026-06-15,752.890380859375,754.7356026867302,749.8282623277308,749.9179969688896,60176400
2026-06-16,748.4019775390625,753.4988323298886,747.9531216783239,752.6111046530555,67093100
2026-06-17,739.0560302734375,750.217278570044,737.3204502885575,749.3594421826946,85945200
2026-06-18,746.739990234375,748.22998046875,743.8599853515625,747.760009765625,80875700
2026-06-22,744.3900146484375,750.1799926757812,743.1300048828125,747.7000122070312,46628100
2026-06-23,733.5800170898438,739.6300048828125,732.2999877929688,733.8099975585938,66846800
2026-06-24,733.239990234375,739.9500122070312,730.8400268554688,735.1699829101562,57439500
2026-06-25,734.2999877929688,739.3699951171875,729.5999755859375,738.9099731445312,53934400
2026-06-26,728.989990234375,736.530029296875,716.5800170898438,728.9500122070312,71034000
2026-06-29,741.0,741.5599975585938,732.0900268554688,736.530029296875,58035200
2026-06-30,746.77001953125,748.02001953125,740.8900146484375,741.2899780273438,55626000
2026-07-01,745.760009765625,749.4400024414062,742.3800048828125,745.0,47100900
2026-07-02,744.780029296875,751.3099975585938,740.030029296875,747.4000244140625,57447800
2026-07-06,751.280029296875,752.4099731445312,747.4099731445312,748.739990234375,50673300
2026-07-07,747.7100219726562,750.9600219726562,745.2100219726562,750.219970703125,43721500
2026-07-08,745.4000244140625,746.1500244140625,739.510009765625,743.1599731445312,43767400
2026-07-09,751.7100219726562,751.969970703125,745.5900268554688,747.3499755859375,41441700
2026-07-10,754.9500122070312,755.4199829101562,748.0999755859375,752.0499877929688,42191300
2026-07-13,749.1699829101562,753.9099731445312,748.0,752.469970703125,44013600
2026-07-14,751.8300170898438,753.3400268554688,748.6599731445312,750.9099731445312,35143100
2026-07-15,754.8099975585938,755.5800170898438,750.2000122070312,754.239990234375,43844800
2026-07-16,750.719970703125,754.5700073242188,747.8800048828125,752.760009765625,46409800
2026-07-17,743.2899780273438,747.2899780273438,740.7999877929688,742.0800170898438,62651000
2026-07-20,742.0900268554688,748.72998046875,741.510009765625,747.0599975585938,50422300
2026-07-21,748.280029296875,749.0399780273438,744.1799926757812,746.2899780273438,34324300
2026-07-22,747.4099731445312,750.02001953125,746.3699951171875,746.6199951171875,32836200
2026-07-23,738.1799926757812,742.5599975585938,735.2100219726562,739.3699951171875,55437300
2026-07-24,738.9299926757812,743.719970703125,737.2899780273438,738.510009765625,44782000
2026-07-27,739.0900268554688,745.530029296875,735.8699951171875,744.9099731445312,41461200
2026-07-28,740.8599853515625,742.7899780273438,735.97998046875,739.1900024414062,47322200
2026-07-29,729.4600219726562,742.6799926757812,729.0999755859375,739.969970703125,70697200
2026-07-30,741.6900024414062,742.4500122070312,734.5900268554688,736.0499877929688,66811300
2026-07-31,747.030029296875,748.9000244140625,737.6799926757812,744.6799926757812,62339900
