Date,Close,High,Low,Open,Volume
2010-02-11,0.20558196306228638,0.2066960036959717,0.19275898723699914,0.1933787485614184,6912000
2010-02-12,0.20642319321632385,0.2082054797160559,0.19882447055351762,0.1999879447556053,17203200
2010-02-16,0.21441923081874847,0.21491445907340465,0.2079583172572517,0.21127575024420997,19238400
2010-02-17,0.21805796027183533,0.21810737969899202,0.2140228477554852,0.21729086141355924,38361600
2010-02-18,0.2221919149160385,0.2235036756544766,0.21652281673365822,0.21783552648375243,77721600
2010-02-19,0.2221919149160385,0.225088255997526,0.21899900060983,0.2206814849613459,92966400
2010-02-22,0.22063207626342773,0.22481546175925338,0.21813212432071905,0.22481546175925338,50995200
2010-02-23,0.2120181918144226,0.2206073867290604,0.20909713324621856,0.21941919552595138,82252800
2010-02-24,0.21842963993549347,0.22092959180203298,0.2145922614125856,0.21575573563449105,70617600
2010-02-25,0.2183050960302353,0.21979080914057908,0.20721593768125138,0.2114487561598882,91238400
2010-02-26,0.2210284173488617,0.2219447517452745,0.21550855537590527,0.2176615509795895,57600000
2010-03-01,0.23050925135612488,0.23145028842359774,0.223825900918453,0.223825900918453,28454400
2010-03-02,0.23189516365528107,0.2368960301775119,0.23127635139497624,0.23253869271182814,48422400
2010-03-03,0.23318319022655487,0.23652437727608341,0.2309303779992875,0.23449495108093363,47961600
2010-03-04,0.23575730621814728,0.23607858212172042,0.2303610126851438,0.23399972220902668,29452800
2010-03-05,0.24617820978164673,0.24726753363112647,0.23949487241152978,0.2407819306502475,26880000
2010-03-08,0.24749097228050232,0.24927324495918637,0.2464016199330738,0.2464016199330738,25344000
2010-03-09,0.2518720030784607,0.255733149124574,0.24593104838315588,0.2461287544262073,46425600
2010-03-10,0.2580353617668152,0.2595704941786708,0.2520449742449295,0.25221891248092865,40089600
2010-03-11,0.26041173934936523,0.26078341192612897,0.25476829353878316,0.25647645764196153,53913600
2010-03-12,0.26100584864616394,0.2632833630099331,0.2580106549340226,0.2632833630099331,36134400
2010-03-15,0.259248286485672,0.26103058704580784,0.2537284380529856,0.2592730174463173,42393600
2010-03-16,0.2641502916812897,0.26489267369677044,0.2590752893563515,0.2617986126523223,46579200
2010-03-17,0.2659820318222046,0.26974431082282846,0.26377865327279854,0.2648927080283745,39820800
2010-03-18,0.268679678440094,0.2695218624647385,0.26513980864401926,0.26689737806300395,52185600
2010-03-19,0.2639268636703491,0.2716254147835652,0.2611056366712761,0.2639268636703491,40051200
2010-03-22,0.27105608582496643,0.27422521818036094,0.2598423941308207,0.26083287901214736,58790400
2010-03-23,0.2767252027988434,0.27731931249468167,0.2686797359832385,0.2729125267720557,55334400
2010-03-24,0.272788941860199,0.27536399308356485,0.2710561031239965,0.27476991174927945,89241600
2010-03-25,0.27108076214790344,0.2823685889705049,0.2708583251689142,0.27944753137823336,93926400
2010-03-26,0.272492378950119,0.27771471980014717,0.2682091914614516,0.2749429255950017,84288000
2010-03-29,0.2762298882007599,0.2790520784916324,0.27420047663859526,0.2766015607725179,38054400
2010-03-30,0.27912622690200806,0.28152731089716293,0.27345711569095543,0.2785074147687562,39897600
2010-03-31,0.2753639817237854,0.2797203702516361,0.273457176470764,0.2760075249555918,59558400
2010-04-01,0.27481937408447266,0.2837555242962609,0.2686550182625851,0.2784333810496129,116620800
2010-04-05,0.2827650010585785,0.2844237318442417,0.2747699033741801,0.27682404625326784,67584000
2010-04-06,0.2849189341068268,0.28749305029716743,0.2788287439262532,0.2806110444579733,58713600
2010-04-07,0.2833096385002136,0.28704721428818214,0.27835914095519876,0.2839531533225479,106252800
2010-04-08,0.28432485461235046,0.2859826221634099,0.2761557906263568,0.2804380428234347,69657600
2010-04-09,0.2894483506679535,0.29014129920226,0.28306158671895393,0.28526496532366463,58099200
2010-04-12,0.2906118631362915,0.2928399728880565,0.288532989032346,0.2904388597002183,48806400
2010-04-13,0.29499387741088867,0.2954634540542555,0.28704725023219396,0.2896717349418993,67238400
2010-04-14,0.30539005994796753,0.30563719956321017,0.2985831255934315,0.2992019378074802,61094400
2010-04-15,0.3094745874404907,0.31061334472757823,0.304795960151846,0.3050687655818339,45772800
2010-04-16,0.29845860600471497,0.30920175660972626,0.29271629296919155,0.3062065628669307,129484800
2010-04-19,0.2979890704154968,0.30071145912517383,0.287146087970532,0.2956621221220361,112742400
2010-04-20,0.302394837141037,0.30447464541675484,0.29694909754292825,0.3026172457762667,56102400
2010-04-21,0.30771705508232117,0.31034057677727034,0.3019985086680114,0.3085335734476545,83980800
2010-04-22,0.3122721314430237,0.313311086888561,0.29363175516408974,0.29873148956915124,122841600
2010-04-23,0.3164060413837433,0.3173955630984402,0.3088805205274814,0.31256866314294385,82368000
2010-04-26,0.314054399728775,0.3190048984226691,0.3125192669450465,0.31662851627290256,80524800
2010-04-27,0.2946716845035553,0.31432628597892304,0.29209759616020337,0.3110097871011054,133747200
2010-04-28,0.295364648103714,0.2994986004818487,0.28821076997201395,0.2992020271892202,125068800
2010-04-29,0.31044039130210876,0.311925155632155,0.2994491352459645,0.29947386620948685,84748800
2010-04-30,0.2921470105648041,0.31142996828068403,0.29137896252269224,0.3099699064597028,88512000
2010-05-03,0.30407828092575073,0.30848407404797995,0.2954881118197619,0.29556321120999773,52608000
2010-05-04,0.2771957814693451,0.29259283384530693,0.27058561612438214,0.29256716803089805,137241600
2010-05-05,0.2726407051086426,0.2775170395604263,0.2633823155660075,0.2685067528744536,138508800
2010-05-06,0.24593102931976318,0.2747194802224978,0.16832688084452574,0.2670209565118239,217804800
2010-05-07,0.22803401947021484,0.24835686355659944,0.21216643105848837,0.23942071472788107,248256000
2010-05-10,0.2620457410812378,0.2628128540225183,0.2554118387902631,0.2568224665428043,189273600
2010-05-11,0.2618727385997772,0.2722936502367299,0.2531590279101745,0.2546447267300963,147033600
2010-05-12,0.2759828269481659,0.2765522056936218,0.26447162554791936,0.26546211056986685,108556800
2010-05-13,0.26350682973861694,0.27907691345554425,0.2618481269541696,0.27333366356300903,105561600
2010-05-14,0.24729226529598236,0.2573919033638401,0.23887606076878604,0.25704589651040066,154176000
2010-05-17,0.25063440203666687,0.2534071594367857,0.23466795908797694,0.2496933506453987,136857600
2010-05-18,0.24105466902256012,0.2581845813637321,0.23664789876086276,0.2567482878854695,190617600
2010-05-19,0.23469263315200806,0.24258886280473435,0.2263258495606208,0.23689601142449312,237772800
2010-05-20,0.21095353364944458,0.22206835885463316,0.2065724281496754,0.2204837784134354,272985600
2010-05-21,0.21258755028247833,0.21914731807417473,0.19600229446470788,0.19810585700063313,234316800
2010-05-24,0.21434512734413147,0.22167199436043816,0.21186989204769027,0.21375103177936428,155020800
2010-05-25,0.2128346711397171,0.21350291702419044,0.19209074834211304,0.19842807854169245,172646400
2010-05-26,0.2062501758337021,0.2250141050762779,0.2046665586704123,0.2161273758126162,208320000
2010-05-27,0.22857870161533356,0.22914809450255608,0.21820625811748678,0.21998855884634091,173222400
2010-05-28,0.22538484632968903,0.23073170588541722,0.21907316762655185,0.23008817678323515,166694400
2010-06-01,0.21914730966091156,0.2345196711638073,0.21783554878816092,0.22300845604756886,202713600
2010-06-02,0.23456907272338867,0.23456907272338867,0.21803325239961371,0.2227860162128957,113433600
2010-06-03,0.24065831303596497,0.24199480476393997,0.2318457481123185,0.23630193867329302,114854400
2010-06-04,0.2168945074081421,0.23454439878275365,0.21372630942749815,0.22555881514334578,245952000
2010-06-07,0.20431961119174957,0.22140010777310198,0.20397265534977851,0.2189990090401602,168729600
2010-06-08,0.20318089425563812,0.20714184321952364,0.19508597871393976,0.20577969955365807,265920000
2010-06-09,0.198699951171875,0.21310750811968857,0.19642338521885108,0.20729010838182207,229440000
2010-06-10,0.21518632769584656,0.21560741972595496,0.2039479339636376,0.20563135307246577,155520000
2010-06-11,0.22080601751804352,0.22167196946158518,0.20850300131415644,0.20850300131415644,125337600
2010-06-14,0.2209296077489853,0.23172219490116652,0.22003798991371504,0.22736581995997884,227404800
2010-06-15,0.2370690107345581,0.23964309838391065,0.22392474723914474,0.22459299302751845,200102400
2010-06-16,0.24184650182724,0.245065096146869,0.23570784109725754,0.23687131523826166,158361600
2010-06-17,0.2442723661661148,0.24600523349044778,0.2379854033996951,0.24563356078658563,163046400
2010-06-18,0.2449406236410141,0.24986735519414968,0.24249010493602433,0.24553473342080262,139584000
2010-06-21,0.23850440979003906,0.25496611085334414,0.23447025959812592,0.2538767585730181,219916800
2010-06-22,0.23286093771457672,0.24650043110573128,0.23164802995912034,0.24125242481526826,179596800
2010-06-23,0.2297421395778656,0.23612795327299418,0.22451883669573658,0.2337268549155898,224716800
2010-06-24,0.21860264241695404,0.22897413665815453,0.21734030100786525,0.2269941299157066,239424000
2010-06-25,0.21845436096191406,0.22392479048448607,0.2138004498198599,0.2214495553681922,177561600
2010-06-28,0.21649807691574097,0.22189531809559165,0.21179568216653544,0.21862731890123313,164160000
2010-06-29,0.19233880937099457,0.2066959663118757,0.1866449949120011,0.20632430788540504,438220800
2010-06-30,0.18283328413963318,0.1948882108527712,0.18132285419517213,0.1894672013512518,183667200
2010-07-01,0.18105097115039825,0.18538264212038308,0.1704561075001725,0.1838474956056669,252326400
2010-07-02,0.18006053566932678,0.1836251085822538,0.17451595608722076,0.18152153209176028,147379200
2010-07-06,0.18100158870220184,0.1903825977253405,0.17644653082376502,0.18694254361302742,156556800
2010-07-07,0.1981058418750763,0.19865051794338381,0.1821156318346985,0.18256049170044286,160780800
2010-07-08,0.2014479786157608,0.20365137121137478,0.19446711970968297,0.20285860653569598,207360000
2010-07-09,0.20709240436553955,0.20793363958006583,0.19986344159691666,0.20092806285593276,142656000
2010-07-12,0.209444060921669,0.21256282515641892,0.20506200623634646,0.2063243476751665,98918400
2010-07-13,0.21659792959690094,0.21936975220404328,0.20971592281838883,0.21434511728139796,174144000
2010-07-14,0.22006265819072723,0.22375176370626645,0.21563213382663593,0.21845432433363968,109516800
2010-07-15,0.22083072364330292,0.22276129666569167,0.21201814462492027,0.2191472902568196,114201600
2010-07-16,0.20305730402469635,0.219172034072451,0.20209153580643235,0.21889922859478406,181363200
2010-07-19,0.20763707160949707,0.20892411576968759,0.19929406793403945,0.2042207848769577,124224000
2010-07-20,0.2141968309879303,0.21506278298945058,0.19575513835204675,0.1973387698879335,127948800
2010-07-21,0.20669598877429962,0.22229077181143703,0.20531009178769696,0.22229077181143703,172492800
2010-07-22,0.22063207626342773,0.22489056116773992,0.21476622039060306,0.21476622039060306,126451200
2010-07-23,0.22637532651424408,0.2266481319865272,0.21632512192365638,0.21753802978435613,138854400
2010-07-26,0.23135048151016235,0.23199495952189386,0.22419661977207148,0.22736576603191372,100761600
2010-07-27,0.23130109906196594,0.23580672374209616,0.2284047575794647,0.23476681928827994,119692800
2010-07-28,0.22657302021980286,0.23372688255148008,0.22352839252494217,0.2308314904806857,77568000
2010-07-29,0.22117674350738525,0.2312022308520611,0.21417210212770554,0.22971746659702993,152755200
2010-07-30,0.22268718481063843,0.22635061104899004,0.21167121195593472,0.2155580242341996,129830400
2010-08-02,0.23466792702674866,0.23640077976805982,0.22838001676766073,0.23093035095897585,90163200
2010-08-03,0.2322421371936798,0.23496547508792598,0.22857869694500454,0.23422214394242444,64012800
2010-08-04,0.2389501929283142,0.23961843883683587,0.23224213885482575,0.23528676681778998,80908800
2010-08-05,0.23753958940505981,0.23838082460968785,0.2325387222476457,0.23536091331331763,66470400
2010-08-06,0.2364254891872406,0.23744067664014146,0.2255834707602645,0.2289988218625891,152755200
2010-08-09,0.24055947363376617,0.24258888552473337,0.2365985113691459,0.2396678559189179,85632000
2010-08-10,0.23545974493026733,0.23875247556777218,0.2290244966258027,0.2351631858577258,158016000
2010-08-11,0.21607795357704163,0.22310824598209378,0.21266165331094314,0.22295901036036977,154905600
2010-08-12,0.20998775959014893,0.21295823699597632,0.20191851150635143,0.20313141926563621,145920000
2010-08-13,0.20580437779426575,0.2106322411251763,0.20580437779426575,0.20825585916161057,57945600
2010-08-16,0.20696783065795898,0.21112651283014736,0.20013620772231702,0.2027350264300385,95424000
2010-08-17,0.2148403376340866,0.22038491712411087,0.21035943026436343,0.2115970548090525,120076800
2010-08-18,0.21677091717720032,0.22112730584661594,0.2113004879133049,0.21375100611508968,71155200
2010-08-19,0.2087995409965515,0.21590398319777818,0.2032302453948383,0.21370155399058374,102412800
2010-08-20,0.208081915974617,0.2096664823031553,0.20300786178517138,0.2066960047167657,88588800
2010-08-23,0.20233957469463348,0.2139981249627851,0.20204205249066998,0.21273578378975816,108211200
2010-08-24,0.1907295435667038,0.19719045740195776,0.18837786435874404,0.1957294468780496,144806400
2010-08-25,0.19644810259342194,0.1987997679633973,0.18610037553071887,0.18701669598531026,144153600
2010-08-26,0.1900365948677063,0.199294048426446,0.18874955083349612,0.19897275838266687,132979200
2010-08-27,0.19632354378700256,0.19716574206113782,0.1816945290286266,0.19335306646548223,192460800
2010-08-30,0.18996243178844452,0.19847748785281927,0.18991299819966437,0.19330361830895593,105139200
2010-08-31,0.18902140855789185,0.19300708785293222,0.18444164791967912,0.18714026900746425,156441600
2010-09-01,0.2048642635345459,0.2067701338829846,0.1960269679137191,0.19629883850447027,129638400
2010-09-02,0.21189458668231964,0.21189458668231964,0.20456675725638293,0.20612662091233402,54297600
2010-09-03,0.22268718481063843,0.22268718481063843,0.21607798353539642,0.21833079584128207,135283200
2010-09-07,0.21726617217063904,0.2223402264489807,0.21679564647304442,0.21969198787916283,97382400
2010-09-08,0.2249399870634079,0.22855399370626334,0.21969198052120067,0.21969198052120067,113894400
2010-09-09,0.22778594493865967,0.2323162719663428,0.22684584259012805,0.23194461347810064,90355200
2010-09-10,0.23023740947246552,0.23147503406500297,0.22570708249850036,0.2294446589094375,63936000
2010-09-13,0.2403864562511444,0.24211932313960793,0.23602911897554063,0.2362524908149314,83712000
2010-09-14,0.24343112111091614,0.2471439667507274,0.23798537998852862,0.23937130543839993,84748800
2010-09-15,0.24756509065628052,0.248777984435575,0.23954432593552372,0.24150056510238532,67660800
2010-09-16,0.251055508852005,0.2514756519392333,0.24479231451883107,0.24741583628460628,93772800
2010-09-17,0.2537284791469574,0.2561789976294111,0.2498920351391799,0.2561789976294111,114816000
2010-09-20,0.2669468820095062,0.2683090114161513,0.2556837548252662,0.25657537267242103,105561600
2010-09-21,0.2661055624485016,0.27229365609922423,0.2632833720257019,0.26717018345247895,173875200
2010-09-22,0.264843225479126,0.27004179732349937,0.26041173823769814,0.2631350897119419,96576000
2010-09-23,0.26405051350593567,0.27204657506040425,0.2586295316485591,0.25942228225629754,137088000
2010-09-24,0.27900275588035583,0.28071089213780437,0.2721701541931406,0.27348194346188387,126528000
2010-09-27,0.27580884099006653,0.28174979541376655,0.2750417279803182,0.2802897339446418,97113600
2010-09-28,0.27650177478790283,0.2784085798378767,0.26259042656199877,0.2784085798378767,146227200
2010-09-29,0.27427470684051514,0.27806171736577734,0.2711797100876746,0.27432414044264697,63859200
2010-09-30,0.2705608904361725,0.28333441956893857,0.2651893135594125,0.2784333825829209,177484800
2010-10-01,0.26971951127052307,0.2780121425414526,0.2657338335138534,0.2768980881861937,117043200
2010-10-04,0.2603623569011688,0.2697690460564528,0.25615426896220794,0.26702099140226154,123840000
2010-10-05,0.27974507212638855,0.28108153538695235,0.2691501935515672,0.2695960023637319,109785600
2010-10-06,0.272615909576416,0.28033916440534895,0.26712076404875307,0.2785815948932019,88512000
2010-10-07,0.2752889096736908,0.27744288310733345,0.26867973674031626,0.27724517704310786,78950400
2010-10-08,0.2808344066143036,0.28283911574687837,0.2701653914097611,0.2757841067441715,68544000
2010-10-11,0.2814038097858429,0.28531438954042004,0.2788534895741294,0.2816262467962885,38131200
2010-10-12,0.2872459888458252,0.28875545602184655,0.27296199988300307,0.27954743429246565,97728000
2010-10-13,0.2942258417606354,0.2978151173861075,0.29006715910544767,0.2925424082909415,96844800
2010-10-14,0.2925928235054016,0.29628099523987733,0.2881119294097529,0.294572830535092,79756800
2010-10-15,0.31125694513320923,0.31125694513320923,0.2963056750716042,0.3030631489677407,119577600
2010-10-18,0.31125694513320923,0.31444984574174817,0.30791478055013066,0.31175218764657087,86976000
2010-10-19,0.2988797426223755,0.3060583222996128,0.2916764603114735,0.29892917621841336,127296000
2010-10-20,0.30509355664253235,0.31182632799204685,0.2999196859123426,0.30180082561551075,93465600
2010-10-21,0.30722182989120483,0.31462378189650475,0.29831038256808545,0.3112569430295155,109708800
2010-10-22,0.31321218609809875,0.31390513460328356,0.30598417313048115,0.30759347032530304,58713600
2010-10-25,0.31796497106552124,0.3233612785169529,0.31697544925965054,0.31697544925965054,77184000
2010-10-26,0.3198707699775696,0.3220988790999156,0.3093015576412741,0.3129649971417657,74841600
2010-10-27,0.3231635093688965,0.32398005598969876,0.31405435730769016,0.31578722425171163,112857600
2010-10-28,0.3250199258327484,0.3278174137010412,0.3173214021659131,0.3276444103045018,107788800
2010-10-29,0.32346004247665405,0.32870804792107594,0.3230398994905581,0.324945769605559,80755200
2010-11-01,0.3242034912109375,0.3333620786543602,0.31957429646391017,0.3267528769454044,85209600
2010-11-02,0.33403027057647705,0.33672889152645485,0.3304656977133457,0.3320008303413813,68121600
2010-11-03,0.3388572037220001,0.33895700576623133,0.32653041896057666,0.33571373678016936,115161600
2010-11-04,0.35086360573768616,0.35502228815439224,0.3482144184373225,0.3506649365202533,111859200
2010-11-05,0.3512837588787079,0.3533882985318284,0.348288564673237,0.351704865110282,113971200
2010-11-08,0.35217535495758057,0.35398235808857037,0.3469767825593677,0.3495014651128181,103449600
2010-11-09,0.3464815318584442,0.3584128740680178,0.3421745772366539,0.3571752779450057,121881600
2010-11-10,0.3517789840698242,0.3530166085664255,0.3401451494952785,0.34831327853764815,91968000
2010-11-11,0.3458627462387085,0.34707566815321755,0.33135731515908357,0.3354171304732233,121843200
2010-11-12,0.3282632827758789,0.34417934322076155,0.32073776112417857,0.34014519335887416,218265600
2010-11-15,0.3247481882572174,0.33526797096581107,0.32435181290031767,0.33388204532361515,119193600
2010-11-16,0.30863335728645325,0.32336125367037405,0.3048948461738019,0.3177919432209291,181632000
2010-11-17,0.3115534484386444,0.31618264194827045,0.3069499207347813,0.30917706678055434,111168000
2010-11-18,0.32603511214256287,0.3324960396866153,0.32133178238697735,0.3215789220015444,138739200
2010-11-19,0.32680219411849976,0.3292280091491468,0.32125761569195654,0.3249704602851726,93427200
2010-11-22,0.33541712164878845,0.33541712164878845,0.3215789452954857,0.3229163718416217,147456000
2010-11-23,0.3195742070674896,0.32643054653764964,0.313880392606159,0.32549045850933367,185856000
2010-11-24,0.33823832869529724,0.3408381105589259,0.3282632252888016,0.32865866567404317,129484800
2010-11-26,0.33611011505126953,0.3386842032797876,0.3303915683483414,0.3323468725656833,59673600
2010-11-29,0.33143147826194763,0.33417953302606335,0.3191284615023491,0.33046572423680004,176524800
2010-11-30,0.3188318610191345,0.3250693889917488,0.31524255721328953,0.3209107065084269,200716800
2010-12-01,0.3391053080558777,0.34417934825660423,0.3329409524718704,0.33346092594048704,206860800
2010-12-02,0.34940266609191895,0.3508883936648648,0.3397488363130816,0.3406147883485049,132134400
2010-12-03,0.35232365131378174,0.35346240859894923,0.34507090792092976,0.345194506061016,175449600
2010-12-06,0.35170480608940125,0.35375894862781393,0.3488578848148316,0.35239775447836447,99072000
2010-12-07,0.3520270586013794,0.36472548491794876,0.3514082464027792,0.3647007822885229,164428800
2010-12-08,0.35690346360206604,0.35779414654744474,0.3486108288920452,0.3555166033153716,93427200
2010-12-09,0.3572741746902466,0.36294328766834494,0.3539824069973136,0.3628691514360847,99878400
2010-12-10,0.36477500200271606,0.36544324794183347,0.3567799035070893,0.35972566441171094,88204800
2010-12-13,0.3604927361011505,0.3693547487599016,0.36017049706246695,0.3693547487599016,80755200
2010-12-14,0.36200225353240967,0.3669289845892543,0.3593540006738712,0.36333968029133334,76876800
2010-12-15,0.35831400752067566,0.36843834585982627,0.35521994663054496,0.36170557644475754,95577600
2010-12-16,0.36579012870788574,0.3676959990099571,0.3564576050414994,0.35868571436561486,86131200
2010-12-17,0.36690422892570496,0.37007242672640367,0.36494798994283484,0.36695366252247724,61209600
2010-12-20,0.3678937554359436,0.3718052986044106,0.3599233598116119,0.36883480682403363,126144000
2010-12-21,0.3739582896232605,0.3741322278882947,0.36930532771876423,0.3721512863477331,33600000
2010-12-22,0.37435460090637207,0.37588973331205866,0.3724487307669114,0.37400859413015775,43200000
2010-12-23,0.3715077042579651,0.37390881693952915,0.3690818889459037,0.3723993219096545,36864000
2010-12-27,0.37165695428848267,0.3737852616263407,0.36066569972612283,0.36851252460237527,64166400
2010-12-28,0.3700477182865143,0.37475104874069165,0.3675230354734373,0.37442880968369324,63475200
2010-12-29,0.3722510039806366,0.3743298490635149,0.37130995285424306,0.37331466172598404,45465600
2010-12-30,0.3694536089897156,0.37249823691815,0.3675971720750269,0.37239936972605664,28761600
2010-12-31,0.3660619854927063,0.36863703637275963,0.36064097633465303,0.36863703637275963,48729600
2011-01-03,0.3825979232788086,0.3901481765693765,0.3757406186108383,0.37579101538936743,133516800
2011-01-04,0.3820037841796875,0.38749895896953557,0.374701634309314,0.3874000917724855,131520000
2011-01-05,0.3914845287799835,0.3916575321745157,0.37772148126415483,0.3782167236652048,122880000
2011-01-06,0.3950244188308716,0.39593980428582554,0.3904446586855699,0.39287047405069114,104524800
2011-01-07,0.3941080868244171,0.397697390597077,0.3826719863059061,0.3970291447391326,152409600
2011-01-10,0.39853963255882263,0.40054437042363245,0.38851415852600424,0.39111294945262337,86054400
2011-01-11,0.4003713130950928,0.4042571618084821,0.39628676683212477,0.40339120989865573,109939200
2011-01-12,0.408490926027298,0.4087380656548336,0.4012372476470817,0.40591587501820114,134092800
2011-01-13,0.409777969121933,0.4122779208139191,0.40584172368124555,0.40995097253258206,131443200
2011-01-14,0.41866472363471985,0.4187882934557437,0.40690635544523107,0.40957931061779085,61286400
2011-01-18,0.42200589179992676,0.4232938847033882,0.4072779963492761,0.40797094480332025,138124800
2011-01-19,0.40787217020988464,0.4241599033836448,0.4036383879168621,0.4241599033836448,149952000
2011-01-20,0.3987125754356384,0.4040100151892219,0.38962812589216944,0.40299482766945216,189465600
2011-01-21,0.38960346579551697,0.4069558201458746,0.38933066032384844,0.4045300044299404,104832000
2011-01-24,0.4056934416294098,0.40603944844251866,0.38970228378557836,0.3917811292061094,86438400
2011-01-25,0.4071040749549866,0.40764872266068247,0.3973019460025958,0.400223003886577,95846400
2011-01-26,0.4134167432785034,0.41725315869887214,0.4059406269932694,0.40972857199248797,99379200
2011-01-27,0.4213871359825134,0.4249022754896134,0.4159908285652157,0.41826834344072594,111360000
2011-01-28,0.38960346579551697,0.42232816768036524,0.38400851735730274,0.42153638025221,254553600
2011-01-31,0.39537131786346436,0.3983418089255208,0.3824494919412138,0.3911375649813248,159974400
2011-02-01,0.41732725501060486,0.42007528098064206,0.40294536669100783,0.40448049918228474,203443200
2011-02-02,0.41544607281684875,0.41972928778527085,0.41282255159469766,0.4151247969915554,92121600
2011-02-03,0.4170553982257843,0.41930821018875286,0.4031687518572501,0.41314388390810847,131558400
2011-02-04,0.42458099126815796,0.4252739681763165,0.41433214551701963,0.4181200906685821,135936000
2011-02-07,0.43074437975883484,0.43737831205860134,0.4251256634359864,0.4272292401188009,103795200
2011-02-08,0.4399285912513733,0.4399285912513733,0.4287396300773413,0.43089264015708834,133977600
2011-02-09,0.4372546970844269,0.44086870354892943,0.4329724447509295,0.43700755744471725,130406400
2011-02-10,0.43938395380973816,0.4402746083865407,0.4270067730490972,0.4299772647034981,142080000
2011-02-11,0.4483942687511444,0.44866613937884403,0.4331949244526326,0.4353241669366546,94540800
2011-02-14,0.4512164294719696,0.45329530337026164,0.4471071804232581,0.4482953714174266,59635200
2011-02-15,0.45005297660827637,0.45104249838991767,0.443641481697599,0.4487155499597489,93235200
2011-02-16,0.4583703577518463,0.4619843647344744,0.45292368146569906,0.4535928622779621,141120000
2011-02-17,0.4579739272594452,0.46042444545562794,0.4507706167979286,0.45161186609973136,86745600
2011-02-18,0.45537513494491577,0.46007753071473984,0.4499531616304256,0.4582457963720719,128179200
2011-02-22,0.41527312994003296,0.44062157245277195,0.4133919904451353,0.4372052719680544,241843200
2011-02-23,0.4050251841545105,0.4196047788250858,0.39571736318808703,0.4151495233858594,194265600
2011-02-24,0.4107922613620758,0.4148767796459863,0.3960643920594619,0.40787216634264073,320524800
2011-02-25,0.4283927381038666,0.430175010598614,0.4172531809028136,0.41844137200888204,108345600
2011-02-28,0.43151146173477173,0.4375522187416012,0.4237387725154542,0.43329373406112853,104313600
2011-03-01,0.41076749563217163,0.4373041284767672,0.40720292277929615,0.4373041284767672,122899200
2011-03-02,0.41656023263931274,0.4250258711880589,0.4096297552444942,0.4099757621152674,114105600
2011-03-03,0.44141343235969543,0.44369097583331385,0.4286408375676784,0.42869027117044295,132825600
2011-03-04,0.4348783791065216,0.44161115056992445,0.42626443957941906,0.44161115056992445,109420800
2011-03-07,0.4175506830215454,0.4410664286914417,0.40586647899229317,0.44032404656413304,137568000
2011-03-08,0.42190706729888916,0.4279468894684518,0.40844152591148014,0.4151742966051846,128774400
2011-03-09,0.41339197754859924,0.41898599059284214,0.40700521397753636,0.41844131455013317,97056000
2011-03-10,0.3944796919822693,0.4022523795024449,0.38947978945266226,0.3987372408846646,174892800
2011-03-11,0.40106427669525146,0.4044311436266324,0.3873011989030139,0.38789530856464555,102547200
2011-03-14,0.3971536457538605,0.4034900403443259,0.38819183184125405,0.39452916127895915,78912000
2011-03-15,0.3809144198894501,0.3874494842636858,0.3581904911118338,0.3618044975468681,187852800
2011-03-16,0.35294249653816223,0.3772015587365073,0.34531810815120634,0.3714089045886112,216768000
2011-03-17,0.3621514141559601,0.37378524833834326,0.3618044725083922,0.3690818901394046,116486400
2011-03-18,0.36017051339149475,0.37497348144642356,0.35942813127012396,0.3748251806601389,118713600
2011-03-21,0.38027089834213257,0.38616241938216195,0.3743793489733969,0.37596391515781796,95251200
2011-03-22,0.37923094630241394,0.38319189398927117,0.37626045508472505,0.38205313675597796,64358400
2011-03-23,0.38497424125671387,0.38834110810717576,0.3669536423904952,0.37457803064571876,104544000
2011-03-24,0.4059159755706787,0.40834179155966344,0.3872518299012986,0.3939846017110176,130656000
2011-03-25,0.4088863730430603,0.41685773153182965,0.40720293956972414,0.4099757251807746,148300800
2011-03-28,0.40195584297180176,0.4144812945702027,0.4014606005640884,0.414431860981285,88838400
2011-03-29,0.41349083185195923,0.41358969903507825,0.39537136671423684,0.3995300490492083,67296000
2011-03-30,0.4195801019668579,0.42116466817974296,0.4141837949439515,0.4198281764519966,67545600
2011-03-31,0.42136234045028687,0.4224022588635594,0.4153719525979722,0.4178472014818455,56428800
2011-04-01,0.42200589179992676,0.43151141880470106,0.41834245199253817,0.4274021701660589,75552000
2011-04-04,0.41819414496421814,0.4266597817376221,0.4123520578542474,0.4256198633197779,62419200
2011-04-05,0.41344138979911804,0.4218081595606847,0.41190625726514335,0.4150753895141884,53932800
2011-04-06,0.41656023263931274,0.42745262184942434,0.4100251673864831,0.42334340073922216,66393600
2011-04-07,0.416461318731308,0.42443168499726436,0.4078968145258383,0.4168576939780381,71942400
2011-04-08,0.4102237820625305,0.4236893229188895,0.40403472450378985,0.4222045587385619,50457600
2011-04-11,0.40651002526283264,0.41779785487692933,0.4024502094478408,0.4149765986089874,56083200
2011-04-12,0.39849016070365906,0.40378760075329584,0.393341021439908,0.40076770383314453,66566400
2011-04-13,0.40799573063850403,0.41136163450954766,0.39853960762346935,0.40710411285607384,70848000
2011-04-14,0.4057675898075104,0.40764872924541906,0.39457862886161327,0.39947969341697537,67872000
2011-04-15,0.4031440317630768,0.4084414711023293,0.3959654531563216,0.4010147897050075,149683200
2011-04-18,0.39537131786346436,0.39556905220527094,0.37546864814307607,0.3914598039695841,125760000
2011-04-19,0.40250054001808167,0.40250054001808167,0.39200452791459545,0.3978466152542519,107328000
2011-04-20,0.42928433418273926,0.43091737094761184,0.4223034603710791,0.4237387910751314,131155200
2011-04-21,0.44017574191093445,0.44284872547916904,0.4362147936353173,0.44270042469300064,64972800
2011-04-25,0.44344276189804077,0.44408723993884297,0.438740366825297,0.4417602917740283,45350400
2011-04-26,0.45106711983680725,0.4554739045812942,0.4443343502568842,0.44705770181241306,44793600
2011-04-27,0.46042442321777344,0.4615631805521139,0.447354323023319,0.4529987044312997,62668800
2011-04-28,0.4597315192222595,0.45992922528239766,0.45225540294387845,0.45591884326355275,66028800
2011-04-29,0.45750343799591064,0.46087030526998246,0.4542364010985644,0.4561669744082886,52416000
2011-05-02,0.45502811670303345,0.4624044302324723,0.4509683298048724,0.45948337234097775,53875200
2011-05-03,0.44819551706314087,0.45487981654824056,0.43968047504567453,0.4535927585138419,52204800
2011-05-04,0.44557204842567444,0.4519588122820324,0.4349771683237009,0.44814613647017154,81945600
2011-05-05,0.43888863921165466,0.45443398679581704,0.43403700883427115,0.43903691164450737,95750400
2011-05-06,0.44270044565200806,0.4593845540085666,0.43918530608713174,0.45225540768335426,76838400
2011-05-09,0.44750261306762695,0.45294832547271313,0.44007689398917516,0.4447802242887556,41875200
2011-05-10,0.45898911356925964,0.46091968666030114,0.44948355739332857,0.45190937294981476,55353600
2011-05-11,0.44908711314201355,0.4619595059048631,0.43982872636147835,0.45760218307922684,64704000
2011-05-12,0.4570081830024719,0.4588893509892894,0.4372053099004931,0.4443838899978278,60288000
2011-05-13,0.4408192038536072,0.4560185443749454,0.4403733950586836,0.45393873600632995,74054400
2011-05-16,0.41789671778678894,0.4384923699194425,0.41497659434955175,0.4350266355256552,79718400
2011-05-17,0.42131298780441284,0.42156109064603786,0.4090850701325261,0.4116097530907885,89740800
2011-05-18,0.4315609037876129,0.43403708786154854,0.41804592856262457,0.41977876732772396,42566400
2011-05-19,0.4352746903896332,0.4381957483523238,0.4278480082394005,0.43656174853379465,52627200
2011-05-20,0.425670325756073,0.4354724273394991,0.4240857594187708,0.43378899380782515,43660800
2011-05-23,0.40720292925834656,0.41165914822989075,0.4011631072205848,0.4081934141800337,77433600
2011-05-24,0.3995301425457001,0.41032273040747785,0.3994303404919356,0.41032273040747785,67929600
2011-05-25,0.40398532152175903,0.4095793062972562,0.3973513899140899,0.3975985295535306,53913600
2011-05-26,0.4115602672100067,0.41492617078225486,0.4000243364011918,0.4000243364011918,47136000
2011-05-27,0.4176989197731018,0.4189365442715103,0.4126990165165758,0.41358969935521483,35059200
2011-05-31,0.4377993643283844,0.4377993643283844,0.42294696253994607,0.429729166909628,55315200
2011-06-01,0.40982741117477417,0.4377005076721445,0.4086392202131492,0.4349277221505343,92352000
2011-06-02,0.4122037887573242,0.41611436842945976,0.4054206498874445,0.4116591410404789,46790400
2011-06-03,0.3934893310070038,0.4068075350805776,0.3921034055992101,0.3977477874605281,81388800
2011-06-06,0.3839837610721588,0.396658449759334,0.3835389153775471,0.39165758301604864,53472000
2011-06-07,0.38175657391548157,0.39141040151224354,0.3810626622983259,0.38695421130553054,55852800
2011-06-08,0.37353813648223877,0.3811130910626988,0.3703195421195411,0.37913212124687423,93523200
2011-06-09,0.37517213821411133,0.38051898336712237,0.37022070515397654,0.373686410844647,44064000
2011-06-10,0.3579433858394623,0.37259711903088494,0.3573987097424704,0.37007243611415247,55699200
2011-06-13,0.35819050669670105,0.36368565281391324,0.3545765001044214,0.3594775365578048,58982400
2011-06-14,0.3715077042579651,0.3746274311916231,0.3661608595470029,0.3662606615736567,58521600
2011-06-15,0.3512096107006073,0.36789371721437714,0.34878379526240894,0.3614575201582601,89337600
2011-06-16,0.34630855917930603,0.3547247631392505,0.33769371432425827,0.3514082930550182,85171200
2011-06-17,0.3437345027923584,0.3574481479363186,0.34071457733783217,0.35611072121630477,89971200
2011-06-20,0.34828856587409973,0.35180373351116867,0.34036760437324787,0.34036760437324787,47212800
2011-06-21,0.3715077042579651,0.37220161587956174,0.348090828680791,0.35279415853581564,74284800
2011-06-22,0.36314091086387634,0.37299340708339723,0.3628937712602653,0.3665572107833487,62208000
2011-06-23,0.3731911778450012,0.37368642031403904,0.3479425654947706,0.35120963037445957,115852800
2011-06-24,0.35353654623031616,0.3687853216396681,0.3518037076648583,0.367646564349958,94041600
2011-06-27,0.3707159161567688,0.37556754714110135,0.35319055999462856,0.3552200002212206,74361600
2011-06-28,0.38735058903694153,0.3875482950670439,0.3720029466915387,0.3733898067588395,57676800
2011-06-29,0.3922021687030792,0.3940833077655748,0.3836870994219518,0.3907668384085267,68409600
2011-06-30,0.4071040749549866,0.4082922658797761,0.3956185126357499,0.39631148944718925,90432000
2011-07-01,0.4259668290615082,0.4275513951386052,0.40492630714660494,0.4084414744242769,76723200
2011-07-05,0.43210554122924805,0.43349240144538387,0.4246798220553973,0.42740221086924346,73286400
2011-07-06,0.436710000038147,0.4385417058148175,0.4267586639993188,0.4310171483429093,79833600
2011-07-07,0.4543846547603607,0.4581963676217344,0.4447308254352171,0.44631445695868,107097600
2011-07-08,0.4506223201751709,0.4507705926229584,0.4356206838816041,0.44284869658853404,146035200
2011-07-11,0.4264621138572693,0.44324508813672014,0.4217093500008389,0.43685832445171946,135417600
2011-07-12,0.416064977645874,0.4286408001039035,0.41547089627454475,0.4258680426549042,100646400
2011-07-13,0.4216105341911316,0.4342842610702782,0.4172037766268491,0.42532337998914627,114796800
2011-07-14,0.4071040749549866,0.430769054594792,0.4023018776634827,0.42532331408419444,123436800
2011-07-15,0.4232938885688782,0.4232938885688782,0.41240150138057563,0.4211152128302806,96403200
2011-07-18,0.4163129925727844,0.4217092990172033,0.40448048962750394,0.4169565074066668,84691200
2011-07-19,0.4456709325313568,0.44631444748472815,0.4287396563730819,0.42883852356745,144864000
2011-07-20,0.43943336606025696,0.45299873803251123,0.437651093702257,0.45275063520466113,107078400
2011-07-21,0.44834473729133606,0.4554739105082117,0.43369007229435397,0.44076978359476066,131212800
2011-07-22,0.46225622296333313,0.4640385238799906,0.4466614369693025,0.4479484953424488,91468800
2011-07-25,0.45953378081321716,0.46686066138846705,0.4485919586997327,0.45082006830081434,80102400
2011-07-26,0.46205848455429077,0.46765249826781796,0.4558199926874286,0.45799866879022116,103353600
2011-07-27,0.4270067512989044,0.45448347192240673,0.4237881853132466,0.45364222265505566,144057600
2011-07-28,0.42928433418273926,0.44527549386868215,0.4227492692662115,0.42779860670519515,123398400
2011-07-29,0.4251256287097931,0.43834403030209024,0.41274847641816126,0.41873886492566037,149740800
2011-08-01,0.41938239336013794,0.442799300412472,0.4039853436856317,0.440522720410867,197337600
2011-08-02,0.3875483572483063,0.4186400221638642,0.3859153204751441,0.41299564016154877,177004800
2011-08-03,0.3975985050201416,0.39957947471757893,0.36863704985769863,0.38853878679527676,175584000
2011-08-04,0.34348630905151367,0.38309303606335554,0.3433874702090565,0.3812118969133052,292108800
2011-08-05,0.33591142296791077,0.3592798308642486,0.3077911859183841,0.35487307370335125,317836800
2011-08-08,0.27689820528030396,0.3229411399760293,0.27625469031728267,0.30630643682270225,385459200
2011-08-09,0.31482139229774475,0.3158118485989633,0.26531370476205485,0.2878399212883496,425856000
2011-08-10,0.277690052986145,0.3074452296561411,0.2760569876867362,0.2937306482911836,323577600
2011-08-11,0.31333574652671814,0.32284130227680374,0.28496837155857846,0.2884835390778363,286348800
2011-08-12,0.32130709290504456,0.326999944527792,0.30927688328620045,0.32046488049769234,250291200
2011-08-15,0.3351690471172333,0.3352679143100443,0.3208613212523755,0.3253175120921349,151488000
2011-08-16,0.3265552222728729,0.33526800215487407,0.3137816626009594,0.32605997966038386,150643200
2011-08-17,0.32125765085220337,0.3363571903020192,0.3113062868735121,0.32853509674062903,212236800
2011-08-18,0.2746700644493103,0.2951668444449896,0.2658080528610665,0.2950679772705584,328723200
2011-08-19,0.259272962808609,0.28526488535365174,0.2584317137220602,0.26531371822070154,287328000
2011-08-22,0.26159992814064026,0.27808632635092334,0.2594716493955166,0.27749224513534476,216460800
2011-08-23,0.2939786911010742,0.2941763971464243,0.2641255881699377,0.2671949469035083,286137600
2011-08-24,0.3009101450443268,0.30259261535472587,0.28457201583286873,0.2924435440160738,197164800
2011-08-25,0.28645315766334534,0.3045241541015604,0.2832849598958746,0.30026566933178594,152582400
2011-08-26,0.30714765191078186,0.31066279109739703,0.2751159021632562,0.2838790474979421,222412800
2011-08-29,0.33328792452812195,0.33442668201207937,0.31685092710606805,0.31685092710606805,226464000
2011-08-30,0.34007006883621216,0.3460110231940758,0.32427755237484474,0.3297232926415379,228940800
2011-08-31,0.34205105900764465,0.35442821190982704,0.33313961203457404,0.34635801427891966,256454400
2011-09-01,0.3323971629142761,0.35224949324382776,0.3304656552670955,0.3442790992605937,197836800
2011-09-02,0.30912768840789795,0.31858378314092245,0.3038302481549887,0.3136827465129468,154137600
2011-09-06,0.3090782165527344,0.31046507665850986,0.2851660978954795,0.2872953400572226,170054400
2011-09-07,0.3324466645717621,0.3326938042297984,0.31987084239228475,0.3224953273165298,160089600
2011-09-08,0.32784220576286316,0.341802991602026,0.32492117561873624,0.32714925714043813,199046400
2011-09-09,0.3062569797039032,0.32531749710908936,0.3001173556418148,0.3218023578002775,207648000
2011-09-12,0.3177425265312195,0.3184354750042579,0.29551287776023244,0.2961573274889087,239712000
2011-09-13,0.33007028698921204,0.33249610270978885,0.31695075171714826,0.32140597952669614,280243200
2011-09-14,0.34432855248451233,0.3559623876680929,0.3255646366499258,0.3358125464897747,233625600
2011-09-15,0.35997283458709717,0.36165626831882564,0.34546740071256243,0.356259988559642,235372800
2011-09-16,0.3693794310092926,0.3709136286932475,0.36031971280642733,0.3627949334175314,246220800
2011-09-19,0.37031951546669006,0.37601333018462857,0.3469520733486027,0.3563093278499598,247449600
2011-09-20,0.3650725185871124,0.3846273160883609,0.3627455701493,0.3756664357003457,239155200
2011-09-21,0.3465062975883484,0.3763603360788567,0.3462097243488963,0.3707653596782202,234451200
2011-09-22,0.3127920925617218,0.3288821208716628,0.2975433136719887,0.320168379150238,335462400
2011-09-23,0.32254475355148315,0.3265057018937039,0.30417718387675124,0.3048207271462903,261504000
2011-09-26,0.33348560333251953,0.33526790397549133,0.3059594762808502,0.32754464840379294,246988800
2011-09-27,0.34368494153022766,0.3594280212702031,0.33714987887203324,0.35101181966289263,259027200
2011-09-28,0.3274952173233032,0.3552694474099751,0.32650569555684084,0.34853667672151084,269184000
2011-09-29,0.3177919387817383,0.3448732189641576,0.30081029570515266,0.3440310348503469,336556800
2011-09-30,0.29308706521987915,0.312197950296827,0.29209754351594,0.305217077225785,287462400
2011-10-03,0.2701159417629242,0.2986325492904513,0.2697195665472049,0.28476967173084855,410649600
2011-10-04,0.28655192255973816,0.28828478903730875,0.25372836630939,0.2616996937497066,689280000
2011-10-05,0.30833593010902405,0.3111581216107985,0.27798760514070464,0.2845720765273214,520569600
2011-10-06,0.3241788446903229,0.3241788446903229,0.3034348871415956,0.30793957798132704,456460800
2011-10-07,0.3174944221973419,0.327990434282401,0.31140516691086106,0.32323767067261516,288364800
2011-10-10,0.3500708341598511,0.3500708341598511,0.3322973765542651,0.3336842366175086,216960000
2011-10-11,0.35754695534706116,0.3600222044798138,0.3459616188635913,0.34764505229741555,200947200
2011-10-12,0.3632902503013611,0.37502295421063025,0.3621020591783818,0.368191315595052,258950400
2011-10-13,0.37304288148880005,0.3744287784409813,0.35987391425765997,0.36111151043422557,187161600
2011-10-14,0.3935891091823578,0.3935891091823578,0.38081555363364117,0.3872023455723529,191481600
2011-10-17,0.37536975741386414,0.39165748540215745,0.36913126765009835,0.3879940461839263,1094342400
2011-10-18,0.3889846205711365,0.39532101578501455,0.36323983157630557,0.37403335223780254,285792000
2011-10-19,0.3665572702884674,0.38650937724134504,0.3631409698144095,0.38398375965799453,242246400
2011-10-20,0.3619033396244049,0.3675477495086093,0.34581331393573284,0.36571601531380254,203174400
2011-10-21,0.374775767326355,0.3818060748375702,0.3649232971160022,0.3728451941017306,188428800
2011-10-24,0.39819270372390747,0.4012126010316826,0.37794399227421965,0.3791816170240563,197356800
2011-10-25,0.37561696767807007,0.3946774841279789,0.37225106416767617,0.3939351020633295,200755200
2011-10-26,0.3741321861743927,0.38348944055837764,0.3527941560825123,0.3812119260312521,383692800
2011-10-27,0.4042828381061554,0.4109167698533677,0.3885388189424705,0.4002230226989004,330528000
2011-10-28,0.4056192934513092,0.40720289638970136,0.3968561201742785,0.3968561201742785,127161600
2011-10-31,0.385518878698349,0.39962889642366844,0.38472706308276683,0.3947772658574692,157977600
2011-11-01,0.35566583275794983,0.36586433785787476,0.34937793592014843,0.357695273119648,392870400
2011-11-02,0.3644280433654785,0.36888423422048106,0.35442820751695747,0.36591374249003816,243648000
2011-11-03,0.38660821318626404,0.3883905136709863,0.36041855190164424,0.37333944429431265,285561600
2011-11-04,0.3806178867816925,0.385716657932445,0.36937949102702483,0.3809144600439308,158323200
2011-11-07,0.38908347487449646,0.38982585694606603,0.3688347673277415,0.3806672712560631,223084800
2011-11-08,0.4020547866821289,0.40438173522094056,0.3842318923248747,0.3973514276774683,205900800
2011-11-09,0.3604680299758911,0.3806673057614887,0.35754697184094014,0.3786863358230634,222144000
2011-11-10,0.3589823246002197,0.37180528601832563,0.34903192251784054,0.37101347029665727,177945600
2011-11-11,0.37913209199905396,0.38284496535324686,0.36749828617813346,0.369180756279602,171532800
2011-11-14,0.3726959228515625,0.382994229308306,0.3683889679122014,0.37690403893287494,113126400
2011-11-15,0.38467761874198914,0.38943038199713115,0.36833949221795004,0.369874652993046,220108800
2011-11-16,0.36571604013442993,0.3852214043918785,0.36388433414401494,0.37645919307767156,242092800
2011-11-17,0.3405652940273285,0.3633890524577251,0.3336842513715421,0.36309151605997414,445920000
2011-11-18,0.3323971629142761,0.34160518128649886,0.3306148908759856,0.340515857659192,236198400
2011-11-21,0.313088595867157,0.32016830759140186,0.303335929155612,0.31952479272211554,272352000
2011-11-22,0.3158118724822998,0.31927664259750665,0.30536529568317283,0.310365226439012,320659200
2011-11-23,0.2948199510574341,0.31021703021707975,0.2945728113858726,0.30932637555478104,310272000
2011-11-25,0.2881365716457367,0.3014538399308953,0.2881365716457367,0.29160230560335043,123552000
2011-11-28,0.31789082288742065,0.3193271167091793,0.3090288098369264,0.30922747906577774,262752000
2011-11-29,0.3121475279331207,0.32482221493183505,0.30972171270031246,0.3169002912225686,234432000
2011-11-30,0.346407413482666,0.3475956044058573,0.33482301232302614,0.33769370176349517,242457600
2011-12-01,0.3538340628147125,0.35660585648647825,0.3459121391632512,0.34680375677930486,183475200
2011-12-02,0.3504672944545746,0.36452788213075843,0.3501203527249227,0.3642797792755048,129081600
2011-12-05,0.36195284128189087,0.3696266645213995,0.3564576943215446,0.367299715761902,189158400
2011-12-06,0.35918092727661133,0.3663595344742041,0.35596236144199744,0.3636856163246343,140025600
2011-12-07,0.3597256541252136,0.36437861627348167,0.34546736155346164,0.356457654238309,154080000
2011-12-08,0.3414074778556824,0.36061626517846257,0.3392782358434435,0.3524966355247554,259795200
2011-12-09,0.35759639739990234,0.3607645951178984,0.34353581145109297,0.344427429207079,196243200
2011-12-12,0.3458627462387085,0.3469026647401966,0.33665475502014675,0.3465556947381201,214579200
2011-12-13,0.33417949080467224,0.35660588227631235,0.3298715728704604,0.35244722829198755,231590400
2011-12-14,0.31863319873809814,0.33120902016721787,0.31298975195235906,0.3301691299762619,409939200
2011-12-15,0.31615790724754333,0.3277432705280972,0.31457430438775136,0.32764440335254263,306950400
2011-12-16,0.3201189637184143,0.33368430848976105,0.3192273458772445,0.32135656010359526,280934400
2011-12-19,0.31125694513320923,0.32655515690978626,0.3088311293420143,0.32447534798612354,199296000
2011-12-20,0.3388819992542267,0.33992188972759246,0.32601053593917384,0.32601053593917384,267705600
2011-12-21,0.32477280497550964,0.33309014133724574,0.3128908958873152,0.33309014133724574,343718400
2011-12-22,0.33269378542900085,0.3331890278931957,0.325168264286491,0.3260598820257696,200947200
2011-12-23,0.3413086235523224,0.3413580571417889,0.3326443175897203,0.33457489047714306,110918400
2011-12-27,0.34393224120140076,0.3475462483697322,0.33863480029282367,0.34002072589440613,139776000
2011-12-28,0.3328914940357208,0.34432852890704957,0.3296244294409072,0.3430909327591083,200294400
2011-12-29,0.33937710523605347,0.34016988407477117,0.33101033521997597,0.33383252590246937,135436800
2011-12-30,0.3366053104400635,0.34180291976837496,0.3364066412250781,0.3373971261007019,115622400
2012-01-03,0.35576462745666504,0.36111147183102726,0.35338824588390344,0.35556689311031553,202732800
2012-01-04,0.36002227663993835,0.3617551440153979,0.34952626183616586,0.35408132058885944,119692800
2012-01-05,0.36888426542282104,0.37007245654976045,0.3539824285709668,0.3581905452803663,138796800
2012-01-06,0.3726959228515625,0.3754192747517206,0.3653196375158127,0.3698746952693871,207494400
2012-01-09,0.36957716941833496,0.3763603368134255,0.3658643240120715,0.37576622715730473,153945600
2012-01-10,0.37715205550193787,0.3844789055688444,0.37457793981787285,0.3815084430384809,157305600
2012-01-11,0.37977564334869385,0.3822014587139213,0.3730923068609754,0.3771521219490406,137241600
2012-01-12,0.3842812776565552,0.38566717461565353,0.3741322070857784,0.3827955503372127,154329600
2012-01-13,0.3798745274543762,0.38036976993977056,0.37027013203090176,0.3783403579063259,155155200
2012-01-17,0.3900739550590515,0.39522215945585276,0.38616244040116304,0.3905188290863081,129024000
2012-01-18,0.4055699110031128,0.4059653231174107,0.3906680754449773,0.39289522185577186,213830400
2012-01-19,0.413688600063324,0.4157190036967533,0.40948051183305934,0.41131221789439215,226790400
2012-01-20,0.41185683012008667,0.41220377177791684,0.40740157458591897,0.40814395664561504,80179200
2012-01-23,0.41180750727653503,0.42071895558872013,0.40497586810479014,0.4117580736719194,137664000
2012-01-24,0.40952998399734497,0.4130451239827733,0.40433234510783106,0.40655949184209494,95596800
2012-01-25,0.42517510056495667,0.42824443132267687,0.41304508682681257,0.4224517766729069,202521600
2012-01-26,0.4206693470478058,0.43294765782340955,0.41472839341981244,0.43062068162756933,187084800
2012-01-27,0.4248281419277191,0.426659847923799,0.4175506948832095,0.41824364343437964,168844800
2012-01-30,0.4255210757255554,0.4272539427958079,0.40913447620859966,0.4139861074033941,168672000
2012-01-31,0.4270067512989044,0.43413592524059064,0.4190848551640513,0.43161124259122374,198201600
2012-02-01,0.4375018775463104,0.44225464181753754,0.4302244303445822,0.4343336796479649,175737600
2012-02-02,0.4420074224472046,0.4459683702414188,0.43656171059186694,0.44180971641838335,145190400
2012-02-03,0.45958322286605835,0.4611668543720775,0.45185999518449954,0.45423637729093447,155040000
2012-02-06,0.45913735032081604,0.45918678391165224,0.45121638934653513,0.45438458676679216,130828800
2012-02-07,0.46111735701560974,0.46428651761296924,0.4517106970859084,0.4579491595942325,130176000
2012-02-08,0.4687911868095398,0.4687911868095398,0.45681041052281096,0.46181031379412113,154886400
2012-02-09,0.4791884124279022,0.48072263873864346,0.4659196409669392,0.47389100019598845,152544000
2012-02-10,0.46893954277038574,0.47290049122002853,0.46408791137465316,0.4690393448129122,194803200
2012-02-13,0.48156479001045227,0.4837425312910756,0.4733463195176601,0.4794355474819744,159206400
2012-02-14,0.48577287793159485,0.48577287793159485,0.4739898065094198,0.4788414661461855,173875200
2012-02-15,0.47492992877960205,0.5006746912772737,0.4733462972871348,0.4927527944253448,383865600
2012-02-16,0.49478328227996826,0.4967632895199331,0.472454787037321,0.4763663310850593,252268800
2012-02-17,0.49057504534721375,0.4964171042704351,0.48418822542093964,0.49522894171245085,161932800
2012-02-21,0.4947337508201599,0.5010206843863995,0.48537649519552234,0.4924562359910649,164371200
2012-02-22,0.48819857835769653,0.4960207000094729,0.4858221967233314,0.49171377387878273,125376000
2012-02-23,0.49745604395866394,0.4989911763637504,0.48270341871291267,0.48988202531890146,210144000
2012-02-24,0.5023085474967957,0.5052286699886215,0.4989417380487115,0.5016146642962254,134572800
2012-02-27,0.504734456539154,0.5095366252312582,0.4879010869955866,0.49369379717338013,184819200
2012-02-28,0.5198341012001038,0.5198341012001038,0.5042393161252675,0.5057734857629255,191980800
2012-02-29,0.5130022168159485,0.5262700752626799,0.5082494547015541,0.5214184459965604,266092800
2012-03-01,0.5254783034324646,0.5267159277062715,0.5144376456150351,0.5189926740492495,234643200
2012-03-02,0.5238936543464661,0.5291416589060574,0.519140892079677,0.5236959766940708,166252800
2012-03-05,0.5075557231903076,0.5250326079653166,0.5027040924751922,0.5233491463283133,244454400
2012-03-06,0.4930008053779602,0.49607016377243046,0.4848811756502324,0.49329735024886984,215558400
2012-03-07,0.5041898488998413,0.507456885348093,0.4976547561698909,0.4998324971816566,187238400
2012-03-08,0.5201810002326965,0.5247845283507987,0.5099321274869213,0.5127542898840411,124761600
2012-03-09,0.52646803855896,0.5296866335174515,0.5220127820007116,0.5232504067766812,154944000
2012-03-12,0.5273101329803467,0.5291912723596514,0.5196857451039224,0.5258244056764642,151507200
2012-03-13,0.5570149421691895,0.5571138093538508,0.5330524261352961,0.5365675653162494,191462400
2012-03-14,0.5632525682449341,0.5690946850299536,0.5527070922055858,0.5586480761925086,243052800
2012-03-15,0.5675594210624695,0.5710746170527402,0.5595890825693706,0.5679063910710831,196819200
2012-03-16,0.5663219094276428,0.570431102163674,0.5625595734198643,0.5703322916223358,138297600
2012-03-19,0.5786495804786682,0.5824613216222612,0.5651336700113493,0.56914405206416,191961600
2012-03-20,0.5818176865577698,0.5836493638619413,0.5650841480914433,0.5697874494014498,184396800
2012-03-21,0.5816201567649841,0.5914231947080663,0.5794909140114833,0.5823625390272742,156576000
2012-03-22,0.5781049132347107,0.5821647004196424,0.5709263052393828,0.5712732752585095,213216000
2012-03-23,0.5773129463195801,0.5807786797541252,0.5673616397895243,0.5803823045520968,157497600
2012-03-26,0.6074637770652771,0.6074637770652771,0.5874127717823803,0.5880563434483314,158553600
2012-03-27,0.6097897291183472,0.6174635230040789,0.6078591276309481,0.6081072304603925,179251200
2012-03-28,0.6026606559753418,0.617909435058278,0.5919175018749107,0.6109285605380775,190368000
2012-03-29,0.5964725017547607,0.6024628908843298,0.5830554578715371,0.5941455248140578,172300800
2012-03-30,0.5923137664794922,0.6046909183728364,0.5852340260780539,0.6039979415500094,126451200
2012-04-02,0.610383927822113,0.6131072236292509,0.5876599376328023,0.5906798917191015,125452800
2012-04-03,0.6104341149330139,0.618701054068221,0.5999875086344638,0.6130576362347373,167500800
2012-04-04,0.5855315923690796,0.5974629649203091,0.5750355788706586,0.5961255098875232,205152000
2012-04-05,0.5962252020835876,0.5977099660616629,0.5808281554381706,0.5823129194162459,154656000
2012-04-09,0.5825116634368896,0.5899374109940744,0.5708768931100986,0.5735498200198931,143904000
2012-04-10,0.5543906092643738,0.5885515821983689,0.549043734476498,0.5814224347003439,293433600
2012-04-11,0.5624111890792847,0.5735497524453208,0.5583019405032178,0.5697380685824889,168806400
2012-04-12,0.5812731385231018,0.5836001155030508,0.563648940883775,0.5657278150126807,178291200
2012-04-13,0.554984450340271,0.5759261020518901,0.5545386132558172,0.575431766232617,183321600
2012-04-16,0.5375087261199951,0.5645395850632019,0.5317160147425227,0.5642430401218409,200486400
2012-04-17,0.5691935420036316,0.574342738934014,0.5412216003630541,0.544192092598819,189254400
2012-04-18,0.5650346875190735,0.5748377786951289,0.559836143803937,0.5640946278233486,128294400
2012-04-19,0.5467661619186401,0.5792437259523943,0.5398851180182317,0.559093910424416,199200000
2012-04-20,0.5408744812011719,0.5621136427501575,0.5389933420282601,0.5546878965734663,171033600
2012-04-23,0.5272607207298279,0.5289926246501803,0.5121602726579833,0.5269632126335909,140140800
2012-04-24,0.5179529786109924,0.530082029662007,0.511467346792251,0.5239433678990699,129696000
2012-04-25,0.5590939521789551,0.5601338425797793,0.547657820668921,0.5501330703055783,152409600
2012-04-26,0.5690946578979492,0.5729558043857922,0.5569655508263204,0.5583020426970995,142483200
2012-04-27,0.5788472294807434,0.5848376174537715,0.5672134235143222,0.5760754356623713,104928000
2012-04-30,0.5668169856071472,0.5774118645317073,0.5655794178107999,0.5736989911704367,96172800
2012-05-01,0.5700355172157288,0.5886007885047069,0.5629557780695696,0.5636981600252193,104678400
2012-05-02,0.5737979412078857,0.5758768151785274,0.5576091039305667,0.5608266786823584,77184000
2012-05-03,0.5559751391410828,0.5769167418839799,0.5520141621611774,0.5757779843734433,100550400
2012-05-04,0.5151801109313965,0.5433506853297362,0.5148835093876285,0.5407756626816543,182169600
2012-05-07,0.5159224271774292,0.5234479467621868,0.504833270243964,0.5053779178612671,211046400
2012-05-08,0.510229766368866,0.5154777739048468,0.48542599447579615,0.5060216492570098,276480000
2012-05-09,0.5074073076248169,0.5138435316989157,0.4862176096957794,0.4928524746171021,269529600
2012-05-10,0.5022087693214417,0.5129025138823422,0.49666416271027075,0.5124576399669214,406137600
2012-05-11,0.5017146468162537,0.518150680793921,0.49597139756256714,0.49616907529761284,96172800
2012-05-14,0.48785167932510376,0.4997335878445398,0.48587167285428035,0.4896339514386669,164400000
2012-05-15,0.4835941791534424,0.5039911305433682,0.48082142209709156,0.4933972144455609,151276800
2012-05-16,0.47309818863868713,0.4927033831011056,0.4706229677171877,0.4887433695712108,148598400
2012-05-17,0.44398748874664307,0.475969835580375,0.4437897543624732,0.4738909616480076,260640000
2012-05-18,0.42616450786590576,0.45111654236693843,0.42507611911479914,0.4481460512773098,281923200
2012-05-21,0.4620089828968048,0.4630983349520838,0.427253910108043,0.4286407419035957,206409600
2012-05-22,0.46032556891441345,0.47161339719894046,0.45012709273098894,0.46547473635231057,193238400
2012-05-23,0.46289968490600586,0.466464257783722,0.43695812469649464,0.44893890147644,161952000
2012-05-24,0.4545823633670807,0.46646430242530074,0.44359207044817195,0.4653749502206597,154800000
2012-05-25,0.45200827717781067,0.45755285726057743,0.44804732863444824,0.455375144346395,62496000
2012-05-29,0.468840628862381,0.47567320122587425,0.45695871954470896,0.46488061565469735,141360000
2012-05-30,0.4574539065361023,0.46240440434017405,0.44883999729738633,0.4564634500336087,124617600
2012-05-31,0.45091891288757324,0.459236249690072,0.4411167835474831,0.45586938282321193,166080000
2012-06-01,0.41547083854675293,0.43527467187822666,0.4150753981428551,0.42755141682308984,224342400
2012-06-04,0.4243822693824768,0.42675865111032757,0.40784737098570123,0.41913519835734464,228345600
2012-06-05,0.43022438883781433,0.43250193188581526,0.4199270455260851,0.4205211268383185,196483200
2012-06-06,0.45963263511657715,0.46062215688567565,0.4386406092577087,0.4402251755375405,171724800
2012-06-07,0.4544834494590759,0.47389090705743064,0.4528988833409615,0.4733956646353894,171408000
2012-06-08,0.4678511321544647,0.46913816201158764,0.44735434881577074,0.4516118703254335,126384000
2012-06-11,0.4454731345176697,0.47884140275395515,0.44289904674312075,0.4775543163736233,181795200
2012-06-12,0.45953378081321716,0.4603255965516578,0.44111680566285355,0.44913663478298543,134995200
2012-06-13,0.4505224823951721,0.4662665288305134,0.44547314557231477,0.4559691576434052,96998400
2012-06-14,0.45557281374931335,0.4604244448693935,0.44289908821689766,0.4500282341127597,131414400
2012-06-15,0.47240519523620605,0.4739897614061266,0.4584444123191912,0.4587409855422698,168758400
2012-06-18,0.4845846891403198,0.4888422676956547,0.4642866015077873,0.46715726305548316,176668800
2012-06-19,0.5005264282226562,0.5065662790746766,0.49201042152477137,0.49270339841820837,162518400
2012-06-20,0.5023085474967957,0.5080508884900344,0.49022799961496427,0.5032981256776693,194428800
2012-06-21,0.4646819531917572,0.5023086514715978,0.46270194655913277,0.5003277383203559,155788800
2012-06-22,0.47913891077041626,0.4807225420339387,0.4652760323786803,0.4684451646002512,140044800
2012-06-25,0.4507211446762085,0.4673558453612008,0.4470577331759576,0.4668606029367325,134160000
2012-06-26,0.45943400263786316,0.46329611236061413,0.4493343641823554,0.45527534797644953,136684800
2012-06-27,0.4678511321544647,0.473890954321393,0.46329607422577224,0.4646819712734515,116985600
2012-06-28,0.4510177671909332,0.4582457804577454,0.4376510928065006,0.4570575894452746,209184000
2012-06-29,0.4950796365737915,0.4950796365737915,0.47379197730268396,0.47824723216070164,246595200
2012-07-02,0.4990406930446625,0.5000311780307407,0.4881492675596618,0.4965655004129956,125107200
2012-07-03,0.5109226703643799,0.5117144578004025,0.4976548058630951,0.49993232080787037,92947200
2012-07-05,0.5127049088478088,0.5202304300802909,0.5022088959706981,0.5105262612441752,118560000
2012-07-06,0.49250566959381104,0.5067639625396281,0.48290127376575837,0.5058733079007601,145248000
2012-07-09,0.4908222556114197,0.49696188013879966,0.48369305260783707,0.491911551144654,96124800
2012-07-10,0.47577211260795593,0.5025064252205528,0.4708216140504668,0.49894188042282944,172665600
2012-07-11,0.4692370295524597,0.4784450211024992,0.45685987711904097,0.4748804764427228,221088000
2012-07-12,0.45567166805267334,0.4609196743010075,0.4427004064712109,0.45775147671933614,215356800
2012-07-13,0.47547459602355957,0.4790391407576924,0.45824578372676394,0.45913740149834176,141120000
2012-07-16,0.4719099998474121,0.47894027885809853,0.4663654199708423,0.4729004848226291,108739200
2012-07-17,0.47913891077041626,0.48399054143574816,0.45903850481030295,0.48052480767346173,173606400
2012-07-18,0.4986443519592285,0.5030017043245653,0.4760686921865195,0.4761685225643489,187440000
2012-07-19,0.5148837566375732,0.5198342569113471,0.5064675775590193,0.5093382399533987,216249600
2012-07-20,0.4950796365737915,0.5152789071398375,0.49409011503636824,0.5152789071398375,164726400
2012-07-23,0.4767625331878662,0.4820095759625254,0.45507753259904976,0.4659689848960204,221788800
2012-07-24,0.46587011218070984,0.4813165934585485,0.456563254447615,0.4794354541416851,252192000
2012-07-25,0.45547398924827576,0.46517722346564305,0.44775073345324645,0.4551764528230284,196675200
2012-07-26,0.4732968807220459,0.4822082997012513,0.4656724916980281,0.47596986448793066,231024000
2012-07-27,0.5091403126716614,0.5102296648131597,0.4802273532899427,0.48438600763986617,271305600
2012-07-30,0.5060709714889526,0.5182494255082915,0.5015158855486003,0.5118142200131716,183235200
2012-07-31,0.5063676238059998,0.5148836312152829,0.5047839921514735,0.5091403814726614,132748800
2012-08-01,0.5014170408248901,0.5171610597918757,0.4960702239718725,0.5168635517089349,150921600
2012-08-02,0.4961690604686737,0.5112201600453911,0.48527763515903405,0.4896340239791544,165830400
2012-08-03,0.5243890881538391,0.5350828354883254,0.514982427339706,0.5204281681979521,195081600
2012-08-06,0.5361721515655518,0.5433012970899218,0.5295372853055373,0.5330030192120749,127612800
2012-08-07,0.5494399070739746,0.5562715438967959,0.541023732549219,0.5441919014345755,140601600
2012-08-08,0.5485484600067139,0.5526083044258713,0.5429050405691986,0.5453802901363549,85929600
2012-08-09,0.5532021522521973,0.5559749655846221,0.5458753301328162,0.5487469539771279,77500800
2012-08-10,0.5554798245429993,0.5554798245429993,0.5438954230592494,0.5486481868849882,93350400
2012-08-13,0.5588465929031372,0.5588465929031372,0.5460730665711758,0.5550834077507816,71904000
2012-08-14,0.5596384406089783,0.5685498580109248,0.5549845442875428,0.5651829914168817,110160000
2012-08-15,0.5635994076728821,0.5661734670859581,0.5578561594208862,0.5582525346553878,71654400
2012-08-16,0.5837986469268799,0.5879573575808543,0.5680546287903824,0.5704310105966199,139017600
2012-08-17,0.591818630695343,0.591818630695343,0.5838976395926755,0.5876599191476379,113606400
2012-08-20,0.5940960645675659,0.5944924398486819,0.5836000516562081,0.5907291976321289,91910400
2012-08-21,0.5872642993927002,0.6062753512078468,0.5802340221312066,0.5998391834799273,218227200
2012-08-22,0.5936008095741272,0.5979581613611114,0.578451863365066,0.5828082519760016,113750400
2012-08-23,0.5804319977760315,0.5919175347402471,0.5752828008289332,0.5869670353899874,109641600
2012-08-24,0.590729296207428,0.5948879512229848,0.5730062303481455,0.575481479943781,104236800
2012-08-27,0.5936008095741272,0.6005322776800167,0.5895410225287822,0.5984524406463474,75379200
2012-08-28,0.5935018658638,0.5982546291347036,0.5859763457357958,0.591719593801563,87657600
2012-08-29,0.5936998128890991,0.5980571656751588,0.5860763860303907,0.5941950554639356,73737600
2012-08-30,0.5755800604820251,0.5863726147335196,0.5727084369693485,0.5857785052679304,124272000
2012-08-31,0.5878585577011108,0.5942938205392054,0.5696392884895874,0.5881551026263154,168816000
2012-09-04,0.5853822231292725,0.5916207134535739,0.5678568976281485,0.5842938343587829,149625600
2012-09-05,0.5827093124389648,0.591719596626354,0.5785506020640157,0.584095209286169,100828800
2012-09-06,0.6212268471717834,0.6224150666796172,0.5936997807927763,0.5939972889291312,154656000
2012-09-07,0.6185529232025146,0.6225139001964412,0.6141965340639954,0.6180576806812531,109670400
2012-09-10,0.5957793593406677,0.6183550124110694,0.5943934625488897,0.6147904684121354,150604800
2012-09-11,0.5932053923606873,0.6026110896823592,0.5899373927129912,0.5954819439183169,140352000
2012-09-12,0.5983537435531616,0.6027110965788202,0.5870659402849424,0.5989478533718654,153888000
2012-09-13,0.6222161650657654,0.6300392497112774,0.5974628276800964,0.5999380764325544,233616000
2012-09-14,0.6381579637527466,0.6455846170838359,0.6283558351835389,0.6297417887522382,286377600
2012-09-17,0.6393462419509888,0.6402378596978229,0.6327122818341269,0.6402378596978229,152323200
2012-09-18,0.6405344009399414,0.6419212611472201,0.6344946071734437,0.6344946071734437,100742400
2012-09-19,0.644791841506958,0.6496444351882756,0.6354850123800476,0.6412272973393602,137520000
2012-09-20,0.6433072090148926,0.6444954284186621,0.6304348132549166,0.6353862751256788,144921600
2012-09-21,0.6433072090148926,0.6540009570191397,0.6416238037638532,0.6527139270755946,145056000
2012-09-24,0.6314252614974976,0.6352864077607246,0.6233056305105523,0.6271677399498564,139872000
2012-09-25,0.6060767769813538,0.6411284501120629,0.6044931457207641,0.6371684371133273,153148800
2012-09-26,0.5901349782943726,0.6038989883925379,0.581422202507962,0.6026109955979452,244800000
2012-09-27,0.6151869893074036,0.6190481357376307,0.59191744748327,0.5945913377036421,183244800
2012-09-28,0.600433349609375,0.6143941317606401,0.5980569679084878,0.608552016358223,157977600
2012-10-01,0.5978583097457886,0.6195433111932446,0.5913232738023547,0.6089484316913574,156499200
2012-10-02,0.60172039270401,0.6103343020556736,0.5883527566688022,0.6051861264826877,165043200
2012-10-03,0.6131071448326111,0.6165728790961906,0.5998393372977409,0.6071662179456376,159820800
2012-10-04,0.6202362179756165,0.6250878487707726,0.6108295579339564,0.6173645937364777,152342400
2012-10-05,0.6095424890518188,0.6317217678650698,0.6053837786649586,0.6293453862114674,116534400
2012-10-08,0.5934030413627625,0.6031063029539482,0.589046653000217,0.599541758573129,104841600
2012-10-09,0.5629064440727234,0.5886502682781781,0.5608266071911073,0.588056215329208,182188800
2012-10-10,0.556073784828186,0.5691439114988263,0.5534997256271884,0.5647875236672384,155808000
2012-10-11,0.5511234402656555,0.5698369876333581,0.5501329553474702,0.5695403860690805,142396800
2012-10-12,0.5510244369506836,0.559737211981556,0.5473600629235233,0.5517173569573657,109180800
2012-10-15,0.5620149970054626,0.5644902467062473,0.5467662169178142,0.5567669894511095,116332800
2012-10-16,0.586471676826477,0.5881550819675158,0.5644901292098843,0.5650842388729475,142742400
2012-10-17,0.5846894383430481,0.5906303653453588,0.5748873082240407,0.5772636903564488,133401600
2012-10-18,0.5646888017654419,0.5850858125751504,0.5584503100090651,0.5795412042301236,173520000
2012-10-19,0.5238936543464661,0.5636980808238715,0.5223091169705596,0.5628064633931624,285312000
2012-10-22,0.5321123600006104,0.5363698816589514,0.5200318087262324,0.5228045660944879,211132800
2012-10-23,0.5163684487342834,0.5307256113901709,0.5122097933949933,0.5196364492788373,282038400
2012-10-24,0.5112201571464539,0.5284489411187773,0.5093380544101428,0.5258738615147754,207052800
2012-10-25,0.5112201571464539,0.5245868316295278,0.5068628051749474,0.5224081839724831,233625600
2012-10-26,0.516567051410675,0.522210470315346,0.4996348116869876,0.5119130976762868,192192000
2012-10-31,0.5065661668777466,0.5166658028609461,0.5010205965785197,0.5143882317735973,148204800
2012-11-01,0.5280524492263794,0.5310229402878974,0.5118141538042587,0.5157741664356981,183724800
2012-11-02,0.508743941783905,0.5359734962504386,0.508743941783905,0.5351817088520412,183427200
2012-11-05,0.5212199687957764,0.5239927261499956,0.5079521613991883,0.5116155733562462,150355200
2012-11-06,0.5243890881538391,0.5345875930146534,0.5180517861966681,0.5234974703974982,182582400
2012-11-07,0.48676225543022156,0.5089424946128093,0.48032699455652006,0.5075556347611913,383731200
2012-11-08,0.4639889597892761,0.4941889730446212,0.4639889597892761,0.49012918646695836,310473600
2012-11-09,0.46903932094573975,0.4846835098631999,0.46379131451786776,0.46468196908992715,436598400
2012-11-12,0.46973222494125366,0.479336590809786,0.4654747038551596,0.4779506938999857,164419200
2012-11-13,0.45953378081321716,0.4729993509323615,0.4552753243268799,0.45874103022738755,345734400
2012-11-14,0.44309669733047485,0.4677512228138442,0.4412155582428965,0.46606872458046283,294950400
2012-11-15,0.439135879278183,0.4488400771001468,0.43398767452865716,0.4440873128098637,310396800
2012-11-16,0.4440872073173523,0.4481460588984092,0.4235904275142547,0.4396310173478876,372614400
2012-11-19,0.4760686159133911,0.47725683518036366,0.4586421271012622,0.4589396635060164,345580800
2012-11-20,0.47616851329803467,0.4785448955090528,0.4628997418905298,0.4759698723798402,218467200
2012-11-21,0.4795343577861786,0.4816141947970144,0.4722075059927281,0.4774554839513809,160761600
2012-11-23,0.501515805721283,0.501515805721283,0.4869609721935222,0.48824800175620464,129321600
2012-11-26,0.5079520344734192,0.5084472768358915,0.4930996361359356,0.4980501334089457,196944000
2012-11-27,0.5022087693214417,0.5129025138823422,0.5002287631163713,0.5069615320913082,359788800
2012-11-28,0.5156756043434143,0.5166660896751931,0.4860696566987678,0.49527858670513647,281001600
2012-11-29,0.5245867967605591,0.530131404537377,0.5171610495485578,0.5237950094101981,249177600
2012-11-30,0.5227056741714478,0.5261714082524876,0.5175565349732613,0.5247845480459208,228470400
2012-12-03,0.520131528377533,0.5357757729462078,0.5185469905394475,0.5345875537042324,336825600
2012-12-04,0.5167648196220398,0.5213199069572942,0.5079522664271094,0.5203294217800499,336748800
2012-12-05,0.500822901725769,0.5161705427829045,0.49250553806654634,0.5160716756117998,436617600
2012-12-06,0.5100318789482117,0.514487134422291,0.49210921365747085,0.4962678675876218,306249600
2012-12-07,0.5013182759284973,0.5197352234104381,0.4963677772384726,0.5184481934680901,240748800
2012-12-10,0.5057734251022339,0.5134966804783686,0.4972583823668102,0.4975558904472128,210441600
2012-12-11,0.5252798199653625,0.5340923714599853,0.5150813147050994,0.5171610952148339,344976000
2012-12-12,0.5217152237892151,0.5336960015774691,0.5178540773525759,0.5334982671857117,301238400
2012-12-13,0.5099321603775024,0.5300325687284153,0.5031005223965617,0.5192399540943076,338515200
2012-12-14,0.495476096868515,0.5042886474490472,0.4901292235464586,0.5002288605642513,274128000
2012-12-17,0.5147845149040222,0.5152788506880566,0.494485472875773,0.4962677445959298,193219200
2012-12-18,0.5386475324630737,0.5409250476777582,0.5185471207453558,0.5227057758216741,456326400
2012-12-19,0.5309240818023682,0.5435977768265147,0.53052770659387,0.5430037239304166,361286400
2012-12-20,0.5313194990158081,0.5350827405796112,0.5234973775437035,0.5342899901548851,291580800
2012-12-21,0.5147845149040222,0.5165668432815755,0.5000309855255969,0.5068626210748569,336624000
2012-12-24,0.5104274153709412,0.5130024383619385,0.5080510332874761,0.5121108205747633,52425600
2012-12-26,0.4983477294445038,0.5139919177563095,0.4932974009349201,0.5120119111325977,158563200
2012-12-27,0.49557504057884216,0.501219422844952,0.4771580359208877,0.49913958557236815,308150400
2012-12-28,0.4812178313732147,0.49607023287661745,0.4812178313732147,0.4853764856637946,164284800
2012-12-31,0.512606143951416,0.5150813936198811,0.476861539864757,0.4789403575168732,423052800
2013-01-02,0.5604304671287537,0.5612232746064139,0.5437957877713226,0.5495390385678256,354720000
2013-01-03,0.5523116588592529,0.5640947591789935,0.5468659176095955,0.5603315166772145,310732800
2013-01-04,0.5468658208847046,0.552706973236246,0.5428060341640782,0.552706973236246,152208000
2013-01-07,0.5474598407745361,0.5495387141252138,0.5372604321373494,0.5421129685448904,182822400
2013-01-08,0.5442907810211182,0.5509246836447348,0.5352804967209647,0.5467660298751473,175036800
2013-01-09,0.5498363971710205,0.5541927861064375,0.5448849920228354,0.5460731547535497,153993600
2013-01-10,0.5595396161079407,0.5624112404995054,0.5445883476787398,0.5607278354027851,235555200
2013-01-11,0.561618447303772,0.5627077993277511,0.5557772949521753,0.5589454640101076,106060800
2013-01-14,0.5543906092643738,0.5590445070513328,0.5473603289780731,0.5527071471085209,147369600
2013-01-15,0.546172022819519,0.5486482353143259,0.5390428764516192,0.5467661325145321,216844800
2013-01-16,0.5523116588592529,0.5584503203569758,0.5458754892484807,0.5493411669797904,152217600
2013-01-17,0.5608266592025757,0.5671640177830682,0.5568657392679981,0.559737363727505,230620800
2013-01-18,0.5576583743095398,0.5586478958705069,0.5494398779140259,0.5553808599833012,206044800
2013-01-22,0.5599358677864075,0.5606288444690033,0.5486480702639736,0.559143117419072,252566400
2013-01-23,0.5690451860427856,0.5747884352518885,0.5665699367387914,0.5689463188473207,225081600
2013-01-24,0.5463706851005554,0.5620148739506904,0.5438954359417337,0.5467660972018056,246124800
2013-01-25,0.5544893145561218,0.5594407190512092,0.5485483317139183,0.5520140655678692,170409600
2013-01-28,0.5584502220153809,0.5639948294867568,0.552905671201415,0.5551831857743276,249590400
2013-01-29,0.5584502220153809,0.5622125573359008,0.5451824163378253,0.5561727074424683,213888000
2013-01-30,0.5553810000419617,0.5663712927278488,0.5512222888817435,0.5621137710301254,159158400
2013-01-31,0.5518163442611694,0.5631042005970068,0.5498363376589082,0.5544893276783864,203433600
2013-02-01,0.5699358582496643,0.5736990437353976,0.5562716195692858,0.563005353308813,286070400
2013-02-04,0.5409247875213623,0.5656781217957106,0.5406272795199556,0.5603313064080213,274224000
2013-02-05,0.5646888017654419,0.5697381676103779,0.5442908844370283,0.5476577515652621,280089600
2013-02-06,0.5594406723976135,0.566866418743114,0.5543904011408316,0.5589454300060642,250972800
2013-02-07,0.5608266592025757,0.5627078553774831,0.5425085801465312,0.5611242239500568,218572800
2013-02-08,0.5778577327728271,0.5815211444126501,0.5685498830624229,0.5698369695039369,203913600
2013-02-11,0.5776590704917908,0.579837774768036,0.572807439299219,0.5791447979125007,111062400
2013-02-12,0.5709261298179626,0.579639867838122,0.5697379674999671,0.5766693770570344,129542400
2013-02-13,0.577560305595398,0.5837987408532244,0.5721145643079665,0.5760755412334387,186806400
2013-02-14,0.576371967792511,0.5794413262609635,0.5684509787445913,0.5696391979235403,137001600
2013-02-15,0.5714215636253357,0.5809270919841639,0.5669654010299671,0.5771648127889488,118598400
2013-02-19,0.5838976502418518,0.584491759996277,0.5745898552126237,0.5754814731036585,127296000
2013-02-20,0.557262122631073,0.5841941689376091,0.557262122631073,0.5837987001699886,163958400
2013-02-21,0.5391427278518677,0.5525094033071342,0.53320174398486,0.5512223166708563,265286400
2013-02-22,0.554984450340271,0.5553808255140972,0.5426073012588832,0.5484493591381818,132364800
2013-02-25,0.5342900156974792,0.5718178435581163,0.5333993612326091,0.5662723297087171,240604800
2013-02-26,0.540726363658905,0.5438955535252352,0.5263692015504653,0.5375581936262703,168460800
2013-02-27,0.5571631789207458,0.567262815295666,0.5388450454573337,0.5414191615105922,171072000
2013-02-28,0.5550836324691772,0.5696394368308385,0.5546881635893622,0.5571634135064623,163516800
2013-03-01,0.5608266592025757,0.5634007755720173,0.5400333309675608,0.548251829065545,123216000
2013-03-04,0.568054735660553,0.5683523004411937,0.5532023324129792,0.5552821697192505,150969600
2013-03-05,0.5930068492889404,0.5955819294324972,0.5784520090636687,0.5790460622056971,228086400
2013-03-06,0.5892443656921387,0.599541736520502,0.5867691167939415,0.5990464941056709,207619200
2013-03-07,0.5943936705589294,0.5964725448028081,0.5878586331689888,0.5909279925194708,110284800
2013-03-08,0.5950865745544434,0.6022157208303847,0.5888480828927626,0.5998393387384042,169718400
2013-03-11,0.6012251377105713,0.601422872067849,0.5881550100093346,0.5939971254196421,123878400
2013-03-12,0.5938982963562012,0.5997404121414439,0.585976400269302,0.595878302954272,178108800
2013-03-13,0.5920171737670898,0.5989476786452964,0.5859764169216111,0.596076054263561,160838400
2013-03-14,0.598056972026825,0.6017203834531836,0.5940959958869503,0.598353516906974,154339200
2013-03-15,0.5924127697944641,0.6004335350174932,0.5884527556350021,0.5990466745345432,159888000
2013-03-18,0.5883526802062988,0.5959770668988815,0.5728073053175616,0.5769660153392772,214742400
2013-03-19,0.5859764218330383,0.5975617866448776,0.5698369906863767,0.5939971854000828,287500800
2013-03-20,0.5971654057502747,0.6015227008428844,0.5897396584221364,0.5979581562890596,153484800
2013-03-21,0.5780553817749023,0.5859763709468307,0.5735003526595892,0.5822140923089226,214742400
2013-03-22,0.5939972400665283,0.5954820044123618,0.5828083061554934,0.5845905786132086,142761600
2013-03-25,0.5879573822021484,0.6036015706348796,0.5793425091236074,0.5998392917309032,228931200
2013-03-26,0.5969676375389099,0.597759424856776,0.5906302794957905,0.5948878006407671,123830400
2013-03-27,0.6001358032226562,0.6009286103693998,0.5827093434951647,0.5856798348763279,191798400
2013-03-28,0.6036015748977661,0.6059779568203001,0.5955817745794112,0.5997404287794921,266697600
2013-04-01,0.5919173955917358,0.6069684375625465,0.586966897405244,0.6054827102009784,249628800
2013-04-02,0.605285108089447,0.6113249024677049,0.5987500145380523,0.5997404995694843,337776000
2013-04-03,0.5892443656921387,0.6089483962170085,0.58468933661277,0.6065720144980677,177206400
2013-04-04,0.589540958404541,0.5937994425398007,0.5800353750136664,0.5886502472860181,189936000
2013-04-05,0.5750850439071655,0.577362558848225,0.5575596576541585,0.5617183122308479,338284800
2013-04-08,0.5838976502418518,0.5842940255843999,0.5704311435890718,0.575580340309597,223603200
2013-04-09,0.5953831076622009,0.6026111209894329,0.580431895182412,0.5887492040105248,332620800
2013-04-10,0.6302371025085449,0.6329100294528327,0.6009286741459,0.6016215943512678,182448000
2013-04-11,0.6291478872299194,0.6339995195287145,0.6238010123446339,0.6259796604602179,167558400
2013-04-12,0.6284549236297607,0.6296431432551532,0.6139988936383599,0.6250880558422844,218592000
2013-04-15,0.5902348756790161,0.6242960651485556,0.5891455236236667,0.6206326535634494,203846400
2013-04-16,0.61488938331604,0.6164739210939071,0.5976606015640377,0.6019181226180591,193718400
2013-04-17,0.5789470076560974,0.5987498472024122,0.5680545648829761,0.5983534719968697,315619200
2013-04-18,0.5538950562477112,0.5837984900006414,0.547162287888916,0.5837984900006414,253670400
2013-04-19,0.5768672227859497,0.5808281989842806,0.5551831854731147,0.5583514111891603,183014400
2013-04-22,0.5945913791656494,0.6010275490693407,0.576966218140367,0.5832047102962636,161088000
2013-04-23,0.612116813659668,0.6181576290926133,0.5958785102723178,0.6054829082252964,272966400
2013-04-24,0.6106317639350891,0.6176620981414558,0.6033049415238473,0.607363764764978,224179200
2013-04-25,0.6205339431762695,0.6277619576467953,0.6154836135332881,0.6165729658638945,192508800
2013-04-26,0.6152858138084412,0.620433989805706,0.6072650502225854,0.6166717108322578,91881600
2013-04-29,0.631622850894928,0.6389506361496542,0.6205336939504754,0.6205336939504754,137097600
2013-04-30,0.6454858779907227,0.6460799310025742,0.6272666092288649,0.6344946224795988,123897600
2013-05-01,0.6372673511505127,0.6491492607148978,0.6329099994166446,0.6454858489869643,128688000
2013-05-02,0.6603383421897888,0.6647935418988006,0.6382569618887525,0.6397426894616779,97516800
2013-05-03,0.6834082007408142,0.6900430673444422,0.6787552105198762,0.6798435994653157,133996800
2013-05-06,0.6922207474708557,0.6951912390724888,0.6858843521695562,0.6873691163823468,97008000
2013-05-07,0.6905372738838196,0.6969734422543685,0.6834081287413187,0.6954886781888163,104275200
2013-05-08,0.7013309001922607,0.7024192891884171,0.6865773652515991,0.6888548801327803,85305600
2013-05-09,0.6988546848297119,0.7119248145178061,0.6938053757754394,0.6961817578407823,110918400
2013-05-10,0.7107366323471069,0.7114305157211412,0.6987558551548726,0.7019249877201219,127027200
2013-05-13,0.7135094404220581,0.7182622047609001,0.704994340104378,0.7072719117332209,133286400
2013-05-14,0.7240054607391357,0.7306393647993624,0.7132128453513205,0.7134105797491254,133920000
2013-05-15,0.7293522357940674,0.7306392655850705,0.7147963798508288,0.7207373628506969,131366400
2013-05-16,0.7266782522201538,0.7413329746032453,0.7249948472542865,0.7308369627714337,155404800
2013-05-17,0.7471751570701599,0.7479670011632921,0.730441614888549,0.7370755188078858,150000000
2013-05-20,0.7438082098960876,0.7510361655292919,0.7348967360130576,0.7413329610134602,151363200
2013-05-21,0.7465810179710388,0.7543042732023807,0.7349956535360169,0.7433130183984034,160915200
2013-05-22,0.7283616662025452,0.7665815060244353,0.7151926719431986,0.7489573132786949,316982400
2013-05-23,0.7204408049583435,0.7283617950462323,0.7030133803018291,0.7074695427524035,145737600
2013-05-24,0.7200445532798767,0.7205397958408998,0.7010334939164242,0.7069744216387901,67747200
2013-05-28,0.7348968982696533,0.753511580778418,0.7277677515836428,0.7451942713067832,161817600
2013-05-29,0.7238066792488098,0.7317286321899253,0.7114304903908023,0.7257876490721078,159638400
2013-05-30,0.7355899810791016,0.745194378576789,0.7240055763883203,0.7240055763883203,86121600
2013-05-31,0.7145986557006836,0.7435116704537266,0.7131129849988707,0.726480621870366,123331200
2013-06-03,0.7187573313713074,0.7191537066181064,0.6911314044361702,0.7161832152209614,222633600
2013-06-04,0.7079648375511169,0.7317287160897329,0.698854720936323,0.7228172403912192,138556800
2013-06-05,0.6808339953422546,0.7085587879130797,0.678457613688565,0.7005380253260873,190560000
2013-06-06,0.689151406288147,0.6897454592488808,0.6634075249154944,0.6827151809866316,190944000
2013-06-07,0.7179656028747559,0.7201433441285734,0.6931124289752364,0.6991522799230395,233088000
2013-06-10,0.7182621359825134,0.7285594511194476,0.7144009898328277,0.7225196574049574,135331200
2013-06-11,0.6974687576293945,0.716578680520849,0.690240744551724,0.6969735151637517,222105600
2013-06-12,0.6733085513114929,0.7103411403325878,0.6700414581808772,0.7102422731448635,223488000
2013-06-13,0.6974687576293945,0.7027167640205509,0.6648923303378274,0.6703380711077841,151699200
2013-06-14,0.6851904392242432,0.7008355904476185,0.6816258381247174,0.6984592086004053,124339200
2013-06-17,0.7042015194892883,0.716380993895958,0.6938053372016413,0.7010333501894788,158851200
2013-06-18,0.7208362817764282,0.7258865539508942,0.70707317536633,0.7073706834627222,101404800
2013-06-19,0.6981616616249084,0.7245005580217869,0.6952900374961454,0.7219254787728665,175708800
2013-06-20,0.6466739177703857,0.6807351036249802,0.6412272713865198,0.6736059589209196,241257600
2013-06-21,0.6375640630722046,0.6528128434545529,0.6215234951226297,0.6471684604270183,236985600
2013-06-24,0.6178598403930664,0.633207483383686,0.6026110645860067,0.6221174182588511,221136000
2013-06-25,0.631028950214386,0.6394451269718299,0.6211279523974494,0.6360792228430727,132422400
2013-06-26,0.6482576131820679,0.6521197222830919,0.6414259758381826,0.647961011633732,119865600
2013-06-27,0.6554856300354004,0.6689521336211199,0.6554856300354004,0.6583572542901373,113683200
2013-06-28,0.6572678089141846,0.6712295529532605,0.6461786518979847,0.6503373619839025,156076800
2013-07-01,0.6713284850120544,0.6876666121119817,0.669645023414437,0.6732096243101425,103891200
2013-07-02,0.6716260313987732,0.6845963295251664,0.661822995938588,0.6709321480694997,124377600
2013-07-03,0.6807351112365723,0.689844262400105,0.6635063305114318,0.6651897920263473,53769600
2013-07-05,0.695785403251648,0.6965781538619451,0.6758836348750017,0.6919242567864434,114441600
2013-07-08,0.6980628967285156,0.7075684249804831,0.690637148958829,0.7067766375706576,88281600
2013-07-09,0.7108363509178162,0.7152916064811988,0.6983603322198774,0.7076672185983934,84316800
2013-07-10,0.7228171229362488,0.7261830264264912,0.7082613240577357,0.7082613240577357,100867200
2013-07-11,0.7678698897361755,0.7678698897361755,0.7447989821493692,0.7458883346547021,153024000
2013-07-12,0.7758895754814148,0.7775729808161858,0.7617300924161902,0.768067451742909,83510400
2013-07-15,0.7819292545318604,0.7828208722566976,0.7720283147699591,0.7783646533271747,91622400
2013-07-16,0.7788599729537964,0.7851973319723785,0.7725226705926339,0.7833161923248472,85219200
2013-07-17,0.7844043374061584,0.7894546082517,0.7777704355162276,0.7854936892751604,79104000
2013-07-18,0.7786621451377869,0.7897513031484661,0.7748000362136648,0.7840090181153307,101136000
2013-07-19,0.7549972534179688,0.7587595325594959,0.7472739975722775,0.7584629876371004,108595200
2013-07-22,0.7604429721832275,0.7658886563498696,0.7538090686946952,0.7630170885503573,85852800
2013-07-23,0.7435116171836853,0.7648990527734331,0.742323454646293,0.7648990527734331,86428800
2013-07-24,0.7505409717559814,0.7664826667446208,0.7459868492724657,0.7655920122852917,105744000
2013-07-25,0.7641063928604126,0.7676709942098884,0.7497492335858167,0.7616311436550419,81110400
2013-07-26,0.7767809629440308,0.7773750158418471,0.7525218482693686,0.7558877514218222,77654400
2013-07-29,0.7732164263725281,0.7824244453529794,0.7665815603385648,0.7728200511300226,72345600
2013-07-30,0.7847021222114563,0.7949006281479734,0.776681357605261,0.7817316302321801,120960000
2013-07-31,0.789652407169342,0.8027225343424768,0.7849985111278293,0.789652407169342,110179200
2013-08-01,0.8137139678001404,0.8168821373667126,0.8031190870680072,0.8056931469368956,77596800
2013-08-02,0.8272792100906372,0.8275758116537325,0.808564699621488,0.8143079483794328,97104000
2013-08-05,0.8290614485740662,0.8306450798925288,0.8212384197762397,0.8244075521077558,79440000
2013-08-06,0.8143079280853271,0.8277734687420226,0.8040096501157245,0.8253970868793928,93820800
2013-08-07,0.8096541166305542,0.813713960624624,0.7918312224591448,0.8066836248257495,120585600
2013-08-08,0.8204466700553894,0.8268828390211259,0.8055942688040113,0.8231205600725461,130598400
2013-08-09,0.8116341829299927,0.8258924766492064,0.8045050360703858,0.8179715423052915,98534400
2013-08-12,0.8166843056678772,0.8212384284801968,0.8018319049399262,0.8019307721246425,68822400
2013-08-13,0.8302496075630188,0.8362894005421396,0.802722549358681,0.820050141022979,154483200
2013-08-14,0.8210405707359314,0.8333189100566644,0.8178724020229079,0.8297543094883345,94368000
2013-08-15,0.779850423336029,0.7942075828124678,0.7730178787730141,0.7940099050840538,132883200
2013-08-16,0.7770776748657227,0.7903454823341414,0.7745035584032642,0.7800481666230408,70176000
2013-08-19,0.7740083336830139,0.7982674541299529,0.7739095231441196,0.7798504501377219,90115200
2013-08-20,0.7846031188964844,0.7952968655037507,0.7768798637531712,0.7793551127771309,88752000
2013-08-21,0.7767809629440308,0.797177912250505,0.7682649582790726,0.7777704845330019,159686400
2013-08-22,0.7989603281021118,0.8006437898980764,0.785197278625777,0.7858902554785501,71260800
2013-08-23,0.8157929182052612,0.8180704901709204,0.8073767404983818,0.8165857256013525,76512000
2013-08-26,0.8164857029914856,0.834704971306638,0.8113374703113311,0.8168820782675005,74918400
2013-08-27,0.7650969624519348,0.799158158464656,0.7609383076320084,0.787672622409606,200131200
2013-08-28,0.7749987840652466,0.7848009137320359,0.763710983621422,0.7646016382097446,102038400
2013-08-29,0.7910394668579102,0.8028215475219839,0.7714342994778318,0.7747013363435298,129465600
2013-08-30,0.7762858867645264,0.7938112158772608,0.7678696539889299,0.793315973388796,121996800
2013-09-03,0.7890585064888,0.8056931821490124,0.779157565394261,0.7950983576112609,85699200
2013-09-04,0.8148030638694763,0.8179712893178537,0.7906428731462914,0.7965837986964713,83078400
2013-09-05,0.8183678388595581,0.8252982874701111,0.8150009718308788,0.8159914568017728,48451200
2013-09-06,0.8213382363319397,0.8341107997564163,0.7938111199351567,0.82638754479065,122121600
2013-09-09,0.850250244140625,0.8542112204602069,0.8310414551727496,0.8310414551727496,94281600
2013-09-10,0.8631227016448975,0.8661920605000861,0.8536171736452535,0.8652015755533145,151929600
2013-09-11,0.8587663769721985,0.8591618457654753,0.8422305689305676,0.8460917154625187,106118400
2013-09-12,0.8549042344093323,0.8639145196641393,0.8508443907296821,0.8583699117851351,66921600
2013-09-13,0.8576769232749939,0.8605485474329887,0.8439138186026753,0.8590628201759629,80860800
2013-09-16,0.8504489660263062,0.8790644159298338,0.8448045845243903,0.8787669078517136,132374400
2013-09-17,0.8674792051315308,0.8705485643928018,0.8553007486053197,0.8553007486053197,66940800
2013-09-18,0.8993625044822693,0.9037188927468324,0.8660931032842433,0.8711424683320534,127507200
2013-09-19,0.9049071073532104,0.9114422000427053,0.9005507188380276,0.9064917018907659,71404800
2013-09-20,0.8950061798095703,0.9141161023712445,0.8940156948953775,0.911838587637191,108153600
2013-09-23,0.8899558186531067,0.9097587173224467,0.877282122145483,0.9075810330318346,134889600
2013-09-24,0.8901536464691162,0.9043131284375162,0.8812422278175731,0.8960946300084237,82003200
2013-09-25,0.8817374110221863,0.8956002904751096,0.8755986935067259,0.891441579614251,108662400
2013-09-26,0.9019366502761841,0.9074821644469488,0.8905499269014784,0.8921345214000168,89020800
2013-09-27,0.8976790904998779,0.9026295886297685,0.8819360350571488,0.886985400372956,73200000
2013-09-30,0.892035722732544,0.8980755166294212,0.8613404342810028,0.8701530421336517,123292800
2013-10-01,0.9187700152397156,0.9199582345502638,0.8907477109653179,0.8916393287075504,87888000
2013-10-02,0.9170867204666138,0.9212453752390806,0.8973826855416184,0.8991649580644724,86313600
2013-10-03,0.8852030634880066,0.9194629510392568,0.8706482274447515,0.9138185696216291,161577600
2013-10-04,0.9079764485359192,0.911640823333269,0.8832230517355143,0.8847078158820192,92112000
2013-10-07,0.8855006694793701,0.9063928647275115,0.8833219652328914,0.8849065598229345,99340800
2013-10-08,0.8353978395462036,0.8873817512111128,0.8334178329839493,0.8852030471064708,234777600
2013-10-09,0.8261898756027222,0.8411411442851151,0.805891789975227,0.8399529816275642,218448000
2013-10-10,0.8786681294441223,0.8841138706046466,0.8521315506743561,0.8526267365180985,144720000
2013-10-11,0.8984710574150085,0.9010460805367391,0.8716378762549376,0.872034251571438,130147200
2013-10-14,0.9170867204666138,0.9178785079386196,0.8802527672689048,0.882530282317183,140956800
2013-10-15,0.9072834253311157,0.9292649704259413,0.9040163891332285,0.9153041881493893,162076800
2013-10-16,0.9382754564285278,0.939662316709809,0.9179773131475385,0.9194630406234775,129302400
2013-10-17,0.9534252285957336,0.9552075573973764,0.9233240532173883,0.9249085910009583,166368000
2013-10-18,1.0005565881729126,1.001645996959881,0.9722386452867731,0.9799619575503672,135110400
2013-10-21,1.006299614906311,1.0146170349934696,0.9976847434529749,1.006299614906311,99369600
2013-10-22,1.009765386581421,1.027983688548587,0.9926354733687618,1.0173897736034936,157660800
2013-10-23,0.9935261011123657,1.0023387070004304,0.9786737026738677,0.9966952896463616,161184000
2013-10-24,1.0059033632278442,1.0123396450081956,0.9903580430059941,0.9942201520186652,108547200
2013-10-25,1.0260038375854492,1.041153689257749,1.013231217550607,1.0347175207189265,140467200
2013-10-28,1.0280835628509521,1.0326376852782073,1.0146171168848555,1.0274894532742889,83251200
2013-10-29,1.0330342054367065,1.041054062615362,1.0198652090131868,1.0379847037824654,84105600
2013-10-30,1.02976655960083,1.048777621995506,1.0160034487873753,1.0442234973642086,198662400
2013-10-31,1.0231322050094604,1.0420444485408376,1.0119431596947883,1.02283566012437,141782400
2013-11-01,1.0226370096206665,1.0366976805406165,1.0087750929159205,1.0320437270784473,163132800
2013-11-04,1.0275884866714478,1.0337270908156733,1.017290095213717,1.0337270908156733,91641600
2013-11-05,1.031944990158081,1.0386777046922673,1.0074881349233307,1.0160031785760744,132124800
2013-11-06,1.0301625728607178,1.0452127086784195,1.0208547793839653,1.0439256788357227,163910400
2013-11-07,0.9730305671691895,1.035212992272661,0.9700601319469925,1.030756772865164,232934400
2013-11-08,1.0114492177963257,1.0124387964532788,0.9750106721490338,0.9832291721869939,118080000
2013-11-11,1.006596326828003,1.0153100092576834,0.996893066143252,1.0051115628435545,63494400
2013-11-12,1.0115479230880737,1.0160031224065427,0.9961014115257193,0.9977848166958792,108777600
2013-11-13,1.0477873086929321,1.0480839668150133,0.9916448157464506,0.9923377356916481,126470400
2013-11-14,1.0559064149856567,1.060065069097227,1.0336282669488395,1.039371515586192,118819200
2013-11-15,1.0632339715957642,1.0642235498093593,1.0511534799718796,1.0594707868398388,89203200
2013-11-18,1.0338259935379028,1.069670418894693,1.0270931665763998,1.0626400272025422,143846400
2013-11-19,1.023627758026123,1.0456093679851857,1.018874992807253,1.0310544140222309,102192000
2013-11-20,1.0164984464645386,1.0435302672919764,1.0074881039233445,1.0325389547786366,125865600
2013-11-21,1.0475891828536987,1.0498666979518114,1.0265981741293895,1.0284793138947395,86592000
2013-11-22,1.0641250610351562,1.0651155461721573,1.0502631416558557,1.0531347666806674,87014400
2013-11-25,1.0711551904678345,1.0790761234251232,1.0638282538277055,1.074719734944923,92582400
2013-11-26,1.0888793468475342,1.0964048119693723,1.0654120702137564,1.0731352697305474,106713600
2013-11-27,1.1106629371643066,1.1120488907570845,1.0924437267594995,1.095216427148812,137894400
2013-11-29,1.1288813352584839,1.1355153520895336,1.1212569467970066,1.1240297607325398,91622400
2013-12-02,1.121850848197937,1.140168980570781,1.1165039755345507,1.1353174069454923,165936000
2013-12-03,1.118584156036377,1.1273966511361395,1.1056128929970954,1.118781777117179,134544000
2013-12-04,1.1214556694030762,1.1325447718508495,1.0936320064287188,1.1045233745004754,133996800
2013-12-05,1.1179895401000977,1.1278914395871262,1.1085828262392514,1.1251186267100826,126480000
2013-12-06,1.1410608291625977,1.1484864631650706,1.125217943096648,1.1449219186164479,142588800
2013-12-09,1.1547250747680664,1.1624482739355357,1.1492793904569871,1.154526433863382,112608000
2013-12-10,1.1526453495025635,1.1591803296296137,1.1462090666009934,1.1488830701909802,93004800
2013-12-11,1.1095737218856812,1.1573980195028994,1.103632738633129,1.151952222059988,148464000
2013-12-12,1.100563406944275,1.1176924171016531,1.0970977860803515,1.1099692180033525,107347200
2013-12-13,1.0953154563903809,1.1168017618222488,1.0895722073791752,1.1151183566586769,81206400
2013-12-16,1.1141278743743896,1.1323470865761434,1.109276186459981,1.1111573260121834,74966400
2013-12-17,1.1070982217788696,1.1212566800210357,1.100563130350898,1.1141275923857983,72960000
2013-12-18,1.1453181505203247,1.1480909640176862,1.0619470027860876,1.1099690277344878,161596800
2013-12-19,1.1350208520889282,1.1397736156318137,1.1204651100547907,1.13898086514315,117177600
2013-12-20,1.1691811084747314,1.1773006829816757,1.139674038737326,1.1406645237106734,113750400
2013-12-23,1.207005262374878,1.207005262374878,1.188389678105922,1.1981927692922718,112502400
2013-12-24,1.2086893320083618,1.2106692826562115,1.2012625623974926,1.2071047369268344,38006400
2013-12-26,1.2204707860946655,1.2232435995571902,1.2080946555853287,1.2144309932721882,55814400
2013-12-27,1.2115592956542969,1.2268080690491703,1.20680653276137,1.2246294785959502,73939200
2013-12-30,1.2052233219146729,1.2104712720913158,1.195618869406261,1.2052233219146729,53078400
2013-12-31,1.2288881540298462,1.2288881540298462,1.21096548671749,1.2122535364329146,64176000
2014-01-02,1.2001726627349854,1.212946187855574,1.189577841440431,1.2120546269410664,98976000
2014-01-03,1.1740328073501587,1.2033422591161227,1.1733398870603948,1.199975335065468,97545600
2014-01-06,1.1615567207336426,1.178686637679829,1.1479913485571287,1.1750231690590605,125923200
2014-01-07,1.1916580200195312,1.1980941899891442,1.1706668979541617,1.1766078820443189,92313600
2014-01-08,1.2005692720413208,1.2106689095914314,1.1858156810773877,1.1934401827793786,93264000
2014-01-09,1.1881921291351318,1.214530122085489,1.1765078968990792,1.2132429789127628,105561600
2014-01-10,1.2000738382339478,1.204133567836357,1.1711607719386419,1.197895134433308,119942400
2014-01-13,1.1467043161392212,1.2075995951063003,1.1332387743620782,1.1952224423184905,173107200
2014-01-14,1.2123522758483887,1.2147287144027334,1.1584872795734693,1.1587848443094846,138076800
2014-01-15,1.2406704425811768,1.2491865066419643,1.2238380885360207,1.2267097134053353,120528000
2014-01-16,1.2432453632354736,1.2478993167474122,1.2328481607206114,1.2389877850098627,70512000
2014-01-17,1.2211648225784302,1.2416606409150144,1.2124511394356705,1.2314621936663015,84460800
2014-01-21,1.2484931945800781,1.2505719548080387,1.2180944565678378,1.2444333514921864,88022400
2014-01-22,1.260077714920044,1.2674046520297595,1.2476017517932314,1.2581965753753734,78432000
2014-01-23,1.2449287176132202,1.2476017011031488,1.2198768486946392,1.2470075914572252,129052800
2014-01-24,1.1711606979370117,1.2329467258807227,1.1709629636107055,1.2264116347249994,141648000
2014-01-27,1.1370997428894043,1.178092399884723,1.1129395495674885,1.1725477922884007,177729600
2014-01-28,1.136703610420227,1.1396741591354047,1.1149207574290105,1.1194748811315849,109497600
2014-01-29,1.1008599996566772,1.1313565322624666,1.0927403124396697,1.106603248329598,136497600
2014-01-30,1.1588835716247559,1.1717550019129932,1.1365055945979705,1.1404666274103274,116438400
2014-01-31,1.1507641077041626,1.1673987247127064,1.1180887567098388,1.121256926035056,84532800
2014-02-03,1.0745221376419067,1.1608638533128355,1.0628379045125074,1.1444268558361046,183926400
2014-02-04,1.095513105392456,1.1075926923109252,1.0782842662202856,1.0877897935860263,90672000
2014-02-05,1.0854133367538452,1.0980870317598528,1.049569822453606,1.084225117648539,108513600
2014-02-06,1.127000093460083,1.1317528570213369,1.0947212333866787,1.096503562215207,73977600
2014-02-07,1.186806082725525,1.190370740421167,1.137099742500551,1.1468030040917367,111456000
2014-02-10,1.2085888385772705,1.2101734327894862,1.1848250245601923,1.187399990155043,83284800
2014-02-11,1.2499780654907227,1.2569094198249549,1.2125499532229798,1.2155203879614513,117504000
2014-02-12,1.255919098854065,1.2654246272353478,1.246017195174428,1.2575036935287884,108451200
2014-02-13,1.2881978750228882,1.2881978750228882,1.2285905409161257,1.2289869161524805,106507200
2014-02-14,1.291961431503296,1.301466961129926,1.272751731315488,1.2864159159894122,94876800
2014-02-18,1.3121603727340698,1.3190908205792045,1.289584774007131,1.2984961915752695,69292800
2014-02-19,1.2834453582763672,1.3131501638600822,1.276514795993381,1.304437385763571,136531200
2014-02-20,1.3020609617233276,1.3097842747191777,1.2709692954517184,1.2864158081285768,102643200
2014-02-21,1.2953273057937622,1.3202793488134017,1.2927532456885213,1.3143383646058973,83976000
2014-02-24,1.318101406097412,1.3355278666536392,1.2990903510057317,1.3032490051426835,99422400
2014-02-25,1.313348650932312,1.3311714868688684,1.3008725751248607,1.3234482881803147,92985600
2014-02-26,1.3089914321899414,1.3357258032825186,1.2943377832222396,1.3248343204430948,82929600
2014-02-27,1.3347361087799072,1.3388947628321735,1.304238443649635,1.3103780674605312,87964800
2014-02-28,1.3280024528503418,1.358103631167117,1.2957234767980046,1.3349338077432384,136718400
2014-03-03,1.298891544342041,1.3109720364662052,1.2660184640757575,1.2919609838008337,158558400
2014-03-04,1.3511720895767212,1.357707182150947,1.3398842333071015,1.3428547814384881,108993600
2014-03-05,1.36226224899292,1.368599607372446,1.348598067156713,1.357509485166638,77064000
2014-03-06,1.357113242149353,1.3739466147324606,1.3432513245876303,1.3703819565292523,92803200
2014-03-07,1.3377068042755127,1.3745407016150195,1.3177052607937698,1.3717680006385773,132518400
2014-03-10,1.3404783010482788,1.3432511147237987,1.3153285297353678,1.3355278031383437,75580800
2014-03-11,1.3238433599472046,1.3608759973720885,1.3121601504902225,1.3511718309509362,119774400
2014-03-12,1.3386962413787842,1.3406772114818297,1.2911685963541677,1.3064173749130754,109612800
2014-03-13,1.281861424446106,1.3551329393438347,1.263839948959274,1.3535483449160033,188414400
2014-03-14,1.2555227279663086,1.2858216422811501,1.2539391531195512,1.2679988048323432,107318400
2014-03-17,1.2889906167984009,1.3078030295829595,1.277504120318208,1.2788909803768171,116942400
2014-03-18,1.3353300094604492,1.339290022342103,1.2921587642114487,1.2929506081470368,113006400
2014-03-19,1.313348650932312,1.3402806392108944,1.2872083933525125,1.3365183603128008,136444800
2014-03-20,1.3236459493637085,1.3357255359222833,1.2927529296880529,1.3010702375565675,87638400
2014-03-21,1.2751281261444092,1.3485984202875643,1.2691872547920588,1.345430136870083,198307200
2014-03-24,1.243046522140503,1.2933469684709604,1.2081934913205363,1.2909705301730503,266145600
2014-03-25,1.254533052444458,1.2858214266692192,1.2240355023343525,1.263048094441277,172516800
2014-03-26,1.2068065404891968,1.281464907181137,1.2058170756000188,1.2739394442608338,201331200
2014-03-27,1.1854192018508911,1.217500440660944,1.1660127923231767,1.2020539308614542,201993600
2014-03-28,1.1931426525115967,1.231758874855016,1.1832416555736895,1.197103572534996,166440000
2014-03-31,1.2169066667556763,1.2418587104974712,1.2163125569862463,1.2202735909553846,162441600
2014-04-01,1.282851219177246,1.284435813872399,1.2351258422656997,1.2365116827349303,178041600
2014-04-02,1.292950987815857,1.3024565172786524,1.27493030067465,1.299288347402269,163224000
2014-04-03,1.2624541521072388,1.3022585934356838,1.2396808168621647,1.2969117197262783,159619200
2014-04-04,1.1622495651245117,1.29037656723461,1.1509617085563364,1.2848320727118892,371011200
2014-04-07,1.1273963451385498,1.1701713258163382,1.1036325299368948,1.1390796685363356,312662400
2014-04-08,1.1588835716247559,1.162843584603742,1.1190791352162692,1.1315552101010762,243240000
2014-04-09,1.2182934284210205,1.2198770033503352,1.1622497201676985,1.1711611393566856,221961600
2014-04-10,1.1058106422424316,1.2208674727309448,1.0955132693422136,1.2206698516474888,322276800
2014-04-11,1.0671939849853516,1.117494428057559,1.059470787647049,1.0755114051744552,211876800
2014-04-14,1.0911568403244019,1.1079891928286933,1.0612533947097735,1.0935331657770762,281275200
2014-04-15,1.1020479202270508,1.120267241561914,1.033330534788237,1.1018502992026518,562051200
2014-04-16,1.1448231935501099,1.14541730323837,1.103434156280446,1.1303671665865196,251414400
2014-04-17,1.14541757106781,1.1630426781876373,1.1238323361127256,1.1335356011539555,176625600
2014-04-21,1.1713595390319824,1.1715571600581556,1.1380900846016675,1.1545261709573746,144249600
2014-04-22,1.2000738382339478,1.2079947698963143,1.1778945043645543,1.1824486264713685,150321600
2014-04-23,1.1673988103866577,1.2002717848565871,1.1658142156910238,1.1992823196905205,131366400
2014-04-24,1.201856255531311,1.2262141839806093,1.1632400357932646,1.2260164496085737,250776000
2014-04-25,1.143832802772522,1.1838358895705692,1.1355154930815172,1.1796772347250668,244747200
2014-04-28,1.1561107635498047,1.1796769598814827,1.100859930641496,1.1590813115436833,482083200
2014-04-29,1.181656837463379,1.1883896636834455,1.1483874951701334,1.165219957322144,243633600
2014-04-30,1.1921530961990356,1.1949250037204562,1.1565074215678417,1.1670024150605616,184075200
2014-05-01,1.2028471231460571,1.222253653116489,1.188192451931859,1.1975002480471748,143750400
2014-05-02,1.1969059705734253,1.220867528027757,1.187201800428568,1.2133420624377775,151905600
2014-05-05,1.2139357328414917,1.2147284832211453,1.1656162600869027,1.1743299420043696,115790400
2014-05-06,1.1670024394989014,1.2103714276392625,1.165814220102356,1.208589211859283,161644800
2014-05-07,1.1565073728561401,1.1776961131716903,1.1157124471597797,1.1759137841892673,261907200
2014-05-08,1.1525462865829468,1.1949248984125351,1.1367034007952779,1.1450208223490725,219216000
2014-05-09,1.1660130023956299,1.1683893279310815,1.1285848837074044,1.1513582206089292,156475200
2014-05-12,1.22284734249115,1.2244319369826202,1.1838356550097453,1.1872015585262383,127684800
2014-05-13,1.2254223823547363,1.2398784071787288,1.2186886491868043,1.2272045978408992,117729600
2014-05-14,1.2072031497955322,1.2289870190252856,1.198489466125837,1.2153228371350688,98640000
2014-05-15,1.1792806386947632,1.212352250178222,1.1557144412829354,1.2058172709217991,201480000
2014-05-16,1.2012624740600586,1.2036389132481307,1.1588839638794437,1.1818550384439472,142910400
2014-05-19,1.227005958557129,1.231957362930516,1.184825196712404,1.1905684450477378,120528000
2014-05-20,1.21354079246521,1.2380964614630174,1.1980942780217732,1.2254227615185784,162331200
2014-05-21,1.2477995157241821,1.2493841103880927,1.2175006017225347,1.2190851963864453,123619200
2014-05-22,1.263245701789856,1.2745334429328459,1.2462155061936437,1.2511660034636554,126480000
2014-05-23,1.2915648221969604,1.2921589318553632,1.2600776901905941,1.2685928464733218,95136000
2014-05-27,1.3400830030441284,1.3404784718206055,1.3056254346107155,1.3095854481727636,118387200
2014-05-28,1.3274081945419312,1.344636919451014,1.32443764658187,1.3388946910368957,118435200
2014-05-29,1.3543412685394287,1.3543412685394287,1.3339432404541123,1.3422606618454103,87302400
2014-05-30,1.3531532287597656,1.36008367762532,1.3323598424960015,1.3543414481610867,113347200
2014-06-02,1.3497859239578247,1.3592914498556763,1.3236457843961358,1.3584997192993464,101270400
2014-06-03,1.3478063344955444,1.3541426735651296,1.3311716030717775,1.3359243672907342,95102400
2014-06-04,1.3620645999908447,1.3687974275417203,1.3309729356205149,1.3371125600101936,105355200
2014-06-05,1.3975114822387695,1.4046405704186655,1.3523601749451115,1.3664207302700666,176107200
2014-06-06,1.420087456703186,1.4214743170749085,1.4042454749833841,1.4139487383620069,79219200
2014-06-09,1.4175130128860474,1.4282067584176144,1.4062251577899698,1.4230575066856868,124171200
2014-06-10,1.4256327152252197,1.426820934462104,1.4089980991681352,1.413354487549025,72796800
2014-06-11,1.4234542846679688,1.4299893784118787,1.4066219310095367,1.409592366357762,96979200
2014-06-12,1.3862240314483643,1.4194933837271182,1.3703820493184289,1.4149392600419703,120974400
2014-06-13,1.395729422569275,1.4078100304856016,1.3796888011003892,1.4040467314872889,72019200
2014-06-16,1.4008784294128418,1.41295801635233,1.3810755306534848,1.3913729020305607,89956800
2014-06-17,1.4028584957122803,1.4145426139390989,1.3909765298011572,1.3986997283230098,95640000
2014-06-18,1.4284045696258545,1.432563337131118,1.382659260216238,1.408601670271073,114801600
2014-06-19,1.4228603839874268,1.4361281934577446,1.4050374307543212,1.433554019949467,105950400
2014-06-20,1.4280093908309937,1.4333562649700387,1.417909752270002,1.4260284207615073,56592000
2014-06-23,1.4295928478240967,1.4309797080620843,1.4175132600236262,1.4276128977515126,69408000
2014-06-24,1.4256327152252197,1.4652385122570466,1.413354487549025,1.429592728354286,160248000
2014-06-25,1.4518165588378906,1.45954104603754,1.4151750831483825,1.4153728505114325,84523200
2014-06-26,1.4557777643203735,1.4557777643203735,1.4211166912026207,1.4557777643203735,87580800
2014-06-27,1.4702364206314087,1.4743957681682747,1.4492418022713471,1.4500337783091568,73857600
2014-06-30,1.481130599975586,1.49261810568011,1.4692466529238402,1.472811905039595,54451200
2014-07-01,1.5308443307876587,1.5419363018765657,1.4949948354274776,1.4959854854661834,66057600
2014-07-02,1.5367861986160278,1.5447093583736182,1.528666064868183,1.5328255254069232,81801600
2014-07-03,1.5662983655929565,1.5662983655929565,1.5401537486962547,1.552235350392155,64636800
2014-07-07,1.5512455701828003,1.56709007666513,1.543916505598101,1.560554008073799,87950400
2014-07-08,1.4971742630004883,1.5466902301242018,1.4773671508150261,1.5439169533505461,151752000
2014-07-09,1.5310430526733398,1.534013982878887,1.4953913235381606,1.5082649010939744,136963200
2014-07-10,1.5165836811065674,1.5334197452902996,1.465482866530796,1.4720190488603633,123244800
2014-07-11,1.5429269075393677,1.5437187702119868,1.5126229452603317,1.5254965220433305,121689600
2014-07-14,1.5724378824234009,1.5819449945629824,1.5565933755263972,1.563723652964225,107059200
2014-07-15,1.5559992790222168,1.5857090349336003,1.5217337340478534,1.5789741783470144,148536000
2014-07-16,1.5736262798309326,1.5938289212049341,1.568872723821386,1.589274039197837,106608000
2014-07-17,1.5108402967453003,1.5775878476979595,1.4959854201630833,1.5603562497961192,160924800
2014-07-18,1.5823415517807007,1.5847183866565138,1.5290617810955949,1.5365886137585445,116976000
2014-07-21,1.5765972137451172,1.584124045780132,1.555008500982768,1.5712495623881213,94900800
2014-07-22,1.6078922748565674,1.6138342498758298,1.593631602810586,1.5995735778298483,107457600
2014-07-23,1.637998104095459,1.642949427702127,1.6150222988214937,1.6225490179060487,102460800
2014-07-24,1.6322541236877441,1.6516649061178705,1.6251238449726728,1.6461183530404062,87460800
2014-07-25,1.6122492551803589,1.6193796472706108,1.5874918402405307,1.6086841158021015,92856000
2014-07-28,1.6142302751541138,1.6261142221288096,1.5769938021885965,1.61660710988254,91963200
2014-07-29,1.606109380722046,1.6350271594016932,1.6017522658537338,1.6243316295707049,79252800
2014-07-30,1.625321388244629,1.6413645698083796,1.605911628494344,1.6320562446235143,107611200
2014-07-31,1.5262895822525024,1.5920464918375432,1.5187627493064948,1.584520678895097,138916800
2014-08-01,1.5086615085601807,1.5413423110879851,1.4785553084932812,1.5167825506845198,172324800
2014-08-04,1.5395593643188477,1.5573851704718804,1.501728684741033,1.5187625149178352,144182400
2014-08-05,1.5035113096237183,1.5340139470248104,1.4831109000223628,1.5221301131466565,167539200
2014-08-06,1.50093674659729,1.5278732238324322,1.471821202035473,1.4755841080208194,119299200
2014-08-07,1.486478567123413,1.5298547870984147,1.4704352704201986,1.5203476734965988,153604800
2014-08-08,1.518168568611145,1.5231198926564355,1.4740003735854508,1.4942030178279293,124464000
2014-08-11,1.5456992387771606,1.5593656989012379,1.5328256613677274,1.5350037088248494,74352000
2014-08-12,1.542134165763855,1.555206532039542,1.5195547991670764,1.5403516527871592,90931200
2014-08-13,1.5922448635101318,1.5934331673487707,1.5595640712730283,1.5629305354812233,81278400
2014-08-14,1.6168044805526733,1.617398689130649,1.5922448415550594,1.5975924920894449,103089600
2014-08-15,1.6387901306152344,1.6514659410401784,1.5938290554047092,1.642355269589149,155956800
2014-08-18,1.6784031391143799,1.6825624860588626,1.6587947082806018,1.6641424724474236,79348800
2014-08-19,1.707320213317871,1.7089050720289831,1.6871175714324729,1.6900886148472183,78628800
2014-08-20,1.707320213317871,1.716233116894672,1.6976153337203859,1.7015769138295764,70651200
2014-08-21,1.7170259952545166,1.7182144126174175,1.7007840268495302,1.7098957177445466,67900800
2014-08-22,1.7237598896026611,1.7370299075060829,1.707122387055515,1.7176201489810774,76814400
2014-08-25,1.7429721355438232,1.7570350381656925,1.7302963244501854,1.7493105510924296,67977600
2014-08-26,1.7489140033721924,1.7534697923959557,1.7360404257014304,1.750102307464788,41716800
2014-08-27,1.749112844467163,1.7546583774293825,1.7374266631029294,1.75010247463671,36715200
2014-08-28,1.741982340812683,1.74851852352876,1.7247507409253815,1.7316823450157195,64838400
2014-08-29,1.7623828649520874,1.7623828649520874,1.7354463829386795,1.7550548190130915,52272000
2014-09-02,1.7770397663116455,1.7784259510540894,1.7556488197951663,1.7758513489124743,64300800
2014-09-03,1.7465370893478394,1.7911017208111553,1.736238001010647,1.7899133034387076,82636800
2014-09-04,1.740991473197937,1.7845654525260384,1.7277214554033633,1.7582231842661777,82084800
2014-09-05,1.7679282426834106,1.769513101487493,1.7217796567171733,1.749310458416977,83227200
2014-09-08,1.7768412828445435,1.7901123230041949,1.7522815228531095,1.7675328433334316,70872000
2014-09-09,1.7336636781692505,1.7970438663136534,1.7225717060757788,1.7766434550258103,129393600
2014-09-10,1.7738701105117798,1.7770397145967873,1.7247505972258805,1.7398032416195743,72417600
2014-09-11,1.7724841833114624,1.7734748334824508,1.7318811263490455,1.75208377114713,119318400
2014-09-12,1.7445570230484009,1.7677305979820435,1.7273253090376282,1.7667399478270347,113740800
2014-09-15,1.6920698881149292,1.7503010953514249,1.677412777630416,1.7493104452725927,128486400
2014-09-16,1.7378228902816772,1.7465371200522206,1.6686975941279731,1.674244033076349,126892800
2014-09-17,1.7463395595550537,1.7687212720023326,1.714847288237484,1.7360405831506605,113553600
2014-09-18,1.7839713096618652,1.7845654049698854,1.7556486488547824,1.7611940672869488,79512000
2014-09-19,1.7800108194351196,1.8081357158086804,1.759609502860728,1.8081357158086804,110217600
2014-09-22,1.7316821813583374,1.767928117236547,1.7085086096768414,1.767928117236547,108177600
2014-09-23,1.7166296243667603,1.740199751920071,1.7057364403174744,1.7100935552699776,100800000
2014-09-24,1.7722861766815186,1.7736723613978642,1.7047457402157142,1.7205912674617654,116582400
2014-09-25,1.6597845554351807,1.7609963196463547,1.6582006034859829,1.7538660425333166,212798400
2014-09-26,1.7128667831420898,1.7211855920059007,1.6683021485159635,1.6768186113989088,148252800
2014-09-29,1.707122564315796,1.7197984882067063,1.6585963496251044,1.6613695125606291,114537600
2014-09-30,1.7134610414505005,1.7398034269463651,1.6894945842671545,1.721185641809432,154094400
2014-10-01,1.6314619779586792,1.7033595280922689,1.6154186836312159,1.6999921566893272,213480000
2014-10-02,1.630669355392456,1.6457229087696383,1.5686752355725,1.6296796118830041,217972800
2014-10-03,1.679789423942566,1.6990014146260735,1.6423550725397924,1.6589925746447707,153676800
2014-10-06,1.6683021783828735,1.7065283983675845,1.6528530911691908,1.6926641700146003,147307200
2014-10-07,1.5977908372879028,1.6583987741579813,1.5964047656615317,1.6441381031297992,163651200
2014-10-08,1.6900886297225952,1.7047457395864392,1.5710518447565596,1.6009593665026756,213129600
2014-10-09,1.6059114933013916,1.6954361721032998,1.599176637489477,1.6835523391059093,223022400
2014-10-10,1.4856854677200317,1.6061093424544666,1.4856854677200317,1.577785659810304,296428800
2014-10-13,1.416164517402649,1.512820489977777,1.4133922615795909,1.4795456000752507,273302400
2014-10-14,1.4187403917312622,1.4714250526596977,1.4050738164018055,1.4452804328994717,370809600
2014-10-15,1.3884363174438477,1.4072518696656833,1.2923744227550935,1.3527845865631685,485097600
2014-10-16,1.3668465614318848,1.3989330394028148,1.3002966572446675,1.301683748722993,335961600
2014-10-17,1.4203239679336548,1.4563721362884459,1.3937839316755503,1.4179472465772018,264350400
2014-10-20,1.4815261363983154,1.4841015318199522,1.4086388419537406,1.4151749108395537,154464000
2014-10-21,1.5973941087722778,1.5973941087722778,1.525101023082941,1.5348059027318135,211699200
2014-10-22,1.5726368427276611,1.6183897824313644,1.5694671249968821,1.6124478083571723,187920000
2014-10-23,1.6445342302322388,1.6694904280951703,1.6116547588655745,1.620172241048629,169886400
2014-10-24,1.682363748550415,1.6863253280314656,1.6340362188936954,1.6514655819385191,170563200
2014-10-27,1.6887027025222778,1.6958330945340434,1.652654527721765,1.6734513816445336,138244800
2014-10-28,1.7641654014587402,1.7641654014587402,1.7065284003756915,1.7093016767177203,159686400
2014-10-29,1.7429721355438232,1.7594118731628383,1.7063307737875661,1.745943065956525,179404800
2014-10-30,1.7538663148880005,1.7661456844135963,1.7083110292188095,1.7197985359805508,161985600
2014-10-31,1.8261592388153076,1.8447780420839677,1.808927640260516,1.842202533332117,176371200
2014-11-03,1.8449758291244507,1.8576517531125978,1.8285362054088,1.8354687161327503,140961600
2014-11-04,1.8253670930862427,1.8388358976024715,1.7869422060867706,1.8243764431453433,138648000
2014-11-05,1.8251698017120361,1.8610191873214164,1.8059567877266487,1.8590389070495603,138744000
2014-11-06,1.8408163785934448,1.843193213375546,1.8010053026630117,1.8223963623670414,97272000
2014-11-07,1.836260437965393,1.853888590031367,1.8087297529066297,1.85190819676652,110812800
2014-11-10,1.8550771474838257,1.8633959563367863,1.8245755283586615,1.8388361978203744,103372800
2014-11-11,1.8727054595947266,1.8729032269639767,1.842401491937585,1.857850580154975,105619200
2014-11-12,1.8830044269561768,1.8889464010120758,1.8507200676981803,1.8507200676981803,96201600
2014-11-13,1.9071682691574097,1.9285593261397929,1.8812214238661116,1.8933031369139064,182164800
2014-11-14,1.9247957468032837,1.9247957468032837,1.88716362521122,1.9061779633496923,114816000
2014-11-17,1.906772255897522,1.9244004111345885,1.88062763742037,1.9111292578644106,141355200
2014-11-18,1.9495545625686646,1.9578732592288886,1.912516642359566,1.9127142964055528,111820800
2014-11-19,1.9247957468032837,1.9440085322847758,1.897462713646162,1.9440085322847758,148809600
2014-11-20,1.9503462314605713,1.9543079255809157,1.8944919657170844,1.899245522659801,99556800
2014-11-21,1.9644092321395874,2.0067946870843003,1.9426217292531807,2.0020412437885495,152947200
2014-11-24,2.0087759494781494,2.009567925567141,1.971935914627641,1.977481333922768,126206400
2014-11-25,2.0153119564056396,2.033929739561479,2.0006547333516056,2.015906278421718,151536000
2014-11-26,2.056509256362915,2.0586882104637,2.01531199580681,2.0218481781068443,105633600
2014-11-28,2.087209701538086,2.097905232150189,2.0679969145728188,2.0731467991891668,72571200
2014-12-01,2.010162353515625,2.078098220141535,1.9893653867244163,2.06799701112928,156187200
2014-12-02,2.0317509174346924,2.0470022368277108,2.005804974401912,2.0200657570371465,129892800
2014-12-03,2.0501708984375,2.055717451155377,2.0097656105591435,2.046210337929144,131942400
2014-12-04,2.0440309047698975,2.068590544849093,2.0192724773758695,2.041059748415474,154036800
2014-12-05,2.045417070388794,2.064035758623165,2.031949172520231,2.0561125990897717,113630400
2014-12-08,2.001249313354492,2.055717505144861,1.9691627203729647,2.0285822362643273,169281600
2014-12-09,2.020659923553467,2.0236308539290473,1.9097431495246768,1.9301436741041367,170688000
2014-12-10,1.9228153228759766,2.0234320908706382,1.9139023059731748,2.0087757744845143,134529600
2014-12-11,1.9529216289520264,2.0202633945468333,1.9396507031806578,1.941037681297673,136032000
2014-12-12,1.8883522748947144,1.9620324617439195,1.887758066129753,1.8956803207718145,153787200
2014-12-15,1.8317058086395264,1.937472468942003,1.8128893500204057,1.916476942762366,235948800
2014-12-16,1.7407939434051514,1.8754774709388577,1.7400009473583031,1.79526110978371,212856000
2014-12-17,1.8342803716659546,1.8507199950200328,1.7380207130749643,1.7441604542461326,182726400
2014-12-18,1.9687658548355103,1.9687658548355103,1.8994438190103011,1.9148929034138262,186744000
2014-12-19,1.990751028060913,2.0178862913756497,1.9608436222203298,1.9747079615282568,154828800
2014-12-22,2.00911545753479,2.0106996774203414,1.9811837203511682,1.9847493486224839,110457600
2014-12-23,1.989899754524231,2.0315002693153303,1.9801931188768427,2.031302581855397,115920000
2014-12-24,1.9940598011016846,2.0148600584461045,1.9904939455401545,1.9962391239774548,43982400
2014-12-26,2.034471273422241,2.046753509736209,2.0085209486691,2.008718636065334,86088000
2014-12-29,2.034868001937866,2.045961848017605,2.024567172586173,2.028924910592605,62328000
2014-12-30,1.9928709268569946,2.0293215878675688,1.983758715015897,2.0148597999003237,123859200
2014-12-31,1.9304699897766113,2.025557194800504,1.9217542860903143,2.000993170198666,117091200
2015-01-02,1.9146225452423096,1.9835608244649803,1.8851055665958956,1.9582040101559948,122227200
2015-01-05,1.8284497261047363,1.8938222625762597,1.8126015190262332,1.8868884665273082,127017600
2015-01-06,1.7559455633163452,1.8456840888474777,1.730786325506006,1.8349868644938947,168643200
2015-01-07,1.8234970569610596,1.8351851023177985,1.777340658434203,1.7894244188031654,137467200
2015-01-08,1.927498459815979,1.9383946204193303,1.864107665661904,1.8704461329716662,144936000
2015-01-09,1.8884737491607666,1.9477044910880779,1.8563817307820722,1.9455260751412513,181420800
2015-01-12,1.8304301500320435,1.9061033954328803,1.8153750746696842,1.9011513484102671,165254400
2015-01-13,1.8288451433181763,1.9409691595776313,1.7848671750802632,1.8821339166900988,199708800
2015-01-14,1.8007155656814575,1.8250816754422454,1.7500027311753255,1.7708030991877481,216148800
2015-01-15,1.729202389717102,1.8314211904454083,1.7216742843551558,1.8213181608758227,196012800
2015-01-16,1.7908103466033936,1.7951692185213393,1.7121655468158454,1.7206834495118988,141796800
2015-01-20,1.8304301500320435,1.843702524739182,1.7599068657724704,1.8209214308126205,141892800
2015-01-21,1.8585598468780518,1.883520262283421,1.7955644425889143,1.8137898838491824,133531200
2015-01-22,1.9619678258895874,1.967118581831146,1.832015749742387,1.8819365952127738,162657600
2015-01-23,1.975042462348938,1.992673373509589,1.944139059303237,1.961967884639576,142358400
2015-01-26,1.9706844091415405,1.979004512149353,1.9378002788557318,1.9690992821597797,100804800
2015-01-27,1.818147897720337,1.8781717618867355,1.7955646033374366,1.876983143581766,223987200
2015-01-28,1.7868489027023315,1.9076886277699268,1.7856603977486816,1.9015479621662943,188928000
2015-01-29,1.8385525941848755,1.8474670044322794,1.735342986707731,1.780707147844027,176558400
2015-01-30,1.79635751247406,1.8750023030210288,1.7880374115434707,1.8322130667814462,218222400
2015-02-02,1.8435051441192627,1.8462787762343558,1.72306088647844,1.8060644544760622,198844800
2015-02-03,1.8938223123550415,1.898377964971228,1.8260725373733075,1.8589566639362876,182332800
2015-02-04,1.888869047164917,1.927102861632669,1.8585600728860892,1.8700504280456571,124632000
2015-02-05,1.9389885663986206,1.9415634904812233,1.8906519500556052,1.9023399924928885,100324800
2015-02-06,1.903726577758789,1.960184703004961,1.882530608288576,1.9473087220002043,123528000
2015-02-09,1.8827282190322876,1.910857868335121,1.8710400640977167,1.880945291671374,95793600
2015-02-10,1.972864031791687,1.9799957440583755,1.9068973936186053,1.9173959142924588,119256000
2015-02-11,1.9950499534606934,2.0071335960761014,1.9679101025749501,1.9799948787190556,121852800
2015-02-12,2.0647804737091064,2.065573490440127,2.0239727576902786,2.030905646384199,153100800
2015-02-13,2.1168808937072754,2.117277402122163,2.0701294003816346,2.081223247884509,120897600
2015-02-17,2.1226258277893066,2.1261916826442016,2.101231152071452,2.1164841421211804,82728000
2015-02-18,2.1317386627197266,2.1343135874633266,2.1057874203949636,2.1154949637583162,70478400
2015-02-19,2.163829803466797,2.1669991495875,2.125597015446344,2.1265870393740345,75590400
2015-02-20,2.2054312229156494,2.209788961844278,2.138275750089971,2.1586794989878753,90772800
2015-02-23,2.2141475677490234,2.214345255184686,2.188394018432723,2.2040446515989554,78974400
2015-02-24,2.218703031539917,2.225240318707112,2.1844326025898764,2.20443983892915,104601600
2015-02-25,2.200874090194702,2.233164696011906,2.186413210957568,2.2070157754818798,112550400
2015-02-26,2.23435378074646,2.237126619269659,2.188988591839318,2.207213923746522,116337600
2015-02-27,2.204836130142212,2.2357395221670817,2.194138793414152,2.2317773860674697,88790400
2015-03-02,2.264265537261963,2.2660485777430677,2.215731243378001,2.2167219473706816,89044800
2015-03-03,2.231778144836426,2.2505976742671576,2.1897818003009277,2.244456893983464,128390400
2015-03-04,2.2070157527923584,2.219693591229426,2.1697727603993266,2.2105813806836747,116640000
2015-03-05,2.2167234420776367,2.2375239325407463,2.190971015252136,2.223854928693565,92347200
2015-03-06,2.1404550075531006,2.222467869321132,2.1253990222818606,2.2103833169076608,149726400
2015-03-09,2.16105580329895,2.1763096966118574,2.1285684224633075,2.1557071356177224,113270400
2015-03-10,2.041404962539673,2.1147011963326174,2.0404142584424436,2.1135125781216852,191966400
2015-03-11,2.005549669265747,2.0564602987243528,2.0027759244527243,2.0469515795831508,223152000
2015-03-12,2.043980360031128,2.0513104377075364,1.9962388452406818,1.999804700304308,122390400
2015-03-13,2.0176339149475098,2.0628002876829843,1.979401112845536,2.038632087612523,198115200
2015-03-16,2.0948917865753174,2.095882490737843,2.033282909894432,2.040018791376574,114960000
2015-03-17,2.1065800189971924,2.1147015268062246,2.0631964676942838,2.076865239197465,97363200
2015-03-18,2.1671977043151855,2.195327350916801,2.055271499973279,2.0885521273972296,167822400
2015-03-19,2.177696943283081,2.1939415458541816,2.16422676603143,2.174725283936183,111384000
2015-03-20,2.222862958908081,2.2509935143207214,2.2181084860661846,2.2295988399436726,104812800
2015-03-23,2.204241991043091,2.2335602573344313,2.204044303638638,2.2159300321256232,99235200
2015-03-24,2.181856632232666,2.2353430910138274,2.180668014032319,2.20384550217473,92980800
2015-03-25,2.029722213745117,2.1969337409298193,2.029722213745117,2.1933675296624,175886400
2015-03-26,2.013079881668091,2.0451750990702706,1.9615687786060705,1.9819756940576918,196560000
2015-03-27,2.0324954986572266,2.0489387462249105,2.000795926485524,2.0091170840193273,98544000
2015-03-30,2.1056015491485596,2.109563174177851,2.072118755061932,2.0735063327634866,151214400
2015-03-31,2.0404205322265625,2.0998560237324444,2.036457773130265,2.0863835950643423,124507200
2015-04-01,2.0059473514556885,2.0376460156063128,1.96632339776444,2.0376460156063128,175876800
2015-04-02,2.0093159675598145,2.028730946343689,1.9900980157470505,2.0099104493990003,110577600
2015-04-06,2.0576562881469727,2.0750903391826845,1.964739149055467,1.973060080116546,150945600
2015-04-07,2.0481467247009277,2.100053466183291,2.0479490175550077,2.0550812121527184,114691200
2015-04-08,2.09688401222229,2.1050072373705206,2.048939117649738,2.0497322135961626,169142400
2015-04-09,2.135913372039795,2.137497749847815,2.0721185855171127,2.094902972277786,110928000
2015-04-10,2.161470890045166,2.162263079038366,2.119667163030794,2.135517064561311,113385600
2015-04-13,2.14542293548584,2.199509210829557,2.1378941937951175,2.1672153845940474,115200000
2015-04-14,2.126997709274292,2.156715445914388,2.090742261025179,2.1406678409213358,168974400
2015-04-15,2.164640188217163,2.18009354080922,2.135714635574928,2.145224303812973,95356800
2015-04-16,2.157111883163452,2.168603386458491,2.1398755351345784,2.1499796872209056,90888000
2015-04-17,2.056270122528076,2.113328137580508,2.0291275591524363,2.0956952433802734,186427200
2015-04-20,2.1481964588165283,2.159291412883655,2.0846002773296846,2.0879687811117487,142195200
2015-04-21,2.1757349967956543,2.1967352576909303,2.1686028027727584,2.1864334011941784,127387200
2015-04-22,2.2109999656677246,2.22189607765555,2.1509700021534592,2.1925748847094946,121915200
2015-04-23,2.2375481128692627,2.2660771177708705,2.1878202314821436,2.189999771366583,131001600
2015-04-24,2.3251161575317383,2.3364090450201394,2.296587151352449,2.306493368027345,142416000
2015-04-27,2.3102571964263916,2.366126696415901,2.2948040703680794,2.353645072479458,161160000
2015-04-28,2.295200824737549,2.3278902984872003,2.2377462614899337,2.3148144182959802,171753600
2015-04-29,2.2514164447784424,2.296983865798318,2.2151607592783065,2.2567656479953215,193953600
2015-04-30,2.1456212997436523,2.2417090319147666,2.112139633412273,2.2139722103519266,308169600
2015-05-01,2.2323970794677734,2.234377778774702,2.169395378630526,2.170187567661937,190012800
2015-05-04,2.240321636199951,2.2829173308117268,2.237746454828688,2.2508221094212315,131971200
2015-05-05,2.1341307163238525,2.227444416902245,2.1287815131881564,2.215160725659683,280694400
2015-05-06,2.0885627269744873,2.161470632896664,2.044778305957725,2.1430455525092906,213398400
2015-05-07,2.124422550201416,2.142055447434536,2.0810346629553216,2.086383866957083,168619200
2015-05-08,2.202282190322876,2.217934154486552,2.180489742550473,2.190395050230496,178377600
2015-05-11,2.178112745285034,2.222095105222141,2.1737534385556616,2.2084249704827617,139027200
2015-05-12,2.149979591369629,2.1814803298792174,2.0903461648957387,2.1390834773941743,190334400
2015-05-13,2.161074161529541,2.2102077865454968,2.1521587485392946,2.177913957801974,132499200
2015-05-14,2.256765127182007,2.2613221403064165,2.190395163756196,2.215160248066512,176832000
2015-05-15,2.25656795501709,2.2827197187487163,2.239529540425364,2.274596492651332,146505600
2015-05-18,2.2843034267425537,2.2983701091049284,2.239925653532954,2.2454725634326267,110587200
2015-05-19,2.2777655124664307,2.3029273752788986,2.2670673335768643,2.293218865793867,98577600
2015-05-20,2.2815303802490234,2.322540780661895,2.2460668893508045,2.282916824217227,111264000
2015-05-21,2.317389488220215,2.3261069671381263,2.2601335473994104,2.2704354041341275,92222400
2015-05-22,2.3110499382019043,2.335220776175603,2.3049085451583555,2.3094655599175495,79819200
2015-05-26,2.231010675430298,2.304116309452704,2.203471560424069,2.2946066390122715,140457600
2015-05-27,2.3383896350860596,2.3453241224719212,2.236557305659508,2.2504251467893504,134289600
2015-05-28,2.3211541175842285,2.3405700071015847,2.3007481049919347,2.324125847179651,90643200
2015-05-29,2.2819266319274902,2.327296350806844,2.2648888974522228,2.3171921983983284,106060800
2015-06-01,2.301936388015747,2.3217479147431845,2.2474535558733435,2.3177862895828674,137160000
2015-06-02,2.2809364795684814,2.3150126282663863,2.2440865353140365,2.277765909267463,131462400
2015-06-03,2.300945997238159,2.327494082649346,2.285096999744751,2.313427397349916,117067200
2015-06-04,2.250821352005005,2.3064929092038953,2.228038101135524,2.263302973942328,185702400
2015-06-05,2.233783483505249,2.256765580682504,2.19257514399457,2.2409156786722204,138590400
2015-06-08,2.1654326915740967,2.2347744009783206,2.1517625556675686,2.229425197647209,144422400
2015-06-09,2.1547341346740723,2.1773196834671555,2.105402797818676,2.1495837725159266,153000000
2015-06-10,2.2401232719421387,2.2609258270226107,2.1689985808897903,2.175735134350254,154766400
2015-06-11,2.2524073123931885,2.28291724757282,2.2401236206124855,2.26409561537002,117081600
2015-06-12,2.1951498985290527,2.2298211981756144,2.1878199976248305,2.215556810613727,120897600
2015-06-15,2.1648383140563965,2.1739523420880302,2.109563291668614,2.1472063269442003,200884800
2015-06-16,2.1979243755340576,2.2092170369221336,2.1535456922807996,2.155130750520887,101265600
2015-06-17,2.2163496017456055,2.2381429636272148,2.1743481630530397,2.2100093683766504,168388800
2015-06-18,2.3100595474243164,2.3243239369558846,2.233585650703854,2.2349720947701277,162628800
2015-06-19,2.274793863296509,2.3227389831063623,2.274793863296509,2.3165975911015884,84628800
2015-06-22,2.3296732902526855,2.350277006723653,2.3142201628068624,2.3296732902526855,131716800
2015-06-23,2.3354179859161377,2.341758218444251,2.30589908397086,2.337795459749988,114907200
2015-06-24,2.2995591163635254,2.3560228794162756,2.2973795761577485,2.326503067156631,84902400
2015-06-25,2.2845029830932617,2.3324469820623803,2.273804574243565,2.3253147850720675,85204800
2015-06-26,2.2421042919158936,2.2991623035594997,2.214169541188377,2.2825204401788772,131904000
2015-06-29,2.0836102962493896,2.2030757506132654,2.079251216282033,2.163055242848883,273744000
2015-06-30,2.10738468170166,2.1406684104882214,2.0840060364266693,2.12699827520397,176793600
2015-07-01,2.150573253631592,2.1781123590235105,2.123827470731019,2.1644422267083616,141624000
2015-07-02,2.1586971282958984,2.1769242791873387,2.135120773864532,2.1699897905564463,105523200
2015-07-06,2.140470266342163,2.176330317785023,2.1000541067466743,2.114120793086829,131808000
2015-07-07,2.1513664722442627,2.1614706216714326,2.0289295294177694,2.1466117517766943,250329600
2015-07-08,2.0435898303985596,2.1166954527985196,2.031108432441384,2.108573361626496,184881600
2015-07-09,2.0376462936401367,2.1281868723997865,2.0376462936401367,2.126007332455588,125260800
2015-07-10,2.1323471069335938,2.1555269073669088,2.097675806391099,2.115902952566957,123259200
2015-07-13,2.24131178855896,2.249830652933523,2.1858390695568337,2.1862347105313,104860800
2015-07-14,2.286285638809204,2.306295102147984,2.2504255915581033,2.25399180289206,102201600
2015-07-15,2.2971818447113037,2.3219469352221855,2.2759827385959537,2.2993613848940506,119140800
2015-07-16,2.3869287967681885,2.3932688017953088,2.3385882706505585,2.352654044418484,139680000
2015-07-17,2.4960925579071045,2.4962902650479926,2.438637774468805,2.44973272738092,143328000
2015-07-20,2.524027109146118,2.5513676037204247,2.491138797960247,2.5168949146490003,95889600
2015-07-21,2.517092227935791,2.5380924869414128,2.497082091589525,2.527988565212182,87408000
2015-07-22,2.4344770908355713,2.4695440314402943,2.4035706154951075,2.403967163383238,108388800
2015-07-23,2.4053542613983154,2.4641952672931975,2.387325726535231,2.44160994519637,96782400
2015-07-24,2.337003231048584,2.44854407145203,2.3255126367465366,2.442996254720049,106473600
2015-07-27,2.2769737243652344,2.325710808473093,2.26251139970652,2.2953985813277153,120624000
2015-07-28,2.337003231048584,2.349881176308292,2.2531992070212428,2.3094650287334226,155596800
2015-07-29,2.363154888153076,2.3780137600589715,2.3243240233484643,2.350673490166938,121737600
2015-07-30,2.3960421085357666,2.4075336094681683,2.304115769285914,2.3463151345302005,137044800
2015-07-31,2.388712167739868,2.4219961224559627,2.372268010904091,2.418033363615574,109036800
2015-08-03,2.3667211532592773,2.4083260408947176,2.317984070429543,2.390098891577884,147734400
2015-08-04,2.3514657020568848,2.373853317169384,2.321550250795986,2.359985474930458,141350400
2015-08-05,2.4065427780151367,2.4523078998637935,2.3827684944045027,2.3904951705872146,127411200
2015-08-06,2.2910401821136475,2.4217982937663654,2.2579541629443534,2.411297595532944,175296000
2015-08-07,2.2819266319274902,2.2975786022488065,2.224472968003446,2.2734077646898565,160176000
2015-08-10,2.358994722366333,2.374250144171468,2.3249188010646913,2.3249188010646913,133804800
2015-08-11,2.2690489292144775,2.34908789545981,2.2304157766625976,2.3209554402757226,173289600
2015-08-12,2.289058208465576,2.30550236346416,2.1493846920143778,2.223283629026544,224347200
2015-08-13,2.278756856918335,2.330862221395129,2.265680975639972,2.2981727449276392,140659200
2015-08-14,2.2910401821136475,2.3001533026559056,2.2510196754142506,2.263501072783293,145982400
2015-08-17,2.3473052978515625,2.349088289991505,2.256567685138749,2.2734074836140734,125356800
2015-08-18,2.3098604679107666,2.343738672957452,2.302530566751939,2.334031298212944,108998400
2015-08-19,2.2664730548858643,2.326701642176137,2.2260569026464236,2.2882664160220108,235516800
2015-08-20,2.079845666885376,2.2242739302275782,2.07647829656598,2.2030759576978234,300019200
2015-08-21,1.8211033344268799,2.0416089427179953,1.8211033344268799,1.9910888680993695,380289600
2015-08-24,1.6053526401519775,1.8123859440457462,1.2937128575406593,1.4868782050520213,392716800
2015-08-25,1.584153413772583,1.8054522096661432,1.5770211059594053,1.7731582671336448,289665600
2015-08-26,1.8127825260162354,1.8260561141283747,1.6180318898314296,1.7194688206841644,285019200
2015-08-27,1.9544367790222168,1.9583995382151362,1.8292266934282042,1.897973128733427,485952000
2015-08-28,1.9528526067733765,1.9732586195028017,1.9106534567408653,1.9233327910875204,214094400
2015-08-31,1.8803409337997437,1.9524556384814347,1.8662742511787775,1.9207571960735172,206870400
2015-09-01,1.709761381149292,1.8252639792481749,1.6806380024868013,1.7390825803565295,313862400
2015-09-02,1.8488402366638184,1.8488402366638184,1.737299276912962,1.7965369440445307,180278400
2015-09-03,1.8183293342590332,1.907482449303201,1.805253454872724,1.8714256076003968,223224000
2015-09-04,1.757507562637329,1.791782324531773,1.7254124544031257,1.7454227111530116,279643200
2015-09-08,1.9066905975341797,1.9108510636293656,1.8351701448023587,1.857161212266683,225350400
2015-09-09,1.8403202295303345,1.973060050324158,1.8250658318790638,1.9720692473762598,281284800
2015-09-10,1.8991613388061523,1.9362101137029912,1.8262544530111697,1.8327923920888367,247161600
2015-09-11,1.929870367050171,1.929870367050171,1.8573589991695074,1.8738031560898891,189720000
2015-09-14,1.912634015083313,1.9520591351112313,1.8916337511628023,1.9514648799938668,176664000
2015-09-15,1.9793994426727295,1.9988153267295854,1.905898185881468,1.9268982210670127,152654400
2015-09-16,2.0124857425689697,2.019815871833494,1.961371184514177,1.9833622524929588,140414400
2015-09-17,2.0180325508117676,2.1069880748021426,1.9910888289645006,2.0103058739616873,242361600
2015-09-18,1.932644248008728,2.001390793967864,1.921152745604815,1.9255120526192582,272342400
2015-09-21,1.949087381362915,1.9962403113312288,1.8969829300883712,1.962163261063126,200313600
2015-09-22,1.8631047010421753,1.880142205719456,1.8084240490123469,1.8589442351318939,283795200
2015-09-23,1.8660765886306763,1.8908407721298508,1.8365566634356572,1.8761806267134142,223761600
2015-09-24,1.844481110572815,1.865877924501,1.763253275448853,1.8109994454261944,293836800
2015-09-25,1.7997066974639893,1.909662377825331,1.7638475598735177,1.9070871966168472,283824000
2015-09-28,1.6445798873901367,1.7779131817461362,1.6287300996217438,1.7747436323035488,360057600
2015-09-29,1.6202114820480347,1.7067895364575536,1.5833614281165944,1.6564671674717193,365750400
2015-09-30,1.7273929119110107,1.7355161360515712,1.6681561567713459,1.687571134062301,333864000
2015-10-01,1.7515637874603271,1.7527525244256381,1.66974068456823,1.738290200411467,219264000
2015-10-02,1.84250009059906,1.8446797439662532,1.6641936302185059,1.6812321552840785,317404800
2015-10-05,1.9265015125274658,1.9383886533033956,1.8734062670162563,1.8854911149152782,208152000
2015-10-06,1.8989639282226562,1.929275928001042,1.8510189208016505,1.9124363563889137,230121600
2015-10-07,1.9294739961624146,1.942946198537786,1.8575569901651952,1.9328422734846715,253108800
2015-10-08,1.9530500173568726,1.9633518745593417,1.852604018846009,1.9088699528144084,291873600
2015-10-09,1.9768242835998535,1.9910889008590409,1.9401722774383465,1.9556254049681001,175224000
2015-10-12,1.9934661388397217,2.005155346824201,1.9698897890013687,1.9918808540575919,152539200
2015-10-13,1.9544367790222168,2.0202125053032245,1.9494841235805112,1.9593903413775722,212966400
2015-10-14,1.946115255355835,1.9845504708932369,1.9209545308802118,1.9550306672833349,183331200
2015-10-15,2.0412118434906006,2.0416083913478364,1.95958760247538,1.9671163435544958,214569600
2015-10-16,2.0665717124938965,2.070335630131886,2.0247691230915095,2.0546845708854304,132643200
2015-10-19,2.1036198139190674,2.106988090927292,2.0455716770699364,2.0570622720333733,163622400
2015-10-20,2.068751573562622,2.105007259071003,2.0489391387722153,2.0909405754759924,145252800
2015-10-21,2.0354673862457275,2.10718541845215,2.0295237024908506,2.1012419614256257,176496000
2015-10-22,2.1561217308044434,2.1612720930064695,2.0689494245413345,2.0863834776828467,259752000
2015-10-23,2.3354179859161377,2.36374928458641,2.2952006784469163,2.3300687831541658,204057600
2015-10-26,2.3423521518707275,2.3552300955808674,2.3060964744327266,2.332445936680611,119889600
2015-10-27,2.3576083183288574,2.3659292515206305,2.3213526293689104,2.323333555616772,104462400
2015-10-28,2.4122886657714844,2.413872816995483,2.3098607170510586,2.3683063066059242,208958400
2015-10-29,2.4033730030059814,2.415061303482732,2.3740509042366478,2.380985391164049,99825600
2015-10-30,2.370485305786133,2.4190246862531772,2.370287598604125,2.4065432867468535,120072000
2015-11-02,2.451317548751831,2.4592428404491815,2.374844548857461,2.388118137103197,110601600
2015-11-03,2.474696159362793,2.503026327683241,2.4249680438659977,2.4362609325248816,123624000
2015-11-04,2.4756863117218018,2.506197157048727,2.446167403292441,2.4992626679031225,145833600
2015-11-05,2.4538934230804443,2.501441994921933,2.4182322209277216,2.4832146191563607,142252800
2015-11-06,2.4620158672332764,2.469941158645928,2.3950525395960005,2.443590783364041,136248000
2015-11-09,2.382767915725708,2.4433921201541016,2.3373991260892244,2.433485906539059,151315200
2015-11-10,2.365928888320923,2.37088154327292,2.3239274540663266,2.3447300105807316,98721600
2015-11-11,2.3554279804229736,2.4180328920778726,2.343738546981385,2.3839569817326227,100828800
2015-11-12,2.2870774269104004,2.3605795939142773,2.2819261580884027,2.3251161008894567,137928000
2015-11-13,2.1525557041168213,2.265086683985416,2.1487908788093755,2.2583510362748713,197697600
2015-11-16,2.2423031330108643,2.245670502969479,2.1303655160213832,2.1454232281855012,185544000
2015-11-17,2.2500295639038086,2.297379292482879,2.231802415813995,2.2559732484392656,221414400
2015-11-18,2.379004716873169,2.3853438157939344,2.269444573138057,2.275388257755098,196276800
2015-11-19,2.382570505142212,2.415854226181901,2.3702868168691307,2.382965919375817,103958400
2015-11-20,2.429920196533203,2.436854683526729,2.409910965009494,2.4158544223267504,101995200
2015-11-23,2.4103071689605713,2.460629540962898,2.3795992989825443,2.432892493423918,112876800
2015-11-24,2.4027788639068604,2.4208071704178145,2.3265026782221248,2.363551227872159,132494400
2015-11-25,2.408128261566162,2.4233827758449067,2.395250314500595,2.4120901138351054,55977600
2015-11-27,2.416844367980957,2.4344772598902527,2.3952498512972453,2.4253641398660504,27206400
2015-11-30,2.40159010887146,2.4414117729397224,2.377815825405258,2.441015225019846,93273600
2015-12-01,2.4729127883911133,2.4729127883911133,2.420807428715835,2.4285341057345278,117043200
2015-12-02,2.4279394149780273,2.5109514755856694,2.415260310689112,2.4776675231391,122092800
2015-12-03,2.3041160106658936,2.458053936834253,2.261718253652329,2.4471569165581752,225912000
2015-12-04,2.4624128341674805,2.476479520291965,2.3100601621889023,2.3237303002647796,173289600
2015-12-07,2.432297706604004,2.474299136546885,2.396240867709287,2.4697421231033116,138451200
2015-12-08,2.432497024536133,2.4548837344049357,2.3522589734411135,2.355230702727208,162600000
2015-12-09,2.3191730976104736,2.4392328275911854,2.2777659119562865,2.398024482766323,289732800
2015-12-10,2.3520596027374268,2.3980237897357477,2.315606216991057,2.3360122228620903,162926400
2015-12-11,2.1907920837402344,2.2888605011029592,2.185640588004844,2.270633352422906,294873600
2015-12-14,2.2399258613586426,2.241906787428129,2.105601751797359,2.200301898487206,232344000
2015-12-15,2.2779650688171387,2.3375985074283805,2.27162506097017,2.29738005333038,191558400
2015-12-16,2.378608465194702,2.3926751494190426,2.2565678155691686,2.326107460515548,196512000
2015-12-17,2.2795493602752686,2.41228934426866,2.2765776305009697,2.410307510900449,189513600
2015-12-18,2.1543385982513428,2.271029800185578,2.149583650678773,2.2549821922207243,204955200
2015-12-21,2.2183306217193604,2.2185294625671665,2.159291894554453,2.2076324399591196,128059200
2015-12-22,2.260331630706787,2.2702378480926635,2.217538231730718,2.2530017281647203,134044800
2015-12-23,2.312040328979492,2.3156063127755795,2.2833133911023387,2.295794787845384,109896000
2015-12-24,2.3072855472564697,2.328682358482576,2.306096810329643,2.310059569056913,48480000
2015-12-28,2.3066916465759277,2.3066916465759277,2.2425012030348714,2.2910405836983827,102672000
2015-12-29,2.4118919372558594,2.4293259883648433,2.341955758399578,2.346710705727817,145305600
2015-12-30,2.3502769470214844,2.4105055306840186,2.3484939549422115,2.4075338016424332,89592000
2015-12-31,2.263105630874634,2.3372011524600356,2.260529542784092,2.3247197539928357,175905600
2016-01-04,2.124819278717041,2.124819278717041,2.035468315053975,2.112337877228917,265867200
2016-01-05,2.105799436569214,2.1581027314451853,2.077072494576924,2.1495838651962207,132326400
2016-01-06,2.049335241317749,2.081232519797268,1.9978241463922255,2.0005981678031572,243787200
2016-01-07,1.8543872833251953,1.9910888612921087,1.8516132614115348,1.9158036977096862,340348800
2016-01-08,1.8106026649475098,1.92907810896978,1.8022817332057173,1.8946055317141064,331819200
2016-01-11,1.8264524936676025,1.8629059976412714,1.7414597288696743,1.8482458532818158,336177600
2016-01-12,1.8880679607391357,1.916398244840678,1.8108018593957271,1.8755864473245827,317520000
2016-01-13,1.690543293952942,1.9241248024483626,1.6840053533661445,1.9108512140965292,413400000
2016-01-14,1.799904465675354,1.8454720016906785,1.6305134022909173,1.7119399637486632,363417600
2016-01-15,1.6344761848449707,1.689949036335251,1.5637479109224262,1.6202116790173022,564715200
2016-01-19,1.64141047000885,1.706195163448689,1.5851445294580957,1.6984684862324508,259228800
2016-01-20,1.626551628112793,1.6796469996891692,1.456961727590337,1.5643421146915022,554697600
2016-01-21,1.6324951648712158,1.7040155054943646,1.5821727961498608,1.6469573760559184,338112000
2016-01-22,1.773158311843872,1.7759322202008803,1.7139215549952316,1.7285816986390246,286881600
2016-01-25,1.6933170557022095,1.7848477625119388,1.6899487786553646,1.7573095582959504,277084800
2016-01-26,1.7416573762893677,1.7622619969048174,1.6717223310342197,1.715704573568375,243038400
2016-01-27,1.6120880842208862,1.7317521481709137,1.5889082817213978,1.7099589030698528,358315200
2016-01-28,1.6756840944290161,1.6919304292379436,1.59505052982784,1.6877698502605976,315571200
2016-01-29,1.784847378730774,1.784847378730774,1.6750895463324993,1.679448738895525,257716800
2016-02-01,1.7949516773223877,1.8175371115531094,1.7365071092055684,1.7557242666198465,228240000
2016-02-02,1.6810334920883179,1.7737529429042451,1.664590354034915,1.7737529429042451,256867200
2016-02-03,1.657259225845337,1.7131286179848917,1.5679081706390334,1.712732976926259,471302400
2016-02-04,1.6542874574661255,1.6949023351375971,1.5978236981642027,1.640816049785489,284035200
2016-02-05,1.4841039180755615,1.6400227484990308,1.4656789507284314,1.6384383706732675,429777600
2016-02-08,1.416347622871399,1.43398051612372,1.334128881785616,1.4012909308969257,514963200
2016-02-09,1.399903416633606,1.4658768398329443,1.3515628860579387,1.3579030050339325,459494400
2016-02-10,1.4165455102920532,1.5041143652214453,1.4143668771349114,1.4512168166080184,375528000
2016-02-11,1.4131782054901123,1.444480215924539,1.3507708715138806,1.3630536562065285,477076800
2016-02-12,1.4734059572219849,1.4795472365012539,1.4189230051444566,1.4573583465632665,316430400
2016-02-16,1.5714744329452515,1.5714744329452515,1.5130298577265988,1.5417566870828598,299313600
2016-02-17,1.6800432205200195,1.6885619719108695,1.596833571479656,1.6112958935228565,365232000
2016-02-18,1.6229853630065918,1.6984684617409587,1.6176362732564378,1.6978740932433418,257899200
2016-02-19,1.6398252248764038,1.6534953607583631,1.5893050342645931,1.6045604551727854,238934400
2016-02-22,1.7172889709472656,1.7230347216905602,1.6796468442148063,1.684401678549626,248265600
2016-02-23,1.6317020654678345,1.7016381460960432,1.6301178006553738,1.6869770931156418,267825600
2016-02-24,1.6802414655685425,1.685987217176624,1.5461150542336994,1.5764271701919916,350558400
2016-02-25,1.7266008853912354,1.7285818113706983,1.6453721506345298,1.6913362311543414,259598400
2016-02-26,1.7226380109786987,1.7701863498342272,1.7109497103579505,1.7660258843548913,248577600
2016-02-29,1.6770716905593872,1.7571107796642356,1.6770716905593872,1.7186764633264149,229968000
2016-03-01,1.8375474214553833,1.8379430624910444,1.7093646005615126,1.723034735210862,311136000
2016-03-02,1.8395285606384277,1.8415093734228296,1.7971314809590073,1.830613145963414,193972800
2016-03-03,1.8292263746261597,1.836358569053796,1.7903944928281983,1.834773397634372,206596800
2016-03-04,1.8323962688446045,1.8674632192466543,1.7955462128179018,1.8361601872723317,237844800
2016-03-07,1.798319935798645,1.8359620612828438,1.7586959775632167,1.8038669589281733,189124800
2016-03-08,1.750771403312683,1.8078294072229775,1.7438369166299774,1.7600823432294834,212563200
2016-03-09,1.7842531204223633,1.787422669544334,1.743440428351931,1.774346904875516,208344000
2016-03-10,1.7775174379348755,1.8397259213033694,1.7091666562735888,1.8127822019050226,343454400
2016-03-11,1.8696426153182983,1.8716234278485067,1.8193202504033164,1.8349711974134482,169660800
2016-03-14,1.8805387020111084,1.8944066568146443,1.8486414196945173,1.8508209596235032,157166400
2016-03-15,1.8793503046035767,1.8845016874096732,1.8426980702651976,1.861519589007034,193118400
2016-03-16,1.927295207977295,1.9433425903924797,1.862708223438291,1.862708223438291,176457600
2016-03-17,1.9217473268508911,1.9389836744344247,1.8902464743866099,1.9126342049286509,127507200
2016-03-18,1.9328420162200928,1.9490873316680077,1.9041150765000368,1.9375967371626925,147537600
2016-03-21,1.955824375152588,1.9623620889867701,1.9207574249128179,1.9245213433231267,136008000
2016-03-22,1.973258376121521,1.9881172490942307,1.9223415239909767,1.9241247429230197,127214400
2016-03-23,1.926304578781128,1.9671172856557932,1.912832147957885,1.9627579778784334,154454400
2016-03-24,1.925709843635559,1.9292758277015105,1.8880676033269703,1.895001070756321,127022400
2016-03-28,1.918775200843811,1.9455212128186385,1.9094641469399392,1.945125571815832,129384000
2016-03-29,2.010504961013794,2.0148633614152582,1.898964101381917,1.9082758375567148,179793600
2016-03-30,2.0406181812286377,2.078459151266341,2.0275423009169877,2.047156121384463,209884800
2016-03-31,2.028730869293213,2.0588451596683606,2.022192929680819,2.0360619047845137,118521600
2016-04-01,2.0962893962860107,2.0986668698888855,1.986531556660805,1.997824216181916,163022400
2016-04-04,2.0703353881835938,2.1000531253676327,2.0578539929810993,2.0931195459545995,136632000
2016-04-05,2.0146656036376953,2.0469585352015085,2.00416512944325,2.0229865373482334,146841600
2016-04-06,2.1111481189727783,2.112733403568614,2.018825243359805,2.0208061689195613,182088000
2016-04-07,2.0200140476226807,2.0855909160823094,1.993663678359434,2.0752890598767157,252225600
2016-04-08,2.0152599811553955,2.0709304257201264,1.9942588071265392,2.056666033449498,166243200
2016-04-11,1.9936641454696655,2.0713267870176963,1.9920797673630208,2.041411334112269,137059200
2016-04-12,2.040222644805908,2.054090714860031,1.960182527311767,1.9974290173936955,182424000
2016-04-13,2.119866132736206,2.1299702840323604,2.0816286142363714,2.089949546640026,162182400
2016-04-14,2.1212527751922607,2.1446305163203423,2.104610908829468,2.1204608128052684,111240000
2016-04-15,2.105006694793701,2.1293752303152664,2.0889590894412056,2.114317520906045,83092800
2016-04-18,2.13611102104187,2.140469420265503,2.0834114151767604,2.0875718805439587,101462400
2016-04-19,2.0992610454559326,2.1594887117741237,2.0653828414467297,2.157507786151201,158582400
2016-04-20,2.104412794113159,2.1327429587326527,2.077072298875221,2.0964872768390137,107769600
2016-04-21,2.105006694793701,2.1269977569160057,2.076477694187601,2.103223703108427,133473600
2016-04-22,2.009711980819702,2.051515488967763,1.9609748904858162,2.0241752142396674,201321600
2016-04-25,2.008127450942993,2.0093161880234036,1.9797963751047771,1.9877207599412114,96950400
2016-04-26,1.9805881977081299,2.032099302887095,1.96176770002642,2.0198158384085207,109315200
2016-04-27,1.933039665222168,1.945323355245492,1.883312690607462,1.9205582680538709,183004800
2016-04-28,1.8644912242889404,1.9726636760642537,1.8512175244515685,1.939379949392642,160771200
2016-04-29,1.8347735404968262,1.8734065845198336,1.7890081881266475,1.8581511647585864,191260800
2016-05-02,1.8833130598068237,1.8918318134315089,1.8236788369645456,1.8462642753289396,118017600
2016-05-03,1.8331882953643799,1.8686517906205014,1.8163484972442763,1.8438867014351623,145963200
2016-05-04,1.796932578086853,1.8181315693139308,1.782668074709231,1.7995087794335733,155145600
2016-05-05,1.795942783355713,1.8274435209153859,1.7832625438965386,1.8139712057762962,143976000
2016-05-06,1.8218953609466553,1.8234806457490005,1.7622620571400098,1.7672147117770853,156849600
2016-05-09,1.8379430770874023,1.8629059860803803,1.8211032794512838,1.8236785738577284,118540800
2016-05-10,1.9150114059448242,1.916200142856384,1.8480470646902711,1.8575567332543659,116481600
2016-05-11,1.8627080917358398,1.9225401241226008,1.8599340700063813,1.9056994202403779,127065600
2016-05-12,1.8365565538406372,1.8807366218156834,1.7981213298930763,1.8773692517195348,184742400
2016-05-13,1.8143675327301025,1.8654819714854833,1.8058477605250447,1.8353676817857207,155966400
2016-05-16,1.8843027353286743,1.9043131032990608,1.81971688468743,1.8216976973116217,117292800
2016-05-17,1.8119902610778809,1.895397745170366,1.7987157666079079,1.8821241576140004,187228800
2016-05-18,1.8325937986373901,1.862113720303582,1.7894046496905018,1.801886046990214,237969600
2016-05-19,1.8036692142486572,1.8254615532993421,1.764243074865386,1.8102071540286695,254097600
2016-05-20,1.8638966083526611,1.8852933031383439,1.8224895492970452,1.8256601185884413,125352000
2016-05-23,1.8547836542129517,1.889651757304873,1.851018716208082,1.8686516085375342,86928000
2016-05-24,1.9683054685592651,1.9742489262954195,1.8852935203938075,1.8866800777976929,150004800
2016-05-25,2.01070237159729,2.027740781133961,1.9797958951838805,1.9908908474876637,140846400
2016-05-26,2.0275418758392334,2.034872910402923,2.001390347427048,2.0174379535191913,95270400
2016-05-27,2.058053493499756,2.0596378718329875,2.0307132179286187,2.0309109251276136,107140800
2016-05-31,2.0703353881835938,2.0800438957688945,2.039627755060334,2.069345492244373,112948800
2016-06-01,2.071129083633423,2.084402671504771,2.0459674451871495,2.051515262583023,100536000
2016-06-02,2.0828170776367188,2.0840058144994202,2.0247691725182095,2.0570620947678004,104659200
2016-06-03,2.054288625717163,2.074695545199405,2.0140713092640423,2.070930492814874,155529600
2016-06-06,2.076279401779175,2.092723559345593,2.05488258899159,2.063600296062359,85996800
2016-06-07,2.0616190433502197,2.0861852885819174,2.0576562849616526,2.0830158527475096,77107200
2016-06-08,2.070732355117798,2.0838082346780777,2.0485433547528658,2.0729118951062317,82262400
2016-06-09,2.0616190433502197,2.0677604346118694,2.034079935777814,2.045967077301683,99729600
2016-06-10,1.9922772645950317,2.0164480945598746,1.9698896531587422,2.0061451045567567,161760000
2016-06-13,1.9411627054214478,1.9900977131733444,1.9336339636401028,1.9587955963772083,119049600
2016-06-14,1.9421544075012207,1.9611737489375616,1.897973311251782,1.925313699589685,141729600
2016-06-15,1.9247188568115234,1.9611733812799668,1.914020450918138,1.9548331485329098,106377600
2016-06-16,1.9385879039764404,1.9461157403169311,1.8579534222115075,1.8963886473267513,164361600
2016-06-17,1.8722178936004639,1.9306625791949277,1.8593398340621754,1.9306625791949277,167020800
2016-06-20,1.9058982133865356,1.963946118699909,1.9031241917264212,1.9393798726112246,139243200
2016-06-21,1.9249176979064941,1.9370025479173203,1.9041151412313226,1.9175866620863395,86414400
2016-06-22,1.9124362468719482,1.962361837358879,1.906888203278782,1.9304645544449197,103296000
2016-06-23,1.9930698871612549,1.9938629831269492,1.9326442728350208,1.9568142011457454,128558400
2016-06-24,1.7489885091781616,1.8692460357740848,1.7355161954413687,1.783064537769547,325502400
2016-06-27,1.6471551656723022,1.711544330037616,1.6206079910912627,1.7091668560637094,235963200
2016-06-28,1.7503752708435059,1.7527526315552378,1.6956946141032332,1.6972797857608626,199468800
2016-06-29,1.8413113355636597,1.8541893945654218,1.789800346562739,1.7931686234759192,208464000
2016-06-30,1.9082756042480469,1.9104544640897594,1.8345757267842124,1.8524063276720182,165811200
2016-07-01,1.9344276189804077,1.9576074258648035,1.9027280382072158,1.9049075785215834,131424000
2016-07-05,1.900152564048767,1.9130306238010655,1.8694439027401164,1.9094644127984353,130939200
2016-07-06,1.9449268579483032,1.9490873237793833,1.855773630033644,1.8741985987273666,173476800
2016-07-07,1.9633523225784302,1.9772210737506761,1.9366063036467167,1.953644718233241,126230400
2016-07-08,2.0540904998779297,2.058845220910315,1.9871260436461764,1.9924752465128528,150043200
2016-07-11,2.0891573429107666,2.11312933422888,2.075486982137719,2.077467907969047,142646400
2016-07-12,2.122044563293457,2.138885267302111,2.113723631684512,2.127988247820119,115790400
2016-07-13,2.1071860790252686,2.1404700383015736,2.105799634716479,2.139281301177946,126412800
2016-07-14,2.149979591369629,2.1614710941523487,2.133931981168024,2.148989695127238,109905600
2016-07-15,2.137894630432129,2.1676123751899694,2.1248187501855913,2.163848457032583,85416000
2016-07-18,2.180490255355835,2.1927730392886535,2.1418570976519793,2.143640316458632,83860800
2016-07-19,2.157904863357544,2.177716391729913,2.1464133606792974,2.159489241479152,78667200
2016-07-20,2.2318027019500732,2.245076290050632,2.1846509012032715,2.190990000849751,90724800
2016-07-21,2.2185287475585938,2.25022741475513,2.199509411203648,2.2385379799930485,112804800
2016-07-22,2.244283676147461,2.2526048339887796,2.201886831664218,2.223679055502156,86803200
2016-07-25,2.246264934539795,2.246463775348152,2.2228874224895288,2.2393315800135007,76243200
2016-07-26,2.253793478012085,2.277567762657464,2.2189244667379606,2.2440861023507916,136353600
2016-07-27,2.297776460647583,2.317390284816256,2.27063389179235,2.309069124220537,130564800
2016-07-28,2.322739362716675,2.331456844157324,2.288663213190749,2.3104556697860015,87120000
2016-07-29,2.337994337081909,2.357211381747063,2.3167952328534964,2.339380781171286,102633600
2016-08-01,2.374645233154297,2.3926746729981345,2.3350221835176135,2.3437387556352736,105316800
2016-08-02,2.3211541175842285,2.371278559772919,2.275785304316266,2.364542004517011,161107200
2016-08-03,2.3431448936462402,2.344333630680426,2.3114462218910514,2.3160032361291014,85334400
2016-08-04,2.3641462326049805,2.370881880574508,2.3253144557185847,2.3425505771098423,84028800
2016-08-05,2.432497024536133,2.4477513120442156,2.3922785785802954,2.402382503498699,123480000
2016-08-08,2.424769878387451,2.438043463929646,2.400599047321983,2.436657019962877,75902400
2016-08-09,2.4408178329467773,2.463204541675692,2.42496793070942,2.428930689679259,79819200
2016-08-10,2.4219961166381836,2.4463646574542417,2.402184589767751,2.4426007394229297,87720000
2016-08-11,2.453299045562744,2.4685535578672906,2.4315056867062275,2.4447792731326685,68649600
2016-08-12,2.457855463027954,2.457855463027954,2.4317037011691904,2.4388361235279867,68275200
2016-08-15,2.4887619018554688,2.505206059766986,2.4641954254873255,2.466572899564374,57254400
2016-08-16,2.449533700942993,2.4764783229323832,2.4461663317203644,2.4742987834537185,62596800
2016-08-17,2.4610257148742676,2.4628087068691875,2.4087224246489227,2.4495342135682496,89836800
2016-08-18,2.463402509689331,2.472912176463612,2.4408171928056253,2.453298587935306,56755200
2016-08-19,2.4600348472595215,2.4758847492946447,2.429326299740086,2.44993092298451,73617600
2016-08-22,2.4624128341674805,2.4782625127758138,2.435666813267528,2.4483461480429956,73243200
2016-08-23,2.477073907852173,2.5065928164974185,2.4752906887078523,2.4923281969850284,62654400
2016-08-24,2.429326295852661,2.4842056774819743,2.4061464915144715,2.473507271367672,71198400
2016-08-25,2.417835235595703,2.4400242325729034,2.401787629511371,2.4101085600599093,58444800
2016-08-26,2.4295248985290527,2.475685892913574,2.3853439232213307,2.4210053523444874,107313600
2016-08-29,2.436260938644409,2.4580540734946035,2.4295250642866852,2.430911735247399,49833600
2016-08-30,2.414269208908081,2.4477508675000936,2.389702963283606,2.4273450874662372,65750400
2016-08-31,2.4079291820526123,2.4146657353238723,2.3764284495103474,2.403768716499044,71616000
2016-09-01,2.4186275005340576,2.433288436473669,2.3738529572822697,2.4095143808341253,85953600
2016-09-02,2.4469592571258545,2.4762804570598536,2.4212042685677275,2.4616204239139132,90739200
2016-09-06,2.4923274517059326,2.4943092843670267,2.4447791120970415,2.461619815056437,65985600
2016-09-07,2.496884822845459,2.510951732970861,2.4703367410247288,2.500054485878406,58075200
2016-09-08,2.454091787338257,2.4778658506998252,2.4350724459576285,2.476479406328386,70065600
2016-09-09,2.2680583000183105,2.4091182823932886,2.2680583000183105,2.3942594098232712,160915200
2016-09-12,2.38435435295105,2.4000054162229576,2.229821925751998,2.233982619104204,130651200
2016-09-13,2.32808780670166,2.375041893622719,2.2920300589470632,2.3524565728768048,125308800
2016-09-14,2.3580029010772705,2.397230301895038,2.3316534422821507,2.3340309154779724,111528000
2016-09-15,2.4673655033111572,2.4790547150331936,2.359589456687967,2.3615703831139006,131860800
2016-09-16,2.4645919799804688,2.472912912543707,2.428930775644188,2.461223702755415,81523200
2016-09-19,2.432297706604004,2.5067908986026177,2.419221828236037,2.4834122565205647,91670400
2016-09-20,2.4457709789276123,2.476479533001469,2.4344780885294295,2.456667094546707,75782400
2016-09-21,2.516894817352295,2.528187477096884,2.434675176207894,2.4764786722170524,138600000
2016-09-22,2.5757365226745605,2.586632636534734,2.5549339644577227,2.564047086112719,78100800
2016-09-23,2.529376983642578,2.5690000450099904,2.517687772428008,2.5676136006276273,73065600
2016-09-26,2.4665732383728027,2.4947057029923863,2.454289545044629,2.4857902873430366,81883200
2016-09-27,2.536508560180664,2.541064439840671,2.454288694728973,2.4637983623202775,82900800
2016-09-28,2.550377130508423,2.5549341451149608,2.5117439673228694,2.545622408715612,75696000
2016-09-29,2.496290445327759,2.5519620141362793,2.4628087839460022,2.539480616324454,114830400
2016-09-30,2.547603130340576,2.572962704854947,2.5067915600970734,2.51927295998099,79987200
2016-10-03,2.541857957839966,2.5493860208178023,2.5091684842357296,2.538886228735653,81758400
2016-10-04,2.5273947715759277,2.5785093293010646,2.4996588595043105,2.5598865385953036,112204800
2016-10-05,2.5537450313568115,2.578509213155817,2.546810543512358,2.550376754377338,68856000
2016-10-06,2.5497825145721436,2.5662266714268775,2.51352683077655,2.54423537772006,74529600
2016-10-07,2.533140182495117,2.5674149370596164,2.496686795014184,2.557905268996967,90561600
2016-10-10,2.578509569168091,2.5987176467363033,2.5691987397700697,2.570585184073603,59889600
2016-10-11,2.4719221591949463,2.5763308197804866,2.43784601247061,2.5731602496630965,129643200
2016-10-12,2.4667701721191406,2.4897522663291594,2.4416096717573335,2.474496848143994,82056000
2016-10-13,2.4378461837768555,2.4578556477522766,2.37088194250301,2.4152608581284625,104428800
2016-10-14,2.443392753601074,2.502630303001552,2.4412129869988255,2.4707330214915255,81811200
2016-10-17,2.426553249359131,2.455477898623057,2.416844739149517,2.4427985661510285,55862400
2016-10-18,2.4887619018554688,2.52462194691061,2.4863844277784204,2.5111495182312,76968000
2016-10-19,2.4897522926330566,2.4996585085561915,2.476279866184997,2.484205383071592,47054400
2016-10-20,2.479252576828003,2.496687540301641,2.4372520404858675,2.478262453736513,69950400
2016-10-21,2.5061967372894287,2.5119415813810613,2.461223572892716,2.4846013110505862,58632000
2016-10-24,2.5975284576416016,2.6026799532326512,2.554933676505043,2.5569146023876628,68649600
2016-10-25,2.5715763568878174,2.6036715835318054,2.5614724300157037,2.5999067575352286,59712000
2016-10-26,2.522244453430176,2.5628583126849396,2.498271552216291,2.5220456126186623,95308800
2016-10-27,2.486978530883789,2.559292191542773,2.475685869800834,2.5531507995546185,103041600
2016-10-28,2.4439871311187744,2.503026069420189,2.4170434098072087,2.4634030165291763,142958400
2016-10-31,2.430119037628174,2.4677611607041228,2.428930300818893,2.4677611607041228,56904000
2016-11-01,2.3801934719085693,2.44577034997658,2.314417753045258,2.44577034997658,101923200
2016-11-02,2.3181817531585693,2.388315647560376,2.3023329848965997,2.3722680384960584,81763200
2016-11-03,2.2514164447784424,2.330465529285208,2.24289757848472,2.308672168440481,87014400
2016-11-04,2.225858688354492,2.2797470302151988,2.2145658024693953,2.2306134086784635,84921600
2016-11-07,2.3853437900543213,2.3928725327307947,2.3245218608352616,2.333634981450156,100963200
2016-11-08,2.432100534439087,2.4641957586331182,2.361570305474063,2.3774199836449044,110587200
2016-11-09,2.4661765098571777,2.477073757987907,2.339183200138706,2.3459190748181022,183292800
2016-11-10,2.3488903045654297,2.5101583422099094,2.248047645726053,2.49609256737853,247968000
2016-11-11,2.346909761428833,2.363947267828826,2.2902473841989246,2.3126350008992786,113563200
2016-11-14,2.2676615715026855,2.3564191587944157,2.241906587427705,2.3512678899053583,177552000
2016-11-15,2.3726649284362793,2.3942596775233045,2.3185786353032123,2.3251165762415655,105571200
2016-11-16,2.4112982749938965,2.4188270197318285,2.336806190998926,2.336806190998926,86337600
2016-11-17,2.4671669006347656,2.4671669006347656,2.3946557625797076,2.409712341089034,75537600
2016-11-18,2.439429998397827,2.487771435593835,2.4319021628634934,2.4717240546092842,63057600
2016-11-21,2.51273512840271,2.520461806788749,2.4538938843879197,2.4548840074699303,83625600
2016-11-22,2.535320281982422,2.5557260647756777,2.5176873875299792,2.5432446663160078,76680000
2016-11-23,2.5048091411590576,2.5194700779792805,2.4725159921829634,2.51095143952747,73824000
2016-11-25,2.528979778289795,2.5327436960672784,2.5063942310695047,2.5166960883103653,38280000
2016-11-28,2.5149126052856445,2.547800910238394,2.504610750056367,2.5174886925958773,71467200
2016-11-29,2.5390841960906982,2.573953210238401,2.498668044899861,2.517092901626472,74582400
2016-11-30,2.456865072250366,2.550376465876651,2.4433926460416573,2.5442350746392886,151296000
2016-12-01,2.3219470977783203,2.4445820080496468,2.3074836381848947,2.44438407413591,186384000
2016-12-02,2.3312575817108154,2.3607776180785387,2.3035216710433812,2.3241253867490683,102984000
2016-12-05,2.385145902633667,2.4146657091038044,2.336210892762192,2.3689003617831363,89942400
2016-12-06,2.4023821353912354,2.4160524961237555,2.374249678435467,2.40357087226921,69254400
2016-12-07,2.4915359020233154,2.503423046657421,2.36751363930587,2.388315972369236,148867200
2016-12-08,2.506791353225708,2.5269992027634043,2.483412706903784,2.4978759387709766,113016000
2016-12-09,2.5654330253601074,2.569792331614058,2.535121030196563,2.535121030196563,102672000
2016-12-12,2.5297720432281494,2.5466127473517655,2.5006485556696507,2.5303662983206814,95150400
2016-12-13,2.628633499145508,2.66924735009149,2.5537446687142027,2.5573108790727654,169195200
2016-12-14,2.6094157695770264,2.6623133186042027,2.587029061037905,2.633784311041065,142377600
2016-12-15,2.62526535987854,2.668653465040388,2.6024821041100203,2.6165478799951343,106425600
2016-12-16,2.5933678150177,2.654586288092153,2.5789054926346595,2.6375487849101,114753600
2016-12-19,2.6250672340393066,2.672615570853361,2.592575473775083,2.6042649075357684,83572800
2016-12-20,2.656766176223755,2.6696441213635733,2.6409162755056212,2.6456712230482236,62784000
2016-12-21,2.647454023361206,2.663105989072321,2.6308121616235716,2.657756786838316,48288000
2016-12-22,2.6244728565216064,2.652208761532216,2.5961415628804954,2.648642551414487,65520000
2016-12-23,2.6325957775115967,2.633784514592982,2.605255504824981,2.6137752784864756,32251200
2016-12-27,2.671030044555664,2.7167953854514697,2.644086329557795,2.646859443807893,75643200
2016-12-28,2.609217882156372,2.695795701962817,2.603472131497002,2.6872761562767433,91339200
2016-12-29,2.5965383052825928,2.6242742123711373,2.5731596638293133,2.607830964742248,85728000
2016-12-30,2.5206592082977295,2.612982109513261,2.4962906656309447,2.6113977313914374,105384000
2017-01-03,2.581679582595825,2.6129817018535197,2.543244361976648,2.5678106079833873,97646400
2017-01-04,2.625662088394165,2.6401241852514494,2.590198594557974,2.5935668714668854,66513600
2017-01-05,2.6722192764282227,2.675587553178628,2.621104724481642,2.6234821982299428,61372800
2017-01-06,2.7399749755859375,2.7609752324502574,2.6567654566817525,2.677171231900064,95798400
2017-01-09,2.7677130699157715,2.7815809127040696,2.7411647609872967,2.7467118981026157,66172800
2017-01-10,2.7835617065429688,2.8097132395234428,2.7520609705973533,2.7665242014857245,66336000
2017-01-11,2.8049583435058594,2.806940176261458,2.7447306705243126,2.785543365735048,94104000
2017-01-12,2.79069447517395,2.7990154088903307,2.7154102038717887,2.7772231782341006,80517600
2017-01-13,2.822789192199707,2.836261620360248,2.799014905801666,2.7998080017392226,58612800
2017-01-17,2.796241283416748,2.8132787844408176,2.772070455395283,2.7974300200974214,55531200
2017-01-18,2.815261125564575,2.8208080353772456,2.7867321202582813,2.809317441087193,49329600
2017-01-19,2.807732582092285,2.85448873862598,2.7918826801191545,2.8231857093725674,59731200
2017-01-20,2.8259599208831787,2.8667717150707728,2.8053552963370314,2.8449792603787456,56846400
2017-01-23,2.832298755645752,2.844978994308807,2.7803920115142495,2.8172421767279454,55250400
2017-01-24,2.89133882522583,2.903621609971124,2.835865185774597,2.8477521027204804,51691200
2017-01-25,2.9757368564605713,2.9800950291985906,2.9373014096343018,2.9436416417873543,56148000
2017-01-26,2.9880197048187256,3.0058503058055686,2.972170936712444,2.989208441781634,50856000
2017-01-27,3.0022847652435303,3.0121909836409118,2.974944491242188,3.0034735023820787,33249600
2017-01-30,2.9341320991516113,2.9721707729553053,2.8838097351651903,2.970585488120914,75043200
2017-01-31,2.9178857803344727,2.9178857803344727,2.8643939779380565,2.904017938341429,59616000
2017-02-01,2.973360061645508,2.9923794020769425,2.935321380782639,2.974944439860405,72511200
2017-02-02,2.9658310413360596,2.9935678602915914,2.9337358223250884,2.9583020713188417,57895200
2017-02-03,2.991586208343506,3.0014924262462315,2.9686050162117597,2.977718138119252,48192000
2017-02-06,3.002681016921997,3.0042663019215095,2.969000512534471,2.976926030618418,41707200
2017-02-07,3.0335872173309326,3.054587480326116,3.0137756912464924,3.0185304121610814,46634400
2017-02-08,3.050626039505005,3.062513183485327,3.006247353529909,3.0228892190653114,36967200
2017-02-09,3.082324504852295,3.1037213172315625,3.0541920452242324,3.0589467664594037,51525600
2017-02-10,3.1128342151641846,3.1263064156089437,3.087871193602952,3.1037210945873306,47872800
2017-02-13,3.1675148010253906,3.1790063025032285,3.137401417082095,3.1421563647774864,42988800
2017-02-14,3.197232484817505,3.198421221719372,3.139778832873221,3.1694965752347604,62664000
2017-02-15,3.252309799194336,3.2586498049188126,3.1857418930069517,3.1932708623626254,73564800
2017-02-16,3.2495360374450684,3.2796503301785362,3.2261582989138486,3.260234443698006,63950400
2017-02-17,3.290348529815674,3.2927260036622346,3.2340824801178245,3.236064312932318,51607200
2017-02-21,3.342651605606079,3.347406326264717,3.305801443541875,3.313330412542466,66729600
2017-02-22,3.343048334121704,3.351369265770105,3.3149147427431793,3.3323499286513645,43056000
2017-02-23,3.3069908618927,3.358105423194868,3.2657825185977285,3.3577088751930693,62676000
2017-02-24,3.3248207569122314,3.3248207569122314,3.2570643442089837,3.2594418178862408,50731200
2017-02-27,3.3347272872924805,3.3367082132391808,3.289159868851824,3.307387017610799,52437600
2017-02-28,3.3085758686065674,3.338293613214071,3.278461576030631,3.335123043293788,41904000
2017-03-01,3.4155592918395996,3.4314082851464303,3.3505759932880257,3.366425666779969,63254400
2017-03-02,3.361670970916748,3.413974032258232,3.350576018007835,3.413974032258232,42919200
2017-03-03,3.3791050910949707,3.383859811891607,3.3279905388429643,3.3537466557557036,34646400
2017-03-06,3.3557276725769043,3.3743504630518126,3.3168968066641535,3.342652019101876,38774400
2017-03-07,3.339085578918457,3.3838598999984155,3.323235677846264,3.3343306312696375,35428800
2017-03-08,3.3561248779296875,3.3886157439968674,3.335916798533571,3.3474073960247934,38652000
2017-03-09,3.3664257526397705,3.3787094426284336,3.3113486686622124,3.3553307995297397,44172000
2017-03-10,3.403276205062866,3.4218989965576267,3.364445337023595,3.4096164383482246,51456000
2017-03-13,3.4230873584747314,3.4262579282267644,3.396935826230111,3.4001063959821445,33883200
2017-03-14,3.3977293968200684,3.4048615926598758,3.356916694511005,3.399710323006685,53020800
2017-03-15,3.4571640491485596,3.483711219670018,3.385841427936763,3.421106304000635,63813600
2017-03-16,3.4551827907562256,3.480938910301005,3.430219993884068,3.480938910301005,38875200
2017-03-17,3.44686222076416,3.4769765167846587,3.444881294522594,3.463108445994725,35320800
2017-03-20,3.4571640491485596,3.481730520694244,3.431408160612615,3.446861285623129,36696000
2017-03-21,3.303028106689453,3.5066941630593838,3.2951037217678074,3.495599207946777,93568800
2017-03-22,3.368010997772217,3.3771241180348315,3.2895561785337093,3.3050093043171356,71373600
2017-03-23,3.341066598892212,3.382275844038007,3.325217604287211,3.3557275367366985,59064000
2017-03-24,3.3592939376831055,3.4119937805866454,3.3236325074796556,3.372766366072732,51686400
2017-03-27,3.377124547958374,3.3945586017644516,3.266177951509956,3.290745334325408,75259200
2017-03-28,3.440523386001587,3.4698445882550226,3.355728309212683,3.3767285776592857,84000000
2017-03-29,3.486088752746582,3.490843700048382,3.4357672987200125,3.4436916818568237,48170400
2017-03-30,3.503523826599121,3.5150144205924905,3.4734095372385587,3.484900131231928,52927200
2017-03-31,3.4952032566070557,3.523335716158973,3.4765795593145503,3.4880710614094035,54146400
2017-04-03,3.4876749515533447,3.5296763924515573,3.432202214501781,3.5055055551514993,64521600
2017-04-04,3.503523826599121,3.5062969413412857,3.4547867487848616,3.457164222514429,32424000
2017-04-05,3.46350359916687,3.581185837487298,3.442900109984059,3.520561839615156,73360800
2017-04-06,3.466277599334717,3.49520315397142,3.4413148035117613,3.4753907202730265,61651200
2017-04-07,3.462315559387207,3.493618594428766,3.4246734239521572,3.463900844624565,41575200
2017-04-10,3.466277599334717,3.5078824857680337,3.4365598557006893,3.4742019833202584,48376800
2017-04-11,3.422692060470581,3.47024040558937,3.345425744583105,3.452805218829769,85346400
2017-04-12,3.377520799636841,3.4258613314319373,3.3672180351883374,3.4187291366902595,68095200
2017-04-13,3.3375000953674316,3.422295145200583,3.335519169602868,3.3640481736121717,61370400
2017-04-17,3.4167487621307373,3.421107162538974,3.361671667735,3.3656342003227726,36333600
2017-04-18,3.406841993331909,3.434578810049165,3.3787095355865615,3.385048634442962,50755200
2017-04-19,3.418729543685913,3.4797503210173173,3.4044649257759896,3.4460698157241567,57568800
2017-04-20,3.5015416145324707,3.526504632531738,3.4444836115746438,3.4603335102974055,82492800
2017-04-21,3.499958038330078,3.5173920908933027,3.4757872052142607,3.5130336911166897,54026400
2017-04-24,3.627150058746338,3.637451916780808,3.600205202956287,3.615658556828978,60072000
2017-04-25,3.7075858116149902,3.725812960662533,3.654885970635606,3.6632069026940797,64113600
2017-04-26,3.691340208053589,3.737700042190513,3.6834149171728554,3.7111517347924954,87660000
2017-04-27,3.7559268474578857,3.756323395471897,3.709963554380454,3.719076676664714,57676800
2017-04-28,3.7773234844207764,3.805852267243623,3.758304144719936,3.801494093677956,68500800
2017-05-01,3.872419834136963,3.8918359468127477,3.80743720937627,3.8121921572374093,64634400
2017-05-02,3.8954014778137207,3.900948614035207,3.86172097892948,3.891438719419249,60412800
2017-05-03,3.856966018676758,3.872023956377132,3.82566390046503,3.87162718173661,73586400
2017-05-04,3.860929489135742,3.8767791652134163,3.821305525669965,3.8589487897649506,72607200
2017-05-05,3.902930498123169,3.902930498123169,3.847060996914422,3.8886661086393404,54506400
2017-05-08,3.9263081550598145,3.9278934399725633,3.8850998164639905,3.908874102130618,61267200
2017-05-09,3.969498634338379,3.9952536197584747,3.9362144523424907,3.944931252256756,75717600
2017-05-10,3.975836992263794,3.979403429471964,3.9338364692463346,3.9738562932523145,56193600
2017-05-11,3.9663283824920654,3.9683099888323774,3.888269870586429,3.943742604780794,62433600
2017-05-12,3.992084264755249,3.9944617388995676,3.9611780077927636,3.9714796399900982,58538400
2017-05-15,4.029330253601074,4.036066808901848,3.9857444324543985,3.996046519145181,69340800
2017-05-16,4.080048561096191,4.080443975407414,4.025367568495906,4.057858653619474,77066400
2017-05-17,3.771378993988037,4.005159291501871,3.7662286324447924,3.984157896492729,140236800
2017-05-18,3.866872787475586,3.904119275314342,3.7495873206051025,3.7658326370816524,120384000
2017-05-19,3.913628339767456,3.963949790196075,3.901344651206627,3.9045143135433764,72844800
2017-05-22,4.015065670013428,4.019820618554626,3.9366108329110574,3.9409699136211986,65354400
2017-05-23,4.0249714851379395,4.049537961044829,3.9948569652130193,4.047953582965631,68858400
2017-05-24,4.0804443359375,4.085199284141439,4.0269523022852365,4.058652108130435,64941600
2017-05-25,4.187824726104736,4.214372809039539,4.099463676865527,4.12521957073725,87504000
2017-05-26,4.205655097961426,4.210013270976649,4.168804933557916,4.184654608035192,54856800
2017-05-30,4.2143731117248535,4.229826467775053,4.190994690276922,4.195353770992628,55192800
2017-05-31,4.209221839904785,4.261921688274614,4.145031394917466,4.252807659015935,96902400
2017-06-01,4.259543418884277,4.263109402898969,4.182277106549658,4.234183849196885,74092800
2017-06-02,4.404962062835693,4.408132632909771,4.282921415479156,4.301544433552999,83244000
2017-06-05,4.40139627456665,4.424378374059742,4.382773255662862,4.40139627456665,51477600
2017-06-06,4.351469039916992,4.428339929204387,4.329280042468283,4.385546312070151,77733600
2017-06-07,4.399018287658691,4.410113014835231,4.325318409730227,4.382376423622275,81410400
2017-06-08,4.410904407501221,4.4330943113049495,4.3415636221727025,4.426357758512302,92563200
2017-06-09,4.091935157775879,4.44300000825353,3.9092696312328132,4.426754920416245,233138400
2017-06-12,4.017839431762695,4.036066583198295,3.8605334375937415,3.978215465528603,166449600
2017-06-13,4.111746311187744,4.12799185101313,4.01942343346294,4.080443288097642,126492000
2017-06-14,4.05666971206665,4.160087332916237,3.9595923239345745,4.160087332916237,139012800
2017-06-15,4.001988887786865,4.015461087803334,3.8585514489040147,3.932648095537845,141158400
2017-06-16,3.954045057296753,3.9968386792657387,3.90570339178953,3.9940644307682365,93856800
2017-06-19,4.145427227020264,4.158898520101907,4.04597101184914,4.064198159308065,110944800
2017-06-20,4.051519393920898,4.150182521488467,4.045971350140269,4.135521356673159,85939200
2017-06-21,4.169201850891113,4.173163249368249,4.06816124960095,4.076482181612791,83589600
2017-06-22,4.16444730758667,4.210410145275196,4.132747501011243,4.1878248209714455,68445600
2017-06-23,4.2112016677856445,4.227843984248567,4.116104983852733,4.149785484528016,68786400
2017-06-26,4.155333518981934,4.305903867900485,4.1260120917819,4.280544293248264,105681600
2017-06-27,3.9267051219940186,4.120464947496745,3.9267051219940186,4.106992292362677,144088800
2017-06-28,4.091538429260254,4.104217986866062,3.900552876233239,3.9679129693320006,120861600
2017-06-29,3.883118152618408,4.043990559613118,3.764247179508523,4.041216311057032,231564000
2017-06-30,3.8696467876434326,3.9469126466717053,3.8470610129550344,3.91679858272502,98616000
2017-07-03,3.764247179031372,3.9508745705136934,3.754737510252922,3.938591786821451,81684000
2017-07-05,3.8716278076171875,3.9025345165549137,3.7583039639402016,3.7931729784429065,114033600
2017-07-06,3.769397735595703,3.8312106843372535,3.7258121587067716,3.782077064842205,106324800
2017-07-07,3.8823254108428955,3.918778795881884,3.803870597899487,3.806644392603847,89623200
2017-07-10,3.9635543823242188,3.992083613948252,3.865683904379716,3.896986930962729,92114400
2017-07-11,3.996044874191284,4.011102356907686,3.90174130102381,3.946118839602399,108571200
2017-07-12,4.138294696807861,4.150973800616029,4.074104268108009,4.096293266593222,105307200
2017-07-13,4.165635108947754,4.194956529462295,4.129180813720186,4.154540382590245,91476000
2017-07-14,4.263505458831787,4.278562944897165,4.181484195219619,4.2147683768339315,84636000
2017-07-17,4.26588249206543,4.3142237012942966,4.244882003520627,4.277373992771563,100663200
2017-07-18,4.350677967071533,4.3550365941368625,4.219920062025313,4.257166552716022,84182400
2017-07-19,4.43032169342041,4.447755747944781,4.385150591866449,4.388320255068398,104234400
2017-07-20,4.446963310241699,4.471926107024465,4.385942535719206,4.462812985735759,108460800
2017-07-21,4.440227031707764,4.440622445980243,4.371677523697431,4.391885369613464,86916000
2017-07-24,4.498076438903809,4.509567030539946,4.42239543010791,4.439037289344147,88732800
2017-07-25,4.467962741851807,4.497680482596412,4.429528655700207,4.456472601581916,94180800
2017-07-26,4.507984638214111,4.516305571496603,4.477473793750218,4.496493134604035,60607200
2017-07-27,4.427547931671143,4.610213964305457,4.265883754165439,4.59872246019946,188956800
2017-07-28,4.41328239440918,4.433490694767898,4.321751694628908,4.3494887375177695,70022400
2017-07-31,4.355829238891602,4.466379282241973,4.3265069093707424,4.449340643559765,88716000
2017-08-01,4.384358882904053,4.402981903261088,4.3447349143428875,4.399415464947322,61156800
2017-08-02,4.4164533615112305,4.4715297706700134,4.2967892868676145,4.467171597389935,110366400
2017-08-03,4.370489597320557,4.434680040975518,4.343149323939408,4.433095662769197,72640800
2017-08-04,4.387528896331787,4.4208126335352915,4.337206515730166,4.396246605429027,71488800
2017-08-07,4.465191841125488,4.472324265322888,4.394264827430275,4.413284171833068,54837600
2017-08-08,4.448548316955566,4.5567208830381905,4.410509642297288,4.445377747215554,103886400
2017-08-09,4.431113243103027,4.436661286547943,4.3086758370941975,4.339582542866042,99081600
2017-08-10,4.1434454917907715,4.36454557813324,4.1331438605744,4.356621420834793,163382400
2017-08-11,4.238147735595703,4.266280200898191,4.13433331576412,4.163654745025717,105271200
2017-08-14,4.402981758117676,4.422001099155592,4.335621648623832,4.3368106125081844,95488800
2017-08-15,4.410904407501221,4.436660748280864,4.37484779769324,4.4275462685331375,72297600
2017-08-16,4.433888912200928,4.495305575040018,4.389906762196484,4.441813525868694,99052800
2017-08-17,4.161276340484619,4.401395765927659,4.160484151479161,4.379998954014938,158582400
2017-08-18,4.146615028381348,4.236164105206771,4.101047620979573,4.167615513723932,129852000
2017-08-21,4.139086723327637,4.1779175825173995,4.057462246683664,4.153747885955635,86481600
2017-08-22,4.323337078094482,4.336016636212364,4.198126328316201,4.20010793438784,94264800
2017-08-23,4.274996757507324,4.304714500080094,4.246863392872623,4.252410982939689,84076800
2017-08-24,4.239335060119629,4.322940234512788,4.164446230647826,4.306298373176101,97180800
2017-08-25,4.210806369781494,4.31858261454855,4.194956695293247,4.282524639097048,92620800
2017-08-28,4.247656345367432,4.278562597078836,4.2084287088363315,4.247656345367432,66242400
2017-08-29,4.299960136413574,4.3189794761048805,4.127200794124921,4.137107011965711,85123200
2017-08-30,4.448944568634033,4.469549194711354,4.299960411699329,4.307488248964885,106248000
2017-08-31,4.575345039367676,4.59159013222273,4.477870401125398,4.485002824447579,106176000
2017-09-01,4.572174549102783,4.627647280015047,4.536908760184194,4.610213226363262,71001600
2017-09-05,4.449738025665283,4.559891774047989,4.345527283318736,4.5285887378288425,129235200
2017-09-06,4.488171577453613,4.518285642983768,4.3922826973883,4.485794103495254,85557600
2017-09-07,4.515909194946289,4.552758912330163,4.469549127066599,4.514323909801895,73970400
2017-09-08,4.404565334320068,4.506794422780176,4.3883188882787065,4.4988689068733185,82646400
2017-09-11,4.544833660125732,4.573758305197135,4.502435454940097,4.504020739702974,85279200
2017-09-12,4.583267688751221,4.603080120383666,4.519870356193759,4.588418957252195,73418400
2017-09-13,4.602287292480469,4.603476256106864,4.538493635023494,4.556720782974138,51604800
2017-09-14,4.5246262550354,4.588816696920263,4.5131347520596155,4.551570206393548,73576800
2017-09-15,4.561079025268555,4.61655175201147,4.496492270954944,4.519870688062002,79264800
2017-09-18,4.549983978271484,4.624872811615433,4.5071903592178,4.58089022900096,91509600
2017-09-19,4.569399833679199,4.590796644134882,4.5246255136606734,4.571380986243114,56942400
2017-09-20,4.531362533569336,4.580496401723745,4.424378902325436,4.567023743983969,107306400
2017-09-21,4.44419002532959,4.519475199021988,4.3982267319954005,4.517889913870784,84890400
2017-09-22,4.4330949783325195,4.450925805524899,4.388716070960977,4.400206665565904,62167200
2017-09-25,4.294016361236572,4.385547068458775,4.225863165545814,4.378810060877934,135520800
2017-09-26,4.323337078094482,4.379998768410625,4.2781664357100055,4.356224483575404,95090400
2017-09-27,4.440622329711914,4.487775480470497,4.3586015311807484,4.392282029253506,111348000
2017-09-28,4.4330949783325195,4.445774536593882,4.376036966156387,4.408527597333874,64536000
2017-09-29,4.527003288269043,4.536513183973215,4.424377855502655,4.460039057479728,88248000
2017-10-02,4.539681434631348,4.595154605304564,4.47905744942025,4.550379838310564,92205600
2017-10-03,4.568211555480957,4.583664909029562,4.527003217293714,4.556720960718152,62738400
2017-10-04,4.580098628997803,4.608627863187491,4.529380846967857,4.541663631144859,90153600
2017-10-05,4.712044715881348,4.719573457798961,4.61417424514942,4.633589901517934,94291200
2017-10-06,4.729084491729736,4.731065191158805,4.665686239010532,4.667666938439601,85960800
2017-10-09,4.717195510864258,4.765139485029899,4.698176177577305,4.750875098428853,68851200
2017-10-10,4.727102279663086,4.77742464964031,4.664100803698629,4.7619717483194375,71757600
2017-10-11,4.768310546875,4.770688020463652,4.70134632558867,4.721157849732904,59788800
2017-10-12,4.742554664611816,4.797631971481725,4.725517388665494,4.748102707601363,66180000
2017-10-13,4.795651435852051,4.811896978451752,4.780593950015908,4.797235813841314,48873600
2017-10-16,4.845180988311768,4.8475584623477,4.799613567293884,4.831708786593755,57079200
2017-10-17,4.86221981048584,4.863804188626911,4.816652387755986,4.839237711760662,60189600
2017-10-18,4.843595504760742,4.876483818666793,4.82338765646892,4.8756907227449195,57900000
2017-10-19,4.790102958679199,4.790499279831523,4.688270188453398,4.7603852206486605,80680800
2017-10-20,4.824973106384277,4.859049024782786,4.810708715722482,4.8475584293868526,66554400
2017-10-23,4.735027313232422,4.856671172354265,4.7124419919895875,4.855482662165386,61456800
2017-10-24,4.7591962814331055,4.785348036139329,4.7037235631560135,4.757611903729132,58872000
2017-10-25,4.7013468742370605,4.773858240054527,4.595155459987205,4.727101858630179,89191200
2017-10-26,4.657761096954346,4.725913383306325,4.651024543070018,4.694611261965781,72768000
2017-10-27,5.059148788452148,5.087281246894095,4.866974259837732,4.879257043554962,147818400
2017-10-30,5.095207214355469,5.154246390268273,5.035375395856023,5.046470124784721,96556800
2017-10-31,5.149094104766846,5.1728679361946845,5.099961157050566,5.1407727196189805,60196800
2017-11-01,5.142356872558594,5.220811677988808,5.085695648053626,5.213679711513032,83064000
2017-11-02,5.116207122802734,5.13403749784984,5.01041202243677,5.12690552921372,91780800
2017-11-03,5.258852005004883,5.26479546291828,5.118187446980525,5.170490511457898,86700000
2017-11-06,5.312343120574951,5.320664051625943,5.243398198515768,5.249738430556911,76096800
2017-11-07,5.321062088012695,5.344836376705843,5.268362240917763,5.300457462634986,93321600
2017-11-08,5.38762903213501,5.390798241420941,5.296098331952639,5.31590985773635,68863200
2017-11-09,5.301248550415039,5.309569481710463,5.13720649131415,5.256474231280969,163195200
2017-11-10,5.299664497375488,5.3119472810165735,5.235869931105834,5.265587674255765,66436800
2017-11-13,5.315514087677002,5.33889296219919,5.239436725993109,5.243795806637478,75144000
2017-11-14,5.262020587921143,5.27945599873698,5.184358869617238,5.262020587921143,91000800
2017-11-15,5.184755802154541,5.22834252431891,5.101942345066994,5.1946620196554285,80668800
2017-11-16,5.378911972045898,5.4169506502677995,5.263606973616303,5.266381222398717,80853600
2017-11-17,5.318683624267578,5.395156838914293,5.304419235088286,5.3844584336656345,69352800
2017-11-20,5.30560827255249,5.345231327845881,5.284211459928618,5.327005085176363,50059200
2017-11-21,5.472819805145264,5.483914532276965,5.374156678104122,5.379703814941581,70742400
2017-11-22,5.494612693786621,5.512046745981813,5.461328967328716,5.492235219974376,60117600
2017-11-24,5.556426048278809,5.560784221545435,5.505311491316925,5.515613576265888,39952800
2017-11-27,5.5473127365112305,5.587728892503734,5.510859339970964,5.549294342965776,66837600
2017-11-28,5.588124752044678,5.600804311564926,5.496197718794469,5.584955542349841,70305600
2017-11-29,5.300853252410889,5.574256864783356,5.220813140054144,5.574256864783356,208288800
2017-11-30,5.432404041290283,5.461725012476621,5.327401127495577,5.367421412257975,118780800
2017-12-01,5.359892845153809,5.437555489691097,5.122943059209211,5.327401302839831,170294400
2017-12-04,5.174849033355713,5.477176766517092,5.1586025872965005,5.46489398532903,165444000
2017-12-05,5.182378768920898,5.360685257622405,5.1094719765893855,5.16573690252852,115480800
2017-12-06,5.2509284019470215,5.275891202046953,5.1059056430594705,5.124924984105636,94759200
2017-12-07,5.3028340339660645,5.349193639623048,5.233888653840565,5.2540969544988805,76156800
2017-12-08,5.372967720031738,5.459346695597239,5.349193436290211,5.420515834058048,88401600
2017-12-11,5.49619722366333,5.502933777531562,5.378911535395256,5.381289009273227,71568000
2017-12-12,5.475593090057373,5.524330167192757,5.441120401643952,5.48827219401054,73377600
2017-12-13,5.502933502197266,5.558406227232888,5.483121069719877,5.5378016058069965,83342400
2017-12-14,5.495008945465088,5.5746522831843635,5.474008454355889,5.535029228401116,71246400
2017-12-15,5.673711776733398,5.698278252266891,5.529085811857295,5.559198970954095,111669600
2017-12-18,5.819525718688965,5.836167580384605,5.761278749297504,5.785449352947714,81081600
2017-12-19,5.724825859069824,5.806846664581071,5.671333832233463,5.788224102311621,98868000
2017-12-20,5.701052188873291,5.781884492923772,5.6301261022957245,5.779507018868545,71150400
2017-12-21,5.698278427124023,5.773563594460213,5.6788632202294815,5.721260525307627,66518400
2017-12-22,5.679257869720459,5.685598101516179,5.631313891193678,5.674107508346136,42492000
2017-12-26,5.587332248687744,5.607540095509026,5.5231418173905755,5.588520758842097,48866400
2017-12-27,5.587332248687744,5.632106568657526,5.571085800076468,5.587727662977937,45196800
2017-12-28,5.602388858795166,5.642012817170307,5.586143317004548,5.6368610949494835,46730400
2017-12-29,5.496593475341797,5.623388593600427,5.49263071695105,5.623388593600427,68558400
2018-01-02,5.778715133666992,5.7906025045681675,5.542954310032886,5.582973689453535,91735200
2018-01-03,5.947906494140625,5.969700079030648,5.801299845564678,5.802092034507956,85224000
2018-01-04,5.982776165008545,6.039041987482908,5.961775675248283,6.017645176508913,70024800
2018-01-05,6.1634602546691895,6.176536135283334,6.035079829503644,6.06638286010968,82380000
2018-01-08,6.2320075035095215,6.244687967008966,6.156723259783005,6.162666716909569,72252000
2018-01-09,6.236763000488281,6.291048122116696,6.181290275625951,6.270046726097029,104169600
2018-01-10,6.192386150360107,6.1947636245526,6.0707413660091225,6.149988389626968,95853600
2018-01-11,6.316407680511475,6.316407680511475,6.1947633549121575,6.223688004867438,74839200
2018-01-12,6.450336456298828,6.474902933952266,6.277180335068274,6.295011164850622,89560800
2018-01-16,6.400409698486328,6.683322748832659,6.342955363087987,6.5806973155068365,165021600
2018-01-17,6.602093696594238,6.634981101447571,6.3980322604160005,6.485600201927139,82624800
2018-01-18,6.608434200286865,6.652416789926197,6.5264133863048395,6.573168864325354,94394400
2018-01-19,6.6718316078186035,6.700360843173109,6.571584549922609,6.665095960326657,84948000
2018-01-22,6.880252361297607,6.880252361297607,6.638943966635837,6.655982605766718,103862400
2018-01-23,7.054595947265625,7.071634586099902,6.935724970856499,6.946423376871592,129343200
2018-01-24,6.91155481338501,7.14255974341371,6.793476033796247,7.093030475490645,209073600
2018-01-25,6.90283727645874,7.060935886161006,6.837854654063392,7.055784163799374,133300800
2018-01-26,7.211110591888428,7.211110591888428,6.97693461006004,7.01338800335544,106437600
2018-01-29,7.115617275238037,7.21705420640263,7.06925766337671,7.168317120412924,132348000
2018-01-30,6.933744430541992,7.027255838188255,6.826363593239544,6.91749888725871,132506400
2018-01-31,7.019331455230713,7.095012490539893,6.894517013776128,7.0549926594381915,110997600
2018-02-01,6.843798637390137,7.060935960433305,6.770890496805423,6.864006485091804,127968000
2018-02-02,6.425768852233887,6.808533569910238,6.415467220140956,6.767325227711225,190185600
2018-02-05,5.684013843536377,6.5632633994561544,5.65072966115198,6.250632598528159,230628000
2018-02-06,6.122251987457275,6.1416667396349,5.350382385466629,5.4213084678584655,239383200
2018-02-07,5.8801493644714355,6.260141087229506,5.8801493644714355,6.06479602394267,176112000
2018-02-08,5.1514716148376465,5.949096250469771,5.151076200498443,5.940775317987694,216405600
2018-02-09,5.393967628479004,5.513631686763105,4.802387064517264,5.357117920330628,320344800
2018-02-12,5.695901393890381,5.800507993748417,5.437555691253822,5.5782189123679835,175056000
2018-02-13,5.765243053436279,5.808828871780336,5.561973768010746,5.5960496894321174,108055200
2018-02-14,6.1028361320495605,6.1266104187436925,5.672919632612628,5.67886309092196,168115200
2018-02-15,6.421806812286377,6.430127744735553,6.0695524937485725,6.260538072285167,190375200
2018-02-16,6.350087642669678,6.5565270296801454,6.314030117498375,6.3750508935242785,170553600
2018-02-20,6.381786346435547,6.5474137085713835,6.271236300236195,6.277179758465417,145869600
2018-02-21,6.324331760406494,6.665094982360172,6.319972680708139,6.473316334642829,177477600
2018-02-22,6.325521469116211,6.5121488701840935,6.2771798001113766,6.41625908157323,166603200
2018-02-23,6.7023420333862305,6.706700206540027,6.400805515167532,6.4689582560189605,142768800
2018-02-26,6.971386432647705,6.9745570026321335,6.7930799613952795,6.807741126832427,133951200
2018-02-27,6.7217559814453125,7.020914969772386,6.713039183311816,6.983668489936397,173308800
2018-02-28,6.58664083480835,6.900460142363169,6.579905187618194,6.833892685279899,153014400
2018-03-01,6.269651412963867,6.689265787569307,6.089363353789703,6.60130152462504,251916000
2018-03-02,6.442014694213867,6.472127852033596,5.974454955310714,6.049740570600714,193399200
2018-03-05,6.644095420837402,6.701153433786708,6.274802034464928,6.3512761597449625,148881600
2018-03-06,6.728097438812256,6.802986284874207,6.609226456123299,6.743154472275493,142060800
2018-03-07,6.778419494628906,6.795457226660535,6.546621451887368,6.581093690643295,133764000
2018-03-08,6.879459857940674,6.903234143241429,6.780003636751462,6.854100287751566,115168800
2018-03-09,7.280055046081543,7.280055046081543,7.004669834055324,7.0355765415604585,147348000
2018-03-12,7.389019966125488,7.455984198214075,7.304224905974011,7.350189100464801,132679200
2018-03-13,7.1207685470581055,7.4559846905017455,7.047464077232542,7.350189585767261,182292000
2018-03-14,7.096597671508789,7.232506838833823,7.005463282778439,7.21071370468225,133622400
2018-03-15,7.064898490905762,7.203977769208304,6.999123223288513,7.117994199788524,110896800
2018-03-16,7.0181427001953125,7.15920268054217,7.00546314121005,7.105314781583199,78268800
2018-03-19,6.57752799987793,6.834684718249927,6.382182886443172,6.834684718249927,194232000
2018-03-20,6.625868797302246,6.672624729412259,6.505016661384914,6.579112411735418,92193600
2018-03-21,6.529979228973389,6.759796122328568,6.448353831098864,6.577527801919591,132496800
2018-03-22,6.052910327911377,6.403183502475697,6.030721778763559,6.276387906286844,205879200
2018-03-23,5.563953399658203,6.082230892597742,5.563953399658203,6.030720925798751,217598400
2018-03-26,6.190008163452148,6.2145741837219335,5.641616143010116,5.903924557395737,183504000
2018-03-27,5.5964460372924805,6.335426914022999,5.435177750843829,6.335426914022999,273614400
2018-03-28,5.403478622436523,5.659050971632712,5.269947376560041,5.498575321055031,242289600
2018-03-29,5.702637195587158,5.8524148795595,5.330570913052294,5.485498959222134,197073600
2018-04-02,5.196247577667236,5.646371958565306,5.023091457499146,5.567917124226671,244953600
2018-04-03,5.370591163635254,5.4363668897195545,5.087281769783507,5.339288132191436,221805600
2018-04-04,5.624578952789307,5.673316041101647,5.04013021432431,5.057168401842317,216729600
2018-04-05,5.712939262390137,5.814771599482342,5.593276097538356,5.792186277316097,183355200
2018-04-06,5.286588668823242,5.69867431814746,5.207340748383417,5.535029022091031,232291200
2018-04-09,5.392384052276611,5.71610867765534,5.370987239577536,5.426063649394367,175891200
2018-04-10,5.748600482940674,5.806847007356608,5.5330475314908,5.644390671581588,194875200
2018-04-11,5.651918888092041,5.839339393029052,5.63488115505066,5.650334509968213,143440800
2018-04-12,5.850037097930908,5.913830755874302,5.74503419617995,5.765242043415149,142766400
2018-04-13,5.7632622718811035,5.968909028609122,5.6923352741658295,5.943946229727782,142485600
2018-04-16,5.890453815460205,5.9590024276605105,5.776337328629462,5.880943919283974,118298400
2018-04-17,6.267274379730225,6.312840892323063,6.036664847375779,6.067174780668483,124147200
2018-04-18,6.3108601570129395,6.3774280670603565,6.185253533438752,6.276387465017486,118089600
2018-04-19,6.139288902282715,6.259745155071622,6.0723255826844,6.219725782486046,129019200
2018-04-20,5.844885349273682,6.102043399773635,5.781091691617997,6.092137183349858,140812800
2018-04-23,5.798922538757324,5.9958515558988825,5.705806552713704,5.92611444021836,123333600
2018-04-24,5.429234504699707,5.907491338685153,5.315910655687876,5.875396117949737,213019200
2018-04-25,5.450631618499756,5.515614252623123,5.225568739698959,5.455386567045987,210816000
2018-04-26,5.788619041442871,5.844488537492163,5.603576956084495,5.65786116742672,141993600
2018-04-27,5.802091121673584,6.048550268324271,5.702635828584461,6.041813715897383,164858400
2018-04-30,5.678467273712158,5.947512287605729,5.631710885207506,5.840924082538007,161124000
2018-05-01,5.863112926483154,5.870640762158829,5.5920868089505715,5.62893697256624,116978400
2018-05-02,5.760883331298828,5.953454157655443,5.745429979681449,5.901943287901995,143652000
2018-05-03,5.761279106140137,5.824280573163455,5.485895275298637,5.684013250130864,196072800
2018-05-04,6.085402488708496,6.127799342223294,5.67331588295556,5.688373370552085,185932800
2018-05-07,6.230027675628662,6.297387772727613,6.156724120572175,6.175743458110354,139063200
2018-05-08,6.209423542022705,6.258160626642027,6.082627948453218,6.196744436122567,126715200
2018-05-09,6.417447090148926,6.432900443204772,6.185253193840202,6.25261283574245,114996000
2018-05-10,6.617150783538818,6.63062298486404,6.464203888312116,6.478468278655013,119006400
2018-05-11,6.597338676452637,6.641717581986922,6.510166150193687,6.5834706085657375,119697600
2018-05-14,6.626659393310547,6.755437025280162,6.597338427291246,6.638943082837415,109183200
2018-05-15,6.412296772003174,6.480053189036395,6.305708584731032,6.468958008862332,174520800
2018-05-16,6.530375003814697,6.577527708304965,6.425373002573537,6.426957380603917,89712000
2018-05-17,6.456676006317139,6.60486888028903,6.360786659673039,6.463807975711398,103219200
2018-05-18,6.353255748748779,6.446768496130283,6.32710444746066,6.382973486974547,85466400
2018-05-21,6.464202880859375,6.5866398235889765,6.379407834121473,6.499071888992969,116892000
2018-05-22,6.43052339553833,6.581489591739871,6.402390936043662,6.547016899352641,96943200
2018-05-23,6.592187404632568,6.596150163198,6.281934107981505,6.288274340303494,123045600
2018-05-24,6.58664083480835,6.622302037311071,6.388126520353897,6.590206819021584,71110400
2018-05-25,6.603283405303955,6.67579478177347,6.5462253845058544,6.58901901346864,63081600
2018-05-29,6.51888370513916,6.630622248418818,6.398824230628929,6.512940247611142,94451200
2018-05-30,6.65796422958374,6.690059452644489,6.543848183227873,6.585453303546707,70806400
2018-05-31,6.643698215484619,6.77326758652969,6.590206190106976,6.648453162953021,81056800
2018-06-01,6.952763557434082,6.963461963368766,6.734040944346929,6.734040944346929,77171200
2018-06-04,7.131069183349609,7.144144608217269,6.991989922529947,7.00149981711377,64049600
2018-06-05,7.204770565032959,7.240431770295132,7.109673866514889,7.1881286994744,55900000
2018-06-06,7.323641300201416,7.329584758631664,7.117994555008513,7.227355641186875,57628000
2018-06-07,7.153655052185059,7.3367164558717635,7.04072753934161,7.33315001840057,78452000
2018-06-08,7.148900508880615,7.179807216943003,6.9931798186859435,7.040727937575843,49320800
2018-06-11,7.204770565032959,7.258262599654632,7.127504242417562,7.131070680363558,40836000
2018-06-12,7.318885803222656,7.337905140847255,7.211901745673805,7.234487520854549,47848000
2018-06-13,7.3105645179748535,7.480550038165281,7.267770897023871,7.346225717615087,72247200
2018-06-14,7.532853126525879,7.567325816127368,7.394962821576683,7.415171121964601,90452800
2018-06-15,7.457964897155762,7.499569555495276,7.346225894546607,7.446077528018209,77689600
2018-06-18,7.441323757171631,7.459154586969433,7.241620458646341,7.310565850177213,68726400
2018-06-19,7.374756336212158,7.377133810429488,7.0870883043110275,7.154844732405983,107633600
2018-06-20,7.529288291931152,7.623196026500308,7.456776917720124,7.472230272910219,79644800
2018-06-21,7.334339618682861,7.606554274013313,7.290357482679019,7.5815910233751485,102280800
2018-06-22,7.260639667510986,7.415171850637688,7.204770161870587,7.4080394286016364,62227200
2018-06-25,6.7970428466796875,7.116805627821111,6.59615104858134,7.087087882060342,171306400
2018-06-26,6.871931552886963,6.9872360957377415,6.787532812019588,6.862421656778096,94165600
2018-06-27,6.596149921417236,7.051425472876225,6.575941621955607,6.95870626705286,131838400
2018-06-28,6.757815361022949,6.824383276312211,6.522450863565064,6.5640559806671614,111300000
2018-06-29,6.788722038269043,6.961085057524374,6.782778579699581,6.855289499777933,78536000
2018-07-02,6.940876483917236,6.949197416281777,6.571187661738823,6.616358761329758,83296800
2018-07-03,6.701945781707764,7.022897508933311,6.684114953850926,7.0157650870992185,56425600
2018-07-05,6.948009490966797,6.964651357096997,6.726909375907076,6.833893448825278,65622400
2018-07-06,7.260639667510986,7.285602464451964,6.956329795824815,6.990802488813861,75012000
2018-07-09,7.4627203941345215,7.471041326920525,7.297489795302705,7.37951106627449,72377600
2018-07-10,7.4805498123168945,7.530475399614546,7.403283504215205,7.494814201050975,66784000
2018-07-11,7.371189117431641,7.4484554342121845,7.285602321956976,7.31056511840972,79829600
2018-07-12,7.734935760498047,7.740879673130435,7.4460792006904954,7.46153255731234,81352000
2018-07-13,7.757521152496338,7.801502838888422,7.677876899006022,7.736124337768352,67876000
2018-07-16,7.705218315124512,7.805070428422495,7.6648026097538855,7.763464852181968,55560000
2018-07-17,7.847861289978027,7.893032840439474,7.462719588863463,7.4650970627538955,75593600
2018-07-18,7.797935962677002,7.868070311177483,7.726613557376247,7.8454845351820355,46537600
2018-07-19,7.682631015777588,7.793181062085198,7.652913271145581,7.7218586563511,76874400
2018-07-20,7.671933174133301,7.825276847484807,7.646970377110535,7.745633508376899,57396000
2018-07-23,7.738499164581299,7.753952969506286,7.51264461703426,7.604175308874447,63027200
2018-07-24,7.837162971496582,8.065395012833585,7.74444376138552,7.982185697839943,95066400
2018-07-25,8.16405963897705,8.179512541206108,7.841919364531818,7.847862369890525,77241600
2018-07-26,7.807444095611572,7.909673185993938,7.763461517265964,7.8359728699072555,111888000
2018-07-27,7.481738567352295,7.952467945553676,7.3438482625243715,7.945335070768028,118098400
2018-07-30,7.159599304199219,7.490060494257358,7.0514267270139195,7.482928525437398,100805600
2018-07-31,7.302244186401367,7.404473299636651,7.121560246129646,7.2356762757359565,95712000
2018-08-01,7.402095794677734,7.468663705064419,7.279658833433004,7.370000576462197,69301600
2018-08-02,7.696897506713867,7.72661525770504,7.232111899350193,7.2392443228325565,92242400
2018-08-03,7.765841484069824,7.772973452788808,7.643404517521283,7.737311795366645,72133600
2018-08-06,7.908485412597656,7.913240360181347,7.725424011736411,7.756330717573639,68068000
2018-08-07,7.985751152038574,8.0356767377229,7.922749688163573,7.970298253682984,71970400
2018-08-08,8.007150650024414,8.065397186215653,7.893034598605068,7.9596020685379125,63434400
2018-08-09,8.000015258789062,8.095111474177726,7.9667306311439905,8.000015258789062,54530400
2018-08-10,7.813390731811523,7.910864909331887,7.728991529098435,7.840730552199961,85626400
2018-08-13,7.790802955627441,8.008337033671783,7.780104097456122,7.856181440556853,92674400
2018-08-14,7.934637546539307,7.9631663264787065,7.7539540643716895,7.876391022979909,60727200
2018-08-15,7.645780086517334,7.821709505797668,7.498380350523616,7.755141151709014,115857600
2018-08-16,7.715914726257324,7.863314468019657,7.67074317940908,7.81457693734939,65142400
2018-08-17,7.714725971221924,7.776538475272682,7.513833745958317,7.654101523868299,70262400
2018-08-20,7.6992716789245605,7.777726947830448,7.607741438781144,7.770594980443895,67461600
2018-08-21,7.778916835784912,7.919184621507903,7.751576112698299,7.767029012843348,67069600
2018-08-22,7.86925745010376,7.895409207276854,7.701649862542494,7.726612656140407,63313600
2018-08-23,7.83003044128418,7.995261002700521,7.794368790611731,7.83003044128418,71133600
2018-08-24,8.047564506530762,8.06777326118802,7.9049197017458805,7.913240633576439,63956800
2018-08-27,8.290061950683594,8.291250914427925,8.133152292235481,8.177134881639626,72851200
2018-08-28,8.326912879943848,8.388725393234932,8.278175340670364,8.359007646920947,65224800
2018-08-29,8.618144989013672,8.630031904167543,8.362572232094706,8.369705106717824,65735200
2018-08-30,8.569408416748047,8.72037506752609,8.481444146470658,8.565842432494227,87863200
2018-08-31,8.59437084197998,8.671636241089455,8.507594641419017,8.537312381665265,63180000
2018-09-04,8.492143630981445,8.562277078236429,8.34830984504162,8.519483450214734,80209600
2018-09-05,8.154550552368164,8.443407123382539,8.073718234765803,8.439841138430252,107729600
2018-09-06,7.932260513305664,8.193776293974679,7.771783972485499,8.168813498203745,115504800
2018-09-07,7.853804588317871,8.046375877298672,7.7527644498745465,7.769406312351635,77009600
2018-09-10,7.922750473022461,7.990506890852966,7.789614657761844,7.975053084053006,55448800
2018-09-11,8.098677635192871,8.140283193933456,7.762273530207225,7.818142115853234,70522400
2018-09-12,8.028545379638672,8.082036953086826,7.820521183252592,8.065395089929021,88261600
2018-09-13,8.266286849975586,8.323344404165447,8.16286878600044,8.166434769773122,74676000
2018-09-14,8.203286170959473,8.33761004511161,8.108189028979169,8.296005385587812,76688000
2018-09-17,7.8573713302612305,8.181889493702416,7.828842549964134,8.156926697578259,72823200
2018-09-18,8.043996810913086,8.160490738667848,7.862124406089926,7.874011319473874,72758400
2018-09-19,8.026167869567871,8.104623148744242,7.868070161351049,8.047564681442012,58962400
2018-09-20,8.278173446655273,8.318590043990222,8.126018765446279,8.180699297323672,62683200
2018-09-21,8.146227836608887,8.389913700067675,8.12007607679416,8.351875024040863,60281600
2018-09-24,8.216361999511719,8.224682931364685,7.874013016044426,7.977431089285763,52875200
2018-09-25,8.24964714050293,8.26510004318814,8.120077285832282,8.200909597788971,43259200
2018-09-26,8.241323471069336,8.495707240464881,8.215171716043239,8.256776368624116,70920000
2018-09-27,8.469558715820312,8.556334944512171,8.348310695351673,8.36376359880036,58525600
2018-09-28,8.456480979919434,8.528992346287646,8.354251870184365,8.397045493185722,61857600
2018-10-01,8.505217552185059,8.697787926992593,8.44934805586958,8.618144601438527,68232000
2018-10-02,8.456480979919434,8.64905228342554,8.397045493185722,8.482632739188436,64787200
2018-10-03,8.481444358825684,8.61814616909754,8.443405680976555,8.559899642028418,66569600
2018-10-04,7.997639179229736,8.389913765691787,7.809822818103611,8.380403869882306,150889600
2018-10-05,7.696897506713867,8.06302041658443,7.467476432785458,7.98813110366185,132924000
2018-10-08,7.559006690979004,7.756332527171844,7.279660030386978,7.588724440125255,119353600
2018-10-09,7.617251873016357,7.797935345949174,7.511456330232721,7.568514340652046,104289600
2018-10-10,6.629434108734131,7.496003596369347,6.590206470635123,7.487682664673818,242856000
2018-10-11,6.360785961151123,6.805363627330942,6.161083131276081,6.539092431736213,222432000
2018-10-12,6.898082733154297,6.956329712105713,6.514129527242018,6.8683649885469364,168488000
2018-10-15,6.637755870819092,6.860044487485013,6.567621970999557,6.830326741009901,159735200
2018-10-16,7.209524154663086,7.27133665695843,6.817249610334209,6.851722298755769,124466400
2018-10-17,7.2332987785339355,7.343848823565162,7.00744419401242,7.331961907232321,130120800
2018-10-18,6.731663227081299,7.147711626346651,6.634189066958529,7.139390694637886,156348800
2018-10-19,6.7043232917785645,7.059747259475449,6.631811923173324,6.869553877442681,134836800
2018-10-22,6.805363655090332,6.96346227731327,6.653208944676586,6.82438299389205,114926400
2018-10-23,6.730475902557373,6.832705035255153,6.208632284371935,6.441619335872018,176781600
2018-10-24,5.815168380737305,6.739984954327629,5.786639598213289,6.7055122597756895,204842400
2018-10-25,6.411899566650391,6.510562683379196,5.994662686973528,6.073117504239978,152073600
2018-10-26,5.9138312339782715,6.279954068736091,5.643994055922638,5.753355592931431,244761600
2018-10-29,5.5976338386535645,6.252612665487218,5.211303196974339,6.1789127931193795,217961600
2018-10-30,5.813978672027588,5.830620533979177,5.416949644992284,5.496593424490685,184865600
2018-10-31,6.206254482269287,6.378617514103992,6.0921384369626566,6.0921384369626566,180157600
2018-11-01,6.477279186248779,6.492732085457745,6.114722374418965,6.260933609298983,126066400
2018-11-02,6.187234401702881,6.529582950151965,6.038645677101674,6.413089444479435,174357600
2018-11-05,6.1266093254089355,6.197931719306565,5.915018710393421,6.190799751990834,102600800
2018-11-06,6.2561798095703125,6.363163419585194,6.094515204082789,6.11115706874354,111461600
2018-11-07,6.831514835357666,6.842213240865393,6.439240269045533,6.479656417246193,138552000
2018-11-08,6.715022563934326,6.813685251883676,6.616359422528126,6.750683770982804,117524800
2018-11-09,6.373862266540527,6.571188089006954,6.215764087877688,6.52839446066007,136739200
2018-11-12,5.813978672027588,6.2751981266962185,5.775940000864889,6.240725439249795,154367200
2018-11-13,5.811602592468262,6.121855946995292,5.758110556608974,5.88054798389953,154454400
2018-11-14,5.664200782775879,6.0410214655661285,5.57267009954528,5.976831045618955,156124000
2018-11-15,5.967322826385498,6.016059906287757,5.493027453250583,5.6332952351071865,169816800
2018-11-16,5.901944160461426,5.991097392773793,5.72007125819358,5.796148610547048,134324800
2018-11-19,5.336117744445801,5.842508328085647,5.277871223368679,5.815167606078454,186492000
2018-11-20,5.040129661560059,5.258852279781498,4.838048907748381,4.959297360035388,202991200
2018-11-21,5.153057098388672,5.304023306097832,5.125716825828926,5.233889405720456,115115200
2018-11-23,5.038939952850342,5.197038548282314,5.022298090901025,5.025864074616813,56880000
2018-11-26,5.384854793548584,5.39436468870759,5.185151529777053,5.251719435519816,119964800
2018-11-27,5.440724849700928,5.482329511629329,5.2172472786618425,5.304023040295941,120163200
2018-11-28,5.956624507904053,5.962567965841067,5.4680647380990735,5.563161425461615,195064800
2018-11-29,5.901944160461426,6.023192157364272,5.762864882256603,5.886490806559381,129044800
2018-11-30,6.025568962097168,6.043399787962034,5.840130549694904,5.924528824747562,116635200
2018-12-03,6.334633827209473,6.454693302215877,6.211007914906125,6.428541998293174,149343200
2018-12-04,5.638050556182861,6.298973361018688,5.595256931296519,6.246669840176804,210096000
2018-12-06,5.720070838928223,5.731958207772633,5.210114732107012,5.279059657577574,196156000
2018-12-07,5.160189151763916,5.755732553745113,5.11145206878125,5.658258387779782,222987200
2018-12-10,5.321854114532471,5.391988014633429,4.971184614027679,5.130471753911713,176468800
2018-12-11,5.378911972045898,5.586936191959276,5.241021650127304,5.578615259439285,172163200
2018-12-12,5.5144243240356445,5.768808131816682,5.512046850178457,5.613087448553457,169451200
2018-12-13,5.5156145095825195,5.6927320433410165,5.411007903976324,5.622598136115719,164724800
2018-12-14,5.099565029144287,5.388421535818514,5.076979253592208,5.33611801639836,156177600
2018-12-17,4.770291805267334,5.169698307899807,4.646665896651239,5.0484498729251825,200592800
2018-12-18,4.849935054779053,4.993768806881282,4.727498111653967,4.88321923177501,157893600
2018-12-19,4.499266147613525,5.062714759273005,4.383961612129883,4.839237203018108,307862400
2018-12-20,4.318583011627197,4.609816555969411,4.128389167564432,4.454095859116041,320818400
2018-12-21,3.9013447761535645,4.446962487437908,3.828833419761905,4.3566207595534125,369034400
2018-12-24,3.6124885082244873,3.9572144837583823,3.6041675770559976,3.8038708320132315,175600800
2018-12-26,4.268473148345947,4.277995440006032,3.6471280656447362,3.7256889016358485,378235200
2018-12-27,4.329177379608154,4.332748634902725,3.8232932882230246,4.118491480001792,341834400
2018-12-28,4.311324119567871,4.536293740769935,4.210147000684292,4.404168609824098,304842400
2018-12-31,4.408929347991943,4.485109478174798,4.291087896942633,4.447019413083371,216966400
2019-01-02,4.472016334533691,4.55057715759442,4.133966635954618,4.1399181240213,271665600
2019-01-03,4.038741111755371,4.333939343947444,4.003031732406298,4.282755733721661,330510400
2019-01-04,4.555338382720947,4.6136635995900726,4.186340231587863,4.231572356760444,272964000
2019-01-07,4.70055627822876,4.7791170858894665,4.538673291759584,4.579144038376878,213106400
2019-01-08,4.836252689361572,4.893387786974319,4.63032813315228,4.843394292769795,211622400
2019-01-09,4.950522422790527,5.019560489023205,4.83268098278406,4.894577446274701,178098400
2019-01-10,4.998135566711426,5.002896484173514,4.756501183287199,4.837442683044667,175131200
2019-01-11,4.938620090484619,4.955284437806933,4.8576785857167435,4.908862197674941,120804800
2019-01-14,4.810065746307373,4.8731523333775755,4.744598473338563,4.812446432205982,111383200
2019-01-15,5.076696872711182,5.108834998489818,4.8636302437570444,4.873152533673457,145125600
2019-01-16,5.083837985992432,5.220724466126727,5.080267184377072,5.1147864468901565,135892800
2019-01-17,5.202869415283203,5.269527252817852,5.00646761234096,5.035034932663402,142040000
2019-01-18,5.345707893371582,5.429030084788316,5.219534263279418,5.323092058101511,166908800
2019-01-22,5.050508975982666,5.246911225732826,4.918383875685579,5.238578599038373,181734400
2019-01-23,5.055272102355957,5.1778745027510364,4.882676194783687,5.112407214794524,166093600
2019-01-24,5.1445441246032715,5.16835007314464,5.039796225557673,5.0969313193818095,128115200
2019-01-25,5.327852249145508,5.376655168964498,5.215962749920576,5.268336471118967,139513600
2019-01-28,5.131450653076172,5.131450653076172,5.000515663899046,5.119547224567686,140359200
2019-01-29,4.986231803894043,5.143353421353159,4.93147739715785,5.140972735746888,122530400
2019-01-30,5.359989643096924,5.418315292505772,5.105262241904477,5.154065150973411,175824000
2019-01-31,5.59567403793335,5.680186799720084,5.437362282214245,5.454026629756317,160575200
2019-02-01,5.524255275726318,5.644476964469023,5.482594406872266,5.515923101955508,141561600
2019-02-04,5.726609230041504,5.732560718065064,5.515923284707589,5.531397516824389,110976800
2019-02-05,5.877778053283691,5.9039646854592736,5.749223761611584,5.757555933767814,128916800
2019-02-06,5.831357479095459,5.919440596661545,5.751606081984561,5.8896827007679695,145420000
2019-02-07,5.593294143676758,5.717086641777036,5.462359133242438,5.674235200328329,209793600
2019-02-08,5.621860504150391,5.624241189830177,5.427838934906774,5.4409324791109155,144722400
2019-02-11,5.608767032623291,5.726608477918166,5.5659155979706085,5.686137728976119,121196800
2019-02-12,5.851592063903809,5.878969270987394,5.7004219129096905,5.728989689992665,128226400
2019-02-13,5.863493919372559,5.984906154160235,5.846829575119818,5.934913121402011,127609600
2019-02-14,5.884920597076416,5.94562695143368,5.739702391930572,5.796837490457209,153369600
2019-02-15,5.955149173736572,6.013474841572859,5.8753982415048736,6.0122842716195946,142496000
2019-02-19,5.990859031677246,6.045613443946627,5.899204669885771,5.899204669885771,103572800
2019-02-20,5.9860968589782715,6.074179953178291,5.8908717081933855,6.005141889135249,171065600
2019-02-21,5.918249130249023,5.986097081079945,5.824214091704639,5.9361035912696405,128493600
2019-02-22,6.0468034744262695,6.061087135236226,5.948007510559099,5.958720369683913,119637600
2019-02-25,6.113462448120117,6.2348747226820205,6.101559016847691,6.190832708078254,124102400
2019-02-26,6.132506370544434,6.189641468069052,6.037281208003404,6.065848529731017,105356800
2019-02-27,6.113462448120117,6.139649542849981,5.9265828908030285,6.0503758516194175,115844000
2019-02-28,6.075370788574219,6.1396479384400235,6.0229966128008865,6.05989655899852,92063200
2019-03-01,6.196783542633057,6.224160748559801,6.072990603953468,6.2039251460499685,140156800
2019-03-04,6.197973251342773,6.3479532702166255,5.993238824212471,6.305101836252668,213088000
2019-03-05,6.2134480476379395,6.2705831467755795,6.120603114228546,6.211067361748529,100348800
2019-03-06,6.106319427490234,6.23487374056574,6.07775210507528,6.228922252901741,123468800
2019-03-07,5.883731365203857,6.063468861278277,5.812312594832313,6.0563272566828035,169306400
2019-03-08,5.850400447845459,5.858732619427042,5.661140278649397,5.6825659924504075,174936800
2019-03-11,6.2158284187316895,6.226541277656791,5.919439624516814,5.919439624516814,128468000
2019-03-12,6.317005634307861,6.364618445825462,6.219399779359261,6.264631904894039,151606400
2019-03-13,6.453891754150391,6.5574490910408,6.387233912689189,6.412230432961117,145129600
2019-03-14,6.425323486328125,6.489600637024684,6.415801197744947,6.465794234462696,95443200
2019-03-15,6.584826946258545,6.65862639846115,6.482459715165238,6.500314633730606,138845600
2019-03-18,6.644341468811035,6.706237932877842,6.551496999745501,6.5907771774003985,148994400
2019-03-19,6.710999488830566,6.818127620530877,6.628867421717358,6.730044520293024,164380800
2019-03-20,6.788396835327148,6.912233690818452,6.619312264900179,6.70980814900199,183522400
2019-03-21,7.102752685546875,7.132521136946098,6.721716416790713,6.725288485604853,151957600
2019-03-22,6.638364791870117,7.067030318711223,6.613359401221,7.009874945414444,267601600
2019-03-25,6.596688747406006,6.664560777537907,6.451418565045551,6.556203636956232,210369600
2019-03-26,6.687183380126953,6.868175577893331,6.585970850128384,6.750292337356855,175872000
2019-03-27,6.556203365325928,6.761009985383109,6.412123727081672,6.7145712776621815,176810400
2019-03-28,6.597878456115723,6.671704076161963,6.481186200484426,6.6050230467900475,128437600
2019-03-29,6.7467217445373535,6.765773535087389,6.630029470639572,6.743149675756259,126980000
2019-04-01,7.012255668640137,7.037261056409957,6.870558017047346,6.94200211188411,122364800
2019-04-02,7.089654445648193,7.11108776684713,6.98129730146713,7.03607114265085,106728800
2019-04-03,7.212300777435303,7.345663320077835,7.145619278998763,7.208728708418709,151384000
2019-04-04,7.201582908630371,7.296841851688219,7.076555517477541,7.213490560406646,143620800
2019-04-05,7.309940814971924,7.323039006196475,7.23730572125797,7.270646695528788,104654400
2019-04-08,7.367094993591309,7.381384174920291,7.187293777057496,7.273027048109616,103460000
2019-04-09,7.286125183105469,7.362332791687044,7.239686476812167,7.292079236101405,104121600
2019-04-10,7.404008865356445,7.408771926336395,7.290888665350374,7.318275584639339,99244000
2019-04-11,7.348043918609619,7.4337771979755285,7.306368271268129,7.431395667523088,111770400
2019-04-12,7.438540935516357,7.454020203519537,7.3504261176827725,7.4421130044047015,95228000
2019-04-15,7.444494247436523,7.468309098976576,7.2944610006955495,7.4385406481091385,83369600
2019-04-16,7.517129898071289,7.567140681209207,7.452829930410641,7.519511428825077,94287200
2019-04-17,7.592145919799805,7.687404876879183,7.5266554151971405,7.6635904782822415,114422400
2019-04-18,7.615960121154785,7.63382137280517,7.486169661289421,7.630249304167292,91903200
2019-04-22,7.680261611938477,7.690977819986793,7.501650876777116,7.519512131985488,75756800
2019-04-23,7.971990585327148,8.001759035471702,7.707647511150752,7.740988029958892,104954400
2019-04-24,7.894594192504883,8.023193220557857,7.8910212149952415,7.989852698156675,95075200
2019-04-25,7.982706546783447,8.079156020613441,7.862441771201011,8.069629899912464,119690400
2019-04-26,8.011285781860352,8.013667766795702,7.7517048400325095,7.955320945873544,110516800
2019-04-29,8.054152488708496,8.09344706429766,7.970801184544587,8.008904767656814,83797600
2019-04-30,7.869588375091553,7.90769286984354,7.700503767704813,7.858872167288424,127595200
2019-05-01,7.779092311859131,8.086302963106958,7.770757181404861,8.016048942025748,125916000
2019-05-02,7.683831214904785,7.898164391685472,7.53141691517669,7.7814716824469015,141288800
2019-05-03,8.045816421508789,8.067249741292729,7.833865208345924,7.875540855575537,108889600
2019-05-06,7.901737689971924,7.932697133317755,7.496886575506917,7.538562679360072,161715200
2019-05-07,7.442112445831299,7.74217801992438,7.22063510676648,7.645728533333924,237529600
2019-05-08,7.376620769500732,7.548086849355709,7.286124442237789,7.3670946490602445,161237600
2019-05-09,7.259929656982422,7.333755285041606,6.938430309429789,7.1396648658453445,220417600
2019-05-10,7.280171871185303,7.3861474777697484,6.815784335724536,7.173005726493043,227858400
2019-05-13,6.527626037597656,6.8384087453160065,6.4621355348526475,6.725288538267069,234920800
2019-05-14,6.732432842254639,6.85626970476428,6.552631147715918,6.622884708732877,140192000
2019-05-15,7.012255668640137,7.071792565747599,6.595497388887894,6.603832518144501,176160000
2019-05-16,7.23135232925415,7.361142798572727,7.002730835168509,7.02535469524036,174026400
2019-05-17,7.0063018798828125,7.303986357351949,6.98605909921507,7.012255478586102,182510400
2019-05-20,6.65503454208374,6.790778600035366,6.578827383530582,6.713380903355655,184368800
2019-05-21,6.855079174041748,6.9110440098398245,6.755057155929512,6.819357122051064,114487200
2019-05-22,6.765774250030518,6.880085005410011,6.734815257451699,6.737196788300926,128912800
2019-05-23,6.446656227111816,6.534771049467602,6.324010343858605,6.532389518676304,207680800
2019-05-24,6.437130928039551,6.620504267200105,6.415697603916921,6.5573952874115715,137225600
2019-05-28,6.368067264556885,6.597879752761345,6.362113664940141,6.494285665892301,116903200
2019-05-29,6.208508014678955,6.310911557918285,6.103722940872373,6.250184118260118,177921600
2019-05-30,6.2823333740234375,6.33234460531487,6.17278569804395,6.254946455028565,136428000
2019-05-31,5.97988748550415,6.121585170144799,5.970361361714569,6.057285197256875,140600800
2019-06-03,5.597659587860107,5.977505331084811,5.492874962487566,5.9322571562649875,241812800
2019-06-04,6.051331043243408,6.0584756354317895,5.704826271141414,5.763172638436838,163869600
2019-06-05,6.184693336486816,6.229941510071127,5.997747496910445,6.226369441235439,152316800
2019-06-06,6.327582359313965,6.3764026045455005,6.133491916658107,6.215653138454738,100302400
2019-06-07,6.6883745193481445,6.777679861221636,6.408551296503385,6.429984614891459,151548000
2019-06-10,6.932476997375488,7.122994901619984,6.830073453507629,6.830073453507629,183272000
2019-06-11,6.958672523498535,7.188484987727999,6.888418965196826,7.151572401416745,137447200
2019-06-12,6.840789794921875,6.942002341662479,6.799113693028898,6.89794516352921,110176000
2019-06-13,6.952718257904053,7.005111014195637,6.880083176121952,6.9217592735566615,98559200
2019-06-14,6.862223148345947,6.918187524875178,6.786015989831723,6.843171358717392,77144800
2019-06-17,6.987250328063965,7.045596233254295,6.8872283220786334,6.905089573023703,75050400
2019-06-18,7.289699077606201,7.4409228767064945,7.1813419244531485,7.233734239371688,141829600
2019-06-19,7.375430583953857,7.425441813275116,7.192057287723839,7.326610346933126,136979200
2019-06-20,7.577856540679932,7.6838321497423285,7.409962501262207,7.679069088738727,119355200
2019-06-21,7.543325424194336,7.685023543962722,7.495696174359254,7.538562817172193,104646400
2019-06-24,7.540943145751953,7.607624175738039,7.526653964271693,7.5838093275013865,68938400
2019-06-25,7.155144214630127,7.534989449454808,7.118231175405662,7.523082251888449,139623200
2019-06-26,7.245640277862549,7.427823493939256,7.215871828973663,7.289697909264047,94115200
2019-06-27,7.3242292404174805,7.381385064158104,7.269455401415757,7.3242292404174805,75270400
2019-06-28,7.355188369750977,7.405199145607382,7.276599683240568,7.380193757679179,98932800
2019-07-01,7.648110389709473,7.805287765589348,7.548087927716292,7.7755193163055765,144820800
2019-07-02,7.7409892082214355,7.7409892082214355,7.577857749552941,7.639776644016503,81248800
2019-07-03,7.9124531745910645,7.9124531745910645,7.7707559787976175,7.789807313261374,67127200
2019-07-05,7.861250877380371,7.905308504828109,7.657634814268346,7.750512221113036,116844800
2019-07-08,7.695741176605225,7.7159844177957755,7.599291666632672,7.714793425146635,105787200
2019-07-09,7.81124210357666,7.837438488301767,7.564759342193967,7.581429603662469,88595200
2019-07-10,8.042243957519531,8.107733997528513,7.9064999083827425,7.954129606500775,154109600
2019-07-11,8.020811080932617,8.13274074141092,7.9434129307818955,8.081538972092225,127849600
2019-07-12,8.155365943908691,8.157747929124767,8.02319392671306,8.043437167204985,89192800
2019-07-15,8.22442626953125,8.23871545073533,8.145838044061009,8.21132808054273,73394400
2019-07-16,8.107735633850098,8.2256193648875,8.030338380806352,8.198231987692447,111992000
2019-07-17,7.987470626831055,8.148220073222944,7.982707565872504,8.11130748637041,92508000
2019-07-18,8.022002220153809,8.056533731113632,7.790998757817534,7.869586993291516,135568000
2019-07-19,7.827911853790283,8.180370215114959,7.8076695245378955,8.180370215114959,140779200
2019-07-22,8.01247501373291,8.064867769265412,7.885066101519587,7.887447177470667,95506400
2019-07-23,8.16727066040039,8.170843637137727,7.982706834584449,8.145838250741797,116049600
2019-07-24,8.341120719909668,8.341120719909668,8.073204648500935,8.077966801435792,109244800
2019-07-25,8.102972984313965,8.257768389379995,8.054152287053816,8.256577396932878,150075200
2019-07-26,8.343501091003418,8.381604670488432,8.242288543164568,8.25181466515107,111478400
2019-07-29,8.266103744506836,8.33040371148486,8.105354281292316,8.33040371148486,113275200
2019-07-30,8.155365943908691,8.24943437379773,8.056535360509862,8.075586699932568,111504000
2019-07-31,7.81124210357666,8.23395451136209,7.585002126998975,8.219665326477182,196340800
2019-08-01,7.701693534851074,8.287536421531039,7.5778566719944855,7.854107855763487,298384800
2019-08-02,7.349235534667969,7.55285163621206,7.215872543395937,7.525464715030445,246920000
2019-08-05,6.577637195587158,6.899136106070583,6.391881896051642,6.899136106070583,302484800
2019-08-06,6.847933769226074,6.903898598382143,6.608595640486098,6.753865816135222,213540800
2019-08-07,6.947956085205078,6.981297058258876,6.465707283490185,6.621694125841537,307908800
2019-08-08,7.407581329345703,7.409962859962789,6.988441479579548,7.0539324359731035,219056000
2019-08-09,7.188485145568848,7.373049443869141,7.021782098878146,7.2944607544018325,221366400
2019-08-12,6.947956085205078,7.124185709863789,6.849125066880093,7.058694756131598,213311200
2019-08-13,7.404008865356445,7.548088053271197,6.906280348714126,6.934858260363327,239259200
2019-08-14,6.740767478942871,7.113468577362389,6.699091378950197,7.043215021484339,304930400
2019-08-15,6.712189674377441,6.8253098700928625,6.55739383224446,6.77529909439179,208939200
2019-08-16,7.021782875061035,7.083701312126744,6.880084747345657,6.880084747345657,164405600
2019-08-19,7.350426197052002,7.411154094192775,7.259930301802708,7.3194672064808195,120044000
2019-08-20,7.199202060699463,7.388529426699423,7.193248461362209,7.312322265029341,125264000
2019-08-21,7.382575988769531,7.452829552638334,7.307559363634585,7.3861480576038785,101481600
2019-08-22,7.311131000518799,7.476643498496141,7.1360923811638255,7.425441731667551,152629600
2019-08-23,6.641936302185059,7.358760620123762,6.558585007030958,7.159907595641135,302350400
2019-08-26,6.911043643951416,6.913425174522115,6.722906816940774,6.845553143063975,146585600
2019-08-27,6.869367599487305,7.092035940345535,6.787206838127692,7.055122897527469,154579200
2019-08-28,6.938431262969971,6.97415331666717,6.697902101870682,6.8003056555717265,127824800
2019-08-29,7.2539753913879395,7.314703281357854,7.113468730830968,7.194438493740052,141523200
2019-08-30,7.202774524688721,7.374240637041937,7.080128199039415,7.373049644645934,136103200
2019-09-03,6.993204116821289,7.165861215132516,6.919378489089703,7.059885607365281,128785600
2019-09-04,7.287316799163818,7.307559127545169,7.134902023185003,7.189676317514996,100464800
2019-09-05,7.689785480499268,7.7528944430598665,7.51593740404838,7.527845055438416,126744000
2019-09-06,7.668352127075195,7.735033157631905,7.6159593696601195,7.721934968278136,115038400
2019-09-09,7.619533538818359,7.748133021419433,7.498078194332008,7.736225821741194,112312800
2019-09-10,7.556422710418701,7.558804240759775,7.3444715065982855,7.494504284242188,136765600
2019-09-11,7.76003885269165,7.774328034862443,7.540943510171823,7.590954285078182,111400800
2019-09-12,7.856491565704346,8.03510230758025,7.821960046592992,7.904120370102284,139931200
2019-09-13,7.773138046264648,7.875541593892389,7.739797525355349,7.823148827628598,107610400
2019-09-16,7.665971755981445,7.7136014628866345,7.596909180622525,7.619533495806237,97124000
2019-09-17,7.767184734344482,7.774328871968657,7.618342023203383,7.663590196488745,90796000
2019-09-18,7.762420654296875,7.7719458670585855,7.471880316233067,7.723126085599212,142063200
2019-09-19,7.796952247619629,7.94103142595855,7.751703625547932,7.802905392103162,132770400
2019-09-20,7.551660060882568,7.852916624857893,7.470690296030045,7.830293220962143,123512800
2019-09-23,7.558805465698242,7.62548696336294,7.4659280384975,7.534990612658669,89409600
2019-09-24,7.259929656982422,7.708837478660932,7.16109818596422,7.662398769813534,203765600
2019-09-25,7.492123126983643,7.554041556243486,7.052740977361313,7.234923742336098,152304000
2019-09-26,7.417107105255127,7.484979134863977,7.2468315350489245,7.469499413691459,136214400
2019-09-27,7.148000717163086,7.459974428513492,6.984869723547236,7.448066774894847,188492000
2019-09-30,7.3385186195373535,7.373049677255514,7.177768712654145,7.2158722933456065,117103200
2019-10-01,7.161098957061768,7.543325783288557,7.1229953736876,7.420679902692367,158454400
2019-10-02,6.794351100921631,7.017018976767858,6.670514241557651,7.017018976767858,270824000
2019-10-03,7.018209457397461,7.021781980197296,6.538342199081225,6.7895879843495885,240521600
2019-10-04,7.313511848449707,7.344471287730595,7.095607052385476,7.109895779775641,168977600
2019-10-07,7.245640277862549,7.421869895007576,7.208727691947839,7.246831270187174,162530400
2019-10-08,6.915805816650391,7.201582634964176,6.906279695591372,7.101560634996738,235405600
2019-10-09,7.1253767013549805,7.217063588183049,7.032499276306262,7.096798787523551,152269600
2019-10-10,7.281363487243652,7.367096319495219,7.106324845419556,7.1265671745997565,176239200
2019-10-11,7.554041385650635,7.739796669235253,7.518319338023337,7.527845459646873,222509600
2019-10-14,7.5623779296875,7.633822492538063,7.508795075337784,7.531418937080319,91493600
2019-10-15,7.8493452072143555,7.900546981005094,7.617151644943019,7.630249836503049,140721600
2019-10-16,7.7909979820251465,7.8481537999648125,7.714790830412863,7.765992595570576,117193600
2019-10-17,7.8445820808410645,7.961274811464493,7.756467717999527,7.9255523059676545,121839200
2019-10-18,7.619533538818359,7.86244377356051,7.500459725113766,7.8136239823414,154444000
2019-10-21,7.820766925811768,7.837437184507094,7.671924681417102,7.743368777034349,94176000
2019-10-22,7.63977575302124,7.945795395058533,7.6302496306053555,7.90173776023084,125023200
2019-10-23,7.675497055053711,7.681451108450576,7.5492791174969875,7.586191704866746,96905600
2019-10-24,7.8957839012146,7.911264077637216,7.736225434890511,7.843392043557989,122484800
2019-10-25,8.075583457946777,8.095825781851133,7.769563889739161,7.7743269497979774,129177600
2019-10-28,8.32206916809082,8.355409692180663,8.19942327941984,8.19942327941984,111596000
2019-10-29,8.130359649658203,8.317305496128325,8.124406504199547,8.281583897993146,107028000
2019-10-30,8.244668960571289,8.285154521548087,8.033908752113211,8.173224868303851,118984800
2019-10-31,8.25062370300293,8.32563986988412,8.11011658280094,8.307778618209266,123296000
2019-11-01,8.474482536315918,8.476864521168855,8.32206821032553,8.360171791823126,115052800
2019-11-04,8.625707626342773,8.688816604234253,8.587604041099175,8.645949957277562,99926400
2019-11-05,8.63642406463623,8.690007828994538,8.560216892112605,8.665001527217301,103229600
2019-11-06,8.581647872924805,8.618560456532169,8.46019300877292,8.61498838824254,115329600
2019-11-07,8.668574333190918,8.835276951995208,8.59355724626785,8.717394126280421,125719200
2019-11-08,8.770977973937988,8.77455004316656,8.553072666383633,8.617372637881369,81607200
2019-11-11,8.734063148498535,8.747161339325668,8.603082148688218,8.641185728786873,76092800
2019-11-12,8.805505752563477,8.897193072786068,8.716200416701936,8.754303990331092,128692000
2019-11-13,8.792409896850586,8.8388495196044,8.69953246826515,8.719775706861823,111758400
2019-11-14,8.790027618408203,8.807888869569538,8.634041235751882,8.715011453683761,106651200
2019-11-15,8.955540657043457,8.971019924460824,8.866235304370354,8.943633458379248,90586400
2019-11-18,9.001978874206543,9.047227498495133,8.832894300446487,8.943632968028124,96696000
2019-11-19,9.038891792297363,9.105572823675132,8.94125041283575,9.105572823675132,112120000
2019-11-20,8.880523681640625,9.053180317749872,8.670953552024129,8.972210102338563,150380000
2019-11-21,8.81146240234375,8.86504525627085,8.734064240090397,8.84956598720463,90659200
2019-11-22,8.835278511047363,8.896006423448336,8.68881819747368,8.878145165864368,83668000
2019-11-25,9.14129638671875,9.147250440858986,8.942443333505995,8.944825318546535,80078400
2019-11-26,9.196069717407227,9.22941023512419,9.121052644083086,9.157966138807701,83690400
2019-11-27,9.381824493408203,9.385396561933517,9.230600263789507,9.261559705110502,81556800
2019-11-29,9.25679874420166,9.355630235306869,9.240128481661163,9.312763586356686,53796000
2019-12-02,8.959113121032715,9.262751696900855,8.8150339213793,9.25679764307557,151815200
2019-12-03,8.7578763961792,8.767401607620151,8.467336098401459,8.609034179442373,156052000
2019-12-04,8.887667655944824,8.950776619596562,8.851945155387536,8.893621708858014,87659200
2019-12-05,8.93410587310791,8.98173556842643,8.807887952705578,8.980544576216726,89080800
2019-12-06,9.210358619689941,9.242509055724478,9.113909128508404,9.130579388503705,92941600
2019-12-09,9.097238540649414,9.3032357067934,9.087712418577981,9.179398845247771,77928800
2019-12-10,9.076997756958008,9.20202472368896,9.011506792150492,9.103193234419857,112048000
2019-12-11,9.213932037353516,9.243700492911797,9.092477138398637,9.130580725174791,90596000
2019-12-12,9.424690246582031,9.525902781948052,9.147248110027181,9.184160692599749,183164000
2019-12-13,9.509232521057129,9.611636048600102,9.342529040745715,9.402065933109728,160996000
2019-12-16,9.781912803649902,9.831923581373642,9.687844393096585,9.694988530353978,99388000
2019-12-17,9.795010566711426,9.858119532293017,9.764051125845775,9.831923152211386,84548800
2019-12-18,9.817635536193848,9.916467019192977,9.804537344063307,9.841450843913512,71408000
2019-12-19,10.017680168151855,10.023634222547368,9.842642415534264,9.842642415534264,83384800
2019-12-20,10.13675308227539,10.183191795333679,10.073644108553156,10.148661190001985,99548000
2019-12-23,10.211771011352539,10.261781797495523,10.189146694947363,10.242729550320398,72427200
2019-12-24,10.224993705749512,10.25239099113254,10.154715174776602,10.238096636742728,39898400
2019-12-26,10.490621566772461,10.49538635011044,10.271446985962372,10.271446985962372,64258400
2019-12-27,10.459650993347168,10.608547065607727,10.381034339764135,10.602591767991008,99750400
2019-12-30,10.251195907592773,10.465606602936694,10.101109329641481,10.450121739468864,112905600
2019-12-31,10.309564590454102,10.334579021984652,10.108256806359819,10.160668515541648,84380000
2020-01-02,10.820574760437012,10.820574760437012,10.508489179411045,10.566856184377128,131072000
2020-01-03,10.526355743408203,10.720515870340185,10.391753129188723,10.397709334854667,145180000
2020-01-06,10.726475715637207,10.730049076733504,10.238095766576603,10.276213132919949,128095200
2020-01-07,10.713370323181152,10.81342804603702,10.620459320875135,10.737193330873646,107699200
2020-01-08,10.959941864013672,11.11121986697352,10.664531669649074,10.715751952627189,159164800
2020-01-09,11.23629379272461,11.299425584078021,11.044515572506018,11.224382288301435,145423200
2020-01-10,11.144572257995605,11.372085878996753,11.093351975855361,11.36255631283358,137604000
2020-01-13,11.534087181091309,11.540042479545187,11.23391214829517,11.283941926287614,116558400
2020-01-14,11.39948558807373,11.572205617462554,11.342309991909628,11.50430902902411,145737600
2020-01-15,11.406633377075195,11.569822930975889,11.294663212251859,11.40901531495262,133003200
2020-01-16,11.724671363830566,11.73181808388505,11.498349171281154,11.567437161105923,121100800
2020-01-17,11.899775505065918,11.928363299429595,11.704423910799866,11.877143008933642,144402400
2020-01-21,11.893815994262695,11.972433542911963,11.787802082021845,11.796140224261372,138882400
2020-01-22,11.97481918334961,12.18446513579748,11.933128459257892,12.05820154032267,136148800
2020-01-23,12.085597038269043,12.101081903586095,11.788996298280718,11.950995307711267,143588800
2020-01-24,11.772319793701172,12.294051326711898,11.615085570821943,12.257125389977922,239374400
2020-01-27,11.044515609741211,11.23867576798321,10.74195867066694,10.988530539095052,198626400
2020-01-28,11.55790901184082,11.634143731064258,11.194603126839331,11.274411206528002,171862400
2020-01-29,11.599601745605469,11.787806638956075,11.456661849444579,11.748497849435436,137877600
2020-01-30,11.730628967285156,11.744922409097,11.274411167806761,11.387571823168352,200249600
2020-01-31,11.15410327911377,11.881907404354328,11.048089340890867,11.873569260071276,220384000
2020-02-03,11.666305541992188,11.752069826471915,11.30776353946036,11.329204610580293,173688000
2020-02-04,12.463196754455566,12.537049534937239,12.033184816468571,12.1499197393216,140248800
2020-02-05,12.607329368591309,12.93371025407233,12.375051830374538,12.931327407696477,174612000
2020-02-06,12.914649963378906,12.928944313986957,12.556108862991637,12.687137229468716,113132800
2020-02-07,12.747885704040527,12.961104988258743,12.640681259202225,12.74312182946996,154052000
2020-02-10,13.207677841186523,13.211252110567692,12.614476354452236,12.624005921889546,123248800
2020-02-11,13.217207908630371,13.563838439761636,13.112385389223226,13.424471009890011,193770400
2020-02-12,13.604337692260742,13.621013981453942,13.353001022405174,13.447103459303715,121608000
2020-02-13,13.551922798156738,13.710348417104479,13.267233616721914,13.316071958462398,155282400
2020-02-14,13.643645286560059,13.697247510174313,13.46973477959282,13.605527927619152,113969600
2020-02-18,13.66746711730957,13.749658034638854,13.411365707999765,13.450674486617201,130167200
2020-02-19,14.062936782836914,14.15108391721368,13.86520325962349,13.914040701674267,105627200
2020-02-20,13.662704467773438,14.05340856024674,13.149311054812287,13.972409053230146,227657600
2020-02-21,12.881296157836914,13.529292116248373,12.713341870974642,13.467350844982274,207107200
2020-02-24,11.397102355957031,11.861658338785828,11.152912404698805,11.468572297440783,269674400
2020-02-25,10.475138664245605,11.781850976544822,10.356021784857012,11.665116034876547,300793600
2020-02-26,10.619266510009766,11.164821857489866,10.381032829061882,10.634751372107203,335736000
2020-02-27,9.031441688537598,10.292889904006882,9.002853892168138,9.803319460830291,425116000
2020-02-28,9.17199993133545,9.223220227043846,8.040389550196661,8.148786349240584,494222400
2020-03-02,10.423917770385742,10.451314142147623,9.049308952226081,9.442394086332397,363518400
2020-03-03,9.442395210266113,10.89919513469438,9.157705923713339,10.526359606431432,548126400
2020-03-04,10.588296890258789,10.619267526206732,9.684200420764137,9.951021914497877,315827200
2020-03-05,9.659187316894531,10.33458071395221,9.420953558031204,9.796171909998877,386972000
2020-03-06,9.152939796447754,9.300645368638138,8.457297716285005,8.663370299943594,393519200
2020-03-09,7.293525218963623,8.236930978130632,7.26612839593256,7.329260185769586,406964800
2020-03-10,8.428709983825684,8.448959633635795,7.266129077038444,8.09756523031125,456252800
2020-03-11,7.344746112823486,8.008227490154177,7.027895259957143,7.835507485101816,430928000
2020-03-12,5.331670761108398,6.849219844949085,5.288789070727295,5.896284909999647,618225600
2020-03-13,6.770602226257324,6.826587294918365,5.367405784555966,6.222664861266895,556290400
2020-03-16,4.437103271484375,5.7890795227827745,4.406133086167451,4.819468303408549,658290400
2020-03-17,5.160141468048096,5.37693408031165,4.258427026368611,4.690821282430396,762020800
2020-03-18,4.682484149932861,4.943349921993277,3.8986949562398543,4.323942130045284,848999200
2020-03-19,4.79088020324707,5.250671350621173,4.288206914029511,4.627689779632279,804808800
2020-03-20,4.229840278625488,5.217319339165915,4.181002375195839,5.120834955587374,782255200
2020-03-23,4.2429423332214355,4.526440581054876,3.8439010427021296,4.279868722596362,820073600
2020-03-24,5.188730716705322,5.210171788400388,4.780159840197345,4.91118820776073,829824000
2020-03-25,5.068421363830566,5.6985495456329565,4.893319921034623,5.264964328203494,834874400
2020-03-26,5.89390230178833,5.955843124813766,5.201833167102854,5.2208923013212365,649240000
2020-03-27,5.281641483306885,5.756917944987825,5.216127302516415,5.4353023386408115,557143200
2020-03-30,5.836726188659668,5.881990723067562,5.36025874468745,5.429346742172909,416621600
2020-03-31,5.674727439880371,6.1380919772517215,5.581816429539113,5.790270945639473,731904000
2020-04-01,4.970747470855713,5.446024033748434,4.83852765808124,5.19349591473626,535589600
2020-04-02,5.264966011047363,5.28164230098726,4.856395089940628,4.907615382981635,467531200
2020-04-03,5.052937030792236,5.3578763588530975,4.86711501825065,5.22446560162418,554484000
2020-04-06,6.110696315765381,6.216710274288586,5.522259047596597,5.611596714360403,518616800
2020-04-07,6.098784446716309,6.705089394017338,6.074960979447351,6.658633882760033,658009600
2020-04-08,6.488295555114746,6.5514273459512244,6.108312478236926,6.276267233839158,518180000
2020-04-09,6.512118816375732,6.756308754076571,6.345355477374055,6.662206321311501,553297600
2020-04-13,6.738441467285156,6.775367861486474,6.321532411907242,6.432311140116387,426961600
2020-04-14,7.612758159637451,7.671125618327646,7.074349922294939,7.152967028158528,490049600
2020-04-15,7.360231399536133,7.550818207012238,7.106512342887799,7.255408428226879,431688000
2020-04-16,7.754508972167969,7.870052495136658,7.379291059937497,7.600848537038557,562920000
2020-04-17,7.948669910430908,8.111859456626158,7.627053784780635,8.06063916117758,463564800
2020-04-20,7.691376686096191,8.041580594130444,7.678273756966362,7.7652294767561685,386998400
2020-04-21,6.840881824493408,7.5198480688184475,6.707471058415248,7.463862994970068,519489600
2020-04-22,7.445995330810547,7.582979912830119,7.183938580782354,7.269702418044666,274185600
2020-04-23,7.397157192230225,7.812874799849961,7.351893110342689,7.531759377956845,424868000
2020-04-24,7.754508972167969,7.790244400909315,7.291144365780949,7.449570039723373,317981600
2020-04-27,7.905786514282227,8.051108323571663,7.818830804536929,8.002270882375186,304741600
2020-04-28,7.478157043457031,8.127344538066657,7.457907393422116,8.126153114891189,386247200
2020-04-29,8.255989074707031,8.382253561208646,7.872432649442491,7.986785631992122,346104000
2020-04-30,8.310782432556152,8.394164774915922,8.093989796483898,8.387018054549744,380544800
2020-05-01,7.565112113952637,8.017756123101519,7.444804276773683,7.780713809390128,346245600
2020-05-04,7.831932544708252,7.853373613121387,7.393582519542586,7.449567581998517,200756000
2020-05-05,8.082079887390137,8.364387211811312,8.005845159146297,8.067786443837946,288714400
2020-05-06,8.241695404052734,8.472781482414755,8.146401557510611,8.28338612111886,311880800
2020-05-07,8.563311576843262,8.665752156134408,8.406077347269107,8.556164855568394,289489600
2020-05-08,8.908748626708984,8.92780684865415,8.638352889346299,8.761043998673802,262202400
2020-05-11,9.130308151245117,9.279204236853193,8.725310616633234,8.751516473106589,269384000
2020-05-12,8.587132453918457,9.30659826773708,8.579985734418827,9.22798162687308,339363200
2020-05-13,8.261944770812988,8.868249099781181,7.952241143241499,8.64669168655778,491119200
2020-05-14,8.535916328430176,8.539489689537447,7.874817259893757,8.104712881955189,402999200
2020-05-15,8.682429313659668,8.707443749414018,8.134491847218,8.184520718726702,357806400
2020-05-18,9.185101509094238,9.314938455389402,8.959970707529743,9.052881716583084,296474400
2020-05-19,9.114821434020996,9.478128208845725,9.100527992906246,9.217262003027658,261430400
2020-05-20,9.648465156555176,9.70921500644639,9.435245879225947,9.435245879225947,285416000
2020-05-21,9.3518648147583,9.7580528296494,9.282776818722791,9.677053329522476,322693600
2020-05-22,9.436437606811523,9.468598758504093,9.177954243865091,9.30183497606496,209664800
2020-05-26,9.39712905883789,9.924816787580482,9.336379205478536,9.892655635089957,245202400
2020-05-27,9.529349327087402,9.534114110805694,8.740795343106674,9.304218521938127,347291200
2020-05-28,9.468598365783691,9.911713203192905,9.356629142232913,9.362584439593682,303992800
2020-05-29,9.859302520751953,9.92481716004814,9.329232834772112,9.534113988073395,358492800
2020-06-01,9.980803489685059,10.034405722198352,9.72351059252603,9.774730887305482,209881600
2020-06-02,10.179728507995605,10.190449499821264,9.724702060411639,10.034405768243348,250714400
2020-06-03,10.317902565002441,10.421533649815848,10.149947359038016,10.261917496347634,215033600
2020-06-04,10.108255386352539,10.467987852938437,9.929580121557889,10.271445788695834,266408800
2020-06-05,10.707415580749512,10.78365030633547,10.184492583938193,10.232139514626821,281394400
2020-06-08,10.945648193359375,10.968280687573392,10.470372176391672,10.671679051826985,218544800
2020-06-09,11.189838409423828,11.313720056091471,10.808663902264263,10.826531613485571,213179200
2020-06-10,11.593644142150879,11.818774933687298,11.36136572107443,11.430453717627806,302911200
2020-06-11,9.886699676513672,11.221999608106135,9.865258604719049,11.027839447647272,383332000
2020-06-12,10.101112365722656,10.67882908503432,9.580571243161614,10.516830046258015,411876800
2020-06-15,10.457268714904785,10.56328264219259,9.53649503421704,9.657994734140022,398184800
2020-06-16,11.009971618652344,11.211279406750384,10.519209818816044,11.124323697404684,383217600
2020-06-17,11.11717700958252,11.370895599870739,11.006398290962965,11.217234737992676,258858400
2020-06-18,11.202940940856934,11.239866876296027,10.96351580005397,11.070721154800784,212785600
2020-06-19,11.187456130981445,11.581733585792811,10.95398717653302,11.550762945356816,289950400
2020-06-22,11.585307121276855,11.619851122901796,11.138618855283033,11.186265785413628,220133600
2020-06-23,11.887862205505371,12.22377169214388,11.752069066787003,11.83664192274041,234898400
2020-06-24,11.187456130981445,11.96767198732677,10.940884248225084,11.780658539137546,392821600
2020-06-25,11.48405647277832,11.520982407163626,10.80866321154244,11.186264334085255,301703200
2020-06-26,10.658577919006348,11.470954935409877,10.589489916351688,11.437601448453092,375940800
2020-06-29,10.999249458312988,11.009970447349904,10.277401640387646,10.626414046145534,259609600
2020-06-30,11.631762504577637,11.730629724509365,10.974236875102829,10.996869371151913,251388800
2020-07-01,12.047479629516602,12.205905277762067,11.58292367517952,11.656776458497372,252137600
2020-07-02,12.303581237792969,12.610902971171559,12.238066597766288,12.422698104176337,228152000
2020-07-06,13.207677841186523,13.291060193078641,12.780048726319846,12.781240149446901,211984000
2020-07-07,12.94800090789795,13.598379692378904,12.893207267322042,13.168367801922267,246099200
2020-07-08,13.44590950012207,13.453057128992196,12.922986609131154,13.154073585494226,239931200
2020-07-09,13.781820297241211,13.897363796501763,13.086178273141934,13.747277207679362,317596000
2020-07-10,14.073657989501953,14.109392504256338,13.32798614912062,13.748468543378586,242789600
2020-07-13,13.20410442352295,15.002768919615653,13.065929331437449,14.538213868924299,374584800
2020-07-14,13.484027862548828,13.545969137173717,12.31549178500728,12.815782221398472,459751200
2020-07-15,13.550735473632812,13.843762866680402,13.030194421189192,13.681763849725533,367544000
2020-07-16,13.260090827941895,13.383972490166482,12.74431452788492,13.107621369446914,299972000
2020-07-17,13.322028160095215,13.46496892635938,12.983736739969979,13.36014642479722,231003200
2020-07-20,14.456023216247559,14.559655218880527,13.2326924693211,13.436383113942725,251621600
2020-07-21,13.99384880065918,14.731181529642663,13.865202376618008,14.72165196294565,294313600
2020-07-22,14.15584659576416,14.309507447592866,13.775864446726315,14.076038521115064,227788800
2020-07-23,13.046869277954102,14.203493857120211,12.813400345926159,14.092715143112052,336648800
2020-07-24,12.660931587219238,12.883680450126892,12.031994690526512,12.448903714645203,357218400
2020-07-27,13.34108829498291,13.406602931375865,12.802680488659917,12.934899366925622,267624000
2020-07-28,12.839606285095215,13.306544152244834,12.789577422641221,13.231500858563845,238702400
2020-07-29,13.276762962341309,13.413747510976139,13.001603350992372,13.065926554058883,194280800
2020-07-30,13.492365837097168,13.575748181310342,12.788385692907212,12.971825759628812,302200000
2020-07-31,14.220171928405762,14.234466280286629,13.44591225625628,14.213025206860136,359815200
2020-08-03,14.750240325927734,14.905091691662395,14.53940298432503,14.562035477515806,217868000
2020-08-04,14.94201946258545,14.963460534100607,14.572756463292215,14.689491387939086,211008000
2020-08-05,15.061135292053223,15.136178582816738,14.878886651063635,15.026591295380962,162381600
2020-08-06,15.63766098022461,15.7150862109296,14.91581311121608,15.021827042183025,192064000
2020-08-07,15.126649856567383,15.70198541953433,14.733564762291573,15.559043732907629,296708000
2020-08-10,14.92296028137207,15.200502787112415,14.314273045667331,15.160002581582848,254311200
2020-08-11,14.076040267944336,14.94321093356002,13.983129255026883,14.71808012263247,310273600
2020-08-12,15.129033088684082,15.289840672662738,14.425051989129473,14.425051989129473,221247200
2020-08-13,15.235047340393066,15.625749606606266,15.07185690683844,15.256488412620758,234281600
2020-08-14,15.190973281860352,15.388707709212888,14.938446115772917,15.32557591769103,199737600
2020-08-17,15.692456245422363,15.766308119136953,15.44469295133386,15.469706474814371,126664800
2020-08-18,16.1534366607666,16.247538175791615,15.63885097850322,15.893760973630279,149313600
2020-08-19,15.837777137756348,16.34402374904239,15.757967248978307,16.15105321655148,205847200
2020-08-20,16.489347457885742,16.5798774424255,15.624559635163394,15.693647637940872,152774400
2020-08-21,16.83359718322754,16.91578629794447,16.413112953900065,16.516745868246144,164280000
2020-08-24,17.14568328857422,17.576885794706925,16.728774225824704,17.416079103908245,251384000
2020-08-25,17.545915603637695,17.563782407400428,16.922934872194386,17.0134630405576,172556800
2020-08-26,18.669185638427734,18.707303907453163,17.75794235329051,17.780574848326967,219663200
2020-08-27,18.500043869018555,19.04321659584044,18.05573837886689,18.889556607691944,302602400
2020-08-28,18.785921096801758,18.907418987326924,18.480980403460666,18.73589041531602,198145600
2020-08-31,19.220701217651367,19.59949205097013,18.799028231732418,18.884790719353315,180398400
2020-09-01,20.218900680541992,20.24629705512411,19.41009601489506,19.763873308161987,193147200
2020-09-02,20.789466857910156,20.925260014931283,19.614974464960035,20.902627519164565,289369600
2020-09-03,17.597137451171875,19.940166432785155,17.01227490926644,19.860358335499964,443024800
2020-09-04,16.871715545654297,17.90326820762156,14.753817472376692,17.317213350594702,561480800
2020-09-08,14.486993789672852,15.958086925313236,14.42028772572484,14.883652268785188,426824800
2020-09-09,15.731762886047363,16.104597381922307,14.969413973230797,15.369646652625311,290352000
2020-09-10,14.821712493896484,16.484583926329528,14.501287815791388,16.26183595619398,465936800
2020-09-11,14.497711181640625,15.26958874167316,13.914038455930665,15.127839404472187,385797600
2020-09-14,15.24457836151123,15.581678433696009,14.899139235474765,15.127843421853106,269032800
2020-09-15,15.892571449279785,16.130805172370614,15.59954498772234,15.881851367959673,300889600
2020-09-16,15.129033088684082,16.118894842417163,15.079003315330429,16.0247915024011,306141600
2020-09-17,14.432198524475098,14.765725171732916,13.823511325401942,13.961686404023036,446844800
2020-09-18,13.874732971191406,14.704976765003638,13.193384351300415,14.63469825018313,463042400
2020-09-21,14.03911304473877,14.04983312580712,12.87653224889753,13.24936859840396,375314400
2020-09-22,14.806225776672363,14.90509207789033,13.872349139667811,14.43696279074466,315066400
2020-09-23,13.43519115447998,14.788358797677255,13.30654472368267,14.752623375081486,405507200
2020-09-24,13.631732940673828,14.140361502838159,13.003986616785207,13.065927889233416,375036000
2020-09-25,14.587050437927246,14.718078801014029,13.466161267780983,13.70677692299202,324478400
2020-09-28,15.451838493347168,15.485191067162432,14.957503365983703,15.400617300830113,273331200
2020-09-29,15.289838790893555,15.585248067115693,15.190971588239856,15.423249079978609,221805600
2020-09-30,15.59239673614502,16.142717882563865,15.27673777427354,15.317237071725145,338768000
2020-10-01,16.322580337524414,16.44646286819232,15.93545060994998,16.26778760931181,278676000
2020-10-02,14.976563453674316,15.91758684488959,14.80979966517713,15.26125177225796,399553600
2020-10-05,15.921156883239746,15.97356858237711,15.276734358300354,15.302940207869035,210790400
2020-10-06,15.065901756286621,16.09507050692119,14.90747610487512,15.769881968539236,345648800
2020-10-07,15.8580322265625,15.974766270423519,15.411343886830553,15.505445430665766,225088800
2020-10-08,16.09149932861328,16.27255750014966,15.90686779598429,16.253498362602798,197893600
2020-10-09,16.807392120361328,16.84193521505638,16.314248320857665,16.38333451024777,195271200
2020-10-12,18.37496566772461,18.907418162797576,17.493501654815894,17.676940814474122,294116800
2020-10-13,18.377347946166992,18.859771564614537,18.123628467503547,18.725168939020666,283861600
2020-10-14,17.923513412475586,18.7251693419623,17.58760300715315,18.54173018402252,296589600
2020-10-15,17.55306053161621,17.675750751795395,16.90744736965438,17.036093796338964,249076800
2020-10-16,17.283857345581055,18.13792502516281,17.21238650158782,17.87586829315272,228096800
2020-10-19,16.42502784729004,17.80916552391626,16.24277915146361,17.634063550658787,277555200
2020-10-20,16.531036376953125,17.08135564496976,16.27017018338818,16.554859383551715,274710400
2020-10-21,16.488157272338867,17.034903280861638,16.40477582510978,16.567965358799512,242572800
2020-10-22,16.49649429321289,16.79547695200164,15.898527158056384,16.64062467332554,239163200
2020-10-23,16.592979431152344,16.608463387436846,16.06767362746547,16.606082358826363,191088000
2020-10-26,15.836585998535156,16.673977369678052,15.186208059174717,16.172496412462245,317113600
2020-10-27,16.210613250732422,16.34283303974476,15.785367000176448,15.993821507871099,223860000
2020-10-28,14.308316230773926,15.513779069963851,14.270198875440895,15.416102381334184,369440000
2020-10-29,15.036121368408203,15.53998607705264,14.441727593323849,14.525109939104393,276374400
2020-10-30,13.990276336669922,14.857447933406563,13.525721260119457,14.716889987253197,461622400
2020-11-02,13.995039939880371,14.542977326374832,13.532866839910001,14.269009087522372,302272000
2020-11-03,14.699020385742188,15.057562380997355,14.127259106674325,14.291640951520824,269938400
2020-11-04,16.685888290405273,16.990827130554088,15.880659052038633,16.15105298841406,338375200
2020-11-05,17.973543167114258,18.17127759351215,17.58045716047168,17.827029936325513,300264800
2020-11-06,18.03429412841797,18.17366247148664,17.15997670308481,17.85204545527188,270302400
2020-11-09,16.933650970458984,18.865726324541246,16.852650571440105,18.544109391845343,331731200
2020-11-10,16.020029067993164,16.58702473494535,15.526885281431174,16.33568805764085,337333600
2020-11-11,17.096843719482422,17.175461287665648,16.37618631296111,16.446466645622618,253661600
2020-11-12,16.846698760986328,17.50065105914927,16.643009922554427,17.254080073008666,286687200
2020-11-13,17.28862190246582,17.400592047602988,16.754978850352035,17.12662289159103,209495200
2020-11-16,17.686471939086914,17.749603733318544,17.121859151613144,17.242166533198503,213748800
2020-11-17,17.52328109741211,17.79129402859011,17.40654708519893,17.724588878754002,182704000
2020-11-18,17.117094039916992,17.718634603414294,17.117094039916992,17.42203293958997,154341600
2020-11-19,17.541149139404297,17.592370337236645,16.909831199831974,17.022991859703666,159341600
2020-11-20,17.18498992919922,17.66145736997768,17.1671213096226,17.516134655133925,129993600
2020-11-23,17.188562393188477,17.598324661700858,16.766887712246266,17.36962052016396,179060800
2020-11-24,17.8913516998291,17.990218910032965,17.0420497386347,17.369621097983554,156015200
2020-11-25,18.22845458984375,18.345188614284606,17.92113284512544,18.07241177993645,128677600
2020-11-27,18.726360321044922,18.94791772922061,18.526243072896474,18.586992010552496,92927200
2020-11-30,18.822851181030273,18.913379361727625,17.936621242068693,18.787115751056763,184622400
2020-12-01,19.56256103515625,19.88655903357294,19.0706096487082,19.27191561149607,169989600
2020-12-02,19.64118003845215,19.706694678522865,18.961021931211132,19.32194770876814,146129600
2020-12-03,19.72098731994629,20.03426524764731,19.57685693522341,19.688825258385197,157461600
2020-12-04,19.962793350219727,19.99257256405474,19.5959132176629,19.72575197134357,127088000
2020-12-07,20.301088333129883,20.371368671430147,19.96398917303997,19.99972278182739,124028000
2020-12-08,20.486909866333008,20.56909897481446,19.84606056349958,20.208175026306176,133925600
2020-12-09,19.114686965942383,20.51907426126644,18.894319998379714,20.46904538693112,244878400
2020-12-10,19.34934425354004,19.56732833924244,18.49408419948246,18.70611207829218,173346400
2020-12-11,19.213546752929688,19.240943117346543,18.570314723121218,19.017002875385955,169819200
2020-12-14,19.623313903808594,20.01759045441743,19.43629954465403,19.443446266072566,146684800
2020-12-15,20.23318862915039,20.251055429985694,19.644751087255404,20.080719203426053,157417600
2020-12-16,20.572673797607422,20.756112963229157,20.12836659883375,20.341586797189812,137590400
2020-12-17,20.994346618652344,21.045565996120903,20.677495334174562,20.92287577547212,139275200
2020-12-18,20.765644073486328,21.192082684312222,20.312999605969846,21.1503910529647,168756000
2020-12-21,20.68821907043457,20.800189229662173,19.616167138802524,20.198650433198793,203596800
2020-12-22,20.851409912109375,21.04914436632707,20.27130947877383,20.881189131687485,160330400
2020-12-23,20.536937713623047,20.935978093287957,20.50953952790682,20.850213811000188,119434400
2020-12-24,20.803760528564453,20.897863873302132,20.57386584289596,20.596498338910823,77065600
2020-12-28,21.42793083190918,21.531561913450364,20.96813970193878,21.34097603725484,117052800
2020-12-29,21.491065979003906,21.8460337511337,21.2992877410344,21.720962488719042,121142400
2020-12-30,21.487491607666016,21.798386703850326,21.35408129798909,21.73287206335571,104807200
2020-12-31,21.655445098876953,21.736443689695605,21.242109457146633,21.473196451955978,106708000
2021-01-04,20.708471298217773,21.96396247329042,19.872270251994838,21.927036529549962,197472000
2021-01-05,21.227815628051758,21.26950543694835,20.521451729474183,20.521451729474183,118712800
2021-01-06,20.349924087524414,21.243300544607507,20.037838493475352,20.237953947424018,210730400
2021-01-07,21.819828033447266,21.9949299830443,20.88714451263596,20.889525541450883,123695200
2021-01-08,22.66555404663086,22.737024883580546,21.84602953794436,22.31177685712979,152815200
2021-01-11,21.66378402709961,22.267707415434863,21.53752043884894,22.01398790701246,140325600
2021-01-12,21.569684982299805,21.918696570426533,21.01221703530074,21.693565738533287,146031200
2021-01-13,21.988975524902344,22.17837091711569,21.50059561763625,21.628051544428143,108750400
2021-01-14,21.654253005981445,22.31535193719473,21.555387612443976,22.096177352771647,118236000
2021-01-15,21.12775421142578,21.81386840172687,20.854977436169836,21.608987282965163,141692000
2021-01-19,22.043766021728516,22.164075214675787,21.393388978044232,21.613754080505558,120967200
2021-01-20,23.58037567138672,23.7959769087499,22.758468202710333,22.835895256414886,121736000
2021-01-21,24.16642951965332,24.333192399252408,23.585138652058102,23.882930806755805,92168400
2021-01-22,23.947254180908203,24.185487915295816,23.79478473630646,23.921050142298384,81878800
2021-01-25,24.611927032470703,25.031218922680353,23.0610266978428,24.719133305733767,153170400
2021-01-26,24.63813018798828,24.91448216779499,24.34272089248169,24.709601028994566,90968800
2021-01-27,22.651262283325195,24.133076296150886,22.15573571498611,24.12354672934679,188900800
2021-01-28,22.984790802001953,24.061606449305373,22.715585526991777,22.844231957800524,90021600
2021-01-29,21.553007125854492,22.85138030454821,21.14324479506976,22.608382685229877,184278400
2021-02-01,23.13726043701172,23.35405218546862,21.85556181051113,22.286766096368723,105659600
2021-02-02,24.2569580078125,24.52854431115679,23.766197111870905,23.79716684204908,92746400
2021-02-03,23.97822380065918,24.831100937374647,23.97822380065918,24.7596300957763,95172000
2021-02-04,24.826335906982422,24.847777887065075,24.00204744845034,24.30936916738862,72808800
2021-02-05,25.086013793945312,25.32186468992574,24.673868619986713,25.06218896564936,86615200
2021-02-08,25.5767765045166,25.62204150033937,25.097926140137872,25.4814826374273,76994800
2021-02-09,25.56485939025879,25.865034380259786,25.367126788051003,25.367126788051003,65768800
2021-02-10,25.383806228637695,26.015124198124344,24.647663012262683,25.915066461554296,123548000
2021-02-11,25.793563842773438,25.90553398102285,25.24324453593291,25.767359805971576,98860000
2021-02-12,26.23191261291504,26.277177597127025,25.357595378116287,25.629181648230457,77471600
2021-02-16,26.01274299621582,26.648826654208335,25.748303395912558,26.43441592185715,88663600
2021-02-17,25.650625228881836,25.714949353715802,24.778690723718626,25.307569894224084,105986800
2021-02-18,25.305187225341797,25.48147967755268,24.366545742548666,24.790601493380347,110202000
2021-02-19,24.97165870666504,25.653007298064427,24.742954551294336,25.643477731059935,93377200
2021-02-22,23.037199020385742,24.25219239494352,22.98955300543715,23.952017411546272,132734800
2021-02-23,22.832321166992188,23.19443747594605,20.58815973330894,21.86509274736455,199274800
2021-02-24,23.38264274597168,23.458877472681507,21.655448071770916,22.21291417004043,123042000
2021-02-25,20.94074249267578,23.363578773789698,20.595302538791913,22.779906938631918,237792000
2021-02-26,21.255210876464844,22.193852230422184,20.547656500924727,21.533943867562805,209318400
2021-03-01,23.108673095703125,23.182524974486725,21.962769372273506,22.24150241566246,133707200
2021-03-02,22.00088119506836,23.273050061409563,21.941322771791196,23.237314643927498,151693200
2021-03-03,20.092634201049805,21.965151677231756,20.071194035349226,21.767419040202252,231542400
2021-03-04,19.099197387695312,20.64056988657489,18.315408210615157,20.00448627402437,432037200
2021-03-05,19.954458236694336,20.12360397114833,17.874676921636546,19.604254353954435,336656400
2021-03-08,18.248703002929688,20.21413123756644,18.170085437325238,19.840104361375097,235731600
2021-03-09,20.397571563720703,20.762068860987597,19.518488563785937,19.647134989452905,173429200
2021-03-10,20.223663330078125,21.321921086769464,20.08548731586662,21.264745494453408,203371200
2021-03-11,21.62685775756836,21.979444478338685,20.99792085464107,21.20756588309046,158935600
2021-03-12,21.088449478149414,21.124184902009603,20.266543817260825,20.766834298566017,166590000
2021-03-15,21.762649536132812,21.800767803030983,20.816861395275236,21.157535680966873,126701600
2021-03-16,22.12000274658203,22.86805655664912,21.82221056685535,22.23673677211271,168770400
2021-03-17,22.39873504638672,22.806116334187244,21.10989148049281,21.46962493057264,196370800
2021-03-18,20.3427791595459,21.560153731094708,20.237955731051137,21.348125845333374,228253600
2021-03-19,20.60245132446289,20.857361312599917,19.868691086946974,20.309423071612823,193286400
2021-03-22,21.700706481933594,22.12476398730101,21.033653224119504,21.033653224119504,141101200
2021-03-23,21.417211532592773,22.21053024682093,21.243300119360494,21.929414387916314,187780800
2021-03-24,20.335630416870117,21.707857148421482,20.309424562351083,21.700708610078898,190483600
2021-03-25,20.226043701171875,20.53098257964308,19.451784091662073,19.968750840869635,239874400
2021-03-26,21.119422912597656,21.19565764210211,19.89966542294706,20.18316417528206,215060400
2021-03-29,21.107507705688477,21.331447989176674,20.421395230905112,21.02174341914317,190589200
2021-03-30,20.807331085205078,20.91453734384197,20.24033551719333,20.714420084933803,148349600
2021-03-31,21.741209030151367,22.060441331266464,21.086066323232888,21.152771471670132,161968800
2021-04-01,22.84661865234375,22.877588387770615,22.494031876931388,22.546443596561005,145087200
2021-04-05,24.218839645385742,24.390366388504557,23.33975668059918,23.396932261638785,130539600
2021-04-06,24.161663055419922,24.60477791285985,23.992517335064964,24.147369614076382,120606800
2021-04-07,24.340335845947266,24.533306372187198,23.847192176807567,24.068749582802436,98987200
2021-04-08,25.100303649902344,25.143185790096098,24.800128668546062,24.995480236633398,113619200
2021-04-09,25.555328369140625,25.60059335406676,24.61430597491687,24.781068838993846,129438400
2021-04-12,25.45527458190918,25.5481855944693,25.00977865439762,25.324247116350147,109632000
2021-04-13,26.327207565307617,26.443941573240355,25.757829148911732,25.819768604300318,115022000
2021-04-14,25.402862548828125,26.427268337977143,25.195600362301555,26.39391576043082,161227600
2021-04-15,26.524940490722656,26.6273810590802,26.024650061507742,26.05562160716542,120798000
2021-04-16,26.636913299560547,26.679795444516763,26.181887811349903,26.660738127097787,117488000
2021-04-19,25.91029930114746,26.5320894414757,25.431449026021106,26.24144401893711,159168000
2021-04-20,25.34330177307129,26.04370947197947,24.86921719240396,25.741153455745078,158283600
2021-04-21,25.984153747558594,26.022272018100956,24.781072642858252,25.01454250598226,111057200
2021-04-22,25.03837013244629,26.11756887442813,24.762019890381964,25.88886466174677,174848400
2021-04-23,25.981773376464844,26.281948424055628,25.186073487670388,25.186073487670388,107686000
2021-04-26,26.49635887145996,26.55591731099567,25.860275173437604,26.041331520969045,99976800
2021-04-27,26.14853286743164,26.603558314462152,25.912680182727716,26.555912298857976,119312800
2021-04-28,25.87932586669922,26.301000528492743,25.722092571723522,26.060383985452667,118950000
2021-04-29,26.139001846313477,26.736968942041138,25.390948173963018,26.648821818741396,148124400
2021-04-30,25.64824104309082,26.158061016254056,25.41715406302004,25.56009391966395,118440400
2021-05-03,25.22895050048828,26.084208655356612,25.116980364875104,25.910299063191495,134222000
2021-05-04,23.899606704711914,24.70245499500417,22.97764155448437,24.645277593578328,211234000
2021-05-05,23.620874404907227,24.502338468124183,23.442199109586564,24.30936973080318,136429200
2021-05-06,24.137840270996094,24.175958538370782,23.0586418176619,23.554168388058667,169663200
2021-05-07,24.728660583496094,25.271833168143363,24.483278327903527,24.769159879219313,158706800
2021-05-10,22.870437622070312,24.4570751045394,22.813262036937278,24.416573989890214,184214800
2021-05-11,22.756084442138672,22.92761301366896,21.441035089704894,21.581592113966117,228806800
2021-05-12,21.024126052856445,22.19147165896712,20.802568617783237,21.68403266577222,236158000
2021-05-13,21.467239379882812,22.077117085243014,20.981242401831803,21.583973386829022,208602000
2021-05-14,22.863290786743164,23.08246537663918,22.017560339376498,22.12714763432451,144263200
2021-05-17,22.47735023498535,22.670320776554163,21.853179076369724,22.515468501125007,138542400
2021-05-18,22.005647659301758,22.937140486916448,21.962765520333633,22.68223049904451,131684000
2021-05-19,22.086650848388672,22.15335600789008,20.804953921682156,20.881188649337947,191889600
2021-05-20,23.363582611083984,23.5517874821984,22.353472070967126,22.41064765916037,139226400
2021-05-21,22.97764015197754,23.806694246258164,22.89664156460347,23.713783246586058,128133200
2021-05-24,24.128313064575195,24.38084024911011,23.399318396719035,23.47793596768605,92181600
2021-05-25,24.245046615600586,24.642898337764628,23.973460300817447,24.47851647760356,106728800
2021-05-26,24.49043083190918,24.595252448544215,24.2331379393354,24.38560739769483,78034800
2021-05-27,24.20454216003418,24.576187946546195,24.16642571537428,24.387983116294965,83216800
2021-05-28,24.440401077270508,24.800134571318576,24.371314884895007,24.48566607424287,81857200
2021-06-01,24.202163696289062,24.8477787024055,23.89246093862957,24.740572433632547,103863600
2021-06-02,24.32843017578125,24.530928491204257,23.949637584154466,24.287929058633296,83178800
2021-06-03,23.563695907592773,23.982985906810548,23.199196823412844,23.701870070873312,121032000
2021-06-04,24.771541595458984,24.869216469958705,23.949634217690534,23.973457224818837,91175200
2021-06-07,24.9907169342041,25.007393221462316,24.49280752735913,24.6405130842026,62193200
2021-06-08,25.019304275512695,25.59106556247731,24.64051353616579,25.390950111708158,92944400
2021-06-09,25.047895431518555,25.519599039340825,24.997866563921818,25.338540886910344,77803600
2021-06-10,25.81500816345215,25.848360741583342,25.014542653145167,25.116983233856455,117206800
2021-06-11,26.019886016845703,26.02464989129628,25.67206501942681,25.829298322401318,68338800
2021-06-14,26.748882293701172,26.77032427404541,25.84835910598281,26.119945406482664,90823200
2021-06-15,26.253355026245117,26.763175037935095,26.077062583647965,26.686940320792083,90108000
2021-06-16,25.972238540649414,26.603558242378547,25.138420546782744,26.353413934765936,157778000
2021-06-17,26.941850662231445,27.17770335491279,25.71256560579068,25.719712326615134,144323600
2021-06-18,26.298622131347656,26.82035459798152,26.12947639586992,26.541621561387746,142894400
2021-06-21,26.77985382080078,26.87276482787076,25.82215323127766,26.35579626478353,107708400
2021-06-22,27.527910232543945,27.64702710621557,26.6750329808361,26.756031582494764,103578800
2021-06-23,27.57555389404297,27.863816485538592,27.380202310650105,27.532671750489456,93996800
2021-06-24,28.082990646362305,28.4665470862555,27.918610613250266,28.0496380705089,93672400
2021-06-25,27.994842529296875,28.290251807671737,27.837607415233215,28.228310536897066,86993200
2021-06-28,28.985897064208984,29.035925928659616,28.2878721729289,28.295018893910548,88787600
2021-06-29,29.312278747558594,29.32180831499496,28.747664145613115,28.95969202272962,74560000
2021-06-30,29.183629989624023,29.374217688016433,29.028777711877567,29.2765409927561,80546800
2021-07-01,29.197927474975586,29.336103484569513,28.742901962968396,29.08357629416487,83834800
2021-07-02,30.188980102539062,30.291420684388715,29.631512200647244,29.693453482541713,93502000
2021-07-06,30.593969345092773,30.67496792543215,29.660093737527674,30.362882380180558,109599600
2021-07-07,30.789331436157227,31.26103324756422,30.279509534389344,31.184796702001016,115275600
2021-07-08,30.255680084228516,30.460561212882357,29.12168715640148,29.467127114052218,152524400
2021-07-09,30.767885208129883,30.922739315902557,29.929303266471596,30.08415555666513,92875600
2021-07-12,31.153827667236328,31.27770659658956,30.746446366226046,31.160974388731383,87126000
2021-07-13,31.137147903442383,31.93999804853054,30.925120028335158,31.060914999832157,119450000
2021-07-14,31.30629539489746,31.942379019061754,31.10141424127779,31.77085044230304,136042800
2021-07-15,30.658294677734375,31.346789908330518,30.12703274011544,31.306290616549298,137192800
2021-07-16,29.905481338500977,31.13953401218051,29.81971704598596,30.889387856081836,127402800
2021-07-19,29.188398361206055,29.30275136137557,28.509432534641256,29.01925261617267,202286400
2021-07-20,30.150859832763672,30.565387825373186,28.95731017210892,29.407571769616585,121544800
2021-07-21,30.83935546875,30.87270804537851,30.017449831351776,30.091301705660737,81763200
2021-07-22,31.48735237121582,31.49449909246507,30.93226733152158,30.93465199537687,94957600
2021-07-23,32.53319549560547,32.66422476571321,31.51593651606106,31.85184692620325,103898400
2021-07-26,32.66898727416992,32.77381068004078,32.17107609628332,32.40454773123484,85977600
2021-07-27,31.601696014404297,32.59751468130278,30.45341157375506,32.59751468130278,178782000
2021-07-28,31.947139739990234,32.36642973173043,31.272937951428478,31.889962344915702,143940400
2021-07-29,32.104373931884766,32.428371927744756,31.797054040850426,31.799435069329242,88638400
2021-07-30,31.623146057128906,31.768468775207882,31.034708463854855,31.053767598129266,113118800
2021-08-02,31.61361312866211,32.20681638532711,31.451615947977498,32.05196229009365,109120000
2021-08-03,32.1639289855957,32.20919396804981,30.934645915278356,31.78990398481791,126835600
2021-08-04,32.323543548583984,32.580836355947746,31.875666707757365,32.18298655160003,96856800
2021-08-05,32.9310417175293,32.99060013960731,32.35213559980669,32.5331918942671,77340400
2021-08-06,32.502235412597656,32.859586110656814,32.199681105555584,32.587999725538225,86306000
2021-08-09,32.6761360168457,32.8238397514483,32.32354751433429,32.61657759029203,68421600
2021-08-10,32.1877555847168,32.90245668987505,31.85661088473312,32.82145810372832,106162400
2021-08-11,32.013851165771484,32.649934815776106,31.646969170238453,32.51890553165716,93188000
2021-08-12,32.347373962402344,32.44743168781506,31.50402819954768,31.87805324679346,79490800
2021-08-13,32.67137145996094,32.78334159658459,32.31163985973562,32.44266549457956,73289600
2021-08-16,32.728553771972656,32.74046255135809,31.32773815727859,32.38549658999382,122458400
2021-08-17,31.8685245513916,32.24493425114502,31.201469433286285,31.97334796589989,166395200
2021-08-18,30.941797256469727,32.09484760894077,30.85364830662493,31.708910139060677,130084800
2021-08-19,31.382526397705078,31.828025918630047,30.36288638381453,30.431974379579135,163247600
2021-08-20,32.352142333984375,32.464112481610506,31.585029407130563,31.673174726903248,125082400
2021-08-23,33.793453216552734,33.995949688951924,32.63801826902411,32.645164989511265,96532400
2021-08-24,34.12697982788086,34.29136167359855,33.84586578778708,33.97451039499857,72686800
2021-08-25,34.16510009765625,34.40094916389584,33.97927807903672,34.18415923227854,76127200
2021-08-26,33.5861930847168,34.18892418189872,33.45754845908098,33.988808704172556,107004800
2021-08-27,34.56771469116211,34.686831552764794,33.624307547799276,33.755336822593854,92320000
2021-08-30,35.713623046875,35.85894578267829,34.77021577859879,34.78212819336797,91270400
2021-08-31,35.613555908203125,35.80652461700289,35.18473453578272,35.78746548543336,91796000
2021-09-01,35.808902740478516,36.406871585098315,35.75172898556545,35.93278526805243,95568000
2021-09-02,35.758888244628906,36.29252953179071,35.40153761047935,36.199618512318175,95038400
2021-09-03,36.08050537109375,36.19724123232994,35.415834722206036,35.425362473967006,93201200
2021-09-07,36.22821044921875,36.42117921756716,35.77318308486709,36.104327873366415,90370800
2021-09-08,35.856563568115234,36.175799584007684,35.18951191737605,36.16626819747778,126846000
2021-09-09,35.472999572753906,36.23535038743387,35.399147700931834,35.90896771803315,110573600
2021-09-10,34.67491912841797,36.17579231116058,34.57009570861602,35.97329219243791,138435600
2021-09-13,34.5963020324707,35.44441351667863,34.01024546616129,35.32767768210644,155549200
2021-09-14,34.29851531982422,35.22524451707853,34.024547945080585,35.008450919236516,119258400
2021-09-15,35.058475494384766,35.15376752937274,33.77201121109832,34.42239189118679,111785200
2021-09-16,35.1275634765625,35.289564306542644,34.12460148853375,34.67492083441132,105230800
2021-09-17,33.88636016845703,35.00367308126658,33.58142134692047,34.99652636163349,154650400
2021-09-20,31.801820755004883,32.74760891908146,30.49391631682178,32.26161009209357,243827200
2021-09-21,31.842313766479492,32.57845494733058,31.58740199020619,32.25207597692213,143401200
2021-09-22,32.77381896972656,33.16928423487006,31.830411713424578,32.128203903081214,175338800
2021-09-23,33.683868408203125,33.96498611214458,32.91675547333767,33.0930497498826,138739200
2021-09-24,33.77915573120117,33.88874483593976,32.94772241989955,33.04778014066545,109550400
2021-09-27,32.96439743041992,33.209777861956645,32.25684301788147,32.926282799376956,156710800
2021-09-28,30.21518325805664,31.897112745990395,30.034125121249964,31.71843745531486,297646000
2021-09-29,30.01506805419922,31.039472034065415,29.850688011412252,30.484388807503745,195061200
2021-09-30,29.676773071289062,30.860793078805806,29.560039062746643,30.4415030594268,234624000
2021-10-01,30.217565536499023,30.49629856526313,28.78816315197031,29.838774777036893,208708000
2021-10-04,28.35934066772461,29.895947349127322,27.747080114121392,29.803036348907376,257236000
2021-10-05,29.45045280456543,30.01744839775004,28.52134094302403,28.580899372384646,162612800
2021-10-06,30.03174591064453,30.093687194499218,28.411757502957638,28.649991252697998,234990800
2021-10-07,30.8441162109375,31.52784573966789,30.667821971247367,30.808382611412704,150815200
2021-10-08,30.370033264160156,31.189555966688012,30.248533566684117,31.129997540926276,157132000
2021-10-11,29.69583511352539,30.89653334318762,29.66962925754946,29.98409771168153,136215200
2021-10-12,29.393274307250977,30.16515283162769,29.20983515139797,30.05794657223034,174403600
2021-10-13,30.081775665283203,30.24377469257743,29.445691970975602,29.965041633397153,140921200
2021-10-14,31.74226951599121,31.79229657309372,30.827449056511476,30.99659663637173,121750000
2021-10-15,32.3306999206543,32.36405249623365,31.78514266312866,32.066260344575845,102858000
2021-10-18,33.30031204223633,33.357489448760944,31.823263574355263,31.982879744683277,100876400
2021-10-19,34.03168869018555,34.07456901533067,33.41942627889849,33.60048259921919,106450800
2021-10-20,33.92448043823242,34.35806755560816,33.5147181470353,34.18415795701018,118709600
2021-10-21,34.531978607177734,34.59392170378522,33.621927644361165,33.695779519400936,92100400
2021-10-22,33.65766143798828,34.46289261711766,33.20025310779095,34.17939389380722,140248400
2021-10-25,34.66776657104492,34.95602729181199,33.52424416551312,34.06503564381465,118951600
2021-10-26,34.99177169799805,36.020939529325965,34.69874159050341,35.33482885349344,167975600
2021-10-27,35.26810836791992,36.144810100676544,35.08228640951225,35.1537572323976,145068000
2021-10-28,36.425941467285156,36.50932473967747,35.59212328399725,35.80891688409022,130737600
2021-10-29,36.96434783935547,37.02152161025073,35.444415420311195,35.54209212580177,134514400
2021-11-01,37.32884216308594,37.38601592937658,36.49263947950437,37.116814297722584,130045600
2021-11-02,37.826744079589844,37.967301080804496,37.15492698054984,37.17160144815889,120171200
2021-11-03,39.02745056152344,39.14656742398421,37.657606643224554,37.960160856561046,145210400
2021-11-04,40.48305130004883,40.82134635636305,39.24423677471996,39.410999639352305,160879600
2021-11-05,40.63314437866211,41.37167039520717,40.197176216849044,41.08579064643942,170505600
2021-11-08,40.46637725830078,40.95237241681028,40.27578956735589,40.618846684025115,112919600
2021-11-09,39.632568359375,40.92617592804686,39.20613152951684,40.79753129744008,176237600
2021-11-10,37.895843505859375,39.64209365518175,37.283581037240765,38.765395219757195,193953600
2021-11-11,38.203147888183594,38.82970354484556,38.09355881077939,38.772526160744626,115438000
2021-11-12,39.41577911376953,39.56348653279948,38.057847262423785,38.5486082792997,127640800
2021-11-15,39.40385437011719,39.85888163085125,38.61530136783655,39.7635896004545,139458400
2021-11-16,40.218624114990234,40.35918115748149,39.084629118889495,39.13942186449211,103181600
2021-11-17,40.266258239746094,40.902341739052446,39.973228191460365,40.31152322127759,115936000
2021-11-18,41.49793243408203,41.667076340268714,40.20670610274652,40.899963467993814,173683200
2021-11-19,42.200714111328125,42.61285736165694,41.76713070214487,42.03156659833122,129214400
2021-11-22,40.73796844482422,43.68253753747047,40.70461586752719,42.712924496860964,179044800
2021-11-23,40.182884216308594,41.01670230063803,38.78206867138446,40.3687062414322,226025600
2021-11-24,40.55452346801758,40.63314102859965,38.67247861156963,39.38241405009543,198241600
2021-11-26,38.31751251220703,40.17573634543261,37.81245816454343,39.7326214593185,177682400
2021-11-29,40.697471618652344,41.01432293980162,39.38718600427909,39.594448201847406,158932000
2021-11-30,38.94883346557617,41.16440422592688,38.28654399312358,40.42349718708353,302586000
2021-12-01,36.950050354003906,40.885668676903066,36.799961951507946,40.2281449374372,302551200
2021-12-02,37.64570236206055,38.241286803020806,36.12815073458573,36.549825536630095,396432800
2021-12-03,35.754119873046875,38.42233701443519,34.52721393995517,38.11739812028558,480573600
2021-12-06,36.59031295776367,36.99292849070763,34.67014992540738,35.875611860748215,304828000
2021-12-07,39.88985824584961,40.0899737162087,38.53192664675803,38.53907336818811,270578400
2021-12-08,40.444942474365234,40.49973521593069,39.420536680107084,39.997061886373686,205243600
2021-12-09,38.69868850708008,40.62123285884664,38.5938650820221,40.05900109866516,212802000
2021-12-10,39.89700698852539,39.98277128518973,38.54145634951669,39.49201033461657,203075200
2021-12-13,38.18171310424805,39.997052591764465,38.06497729180188,39.89699488187811,179145200
2021-12-14,37.045345306396484,37.53610621243146,35.69456048289028,36.716581593159816,230933600
2021-12-15,39.49676513671875,39.611119934703005,35.7422031800259,36.91669725927846,269061200
2021-12-16,36.483116149902344,39.93273981506742,35.961383658346676,39.78741708287684,296220000
2021-12-17,35.9256477355957,37.114431739152316,35.02035882134559,35.45632698983031,300020800
2021-12-20,34.85121154785156,35.079917533276706,33.948307290267785,34.548657321245265,241866000
2021-12-21,37.1811408996582,37.27166724737518,34.713039250801216,35.77317864832123,219124800
2021-12-22,38.50811004638672,38.59387435703093,36.883357472996956,37.06441384650844,177222800
2021-12-23,39.42292022705078,39.854122736150934,38.58672106695283,38.634367090277536,131308400
2021-12-27,41.307342529296875,41.340695103046556,39.78502927894015,39.8064694402454,125963200
2021-12-28,40.82133865356445,41.68612435810459,40.50686848089013,41.63371266265887,144825200
2021-12-29,40.757022857666016,41.212050108552376,40.0113501946544,40.811815592200425,115494800
2021-12-30,40.375850677490234,41.37166953783678,40.20670676850281,40.68317421829434,113271600
2021-12-31,39.62540817260742,40.59501735361216,39.47770445521955,40.17334636007115,120497200
2022-01-03,40.76893997192383,40.842791847674114,39.337152907269505,39.98276792444209,153010400
2022-01-04,39.184688568115234,40.95000163554337,38.21031334372348,40.93570819129841,213296400
2022-01-05,35.580204010009766,39.003621063893235,35.49682076220994,38.68438878316759,266490400
2022-01-06,35.4825325012207,36.404495877575506,34.40571501851423,35.02750520225911,308453200
2022-01-07,34.32233428955078,35.95899880674661,33.82918873702945,35.472999975117624,285426800
2022-01-10,34.448604583740234,34.529603193073136,31.470682459805527,32.95964352177288,358434800
2022-01-11,35.96376419067383,35.98043866089363,33.60048247487761,34.16986092375439,308653600
2022-01-12,36.37351608276367,37.147775533509204,35.706464694862696,36.680839561978516,276742400
2022-01-13,33.73389434814453,36.950049391012456,33.36224671188051,36.74993031451402,173531800
2022-01-14,34.24371337890625,34.339005404932884,32.87625063096163,32.919130952126274,178451600
2022-01-18,31.775611877441406,33.2193075091015,31.475435090752406,32.63325101116972,155320000
2022-01-19,30.67021369934082,32.73808086506857,30.570155962466103,32.09485047935484,183284400
2022-01-20,29.483808517456055,32.485553313180084,29.302750364008297,31.4563817994218,172197000
2022-01-21,27.00140953063965,29.555275354547344,26.920410936542876,28.883456322462447,342054600
2022-01-24,27.392112731933594,27.515993461201663,22.951434712429357,25.657769799127887,510169200
2022-01-25,25.371891021728516,26.82988203336193,24.65718986618687,25.800712442085118,347498000
2022-01-26,25.324243545532227,28.040106326002554,24.47613032054881,27.15387847097372,415676200
2022-01-27,24.56666374206543,26.796531677437024,24.318900436182012,26.396298924483684,323528200
2022-01-28,26.858470916748047,26.901353061977563,23.871019645969533,24.966896286817352,334032400
2022-01-31,29.45998764038086,29.569574951894932,26.787004561792667,27.182471658336553,227502200
2022-02-01,30.022214889526367,30.184213904212534,28.459402148492178,29.74109900573505,203691600
2022-02-02,30.73215103149414,31.146679028482883,29.70774527007936,31.075208182773345,201630400
2022-02-03,27.034765243530273,29.097868458446108,26.739354101331624,28.26405037990113,211150000
2022-02-04,27.968639373779297,28.783398268182992,26.629765199538735,27.096703077341655,193068800
2022-02-07,27.33493423461914,28.7166904219308,27.02523151510369,28.144929178299115,153912200
2022-02-08,28.26405143737793,28.507050875775573,26.79176681661671,27.063353141240498,158593200
2022-02-09,30.017452239990234,30.055570512098104,28.950164249500155,29.331339700261847,151075400
2022-02-10,28.02581787109375,29.97456999560728,27.539820808767477,28.259287743050397,254286600
2022-02-11,25.386186599731445,28.373637899430793,25.04313125215344,28.006757723933067,268511200
2022-02-14,25.457656860351562,26.191417194399783,24.633368362068484,25.205129684931762,190125000
2022-02-15,27.30158805847168,27.368293219300842,26.37247604708713,26.601182052186143,163444600
2022-02-16,27.296823501586914,27.539821126766288,26.062772604319196,26.81082643364889,186181000
2022-02-17,24.87636375427246,26.705998733918484,24.762012590432757,26.5106471629116,157671200
2022-02-18,24.03302001953125,25.152719733860938,23.49461305377394,25.057425870448732,226165400
2022-02-22,23.28972816467285,24.538072305056527,22.494026622455195,23.36596287971356,262876200
2022-02-23,21.507741928100586,24.123549213919482,21.426743328291924,23.93772718604859,260920400
2022-02-24,23.613725662231445,23.751899830756276,19.34934194882195,19.420810970283977,389734800
2022-02-25,24.73342514038086,24.781071158124966,22.98955435429212,23.823372387867483,238372200
2022-02-28,24.995479583740234,25.343300570635915,23.78525194106502,24.042544775506943,243401000
2022-03-01,23.84243392944336,25.238483837742333,23.275436446109964,24.738191513017746,248145000
2022-03-02,24.981191635131836,25.276600981705148,23.547023415607594,24.14260780168726,219495800
2022-03-03,23.937726974487305,25.62442047088635,23.523198958584373,25.610127028123898,223888600
2022-03-04,22.913318634033203,23.72807749787402,22.393969065970307,23.42790250998251,231391000
2022-03-07,20.35468864440918,23.127728867106853,20.31180650415802,22.894259032944113,249752600
2022-03-08,20.07357406616211,21.917502578519787,19.425578046941048,20.197454802740694,355936000
2022-03-09,22.222442626953125,22.489265065886016,21.131331678691165,21.63162397888773,219074200
2022-03-10,21.507741928100586,21.73644610221701,20.578629971166915,21.39339074983198,225574800
2022-03-11,20.173633575439453,22.141444815733884,20.05451670308036,22.07950353318497,197814800
2022-03-14,18.991994857788086,20.55004380229021,18.84905497117618,19.9211068471344,246265200
2022-03-15,20.750154495239258,20.912153480731774,19.17304859574623,19.473221743140332,211407200
2022-03-16,23.080081939697266,23.09914107335143,20.81686161926741,21.517269331636253,326175000
2022-03-17,23.851961135864258,23.91390059553732,22.41302922270407,22.67508595596901,192061600
2022-03-18,25.33377456665039,25.448127559452388,23.313553506974788,23.56608068503945,201569600
2022-03-21,25.15271759033203,25.69589020263907,24.19025310529114,25.186070167047085,221094600
2022-03-22,26.639291763305664,26.844172886881957,25.19083045816406,25.286124299898432,186689200
2022-03-23,25.514835357666016,26.810827594970487,25.491012345158374,25.996068571185404,205499400
2022-03-24,27.16817283630371,27.20152541070226,25.44812513841143,25.934122130820423,171150600
2022-03-25,27.125288009643555,27.425462967089587,26.134234989698022,27.177699712103205,198789400
2022-03-28,28.35934066772461,28.402222807639887,26.83941027309012,27.120524302160455,183407400
2022-03-29,29.81256866455078,29.99839068212686,28.6547525976454,29.312278197789233,204013400
2022-03-30,28.916810989379883,29.79827692653905,28.49275521884966,29.388514598923127,167818800
2022-03-31,27.720874786376953,28.98351418302993,27.587464489702608,28.892984209504643,168098800
2022-04-01,27.601760864257812,28.025816624537462,26.872766211982874,27.83999460082653,176162600
2022-04-04,29.32657241821289,29.32657241821289,27.744700563045065,27.816171410584595,137515000
2022-04-05,27.38735008239746,29.14075052540062,27.091940758572335,28.978751512158617,172097600
2022-04-06,25.586301803588867,26.38200155321652,24.96689449723326,26.11994482563288,296859800
2022-04-07,25.75306510925293,26.248591689628785,24.576191752834095,25.362361948689404,229654000
2022-04-08,24.700071334838867,25.533889326905562,24.53807233796275,25.357596888933575,204182400
2022-04-11,22.946672439575195,23.95201905515752,22.846614710769707,23.742374030387104,185914600
2022-04-12,22.651262283325195,24.290309604470988,22.341557723718513,23.899606453397986,247928200
2022-04-13,24.00919532775879,24.223606051035624,22.55120604463459,22.708439363318174,190084600
2022-04-14,22.39396858215332,24.133075379926595,22.312969993762152,24.02348627462956,167843600
2022-04-18,22.45591163635254,22.87520168759669,21.83173861671675,22.14144318912988,175525400
2022-04-19,23.899606704711914,24.02348743930983,22.065207788740178,22.265323240993514,172372600
2022-04-20,22.82279396057129,24.175961732298518,22.60361752936912,24.09496131221572,215629400
2022-04-21,21.483917236328125,24.19025247797286,21.245683513067704,23.651843754482165,268626400
2022-04-22,19.778162002563477,21.712620401467454,19.668574712975325,21.46485712247638,248824800
2022-04-25,20.51192283630371,20.56433454528082,19.206403074414972,19.44463679334435,332878800
2022-04-26,18.205820083618164,20.14980807254223,18.15340837544928,20.11645549781276,332263200
2022-04-27,18.12482261657715,19.163521824895696,17.805588473201517,18.186762077726875,316698600
2022-04-28,20.04022216796875,20.359454496057136,18.239173920090067,18.977699942535267,344698400
2022-04-29,17.405353546142578,19.902043522704645,17.248120249231494,19.244518001564664,320116800
2022-05-02,18.224884033203125,18.2391774782704,16.738305766083712,17.271948920355904,311905600
2022-05-03,18.267763137817383,18.66323019851984,17.772236525601542,18.196292289247705,285565600
2022-05-04,20.078340530395508,20.226046112454824,17.405357515164738,18.339235213790506,438806800
2022-05-05,17.086124420166016,19.301697150072833,16.447657913181377,19.296933274924992,455552600
2022-05-06,16.49053955078125,17.40535622758161,15.77107264785883,16.71924371998134,466794400
2022-05-09,14.541786193847656,15.923540651453619,14.298787695290082,15.51378018807795,420419800
2022-05-10,15.04207706451416,15.761543922934292,14.427434534208647,15.590015352249253,463579600
2022-05-11,13.703206062316895,15.53284051345315,13.565030044510713,14.699023257492872,529531800
2022-05-12,13.593615531921387,14.241610591423338,12.716915424982224,13.069501199261534,590993000
2022-05-13,15.070666313171387,15.246959684389573,13.998614460362745,14.222554762352571,395948000
2022-05-16,14.603728294372559,15.142137063589274,14.379788902653251,14.832432470016482,318388000
2022-05-17,15.704366683959961,15.761544086501042,14.884842998784759,15.45183951759695,307981400
2022-05-18,13.412558555603027,15.099253767319617,13.193383964497459,14.989665562977292,328105200
2022-05-19,13.140973091125488,13.827086518304741,12.883681123926769,13.12191486445391,392015600
2022-05-20,13.026619911193848,13.741321072778925,11.878333450950317,13.650792004517083,458111200
2022-05-23,13.66985034942627,13.736555496511691,12.845561033291764,13.174323803107505,341040600
2022-05-24,12.816975593566895,13.036151116570569,12.116568694347242,12.936092468802256,366488600
2022-05-25,13.331558227539062,13.626968428560907,12.57397495510105,12.597798871435586,361283800
2022-05-26,14.446494102478027,14.665669619706502,13.18862022394985,13.226737586669199,337131600
2022-05-27,15.861601829528809,15.885424838487175,14.8991373634624,14.913430805321605,315035800
2022-05-31,15.747251510620117,16.199896027855488,15.11831451612149,15.86636839317788,369158600
2022-06-01,15.380370140075684,16.404775980231832,15.032549087217358,16.061718802583403,398894200
2022-06-02,16.628713607788086,16.666830056069966,14.984900652908113,15.208840012103659,336861400
2022-06-03,15.313665390014648,16.02360277545062,15.13260813715296,15.790132897196582,324723800
2022-06-06,15.504253387451172,16.26183680964602,15.246960492914205,16.018837358945774,300958600
2022-06-07,15.880664825439453,16.00930946861305,14.794317540495195,14.97061093954092,274886600
2022-06-08,15.55666446685791,16.171306155156966,15.404195013589078,15.761545635484014,225706000
2022-06-09,14.289258003234863,15.752013765108504,14.260670212122818,15.280310213417541,275959400
2022-06-10,12.76456356048584,13.636498967113294,12.707387065996862,13.464970392435909,343352200
2022-06-13,10.996867179870605,11.902155027177807,10.872985551049075,11.563863620956615,426731400
2022-06-14,11.068338394165039,11.373278173220504,10.730046948562446,11.263689971527851,393201000
2022-06-15,11.864038467407227,12.350035449458403,11.12074955348685,11.463805765575605,549823000
2022-06-16,10.41557788848877,11.015926935012487,10.158285050497406,10.95398566270073,424284400
2022-06-17,10.801519393920898,11.092164890208569,10.315522274853238,10.515638682187584,441181000
2022-06-21,11.616275787353516,11.902156433111934,11.330396050384618,11.349454275414102,318408200
2022-06-22,11.573397636413574,12.126099941323634,11.220810837166688,11.297045575168783,388973600
2022-06-23,12.068920135498047,12.183272211253566,11.516217981618281,11.883098125994017,365372800
2022-06-24,13.331558227539062,13.360146927140505,12.41197595918415,12.440564658785593,303635000
2022-06-27,13.01708984375,13.579321547985177,12.864620413880695,13.507851616332626,338262000
2022-06-28,11.830686569213867,13.441146126125018,11.79733399362182,13.083795543999603,373741600
2022-06-29,11.854509353637695,12.049861837591289,11.48286533688139,11.806863337287046,380182200
2022-06-30,11.435218811035156,11.859274551131723,10.839634497960407,11.463806603601672,512407800
2022-07-01,11.621039390563965,11.673451094453721,11.006396927957107,11.244630623762285,417200800
2022-07-05,12.221392631530762,12.235686985377278,10.958753789693581,11.154105414980592,441108000
2022-07-06,12.45485782623291,12.731208888117232,12.045096470963413,12.278565393176937,412245800
2022-07-07,13.226737976074219,13.34109006759888,12.564448438531102,12.569212313820362,275732600
2022-07-08,13.288678169250488,13.488794553871221,12.726446378707019,12.859857604717384,319458400
2022-07-11,12.44056510925293,12.993267265174461,12.321448249635539,12.959914689887915,258448200
2022-07-12,12.078449249267578,12.855090742103986,11.868803330518388,12.597798808502711,319233000
2022-07-13,12.002215385437012,12.307154264287899,11.287514206538088,11.35898414267007,361151000
2022-07-14,12.126094818115234,12.235682094094502,11.254159575413095,11.659156109144245,351647000
2022-07-15,12.76456356048584,12.793151353335555,12.297624763729578,12.516800265682852,308760400
2022-07-18,12.469155311584473,13.341090856191087,12.302391494124144,13.15526881007827,319900400
2022-07-19,13.560262680053711,13.636498305268784,12.71691601599717,12.936090598523304,298643400
2022-07-20,14.24161148071289,14.413140049804198,13.550734238475327,13.655556748036949,377126200
2022-07-21,14.846725463867188,14.85625503084482,13.922378369196027,14.29878808570674,319381800
2022-07-22,14.070085525512695,15.023020520321257,13.793734413369798,14.713315919976772,298800800
2022-07-25,13.860437393188477,14.136788461886105,13.536439400483086,14.070083313548933,220897600
2022-07-26,13.021856307983398,13.612675879388776,12.888445085231368,13.574558517000996,231755600
2022-07-27,14.646610260009766,14.889608784426356,13.545970633126057,13.62697014126492,341919000
2022-07-28,15.065901756286621,15.161194704728368,14.065319890516045,14.618022081362732,324071800
2022-07-29,15.894951820373535,16.03312779446932,15.089721707250696,15.308897170936227,292146400
2022-08-01,15.871134757995605,16.400012212167624,15.456606680494493,15.618605720332068,285283000
2022-08-02,15.72342586517334,16.366656196262433,15.34701614309112,15.504251274180811,325375000
2022-08-03,16.981300354003906,17.12900592415432,15.87113209312872,15.98548326817878,294213800
2022-08-04,17.224302291870117,17.281477887727426,16.657304756222118,17.00512584218816,253567200
2022-08-05,16.81453514099121,17.143296995767166,16.271362590674894,16.404772882309384,283898600
2022-08-08,16.643009185791016,17.548298122863656,16.409539321361397,16.962241524262186,267787800
2022-08-09,16.071245193481445,16.376184038850802,15.813952361108965,16.333301900122056,218406000
2022-08-10,17.39106559753418,17.457770763807897,16.82406986662811,17.21953698849921,271554400
2022-08-11,17.129009246826172,18.115296956453253,16.995597093283042,17.786534992437396,273361000
2022-08-12,18.096235275268555,18.129587854573547,17.26718285028835,17.43870962203721,211187000
2022-08-15,18.52981948852539,18.62034947044599,17.934235155170477,17.939000847681637,196308400
2022-08-16,18.41069793701172,18.763284572372374,17.881818892760077,18.372581494517384,220755800
2022-08-17,17.772239685058594,18.263002509485357,17.414889013840607,17.87229743678055,262838400
2022-08-18,17.8913516998291,18.086703274155806,17.481589417685523,17.753175708393893,192140800
2022-08-19,16.843124389648438,17.48635656668867,16.70971407926046,17.381533141338597,224256600
2022-08-22,15.518546104431152,16.185601321784386,15.370840527245711,16.147483049899407,224975400
2022-08-23,15.466133117675781,15.890188860842372,15.342252379394173,15.451839675683813,219509800
2022-08-24,15.585251808166504,15.866367711630529,15.294606336397681,15.389900201866373,187005600
2022-08-25,16.404773712158203,16.409537586709458,15.694836443807112,15.856835442234804,222052600
2022-08-26,14.40837574005127,16.55248019781493,14.389317514408733,16.366656363470728,366276600
2022-08-29,13.96526050567627,14.351199788995217,13.798496718799017,13.984319639623168,248441000
2022-08-30,13.498324394226074,14.270202152989945,13.13144419688801,14.193967424814458,327014800
2022-08-31,13.250560760498047,14.008144149051093,13.231502533298844,13.893792059486998,341030600
2022-09-01,13.264854431152344,13.307736576134978,12.397683781573852,12.902739045070964,397320400
2022-09-02,12.712152481079102,13.836616021973771,12.469153957811715,13.646028303402773,454463000
2022-09-06,12.421507835388184,12.874152333225288,12.130862363590275,12.750270671619452,361083400
2022-09-07,13.155266761779785,13.29344185156273,12.440565577192654,12.473918153733724,331569600
2022-09-08,13.36967658996582,13.541205165311396,12.693092764623284,12.878915690844174,410799800
2022-09-09,14.217788696289062,14.303552982186186,13.655556963220828,13.665086530273738,298735800
2022-09-12,14.737137794494629,14.784784719379228,14.38455200441179,14.436962803874296,273141200
2022-09-13,12.311919212341309,13.631734291781981,12.178507996667058,13.455440932097776,391296600
2022-09-14,12.58827018737793,12.707387051032606,12.216625245611096,12.45009418931952,309291800
2022-09-15,11.954567909240723,12.650209921859739,11.744921985266847,12.330976706931827,393730600
2022-09-16,11.721100807189941,11.78304118298535,11.277985882041657,11.535277862224428,392143600
2022-09-19,12.002215385437012,12.02127361097042,11.397101502526432,11.406631069687908,302692600
2022-09-20,11.71633529663086,12.002215963722515,11.425689845728892,11.68774750255857,322118600
2022-09-21,11.073101997375488,12.350034743695435,11.06833721443675,11.821155651758142,591115200
2022-09-22,10.663341522216797,11.011163464153418,10.515636861760715,10.88728181355524,431084000
2022-09-23,10.153519630432129,10.41557723514694,9.743758300919103,10.386988537970439,561304000
2022-09-26,10.01534652709961,10.58234216714305,9.92481745252872,10.082051682683641,490607800
2022-09-27,10.024873733520508,10.649045723330639,9.767580921800523,10.39651769428577,543921200
2022-09-28,10.610929489135742,10.763398915652571,9.853346230939465,10.020110006988297,512039000
2022-09-29,9.715170860290527,10.191638302718344,9.348291620301147,10.1535209436757,540195600
2022-09-30,9.20534896850586,10.04869638804514,9.186290747258692,9.6055816113791,513197600
2022-10-03,9.843816757202148,10.010580534820008,9.224409478952358,9.386408473348054,447222600
2022-10-04,10.758634567260742,10.849163633709683,10.42987178505422,10.434636568424112,463323600
2022-10-05,10.758634567260742,10.95875092484869,10.01058084518826,10.325049277285107,458399000
2022-10-06,10.48705005645752,10.98734058093679,10.444167907640479,10.62522516247603,475087200
2022-10-07,9.291116714477539,9.962935850359663,9.129117683675782,9.948641497480798,501945200
2022-10-10,9.000469207763672,9.343526329302907,8.719353359297674,9.300644189110503,412999600
2022-10-11,8.643118858337402,9.119586286625717,8.452532068779975,8.82417699000908,529747000
2022-10-12,8.624061584472656,8.881353551541068,8.543062076382867,8.68600195711092,401483800
2022-10-13,9.200587272644043,9.348292853611769,7.7759495408886306,7.8712434054620255,829507200
2022-10-14,8.37153434753418,9.51982102087464,8.319122628478823,9.457880641909874,670132600
2022-10-17,9.195821762084961,9.291115619130332,8.957588028261107,8.962352811992332,460050800
2022-10-18,9.424527168273926,10.005817172057787,9.133881711987192,9.943876798955332,692553800
2022-10-19,9.310173988342285,9.64370064299112,9.05764592409386,9.248232713720267,519702200
2022-10-20,9.152939796447754,9.753288926489496,9.033822927204303,9.21011629355203,529703000
2022-10-21,9.800934791564941,9.858111282459861,8.924234656439461,9.043351512746842,627458000
2022-10-24,10.1344633102417,10.229756259017151,9.434055547354765,9.829523511307352,549244000
2022-10-25,10.744339942932129,10.787222083377209,10.22975516638066,10.234519949628943,476799600
2022-10-26,10.034404754638672,10.720518172115124,9.97246438284498,10.091581251424037,558931800
2022-10-27,9.48170280456543,10.062993720025679,9.41976243115537,9.90575948574979,513258800
2022-10-28,10.33934497833252,10.391755784670314,9.391173865994649,9.410233001964482,510777200
2022-10-31,9.981993675231934,10.182110045279018,9.76281817051867,10.091580973193786,419122200
2022-11-01,9.672289848327637,10.420344583759906,9.629407700793633,10.358403300082065,430464800
2022-11-02,8.671709060668945,9.996288159158157,8.662179492342776,9.66276144684914,662952600
2022-11-03,8.171417236328125,8.55259177194993,8.119006430632206,8.409650980295648,424463600
2022-11-04,8.552590370178223,8.743177152357099,8.02847603759422,8.63835374056662,764740400
2022-11-07,8.824178695678711,8.881354289202946,8.438239349836591,8.652650097526658,401886800
2022-11-08,9.014762878417969,9.348290408394963,8.619294988822658,8.981410307178152,592112600
2022-11-09,8.385828018188477,8.90994243972331,8.352475439245376,8.828942929951657,431138200
2022-11-10,10.220227241516113,10.263109385036062,9.386409197856416,9.60081900666661,656884800
2022-11-11,10.801519393920898,10.877754129211151,10.062995055000423,10.210699741026572,614268400
2022-11-14,10.515636444091797,10.93969218248863,10.396519581954301,10.563283370704703,428451800
2022-11-15,10.939692497253418,11.411396084624892,10.568048458316522,11.268455300673379,636531400
2022-11-16,10.496577262878418,10.75863397220162,10.396518635223927,10.720516616140255,383358800
2022-11-17,10.41557788848877,10.582340755198581,9.9629334848178,9.981992617464329,426924400
2022-11-18,10.406048774719238,10.758634564908633,10.139227267590144,10.749104998170932,389577000
2022-11-21,10.091580390930176,10.386989690894962,9.991521757285032,10.253579391087449,288222600
2022-11-22,10.515636444091797,10.529930794712529,9.924816916944563,10.163050641219554,292477200
2022-11-23,10.830105781555176,10.896811847836249,10.487049517441012,10.506107744385883,357567000
2022-11-25,10.606164932250977,10.720517004578408,10.553753224971512,10.644282289693454,134753000
2022-11-28,10.139226913452148,10.610929545018891,10.03440350057767,10.386989278452118,262765200
2022-11-29,9.896231651306152,10.205935390182661,9.753290834970231,10.15828845140402,275805400
2022-11-30,11.22557258605957,11.26845472818747,9.839052414029496,9.934346265155833,545469800
2022-12-01,11.287514686584473,11.51621885544919,10.96351665963133,11.292279470367852,411007200
2022-12-02,11.15410327911377,11.258925794213503,10.668106246871284,10.696694949089949,363310000
2022-12-05,10.591873168945312,11.054047263186254,10.415580688519357,10.901576887393652,301980000
2022-12-06,9.920053482055664,10.582343034767094,9.767584023197465,10.568049590992675,339801000
2022-12-07,9.800934791564941,10.020110279741058,9.615112786538065,9.796170008257906,347335800
2022-12-08,10.148755073547363,10.244048915345417,9.71516982006613,9.943874858623573,377840200
2022-12-09,9.953405380249023,10.334579910053627,9.896229791491571,10.029640104452024,354007800
2022-12-12,10.315520286560059,10.320285070196014,9.848582395711048,9.962934476605323,225655000
2022-12-13,10.639519691467285,11.544807798238498,10.348874213284706,11.520984785740442,695385600
2022-12-14,10.386991500854492,10.95398810020554,10.043935215984522,10.582343110004157,578911000
2022-12-15,9.357821464538574,10.020111911432956,9.219646361291883,9.93911239960226,428053200
2022-12-16,9.08146858215332,9.438819139732585,8.914704806858438,9.281584930749286,351284200
2022-12-19,8.705060958862305,9.114822368091048,8.566884955329767,9.100528925511533,310533000
2022-12-20,8.66694164276123,8.843234059274641,8.419178394310046,8.576412588752262,345762400
2022-12-21,9.043352127075195,9.171998558735789,8.686001533877697,8.771765821651426,326374600
2022-12-22,8.400612831115723,8.740659986633336,7.940829693781987,8.731080961927074,460900400
2022-12-23,8.424562454223633,8.486824309787844,8.060567608407938,8.242564574562586,330134600
2022-12-27,8.065353393554688,8.37187484262847,8.007880165100365,8.36229581896842,263200600
2022-12-28,7.739675521850586,8.237773894660794,7.710939358344203,8.022250384597498,364869200
2022-12-29,8.285670280456543,8.381458745811274,7.916886789905793,7.983938167550201,306109800
2022-12-30,8.285670280456543,8.285670280456543,7.902518246050631,8.027042885609179,301941200
2023-01-03,8.098880767822266,8.640083842970588,7.88814677046767,8.496401198339932,359851800
2023-01-04,8.223405838012695,8.37666660370209,7.921673819749978,8.300036220857391,435272800
2023-01-05,7.8354644775390625,8.070145141191931,7.797149285789742,8.050987088564156,362504000
2023-01-06,8.448507308959961,8.573031907034975,7.710939660061747,7.974356481774066,466895200
2023-01-09,8.625717163085938,9.08071001869072,8.568243910148366,8.65924284667187,372042800
2023-01-10,8.855607032775879,8.855607032775879,8.477244628270004,8.534716959166634,328723000
2023-01-11,9.296232223510742,9.305811249858463,8.869975599605729,8.94660598337503,302550000
2023-01-12,9.43991470336914,9.540492660877906,8.903501975010071,9.348916686463951,561852600
2023-01-13,9.626703262329102,9.660228947788669,9.147762810606325,9.181288496065893,319566000
2023-01-17,9.6793851852417,9.823067855419591,9.487809205177507,9.607544306905918,279515800
2023-01-18,9.320178985595703,10.014642874375083,9.286653306490232,9.856592591801972,373300200
2023-01-19,9.02802562713623,9.24833774591798,8.898711515587184,9.133392173487561,332741400
2023-01-20,9.765592575073242,9.79432965124022,9.08070778936468,9.186075241631315,322650400
2023-01-23,10.407374382019043,10.536688505648051,9.76080467738029,9.842224579646004,388084200
2023-01-24,10.345111846923828,10.474425961968105,10.172693026864792,10.230166271386548,290013000
2023-01-25,10.268482208251953,10.340323083986819,9.569228764450392,9.847014153863157,436167200
2023-01-26,10.8623685836792,10.881525724947826,10.345112980337634,10.642055521298836,406837800
2023-01-27,11.17367935180664,11.408360035168739,10.694738957964082,10.709107498641629,376822200
2023-01-30,10.503162384033203,10.967734210699271,10.46484719125153,10.800104899714606,347816000
2023-01-31,10.97252368927002,10.977313202540858,10.48879381099043,10.50795186407378,316513800
2023-02-01,11.681355476379395,11.9495627446194,10.70910709790476,10.948577285865017,543277600
2023-02-02,12.888285636901855,13.14691388227415,12.33271486555354,12.433291907527463,535770200
2023-02-03,12.222559928894043,12.998442909871114,12.026194426701922,12.074087738646249,534808400
2023-02-06,11.911249160766602,12.189034579800042,11.743619823839818,11.901670132712182,323632400
2023-02-07,12.64881706237793,12.78292071566009,11.753198942994628,11.89209119683472,519789200
2023-02-08,11.968719482421875,12.59613109801171,11.882510071492263,12.476396008055302,362514400
2023-02-09,11.647830963134766,12.49555573268277,11.461044490135036,12.476397677243638,395196800
2023-02-10,11.408360481262207,11.61909451857489,11.120996051018793,11.379624312289767,367863400
2023-02-13,11.949564933776855,12.021405820624913,11.422730241047043,11.561622500485761,279739800
2023-02-14,12.208191871643066,12.327926983267858,11.518517372902469,11.7531989955727,511474400
2023-02-15,12.481185913085938,12.50034396656337,11.901668497987599,11.983088398254155,275527400
2023-02-16,11.767562866210938,12.390185795921585,11.748405729492363,11.892087452153067,388993000
2023-02-17,11.513728141784668,11.604726163911478,11.159311426898942,11.508938627961202,389804800
2023-02-21,10.704317092895508,11.231151664912803,10.675580927441832,11.063522358338268,300937600
2023-02-22,10.713897705078125,10.943788889748308,10.527110318215533,10.752212902523155,334677400
2023-02-23,10.982104301452637,11.12578606629812,10.512742895217247,11.106628923955034,359540000
2023-02-24,10.426530838012695,10.551055429070297,10.225375869920592,10.416951812506845,345563600
2023-02-27,10.651632308959961,10.919838624869124,10.584580958359206,10.766577872921031,277508800
2023-02-28,10.59895133972168,10.881526267189088,10.536689485613135,10.575004683566018,254631600
2023-03-01,10.34032154083252,10.637264026490294,10.234954999713013,10.565423161476714,308773800
2023-03-02,10.589370727539062,10.680368730271038,10.033800031517256,10.062536194827029,315874600
2023-03-03,11.235939979553223,11.269466570822669,10.718684446976715,10.776157689932418,303353200
2023-03-06,11.283834457397461,11.724459618561006,11.25509829200812,11.379622893370234,303699800
2023-03-07,10.8623685836792,11.389203214408242,10.78573819159203,11.283835740158636,352663000
2023-03-08,11.010838508605957,11.082679378220242,10.694737951498128,10.895892934521857,290985600
2023-03-09,10.43132209777832,11.355676289753868,10.340323167244762,11.068312784500618,393667400
2023-03-10,10.000274658203125,10.613318668913406,9.875750964213264,10.450478867842023,629715200
2023-03-13,10.215798377990723,10.608529347625094,9.64106955044863,9.80390935446868,659081400
2023-03-14,10.910263061523438,10.972524913981255,10.49837400932043,10.594162458416221,434325800
2023-03-15,11.06831169128418,11.120994508173768,10.455267719381197,10.618107510144393,549118800
2023-03-16,11.94477367401123,11.987878382522394,10.881525415410923,10.95815580531826,456714200
2023-03-17,11.767562866210938,12.21776699792385,11.542461257107538,11.939981664208673,403540600
2023-03-20,11.89208984375,11.935194551918144,11.44188562149732,11.700513870506189,328356000
2023-03-21,12.394975662231445,12.452448905275448,11.939982884950105,12.1219798131614,270290200
2023-03-22,11.889155387878418,12.987504635692197,11.874703085574488,12.385339155502502,475836200
2023-03-23,12.313081741333008,12.818901388818933,11.98550351297986,12.332351481274616,392994400
2023-03-24,12.438332557678223,12.44796742785292,11.966234945099577,12.25527461851794,338830200
2023-03-27,12.183014869689941,12.65029504487298,12.072215700891833,12.520227054652453,273591200
2023-03-28,11.980687141418457,12.110754212266967,11.701282340715482,12.110754212266967,236041400
2023-03-29,12.635843276977539,12.703286451903258,12.317899899918011,12.409429332353882,238730600
2023-03-30,12.977873802185059,13.050133493390366,12.761093809737316,12.920065497921719,260300000
2023-03-31,13.613759994506836,13.64266368603276,12.963420962766895,13.006776959471676,254044200
2023-04-03,13.517411231994629,13.5463158382917,13.16574679153186,13.334353319604805,250232600
2023-04-04,13.382528305053711,13.695654225797014,13.209104322376042,13.565586238788764,232180800
2023-04-05,12.953786849975586,13.257278844652362,12.722555466585936,13.23319166794604,258274000
2023-04-06,13.213920593261719,13.276545404360842,12.578033937903363,12.74663955195165,241920600
2023-04-10,13.185017585754395,13.189834101691593,12.606938277126995,12.833352198276332,237057600
2023-04-11,12.92970085144043,13.185019416657491,12.862258592973676,13.1802019812196,208521600
2023-04-12,12.587669372558594,13.24282584325942,12.525044554074212,13.170566154598426,348038600
2023-04-13,13.310267448425293,13.363258312983419,12.761092738756526,12.780362478171025,247523000
2023-04-14,13.233190536499023,13.454787949091253,12.862257235255123,13.10793998483068,285332200
2023-04-17,13.24764347076416,13.30545177383167,12.915247795497535,13.175383781053625,228617800
2023-04-18,13.257277488708496,13.57522083805823,13.10312324888217,13.522229973556025,212829800
2023-04-19,13.228372573852539,13.363257989998665,12.929698970800604,12.944151275012173,191850600
2023-04-20,12.920064926147461,13.286181720061341,12.751458374908838,12.84780523813999,273695200
2023-04-21,12.94415283203125,13.050133652502401,12.64547827422079,12.862258269311596,228888000
2023-04-24,12.867074012756348,13.088671429850482,12.592486648026135,12.915247444196966,215290800
2023-04-25,12.139660835266113,12.741826533070347,12.125208527739314,12.659931961415694,276576000
2023-04-26,12.341985702514648,12.712918988575531,12.288994839292355,12.534678497643366,249724600
2023-04-27,13.339173316955566,13.406615573610333,12.712920509333337,12.794815071913481,255631200
2023-04-28,13.608942031860352,13.623394336478926,13.165748130706673,13.315084936438268,261072200
2023-05-01,13.570402145385742,13.743826108531778,13.42588278865182,13.555949842179686,178002600
2023-05-02,13.209104537963867,13.594490151502216,12.987507121055483,13.555951590148382,249312000
2023-05-03,12.948969841003418,13.58485754451051,12.924883582335852,13.247644410173349,340267600
2023-05-04,12.804448127746582,13.045314346040408,12.659928764302967,12.900794982596794,242621600
2023-05-05,13.58967399597168,13.710107126395386,13.021230392190557,13.06458639264964,195603200
2023-05-08,13.700471878051758,13.748645309429854,13.401797338572987,13.536682762665299,151477000
2023-05-09,13.435519218444824,13.594490907726525,13.396980654947194,13.48369265252482,129681400
2023-05-10,13.869077682495117,13.979875925523082,13.425883791551524,13.739009700419645,303102000
2023-05-11,13.984695434570312,14.061772564529369,13.724559431834598,13.926887127685086,194683000
2023-05-12,13.840173721313477,14.114761083762447,13.570403793851721,14.056953701579387,210763400
2023-05-15,14.052135467529297,14.0906740264038,13.69565356823222,13.897981232031288,172935200
2023-05-16,14.10512638092041,14.326722865532304,13.95097122604011,13.960606095501078,159327000
2023-05-17,14.610944747924805,14.68320442956241,14.08103888452952,14.235193117044867,202209200
2023-05-18,15.39616870880127,15.434708186999483,14.644666341739011,14.644666341739011,271867600
2023-05-19,15.290188789367676,15.531055947954147,15.150486848102487,15.429890730632865,198058400
2023-05-22,15.449159622192383,15.588862474615139,15.256466824740079,15.261284259530353,166624800
2023-05-23,14.851811408996582,15.367264983908655,14.803637980190501,15.20347587726702,212630000
2023-05-24,14.610944747924805,14.78918615354049,14.341174841022946,14.582041059036102,235945000
2023-05-25,15.665937423706055,15.834543023853414,15.261282145689174,15.588860315401087,261747000
2023-05-26,16.851003646850586,16.981071650223008,15.796010069714834,15.80564494081617,252784400
2023-05-30,17.087051391601562,17.665128888605178,16.8799062813653,17.491706742102224,270612800
2023-05-31,16.740203857421875,17.144859218417178,16.57159822270033,16.84618559219747,210289000
2023-06-01,17.347187042236328,17.549515653954185,16.57641575393904,16.73538836583619,216759200
2023-06-02,17.737390518188477,17.915631028795413,17.347186531295144,17.61214087665314,216505600
2023-06-05,17.77592658996582,18.161312148826667,17.612137497742047,17.708482509209784,206261800
2023-06-06,17.75665855407715,17.901177922790122,17.46761797898773,17.67476308128626,159509000
2023-06-07,16.851003646850586,18.09387445396679,16.749840256782175,17.79519896281659,228485400
2023-06-08,17.429080963134766,17.52542782495228,16.836550243802822,16.870271369789425,188153800
2023-06-09,17.641042709350586,18.122775184061027,17.438715952050707,17.66994731939209,207944000
2023-06-12,18.541885375976562,18.5515184091663,17.747025988372304,17.89636373010519,154857400
2023-06-13,18.956172943115234,19.09105929132601,18.459989061319412,18.965807813534834,266534200
2023-06-14,19.360824584960938,19.413815443234814,18.508158012454782,18.95616929356248,305313000
2023-06-15,20.040069580078125,20.2761192938044,19.033248666219425,19.144048749047986,255874000
2023-06-16,19.654682159423828,20.444723025794968,19.582423399790365,20.43027164140094,224810400
2023-06-20,19.55833625793457,19.789569445438968,19.076603819683342,19.409000378181275,168249800
2023-06-21,18.77449607849121,19.436558168670185,18.60535720492751,19.368902619244704,199266600
2023-06-22,19.39789581298828,19.42205824462697,18.479710506390536,18.542532459956053,210199200
2023-06-23,18.822824478149414,19.19009828378998,18.547368663050083,18.76483426535893,225152400
2023-06-26,18.078611373901367,19.170769393877798,18.04478359298235,18.731006398454767,216900000
2023-06-27,18.972631454467773,19.088613716023467,18.170426496090364,18.291240506951272,195354000
2023-06-28,19.08861541748047,19.397899017896197,18.668183138382567,18.687511980801798,217352600
2023-06-29,18.958133697509766,19.117609071115677,18.687509659031,19.020957497125014,198266400
2023-06-30,19.813495635986328,19.98263449548877,19.470384324724055,19.52354277870348,184308800
2023-07-03,19.948806762695312,20.050291922071036,19.736174789836074,19.910147241936958,79868000
2023-07-05,19.934310913085938,20.21943203988485,19.67335221869871,19.678185811266303,139007400
2023-07-06,19.46555519104004,19.53321075033748,18.98713268259343,19.315746979303057,170473400
2023-07-07,19.267419815063477,19.939145486007014,19.22392669317267,19.422061616569515,168624800
2023-07-10,19.28191566467285,19.38339898501393,18.813156741942073,19.214258274303408,172013600
2023-07-11,19.557371139526367,19.629858434292203,18.991960654280962,19.339905568278134,162478600
2023-07-12,20.282255172729492,20.509384242109398,19.885985395072655,20.214599626808866,230335400
2023-07-13,21.29226303100586,21.437239482787508,20.697858288268183,20.78967627758559,164773200
2023-07-14,21.272930145263672,21.920493283478436,21.127953708479108,21.36958171761185,186056400
2023-07-17,21.862504959106445,22.0219785002523,21.316425095293713,21.398577740601304,145525200
2023-07-18,22.384416580200195,22.63570990803192,21.413072883068654,21.756184182358506,196113200
2023-07-19,22.384416580200195,22.78068633161458,22.14278859307068,22.58255145590739,200573800
2023-07-20,20.813833236694336,22.084796878021148,20.63019546289452,21.82383822738064,233862800
2023-07-21,20.63020133972168,21.350253708242054,20.543215098062156,21.205277253301393,205108600
2023-07-24,20.71235466003418,20.929820251881065,20.39340573981726,20.770344870034837,126429200
2023-07-25,21.127954483032227,21.398576683357675,20.818670914960013,20.818670914960013,138199200
2023-07-26,20.91048812866211,21.190775660609972,20.509384748689236,20.934650560876946,205764600
2023-07-27,20.7316837310791,22.07996660864834,20.514218156156517,21.799679079228984,261103200
2023-07-28,21.85283851623535,22.03164273320551,21.32608936377691,21.40824200494749,204487600
2023-07-31,21.896333694458008,22.08963502077877,21.659537403631187,21.905999037295395,159009200
2023-08-01,21.727190017700195,21.857669363121786,21.364748006020907,21.64503737992108,153056600
2023-08-02,20.30641746520996,21.118287697645343,20.06962121263491,21.11345410526964,258044000
2023-08-03,20.16144371032715,20.519052167652603,19.83766118674673,19.866657214425388,201340200
2023-08-04,19.881153106689453,20.862162273834674,19.799000465104605,20.485223154138577,247452800
2023-08-07,20.374073028564453,20.39340371113355,19.78450011453445,20.16627279963504,149792200
2023-08-08,19.85215950012207,19.953642828603307,19.330242079117635,19.953642828603307,188780000
2023-08-09,19.190093994140625,19.91497794414974,19.064448253934806,19.890815514511146,199430600
2023-08-10,19.277082443237305,20.175938940074538,19.02578909031154,19.649189801792257,260554200
2023-08-11,18.890478134155273,19.170765670688528,18.653681870234983,18.86148210893786,201573800
2023-08-14,19.51871109008789,19.54287352330545,18.65368233918067,18.76483285023732,142553600
2023-08-15,18.91947364807129,19.494547639942766,18.788994303332302,19.364068295203783,162553600
2023-08-16,18.291244506835938,19.04995651347769,18.276747412274602,18.808328438917233,190222000
2023-08-17,17.67267417907715,18.53770297930549,17.60501862482029,18.484544517110646,210232800
2023-08-18,17.59052085876465,17.788655764414735,17.09276587649207,17.170086770319532,247002000
2023-08-21,18.441049575805664,18.547366489693157,17.74032798090933,17.817648870061486,191487200
2023-08-22,18.35890007019043,18.837322577366805,18.252583138162024,18.832490827490844,180368000
2023-08-23,19.22392463684082,19.38823176379995,18.4990405785168,18.53286835376055,175454000
2023-08-24,17.957794189453125,19.77000432096471,17.928798163697767,19.75550722982477,232397200
2023-08-25,18.383058547973633,18.634351887352622,17.566354734123085,18.088272095173753,278289400
2023-08-28,18.7938289642334,18.929140078938644,18.402392712843035,18.822824993159813,182641000
2023-08-29,19.9923038482666,20.064792998870942,18.69717738469721,18.750335849343635,187495600
2023-08-30,20.32575035095215,20.432065429562005,19.852159637942993,20.02129851991928,185958200
2023-08-31,20.509387969970703,20.7703467032191,20.306421295316863,20.316086638415953,162242800
2023-09-01,20.43689727783203,20.953981065418457,20.175938587795315,20.881491925916457,165058400
2023-09-05,20.49005889892578,20.693025571317946,20.132448582147042,20.282258633300078,123778600
2023-09-06,19.948806762695312,20.412733916122768,19.610529043027277,20.364407210830684,148058200
2023-09-07,19.513879776000977,19.6201948532242,19.030623726971065,19.204596199577917,168623000
2023-09-08,19.57187271118164,19.929483048391837,19.412397307925858,19.480054712731082,149541600
2023-09-11,20.23876190185547,20.34024521995131,19.73617521679699,20.050292355827377,141712800
2023-09-12,19.591197967529297,20.20493328635045,19.52354242495418,19.9778023847266,155524200
2023-09-13,19.784502029418945,20.05029433178092,19.422059991807743,19.610531399885016,170849400
2023-09-14,20.248430252075195,20.412737391088513,19.71684746422005,20.05512708495048,152379800
2023-09-15,19.209426879882812,20.098618034351,19.054785100277513,20.030962486208107,179839600
2023-09-18,19.2529239654541,19.436561807903725,19.00646415447566,19.054789029263336,124798200
2023-09-19,19.136940002441406,19.24809052293637,18.653683923152727,19.04512201102779,148741400
2023-09-20,18.307178497314453,19.349839734500243,18.282930948768836,19.286794628306147,196038400
2023-09-21,17.264516830444336,17.836767841731486,17.24996867167292,17.725227641222205,216821200
2023-09-22,17.279067993164062,17.83676903295642,17.22572227414709,17.521547188717985,188181200
2023-09-25,17.506994247436523,17.526393023825154,16.978389615645725,17.12387858859132,162538400
2023-09-26,16.726215362548828,17.206323123407845,16.571026978769495,17.12388108668294,210679400
2023-09-27,16.82805633544922,17.10448246699949,16.309151011313133,16.881402053813204,256871600
2023-09-28,17.23542022705078,17.540942655999356,16.55162902659508,16.677717383784593,268145800
2023-09-29,17.274215698242188,17.94345873106801,17.085082240044933,17.739777114538434,286858200
2023-10-02,17.686429977416992,17.89496219658901,17.206320441424204,17.298461853396137,236463200
2023-10-03,16.750465393066406,17.647637790188735,16.507986166820405,17.3178658944966,266539000
2023-10-04,17.429401397705078,17.55064097800345,16.79895595014738,16.8668498191194,252759200
2023-10-05,17.245115280151367,17.45849623481027,16.731058891693174,17.405150533653337,218006200
2023-10-06,18.113189697265625,18.27807557444152,16.687413124016825,16.80380391671641,294897400
2023-10-09,18.379920959472656,18.47206237373975,17.526393285329142,17.754324286373574,210966000
2023-10-10,18.680593490600586,19.092807295740524,18.355670475398483,18.433263727541377,216109600
2023-10-11,19.07826042175293,19.112207356224708,18.622400266011056,18.88427635336918,191710800
2023-10-12,18.855178833007812,19.42257914431714,18.486609496628724,19.14130429810379,236509200
2023-10-13,18.142292022705078,19.04916363037088,17.928911012068806,18.95702220872621,259511000
2023-10-16,18.753337860107422,18.913374998076375,18.31687647013335,18.341124016803704,173152200
2023-10-17,18.573904037475586,18.826082596074613,17.87071407503185,18.19563712456167,210387000
2023-10-18,17.788272857666016,18.515710400318763,17.61853817103478,18.17139040745577,263165200
2023-10-19,17.31300926208496,18.190782478516248,17.18691908571183,18.01619906887235,370050400
2023-10-20,16.532228469848633,17.313011626427972,16.49828153695119,17.225718984700524,277722800
2023-10-23,16.677715301513672,17.17237297944072,16.03272173762708,16.32854474063127,263599000
2023-10-24,17.14812660217285,17.259666794498404,16.682567055952486,16.92504621752174,245074600
2023-10-25,15.892085075378418,16.818355433786113,15.79994365646828,16.794107886701262,328363200
2023-10-26,14.965814590454102,15.82903983916832,14.776680209849555,15.702951485411452,374047400
2023-10-27,15.179194450378418,15.63020581827838,15.009459785026435,15.314983107644558,294702200
2023-10-30,15.669005393981934,15.853288240172912,15.314985085563844,15.494420087089981,264305600
2023-10-31,15.896932601928711,15.950278311326182,15.324682580598955,15.673852226238484,222923600
2023-11-01,16.716514587402344,16.79410784787604,15.989077076722962,16.003625234946387,332635600
2023-11-02,17.603986740112305,17.64278429390491,17.167525359760607,17.342108801919775,234134000
2023-11-03,18.224733352661133,18.418715557897112,17.764022609025965,17.797969541191488,228661200
2023-11-06,18.433263778686523,18.53025580662652,18.098643224761037,18.336273600715586,183599600
2023-11-07,18.952171325683594,19.092807827253964,18.413867314595258,18.59815013733412,204502200
2023-11-08,18.986116409301758,19.121904128612034,18.636945873967992,19.010363952040173,187960200
2023-11-09,18.535106658935547,19.257693483752146,18.457513405600157,19.07825943228326,258365200
2023-11-10,19.771747589111328,19.800845749385793,18.70968971367304,18.79213172616406,248927600
2023-11-13,19.592315673828125,19.752350947689937,19.27709204505346,19.51957119027426,180430400
2023-11-14,20.82411003112793,20.988995937381468,20.508888226504755,20.59618087393129,233552400
2023-11-15,20.882305145263672,21.231473864643664,20.659222920418912,21.15388061034043,218432600
2023-11-16,20.916250228881836,20.955045927618393,20.528283991671536,20.736814341072304,178045000
2023-11-17,20.93079948425293,21.095685374975638,20.64467402240967,20.795011756588007,157517000
2023-11-20,21.677635192871094,21.798874761231705,20.92109962031204,20.925950239029106,165655600
2023-11-21,21.28482437133789,21.41576336435679,20.993850064608914,21.381816423570726,148275200
2023-11-22,21.53215217590332,22.02680808091754,21.36241563793589,21.614594210082572,171446400
2023-11-24,21.425460815429688,21.556399796597734,21.265423666234515,21.459407753143328,63975400
2023-11-27,21.362415313720703,21.697037764937463,21.226627565383076,21.34301653539552,121856400
2023-11-28,21.53215217590332,21.629142369062595,21.178130940988435,21.241176046517445,158349000
2023-11-29,21.45455551147461,22.177142325836815,21.401209803709133,21.939513800296677,177523200
2023-11-30,21.27511978149414,21.56124524816891,20.775613332032908,21.48365199534028,186394600
2023-12-01,21.45455551147461,21.551545689263776,20.81440886825795,21.09083679485806,172937600
2023-12-04,20.843509674072266,20.887155999598402,20.23731173619219,20.809562737548525,181143600
2023-12-05,20.993846893310547,21.192679737866186,20.49433854725575,20.518587944128026,167540400
2023-12-06,20.620426177978516,21.493350707344263,20.567080471467055,21.473951932254817,163000600
2023-12-07,21.483652114868164,21.600042919743203,20.906552409367514,21.085986460662827,162755400
2023-12-08,21.74068260192871,21.8231246292094,21.139333464826272,21.168431630320796,181789000
2023-12-11,22.293533325195312,22.346879033429925,21.62913913168851,21.66308606420707,151540000
2023-12-12,22.831836700439453,22.841534238062486,22.09954866197579,22.298381482690413,142899400
2023-12-13,23.63686752319336,23.796902794570936,22.84153438524113,22.977323962435868,230081400
2023-12-14,23.598073959350586,24.116979261737004,23.059769878377733,23.88419946860781,202697800
2023-12-15,23.879344940185547,24.146071606532335,23.617467042331363,23.733855985842844,156731000
2023-12-18,24.378854751586914,24.538890033779694,23.942391527480858,24.000587857341106,116436000
2023-12-19,24.74257469177246,24.761973469336056,24.422502261850173,24.451598578226314,120349600
2023-12-20,23.643218994140625,24.972967156760657,23.60425111659876,24.58816772744277,176165000
2023-12-21,24.427427291870117,24.485877243904607,23.838050284031485,24.300783561356504,149089400
2023-12-22,24.524843215942383,24.812224778566208,24.179011701387235,24.64661503301874,132420000
2023-12-26,24.97296714782715,25.08986706422958,24.656359646230115,24.666101615612096,87371200
2023-12-27,25.10447883605957,25.16292878934514,24.851193227701412,25.01193106375936,111495600
2023-12-28,25.041154861450195,25.33340646136644,24.97296294534243,25.28956853556997,85768200
2023-12-29,24.69532585144043,25.094737278600963,24.354364378522998,25.026545355635587,134245400
2024-01-02,23.44350814819336,24.07672115526441,23.02461284653536,24.037753286230984,176270600
2024-01-03,22.69339942932129,23.156132777699426,22.615465528611658,22.975909122609664,167812200
2024-01-04,22.31346893310547,22.87849010275617,22.274501058878965,22.342692980684834,143735400
2024-01-05,22.39627456665039,22.854135974776554,22.14786085305093,22.337824608995927,170481600
2024-01-08,23.745506286621094,23.81857012612387,22.5667558920713,22.59597994139991,135374200
2024-01-09,23.9013729095459,24.066982660653416,23.1902259198862,23.21457991250102,148431600
2024-01-10,24.37384796142578,24.554069734939997,23.789342853225328,23.950080689578407,147621000
2024-01-11,24.490745544433594,24.82683692525671,23.575022881833775,24.573551340466224,190228400
2024-01-12,24.519973754882812,24.831709316856465,24.276430114829584,24.680711591110875,128214000
2024-01-16,24.505359649658203,24.797611249662918,24.028014378668985,24.29591198835503,145874000
2024-01-17,24.08159065246582,24.154654476167256,23.31686389224241,23.901368907583226,166554600
2024-01-18,25.114221572875977,25.192155465670936,24.407944624245705,24.641746302630583,182140800
2024-01-19,26.56574058532715,26.60470660135607,25.377246437951563,25.484406233689494,186359400
2024-01-22,26.672897338867188,27.237918481882055,26.55112552478562,26.98950479871544,149656600
2024-01-23,26.989505767822266,27.023601728342147,26.43909662814482,26.79467011505966,112172000
2024-01-24,27.432758331298828,28.202357206106992,27.335340493487696,27.739623870072144,179718600
2024-01-25,27.51068878173828,28.022130043529263,27.04308544856313,27.890616257681785,151395200
2024-01-26,27.004117965698242,27.466851250427457,26.877476091248706,27.12101972972824,128382600
2024-01-29,27.79806900024414,27.861390862534257,26.955408287038676,27.08692206652259,115977200
2024-01-30,27.2427921295166,27.725007503451494,27.082052432811277,27.61297765033439,119554400
2024-01-31,25.640275955200195,26.780060346219063,25.611051905488587,26.395260921563956,203451600
2024-02-01,26.54625701904297,26.614448941613915,25.771788161961947,25.95688185043347,162261400
2024-02-02,27.880876541137695,28.095194274013622,26.68751234137903,26.877476082033457,198505000
2024-02-05,27.739620208740234,27.96854996057581,27.067439260463868,27.85652011221149,139947800
2024-02-06,27.578882217407227,28.075711482985408,27.101536889637735,27.949069603410067,140124200
2024-02-07,28.40205955505371,28.57253935735258,27.84677850308636,28.100064107995024,131823400
2024-02-08,28.518959045410156,28.684568790131546,28.260803389084927,28.40205914213062,98922200
2024-02-09,29.356754302978516,29.52236407345616,28.596897381123885,28.75276518179805,110222000
2024-02-12,29.01091957092285,29.780516520517917,28.874533866646214,29.327525193582066,116255000
2024-02-13,27.6373348236084,28.18774214681301,27.00411983329622,27.393791168285446,188933000
2024-02-14,28.514089584350586,28.616377466373777,27.69578281198406,28.153644182533462,156151400
2024-02-15,28.752761840820312,28.840437700773226,28.119548741897475,28.645603901614948,130057200
2024-02-16,27.963682174682617,28.84043895422651,27.817556354440406,28.816084960534575,151933000
2024-02-20,27.315855026245117,27.85165028065154,26.570610238749772,27.559398661537212,163321000
2024-02-21,26.974891662597656,26.99437373989813,26.215034905168725,26.7751859700676,152898600
2024-02-22,29.308040618896484,29.517488297037417,28.48973570148068,28.630989599920664,179279200
2024-02-23,29.040142059326172,29.8194827938944,28.84530826925195,29.629519058883595,140390800
2024-02-26,29.001176834106445,29.40545830663262,28.947596936497924,29.19601062948503,109875400
2024-02-27,29.181400299072266,29.26907616241174,28.674829057130992,29.20575429264643,109399800
2024-02-28,28.70892333984375,28.99630490662014,28.518959599754197,28.7527612689483,123503400
2024-02-29,29.400585174560547,29.639256874087305,28.630986467798465,29.264201346259544,136959800
2024-03-01,30.74981689453125,30.93490870136363,29.580806816616874,29.590548784043364,140959600
2024-03-04,30.384506225585938,30.8228836797407,30.350410263310252,30.730337761862497,120418600
2024-03-05,28.757633209228516,29.761031808200507,28.260803964940706,29.761031808200507,193207000
2024-03-06,29.288558959960938,29.921772058683832,28.908629614254775,29.585682501030817,181677400
2024-03-07,30.59395408630371,30.842367792591475,29.668487469909643,29.980223045678837,142370800
2024-03-08,29.25446128845215,31.23690441527303,29.113205538153693,30.6475292809676,296451200
2024-03-11,28.913503646850586,29.16678927652243,28.5238341620057,28.93785764126139,146770000
2024-03-12,30.140962600708008,30.21889649427176,28.718666720556293,29.366493720503588,170560000
2024-03-13,29.439552307128906,29.936381518113688,29.21062256634943,29.926639550279823,143779800
2024-03-14,29.200881958007812,29.761031198855758,28.63586080397093,29.64900135068617,162480400
2024-03-15,28.1341609954834,28.699182176407874,27.90523123315169,28.587152322907134,140883800
2024-03-18,28.92811393737793,29.614906943890947,28.8794059514768,29.16678752771079,129193800
2024-03-19,29.127819061279297,29.21549492059412,28.095194544793095,28.514089904166035,118810000
2024-03-20,30.161724090576172,30.225274435786655,29.01782720076194,29.364906556120538,156556000
2024-03-21,30.55280303955078,31.261628443027384,30.513694556558505,31.1638591003418,126541800
2024-03-22,30.616352081298828,30.88032687101524,30.259495580849674,30.440367644957867,91574800
2024-03-25,30.303491592407227,30.616351982764243,29.848865754921245,30.054179686794903,86669400
2024-03-26,30.019956588745117,30.802107457569747,29.956406247904752,30.60657067276097,93986000
2024-03-27,30.283933639526367,30.61634822973119,29.677765308919103,30.587016872432603,111388600
2024-03-28,30.09328842163086,30.420813562797992,30.015073323382364,30.254606245920556,87023400
2024-04-01,30.279048919677734,30.79233749692798,29.878196297395032,30.26927179903729,112290600
2024-04-02,29.46756362915039,29.536001602044387,28.841842888639697,29.26713733790588,109672800
2024-04-03,29.663101196289062,30.044399525341504,29.027603359603383,29.037380478911757,111683800
2024-04-04,28.2650089263916,30.606576192897894,28.225902308294565,30.479475488293552,167520400
2024-04-05,29.262250900268555,29.785314702705982,28.382330606949193,28.54853791850468,154897200
2024-04-08,29.28180503845215,29.65332627574413,28.993386524251083,29.433345736981458,89725400
2024-04-09,29.58488655090332,29.790200465077955,28.636528341287168,29.72665198581144,119965000
2024-04-10,28.8076229095459,28.978717835885334,28.38232847493442,28.52898153533891,202080600
2024-04-11,30.161724090576172,30.33770851436219,28.68541259245388,29.140038398969466,146931200
2024-04-12,28.70496940612793,29.501785147251223,28.41166138524755,29.272029342075914,172589800
2024-04-15,27.262874603271484,29.443121954403736,27.101554924859297,29.42845720720078,203656200
2024-04-16,27.267763137817383,27.77127456447582,27.003788355408318,27.223767029950043,163766200
2024-04-17,26.2558536529541,27.64417295386193,26.07986922730742,27.639285326391704,171026400
2024-04-18,25.78656768798828,26.67137760131,25.66924409505909,26.343850558612637,172781600
2024-04-19,24.188039779663086,25.64968650983898,23.880067042440366,25.556804807060374,250807600
2024-04-22,24.891977310180664,25.307496525571604,24.036498876181373,24.628002524933652,142604800
2024-04-23,26.00165557861328,26.211859002613085,25.17062086768755,25.234169352305155,151835000
2024-04-24,26.2558536529541,26.842467783511406,25.82567157336767,26.554049278100436,144316800
2024-04-25,25.835447311401367,26.001654620420574,24.676885640623482,24.88220142931542,172827200
2024-04-26,27.023338317871094,27.31175680707246,26.285183534888514,26.41228235471522,135994600
2024-04-29,27.345977783203125,27.536628824018912,26.827803482181345,27.414417622488124,102355000
2024-04-30,25.78167724609375,27.30198310635469,25.7767877534912,27.0331188218607,125248600
2024-05-01,25.224390029907227,26.78869370679334,25.063072221383067,25.493256152105587,208076800
2024-05-02,26.158084869384766,26.324292178784344,25.02885455577717,25.86966635792065,124829800
2024-05-03,27.717500686645508,27.917926981165024,27.243320631281925,27.536628631785195,150878000
2024-05-06,28.626752853393555,28.64630522862347,27.922815130857543,28.069468201454224,82530800
2024-05-07,28.626752853393555,28.954277982232973,28.489875038014347,28.704967948698116,93320400
2024-05-08,28.572978973388672,28.851620360599345,28.084134172696974,28.108576039772576,78027200
2024-05-09,28.729408264160156,28.84184234103627,28.230786359234656,28.597419948315626,81439200
2024-05-10,28.92494773864746,29.364908832214184,28.616976837945792,29.017829449953233,92669600
2024-05-13,29.115598678588867,29.31602498383215,28.832067782744936,29.291581250552824,67722000
2024-05-14,29.658214569091797,29.77065051960151,28.978720562279687,29.01782904329089,92952800
2024-05-15,31.026979446411133,31.100305046101266,29.848863576025444,30.156834451354793,130481400
2024-05-16,30.836332321166992,31.383836135833587,30.79233621251771,30.97320827483364,87715200
2024-05-17,30.76789093017578,30.97320671513178,30.318154610892503,30.841218395830406,70099600
2024-05-20,31.40338706970215,31.54515250095552,30.77277873185524,30.80699771666884,74539000
2024-05-21,31.56471061706543,31.613594354291674,30.968319325971038,31.012315435392672,62314000
2024-05-22,31.545154571533203,31.774912225901023,31.00253654130832,31.623371530292406,80039400
2024-05-23,31.075862884521484,32.51306774826066,30.699452175675265,32.50817825611747,130877800
2024-05-24,31.946006774902344,32.20998341313779,31.25673568492862,31.40827824349969,82558000
2024-05-28,32.293087005615234,32.312641245596595,31.67714522935707,32.19531953529836,83186400
2024-05-29,31.61848258972168,31.990005691131305,31.383835438939304,31.40338967897033,79282200
2024-05-30,30.6016845703125,31.432722990775602,30.303490800591707,31.40827925827171,84703600
2024-05-31,30.56746482849121,30.743449255326034,28.822289037037425,30.601683815398545,143746400
2024-06-03,30.86566162109375,31.35939593333358,29.79997976483975,31.154080139342216,111435000
2024-06-04,31.095417022705078,31.349614669480847,30.440364937256298,30.797221405962706,88491800
2024-06-05,32.97258758544922,32.98725606555992,31.603824079446774,31.833581783169038,104871400
2024-06-06,32.933475494384766,33.18278365689637,32.679274110001764,33.11434568331399,73031200
2024-06-07,32.8112678527832,33.402769676943606,32.56684542645625,32.8112678527832,89943400
2024-06-10,33.15834426879883,33.27077648622804,32.498404522980245,32.552174020713835,72041800
2024-06-11,33.84273147583008,33.88672572325684,32.586400328242604,32.90903599814315,71386800
2024-06-12,35.17726516723633,35.69543937053925,34.571098766241484,34.71286418083343,124402600
2024-06-13,35.73944091796875,36.12073923633891,35.23104191694535,35.96430906137706,87285000
2024-06-14,36.25761413574219,36.277168373251584,35.55368023335129,35.661222945268776,71555000
2024-06-17,37.57261657714844,37.99302345891082,36.01320026620214,36.311395931861284,93354600
2024-06-18,37.5921745300293,37.753494246311256,37.18154286400165,37.55795553532622,66433200
2024-06-20,36.707359313964844,37.96369420396957,36.28206666613604,37.865922992705784,105455000
2024-06-21,36.37005615234375,36.92244946841795,36.03764151826271,36.61447856770951,77341800
2024-06-24,35.138160705566406,36.482483822324916,35.099055958476086,36.08652075231199,93754600
2024-06-25,36.31139373779297,36.38472120894227,35.37770204256826,35.583015978114204,77675000
2024-06-26,36.53859329223633,36.65636369840209,36.02334542535256,36.116578614300835,72549600
2024-06-27,36.80358123779297,37.14707983180415,36.27360876944382,36.469895284816154,74115400
2024-06-28,36.22453308105469,38.04508286596054,36.04296742419948,36.94588377285488,107803000
2024-07-01,36.81830596923828,36.94589277931604,35.537540907059736,36.39138677774829,86557400
2024-07-02,37.94694900512695,37.97148248111282,36.43063942028583,36.455176640125806,74950200
2024-07-03,38.879295349121094,38.91854964750287,37.760463608548605,37.760463608548605,56150400
2024-07-05,40.0570182800293,40.16497605555115,38.97744801251889,39.04614773442297,79624600
2024-07-08,40.32200622558594,40.46922206093015,39.88527065628013,40.14534872071457,73365600
2024-07-09,40.41032409667969,40.96973813018677,40.05210473437678,40.69003111343323,72033600
2024-07-10,41.67637634277344,41.80886759047493,40.56736069192488,40.886325817540865,77554800
2024-07-11,38.93818664550781,41.74016540256333,38.619221538749905,41.696002903891824,149329000
2024-07-12,39.57120895385742,40.69985357246467,38.91365345428632,39.016703029121174,101019800
2024-07-15,39.865631103515625,41.03353360447178,39.37001232600633,39.978497046661765,109900400
2024-07-16,39.89508056640625,40.41032841876946,39.1295635882681,40.20913746990009,83637600
2024-07-17,36.386474609375,38.064717009612934,36.35702919866379,37.94694659832972,142840000
2024-07-18,35.84178161621094,37.25503779526925,35.11061818011499,37.201058909666145,131678400
2024-07-19,34.87016296386719,36.29814361978451,34.56592244154936,35.72400868845541,118249600
2024-07-22,36.39138412475586,36.622016763279085,35.390326232821856,36.14111871580885,112808600
2024-07-23,35.99880599975586,36.86736877570785,35.89084824078763,36.18037166200728,87127000
2024-07-24,32.11725616455078,34.536478320020976,31.920973398520943,34.46287415468667,159575200
2024-07-25,31.047502517700195,33.044708245865564,30.488088361477544,32.171237150846125,188128000
2024-07-26,31.93569564819336,32.55399312755063,31.297765398737692,31.89643759570447,137407000
2024-07-29,32.12216567993164,32.971103279007174,31.660892924283925,32.51964316452361,115640800
2024-07-30,30.81195831298828,32.67667082829659,30.10042204272135,32.52455055893445,143063600
2024-07-31,33.50597381591797,33.85928873213942,32.57361584118986,32.86804743394322,173408400
2024-08-01,31.091665267944336,34.457966414729654,30.277079423509484,33.65319508311051,210693200
2024-08-02,28.82456398010254,29.79617824389114,27.970720121176708,29.271113998388113,209844000
2024-08-05,26.312108993530273,27.573245014242566,23.94686543058081,24.20694536899601,287924400
2024-08-06,26.96965980529785,28.338753269666203,26.076559852007957,26.562367874564252,192909400
2024-08-07,26.101097106933594,28.711697449640457,26.007862048953633,28.25042660794889,182751600
2024-08-08,28.49087905883789,28.63318481377651,26.50348421890877,27.210114160902023,152879200
2024-08-09,28.878541946411133,29.21222789111386,27.97072104716003,28.18663471117425,125592400
2024-08-12,29.0748291015625,29.639151427831955,28.51541496772429,29.06501458862694,108972600
2024-08-13,31.189807891845703,31.263413928580906,29.884507664649895,29.913949330573224,108962800
2024-08-14,31.243783950805664,31.719777502607712,30.360498433424183,31.40081427595911,124710600
2024-08-15,33.59430694580078,33.67772749421076,32.38224179426,32.450941509874525,106424800
2024-08-16,33.6826286315918,33.986872839770484,32.971094407249296,33.18210170211374,89675200
2024-08-19,34.98794174194336,35.01247521810241,33.31460367233503,33.7022685366477,91599800
2024-08-20,34.77202606201172,35.36088190168435,34.39417384074091,34.791655089181354,97859000
2024-08-21,35.248016357421875,35.655310209181984,34.55610725427371,34.929051247683795,103000800
2024-08-22,33.55504608154297,35.90066383170592,33.32931792861918,35.753448028390956,127496400
2024-08-23,34.610084533691406,35.19403584242812,33.61393494386072,34.448147890181524,128753200
2024-08-26,33.59430694580078,34.67878530669156,33.13794240987356,34.482498800427024,84981400
2024-08-27,33.87892150878906,34.10464967608778,32.80425581017126,33.23608686400676,71532600
2024-08-28,32.73065185546875,33.91818365303601,31.97495490772697,33.76115518100662,118625800
2024-08-29,32.558895111083984,34.070296148996135,32.28409628377386,33.09868012638026,120033600
2024-08-30,33.66790771484375,33.79549447844085,32.47547184115339,33.427458761176574,92946800
2024-09-03,30.596040725708008,33.0348917838771,30.075884682956115,33.0054501192243,147572600
2024-09-04,30.33596420288086,31.096571152121886,29.761829250668416,29.953207568072564,96798400
2024-09-05,30.43410873413086,31.268323627480285,29.796180358720225,30.00227951782169,110171600
2024-09-06,27.9658145904541,30.40957208750554,27.83332147729791,30.23291460329729,169904600
2024-09-09,29.006128311157227,29.192600306188755,28.13756360368691,28.741142087469292,110835000
2024-09-10,29.78636360168457,29.894319493683813,28.559577636804043,29.334905393206586,91582400
2024-09-11,31.685428619384766,31.871898743368714,28.348571077862683,30.02190710493332,163475200
2024-09-12,32.6226921081543,32.82388304776676,31.351739976428366,31.714867552412876,109802600
2024-09-13,33.04961395263672,33.30478753612476,32.4116874816241,32.46075817264757,87966600
2024-09-16,32.60797119140625,32.73555798685051,31.911157624644403,32.59325035805765,82331000
2024-09-17,32.62759780883789,33.49616435083276,32.12707079266138,33.22136175447863,103114400
2024-09-18,32.200679779052734,33.74152267177506,32.08781382149817,32.887676933371964,166396200
2024-09-19,34.634620666503906,35.233292788854754,34.06048575986389,34.497221243771605,114801400
2024-09-20,34.413795471191406,34.68368985694659,33.520695518128754,34.4236118545934,96759600
2024-09-23,34.668968200683594,34.91432536594837,34.3696321595523,34.65424736978422,69837000
2024-09-24,35.159690856933594,35.37560266767374,34.04576696629951,34.97812516385623,81259600
2024-09-25,35.28275680541992,35.68643826980062,34.98245676724415,35.02184124082034,64724800
2024-09-26,36.03105163574219,36.95656435405622,35.23845683877392,36.88271939512607,107003200
2024-09-27,35.4107551574707,36.26242657459942,35.14491558950989,36.24273433742711,82930600
2024-09-30,35.68644332885742,35.750444046469276,34.549243723479094,35.17938036638848,85862800
2024-10-01,34.17509460449219,35.65690259179659,33.32834718317539,35.58305764116357,134760200
2024-10-02,34.30309295654297,34.72646667569294,33.41204080052073,33.97325642713157,79119400
2024-10-03,34.224327087402344,34.85938772330442,33.66803540908996,33.83541756601275,97749400
2024-10-04,35.43045425415039,35.52399145985054,34.35232753467493,35.445222495911274,110700400
2024-10-07,34.263710021972656,35.238455170706104,33.99787043595444,34.97753958329299,82403400
2024-10-08,35.75043869018555,35.92766506393983,34.6132354992772,34.78554163080672,77914000
2024-10-09,36.611961364746094,36.73995529358538,35.47475795515126,35.70121308607171,78696200
2024-10-10,36.48395919799805,36.897484928205486,35.799669890218816,36.09504594835418,86060600
2024-10-11,36.57749557495117,36.82364291056751,35.888282284043385,36.021200192675686,70735200
2024-10-14,37.51285171508789,37.818075757436304,37.02548105171286,37.13871047649201,67691200
2024-10-15,36.01628112792969,37.7343885350579,35.51413844354285,37.58669862649462,106307600
2024-10-16,35.9965934753418,36.1787401290751,35.28276383423154,36.055666441564114,70784200
2024-10-17,36.10489273071289,37.21747984244181,36.06058800903377,37.207635600705544,97697800
2024-10-18,36.744873046875,36.99594437461703,36.49380171913297,36.65625985801959,64151600
2024-10-21,36.94671630859375,37.12886293183724,36.02612392798306,36.45934188337678,74995800
2024-10-22,37.05501937866211,37.389779915523455,36.163967198507656,36.336269587500176,76308000
2024-10-23,35.34183883666992,36.661188852826044,34.59847274861988,36.51349893263493,118172200
2024-10-24,36.183658599853516,36.33134850466602,35.563366257915426,36.144274124448806,78612800
2024-10-25,36.794105529785156,37.90669262471085,36.62180313267313,36.774413290699414,114826000
2024-10-28,36.82856750488281,37.50793663524432,36.754726300200666,37.50793663524432,69162200
2024-10-29,37.84761428833008,38.1331461089924,36.46426741595389,36.88764114840895,78545200
2024-10-30,37.005794525146484,37.896850554250065,36.892568838804934,37.68516366683892,80473200
2024-10-31,34.18986511230469,36.099970935308626,34.180020870991775,36.09012293808526,138905200
2024-11-01,34.918460845947266,35.62244236929613,34.445858416804775,34.50001113059394,96678800
2024-11-04,34.593544006347656,35.32706575189845,34.219402770076435,34.77569438215272,82214400
2024-11-05,35.90797805786133,36.05566422022927,34.913540620728234,34.928308861373964,79352600
2024-11-06,38.82236099243164,38.99958738787158,37.507935022844215,37.73931413666361,118794200
2024-11-07,40.63893127441406,40.826001918814114,39.43280693799033,39.46234717567191,99545200
2024-11-08,40.73738479614258,40.91461118152914,40.323859067514164,40.47646921652079,70060000
2024-11-11,40.66353988647461,41.072145372993035,39.964482341095604,41.02291665609077,70806000
2024-11-12,40.4420051574707,40.84568660934212,39.703563202395436,40.63399976531747,68286000
2024-11-13,40.26478576660156,40.90476665171099,39.71833832466105,40.29924624690815,74989000
2024-11-14,39.413108825683594,40.38292989570644,39.19650173178677,40.16631904589947,77651400
2024-11-15,36.56272506713867,38.128222335575856,36.080278373015574,38.03960914091298,120601600
2024-11-18,37.30116653442383,37.77869297859786,36.582416746871814,36.88764080291871,77551200
2024-11-19,38.04945373535156,38.17745139528698,36.63656674566508,36.70056745358784,80088200
2024-11-20,38.005149841308594,38.04945831796926,36.483961000985694,37.980537359528704,101260600
2024-11-21,38.379295349121094,38.832205583359865,36.70549257485761,38.66975118267048,109865600
2024-11-22,38.522064208984375,38.69929061955609,37.84761904898031,38.22176411084402,79934800
2024-11-25,38.69928741455078,39.811874509683875,38.17253222561835,39.462345716645586,91515800
2024-11-26,39.299888610839844,39.50665149293571,38.837130369654226,39.03404900989772,69747200
2024-11-27,38.34975814819336,39.04389172695283,37.576855614048426,39.034047485484905,78463600
2024-11-29,39.32942199707031,39.46726390761936,38.32514039118535,38.4629823017344,40865800
2024-12-02,40.604469299316406,40.83584465785731,39.52634268343002,39.61987988014289,73638200
2024-12-03,40.96384048461914,41.02291719923023,40.13678525961585,40.2697069285132,84810800
2024-12-04,42.46041488647461,42.51949159844435,41.60382322041973,41.7810496004187,69992600
2024-12-05,42.11088562011719,42.652408994330855,42.012424434680945,42.46041437761792,54020400
2024-12-06,43.19393539428711,43.25793610828147,42.19950176513704,42.22903824488186,62740600
2024-12-09,42.18473434448242,43.15455551131566,41.88443427487689,42.952712880045155,69577600
2024-12-10,41.726898193359375,42.88871394043936,41.37736942072494,42.46041621604544,71541600
2024-12-11,43.956993103027344,44.119451251340955,42.672103668020405,42.77056110316844,74897800
2024-12-12,43.085628509521484,43.70099685621541,42.96747883861114,43.38592856318095,66348400
2024-12-13,44.011146545410156,44.68558787471574,43.24808826473441,44.02099078672325,79663600
2024-12-16,45.926170349121094,46.17231768483989,44.63635695782694,44.66097319376293,69967600
2024-12-17,45.31081008911133,45.73910788175871,44.88251229646394,45.45357601999379,69168200
2024-12-18,40.41246795654297,45.57171778892546,40.01863447117449,45.11880759059208,134849200
2024-12-19,39.841407775878906,41.61366783592029,39.752794585081325,41.4856701701215,113317600
2024-12-20,40.87522506713867,42.268419858002844,38.64513085564998,38.920814663684375,145241000
2024-12-23,42.013736724853516,42.10264438590581,40.418342955582034,41.21850813666118,83645800
2024-12-24,43.683223724365234,43.70298140068731,42.30021652895185,42.45333380995859,48139600
2024-12-26,43.58938217163086,43.99934553726254,42.769455440367494,43.27820720226753,59062000
2024-12-27,41.816165924072266,42.769448353456724,40.640608697817,42.66078678815479,102139000
2024-12-30,40.136802673339844,41.02587551583364,39.22303179283587,40.107164274049325,102844000
2024-12-31,39.08473205566406,40.58134513188318,38.862464764391625,40.403529791508475,105177600
2025-01-02,38.8377685546875,40.30968365975573,37.80051486586626,39.78117797550349,141370600
2025-01-03,40.69988250732422,40.95178817041508,39.32675603168511,39.509507943322944,92431600
2025-01-06,42.087825775146484,42.89787165385191,41.504987519161716,41.96928348685558,92050000
2025-01-07,39.8206901550293,42.42370300906308,39.371211457010574,42.33973570340852,111021000
2025-01-08,39.85032653808594,40.21089758466086,38.74392289433057,39.791053501166346,96021200
2025-01-10,37.94868850708008,38.931609335690815,37.15840030899126,38.92173238188594,145651600
2025-01-13,37.553550720214844,37.63751803525273,36.22487592417685,36.57557003924982,113382000
2025-01-14,37.42018508911133,38.55622326205356,36.644714161001694,38.26974636441953,125271000
2025-01-15,39.94910430908203,40.24052531343735,38.82294317960868,39.17363344232073,106919200
2025-01-16,39.134124755859375,40.527008956199104,39.119303671781985,40.50725127915416,93055400
2025-01-17,41.06539535522461,41.460541396203666,40.423283980731625,41.3370587294467,87352200
2025-01-21,41.74701690673828,42.05819562820903,40.665311345049496,41.712441911951736,83451800
2025-01-22,43.36710739135742,43.91537064876541,42.828721087675916,42.89293070787644,86265400
2025-01-23,43.63383102416992,43.65358870202012,42.61139474787021,42.74475813126115,60481000
2025-01-24,42.848480224609375,43.8758567931984,42.4829726300044,43.67828379640952,72479200
2025-01-27,39.08966827392578,40.02319682774257,38.121564728056214,38.31913772623993,161821600
2025-01-28,40.823368072509766,41.080210346731896,38.52658984717303,39.30700116131183,101033400
2025-01-29,40.57146072387695,40.986364403203076,39.642872517219914,40.951789410625196,118481200
2025-01-30,41.08020782470703,41.78158838470755,39.939229324396926,41.2283885146864,115171000
2025-01-31,40.857940673828125,43.0164150283749,40.59121769214486,41.94458650878231,118146600
2025-02-03,39.87007522583008,40.497365376101065,38.200587528810026,38.78836609843695,153257000
2025-02-04,41.31729507446289,41.460535399389855,39.87501863976515,39.96392629770632,84634600
2025-02-05,41.855682373046875,41.89519772959987,40.38377114116992,40.6751884168667,79694800
2025-02-06,42.48297119140625,42.54224045056185,41.58401766642993,41.96434256344665,76431000
2025-02-07,40.86288070678711,43.06581075811185,40.67518466467082,42.60645514363527,110870400
2025-02-10,42.30022048950195,42.57682044712598,41.73713985097202,41.85074555836291,65594200
2025-02-11,41.99892044067383,42.47309338846533,41.49511286126774,41.524747492882334,62602800
2025-02-12,42.0828857421875,42.28539909763877,40.551701631152326,40.64060929016167,96986600
2025-02-13,43.856101989746094,43.94006929415494,42.27058508712147,42.4681580968536,92920200
2025-02-14,44.36979293823242,44.54266791885033,43.76225655675583,43.86598154512657,76057400
2025-02-18,44.64638900756836,44.82420433449886,43.83634308194792,44.76493130272482,68825200
2025-02-19,44.651329040527344,45.00695969177234,43.920310060924685,44.45375603779217,68515800
2025-02-20,44.10800552368164,44.56736114737567,42.91763093009062,44.47845348574484,80266000
2025-02-21,41.34693145751953,44.350030510435914,41.228389164701966,44.340149787806055,118627200
2025-02-24,39.860198974609375,42.00880015656611,39.7614143593341,41.737136811971816,106467400
2025-02-25,38.338897705078125,39.70214356078405,37.43006336621578,39.67744928977293,151194400
2025-02-26,38.58586120605469,39.73671668116032,37.87954027210486,38.81306883795855,126351400
2025-02-27,35.385189056396484,39.59841661122341,35.30616211733838,39.376149341206485,206751000
2025-02-28,37.00528335571289,37.12876601808651,34.61466082098764,35.296283760668985,186358000
2025-03-03,34.61465835571289,38.0573553404414,33.80461244970518,37.72148237197053,183891600
2025-03-04,34.23432922363281,35.94332867455861,32.60436047878962,33.962669650354684,261673800
2025-03-05,35.56794357299805,35.90381653184559,33.335375149955134,34.352874748800254,201266600
2025-03-06,32.619178771972656,34.82210889678194,32.189457773646716,33.779914981520406,245645400
2025-03-07,33.295867919921875,33.59222556509613,31.063299204932537,32.38209317541271,270354600
2025-03-10,29.541990280151367,31.705406866178993,28.588704057997,31.61155884497271,312271600
2025-03-11,29.196239471435547,30.549608325365615,28.336799357061402,29.33947980453054,278978600
2025-03-12,30.193979263305664,30.949692507339428,29.22093534105351,30.594061858760817,283837200
2025-03-13,28.54425048828125,30.055676953453027,28.173802529688835,30.030980799719348,242454600
2025-03-14,30.569366455078125,30.73730294500771,29.388872548306555,29.49259752862299,198217000
2025-03-17,31.162084579467773,31.749861370801874,30.203859803063537,30.564428949094967,180300800
2025-03-18,29.591384887695312,30.51503466692948,29.146846553199786,30.510096189522145,175652400
2025-03-19,30.74224281311035,31.567106049335624,29.606200872537975,29.97171036270571,185186400
2025-03-20,30.426124572753906,31.42880498408261,29.818590153540647,29.96183048147271,176818200
2025-03-21,30.71260643005371,30.831148724968973,29.176481883991208,29.403689519408633,160982000
2025-03-24,32.663631439208984,32.86120444630229,32.01658351516029,32.135125812059606,126823000
2025-03-25,33.24646759033203,33.27610598893645,32.643871653391706,32.83650805495043,111139400
2025-03-26,31.397680282592773,33.18602870955674,31.090538476290327,33.0126437299945,157006400
2025-03-27,30.86266326904297,31.818763878817517,30.59020032426764,31.011279248942717,144736000
2025-03-28,28.40553855895996,30.619922788039005,28.22224558898336,30.486167845703232,207264200
2025-03-31,28.385723114013672,28.549202009793085,26.27537172777851,27.10762345778088,213709000
2025-04-01,29.039634704589844,29.22292956634722,27.553471181881495,28.078582973550116,194196400
2025-04-02,29.6885929107666,30.317735683919175,27.786303561076448,27.835841588354292,246174800
2025-04-03,24.91800880432129,26.6667292228221,24.823885791896764,25.973185467811252,280231400
2025-04-04,20.355487823486328,23.174244146959694,20.325763870726966,22.782889162612648,516053400
2025-04-07,20.434749603271484,23.19901482032358,17.338575420957625,18.205504192005506,791455200
2025-04-08,19.27058982849121,23.189107993625466,18.37889010767292,22.485656201619356,502295400
2025-04-09,26.06235694885254,26.458666879154638,19.186372571530626,19.201233603368575,713864000
2025-04-10,22.857192993164062,24.44243434523025,20.59327087818603,24.11547846990915,563385400
2025-04-11,24.06594467163086,24.308683680157547,22.104207185445752,22.62436409347206,358585800
2025-04-14,24.57123565673828,25.784936220394208,23.81329288018275,25.71062917961197,294861400
2025-04-15,24.665363311767578,25.368813203212714,24.36812944614253,24.749578345354045,209340200
2025-04-16,22.43611717224121,23.78357089879694,21.38094047594646,23.199014948520222,269148800
2025-04-17,22.37171745300293,22.931506308248334,21.970452574326245,22.83242835045417,202191600
2025-04-21,20.736934661865234,21.618724385856574,19.93440691430284,21.484969446303744,229539400
2025-04-22,22.322179794311523,22.777935762171023,21.351218059308643,21.529558008385802,260222800
2025-04-23,23.80338478088379,25.18056422911276,23.595322800001156,24.39289750622711,303995400
2025-04-24,25.82952308654785,25.89887708557657,24.046127521006117,24.1452054723706,240615400
2025-04-25,26.681591033935547,26.785622033302513,25.502567371845654,25.779985259912323,226103200
2025-04-28,26.661773681640625,27.067991563587587,25.581828027755872,26.760851628647004,191356800
2025-04-29,27.181930541992188,27.33054651762859,26.171340773811853,26.27537176778187,169808000
2025-04-30,27.186885833740234,27.454393837477273,24.927916549401274,25.740352323927528,268446600
2025-05-01,28.123167037963867,29.173388697307654,28.053813044859265,28.514523873059357,205481600
2025-05-02,29.440898895263672,29.81739281466351,28.747355177192613,29.04954205592708,195097800
2025-05-05,28.93065071105957,29.475576581025408,28.583878843920104,28.682956790210614,138579000
2025-05-06,28.108308792114258,28.75231265013103,27.528703997070824,27.771444886735374,165885800
2025-05-07,28.435264587402344,28.861296569609223,27.290917923627806,28.217292714442568,207867200
2025-05-08,29.282377243041992,30.074997077650835,28.564064454940684,29.326962226848412,197621600
2025-05-09,29.213024139404297,29.85702801098848,28.89597619584007,29.624195100665773,146818800
2025-05-12,32.750091552734375,32.77486245740637,31.630513936827747,32.62128965155694,202490000
2025-05-13,34.25111770629883,34.60779758446894,32.87394000520501,33.027509038496746,170595400
2025-05-14,34.85548782348633,34.979334780283956,34.28579106631538,34.48394695309343,161184800
2025-05-15,34.964473724365234,35.51435451450132,34.147083054202746,34.41954787075997,161694800
2025-05-16,35.39545822143555,35.430135217649536,34.50376241328615,35.22702817682734,127627200
2025-05-19,35.48958206176758,35.598567983631796,33.89938766063457,33.91920362638343,143794200
2025-05-20,35.118045806884766,35.25675380578278,34.37991893874348,34.96447677660618,134069400
2025-05-21,33.65665054321289,35.662968996757996,33.28015473232056,34.30065245763719,219255200
2025-05-22,33.83003616333008,34.55330195867301,33.49812721647236,33.76563710453224,173542000
2025-05-23,32.85411834716797,33.35941223406817,32.130852621463134,32.244789697559064,214220800
2025-05-27,35.142822265625,35.24685328123798,33.87958148552009,34.17681349863004,130539600
2025-05-28,34.692012786865234,35.63820545606241,34.568165816311236,35.34096970312513,132542600
2025-05-29,34.86044692993164,36.19303777440877,34.34524307448512,36.163315710665,193248800
2025-05-30,34.67715072631836,34.97438269092776,33.21080309200375,34.74154978847239,187118200
2025-06-02,35.47472381591797,35.52921678112596,34.02819221832785,34.28083729755475,137925400
2025-06-03,36.302024841308594,36.59925682650405,35.37069694649356,35.549036893512785,128728400
2025-06-04,36.594303131103516,36.81722615966409,36.01965139066636,36.450640195994225,128889000
2025-06-05,35.74223327636719,37.476090709792395,35.32115436986577,36.881623036341054,198008800
2025-06-06,36.76272964477539,37.15904141232157,36.43082071267321,36.79245170451316,131215400
2025-06-09,36.926212310791016,37.27298230824499,36.579438533827535,36.81227143762214,100363800
2025-06-10,37.63957214355469,37.79314117429296,36.53981046398628,37.01042743015749,122693000
2025-06-11,37.2531623840332,38.184493900314955,36.7676844391498,37.94175114836414,181652000
2025-06-12,37.495906829833984,37.71387490943041,36.91630018444013,36.95593211873376,126110000
2025-06-13,36.0791015625,37.09959942418363,35.80168176921447,36.21285463213913,210666200
2025-06-16,37.55039978027344,37.773322796448774,36.7676860860648,36.7676860860648,116668600
2025-06-17,36.44072723388672,37.34233292510521,36.20294319417479,36.995562959063164,135418200
2025-06-18,36.39118957519531,37.13427132094953,36.08404775966026,36.6190675236855,142661400
2025-06-20,35.89085006713867,37.31756956742374,35.529219034559425,37.035198629577245,163355000
2025-06-23,37.00546646118164,37.11940731605025,35.38059511206918,36.02955568808718,167572800
2025-06-24,38.689788818359375,38.8928996430929,37.97643291228049,38.10027986994457,113191600
2025-06-25,38.98686599731445,39.45383146885497,38.60931630088886,39.18557277324379,101438200
2025-06-26,40.054927825927734,40.1642188257672,39.05641377849718,39.45383111689943,100144200
2025-06-27,40.4473762512207,40.859699969040136,39.667440488521585,40.253634512021385,146023600
2025-06-30,41.23228073120117,41.4756991586305,40.651055514852445,41.132927353908336,113721400
2025-07-01,40.18408966064453,41.00376835710158,39.647572282226605,40.795123973301955,140390000
2025-07-02,40.9838981628418,41.028606050685895,39.95557505145041,39.970477680731776,100285000
2025-07-03,42.131446838378906,42.36990028133437,41.475704607862504,41.475704607862504,83484600
2025-07-07,41.19253921508789,41.71415393820175,40.63615421986087,41.53034601508509,139674800
2025-07-08,41.2471809387207,41.61976176684127,40.968988466552226,41.47073170964595,115515400
2025-07-09,42.10164260864258,42.41957801363051,41.40615748894809,41.71415907069409,117976200
2025-07-10,41.907894134521484,42.33512047726069,41.301828681329205,42.24073211616368,110317800
2025-07-11,41.58995819091797,41.95260142246621,41.108086360698664,41.39124764988786,106937600
2025-07-14,42.0320930480957,42.19602955168717,41.00873873492874,41.54525234381802,97311400
2025-07-15,42.141380310058594,43.05544353969981,42.12647768198009,42.93621872498324,123257600
2025-07-16,42.2606086730957,42.399704933625365,40.95409303730482,42.25563986662283,166357600
2025-07-17,43.244224548339844,43.37835200440804,42.22583524119315,42.40964318255741,97330800
2025-07-18,43.09518814086914,43.586993837678435,42.81699563198124,43.53731714538969,98496200
2025-07-21,43.75092697143555,44.2029935537297,43.278992745823494,43.29389537335611,87720400
2025-07-22,43.07034683227539,43.79564092405316,42.45931633109844,43.78073450565615,108345200
2025-07-23,43.63666915893555,43.65654059324443,42.67292923053017,43.30879996806031,118025200
2025-07-24,43.924800872802734,44.19305956062072,43.51744592983958,43.93970350155562,90378200
2025-07-25,44.17318344116211,44.50105639931044,43.70621803270762,43.87015072169349,79003200
2025-07-28,44.60538101196289,44.80409156197147,44.30234827596973,44.506023841914356,95592000
2025-07-29,44.40169906616211,45.519441580917494,44.20299231783178,45.20150623548302,116251200
2025-07-30,44.55570602416992,45.14686510066699,43.845318339059645,44.58054247506452,145527600
2025-07-31,43.82048034667969,46.07583714248078,43.54725663228701,46.05596570669223,178874600
2025-08-01,41.19253921508789,42.38479873214204,40.66595947600845,42.35002466994035,219781200
2025-08-04,43.447898864746094,43.5025443649021,42.305319748049534,42.33512500628416,108586000
2025-08-05,42.54376983642578,44.019190775800176,42.43447883497748,43.74099825581456,152088400
2025-08-06,44.133445739746094,44.24770554491967,42.62821957777065,42.73751057660918,128995200
2025-08-07,44.58053970336914,45.53931457834761,43.62673363429613,45.15183109966722,169239200
2025-08-08,45.782737731933594,45.84234824366328,44.759379729541656,44.82892785328528,104522600
2025-08-11,45.38035202026367,46.3192555676417,45.06738543450061,45.81751602714535,94617000
2025-08-12,47.054481506347656,47.138932262192895,45.271059070649756,45.91189863400046,119469600
2025-08-13,47.1240234375,47.849313661332346,46.78621666844634,47.71518623086594,96058600
2025-08-14,46.994869232177734,47.48667494992002,46.51796614374751,46.61731953255383,106385800
2025-08-15,46.32918930053711,46.95015740368037,45.91189676437881,46.93028596956916,96167400
2025-08-18,46.26957702636719,46.42854471613646,45.81751419830937,46.10067551415114,73371400
2025-08-19,44.381832122802734,46.13048048966697,44.12351104978959,46.08576881370799,111118600
2025-08-20,43.57209014892578,44.15828419988412,41.917830184345654,44.12847894325375,164404200
2025-08-21,42.966026306152344,43.691316635899106,42.41957510320218,43.19454212592828,119920000
2025-08-22,44.898475646972656,45.36544486589435,42.90641273282095,43.22931310921901,132726400
2025-08-25,44.50602722167969,45.19654728816716,44.22783470459498,44.52093364088533,80452600
2025-08-26,45.02267074584961,45.092218871368544,44.133443952327696,44.366928569464946,84374600
2025-08-27,45.22635269165039,45.42506325738713,44.48119091270422,44.77925486626493,90055200
2025-08-28,46.050994873046875,46.254674238346865,44.963061289658945,45.34557598900584,90658000
2025-08-29,44.39176940917969,45.49957441638895,43.95957423183153,45.41512366141739,121887000
2025-09-02,43.259124755859375,43.338606705722924,41.85325199868579,42.28047837570737,166668000
2025-09-03,44.267574310302734,44.6500889930786,43.51247497664471,44.078801371932485,119929800
2025-09-04,45.46480178833008,45.53435370707183,44.02415873187059,44.41164224581976,101759600
2025-09-05,45.61383819580078,46.81603167520925,44.555709788070196,46.66700158698621,172625800
2025-09-08,46.26460647583008,46.746478333238066,46.02118803913016,46.15531927268112,101696800
2025-09-09,46.64215850830078,46.751449507073396,45.82247980759491,46.44841675232705,94620800
2025-09-10,46.69183349609375,47.42209260659621,46.170222552940984,47.41712380044564,120818800
2025-09-11,47.47673797607422,47.68041733672459,46.90048153708345,47.28796503383542,91247200
2025-09-12,48.067901611328125,48.37093435909457,47.45686730957764,47.670480495870564,92235200
2025-09-15,49.2949333190918,49.31480096301434,48.470285863031705,48.5050599250289,78114400
2025-09-16,49.160804748535156,49.5830623213869,48.986934429136056,49.51351419362726,77137200
2025-09-17,48.847835540771484,49.28002691282766,47.44693165840936,49.12602803681578,147697200
2025-09-18,50.16429138183594,50.85480764332218,49.57312850570894,50.055000383887545,123401600
2025-09-19,51.1578369140625,51.31183578791502,50.248738718551245,50.6113819615114,84365400
2025-09-22,52.02222442626953,52.20106354321943,50.87964160021056,50.87964160021056,81054600
2025-09-23,50.974029541015625,52.11164355156722,50.661062983999095,52.0569980557263,99930600
2025-09-24,50.426063537597656,51.395698351316945,49.71996650549986,51.32111018248196,101055600
2025-09-25,49.74980163574219,50.15754597271907,48.48181420819699,49.42658878227854,122820600
2025-09-26,50.346500396728516,50.41114145125475,49.09840337403699,49.92383917683166,124097400
2025-09-29,51.01778793334961,51.853167081225905,50.68960530045813,51.112266533804245,92393200
2025-09-30,51.41558837890625,51.50011986585669,50.3315845423226,50.923312538399315,92323800
2025-10-01,52.141571044921875,52.280800266343014,50.3713644404901,50.58518182873306,93996400
2025-10-02,52.77804946899414,53.126122521329904,52.04212250299517,53.11120564676005,89158600
2025-10-03,52.06201171875,53.14104582186247,51.5945998529912,52.927228423776064,103096400
2025-10-06,53.2255744934082,53.643262154788836,52.773075733200784,53.4045845750604,82476800
2025-10-07,52.365333557128906,53.73276941906577,51.972506072454344,53.55375933000617,100185800
2025-10-08,54.1405143737793,54.22504965666713,52.53937446092678,52.56920821152723,86931000
2025-10-09,53.92669677734375,54.180295037650055,53.08634785759104,54.14051417452124,87956200
2025-10-10,48.268001556396484,54.52837379291108,48.14866275657801,54.06593167568846,238009400
2025-10-13,51.331058502197266,51.554819220252874,50.14760247291915,50.74927380657119,114511200
2025-10-14,50.286827087402344,51.480226326195414,48.267995872637535,49.590681009008684,147230000
2025-10-15,51.316139221191406,52.46478797442666,49.74483300851259,51.78355489539589,127069400
2025-10-16,50.744300842285156,52.87252758570918,49.60062574864133,52.052065348417884,159344000
2025-10-17,51.70896530151367,52.09681923595382,49.784612504681895,50.18240975813068,142274000
2025-10-20,53.64823532104492,53.96150106480413,52.4846735924721,52.514507341293445,79928800
2025-10-21,53.588565826416016,53.94161623662698,53.04159224865273,53.65321067597861,79811400
2025-10-22,52.01228713989258,53.57364997216727,50.51059560210978,53.4294471890958,134380800
2025-10-23,53.31507873535156,53.51894900691012,51.7537159972234,51.84819079899907,91245000
2025-10-24,54.97589111328125,55.32396796104492,54.4637248507284,54.69245911392133,84387600
2025-10-27,57.894744873046875,58.024030772763915,56.820684402249896,56.94499674597853,77489400
2025-10-28,59.217430114746094,59.70970975961501,58.208014424573754,58.50139354771187,92239400
2025-10-29,59.97325134277344,60.35116195471719,58.44669581347906,59.953360911227776,133060800
2025-10-30,57.22842788696289,59.34173769892539,57.19859413889937,58.968800673284946,127234200
2025-10-31,58.03894805908203,59.41632716814125,57.37263191923579,59.41632716814125,122666800
2025-11-03,58.83454895019531,59.8787719331203,58.21796075545009,59.669928095277676,83598000
2025-11-04,55.234466552734375,57.38755745450104,55.01567559367463,56.368194624749414,124762800
2025-11-05,56.30852127075195,57.18368128129634,54.66760051890709,55.03556401447785,109730000
2025-11-06,53.15098571777344,55.9405550322099,52.76810536589723,55.875913978797776,156461400
2025-11-07,52.59904098510742,52.628874735153715,49.70504962554913,52.22113037843629,183589400
2025-11-10,56.044979095458984,56.31349422515548,54.404058361151755,54.9112510769928,119878800
2025-11-11,55.58253860473633,55.90077792456651,54.49853473602979,55.32894034265817,102665600
2025-11-12,55.46817398071289,56.45769925824784,54.56318019357231,56.452725701838766,125708400
2025-11-13,52.0421257019043,54.63776446682407,51.4155903754765,54.483618361844904,201264400
2025-11-14,52.08190155029297,53.25043689179358,49.11332199927751,49.71499711701802,222397600
2025-11-17,50.744300842285156,53.02170012376378,49.779635829276216,51.42056030385881,186327000
2025-11-18,48.909454345703125,50.39125552587843,47.636497016095554,49.71002623325816,267348000
2025-11-19,49.74980163574219,51.29127394413227,48.44700690359085,49.05365174990779,184263600
2025-11-20,46.1944694519043,53.24546600913217,45.97567850460122,52.65871157258358,178246300
2025-11-21,47.21879959106445,48.82988648322752,44.991124544023705,46.59226432433541,179618600
2025-11-24,50.79900360107422,51.16696711711663,48.40225770597783,48.43209525150868,93894200
2025-11-25,51.723880767822266,52.07195762303359,48.810002782540664,50.36141847803762,101851900
2025-11-26,53.07640075683594,53.56370684599324,52.081901940664395,52.61893221188789,75598100
2025-11-28,54.23996353149414,54.30957814151884,53.33496980746129,53.5239232069981,34381600
2025-12-01,53.752655029296875,54.34935653721341,52.52942205957856,52.817827598719305,66359600
2025-12-02,54.995784759521484,55.4532533126545,53.84216626387058,54.329472361746696,79504400
2025-12-03,55.383636474609375,55.572593673453426,53.93166914579505,54.35930393073119,69844900
2025-12-04,55.204627990722656,55.74165826558708,54.30958132632722,55.73171494659119,63958000
2025-12-05,55.84111022949219,56.76599443507582,55.373694570363796,55.552704661361396,73206000
2025-12-08,55.4930305480957,56.726210690814156,54.816771081719736,56.25879505542472,69700000
2025-12-09,55.701873779296875,55.910721401746315,54.78693674270578,55.14495690266288,48736000
2025-12-10,56.33835983276367,56.7759379490878,54.58803978004331,55.343861009899086,100261100
2025-12-11,55.80133056640625,55.851054749705746,53.68304697318225,55.32397157804952,99683900
2025-12-12,52.5294303894043,55.214578116545695,51.94267590011678,54.806833728648414,138448500
2025-12-15,51.733829498291016,53.76260801831308,51.43548060857294,53.76260801831308,98696300
2025-12-16,52.0421257019043,52.47970382226785,50.81888880002223,51.147075235578875,105953700
2025-12-17,49.128238677978516,52.50953207676532,49.098401136416285,52.360359543800485,125606200
2025-12-18,51.22663116455078,52.17140577676034,50.69954801818319,51.38575081970205,109222100
2025-12-19,53.2255744934082,53.34491328327242,51.90288931161273,51.9128364237666,72957800
2025-12-22,53.951560974121094,54.58803961179885,53.58359747303463,54.50848167894509,64783100
2025-12-23,54.70737838745117,54.76704968235309,53.56370702133717,53.67310249846806,48197100
2025-12-24,55.14166259765625,55.231307792616946,54.56394827465351,54.65359346961421,25855000
2025-12-26,55.09185791015625,55.53012117577643,54.892645953182694,55.30102875513506,37244200
2025-12-29,54.27509307861328,54.77312107830833,53.707337663280995,54.075881118804844,50635300
2025-12-30,53.886627197265625,54.60378872140439,53.82686627002209,53.98623507542492,38976800
2025-12-31,52.5120735168457,53.98623594035286,52.432387213041594,53.916512324350315,57199400
2026-01-02,52.143531799316406,54.66355614616528,51.406452462820006,53.95635347511314,107226600
2026-01-05,53.38859939575195,54.11572361012481,53.07982447148748,53.73722127107424,77968000
2026-01-06,54.79303741455078,54.95240621827864,53.52804967226517,53.707336251763515,68915800
2026-01-07,54.95240783691406,55.96838541547449,54.55398771568487,54.673513372088415,65588300
2026-01-08,53.97627258300781,54.76315772487812,53.28899531965707,54.65359095833263,83760300
2026-01-09,55.540077209472656,55.87873637902775,53.577849603203646,54.17548164375882,78706300
2026-01-12,55.6695671081543,56.117793050984034,54.36473622971346,54.384654005259705,59673900
2026-01-13,55.380714416503906,56.277166374183665,54.743239157554854,55.68949315740521,88611000
2026-01-14,53.617698669433594,54.66355675564619,52.292942307152636,54.334856437311004,117421500
2026-01-15,54.16552734375,55.60980933034058,53.916513339153425,55.43051894305887,90483000
2026-01-16,53.92646789550781,55.24126143018651,53.36867900179677,55.101814206758746,75855900
2026-01-20,50.5299186706543,52.35270291123672,50.280904679295084,51.187315455856556,129209100
2026-01-21,52.52203369140625,53.5878133331515,50.4701569140194,50.868580843494264,150230100
2026-01-22,53.68741989135742,54.115724275102195,52.94037789175404,54.10576158730231,90992300
2026-01-23,54.16552734375,54.85280462856177,53.109706596385735,53.37864217730829,78066100
2026-01-26,54.86276626586914,55.41059630555963,53.996194810719274,54.25517149834525,58084300
2026-01-27,56.31700897216797,56.57598186869144,55.34087451657607,55.759216226264506,51981200
2026-01-28,56.834957122802734,57.781207289656244,56.50625681668569,57.47243235928801,76172100
2026-01-29,55.81897735595703,56.98436101462814,52.85073102741775,56.725388134807446,122642300
2026-01-30,53.787025451660156,55.49028034571287,53.10970704940782,54.80300305503867,110170700
2026-02-02,54.88268280029297,55.49027755406839,52.940376685308586,52.950335573229424,74665800
2026-02-03,52.31285858154297,55.540077709010085,50.8785393915189,55.420552059754385,129992200
2026-02-04,49.56374740600586,51.94432455864764,48.23899483452713,51.93436187033635,142536200
2026-02-05,47.45210647583008,49.33465167788436,46.874395980855915,48.199148463924764,158712900
2026-02-06,50.39047622680664,50.80881794816871,47.81069087945021,48.14935009183241,117934600
2026-02-09,51.53593826293945,52.063846718354995,49.245006460954336,49.86256390653135,71272700
2026-02-10,50.81877517700195,52.193333456017,50.689286839212,51.76502909226341,70660900
2026-02-11,51.19728088378906,52.292940984557006,49.84264409034,52.00408382720198,92393800
2026-02-12,48.06966018676758,51.86463485926977,47.80072841438542,51.59569928723557,131150000
2026-02-13,48.27883529663086,49.39441694719973,46.99392215108207,47.960097682182614,123216600
2026-02-17,48.159305572509766,48.786821909797936,46.23691720880078,47.45210673188059,117089700
2026-02-18,49.19520568847656,50.16138123332917,48.00990040535435,48.33859691258482,81370800
2026-02-19,48.63741683959961,49.20516846188153,47.97005733642921,48.47804423017802,83447500
2026-02-20,49.86256408691406,50.25102531397623,47.571632276641274,47.770844234010916,118813800
2026-02-23,48.049739837646484,49.68327095839024,47.47202557318003,49.33464910235473,91951800
2026-02-24,49.58366775512695,49.842644449675134,47.63139885621201,48.25891521645331,71023300
2026-02-25,51.66542434692383,51.75506954010857,50.33070913709106,50.35063071331569,54217200
2026-02-26,49.85260009765625,51.43632922793529,48.517884957674845,51.426370340170244,105583800
2026-02-27,49.3246955871582,49.57370959731168,48.06966284817943,48.25891592767352,93802200
2026-03-02,49.50398635864258,49.95221234029176,47.0437267035422,47.2728191386846,108545900
2026-03-03,47.91029357910156,48.47804521289256,45.53968296068213,46.62538418663639,163365500
2026-03-04,50.061771392822266,50.58968364081711,48.328636132395694,48.49796382350492,99738400
2026-03-05,49.60358810424805,50.55980095356872,47.98001575824484,49.24500733583977,129713200
2026-03-06,47.352500915527344,48.856543732646685,46.99392016451825,47.47202656597974,141012200
2026-03-09,49.19520568847656,49.5737080358908,45.32054842047279,46.00782569897442,159005500
2026-03-10,49.20516586303711,50.5398809992308,48.63741427074184,49.215124750773896,115057200
2026-03-11,49.15536117553711,50.32074864990967,48.537807530804486,49.48406147332107,91104300
2026-03-12,46.64530563354492,48.298758488693615,46.56561932744031,47.96009928705341,130823900
2026-03-13,45.74885177612305,48.05970136144742,45.489875091758805,47.16324945349743,141952500
2026-03-16,47.2728157043457,48.079622412700246,46.99392124698206,47.18317051452853,81421500
2026-03-17,47.97005844116211,48.56769054164775,47.62144034915419,47.93021528788914,74570100
2026-03-18,45.91817855834961,47.92025317980337,45.868376519930536,47.531791960621824,105059300
2026-03-19,45.509796142578125,46.13731247090584,44.12527894488599,44.69303054682231,138384900
2026-03-20,42.91009521484375,45.03169180413719,42.13316893458564,45.00181133939147,137952500
2026-03-23,44.39421463012695,45.96798489900988,43.955951367734606,44.93208577009849,139354300
2026-03-24,43.447959899902344,44.37429224643155,43.01965553324252,43.66709342693349,105505200
2026-03-25,44.288028717041016,45.11612390592085,43.84904083501617,44.597317969381855,79294400
2026-03-26,41.13528823852539,43.57966099348699,41.0554739892431,43.13069394772925,117558900
2026-03-27,38.690914154052734,40.49675762896555,38.471422121617934,40.466827762254944,124795700
2026-03-30,37.80295944213867,39.8183196059819,37.234269136185326,39.65868730616928,111446500
2026-03-31,41.58425521850586,41.90351982699872,38.9802501631643,39.000204676936896,149516200
2026-04-01,43.13069152832031,43.878968627297276,42.31257553791356,42.532071371512394,116135500
2026-04-02,43.230464935302734,43.449956967250394,40.347100593996906,40.786092269760644,111377300
2026-04-06,43.998695373535156,44.48757145810085,43.17060396433071,43.49984393480603,69245100
2026-04-07,44.048580169677734,44.10843990191699,41.743885330112846,43.350187448057994,131796200
2026-04-08,47.88973617553711,48.80762095871978,47.04169028646902,48.52826538226145,102015100
2026-04-09,48.847530364990234,48.977232800467895,47.20132295473171,47.90969106107206,78953600
2026-04-10,49.057044982910156,49.69557797363586,48.707850524331704,49.24661095122487,65481600
2026-04-13,50.54362487792969,50.62344293064495,48.34867790540515,48.667942504397715,67169100
2026-04-14,53.28730773925781,53.30726225247301,51.261972222093384,51.27194757573387,72362300
2026-04-15,55.52216339111328,55.61195679704673,53.20749315586698,53.44693970106669,83244000
2026-04-16,56.30037307739258,56.78924535079605,54.97342643771435,56.00106297854268,86398100
2026-04-17,58.45541000366211,58.80460447801134,57.23821131147164,57.64726932682402,103604000
2026-04-20,57.94658279418945,58.44543421436284,56.77926849189789,58.26584739862568,67652800
2026-04-21,57.26814270019531,58.834535804242876,56.68947324472084,58.3456597537236,91775200
2026-04-22,60.071685791015625,60.16147919692182,58.35563953115791,58.794627401180264,73399800
2026-04-23,59.083961486816406,60.59049105175393,57.45770484468852,59.662627136166506,92856900
2026-04-24,62.416290283203125,62.595877096698835,60.420884627414544,60.93969055463169,80250700
2026-04-27,62.4961051940918,62.555968734537565,61.49840235560136,62.26663399795111,56615000
2026-04-28,60.60047149658203,61.1891163178178,59.542905127906195,60.5805169832937,80631600
2026-04-29,61.717899322509766,61.72787467646534,60.311138446843486,60.85987425682471,77081400
2026-04-30,63.394039154052734,63.65344021697019,60.56056294573439,62.745530787857675,81042700
2026-05-01,65.1500015258789,65.68875438608372,63.66342255054974,63.743236802374845,67762900
2026-05-04,64.76089477539062,65.8982754001298,63.63348569847177,65.28967606087322,60813800
2026-05-05,67.23519134521484,67.61431567042055,66.09781075772942,66.21753783446884,54098800
2026-05-06,71.40559387207031,71.49539108825367,68.72177072459273,69.100902685571,70169000
2026-05-07,71.17611694335938,73.131621207969,70.21832313049858,71.70490584246552,93509100
2026-05-08,76.10477447509766,76.13470434360123,72.53299633753952,72.6527234234227,68713700
2026-05-11,76.78321075439453,77.1822934184929,75.37645368798694,75.82541692767967,60475000
2026-05-12,74.78780364990234,75.75557661842068,71.38564093837091,75.12702657220862,90651600
2026-05-13,77.06256866455078,77.7609652507958,74.01957943406188,75.63585323529483,64416400
2026-05-14,78.76863861083984,79.49696505580094,76.98275717041803,77.11245580335901,58472800
2026-05-15,75.16693115234375,77.19227438804792,74.05948796101431,75.55604227756676,81260600
2026-05-18,74.14927673339844,76.09479427831525,71.93437515188158,75.95511648595551,87710100
2026-05-19,72.76246643066406,74.32885954204176,70.79699067185476,72.24366431731083,85973700
2026-05-20,76.33424377441406,76.35419448130051,73.45088327568436,73.91979720026487,70647500
2026-05-21,76.77323150634766,77.61130586117851,74.29893269314337,75.00730080546673,74958100
2026-05-22,77.66118621826172,79.14776894584234,77.15236324512398,77.86073135545476,58330500
2026-05-26,81.7617416381836,82.08100623057936,79.79627351079392,80.40486521753448,62579600
2026-05-27,81.48239135742188,82.71954839359978,80.14547316874199,82.67963936547771,66221000
2026-05-28,83.4877700805664,83.85692285450477,80.47471099284057,81.55222422500736,55265900
2026-05-29,84.36575317382812,85.50313384911435,83.33812042439136,84.21610383118697,67644100
2026-06-01,85.84235382080078,86.86000737494356,83.55761338903748,83.95669604998572,57216000
2026-06-02,87.01964569091797,87.11941445571804,84.63513643641282,85.7425872329919,48355000
2026-06-03,86.36115264892578,87.88763672769537,85.21380050889837,87.47858253447208,62154500
2026-06-04,85.02423858642578,86.05187130996757,82.29053489294542,83.27825858883224,59614600
2026-06-05,72.88219451904297,81.89144982424995,72.51304173297306,81.38261925142245,118961300
2026-06-08,76.09479522705078,78.28974612782625,75.2068402737493,76.68344388379349,77319000
2026-06-09,73.55065155029297,79.15773640832363,66.63657084967757,78.29971900421776,132485700
2026-06-10,69.11087036132812,74.52839692895122,68.84149395160912,71.5153377892768,91465200
2026-06-11,75.83539581298828,76.42403684120399,69.43013772647762,70.72715447713438,116288800
2026-06-12,77.3419189453125,78.17999326890472,74.1193431123532,76.16462931798495,94070700
2026-06-15,84.39567565917969,84.83466732417324,82.45015825635505,82.68960479550233,59758000
2026-06-16,79.74639129638672,84.63513691810202,79.67655239944231,83.99660768550488,67086700
2026-06-17,77.36187744140625,81.62206512615994,76.76325727282315,81.48238734055283,78089600
2026-06-18,82.67963409423828,83.40795287839298,80.4447743330984,81.9113986726376,61063000
2026-06-22,82.39030456542969,84.91449160048067,81.20303571816508,83.75715262132042,61888900
2026-06-23,74.26900482177734,77.56141975860189,73.74022351328506,74.94744308464095,82341800
2026-06-24,73.30000305175781,76.18000030517578,71.3499984741211,74.79000091552734,72009700
2026-06-25,74.94999694824219,78.23999786376953,71.5999984741211,77.95999908447266,105261200
2026-06-26,71.83000183105469,74.69000244140625,70.72000122070312,72.08999633789062,70427700
2026-06-29,77.19000244140625,77.37999725341797,71.44999694824219,74.12000274658203,79128400
2026-06-30,81.0,81.54000091552734,77.1500015258789,77.23999786376953,58466200
2026-07-01,77.45999908447266,79.63999938964844,77.2300033569336,78.72000122070312,63348200
2026-07-02,73.3499984741211,79.13999938964844,71.72000122070312,77.44999694824219,87308500
2026-07-06,76.41999816894531,77.44999694824219,75.11000061035156,75.54000091552734,54545100
2026-07-07,72.2300033569336,74.38999938964844,70.76000213623047,73.69999694824219,70992900
2026-07-08,72.72000122070312,73.0199966430664,69.56999969482422,70.80000305175781,70748500
2026-07-09,76.33999633789062,76.69000244140625,73.88999938964844,74.8499984741211,51726600
2026-07-10,77.02999877929688,77.31999969482422,74.33000183105469,75.52999877929688,46034400
2026-07-13,72.63999938964844,74.8499984741211,72.08999633789062,74.54000091552734,63317500
2026-07-14,75.0199966430664,75.8499984741211,73.41000366210938,75.19999694824219,58097300
2026-07-15,74.44000244140625,76.47000122070312,72.05999755859375,76.29000091552734,68547800
2026-07-16,70.73999786376953,73.12000274658203,69.69000244140625,72.61000061035156,66953300
2026-07-17,67.52999877929688,69.55999755859375,64.91000366210938,66.37999725341797,75465200
2026-07-20,67.6500015258789,70.51000213623047,67.5,69.47000122070312,50076700
2026-07-21,71.37000274658203,71.72000122070312,69.61000061035156,70.70999908447266,37772500
2026-07-22,70.27999877929688,71.58999633789062,69.7699966430664,69.7699966430664,36062100
2026-07-23,66.30000305175781,68.2699966430664,65.0199966430664,67.11000061035156,80277500
2026-07-24,64.0,66.4000015258789,63.4900016784668,65.77999877929688,69267700
2026-07-27,63.400001525878906,66.2300033569336,61.63999938964844,66.05999755859375,70531600
2026-07-28,61.560001373291016,62.61000061035156,59.400001525878906,61.77000045776367,73235900
2026-07-29,57.75,62.7400016784668,57.59000015258789,61.5099983215332,103582900
2026-07-30,63.29999923706055,63.84000015258789,60.7400016784668,61.130001068115234,75877800
2026-07-31,64.62000274658203,66.7699966430664,62.38999938964844,65.73999786376953,86334100
