Date,Close,High,Low,Open,Volume
2010-09-09,76.31315612792969,77.20191992373617,76.1775817947938,77.20191992373617,26500
2010-09-10,76.65959930419922,76.71985582203975,76.29807168991164,76.58428153008745,8600
2010-09-13,77.62367248535156,77.68392899688978,77.20188839733852,77.54835471911741,33750
2010-09-14,77.6086196899414,77.94002479314729,77.1115120351326,77.45797839467609,59400
2010-09-15,77.80443572998047,77.86468649027057,77.12656439592016,77.29226691606564,9250
2010-09-16,77.77429962158203,77.81948912382974,77.35250986389076,77.59353011983885,59550
2010-09-17,77.84962463378906,78.24128043133649,77.59353735562686,78.24128043133649,49350
2010-09-20,79.11502075195312,79.11502075195312,77.92498003829641,78.13587216550049,19000
2010-09-21,78.87396240234375,79.41625946641362,78.54255736399513,79.09991568145504,19250
2010-09-22,78.45220947265625,79.11501406590938,78.30156814711303,78.75348063098467,18100
2010-09-23,77.80443572998047,78.58774733114265,77.6688614631684,77.8194969834588,33350
2010-09-24,79.39323425292969,79.43867498273467,78.6511030713087,78.71168685932332,24100
2010-09-27,79.01457214355469,79.4992365345212,79.01457214355469,79.4992365345212,15000
2010-09-28,79.52950286865234,79.52950286865234,78.31785663645972,78.99940944756338,49850
2010-09-29,79.15089416503906,79.45380728652351,78.92371365711615,79.19633488869344,15900
2010-09-30,79.02970123291016,80.02931009549523,78.7267882308209,79.66581333747114,44750
2010-10-01,79.30230712890625,79.63551194497884,78.87823247396574,79.57492820067768,17100
2010-10-04,78.63594055175781,79.71128238033468,78.37846816388151,79.71128238033468,88700
2010-10-05,80.36254119873047,80.42311919684761,79.37807506509452,79.52952872676767,19850
2010-10-06,80.22621154785156,80.48368386709372,79.98388228014728,80.3625221220343,276900
2010-10-07,80.18077087402344,80.65028635810468,79.75669609974715,80.65028635810468,49900
2010-10-08,80.78661346435547,80.83204840587264,80.0141905706301,80.28680599731985,61550
2010-10-11,80.6502914428711,80.90776377846159,80.48368897744861,80.81689390829358,14200
2010-10-12,81.11979675292969,81.21066661166768,80.07474715676197,80.5594056619816,42050
2010-10-13,81.60444641113281,81.998229237338,81.21065780734314,81.46813586021862,74450
2010-10-14,81.30155944824219,81.64990746146663,80.87748461085353,81.55903180591777,19100
2010-10-15,81.45299530029297,81.846783944048,80.81688318319111,81.81649206548337,54950
2010-10-18,82.04370880126953,82.11944141999324,81.36216145345722,81.49847207853722,22850
2010-10-19,80.74117279052734,81.54388751413674,80.28680029726759,81.1349557367547,38550
2010-10-20,81.60444641113281,81.90735938845152,80.98347740754247,80.98347740754247,22800
2010-10-21,81.72563934326172,82.36175741629752,81.25612953783597,81.9831174944578,29400
2010-10-22,81.92252349853516,81.93766655138113,81.7407779764535,81.90738044568917,24850
2010-10-25,82.16485595703125,82.755533259774,82.13456407258467,82.55863889966434,29600
2010-10-26,82.14971923828125,82.21029723425946,81.6953467141315,81.72563860091392,15000
2010-10-27,81.8922348022461,81.9528185711597,81.19553879249821,81.58932173526425,17150
2010-10-28,81.95281982421875,82.40718654284566,81.60447181401857,82.36175160425887,19250
2010-10-29,82.01338958740234,82.10425944905674,81.78620337809573,81.8619301886695,13400
2010-11-01,82.0588150024414,82.8615295010917,81.60444841410322,82.48288971454576,51550
2010-11-02,82.69495391845703,82.86155640304018,82.43748155325508,82.7101027502845,26100
2010-11-03,83.04330444335938,83.04330444335938,82.02854652165213,82.8615531341189,31850
2010-11-04,84.60327911376953,84.6638628693046,83.86114255242728,83.98231006349741,49000
2010-11-05,84.93649291992188,85.04251161446018,84.57299612608661,84.73959858252837,48300
2010-11-08,84.83048248291016,84.87592320064864,84.43669952055771,84.72446377083116,43400
2010-11-09,84.16407775878906,85.04252511306669,83.90660539620963,84.95164945578699,35700
2010-11-10,84.48214721679688,84.51243910733419,83.54312172048965,84.17923986659848,28200
2010-11-11,84.20950317382812,84.27008693849538,83.61882591228688,83.81572025866257,24000
2010-11-12,83.16444396972656,83.95201543310469,82.83123910279377,83.6036675165771,39450
2010-11-15,83.08875274658203,83.69457320873673,83.0281689670904,83.52797648151555,202750
2010-11-16,81.75592041015625,82.55863508939169,81.39242936874568,82.55863508939169,32850
2010-11-17,81.81648254394531,82.13453856548192,81.61958824498173,81.8316255926728,42450
2010-11-18,83.02815246582031,83.24018987431285,82.60407764883523,82.60407764883523,26100
2010-11-19,83.22505187988281,83.25534376544955,82.57379078416403,82.92213880180186,20250
2010-11-22,83.14932250976562,83.14932250976562,82.22544024981036,82.86155249448277,25350
2010-11-23,81.98311614990234,82.27088040584987,81.725638002929,82.2102966327283,142400
2010-11-24,83.04330444335938,83.13417432039331,82.49806207081056,82.49806207081056,30100
2010-11-26,82.57379150390625,82.84641269879673,82.40718902063024,82.51320773224471,32650
2010-11-29,82.49810791015625,82.66471048073811,81.5287901659594,82.05888400182035,46000
2010-11-30,81.92252349853516,82.43747395908815,81.64990232661968,81.75592102929949,91950
2010-12-01,83.77027893066406,83.86114879314403,83.20988781663932,83.24017969666109,33350
2010-12-02,84.86076354980469,84.89105543190621,83.86115455079751,83.86115455079751,60650
2010-12-03,85.07279205322266,85.16366769002687,84.54269861582762,84.55784744408756,184100
2010-12-06,84.96675872802734,85.13336114467425,84.81530513703059,84.93647263189531,64150
2010-12-07,84.9970932006836,85.8603918127192,84.96680131178569,85.8300999238213,109000
2010-12-08,85.34545135498047,85.37574324746261,84.78506578803022,85.11827082774602,69050
2010-12-09,85.66346740722656,85.83006406017292,85.31511949683662,85.83006406017292,54850
2010-12-10,86.1784439086914,86.23902190197718,85.73922023624782,85.93611460278915,73950
2010-12-13,86.22386169433594,86.66308527939864,86.19356981492625,86.57220964116956,77050
2010-12-14,86.26930236816406,86.60250728626907,86.07241380527077,86.42076177529617,59650
2010-12-15,85.89065551757812,86.48133271329566,85.75434495105984,86.13298477165674,43600
2010-12-16,86.39049530029297,86.45107908096278,85.66350726501715,85.9967065035265,60600
2010-12-17,86.51164245605469,86.58736928029387,86.19358632769827,86.32989692236336,59150
2010-12-20,86.69341278076172,86.89030141144757,86.29962396421479,86.76913962160917,72600
2010-12-21,87.22349548339844,87.31437114754812,86.9205823804864,86.98116615658618,76200
2010-12-22,87.54154968261719,87.54154968261719,87.26892847385551,87.34465530349225,108250
2010-12-23,87.40522003173828,87.48094684487337,87.20833147310415,87.4203688609166,57400
2010-12-27,87.47064971923828,87.50107447676403,87.0294152826449,87.07505822296969,71800
2010-12-28,87.56195068359375,87.65324238400568,87.3337301386197,87.65324238400568,56650
2010-12-29,87.63801574707031,87.82059913028642,87.63801574707031,87.72930743867836,53600
2010-12-30,87.50104522705078,87.68362853538854,87.39454119920418,87.57712450754195,78900
2010-12-31,87.5923843383789,87.5923843383789,87.24244151385207,87.37937616727886,145750
2011-01-03,88.41398620605469,88.74871662574593,88.17054748374386,88.20097804953733,119200
2011-01-04,88.3379135131836,88.67263813194343,87.86624844506413,88.67263813194343,108350
2011-01-05,88.80955505371094,88.85520379573312,88.03359608776411,88.14010014575611,717750
2011-01-06,88.65743255615234,88.94651425000652,88.41399381289688,88.88565311318328,72450
2011-01-07,88.47486114501953,88.9008775245383,87.85104895899367,88.77915524236843,82250
2011-01-10,88.39875030517578,88.45961142456558,87.85101764277508,88.15531163165242,124500
2011-01-11,88.68785095214844,88.88564091362107,88.33790816950072,88.74871208061847,131700
2011-01-12,89.47905731201172,89.55513084532284,89.08346565233226,89.25083090803983,107350
2011-01-13,89.3572998046875,89.57030793563925,89.12907929468332,89.52466499444567,96050
2011-01-14,89.996337890625,90.0267626513969,89.20516061770972,89.2355911825184,193400
2011-01-18,90.14849090576172,90.2093520394265,89.7985480932449,89.9659133088045,194900
2011-01-19,89.25077056884766,90.14845158472188,89.02254431917122,90.10280865640044,111950
2011-01-20,89.14430236816406,89.29644939308623,88.4900597137322,89.06822885570298,103450
2011-01-21,89.34208679199219,89.87460711559474,89.25079510621622,89.69202954807903,117950
2011-01-24,89.88983917236328,89.92026393494821,89.2964518292892,89.31167001461878,455900
2011-01-25,89.85940551757812,89.9202608446937,89.15951411739836,89.6159667970051,226550
2011-01-26,90.33106231689453,90.48321514063717,89.9506889635931,90.10284178733573,109250
2011-01-27,90.45279693603516,90.60494397653153,90.13328466857023,90.2854317090666,297250
2011-01-28,88.8552017211914,90.69620702811133,88.76391004331433,90.58970297260593,891400
2011-01-31,89.53987884521484,89.6159581538363,88.96171556713894,89.17472370159179,140550
2011-02-01,90.93963623046875,91.1222137631786,90.0571675149734,90.13324680730138,147400
2011-02-02,90.78752136230469,91.03096591295933,90.71144784224389,90.71144784224389,91000
2011-02-03,91.01570892333984,91.13743114677271,90.14845839550338,90.68097861293452,72250
2011-02-04,91.25916290283203,91.3048058422724,90.63535091299082,91.06136715853037,97050
2011-02-07,91.83734893798828,92.14164879995323,91.48740612814157,91.51783669474177,118050
2011-02-08,92.26335906982422,92.27857725412147,91.74605108041538,91.95905922828312,153500
2011-02-09,92.03514099121094,92.26336152541329,91.63954944546784,92.03514099121094,139650
2011-02-10,92.06554412841797,92.17205398420656,91.41130744080718,91.59388498609309,125200
2011-02-11,92.64373779296875,92.7502418730786,91.7156258342656,91.74605640058797,149200
2011-02-14,92.8719711303711,92.91761408127245,92.49159772875984,92.59810181688799,92200
2011-02-15,92.5372314453125,92.70459665396598,92.33943567108233,92.59809257646593,82150
2011-02-16,93.13062286376953,93.26755752140247,92.79589821491821,92.88718411731514,94300
2011-02-17,93.48056030273438,93.54142143684405,92.78067467258471,92.8567481882032,158250
2011-02-18,93.63269805908203,93.7392021246036,93.32839824157634,93.54140637261945,120800
2011-02-22,91.71562957763672,93.10018847961234,91.47219084115872,92.56766805732838,288400
2011-02-23,91.19827270507812,91.86773322495853,90.60489146539082,91.66993754371804,276000
2011-02-24,91.10704803466797,91.41134794767845,90.27022762691772,91.03097450742487,241300
2011-02-25,92.09600830078125,92.14165705679072,91.44176557034274,91.54826966096877,106350
2011-02-28,92.64373779296875,92.76546005825831,92.17207852506438,92.46116019907149,208350
2011-03-01,91.06138610839844,93.0393323549535,91.06138610839844,93.02411416928244,235350
2011-03-02,91.3200454711914,91.7156312486616,90.9092415076431,91.00053321199964,176350
2011-03-03,92.88717651367188,92.99368059377501,92.11121738662943,92.11121738662943,136450
2011-03-04,92.2025146484375,92.85675739489126,91.59392065911064,92.85675739489126,168250
2011-03-07,91.39611053466797,92.61330412663557,90.98530660912199,92.5068000500907,155200
2011-03-08,92.2481460571289,92.52201533223462,91.25917302990976,91.60911581387002,106350
2011-03-09,92.14163208007812,92.33942202103314,91.66996708941817,92.0959833364426,116450
2011-03-10,90.45279693603516,91.19832556011998,90.34629284688017,91.19832556011998,267850
2011-03-11,91.06138610839844,91.39611654471463,90.07241878915815,90.07241878915815,134350
2011-03-14,90.52885437011719,90.72665013084598,89.81375063796911,90.49842380661764,146100
2011-03-15,89.52466583251953,89.95068209841112,87.95752959381576,88.10967660190953,346800
2011-03-16,87.82061004638672,89.43338950367465,87.21201030142394,89.20516895234158,339900
2011-03-17,88.91606140136719,89.31165288755501,88.429184036856,89.11385714446111,176200
2011-03-18,89.29644775390625,90.07241265726134,89.11387016654375,90.07241265726134,127700
2011-03-21,90.65058898925781,90.81794840527911,90.28542798149017,90.40714444805451,136100
2011-03-22,90.33106231689453,90.75708441933713,90.300631752146,90.66579272509156,137800
2011-03-23,90.62016296386719,90.84838352662868,89.7224814873151,90.163710230269,204150
2011-03-24,91.47220611572266,91.57871021796413,90.68102863904438,91.15269380899824,110800
2011-03-25,91.74421691894531,92.14157978535842,91.53025498934993,91.71365009614235,134300
2011-03-28,91.54554748535156,92.1874333173967,91.51498066048859,91.98875187080027,166150
2011-03-29,92.14157104492188,92.1721378648253,91.16345612811133,91.46911266709604,110950
2011-03-30,92.76818084716797,93.0279900841068,92.55421892733008,92.645913561532,105550
2011-03-31,92.64593505859375,92.89046385657976,92.53895407385151,92.69178821635929,127500
2011-04-01,93.07386016845703,93.48649775750597,92.84461188118439,93.3183889542023,70400
2011-04-04,93.11969757080078,93.42535997791666,92.85988248424336,93.3030926830601,78800
2011-04-05,93.11969757080078,93.47120729847511,92.8904493079575,92.8904493079575,204950
2011-04-06,93.3947982788086,93.60876022652224,93.05856902952956,93.59347972883947,142900
2011-04-07,93.22667694091797,93.60875348575779,92.73761942992502,93.27252426069062,107150
2011-04-08,92.87518310546875,93.62404999663346,92.4778201660526,93.60876949743734,86850
2011-04-11,92.55423736572266,93.2419705793455,92.4014032282305,92.98216129064821,139650
2011-04-12,91.88175201416016,92.15684755136023,91.5455286698236,92.0804334199212,104800
2011-04-13,91.91233825683594,92.38611529992171,91.54554801640404,92.34026214734841,185100
2011-04-14,91.92761993408203,92.08044822152667,91.05648586959163,91.37742877124062,78450
2011-04-15,92.24858093261719,92.49310973851438,91.86650430902618,92.08046628543289,79700
2011-04-18,91.23990631103516,91.39273464090878,90.50631983359294,91.16349214609833,151650
2011-04-19,91.80535888671875,91.80535888671875,91.17875353751958,91.4080018143105,78900
2011-04-20,93.04329681396484,93.21141145356884,92.82933484720569,92.90574900247304,173250
2011-04-21,93.45592498779297,93.51705280400934,93.1808294097304,93.51705280400934,197850
2011-04-25,93.36422729492188,93.53234191207348,93.08913170867845,93.4712082640137,99000
2011-04-26,94.17423248291016,94.37291393412607,93.6240412826358,93.70046126158292,85050
2011-04-27,94.78553009033203,94.93835834424743,93.99081034391875,94.41873411890121,72850
2011-04-28,95.0912094116211,95.21347087058466,94.64799923407458,94.67856605632177,66050
2011-04-29,95.36629486083984,95.42742266882168,95.07591299532157,95.137046633328,99000
2011-05-02,95.15233612060547,95.85536136407276,94.99950784117027,95.85536136407276,131000
2011-05-03,94.8466796875,95.15233624677568,94.37290269258243,95.03007478907044,66500
2011-05-04,94.20479583740234,94.83140116350995,93.82271927684829,94.83140116350995,107000
2011-05-05,93.37950134277344,94.26592168834385,92.95157749596022,93.70045005790851,98950
2011-05-06,93.82267761230469,94.7549449388617,93.44060122142218,94.35758805755403,138550
2011-05-09,94.20479583740234,94.43404410574503,93.66989098463692,93.83800560408481,66000
2011-05-10,94.98423767089844,95.12178546935289,94.3881933242453,94.49518012751057,175550
2011-05-11,93.97551727294922,94.84665102972853,93.54758772521623,94.84665102972853,174400
2011-05-12,94.47986602783203,94.55628015339485,93.24193620562754,93.74627992838553,113500
2011-05-13,93.65460205078125,94.5257361181968,93.37950646843682,94.46460830102897,126400
2011-05-16,93.07386016845703,94.00612215596796,92.93631236209868,93.37951677811904,113500
2011-05-17,93.05855560302734,93.11968924498967,92.40138352699475,92.73761272776258,142400
2011-05-18,93.9296875,93.9755406454611,92.98213939082694,93.15025398745964,70550
2011-05-19,94.05196380615234,94.34233988182028,93.71573458062338,94.25063941212363,266650
2011-05-20,93.42535400390625,93.99082563139541,93.22667257748164,93.88384467024949,95450
2011-05-23,92.30970001220703,92.5847956041461,92.00403759560521,92.2332800355373,136200
2011-05-24,92.23328399658203,92.7376278801384,92.09573619470538,92.58479958028698,89650
2011-05-25,92.5389175415039,92.84457987582421,91.82061776037895,91.82061776037895,62300
2011-05-26,92.90573120117188,93.0738458085641,92.11101131260648,92.29440641611382,60450
2011-05-27,93.31835174560547,93.53231361906683,93.119670364524,93.21137080887479,47600
2011-05-31,94.2506103515625,94.26589667347804,93.5475911240617,94.22004936777864,172500
2011-06-01,92.15686798095703,94.02140351753202,92.11102065793496,94.02140351753202,222000
2011-06-02,92.04988861083984,92.40139836352633,91.56083105666511,92.23328373614889,211800
2011-06-03,91.16350555419922,91.83595846658385,90.9342571956444,90.9342571956444,148450
2011-06-06,90.20063018798828,91.07176423206371,90.12421604605673,90.98006376373066,113250
2011-06-07,90.07835388183594,90.8883600293159,90.06307338698902,90.5674113372834,203700
2011-06-08,89.71157836914062,90.23120272924227,89.60459739765137,89.94082080946372,87600
2011-06-09,90.3993148803711,90.76610510687728,89.75742323894697,90.0019519999596,43350
2011-06-10,89.13082885742188,90.06309669501917,88.94743372167322,90.04781036619146,106750
2011-06-13,89.19194793701172,89.57402447489814,88.77930457649134,89.32949572385185,77900
2011-06-14,90.33816528320312,90.67439445649305,90.03250292839633,90.03250292839633,75400
2011-06-15,88.7640380859375,89.8338478968006,88.56535662248027,89.61988593462799,79700
2011-06-16,88.93213653564453,89.32949941628557,88.29025072387513,88.79458874311887,66050
2011-06-17,89.17665100097656,89.7879757208732,88.93212227902283,89.77269522638686,58800
2011-06-20,89.68102264404297,89.83385095650691,88.88630259317236,88.90158309240819,53700
2011-06-21,90.90365600585938,91.05649013048118,90.0478023980545,90.12422237537827,132450
2011-06-22,90.3687515258789,91.13290466213353,90.32289837328611,90.6744139463859,106050
2011-06-23,90.06310272216797,90.0936695518427,88.64177720743966,89.28366314052901,260750
2011-06-24,89.07254028320312,90.11683950001968,88.91896928123055,90.08612412795352,114500
2011-06-27,89.8250503540039,90.16290772287284,88.93432215799015,89.1339691430205,77850
2011-06-28,90.97685241699219,91.00756193072517,90.116839573513,90.20898568978663,59500
2011-06-29,91.79080963134766,91.91366528860232,91.11508887054829,91.45294632176822,125350
2011-06-30,92.66616821289062,92.78902385793087,92.00580227801743,92.0979484055668,124850
2011-07-01,94.06369018554688,94.14047569974078,92.55867184558123,92.71224287396905,139550
2011-07-05,93.91009521484375,94.14045169869625,93.67973287263354,93.98688070946126,91850
2011-07-06,94.04833984375,94.17119550055926,93.49547474220958,93.7411919141876,94850
2011-07-07,95.07725524902344,95.29225698924503,94.7393920238992,94.89296888002751,195400
2011-07-08,94.43221282958984,94.43221282958984,93.69505592727114,93.98684890979271,105600
2011-07-11,92.6815185546875,93.55688622043269,92.4818774087166,93.24974419329018,92750
2011-07-12,92.26687622070312,93.23438415727001,92.26687622070312,92.49723274249389,132400
2011-07-13,92.58935546875,93.5415084065971,92.38970851362882,92.77364181128492,129700
2011-07-14,91.99044036865234,93.20366539943838,91.77543275441683,92.85044739216058,55900
2011-07-15,92.49723052978516,92.58937665131236,91.86758001191224,92.49723052978516,40350
2011-07-18,91.71400451660156,92.15936276964378,91.03827804182616,92.09793788332095,94000
2011-07-19,93.20366668701172,93.28045805090734,92.20544339831267,92.2515135299632,233300
2011-07-20,93.20366668701172,93.51081456751857,93.03474091817358,93.49545980975456,90750
2011-07-21,94.44761657714844,94.63190296915364,93.51081814205395,93.67974977570822,234250
2011-07-22,94.52440643310547,94.60119194510935,93.98690199071925,94.44762092110159,90250
2011-07-25,93.98687744140625,94.44759625144913,93.52615863136336,93.5875835099069,183650
2011-07-26,93.58759307861328,94.06367255073613,93.43402207901654,93.92545630775582,138850
2011-07-27,91.72938537597656,93.09618761309555,91.606529710013,93.06547223201468,470300
2011-07-28,91.46829223632812,92.51259151773317,91.34543074046468,91.69864875353424,169150
2011-07-29,90.7618637084961,91.65259210951145,90.17828909234062,90.5775772959396,194600
2011-08-01,90.4393310546875,92.00577968827055,89.59467893045795,91.97506431996216,435950
2011-08-02,88.18180847167969,90.22433669308387,88.13573834463861,89.80968797464035,258400
2011-08-03,88.6271743774414,88.71932049177013,86.75358358628856,88.27395639338506,380550
2011-08-04,84.48068237304688,87.50607870969044,84.34246614806425,87.44464797450765,504200
2011-08-05,84.29643249511719,85.74002610466988,82.11569317788808,85.52501843851105,538450
2011-08-08,78.89061737060547,83.1138839129473,78.73704638513607,81.40921902579211,790300
2011-08-09,82.42280578613281,82.46888177015046,77.49310315636369,80.16528175343316,579800
2011-08-10,78.84453582763672,81.62421478557145,78.6909648644089,80.9792038516298,403100
2011-08-11,82.29994201660156,83.46709666517039,79.28990636544656,79.64312429670234,919300
2011-08-12,82.96028900146484,83.69744006416488,82.40742423985085,83.29815210208582,307200
2011-08-15,84.66497802734375,84.77247888911393,83.58996355128437,83.77424990598216,225950
2011-08-16,83.94319915771484,84.74178134048127,83.11390159964678,83.86641364864013,263800
2011-08-17,84.03533172607422,85.07963088441667,83.39032066551782,84.46533519420656,160550
2011-08-18,80.54922485351562,81.93138151607268,79.65849659373482,81.83924125358398,524000
2011-08-19,79.01351165771484,81.25568178347953,78.96743565625391,79.36672975766187,1438400
2011-08-22,79.07493591308594,80.91781178577858,78.92135901812188,80.87174164646912,246400
2011-08-23,81.80852508544922,81.83924045876664,79.09027605962042,79.4895641960301,301950
2011-08-24,82.92963409423828,82.99106485883304,81.43997027379616,81.63961732954905,151000
2011-08-25,81.68565368652344,83.83568269115146,81.1020792393351,83.48246472837187,294150
2011-08-26,82.76066589355469,83.144599215279,79.87348567384777,81.13279235879247,197500
2011-08-29,85.17179107666016,85.20250645419722,83.88177451189954,83.95856002656258,159000
2011-08-30,85.3253402709961,85.9396300472847,84.204255717371,84.84926086122762,129900
2011-08-31,85.75536346435547,86.69216188683457,85.17178306277921,85.98572584502887,214950
2011-09-01,84.92606353759766,86.61537394556387,84.879993406101,85.80143118618545,274900
2011-09-02,82.72997283935547,83.57462520330333,82.46890092217632,83.17533701868841,150350
2011-09-06,82.1617202758789,82.26922112345918,80.34955476187322,80.41098549144961,197950
2011-09-07,84.48068237304688,84.49604298602125,83.15995671676069,83.4824592889344,199700
2011-09-08,83.59000396728516,84.91073617430517,83.45178766984445,83.95857685488677,115650
2011-09-09,81.39387512207031,82.88353848482816,80.96387161874159,82.6685367331638,174200
2011-09-12,81.97747039794922,81.97747039794922,80.1345886996919,80.39566062894565,161350
2011-09-13,82.65319061279297,82.97569329684816,81.68567670226801,82.23854179399656,193500
2011-09-14,83.82034301757812,84.81856634634478,81.97746151892433,83.12926172328811,459000
2011-09-15,85.2639389038086,85.31000904185018,84.01999245145174,84.72642857376628,128700
2011-09-16,85.77067565917969,86.04710803546595,85.00280924913025,85.571034610583,79000
2011-09-19,84.97209167480469,85.30994887944438,83.83564691822964,84.3577962617876,82150
2011-09-20,84.83391571044922,86.1085713878576,84.80320033940399,85.32534993045704,154550
2011-09-21,82.26924133300781,85.12570651807928,82.26924133300781,84.92605952709089,139000
2011-09-22,79.68916320800781,80.62596102583525,78.61414922265902,80.01166564610598,420500
2011-09-23,80.05986785888672,80.55406410130769,79.11780443074554,79.22590949056988,329200
2011-09-26,82.00574493408203,82.11384996768228,79.7818623826564,80.86291860994146,193850
2011-09-27,82.94783020019531,84.38408990443634,82.51540995075811,83.73545953028055,617550
2011-09-28,81.29536437988281,83.5810236402023,81.14093025212131,83.16404442570501,197300
2011-09-29,81.88223266601562,82.97873039754168,80.43053169292276,82.66985622057078,119300
2011-09-30,79.93629455566406,81.44977677254414,79.82818952464153,80.73936470846166,183300
2011-10-03,77.48076629638672,80.36873223359117,77.48076629638672,79.3957809219181,333100
2011-10-04,79.17957305908203,79.3957831585929,75.85918684149837,76.55415208369999,285650
2011-10-05,80.75480651855469,80.94012857548947,78.76257525983931,79.44209339612152,281000
2011-10-06,82.31463623046875,82.33008317638101,80.1216412136247,80.70849555004894,583800
2011-10-07,81.68140411376953,82.74701895412483,81.21809613118405,82.74701895412483,627150
2011-10-10,84.44581604003906,84.44581604003906,83.13310912015359,83.19487919696378,168200
2011-10-11,84.41495513916016,84.7238291874306,83.85898303052986,83.98253500635101,663200
2011-10-12,85.18712615966797,86.17551827168589,84.9400281316635,85.1562381697572,509150
2011-10-13,85.06361389160156,85.27982401560705,84.09066244229287,84.7084048121251,364000
2011-10-14,86.46898651123047,86.53075662497373,85.65046917282821,86.09833637235042,423450
2011-10-17,84.84738159179688,86.17553597438916,84.66205950554395,86.08287787690415,309650
2011-10-18,86.54618072509766,87.13303494408537,84.16785818093945,84.81648838864666,259100
2011-10-19,85.46512603759766,86.85505635258112,85.24891596444083,86.36085432514494,107900
2011-10-20,85.85123443603516,86.08289149897175,84.63118490163228,85.71224137652997,68200
2011-10-21,87.50369262695312,87.58090967395472,86.66973438025651,86.87050341548712,87200
2011-10-24,88.6156234741211,88.77005754462908,87.59634329143479,87.68900137722672,138550
2011-10-25,86.90135955810547,88.16773751683577,86.66970261073345,88.16773751683577,102400
2011-10-26,87.73535919189453,88.07511541387349,86.32998757514947,87.84346424769925,1922200
2011-10-27,90.76232147216797,91.34918175522732,89.4187257239781,90.1754611891086,309200
2011-10-28,90.85498809814453,90.94764621989009,90.25268085037622,90.37623286774955,693650
2011-10-31,88.52299499511719,89.83570279468253,88.52299499511719,89.77393267647858,153450
2011-11-01,86.17550659179688,87.17934550835466,85.83575053139097,86.12917755885081,307150
2011-11-02,87.53457641601562,87.84345048045677,86.73150620498176,87.45735937272603,122650
2011-11-03,89.1561508178711,89.32603183440197,87.28747141859614,88.52296168707205,173650
2011-11-04,88.64659118652344,88.72380829121892,87.5809751113485,88.38404596101387,147450
2011-11-07,89.1561508178711,89.20247986191322,87.75077953286431,88.52296168707205,79500
2011-11-08,90.22178649902344,90.36077956314818,88.81641480233272,89.65037318708124,135700
2011-11-09,86.9631576538086,88.58473902411532,86.79327663468727,88.21408899227949,246850
2011-11-10,87.7507553100586,88.18317531183894,86.96313232234715,88.1059582959897,121800
2011-11-11,89.46502685546875,89.6503489270576,88.8163907679841,88.83183771053126,132650
2011-11-14,88.60018920898438,89.17160831244182,88.19865703344415,89.12527337163421,359550
2011-11-15,89.06350708007812,89.51137424521369,88.12144958651925,88.43031780537336,402200
2011-11-16,87.62724304199219,89.15616057553729,87.50369105598134,88.18320930519216,91900
2011-11-17,86.22185516357422,87.67355537471371,85.6504361741488,87.45734533170165,989950
2011-11-18,86.09832763671875,86.62341184360749,85.78945353420477,86.49985984608848,188150
2011-11-21,84.553955078125,84.98637524628204,83.76633178736996,84.86282915164414,236700
2011-11-22,84.10609436035156,84.7856185520119,83.68911521309182,84.32230446086771,263300
2011-11-23,82.33008575439453,83.41113635075538,82.31463880799858,83.39569529564332,249100
2011-11-25,82.08300018310547,83.07139281733939,82.08300018310547,82.1602172530391,75650
2011-11-28,84.53852844238281,84.80106762031254,83.88989218824852,84.3686473784123,155550
2011-11-29,84.78561401367188,85.32613923602942,84.47673993320339,84.75472601649672,134950
2011-11-30,88.26040649414062,88.39939949221333,86.96314047588906,87.17935049705078,424450
2011-12-01,88.19866180419922,88.67741105193748,87.88978771100088,88.13688580730289,107350
2011-12-02,88.15231323242188,89.32602745713763,88.13686629097658,89.10981740715962,127300
2011-12-05,89.10984802246094,89.78936639746436,88.58476376727701,89.57315627320347,194500
2011-12-06,89.18705749511719,89.7275827597863,88.81640739128441,89.09439349633811,67600
2011-12-07,89.48048400878906,89.82024611057767,88.30676948913924,88.87818274927906,86600
2011-12-08,87.55003356933594,89.00174017180534,87.31838239686459,88.81641216428764,93450
2011-12-09,89.03258514404297,89.21790717071158,87.87431216762236,87.93608224899123,882200
2011-12-12,87.7507553100586,88.24495128103061,86.99402030694299,88.24495128103061,127200
2011-12-13,86.9168701171875,88.61567534354803,86.48444975363074,88.19869603956734,162800
2011-12-14,85.94387817382812,86.87049442450991,85.78943820452619,86.5616203771885,945150
2011-12-15,86.26821899414062,86.96318433500382,86.14466698186087,86.88596138168687,82550
2011-12-16,86.32996368408203,87.33379690893568,86.20641171662075,86.88592986381163,1480000
2011-12-19,85.44969940185547,86.87051206017914,85.27981834677685,86.70063100510052,454150
2011-12-20,87.99787902832031,88.15231899646159,86.74694179714675,86.74694179714675,143850
2011-12-21,88.26040649414062,88.3221765778431,87.2720085682451,87.95153251050334,182650
2011-12-22,89.0943832397461,89.0943832397461,88.41486500077663,88.56929908967969,1439800
2011-12-23,89.79818725585938,89.86033275327016,89.1456773126086,89.30103512961473,256450
2011-12-27,89.89137268066406,91.66247722455657,89.61172397094222,89.62725737636292,388650
2011-12-28,88.788330078125,89.89138574539001,88.6329663687443,89.89138574539001,180300
2011-12-29,89.59619903564453,91.78678292262941,88.95922263370838,89.03690745285053,259100
2011-12-30,89.25440979003906,89.7670952172056,89.25440979003906,89.58066469155591,254300
2012-01-03,90.57495880126953,91.24300786534347,90.57495880126953,90.80800137767446,163250
2012-01-04,90.73030090332031,90.82351317048546,90.07778540057677,90.45065224878986,448450
2012-01-05,91.0255126953125,91.11873091944655,89.8603115629744,90.32639083060576,253500
2012-01-06,90.8390884399414,91.11873720511518,90.48176077922375,91.11873720511518,166900
2012-01-09,90.97891998291016,91.07213229429101,90.52837405616832,90.99445339263353,177000
2012-01-10,91.7557144165039,92.08196933649303,91.64696277650754,91.94214495270914,261200
2012-01-11,91.84891510009766,91.92659398647814,91.32069037558361,91.49158748153215,203800
2012-01-12,92.05087280273438,92.15962441462457,91.33621765987924,92.06640620735368,202250
2012-01-13,91.66250610351562,91.66250610351562,90.74588080541966,91.42946346315271,147200
2012-01-17,91.91107940673828,92.57912863418704,91.7091095195625,92.42377082960283,324250
2012-01-18,92.93643951416016,92.93643951416016,91.74016567039716,91.91106278043749,172100
2012-01-19,93.43359375,93.48019989875733,92.99858722421304,93.21609048710653,224500
2012-01-20,93.43359375,93.48019989875733,93.04519337297039,93.27823596979592,345200
2012-01-23,93.52682495117188,93.97737087340553,93.10735177459435,93.43360671420345,130950
2012-01-24,93.38700866699219,93.44915416370004,92.81217763874645,92.96753545399531,203100
2012-01-25,94.21040344238281,94.41237331702578,92.93645055897946,93.27824481967987,254050
2012-01-26,93.72879791259766,94.76970825691926,93.34039746892176,94.66095660681164,137600
2012-01-27,93.60449981689453,93.822003100591,93.21609940271654,93.24717214703318,104100
2012-01-30,93.29375457763672,93.37143345541624,92.42374166407654,92.74999650666162,329650
2012-01-31,93.24714660644531,93.93072901461672,92.90535243910041,93.83751673371783,157450
2012-02-01,94.13270568847656,94.56771216839583,93.88412971044858,93.99288133042839,99050
2012-02-02,94.31916809082031,94.5056045822866,93.96184037195779,94.33470742836957,143050
2012-02-03,95.6552505493164,95.6552505493164,95.06488027873435,95.23577740389125,223150
2012-02-06,95.515380859375,95.56198698903003,95.08037451188262,95.22019882736474,150200
2012-02-07,95.81060028076172,95.95042465080927,94.98719339410357,95.36006035640347,164250
2012-02-08,96.01258087158203,96.09025976884834,95.45328332883271,95.85722307704943,259750
2012-02-09,96.12133026123047,96.33883353908867,95.6552509620315,96.24562123516077,259000
2012-02-10,95.46881866455078,95.54649755856275,95.11149101087999,95.29792154181264,123500
2012-02-13,96.19901275634766,96.30777032586619,95.77954551993642,96.15240660263976,230400
2012-02-14,96.05918884277344,96.10579499383591,95.43774583818177,95.93489787124722,203400
2012-02-15,95.63970947265625,96.50972251057897,95.45327302751339,96.40097088083863,188100
2012-02-16,96.6806411743164,96.74278666988432,95.48436705397702,95.6397307928968,438550
2012-02-17,96.91366577148438,97.0379508129543,96.57187153603286,97.02241740521539,604200
2012-02-21,96.97579956054688,97.37973925596559,96.68061741890952,97.17776940825622,758200
2012-02-22,96.64955139160156,97.00687903835544,96.50972701447878,96.78937576872435,190900
2012-02-23,97.11563110351562,97.16224318044284,96.29222417154361,96.61847907743596,328050
2012-02-24,97.25545501708984,97.48849762105479,97.10009723212629,97.31760050168312,162950
2012-02-27,97.42633819580078,97.72152624212076,96.49417976636205,96.66507686128018,267800
2012-02-28,97.7681655883789,97.79923833678188,97.31761962631688,97.51958952767586,141900
2012-02-29,97.23992156982422,98.18761946666915,97.19331541965795,97.90797071263229,229600
2012-03-01,97.87689971923828,98.04779684159439,97.25545671549237,97.59725096020459,193450
2012-03-02,97.61278533935547,97.92350089893455,97.37974274315175,97.84582200903978,142800
2012-03-05,97.19332885742188,97.47297765012243,96.83600116153126,97.42636556699206,667900
2012-03-06,95.67078399658203,96.21454215541804,95.46881414050603,96.16793600652336,411100
2012-03-07,96.43203735351562,96.57186171502438,95.90381264631797,95.99703086283013,170350
2012-03-08,97.36421966552734,97.56618955419087,96.8204614189568,97.03796471758501,253600
2012-03-09,97.7370834350586,97.985659471842,97.47297398882881,97.58172563451404,152950
2012-03-12,97.78367614746094,97.89242777819592,97.42634851411464,97.76814274014997,174700
2012-03-13,99.53926849365234,99.57033531482668,98.15656381708968,98.32746096615169,192100
2012-03-14,99.46156311035156,99.78782985699566,99.15084755064335,99.58585407545037,709950
2012-03-15,99.97425079345703,100.05193560706094,99.33727443693168,99.60138976484274,501650
2012-03-16,100.11408996582031,100.28498708847398,99.97425965954031,100.22284160268725,272250
2012-03-19,100.53355407714844,100.85980897768435,100.02086272500384,100.11408687732772,143500
2012-03-20,100.25389862060547,100.3626502468434,99.71014048941579,99.98978922160452,1310800
2012-03-21,100.09854125976562,100.39372932635689,99.89657733964641,100.28497769967142,162100
2012-03-22,99.32176971435547,99.61695786765489,99.07319364798384,99.35284246346703,633200
2012-03-23,99.71013641357422,99.77228189074675,98.90226298988782,99.47709383743661,111950
2012-03-26,101.06001281738281,101.06001281738281,100.38898386557506,100.40458060670578,203000
2012-03-27,100.77910614013672,101.262866994502,100.73229210983143,101.2004443187923,573550
2012-03-28,100.29532623291016,100.87272701264898,99.7179373590785,100.7478816701259,201350
2012-03-29,100.12369537353516,100.23293208988153,99.2966097245424,99.70234524912117,2612050
2012-03-30,100.451416015625,100.68548621374002,100.06128314421946,100.591858134494,270750
2012-04-02,101.26287841796875,101.52816589023111,100.2485306585963,100.4514073540164,374700
2012-04-03,100.87274932861328,101.29409947636667,100.264143031556,101.07561412566244,333850
2012-04-04,99.81159210205078,100.1705195813029,99.51509326370682,100.07687959641824,383000
2012-04-05,99.78041076660156,100.09251834727637,99.40588643215737,99.49951453928993,722350
2012-04-09,98.67240142822266,99.0781429329524,98.42271663798704,98.54756200958232,474850
2012-04-10,96.95580291748047,98.75041018488807,96.9245915798359,98.48512274434023,392650
2012-04-11,97.7516860961914,98.17303028920402,97.6424493742572,98.04819087254559,172850
2012-04-12,99.09374237060547,99.14055640693739,97.84531846046438,97.86092115492343,105550
2012-04-13,97.90772247314453,98.85964143043914,97.81408846538197,98.85964143043914,2416850
2012-04-16,97.79850006103516,98.54756037225165,97.4863985431423,98.43832365039817,826850
2012-04-17,99.29659271240234,99.49945746345833,98.37587915168653,98.4383018226054,497450
2012-04-18,98.95330047607422,99.28101065673228,98.78164106155185,98.87527509300637,420750
2012-04-19,98.31346130371094,99.32780892056569,97.87651449175078,98.98449016662337,831200
2012-04-20,98.46952819824219,99.07814044002338,98.4383228090835,98.7660329718431,112100
2012-04-23,97.6268081665039,97.73604484534509,97.06501613077641,97.48636015757204,324950
2012-04-24,97.98574829101562,98.25103571814304,97.6892435748689,97.72045491093454,469300
2012-04-25,99.35901641845703,99.39022775611161,98.90646690485057,98.96888362720576,171750
2012-04-26,100.045654296875,100.17049964793746,99.09372933036266,99.18736334365951,157100
2012-04-27,100.24850463867188,100.51380394798404,99.82716652184523,100.38895861488494,185050
2012-04-30,99.81159210205078,100.07687959641824,99.59311864717047,100.04567420539692,247600
2012-05-01,100.46700286865234,101.12243507658738,99.71795449659687,99.84279390762126,527450
2012-05-02,100.15489959716797,100.2797449589438,99.57750468134107,99.92081752031557,154250
2012-05-03,99.42147827148438,100.26416686136332,99.24981882321758,100.23296146436601,177000
2012-05-04,97.79850006103516,98.96889861199799,97.76729467160978,98.90648188019233,365200
2012-05-07,97.87654876708984,98.20425899082063,97.42399315167727,97.45520449959771,990350
2012-05-08,97.45516967773438,97.62682905348298,96.34719401075279,97.299112993893,403050
2012-05-09,96.90901184082031,97.51762417699688,96.00390659096661,96.44085354241628,373700
2012-05-10,97.08068084716797,97.67368459187443,96.9402327484995,97.64247324184184,130100
2012-05-11,96.76856231689453,97.68927620301073,96.47206345467107,96.51887749792856,365300
2012-05-14,95.73860931396484,96.39403566805039,95.61376988406386,95.86345469682132,953250
2012-05-15,95.20805358886719,96.22240175820458,95.0520027718724,95.64500659177536,1532500
2012-05-16,94.80229187011719,95.98829323141413,94.80229187011719,95.59816034305975,331350
2012-05-17,93.36660766601562,94.94274194888268,93.36660766601562,94.86471656015858,288750
2012-05-18,92.63312530517578,93.94397164262463,92.50827996210751,93.75670958097582,760350
2012-05-21,94.19367980957031,94.24049384839064,92.77359642012128,92.88283314600542,271550
2012-05-22,94.39655303955078,95.09878745207686,93.77233805846622,94.47457842394755,654450
2012-05-23,94.39655303955078,94.52139246399454,92.78920154679237,93.70991536976672,176000
2012-05-24,94.56819915771484,94.80228124567621,93.81914481037519,94.70864721990071,112050
2012-05-25,94.34971618652344,94.80227166929161,94.11564007516189,94.58379825083917,336400
2012-05-29,95.42647552490234,95.61373758296901,94.77104939223877,95.09875948209381,306600
2012-05-30,94.05323791503906,94.6774469677933,93.86597579450834,94.64624157516775,809500
2012-05-31,93.81917572021484,94.52141626250562,93.05451842646458,94.05325788529736,424150
2012-06-01,91.52516174316406,92.66434886059551,91.4783417568625,92.33663276830215,641850
2012-06-04,91.49393463134766,91.88406738320046,90.77608584369393,91.6343826601328,213600
2012-06-05,92.02454376220703,92.2430172180777,91.21306667400509,91.25988071370446,252350
2012-06-06,94.22489166259766,94.24049435797043,92.74238557806855,92.789199617142,254650
2012-06-07,94.20925903320312,95.31724061719643,94.08441964313353,95.28602928144063,201000
2012-06-08,94.98954772949219,95.03636772101879,93.70991241625953,94.10004527890253,219550
2012-06-11,93.83474731445312,95.84782813671431,93.72551060134417,95.81662274978696,304600
2012-06-12,94.92713928222656,94.92713928222656,93.63189520776712,94.08445079664732,168300
2012-06-13,94.30290985107422,95.14559820783914,93.95959104951339,94.59940866417833,144900
2012-06-14,95.34849548339844,95.66060304997859,94.28733332879995,94.47460144052205,2181350
2012-06-15,96.19114685058594,96.3159922100197,95.52011792601547,95.67617462530767,229250
2012-06-18,96.39398956298828,96.67488558710784,95.64493548298701,95.87901153445154,482500
2012-06-19,97.37714385986328,97.76727663822338,96.86216573501014,96.90897976346814,175200
2012-06-20,97.22109985351562,97.67365536413148,96.51885957031078,97.40836194471873,235700
2012-06-21,95.08316040039062,97.39274571406422,94.9739236996256,97.3615343777094,155400
2012-06-22,95.76982879638672,95.941488235921,95.19243373400812,95.56696396144257,285800
2012-06-25,94.24815368652344,94.79720010752342,93.90303537380505,94.78150964740504,283200
2012-06-26,94.70307159423828,94.98544002375043,93.9814660451103,94.4991434939349,352750
2012-06-27,95.5501937866211,95.7384374448792,94.98545682768881,95.03252223037184,301100
2012-06-28,95.33058166503906,95.40901602929586,94.23248261296864,94.93840385959665,171750
2012-06-29,97.6993179321289,97.7463833307621,96.77377821444269,97.04046219283913,305000
2012-07-02,97.96601104736328,98.0601298850927,97.29146478423145,97.96601104736328,258700
2012-07-03,98.60916900634766,98.67191887910211,97.8561884857659,97.96599777100758,161050
2012-07-05,98.18562316894531,98.59348540189599,97.8248203517542,98.31111693902335,308900
2012-07-06,97.27578735351562,97.41697161318176,96.75811572417905,97.24441839284212,478350
2012-07-09,97.15027618408203,97.27576995680938,96.67966406407838,97.2130260625246,177800
2012-07-10,96.2561264038086,97.73071287271163,95.9423829467215,97.62090356035496,322300
2012-07-11,96.27179718017578,96.55416565294512,95.73843517429567,96.30317211983436,199700
2012-07-12,95.76981353759766,96.22474120267331,95.15801715277912,95.7227541185064,432700
2012-07-13,97.40129089355469,97.49541573168592,96.0678885995704,96.0678885995704,480650
2012-07-16,97.181640625,97.46400906333015,96.83652231500601,97.181640625,164400
2012-07-17,97.87187194824219,98.04443110445118,96.5698450149368,97.57381903198124,293450
2012-07-18,98.57779693603516,98.76604057561431,97.57382287940314,97.636572753982,242900
2012-07-19,98.82877349853516,99.14251683345702,98.48365523170547,98.81308902465945,516500
2012-07-20,97.9189453125,98.42093837670728,97.84051095327193,98.27975413643355,606900
2012-07-23,96.94634246826172,97.21302646065591,96.06786810309922,96.49141482392668,451450
2012-07-24,96.17765808105469,97.02475733672395,95.47173704786648,97.02475733672395,533700
2012-07-25,96.11493682861328,96.55417405373392,95.62863419783088,96.33455544117359,509100
2012-07-26,97.68365478515625,97.90327341287453,97.07185832675282,97.55815500694078,412450
2012-07-27,99.56607818603516,99.80138121978342,98.07580170233518,98.24836085091138,901950
2012-07-30,99.51902770996094,99.97395535455469,99.22097476220527,99.42490887601589,348300
2012-07-31,98.87586212158203,99.66021769858118,98.87586212158203,99.39353967479738,681600
2012-08-01,98.76605987548828,99.55041550852263,98.60919114254484,99.51904056510223,526450
2012-08-02,98.07581329345703,98.71898456970008,97.3228327249889,98.04443835508448,478100
2012-08-03,99.98961639404297,100.19354446368928,99.40918916277137,99.48762349603196,239850
2012-08-06,100.2563247680664,100.60143713604192,100.17789041098823,100.30338418548173,547200
2012-08-07,100.71125793457031,101.1348166763125,100.60144862528847,100.63282955269305,380200
2012-08-08,100.82103729248047,100.94653702818182,100.366115710955,100.366115710955,322000
2012-08-09,100.93087768554688,101.11912734713518,100.60144975400526,100.72694952839745,360650
2012-08-10,101.08773040771484,101.13478981800708,100.35043439763267,100.554362498337,336450
2012-08-13,101.00929260253906,101.07204247393477,100.50730559968751,100.91517377960258,329900
2012-08-14,101.05638122558594,101.4485590589373,100.7583342106949,101.40149963386597,456950
2012-08-15,101.16618347167969,101.32305220039625,100.93087439444645,100.99362427959643,213000
2012-08-16,101.85643005371094,102.04467972729843,101.07207436623997,101.29169300126641,632400
2012-08-17,102.09171295166016,102.13877236589968,101.80934449790807,102.07602249080867,355350
2012-08-20,102.06034851074219,102.07603897412739,101.63680174587687,101.95053920367957,288100
2012-08-21,101.74658966064453,102.70350426456264,101.5426615527805,102.31132654060652,304100
2012-08-22,101.76229858398438,101.91916730836546,101.26031148497502,101.47993009277182,350050
2012-08-23,100.96221160888672,101.57400776382164,100.78965249151413,101.57400776382164,159950
2012-08-24,101.58973693847656,101.79366507840582,100.6641911408858,100.75832194788995,410950
2012-08-27,101.58973693847656,101.9662242615445,101.46423717468186,101.85641496030317,221650
2012-08-28,101.49559783935547,101.80934722320914,101.181860423817,101.35441959285772,193400
2012-08-29,101.58973693847656,101.84072449774979,101.29167799154317,101.57404647592317,176900
2012-08-30,100.82103729248047,101.13478663173385,100.63279965724197,101.11909617269279,148950
2012-08-31,101.35440063476562,101.7779472633507,100.77397335944022,101.41715049979915,805400
2012-09-04,101.08773040771484,101.5112770686589,100.58574341740777,101.29165850841918,347800
2012-09-05,101.08773040771484,101.54265798772967,100.96223066805959,101.30734896795457,417050
2012-09-06,103.18980407714844,103.18980407714844,101.76228334030736,101.76228334030736,261200
2012-09-07,103.6133804321289,103.6133804321289,103.28394054519701,103.37807135645616,513200
2012-09-10,103.00157928466797,103.69180404839915,102.97019835958426,103.51924486538731,187450
2012-09-11,103.28392028808594,103.62903860227554,103.04862322687885,103.11137309930554,348400
2012-09-12,103.6133804321289,103.7545586965425,103.33101193498496,103.69180881180866,290700
2012-09-13,105.260498046875,105.55855694504707,103.50354951444407,103.66041820936623,335050
2012-09-14,105.69972229003906,106.3428994195938,105.38598493845461,105.44873480243406,855800
2012-09-17,105.38602447509766,105.65270252082271,105.08796550145361,105.49583378617959,338400
2012-09-18,105.27620697021484,105.38601627275014,105.00952894524573,105.21345708757805,216950
2012-09-19,105.35462188720703,105.65266879739978,105.13499136683008,105.40168129574728,397500
2012-09-20,105.33895874023438,105.38601816097606,104.55460314569551,104.85265013316501,448550
2012-09-21,105.27620697021484,105.85663440836792,105.26051650747657,105.85663440836792,1295000
2012-09-24,105.1390151977539,105.35976201671848,104.69752155982479,104.77635283528392,489850
2012-09-25,104.06684875488281,105.54901681395926,104.00377649387917,105.37557110365015,287900
2012-09-26,103.40458679199219,104.00375510359126,103.1680688693237,103.98798403413302,175550
2012-09-27,104.4137191772461,104.6502371009936,103.60956304842507,103.87761108143164,586850
2012-09-28,103.94066619873047,104.33485866340689,103.59377490504731,104.01950950358548,263900
2012-10-01,104.12989807128906,105.12325889615515,103.95645239919801,104.30334374338013,493550
2012-10-02,104.27178955078125,104.76059640189439,103.83029590187881,104.61868085486164,272950
2012-10-03,104.69754791259766,104.96559597026628,104.05106633019427,104.58717447533397,149150
2012-10-04,105.50169372558594,105.58052501312388,104.99711574229717,105.12326023811937,226600
2012-10-05,105.47013092041016,106.2112146509025,105.17054080898588,106.02199794424523,251250
2012-10-08,105.1548080444336,105.28094051725262,104.93406117974793,105.10750686340123,139750
2012-10-09,104.12989807128906,105.09172878750273,104.05105475495637,105.04442760962354,360050
2012-10-10,103.42035675048828,104.1299105934065,103.29422427090947,104.03530822627175,291950
2012-10-11,103.48341369628906,104.28756978737864,103.48341369628906,104.12989518887892,436200
2012-10-12,103.1207504272461,103.87759321732024,102.91576264800993,103.51494288910116,503150
2012-10-15,103.98796081542969,104.0825751812521,103.05767243173246,103.37302157167763,361350
2012-10-16,105.04444885253906,105.12328015501255,104.42950935614961,104.46103947117831,839250
2012-10-17,105.53321075439453,105.61205406196153,105.01287379597176,105.1232472086857,163500
2012-10-18,105.26515197753906,105.75394675096415,104.90248964158596,105.24938091168062,211900
2012-10-19,103.46763610839844,105.04440587032576,103.26264834027678,105.04440587032576,353600
2012-10-22,103.53073120117188,103.67263473677312,102.69503293780437,103.34151445723562,503500
2012-10-23,102.01701354980469,102.52157946545583,101.6701342570073,102.42697711558384,519000
2012-10-24,101.79627990722656,102.56890596398773,101.63860529373719,102.41121932069646,365650
2012-10-25,102.0801010131836,102.67928139784516,101.48093265832415,102.55313689267408,485500
2012-10-26,102.00126647949219,102.36391688308593,101.3390138632831,101.96972433930037,307100
2012-10-31,101.90666198730469,102.50584241113259,101.5440115484853,102.44277015442424,586700
2012-11-01,103.10494995117188,103.19955226549733,102.19042081337304,102.2692640951748,317650
2012-11-02,102.17471313476562,103.73571225468679,102.0958698133365,103.73571225468679,902700
2012-11-05,102.41118621826172,102.60040291116948,101.74894583778159,102.01699379705241,371250
2012-11-06,103.16807556152344,103.56226811494057,102.6004373222186,102.67928064482284,275100
2012-11-07,100.91328430175781,102.26930752194676,100.3771822383087,102.26930752194676,1039850
2012-11-08,99.57302856445312,101.33900327705953,99.57302856445312,100.83444336981502,819250
2012-11-09,99.6834487915039,100.64527991188757,99.27348502794541,99.33655730155489,1032750
2012-11-12,99.8253173828125,100.17220271532798,99.6045645158837,100.03029316546692,179700
2012-11-13,99.46263122558594,100.48752787695076,99.14727609635877,99.27341453911036,438750
2012-11-14,98.24855041503906,99.8883868031056,97.8858940015772,99.77801337356941,340050
2012-11-15,97.87008666992188,98.50079690350246,97.57050261716532,98.15390567354329,615400
2012-11-16,98.37467193603516,98.61118982419994,97.27093181609906,98.10662394335483,403450
2012-11-19,100.377197265625,100.40873339347858,99.49420373042884,99.54151092965989,334250
2012-11-20,100.4875259399414,100.61367039516023,99.66760502571516,100.26677915820717,368750
2012-11-21,100.70830535888672,100.73984148291154,100.36142002441491,100.55063075366323,143850
2012-11-23,101.98548889160156,102.04856113815258,101.0867304304013,101.16557374604032,182700
2012-11-26,101.85932922363281,101.85932922363281,101.19708877820833,101.54398006765902,396800
2012-11-27,101.37054443359375,102.04855601271247,101.22862887853151,101.71743575730106,294950
2012-11-28,102.12739562988281,102.15893776904896,100.34564972063933,100.89752287293389,253350
2012-11-29,102.58465576171875,102.90001699008572,102.0800898261324,102.5373545849139,293200
2012-11-30,102.49003601074219,102.78962611938611,102.26928920325679,102.61618048067635,387400
2012-12-03,102.12739562988281,103.13653957657623,102.01702220240404,103.07346732804531,406950
2012-12-04,101.93817138671875,102.39543607862288,101.67012340416088,102.12737606626594,243700
2012-12-05,102.15896606445312,102.5846888226994,101.35480971020495,102.064363680355,256950
2012-12-06,102.47428894042969,102.53736119016607,101.9381928623728,102.06433736184557,119900
2012-12-07,102.78963470458984,103.01038153051246,102.28506881250959,102.91576715526007,295350
2012-12-10,102.85272216796875,103.08922806660533,102.63196327957202,102.67927648910089,231750
2012-12-11,103.51496124267578,104.01952720211966,103.24691320824027,103.29421438728167,586950
2012-12-12,103.5937728881836,104.35062769873888,103.49917054803885,103.98796534518551,353600
2012-12-13,102.96310424804688,103.83032068544664,102.7108152285689,103.57804369577123,354800
2012-12-14,102.63194274902344,102.93153286710167,102.42696700127468,102.74232818604102,316050
2012-12-17,103.86181640625,103.86181640625,102.83691377486032,102.83691377486032,457200
2012-12-18,104.91828155517578,105.06018508670309,103.83030636092948,103.9722219222577,802550
2012-12-19,104.14567565917969,105.10750643559605,104.14567565917969,105.10750643559605,1522250
2012-12-20,104.79212188720703,104.80789295391536,103.9722068653622,104.24025485040771,1862200
2012-12-21,103.81452178955078,104.01950957038574,103.24689570746757,103.35726911645588,747750
2012-12-24,103.51282501220703,103.65574884056227,103.40165799583204,103.65574884056227,257950
2012-12-26,103.02049255371094,103.76689257257405,102.79815857085072,103.70337896286543,389650
2012-12-27,102.92520141601562,103.29047132390828,101.76589019675721,103.08402179458254,716400
2012-12-28,101.78174591064453,102.8299020797095,101.7499891098964,102.32170845369697,543150
2012-12-31,103.5286636352539,103.65570294321971,101.48000485520802,101.57528736525504,1265050
2013-01-02,106.08554077148438,106.16493884296946,105.25971843724349,105.56146261125,2166600
2013-01-03,105.99020385742188,106.38723040540653,105.64081855658918,106.11725526068625,1146100
2013-01-04,106.43490600585938,106.57784190973847,105.89495554214253,106.10140505186499,574300
2013-01-07,106.14901733398438,106.22842749404724,105.72023397199717,106.03785037966998,598200
2013-01-08,105.83145904541016,106.0855620041247,105.41854779564703,105.95851052476743,476100
2013-01-09,106.14901733398438,106.38723569788363,105.94256788062599,106.06961929021084,1214600
2013-01-10,106.92719268798828,106.97483393508539,106.14901193110673,106.7366155833112,508050
2013-01-11,106.97486114501953,106.97486114501953,106.60959129721792,106.95897668651726,562500
2013-01-14,106.87956237792969,106.94307596969942,106.48253578977437,106.84779346575492,475600
2013-01-15,106.92719268798828,107.0383596366444,106.30783224314864,106.37135794470767,532350
2013-01-16,106.92719268798828,107.0860008837415,106.60956418019316,106.70485879067603,399400
2013-01-17,107.59419250488281,107.91180889085418,107.19716596427439,107.40361540352693,605700
2013-01-18,107.8959732055664,107.95949892759826,107.21308683908968,107.61011351456933,2081350
2013-01-22,108.4200439453125,108.4200439453125,107.61011821568181,107.88009345889203,1458050
2013-01-23,108.578857421875,108.7058967471304,108.26122881800566,108.46769043959382,812900
2013-01-24,108.64241027832031,109.15060405515072,108.35655052158474,108.43594860516411,1635550
2013-01-25,109.2458267211914,109.2458267211914,108.70586431386184,109.02349282296414,613600
2013-01-28,109.11881256103516,109.29350527159384,108.7535547962618,109.29350527159384,1188650
2013-01-29,109.5634765625,109.6905280049283,108.8647178617292,108.92823146665091,680750
2013-01-30,109.13468933105469,109.73816548736667,109.03940681066122,109.5634727891173,754750
2013-01-31,108.8805923461914,109.34114474683246,108.78530982064245,109.0235282508075,443950
2013-02-01,109.92874145507812,110.10343415143741,109.38877890734256,109.56347160370183,2253350
2013-02-04,108.72180938720703,109.48410611778922,108.67416811335104,109.32528571654196,541400
2013-02-05,109.8334732055664,110.15108972223511,109.29351058767749,109.35703631426992,416600
2013-02-06,109.92874145507812,109.99226717341713,109.40466336600026,109.46818908433927,415650
2013-02-07,109.78581237792969,110.0240308074224,108.99175902381575,109.96050508513818,480050
2013-02-08,110.38927459716797,110.43691584855064,109.99224801392596,109.99224801392596,441050
2013-02-11,110.3416976928711,110.45286471635565,110.11935152960514,110.37345450688233,288100
2013-02-12,110.51632690429688,110.7545453055407,110.26223616158366,110.38928759108586,409550
2013-02-13,110.61163330078125,110.96101871093227,110.3416580715891,110.78632600585675,1064700
2013-02-14,110.77045440673828,110.88162140321157,110.18285050178297,110.32578642084513,272850
2013-02-15,110.6275405883789,110.94515714517001,110.19874490878644,110.86574694782475,331350
2013-02-19,111.38981628417969,111.45334201372863,110.78634002790575,110.80221237307248,363800
2013-02-20,110.00814819335938,111.38980541456274,110.00814819335938,111.35804861103416,1033200
2013-02-21,109.48405456542969,109.75402973435503,109.03938673042566,109.73814527845066,1410350
2013-02-22,110.43693542480469,110.43693542480469,109.64288211756534,109.92874179282317,1352350
2013-02-25,108.35652923583984,111.15158840119318,108.35652923583984,111.02454906916293,1063400
2013-02-26,109.08702087402344,109.21406016411147,108.1659163522234,108.86468697100811,1571400
2013-02-27,110.45281982421875,110.77043630042722,108.91235447039463,108.99175253130079,783400
2013-02-28,110.32582092285156,111.1516314240083,110.07171792785091,110.45287242035188,2426700
2013-03-01,110.61163330078125,110.77044154640649,109.3729120220949,109.83346441581283,1540500
2013-03-04,111.23098754882812,111.23098754882812,110.19871583713935,110.37340853217707,536550
2013-03-05,112.18384552001953,112.50146198292914,111.75506208346243,111.77093442520392,532500
2013-03-06,112.39029693603516,112.64439980375215,112.13620618460976,112.62851534544694,1884400
2013-03-07,112.5967025756836,112.70786949597814,112.40612551962768,112.54906134074102,454300
2013-03-08,113.04143524169922,113.18435902869047,112.50147266393859,113.04143524169922,714350
2013-03-11,113.45436096191406,113.48611776878629,112.81911577782266,112.97792404477198,360050
2013-03-12,113.20026397705078,113.51789264389738,112.86676296408292,113.40672563957476,489850
2013-03-13,113.35904693603516,113.53373963471327,112.91437901805163,113.27964887427642,456800
2013-03-14,113.9625244140625,114.04192246829959,113.62902350716853,113.69253710404185,670500
2013-03-15,113.80377960205078,114.01022919765236,113.47026639302858,113.86729323431462,767850
2013-03-18,113.18435668945312,113.69255033762869,112.64440623914446,112.75557322104873,819550
2013-03-19,112.91434478759766,113.56547412460385,112.19970186695569,113.43842272475555,603900
2013-03-20,113.69254302978516,113.88312017921083,113.42256782198409,113.56550371312623,1279950
2013-03-21,112.77144622802734,113.4225635941176,112.5649846281059,113.00966462685687,312100
2013-03-22,113.59323120117188,113.6091787821077,113.03474935154425,113.11453595112702,437050
2013-03-25,113.27411651611328,114.16768032541981,112.74756625870621,113.97619975762669,615400
2013-03-26,114.11973571777344,114.13569546605099,113.5612662652697,113.70487965232553,1374550
2013-03-27,114.05595397949219,114.13572839645434,113.2102575088767,113.44960510721222,392950
2013-03-28,114.31124114990234,114.58249606127741,113.89637282009572,114.05594599029159,366400
2013-04-01,113.99211120605469,115.04522344829587,113.72084413987669,114.40696733320156,618150
2013-04-02,114.55057525634766,114.82183013581374,114.24740087710776,114.39101427864539,799350
2013-04-03,113.40172576904297,114.72610511950357,113.11451111681926,114.66227828859573,771900
2013-04-04,113.84851837158203,114.07190622617577,113.3219560684432,113.52939634322671,975050
2013-04-05,113.40172576904297,113.49745992854312,112.33265374221375,112.49221473262176,642150
2013-04-08,114.10385131835938,114.11979890174548,113.05072647594316,113.44963518769576,315950
2013-04-09,114.51868438720703,114.93355277193132,113.99213424651981,114.3431757894615,369050
2013-04-10,115.92283630371094,116.03453021966395,114.80588497045702,114.83780447428576,1110200
2013-04-11,116.30579376220703,116.65683528802388,115.82709855905229,115.93880465701648,450400
2013-04-12,116.05046081542969,116.19406202540974,115.38028531436058,115.9387669275383,1241200
2013-04-15,113.40172576904297,115.50796249410908,113.32193918697735,115.42817591204346,671850
2013-04-16,114.99734497070312,115.02925229511968,113.89635358564668,114.21548769842039,673400
2013-04-17,113.30599975585938,114.19955110536613,112.71561065780722,114.19955110536613,767850
2013-04-18,112.38056945800781,113.51346880604086,112.15718154001416,113.51346880604086,3966900
2013-04-19,113.57723236083984,113.62509943462652,112.58793486560246,112.82728240825752,731400
2013-04-22,114.0878677368164,114.3272153486317,113.0507028681003,113.80065303738311,527900
2013-04-23,115.30052947998047,115.36435630815149,114.08784409217651,114.64631362151954,875050
2013-04-24,115.33240509033203,115.65153914342399,115.0930575939429,115.30049777188252,1775750
2013-04-25,115.843017578125,116.35361993420811,115.50793592323176,115.66749687693515,300450
2013-04-26,115.58773803710938,115.85899291226944,115.2366965875036,115.65156486192151,259750
2013-04-29,116.33769989013672,116.62490237053302,115.74731083063435,115.92283157335875,519050
2013-04-30,116.70467376708984,116.70467376708984,115.89089699068862,116.36959207650622,486350
2013-05-01,115.65158081054688,116.44939797013647,115.5079673914844,116.4174784664676,462400
2013-05-02,116.68870544433594,116.80039933299057,115.84302140541934,115.97067504208772,404700
2013-05-03,117.78975677490234,118.26845206946165,117.67806282933545,117.74188968019182,475850
2013-05-06,118.15666198730469,118.38004969668205,117.93327427792731,117.99708890313472,699750
2013-05-07,118.76306915283203,118.84285574250578,118.12481295661526,118.45989472054107,391950
2013-05-08,119.38534545898438,119.38534545898438,118.6194357179696,118.69922229418529,294900
2013-05-09,119.0343017578125,119.60873100931511,118.73113955609655,119.30555663387703,397550
2013-05-10,119.44917297363281,119.4651327237124,118.77900955495899,119.14599859073267,671150
2013-05-13,119.4332046508789,119.67255219000322,118.9704693215643,119.25768393376917,1208650
2013-05-14,120.69377899169922,120.805472907151,119.59278741530034,119.62470691898585,363000
2013-05-15,121.37991333007812,121.61926093470024,120.502309504372,120.55018876427631,707050
2013-05-16,120.8214111328125,121.53944157939964,120.64589041498513,121.15649281946793,676650
2013-05-17,121.97028350830078,122.05005791495967,121.12459932063419,121.28416030767492,660750
2013-05-20,121.97028350830078,122.46492622024397,121.76284326879714,121.87453717709796,665450
2013-05-21,122.1298599243164,122.60854294591186,121.68308423467084,122.1139001714792,481200
2013-05-22,121.31607818603516,123.5499687200482,120.70974151306015,122.32133562188925,978050
2013-05-23,120.8852767944336,121.20439883462078,119.7842850604545,119.94384608054807,1134700
2013-05-24,120.72572326660156,120.78953793961894,119.83215958591683,120.15129381963503,684800
2013-05-28,121.58736419677734,122.60856947225466,121.17250792305211,122.17775344223932,566800
2013-05-29,120.66187286376953,121.14055586030707,120.08744352894539,120.86930094489675,881200
2013-05-30,121.18842315673828,121.7309451622415,120.75760724172082,120.80547432408677,444800
2013-05-31,119.41722869873047,121.49155752472231,119.27362749897344,120.85330156490022,814800
2013-06-03,120.0395278930664,120.15122176445294,118.84280262518827,119.7203938507342,1002250
2013-06-04,119.672607421875,120.64594560280443,118.90669737793506,120.13534296475352,1190650
2013-06-05,117.83760833740234,119.3853757889084,117.74187416060005,119.17794768126163,1122300
2013-06-06,118.76306915283203,118.85880332146101,117.08764815947855,117.80569094536907,1172500
2013-06-07,120.42253875732422,120.51827293260231,119.20985311765901,119.736415429139,1464650
2013-06-10,120.3746566772461,120.83739208966611,120.10338959153525,120.83739208966611,1841250
2013-06-11,119.14599609375,120.21506802595178,118.8587814669487,119.28960949401173,1502800
2013-06-12,118.2206039428711,120.08750634445293,118.07700262091186,120.00771971643319,1058300
2013-06-13,119.9278564453125,120.15124422985373,117.8535273903197,118.09287492339136,1280150
2013-06-14,119.19385528564453,120.29484664451572,119.00238699625571,119.81615157360093,1172650
2013-06-17,120.15129852294922,120.69380848091731,119.49708244851234,120.05555216222265,1048100
2013-06-18,121.07666778564453,121.26814819164339,120.23098396315552,120.23098396315552,1033300
2013-06-19,119.46521759033203,121.22041396056201,119.40139071839425,121.01297358333149,990950
2013-06-20,116.43347930908203,118.42802291195454,116.13030478585243,118.25250210100351,1686200
2013-06-21,116.8003921508789,117.3588737335316,115.66749358598132,117.24717985174507,1565400
2013-06-24,115.32342529296875,116.36583272927373,114.3932654483425,115.62812354624711,1863750
2013-06-25,116.47808074951172,116.87901041065125,115.64415243791848,116.41393053548111,1520750
2013-06-26,117.56861877441406,117.8733292551646,116.97525066188284,117.42428995852372,1710800
2013-06-27,118.35443115234375,118.86762058708241,118.24217134585095,118.33839054130155,756150
2013-06-28,117.61673736572266,118.56293787199485,117.44033954462525,118.00163870831005,1026450
2013-07-01,118.49874877929688,119.31664856975952,118.30629817112916,118.46667979563564,1394400
2013-07-02,118.32237243652344,119.20442268060089,117.87333312513987,118.32237243652344,1208750
2013-07-03,118.43464660644531,118.8035073628375,117.68089671303022,117.92145701194643,513250
2013-07-05,119.74966430664062,119.79777390672768,118.49876576276954,119.38081588237189,626450
2013-07-08,120.37515258789062,120.74401336709589,120.15063289112422,120.37515258789062,836550
2013-07-09,121.28926086425781,121.44964254901025,120.66381144701838,121.16097264602246,792000
2013-07-10,121.32128143310547,121.73825158124268,120.9363925000396,121.22505002329007,771550
2013-07-11,123.03730773925781,123.11748633765447,122.34770816894901,122.74863786714242,1298350
2013-07-12,123.06938171386719,123.30994198960273,122.78071183006531,123.0052314913108,971450
2013-07-15,123.51842498779297,123.66276605201341,123.18164548515097,123.35805554397358,643900
2013-07-16,123.05331420898438,123.64668216700818,122.7165225887979,123.58253196484885,698900
2013-07-17,123.35800170898438,123.71082167265452,123.21367294315509,123.51837108281654,702400
2013-07-18,124.06369018554688,124.3363194512881,123.59861025465692,123.63067924781318,432700
2013-07-19,124.28820037841797,124.28820037841797,123.63066983245493,123.80707986988878,367600
2013-07-22,124.51271057128906,124.68912059533648,124.15989052319422,124.4485603593262,420100
2013-07-23,124.25614929199219,124.78536724514689,124.17595845054821,124.75329824981203,1034850
2013-07-24,123.79105377197266,124.76932318470246,123.5504935132779,124.75328257134866,790000
2013-07-25,124.01555633544922,124.17592574068883,123.37406647908949,123.53443588432908,314200
2013-07-26,124.1759262084961,124.25611702911867,123.0533281321884,123.55047696092447,876850
2013-07-29,123.80706787109375,124.1759285232716,123.4702884419235,123.90329930471496,927100
2013-07-30,123.82315063476562,124.3523808759385,123.56656194036425,124.25616164496371,446950
2013-07-31,123.85517883300781,124.75325723195753,123.75894740783426,124.0957268074404,623550
2013-08-01,125.36270904541016,125.45894050375983,124.80140985255676,124.83347884840349,491850
2013-08-02,125.5551528930664,125.5711935078191,124.91366289240369,125.10611356322373,558650
2013-08-05,125.47500610351562,125.58726597538585,125.15426710828882,125.3627462316454,317900
2013-08-06,124.72122192382812,125.25045213319976,124.41652363224858,125.18630190460274,413650
2013-08-07,124.28820037841797,124.44856980279343,123.83916109600555,124.28820037841797,431150
2013-08-08,124.72122192382812,124.97782283821621,124.06370349266749,124.86556299702268,499050
2013-08-09,124.36834716796875,124.94568667959975,123.96741763130271,124.57682612229166,618400
2013-08-12,124.20796966552734,124.36835127380729,123.71082093897631,123.75893052730075,330550
2013-08-13,124.68914031982422,124.78535953528844,123.71087084459201,124.4165110524064,2052850
2013-08-14,123.98348999023438,124.72119913117709,123.91933977336075,124.54480132902806,496300
2013-08-15,122.17131042480469,122.94110090642666,122.01094097645979,122.94110090642666,750750
2013-08-16,121.81842803955078,122.37972693959762,121.54579889315637,121.97879740593582,615000
2013-08-19,121.04866027832031,122.05899838263443,121.03261966972504,121.64202820695267,825050
2013-08-20,121.52983093261719,122.05906116990359,121.09683216100466,121.24116100640694,933300
2013-08-21,120.90437316894531,121.93075233939769,120.59966264679686,121.28926229901374,498450
2013-08-22,121.9627914428711,122.1392014489268,121.11281039760247,121.11281039760247,635800
2013-08-23,122.36375427246094,122.52412371185235,121.77037388776832,122.34771365790061,424400
2013-08-26,121.97883605957031,122.89295519657668,121.8505478670483,122.52410676054727,704050
2013-08-27,119.97420501708984,121.17699417227384,119.87798580000441,120.74399545998536,803600
2013-08-28,120.37515258789062,120.79212298277358,119.7497031132691,119.91007257732998,665900
2013-08-29,120.56755065917969,121.19299986079734,120.03832064691845,120.10247085162288,923100
2013-08-30,120.0383071899414,120.79205671646832,119.84586883280201,120.79205671646832,870300
2013-09-03,120.74398803710938,121.59395703018859,120.23079851852928,121.33736838860017,1569400
2013-09-04,121.7543716430664,121.93078175261232,120.56762273509128,120.77610184846016,700250
2013-09-05,121.72223663330078,122.20334484220325,121.72223663330078,121.80241521708395,692800
2013-09-06,121.93074035644531,122.63638055506014,120.80814207265232,122.31562944868811,1109250
2013-09-09,123.13355255126953,123.1816621673903,122.28358337205331,122.28358337205331,1185400
2013-09-10,124.06369018554688,124.06369018554688,123.6146508689369,123.87123952039815,1038650
2013-09-11,124.44857788085938,124.44857788085938,123.66275908562946,123.88727874140945,807650
2013-09-12,124.14386749267578,124.5608255352868,123.9353762359679,124.4164967287066,855500
2013-09-13,124.40045166015625,124.49667086109648,123.96745302052331,124.22404163483122,540000
2013-09-16,125.15421295166016,125.79570289993714,124.9136526916309,125.74759329501191,693950
2013-09-17,125.66741943359375,125.66741943359376,125.21838007978157,125.21838007978157,2351450
2013-09-18,127.17488861083984,127.46355844538836,125.31456918032684,125.63530800297994,990900
2013-09-19,126.96638488769531,127.52768388988217,126.78997488195078,127.46354591997562,2964000
2013-09-20,125.97208404541016,127.22298242814045,125.94000282588358,127.22298242814045,611450
2013-09-23,125.50953674316406,125.96083398008042,125.04211823437855,125.84800967085133,1400700
2013-09-24,125.23553466796875,125.89637160306279,124.92930425868987,125.42895305561471,1632400
2013-09-25,124.83253479003906,125.44501993688519,124.68748028489537,125.23548036689125,789000
2013-09-26,125.33223724365234,125.60623737554423,124.80034595450184,125.00987329707907,622250
2013-09-27,124.80034637451172,124.86481916404334,124.3812793910197,124.67140079544843,1405950
2013-09-30,124.10726165771484,124.41350429032796,123.38196439796593,123.62372195326523,1521800
2013-10-01,125.0582046508789,125.12267742979819,124.04278605098187,124.1394890708982,1110450
2013-10-02,124.89701080322266,124.9131320698541,123.89771361669482,124.25229540412259,1253600
2013-10-03,123.78488159179688,124.68747571585577,123.1723964673946,124.59077271597023,1447700
2013-10-04,124.68749237060547,124.800316651183,123.68818281625863,123.84935860323733,538450
2013-10-07,123.62368774414062,124.34899710010757,123.47863325110049,123.59145751132796,690850
2013-10-08,122.18924713134766,123.72044813188913,122.07642282999632,123.57538128905078,2071600
2013-10-09,122.18924713134766,122.68890814898353,121.46394980793568,122.41489573405035,1340100
2013-10-10,124.9454116821289,124.9454116821289,123.46257428605739,123.46257428605739,1441200
2013-10-11,125.68687438964844,125.73522592392668,124.60697017073194,124.7036855362198,1235900
2013-10-14,126.23482513427734,126.2831766495166,124.81646073391074,124.9292850351112,1408450
2013-10-15,125.2999496459961,126.3314893102619,125.1226526133639,125.86407097849727,1655750
2013-10-16,127.0084457397461,127.08902747378856,125.9607848218129,126.0091363216229,3102850
2013-10-17,127.87882995605469,127.94330273789127,126.5088171585733,126.52493842826388,2548900
2013-10-18,128.73304748535156,128.8297504813933,128.10445341723607,128.33010193928152,1671950
2013-10-21,128.79757690429688,128.99098298145645,128.4752129474849,128.81368587944178,1009100
2013-10-22,129.4906463623047,129.86136188025878,128.9587672931413,129.15217339213564,1364950
2013-10-23,128.8942108154297,129.1037380522899,128.44291381485627,129.07150782235794,948250
2013-10-24,129.31333923339844,129.45839378262536,128.829799475455,129.1199208708357,795600
2013-10-25,129.90963745117188,129.90963745117188,129.32939489957943,129.58728594336353,1019700
2013-10-28,130.07086181640625,130.28845592880523,129.71627994406805,129.86938897449923,1155000
2013-10-29,130.8686981201172,130.8686981201172,130.22398256947264,130.38515838290218,844500
2013-10-30,130.13536071777344,131.0540765693657,129.69211791724013,130.9815492829863,3362100
2013-10-31,129.65179443359375,130.5866189826245,129.58732165488038,130.07084904984282,1437500
2013-11-01,130.02249145507812,130.37708557294425,129.36972150942668,129.97413994753722,1341300
2013-11-04,130.6107940673828,130.6107940673828,130.0547271659961,130.48184852275784,2940900
2013-11-05,130.21591186523438,130.4818574578883,129.61954790319905,130.02249353505204,1147000
2013-11-06,130.8203125,131.02983977314054,130.3367728888472,130.7236094965387,1510400
2013-11-07,129.1440887451172,131.15076263207513,129.0232099614741,131.07822306496317,1242100
2013-11-08,130.91702270507812,130.91702270507812,129.08764624178968,129.1198887759992,1629500
2013-11-11,130.892822265625,131.0539980155022,130.62687674471297,130.77999801101882,1109900
2013-11-12,130.65914916992188,130.93314923710122,130.2159065336469,130.6269066344159,929600
2013-11-13,131.66653442382812,131.7148859379537,130.01445467528836,130.01445467528836,1336300
2013-11-14,132.39987182617188,132.47241138640243,131.6181686045585,131.85187166307384,1720600
2013-11-15,132.97207641601562,132.97207641601562,132.42407618543191,132.5691307299065,710300
2013-11-18,132.48046875,133.27023877153056,132.17422612460183,133.19771150664948,1319800
2013-11-19,132.22259521484375,132.79477116766907,131.95664960272785,132.39182550632844,1156500
2013-11-20,131.8035430908203,132.82702862874388,131.42477314285475,132.44019189661282,1468000
2013-11-21,132.83506774902344,132.93177077240563,132.06947345442128,132.16617647780348,2121600
2013-11-22,133.5120391845703,133.5120391845703,132.7464447427234,132.8995660904784,1405200
2013-11-25,133.4314422607422,133.75379389535252,133.18160560245357,133.7215513537355,810000
2013-11-26,133.36692810058594,133.78598263619253,133.20574003635883,133.44750983577669,773300
2013-11-27,133.72964477539062,133.8102265516311,133.38310501707653,133.5362263779412,826300
2013-11-29,133.53619384765625,134.1889638717516,133.4958968208881,133.85855776487537,614400
2013-12-02,133.32662963867188,133.95522373218782,133.09291432623078,133.73762968537918,1409000
2013-12-03,132.81088256835938,133.1815856629682,132.29511265204616,132.88340983074917,1076900
2013-12-04,132.65771484375,133.24601181660682,131.6745268634027,132.246714870426,1374100
2013-12-05,132.1500244140625,132.68996999700187,132.0049699127905,132.4884972139533,1168500
2013-12-06,133.6490478515625,133.71352064933714,133.02045344442072,133.41534471944212,1208700
2013-12-09,133.9552764892578,134.12450680581895,133.769924900715,133.97945224876656,1586300
2013-12-10,133.4958953857422,133.91496232515883,133.38307109015994,133.63290773466616,1747700
2013-12-11,131.9807891845703,133.53615310851742,131.79542537737274,133.51197735921727,1079100
2013-12-12,131.54568481445312,132.04534597744208,131.25556334130573,131.87610332771854,3453800
2013-12-13,131.5053253173828,131.9082709333281,131.2635677853551,131.78739216731424,2151000
2013-12-16,132.3434600830078,132.74640570199227,132.08556898433406,132.1339327880287,1838100
2013-12-17,131.87606811523438,132.45631090659742,131.6101224777824,132.43213514836785,1479800
2013-12-18,134.1728515625,134.18896053526586,130.56244956097174,132.10170494798987,3112400
2013-12-19,134.0519256591797,134.15669543956798,133.43139835190803,133.80210138002843,1242900
2013-12-20,134.72891235351562,135.10768227841305,134.13256061408882,134.13256061408882,1303500
2013-12-23,136.15530395507812,136.15530395507812,135.18823705845585,135.4461281225806,1480200
2013-12-24,135.84255981445312,135.85876877166908,135.494147599087,135.5022458957891,585700
2013-12-26,136.474609375,136.55564181878026,136.08568084524782,136.08568084524782,968100
2013-12-27,136.48269653320312,136.74197805378054,136.3449512935506,136.70957250013822,929700
2013-12-30,136.42596435546875,136.5799185459449,136.28821912288805,136.49889848409217,1112800
2013-12-31,137.0579833984375,137.1228068688968,136.54751865976635,136.66095664211693,774400
2014-01-02,135.8263702392578,136.62043609050363,135.47794564207666,136.5556126221022,1731300
2014-01-03,135.70481872558594,136.2963282257922,135.58328245228992,136.02893606072885,1710500
2014-01-06,135.36448669433594,136.25579379201983,135.17002868306707,136.21527758506866,1339000
2014-01-07,136.2071990966797,136.42596439117037,135.82636895081657,135.9073890126905,824700
2014-01-08,136.26393127441406,136.4502910434099,135.76156478241924,136.1829112010226,3147500
2014-01-09,136.3449249267578,136.67712815164774,135.71291166054314,136.66902985575643,1117200
2014-01-10,136.6609649658203,136.7338867380987,135.85069008144637,136.57183423398664,990200
2014-01-13,134.9269561767578,136.72576712879246,134.62714610887764,136.36113359660877,1338500
2014-01-14,136.32867431640625,136.41780499921887,135.08085712083624,135.34013851205052,866000
2014-01-15,137.0984649658203,137.28482466891148,136.6041969468144,136.6366148557579,943100
2014-01-16,136.88783264160156,136.93644715350518,136.4664862654155,136.79060361779432,778500
2014-01-17,136.29632568359375,136.92833902056896,136.10185528613528,136.6933524114968,904300
2014-01-21,136.72579956054688,137.16334259361753,135.89121735086775,137.1147280748113,1366400
2014-01-22,136.80679321289062,137.00126361436793,136.52320445335826,136.9850546566251,751200
2014-01-23,135.70481872558594,136.13426337631466,134.98367465513465,136.13426337631466,1294000
2014-01-24,132.787841796875,134.84593440484943,132.77973113581427,134.80541819098352,1828900
2014-01-27,132.13963317871094,133.24970584371692,131.49950907911614,132.94180978677312,2882100
2014-01-28,132.9580078125,133.0876547661934,132.2206546726596,132.26928155315514,1067400
2014-01-29,131.57240295410156,132.53663177556308,131.32121978827078,131.87220062121443,1346400
2014-01-30,133.04713439941406,133.46848080387343,132.34219920188318,132.7959511618485,2086700
2014-01-31,132.2206268310547,133.0876267420249,131.34554098742555,131.3860448335886,1322100
2014-02-03,129.3280029296875,132.40705063303474,129.04440171292302,132.0910438539222,2969400
2014-02-04,130.20301818847656,130.51902476544083,129.42514918774464,129.87890095325145,1116700
2014-02-05,129.9842529296875,130.30837019565638,128.97950795089818,129.72497148072188,1701400
2014-02-06,131.72642517089844,131.7426217704867,130.35705831288655,130.3813655760854,1109600
2014-02-07,133.42794799804688,133.51707871937404,131.95325431150255,132.37458829976543,1258200
2014-02-10,133.63861083984375,133.66293045746104,133.0471137242214,133.4036365984524,937400
2014-02-11,135.11334228515625,135.4212507097528,133.67105392333139,133.79259021524368,1497400
2014-02-12,135.23484802246094,135.72101780789433,134.8945341181821,135.30778214494381,1855000
2014-02-13,135.89930725097656,135.99653628258037,134.26254849070074,134.26254849070074,1336600
2014-02-14,136.62042236328125,136.86350725440906,135.61567724973156,135.76963142623953,917200
2014-02-18,136.82301330566406,136.96885684578206,136.34495410574866,136.72578427891875,1174300
2014-02-19,135.88307189941406,137.32535995254213,135.77774459023823,136.4664707033548,1928100
2014-02-20,136.6528778076172,136.99320419774426,135.5833212054693,136.06947880142172,1080000
2014-02-21,136.58802795410156,137.26865581372118,136.4664793167188,136.95264913862547,706200
2014-02-24,137.2362518310547,138.20859157358424,136.7581926213928,136.8311143929385,978600
2014-02-25,137.18765258789062,137.77105155282473,136.8068223645638,137.40643029069463,1001000
2014-02-26,137.18765258789062,137.77914985151568,136.86354754684493,137.41452858938558,709000
2014-02-27,137.94931030273438,137.9655192636101,136.91215935534908,137.05800291178707,1034200
2014-02-28,138.2572021484375,138.9378300577636,137.3983127823146,137.9249864913332,853900
2014-03-03,137.30923461914062,137.65764700474293,136.4341359590787,137.0904568631707,2235900
2014-03-04,139.27001953125,139.55360825824624,138.6623135056442,138.69471905359978,1281500
2014-03-05,139.29437255859375,139.61847759990113,139.1971311551497,139.3672943383157,983100
2014-03-06,139.7400360107422,140.04793211231686,139.52125829250085,139.80484713247267,1037000
2014-03-07,139.70758056640625,140.28288111874178,139.19710348220795,140.24236490567947,1205600
2014-03-10,139.73184204101562,139.75614928812675,138.93777645316607,139.56169131123772,885300
2014-03-11,138.9621124267578,140.1127010284999,138.69472028945137,139.9587468557649,945700
2014-03-12,139.0593719482422,139.08367920571175,138.03843004308015,138.35443675399793,1065000
2014-03-13,137.5198211669922,139.56171684455722,137.10658552669176,139.4806844301561,1659400
2014-03-14,137.12277221679688,137.92494855172436,136.9364125137041,137.22001357981847,1323500
2014-03-17,138.35440063476562,138.67040726318572,137.73859633327805,137.79530913129688,1695400
2014-03-18,139.33486938476562,139.51311847800264,138.50027491013302,138.61372525899498,779700
2014-03-19,138.57321166992188,139.55363733846653,137.73862954328436,139.39158483729858,1166300
2014-03-20,139.35919189453125,139.49693715118056,138.0465380795058,138.29772133362007,818200
2014-03-21,138.89730834960938,140.33149824482706,138.75146481644109,140.02358985638836,825200
2014-03-24,138.31040954589844,139.50695187793326,137.6917940054922,139.3441596220635,2004900
2014-03-25,138.98599243164062,139.39297923231894,138.1964370447046,139.01041064606122,1202100
2014-03-26,137.96046447753906,139.7105036950127,137.92789856060236,139.5070101850619,1155600
2014-03-27,137.68368530273438,138.19649285315867,137.13832426002025,137.8220718006715,980700
2014-03-28,138.29415893554688,139.01859520079813,137.96857434766653,138.0743949278428,548900
2014-03-31,139.47439575195312,139.66974148719402,139.08367944096585,139.22205347684573,822000
2014-04-01,140.41046142578125,140.48371607696882,139.80811642431587,139.8976540269627,1247500
2014-04-02,140.8907012939453,141.05349354589893,140.32905746749051,140.58953500681847,1972800
2014-04-03,140.6709442138672,141.11861982354282,140.26395735397787,141.08606633966312,718300
2014-04-04,138.97792053222656,141.4849618578904,138.806980533093,141.44426067521505,2270800
2014-04-07,137.4801788330078,138.90463307606254,137.21157839128506,138.66858612355438,1645000
2014-04-08,138.04994201660156,138.27785365490104,136.92665435623076,137.39061289839296,2064000
2014-04-09,139.53952026367188,139.56395090390185,138.05809443071362,138.44066310400459,768800
2014-04-10,136.5603790283203,139.58836236114556,136.43827551410337,139.53137823712692,1286900
2014-04-11,135.331298828125,136.78831909338047,135.20920770880474,135.86852459364678,1762400
2014-04-14,136.42198181152344,136.74756628696318,135.33124773627193,136.40569886167597,1456600
2014-04-15,137.36618041992188,137.4557180128331,135.38823053140766,136.7312820048246,2160100
2014-04-16,138.8150634765625,138.82321116218068,137.71620648007442,138.31040377833475,2410000
2014-04-17,138.97792053222656,139.3849075184657,138.39999354685386,138.66047117977035,925500
2014-04-21,139.49066162109375,139.5313627879929,138.91274727998376,139.06740426204914,804400
2014-04-22,140.1011199951172,140.50810676007652,139.58832511703872,139.65344448986224,1053300
2014-04-23,139.76748657226562,140.13377240280437,139.71863769730348,140.0767882588109,724500
2014-04-24,140.07676696777344,140.5163198338163,139.43373304481108,140.5163198338163,543900
2014-04-25,138.95347595214844,139.70233037436657,138.63602665990103,139.63721097848827,1357900
2014-04-28,139.37673950195312,139.97094935778304,137.9604329453711,139.5069782994163,647800
2014-04-29,140.04420471191406,140.23955048881336,139.53953247432827,139.83256355993262,1065900
2014-04-30,140.48374938964844,140.5814347013153,139.596520838649,139.8000143092593,605300
2014-05-01,140.49192810058594,140.8419309855998,140.02795692341854,140.4105257262644,623900
2014-05-02,140.2639923095703,141.02911736382848,140.05235114072207,140.45933810203778,754800
2014-05-05,140.55702209472656,140.58958800954636,139.20583471588202,139.5884034833417,792600
2014-05-06,139.33602905273438,140.31280754845048,139.27905734529514,140.22326993368497,567700
2014-05-07,140.1581573486328,140.18257557018657,138.73370313013908,139.7837239177165,1160600
2014-05-08,139.98719787597656,140.9802468150059,139.53950984276605,139.9709273440441,1390700
2014-05-09,140.2313690185547,140.23950428316,139.35227605138232,139.9871744576316,955400
2014-05-12,141.55824279785156,141.61521452796129,140.78496986458333,140.78496986458333,780100
2014-05-13,141.68844604492188,142.03031360047805,141.54192428096562,141.70471658071764,994800
2014-05-14,141.00469970703125,141.60704488349404,140.81748918174466,141.55820843518072,1335700
2014-05-15,139.73486328125,140.7604656697033,139.08368183863155,140.73604745237725,3191100
2014-05-16,140.28025817871094,140.29654113429368,139.27093849718926,139.84071774002504,699600
2014-05-19,140.760498046875,140.89888453722438,139.84885126966756,139.98722533976112,926900
2014-05-20,139.83251953125,140.71976019624108,139.52321800846323,140.7034772465413,669400
2014-05-21,141.04537963867188,141.11863430010595,140.25582405587028,140.29652523008517,991300
2014-05-22,141.42794799804688,141.6802778892487,140.8663040878211,141.10236344557765,859000
2014-05-23,142.01394653320312,142.0709182152581,141.48486876730414,141.55812339576727,613900
2014-05-27,142.8524169921875,142.89311817053843,142.4454300491898,142.518684718068,890000
2014-05-28,142.7059326171875,143.08848898388842,142.5187096480745,142.86872493881177,990900
2014-05-29,143.5198516845703,143.5198516845703,142.7465667175334,143.11286482623646,541000
2014-05-30,143.7070770263672,143.8210328616778,143.24310599815325,143.38962774084092,874700
2014-06-02,143.90243530273438,143.95128416804764,143.21056496399177,143.9350012129432,1620200
2014-06-03,143.8128662109375,143.90240381403578,143.4384452672559,143.54426582189555,1252900
2014-06-04,144.0733642578125,144.19545536111556,143.42218272626863,143.56055678343031,984900
2014-06-05,145.0501708984375,145.1966926836207,143.77223811897787,144.26876277832085,853600
2014-06-06,145.7420654296875,145.77461892884958,145.31066014929993,145.3920501073347,586800
2014-06-09,145.8885040283203,146.26293739845266,145.59547299698943,145.7338470367494,461800
2014-06-10,145.9210662841797,145.9454845011591,145.42454183851046,145.72570812809167,959900
2014-06-11,145.44898986816406,145.55481044360005,145.09083938538564,145.40828869143826,558100
2014-06-12,144.3664093017578,145.31062199289065,144.05709524977323,145.2292196359718,891400
2014-06-13,144.8222198486328,144.94432337318258,144.2117394866482,144.66756283635596,731200
2014-06-16,144.9443359375,145.22108407806144,144.48036486045066,144.63502188613379,756700
2014-06-17,145.32684326171875,145.44079907062016,144.58613671398535,144.74892895238,2934400
2014-06-18,146.40948486328125,146.49088722329893,145.02573168477514,145.36759924038796,501900
2014-06-19,146.5885467529297,146.68623206009505,146.11644043243854,146.54784557663206,746900
2014-06-20,146.881591796875,146.97927711332662,146.7187994964642,146.9304282449726,830300
2014-06-23,146.8153076171875,146.9543047981154,146.57819771470704,146.92977661772724,737700
2014-06-24,145.94866943359375,147.28959788620492,145.793315912516,146.59459923175933,391700
2014-06-25,146.57003784179688,146.75810389112868,145.64611378160933,145.6542856843765,586000
2014-06-26,146.49649047851562,146.6682002897166,145.52349732615482,146.65184400384257,676800
2014-06-27,146.74996948242188,146.81538215539538,146.1040396106199,146.18579609469305,1032300
2014-06-30,146.70909118652344,147.02798265928342,146.5864502171482,146.70909118652344,1261200
2014-07-01,147.73927307128906,148.14809279311956,147.03610265069312,147.07698711811375,1199000
2014-07-02,147.84564208984375,148.01733946984518,147.64123212952234,147.7229886279346,511500
2014-07-03,148.58963012695312,148.6305145991954,148.15628216880134,148.24622301725867,327900
2014-07-07,148.1072235107422,148.40157423968665,147.86192915725695,148.3034614887682,1151800
2014-07-08,147.1505889892578,147.8455875886266,146.7662974074218,147.80470311639505,749400
2014-07-09,147.76382446289062,147.89464978870762,147.17512297290384,147.46947371789722,930300
2014-07-10,147.19961547851562,147.55937879920535,146.2266226274284,146.36561982384276,614600
2014-07-11,147.3959197998047,147.46950438230658,146.77450561105357,147.12609718777207,520400
2014-07-14,148.12355041503906,148.32796025636821,148.0090814029422,148.15625050012963,493100
2014-07-15,147.8701934814453,148.50795165958937,147.22425091884054,148.1972444787822,1207000
2014-07-16,148.43429565429688,148.61417737428067,148.00094764056982,148.52423651428876,539400
2014-07-17,146.69271850585938,148.49969497206965,146.51283680204799,147.9600623368252,1103900
2014-07-18,148.23806762695312,148.35253667626975,147.12607722950983,147.1914898971466,571500
2014-07-21,147.91915893554688,148.05815614776262,147.28140114952726,147.75563353742177,866000
2014-07-22,148.58145141601562,148.84308956923908,148.3361570699889,148.46698238469497,1509500
2014-07-23,148.93304443359375,149.07205414117277,148.5160527394263,148.81040348712978,750900
2014-07-24,148.93304443359375,149.21922327692957,148.78587529783695,149.10475423483322,535800
2014-07-25,148.22166442871094,148.6223122126091,147.94367003638325,148.5241870041154,635700
2014-07-28,148.287109375,148.4833473585446,147.4040571633335,148.27893747092335,485700
2014-07-29,147.65753173828125,148.72046570897382,147.64118792920806,148.56511218944772,639000
2014-07-30,147.65753173828125,148.35253038578526,147.06065832616693,148.1726486764593,1128500
2014-07-31,144.68946838378906,146.76626689376644,144.68946838378906,146.64362597875888,2430500
2014-08-01,144.33792114257812,145.22914533422872,143.61839428448712,144.32974923780546,3398000
2014-08-04,145.351806640625,145.62980113224833,143.9618217063172,144.5668670732396,2212000
2014-08-05,143.87998962402344,145.1146204842199,143.41392923119915,144.75485719351744,1251300
2014-08-06,143.96998596191406,144.57504377287881,143.2341028173044,143.25045910305764,1185800
2014-08-07,143.19322204589844,144.75490414443286,142.84163054278835,144.64043510355302,1527100
2014-08-08,144.85304260253906,144.94298346259882,143.1687069288662,143.48758589158882,1209900
2014-08-11,145.26182556152344,145.92411151016884,145.22094109438248,145.4335228568527,1191200
2014-08-12,145.09011840820312,145.5316506993928,144.6404142139129,145.10647469059222,513900
2014-08-13,146.11216735839844,146.21846447937943,145.43352511711197,145.66246316523416,781600
2014-08-14,146.74996948242188,146.74996948242188,146.16945228359342,146.29209324779896,842000
2014-08-15,146.70909118652344,147.42044623747637,145.68704152108916,147.29779279190893,1694300
2014-08-18,147.9273681640625,148.01730902715354,147.45313565650886,147.55126090109357,1039100
2014-08-19,148.7122802734375,148.83492121127816,148.1808070983537,148.31980431996945,583000
2014-08-20,149.12109375,149.30914733882673,148.52420794115974,148.53239232079687,1507800
2014-08-21,149.5462646484375,149.76703081428278,149.15380116841519,149.2846264871523,756600
2014-08-22,149.3091278076172,149.7015912170181,149.00660522914012,149.46448128613898,656500
2014-08-25,150.08590698242188,150.33120133151442,149.84879701321867,150.06955069883202,1097200
2014-08-26,150.20855712890625,150.58466430997302,150.1594882792036,150.21672903242907,749500
2014-08-27,150.18405151367188,150.36393324266058,149.906057014759,150.2903486652174,602600
2014-08-28,150.06954956054688,150.13496221822132,149.50538878095873,149.64438599994614,447700
2014-08-29,150.43753051757812,150.49475880805426,149.81611637063352,150.3067051733591,617200
2014-09-02,150.3966522216797,150.69100302017924,149.84883510595398,150.69100302017924,553800
2014-09-03,150.33116149902344,151.00161923429383,150.11039539571652,150.97709105350256,627600
2014-09-04,150.08590698242188,151.11614075337283,149.70979979317698,150.54378311342725,536700
2014-09-05,150.80538940429688,150.82991758437515,149.52987413548624,150.06133467209563,502300
2014-09-08,150.4211883544922,150.8218363302105,149.95512770052238,150.64195458406698,635900
2014-09-09,149.44808959960938,150.34749769576993,149.14556709280257,150.27390068704125,515300
2014-09-10,150.0368194580078,150.07770392039984,149.03112655933262,149.53805895967216,849800
2014-09-11,150.17584228515625,150.20037047154133,149.30914642971445,149.42361545824096,525700
2014-09-12,149.2846221923828,150.04502094281196,148.8758024402324,150.02867713558183,724000
2014-09-15,149.1865234375,149.41546152208284,148.72046288776286,149.3336925735076,1021700
2014-09-16,150.29844665527344,150.54372843909593,148.81033729376728,148.90027810656363,565100
2014-09-17,150.51107788085938,151.19789205390532,149.79155114175117,150.53560606731185,975000
2014-09-18,151.2960662841797,151.31242257385776,150.7973054966432,150.9771872545215,740000
2014-09-19,151.1488494873047,151.9501327623828,150.91991140871093,151.78660734570005,964000
2014-09-22,149.9789581298828,150.94837291394606,149.70785092422759,150.91550459687812,836700
2014-09-23,149.1327667236328,150.09395807035085,149.11633256664248,149.47780880689655,752200
2014-09-24,150.33224487304688,150.39796898089634,148.7959704901984,149.20673676256365,968500
2014-09-25,147.9169158935547,149.94610198978984,147.86762595366073,149.92966783129518,1603000
2014-09-26,149.108154296875,149.4203406698776,147.98265874139534,148.17160771345877,916900
2014-09-29,148.81239318847656,149.06706625203162,147.6868977002788,147.8183333702618,1482800
2014-09-30,148.36058044433594,149.36285129497406,148.11411813858018,148.9438741501048,767700
2014-10-01,146.41355895996094,148.2209283948556,146.07672754404308,148.1552042745111,2380200
2014-10-02,146.40533447265625,146.9146806882646,144.91834989297323,146.27388624424344,1263800
2014-10-03,148.04019165039062,148.32773311277,146.95577499305108,147.4486870970802,1217400
2014-10-06,147.85943603515625,148.8452726626868,147.35008982697727,148.6481128585364,1307000
2014-10-07,145.59201049804688,147.4240247127976,145.57557633584128,147.0954166822425,930600
2014-10-08,148.1387481689453,148.3194737883387,144.90190807497245,145.6823614520837,1897500
2014-10-09,145.14837646484375,148.05660894315264,145.08266488693664,147.87587076492585,1428600
2014-10-10,143.52171325683594,145.86308570053544,143.48885747523994,145.12369899092977,2469900
2014-10-13,141.1639404296875,143.97358026351182,141.08178215995085,143.46423409080208,2109200
2014-10-14,141.3939666748047,142.96309684267015,140.8928313214505,141.90331284078732,2431300
2014-10-15,140.3424072265625,140.72852852847603,137.0727111827337,139.49622970166905,5460300
2014-10-16,140.2519989013672,141.262480146646,137.75453362457557,137.86956018372751,4452600
2014-10-17,141.98544311523438,142.9302003404976,141.33642551338767,141.90328486278133,2259400
2014-10-20,143.382080078125,143.43959337576663,141.6732908087223,141.7390149193446,1379400
2014-10-21,146.1670684814453,146.26564837517222,144.25289615283347,144.4089893416289,2884200
2014-10-22,145.1730499267578,146.8243261522513,145.09089164195754,146.4710605703233,2374200
2014-10-23,146.84071350097656,147.7526150149148,146.37243399098034,146.60246207237103,1812400
2014-10-24,147.94158935546875,148.01552427954877,146.52855230695243,147.07897763442446,1152600
2014-10-27,147.75262451171875,147.98265260789452,146.94751363951252,147.47329393585585,1476000
2014-10-28,149.45318603515625,149.4696201945873,148.2044531658025,148.2784006154468,1330000
2014-10-29,149.28070068359375,149.9954300649512,148.26199570295654,149.54358460839464,1600700
2014-10-30,150.22544860839844,150.61156992520338,148.7384766390652,148.83705653762223,1588900
2014-10-31,151.926025390625,152.02461783181823,151.24416432943426,151.99997285541826,1946100
2014-11-03,152.0164337158203,152.4929242751841,151.6549697901342,152.14788198094064,2270000
2014-11-04,151.4741668701172,151.86028814926127,150.71013512404377,151.62203670353006,1639400
2014-11-05,152.46824645996094,152.62433967422868,151.76995120612338,152.59148388282202,1826500
2014-11-06,153.08436584472656,153.11723416525948,151.90135701736884,152.4517948337686,1758600
2014-11-07,153.21578979492188,153.36365960713167,152.6407196325682,153.08434160478694,1396400
2014-11-10,153.67587280273438,153.70874112381148,153.0268676207647,153.199382431849,1876400
2014-11-11,153.82374572753906,153.90589145400276,153.44583527191557,153.7415874654846,1031600
2014-11-12,153.70053100585938,153.85662420543275,153.1829739924651,153.2076189675985,2742900
2014-11-13,153.84014892578125,154.31663921032742,153.1172089557709,153.82372730380982,1163600
2014-11-14,153.89768981933594,154.06199381765197,153.5033577162592,153.78267576695558,1464500
2014-11-17,153.97987365722656,154.11132190264647,153.42944823207472,153.56910729198538,584600
2014-11-18,154.86712646484375,155.12181213453965,154.02094877739907,154.02094877739907,1252600
2014-11-19,154.58779907226562,154.84247219107894,153.93057043738355,154.65352318931318,1880800
2014-11-20,154.86712646484375,154.97392972840674,153.86485555698988,153.86485555698988,866800
2014-11-21,155.73794555664062,156.48553071746773,155.2285868055316,156.44445157914706,1586200
2014-11-24,156.14044189453125,156.26367927269337,155.90220302036067,156.10758611504158,1365900
2014-11-25,156.0911865234375,156.55124275170658,155.8118684613587,156.3705045855163,1736700
2014-11-26,156.45263671875,156.5183608168931,155.99258056733817,156.17331870333425,824400
2014-11-28,156.11582946777344,156.60875401199164,155.89401216931606,156.33764676623082,430200
2014-12-01,155.0478057861328,155.59002017673026,154.74384281061128,155.507861922789,2083600
2014-12-02,156.02545166015625,156.19797900166162,155.0314043502171,155.0314043502171,1446800
2014-12-03,156.62518310546875,156.81414462659774,156.06654696193735,156.17335020991527,2240100
2014-12-04,156.4691162109375,156.904527518646,155.73795264369173,156.37874711675684,1573000
2014-12-05,156.7484130859375,157.06881027909316,156.3787259454643,156.62517568205183,2215900
2014-12-08,155.68043518066406,156.77307509543806,155.1464439792421,156.3787429384558,1527800
2014-12-09,155.55722045898438,155.65580037077024,153.61017945205504,153.9798666568461,1763100
2014-12-10,153.11724853515625,155.15464585370705,152.8872204122034,155.15464585370705,1749800
2014-12-11,153.83192443847656,155.3271192538394,153.47044821781355,153.61010720569004,1972600
2014-12-12,151.3345184326172,153.54443048969458,151.30165011027708,152.8050561997391,2614400
2014-12-15,150.28292846679688,152.57501107416562,149.74072656455937,152.19710062294246,2801400
2014-12-16,149.12461853027344,152.4271709435044,149.05889441030345,149.60110899836016,3837500
2014-12-17,152.13136291503906,152.43533842544193,149.3874477238112,149.49425094656812,5588600
2014-12-18,154.8999481201172,154.9245930911145,152.8050378362123,153.4129763705238,3820200
2014-12-19,155.61468505859375,156.1979786508014,154.93281157751372,155.50788182192122,1800800
2014-12-22,156.3048095703125,156.3048095703125,155.5490009781028,155.737962527851,3005800
2014-12-23,156.5430450439453,156.8880872440324,156.33766188658922,156.86344226799713,1926800
2014-12-24,156.52658081054688,156.95378120574276,156.50193583924622,156.7566088997468,952700
2014-12-26,157.0359344482422,157.3399100014849,156.90449877354428,156.96199953080125,650300
2014-12-29,157.25778198242188,157.43030935855853,156.83058148461174,156.88809478852187,878600
2014-12-30,156.40335083007812,156.98663184587227,156.33762673023267,156.8716178050403,3224500
2014-12-31,154.77670288085938,156.8387572773985,154.7602812580876,156.70730908168488,1366000
2015-01-02,154.77670288085938,155.86113169211197,153.84015642368206,155.50786623308034,1865000
2015-01-05,152.05746459960938,153.96342623207502,151.704211601774,153.840188821794,2734700
2015-01-06,150.56224060058594,152.7064405825929,149.81464313712848,152.28745105211567,2245300
2015-01-07,152.44358825683594,152.73112968297153,151.3509483873505,151.76171469006266,2305600
2015-01-08,155.12179565429688,155.31074464733138,153.68411356624944,153.73340351785902,1740600
2015-01-09,153.8155059814453,155.54893982702782,153.33901569062851,155.51608404706332,2525200
2015-01-12,152.67361450195312,154.11951989245983,152.13962332924535,154.00450583054158,1847500
2015-01-13,152.27102661132812,154.78491360529455,151.0797946712531,153.80728809973232,2158500
2015-01-14,151.37554931640625,151.49056334627593,149.60925974292442,150.4225812984529,5216300
2015-01-15,149.96253967285156,152.18889830268327,149.8475256222516,151.88493528372436,1940700
2015-01-16,151.8192138671875,152.0492419724615,149.59285519792448,149.77359335715283,1472800
2015-01-20,152.1971435546875,152.72292398149,150.81697463517872,152.49289582823855,1637600
2015-01-21,152.99398803710938,153.41297761865346,151.40843639062712,151.7945576535137,1586500
2015-01-22,155.33534240722656,155.39284315476212,152.4764132625359,153.70048847407978,6074900
2015-01-23,154.48097229003906,155.28608319957053,154.2755891563897,155.03962093207298,3109800
2015-01-26,154.78497314453125,154.86711889005895,153.5690957690218,154.27561436564724,2018000
2015-01-27,152.7557373046875,153.77442946353187,151.99992899678728,152.9200412784763,1979100
2015-01-28,150.74301147460938,153.88948263206956,150.6279974195196,153.84840349762496,2530800
2015-01-29,152.20530700683594,152.41890091205795,149.6914199387437,150.94836347278982,4338200
2015-01-30,150.33224487304688,152.2957071535291,150.03649265552022,151.1291324442828,2302500
2015-02-02,152.05746459960938,152.19712363612052,149.08352062493,150.75123078554117,3397800
2015-02-03,154.27561950683594,154.3331328126563,152.63255411440292,152.91188475816807,1435000
2015-02-04,153.7498016357422,154.73565065956623,153.3390353876792,153.6512217475962,1861200
2015-02-05,155.3107147216797,155.4257287651386,154.324878272662,154.35773405554002,1033800
2015-02-06,154.8753204345703,156.13226423808115,154.39883004945762,155.6722080139977,1454700
2015-02-09,154.16879272460938,154.93281193632205,153.8073164171186,154.29201758598523,2289300
2015-02-10,155.81178283691406,156.03358748077318,154.32481172497953,155.12169887373756,1798000
2015-02-11,155.91867065429688,156.28014701330216,155.08892721973874,155.6886425232195,1744400
2015-02-12,157.3645477294922,157.44669345544781,156.4772911542729,156.6662401131206,2008500
2015-02-13,158.05462646484375,158.09570559417872,157.29060730869236,157.50420123140785,1073100
2015-02-17,158.30934143066406,158.45722382830508,157.56174369984146,157.79178437790455,1700400
2015-02-18,158.34219360351562,158.37504939097647,157.73425498295558,157.96428310195836,1863000
2015-02-19,158.23544311523438,158.5311954433597,157.64393845898368,157.8082425222541,1017600
2015-02-20,159.1965789794922,159.2294473019281,157.28240660434255,157.84105526542444,1374000
2015-02-23,159.1554718017578,159.1554718017578,158.58040161637484,158.9583120442493,1497700
2015-02-24,159.62380981445312,159.77990303676376,158.90906782469366,159.12267435442166,1244200
2015-02-25,159.45123291015625,159.91128908424676,159.13905909807517,159.49231204046947,1983600
2015-02-26,159.2705535888672,159.50058176086907,158.72835148948857,159.36914604515027,994200
2015-02-27,158.7200469970703,159.41835450653647,158.711836186409,159.18832645213112,966600
2015-03-02,159.76345825195312,159.76345825195312,158.80226653885688,158.81047735268734,1016600
2015-03-03,159.08154296875,159.3937293108488,158.30108964909329,159.34443936958905,1388100
2015-03-04,158.41612243652344,158.59686059959012,157.51243162119,158.55578146514918,1497500
2015-03-05,158.58865356445312,158.82690504736308,158.1285972968116,158.6790226552822,1135800
2015-03-06,156.34580993652344,158.186046800502,156.04184699704922,157.73420152858895,1815600
2015-03-09,157.01129150390625,157.29883290067923,156.43622124595177,156.51837951234162,1132000
2015-03-10,154.43170166015625,155.78723803314907,154.42349084659625,155.73794808060262,2390500
2015-03-11,154.07020568847656,154.83423746250222,154.01270492968715,154.66171011495072,1857500
2015-03-12,156.05828857421875,156.09114435210753,154.61238363533826,154.62060698150196,2646900
2015-03-13,155.10533142089844,155.91864053596288,154.13591659668023,155.82827146366787,1792200
2015-03-16,157.2248992919922,157.2248992919922,155.7214932607931,155.75434904626783,1054700
2015-03-17,156.69090270996094,157.01952325752063,155.95152841523782,156.48551956858316,1460900
2015-03-18,158.55577087402344,159.18013105480787,155.67219634140707,156.23083241859456,2287400
2015-03-19,157.8246307373047,158.43256938355498,157.5288784952901,158.19431790592475,1372000
2015-03-20,159.25408935546875,159.69771141548162,158.66258491839037,158.71187486554825,1350100
2015-03-23,158.96836853027344,159.76932172010052,158.94359782127233,159.24085892883235,707100
2015-03-24,158.0435791015625,159.2408890610608,157.98578496947283,158.85279774721155,1587700
2015-03-25,155.7398223876953,158.431678407188,155.70679896762815,158.2417653928147,1216700
2015-03-26,155.35169982910156,156.1856764633316,154.53422860181269,155.13701614294112,1906200
2015-03-27,155.67372131347656,155.88015228244893,155.09571712026323,155.26911207845401,1837000
2015-03-30,157.61415100097656,157.8701233436016,156.65630844185864,156.68107914601305,1414700
2015-03-31,156.2269744873047,158.35734386753066,156.20220377586992,156.87103818370463,2765200
2015-04-01,155.72325134277344,156.20217266771357,154.79844470125897,156.20217266771357,3379900
2015-04-02,156.1856689453125,156.63156690220572,155.4590404889127,155.624182747206,1803500
2015-04-06,157.28390502929688,157.74630845641835,155.31042516026517,155.42602601704556,1242500
2015-04-07,156.86277770996094,157.98576277105562,156.86277770996094,157.28389238304115,1372300
2015-04-08,157.43252563476562,157.76281016299643,156.73065526284122,157.08572310025912,1412100
2015-04-09,158.11790466308594,158.29956496410955,156.85454786022586,157.25914458560177,794800
2015-04-10,158.98487854003906,159.00966184930456,158.15915461730177,158.32430948148695,1056900
2015-04-13,158.2665252685547,159.3977631717399,158.20873113750784,158.83627687220385,1227800
2015-04-14,158.55552673339844,158.72066901424444,157.52337172867544,158.06008729131204,2647800
2015-04-15,159.2821807861328,159.71156086470418,158.91060744486262,158.98491959320657,934900
2015-04-16,159.22438049316406,159.6702659655414,158.7867477259891,158.99317875199804,823300
2015-04-17,157.37472534179688,158.34908615911343,156.68112024444807,158.15090787435048,2059300
2015-04-20,158.8114776611328,159.11699146931946,158.1674140333332,158.26649686851877,1430300
2015-04-21,158.6546173095703,159.5794242069911,158.37387415850316,159.45557064021116,1089500
2015-04-22,159.4390106201172,159.59590016306487,158.12611275999566,158.94358388399084,1125400
2015-04-23,159.85189819335938,160.4051317339244,158.95186210197213,159.07571565599875,956400
2015-04-24,160.17396545410156,160.42993792206056,159.7941394047271,160.2070014755127,978300
2015-04-27,159.5381317138672,160.80148836358256,159.36472413862,160.71065822408124,898200
2015-04-28,160.03353881835938,160.06657482840774,158.48943923657131,159.5050760535009,1103800
2015-04-29,159.3812713623047,159.90973428912798,158.65463011309143,159.2078637552697,1408900
2015-04-30,157.79591369628906,159.1996424412451,157.15184977096155,158.86934517213322,2506100
2015-05-01,159.44732666015625,159.5133734996868,158.41517154868333,158.50600170247495,1921200
2015-05-04,159.9427490234375,160.44644120755083,159.77760673018955,159.89320759541806,1060000
2015-05-05,158.0766143798828,160.02532364472424,157.98578423026757,159.6950264645101,1138300
2015-05-06,157.44081115722656,158.8610576038593,156.49948619604436,158.61333785627457,1588100
2015-05-07,158.0766143798828,158.45644038769265,157.08574803833866,157.37474389653326,1320700
2015-05-08,160.14918518066406,160.33909819401794,159.55466282624784,159.61246956049234,1322900
2015-05-11,159.3812713623047,160.35561976506793,159.3317299315947,160.13267072732293,1090100
2015-05-12,158.9188690185547,159.4225612336434,157.90321928349948,158.66288395879639,1852700
2015-05-13,158.96836853027344,159.8684045561049,158.75367225286817,159.33168906168532,589000
2015-05-14,160.62808227539062,160.6858890008574,159.63721603500602,159.89318844882104,902300
2015-05-15,160.793212890625,160.9170790364096,160.37209823386993,160.75192417536346,719000
2015-05-18,161.28866577148438,161.52812018076403,160.5867953519457,160.71066150809557,984500
2015-05-19,161.20611572265625,161.65201380127624,160.98317928289637,161.37952333090848,980400
2015-05-20,161.09872436523438,161.80058206140956,160.8510046961831,161.32166072778932,3401300
2015-05-21,161.58590698242188,161.78407264854997,160.87578394652124,161.05744420683627,756200
2015-05-22,161.23086547851562,161.6354747788058,161.17307134964474,161.2721541988797,831600
2015-05-26,159.496826171875,160.82624211004745,159.11698764687728,160.79320609941473,1235300
2015-05-27,160.96664428710938,161.21436401580826,159.61245738304405,159.90971853757296,1420100
2015-05-28,160.81800842285156,160.90883857062823,160.19046269247124,160.73544357913116,1114500
2015-05-29,159.76934814453125,160.78498518019416,159.5711698401987,160.7436964585146,1530900
2015-06-01,160.14089965820312,160.7189038844502,159.43902928376565,160.38035405209578,1157400
2015-06-02,159.97579956054688,160.60334537166224,159.15832812538764,159.71981449329868,1094400
2015-06-03,160.41343688964844,160.95840526230282,159.97580409063386,160.4464603124105,1213800
2015-06-04,159.10870361328125,160.29774777099138,158.77015386846634,159.79405580417094,1383400
2015-06-05,158.7867431640625,159.3812655098517,158.1922208182733,158.93536745073501,1567800
2015-06-08,157.80410766601562,158.80323920880184,157.72979553295778,158.67937305415765,1130100
2015-06-09,157.7628173828125,158.24999149408936,157.19306583592532,157.7958533968757,1466100
2015-06-10,159.63717651367188,160.00874968688237,158.4398795779738,158.5059389909182,1247700
2015-06-11,160.13267517089844,160.49599580558697,159.88496801047478,160.14919318144348,724700
2015-06-12,158.96009826660156,159.5463677602733,158.7123911843212,159.37296020313067,2147700
2015-06-15,158.2252655029297,158.51427400970132,157.2756877227679,157.89498086623462,1392600
2015-06-16,159.15000915527344,159.20780326929471,157.99398827985047,158.12610711124944,819800
2015-06-17,159.42257690429688,159.93452187503556,158.49775723513983,159.41431159860667,1170600
2015-06-18,160.99966430664062,161.4538150330791,159.8601737379523,159.86842644223353,1041600
2015-06-19,160.0665740966797,160.892297950468,160.0665740966797,160.85100923786936,691400
2015-06-22,161.163330078125,161.70255475812738,160.98082053691945,161.24628090511348,1027000
2015-06-23,161.27947998046875,161.5698268781188,160.93934739382462,161.33754429661823,1727200
2015-06-24,160.12635803222656,161.3707344270654,160.1014715170059,161.0886661571456,2160600
2015-06-25,159.6285858154297,160.68216126455997,159.57881279016289,160.5328295303096,2287600
2015-06-26,159.6285858154297,160.1678231255365,159.11424767640622,159.96042708129156,1631900
2015-06-29,156.252197265625,158.80730559517096,156.1775250633164,158.2680809004868,2746800
2015-06-30,156.6586456298828,157.7702851951968,156.16090280554485,157.7702851951968,2679400
2015-07-01,157.84495544433594,158.24315223061646,157.16469047009443,158.16018876501954,2782300
2015-07-02,157.72885131835938,158.45058553685448,157.35552829373722,158.32615296761415,3087100
2015-07-06,157.27256774902344,157.95282018292139,156.360020102813,156.55912485974522,1741100
2015-07-07,158.2431640625,158.36759661175162,155.28984674807458,157.50483473389363,3507500
2015-07-08,155.55526733398438,157.280803307338,155.38935309121766,157.09000256107856,1874000
2015-07-09,155.83743286132812,157.72888425950796,155.8208376291467,157.53807073555458,2224900
2015-07-10,157.820068359375,158.20997386104943,157.08173908867298,157.7702826851303,1648600
2015-07-13,159.58709716796875,159.67835192982503,158.93173126623694,158.9400225506059,1026100
2015-07-14,160.292236328125,160.5494053665751,159.5041339868736,159.58708479948254,1128900
2015-07-15,160.2259521484375,160.71540397250996,159.79456465781098,160.350384761861,1174800
2015-07-16,161.45362854003906,161.49511027031818,160.98077225850827,161.1964595341341,949500
2015-07-17,161.64443969726562,161.7025039920834,161.13839297524046,161.50339928460824,872100
2015-07-20,161.71914672851562,162.1505340588961,161.43709113722662,161.84357929571655,1103500
2015-07-21,161.0803985595703,161.8104368692708,160.82322942550394,161.6196360050366,772400
2015-07-22,160.7650909423828,161.07204565523875,160.42497109497774,160.42497109497774,1193800
2015-07-23,159.84422302246094,160.96416637358584,159.56216752875923,160.93927986875605,899300
2015-07-24,158.17681884765625,160.01849679542437,157.9196497694594,159.9936102819505,1589100
2015-07-27,157.28085327148438,157.88645880471418,156.91583422637308,157.43847628264146,1745600
2015-07-28,159.18893432617188,159.36315260272715,157.31407832392821,158.11047218073261,931300
2015-07-29,160.31710815429688,160.52450415449647,159.20546863125432,159.33820510940942,2471200
2015-07-30,160.3419952392578,160.50790950832572,159.29672395152735,159.91891195436753,924400
2015-07-31,160.06826782226562,160.87296550373324,159.86917571696245,160.87296550373324,1437200
2015-08-03,159.5705108642578,160.11802676413063,158.72433151580108,160.10973547995573,3081700
2015-08-04,159.25527954101562,159.91064548787503,158.83219615697604,159.5705255870355,1601700
2015-08-05,159.81106567382812,160.73190444563522,159.53730142724248,160.14289421962718,1369900
2015-08-06,158.59161376953125,160.05167743923926,157.94453909080664,159.91895358450262,1321200
2015-08-07,158.17681884765625,158.4422918693113,157.36382987112586,158.35103710042367,1854100
2015-08-10,160.18434143066406,160.23411443596243,159.1971346307635,159.1971346307635,1346700
2015-08-11,158.71603393554688,159.31332283367357,158.03576890671724,158.98149426155334,4996300
2015-08-12,158.85708618164062,159.0810648060211,156.2107105055367,157.52145508667863,3758700
2015-08-13,158.682861328125,159.3797090030114,158.25977795232612,158.79900260727274,1155900
2015-08-14,159.2967529296875,159.34652595361752,158.43397832006863,158.55011959538854,742500
2015-08-17,160.18434143066406,160.18434143066406,158.33437300255372,158.79893792993167,1926300
2015-08-18,159.69496154785156,160.24249016832948,159.51245200769225,159.97701714320664,1023800
2015-08-19,158.43394470214844,159.73639762471583,157.72050197415382,159.09761441677432,1771900
2015-08-20,155.1073455810547,157.5629075136763,155.0907503541122,157.09005114263363,4195700
2015-08-21,150.1879119873047,154.32754153666622,150.1879119873047,153.53943910989855,6145900
2015-08-24,144.06561279296875,148.94355987656692,139.43653087298384,142.6884998148666,12325000
2015-08-25,142.31512451171875,149.15919187595802,142.16579282319793,148.62825867161547,8132200
2015-08-26,147.96461486816406,148.08904741497915,143.25257077974283,146.19759675270006,7086100
2015-08-27,151.58157348632812,151.6479417183336,148.44574731013336,149.98877389353441,7168800
2015-08-28,151.58157348632812,151.9714789378316,150.51140315060294,150.95938555202844,2945000
2015-08-31,150.24600219726562,151.43230158428702,149.82291879195154,150.71885863162245,1923000
2015-09-01,145.65838623046875,148.0807704237082,145.03619811944478,146.92764896428173,8531800
2015-09-02,148.5950927734375,148.60339671544418,146.3386231176081,148.06415948138635,2424000
2015-09-03,148.71958923339844,150.60273658449975,148.25502402504827,149.29200445742006,2420200
2015-09-04,146.4132843017578,147.40878256724474,145.708132840379,146.73682155450226,2317700
2015-09-08,150.1630096435547,150.27915090832377,148.42918195577022,149.05137001527217,2248500
2015-09-09,148.13882446289062,151.68944305426731,147.8069832599667,151.6479613215959,2125500
2015-09-10,148.9683837890625,149.97217319770309,147.7240079658765,147.873326988605,1774400
2015-09-11,149.5906219482422,149.67357276925054,147.93974491124436,148.5702243163967,2185000
2015-09-14,149.0264892578125,149.8063003478398,148.64487499687078,149.8063003478398,905300
2015-09-15,150.96775817871094,151.33277732219807,149.13438383317697,149.5076942632151,1641500
2015-09-16,152.28677368164062,152.4112062450016,150.90966090767935,151.26637602828077,2098900
2015-09-17,151.88853454589844,154.29433578886352,151.59818773518631,152.14570356566682,3106200
2015-09-18,149.43299865722656,151.017494780981,149.06797960180262,149.66528120914188,3205200
2015-09-21,150.2028045654297,151.12019326212558,149.2353653791431,150.2444942180865,1467600
2015-09-22,148.2428741455078,148.65987238501697,147.23373280655403,148.284576514614,2469500
2015-09-23,147.97596740722656,148.8266472539688,147.4922607191976,148.4430160564597,1670300
2015-09-24,147.517333984375,147.87594644148163,145.69087925429085,146.8251152262375,2562400
2015-09-25,147.41725158691406,149.04355532675925,146.64164076704424,148.85172692387943,3436300
2015-09-28,143.70596313476562,146.67498922242,143.46410970155344,146.6666538370607,3732900
2015-09-29,143.781005859375,145.04868422910977,142.91365501215307,144.00618850006623,3219500
2015-09-30,146.54153442382812,146.64994531811823,144.84017439316472,145.58243078842932,4123600
2015-10-01,146.95016479492188,147.14198040587175,145.11537523934953,146.758349183972,3948400
2015-10-02,149.076904296875,149.076904296875,144.57332738325312,145.11542012674826,2307200
2015-10-05,151.75401306152344,151.93748058903432,150.11937427562475,150.23613327991913,2049100
2015-10-06,151.24525451660156,152.129288677841,150.61140909852398,151.68727159722127,1325400
2015-10-07,152.51292419433594,152.77980916225496,150.99505729806737,152.12094485131465,1693800
2015-10-08,153.8556671142578,154.10586860348965,151.85408065195594,152.15431989387886,3109600
2015-10-09,153.93905639648438,154.35605459474365,153.38028033790997,154.00577763529887,1651000
2015-10-12,154.12255859375,154.2309694872256,153.60547210066474,154.02247035837198,885100
2015-10-13,153.0967559814453,154.5479018641805,152.94662998191336,153.4386849024781,1022300
2015-10-14,152.37954711914062,153.56382094073135,152.11266205895,152.99669655071628,1184100
2015-10-15,154.66468811035156,154.69805510535787,152.63808220312666,152.95499230100688,2523100
2015-10-16,155.29014587402344,155.40690487508198,154.38942812623895,155.05662787190636,1241200
2015-10-19,155.4736328125,155.48196819658548,154.54789614792256,154.83980002601834,768900
2015-10-20,155.27345275878906,155.84891234469484,154.87313802650607,155.14002299854533,1151200
2015-10-21,154.26434326171875,155.79889386341327,154.1726031319556,155.78221036915338,1556900
2015-10-22,156.93313598632812,157.10828086864763,155.09834604315122,155.14004841758708,1498300
2015-10-23,158.64283752441406,158.9847791916153,157.74211965084362,158.45935725058794,1624300
2015-10-26,158.2675323486328,158.55942351210643,157.95060958039164,158.55108812770243,1150500
2015-10-27,157.9589385986328,158.25917786018775,157.33344119754142,157.69206632490463,1442400
2015-10-28,159.79371643066406,159.79371643066406,157.67535843364277,158.32587461206026,2251900
2015-10-29,159.7353515625,160.00223655577753,159.20159430172185,159.32668868871014,1779000
2015-10-30,158.92637634277344,160.1273333792421,158.92637634277344,159.97722011257204,2011600
2015-11-02,160.8112030029297,161.0363728838391,159.16822896400734,159.27663984992728,2403500
2015-11-03,161.3199462890625,161.84536818693493,160.36085534847314,160.5776898698316,3920400
2015-11-04,160.86126708984375,161.71193445298834,160.36086404323555,161.6035235493198,1786700
2015-11-05,160.6610565185547,161.32825614438892,159.88544602063666,160.95296033166167,2185100
2015-11-06,160.59434509277344,160.81952768447408,159.3933882380702,160.34414362708108,2172600
2015-11-09,159.09317016601562,160.13566580679,158.2508382695496,160.03559029752427,2127800
2015-11-10,159.39340209960938,159.50182571351928,158.38427349211804,158.67616462266395,1257500
2015-11-11,158.78457641601562,159.75201530839203,158.78457641601562,159.69362945116356,1114700
2015-11-12,156.65794372558594,158.3009183124098,156.60790595758607,157.9256223266305,2454900
2015-11-13,154.84812927246094,156.47441990907504,154.77307264133492,156.24925001569696,3224000
2015-11-16,157.2250213623047,157.25004023886368,154.58958940802754,154.70634840722835,1687100
2015-11-17,157.03317260742188,158.28416717596053,156.6495413995039,157.50855665183846,1879900
2015-11-18,159.56021118164062,159.71865982171846,157.533593136639,157.55027662930164,2858600
2015-11-19,159.47677612304688,159.86040730091378,159.20989119429265,159.54349735523542,2154800
2015-11-20,160.06895446777344,160.6777811222345,159.71034205352,160.13567572000662,1317600
2015-11-23,159.88552856445312,160.57773469434048,159.46018206143154,160.035641876733,1308100
2015-11-24,160.14401245117188,160.44425170199892,158.6094492104021,158.98475781826846,1572000
2015-11-25,160.09397888183594,160.385870030746,159.85211276263183,160.25242753227317,758700
2015-11-27,160.25244140625,160.44426978657876,159.71034870721564,160.19406826172514,894500
2015-11-30,159.60194396972656,160.51934542752642,159.49353305255363,160.50266193035378,1551000
2015-12-01,161.14479064941406,161.21151189066978,159.9438337583622,160.1690163568783,1812900
2015-12-02,159.4434356689453,161.33661117919945,159.22660117259045,161.11142857382362,1999600
2015-12-03,157.17495727539062,159.91879965978228,156.5661307790566,159.760338317607,2724400
2015-12-04,160.26080322265625,160.5610425330022,157.49192816882362,157.61703530483902,2900700
2015-12-07,159.25161743164062,160.02724073706923,158.44263986800385,160.02724073706923,1752800
2015-12-08,158.23411560058594,159.05977652494235,157.3500815522021,157.83380093685574,1721700
2015-12-09,157.04986572265625,159.56020312185993,156.12412917617505,157.72540079494175,4500300
2015-12-10,157.4084930419922,158.60943722880248,156.87473582815124,157.20832931463593,4083800
2015-12-11,154.2726593017578,156.0824300658151,154.08084368204206,155.4902997144999,3084400
2015-12-14,155.19839477539062,155.19839477539062,152.87988568562196,154.5562266778666,2722600
2015-12-15,156.8163604736328,157.5919838340419,156.39936222470527,156.5828424722955,3799300
2015-12-16,159.01812744140625,159.3600690956721,156.5411565642343,157.85887269651062,6361700
2015-12-17,156.6995849609375,159.42675678476877,156.6412118296425,159.4100732933522,3096000
2015-12-18,153.78895568847656,156.02407301568084,153.78895568847656,155.91564939407618,4531400
2015-12-21,155.1497344970703,155.26720184358595,153.9248532144517,154.99034195876754,2168400
2015-12-22,156.5508575439453,156.79415173548406,155.04071814353136,155.9216338605719,2423300
2015-12-23,158.43011474609375,158.51401634936926,157.36463863370122,157.51564615769234,2275500
2015-12-24,158.1532440185547,158.70696383855574,158.01062154399438,158.30426433382155,1170800
2015-12-28,157.80934143066406,157.8764473736888,156.88647469417933,157.59960015433495,2668300
2015-12-29,159.57113647460938,159.8312135698925,158.84962608047408,158.92512985621636,1757100
2015-12-30,158.39657592773438,159.394946208548,158.28750639405573,159.37816332607701,2535800
2015-12-31,156.8277130126953,158.36302041770404,156.8277130126953,157.82608335815914,2395200
2016-01-04,154.62954711914062,154.6379449572713,152.75865984229952,154.17651191547213,4193500
2016-01-05,154.90647888183594,155.3091784500616,153.89132571844692,154.84775799556417,2882500
2016-01-06,152.9433135986328,153.84939728469396,152.0120619880913,152.63288786072613,2755100
2016-01-07,149.2183074951172,151.85265694328518,148.91627959907802,150.3005666549971,4952500
2016-01-08,147.6326446533203,150.6193574503236,147.36416975842278,150.1495391858405,7357300
2016-01-11,147.64939880371094,148.76522336552497,146.03019031271077,148.53030147740904,4493300
2016-01-12,148.874267578125,149.63772844608692,147.0369330328122,149.12595952160063,2998800
2016-01-13,145.23318481445312,149.87265874377906,144.90598908205968,149.6964705179122,4125700
2016-01-14,147.59071350097656,148.64780473680432,144.35230825924344,145.80371404845863,5081400
2016-01-15,144.42779541015625,145.19125650451247,142.70792768983415,143.63078135412616,8087300
2016-01-19,144.58717346191406,146.22315206813914,143.22805474314023,146.14764831744847,5863300
2016-01-20,142.8925018310547,144.20128497109687,139.23461451067604,142.2800482629779,8577600
2016-01-21,143.58883666992188,145.25838141967517,142.0619272177276,143.28680879563456,3004600
2016-01-22,146.53363037109375,146.7014208112323,145.29195295057042,146.0050783231468,2611700
2016-01-25,144.36070251464844,146.25675865923466,144.15934632167023,146.06380030862366,2756400
2016-01-26,146.3154754638672,146.5336145339021,144.62916060010625,145.0150900921451,2263700
2016-01-27,144.65432739257812,147.3390125284213,143.88248121612247,145.8876068271291,3543000
2016-01-28,145.44297790527344,146.2735578923605,144.0083420733213,146.0889845618967,2616400
2016-01-29,149.12599182128906,149.12599182128906,146.0469925699457,146.26511880735777,4453100
2016-02-01,148.9917449951172,149.6629193469429,147.58229037771056,148.16956313496334,3923200
2016-02-02,146.29029846191406,147.73331904445416,145.81209514880052,147.54036071120396,5101200
2016-02-03,147.14599609375,147.49835967857283,143.94115807850426,147.21311479584722,3871000
2016-02-04,147.33058166503906,148.24505005474376,146.17280635965378,146.77686192754308,3562200
2016-02-05,144.56202697753906,146.97824977054916,144.00830712054304,146.85239736582062,2371900
2016-02-08,142.57369995117188,143.14418994960093,140.62729520022611,142.86732999097904,3402000
2016-02-09,142.6156463623047,143.77340920625784,140.92093369884037,141.09710915697772,2360700
2016-02-10,142.52334594726562,144.84726925264823,142.38910850535257,143.4042487560507,1953600
2016-02-11,140.69432067871094,141.55006791076107,139.31003460468355,140.32517431188225,3439200
2016-02-12,143.5804443359375,143.5804443359375,141.53336804770964,142.23809545138516,1800300
2016-02-16,145.9882354736328,145.9882354736328,144.34387191347528,145.3086761491688,2361000
2016-02-17,148.37930297851562,148.70649871185486,146.9194997366097,147.08730292423877,2265400
2016-02-18,147.75009155273438,148.68134299350803,147.49001451278997,148.66456011305087,1646000
2016-02-19,147.71652221679688,147.82557892371034,146.52518106657007,147.053732928883,1136900
2016-02-22,149.83071899414062,149.9649564331189,149.0924386829335,149.15115956149478,2603100
2016-02-23,147.951416015625,149.49510784569324,147.8423465184016,149.2685838136078,2076000
2016-02-24,148.6477813720703,148.87430545899554,145.64429856753677,146.6426559547669,2599800
2016-02-25,150.43475341796875,150.43475341796875,148.35412461405588,149.08401978281896,2546000
2016-02-26,150.1578826904297,151.31565795164397,149.95653937653785,151.1814205413267,2560800
2016-02-29,148.81556701660156,150.97169970302107,148.81556701660156,150.12434993934428,3128400
2016-03-01,152.4818572998047,152.4818572998047,149.61259912779525,150.04046658097295,3041400
2016-03-02,153.12779235839844,153.14456242997056,151.77705910512287,152.15459054079764,3839200
2016-03-03,153.68995666503906,153.72350962279182,152.43989456217784,152.91811062086236,3150400
2016-03-04,154.18492126464844,154.9232142479447,153.15299833687536,153.90806139591234,2821000
2016-03-07,154.3527069091797,154.69668547510474,153.32078401298864,153.4046855954625,3449900
2016-03-08,152.61607360839844,153.80740196150037,152.50700409949107,153.3879196061158,3385400
2016-03-09,153.45506286621094,153.71513991989823,152.69998682478356,153.40472702376664,1641600
2016-03-10,153.53890991210938,154.69668517980114,151.87776355528771,153.8493355254028,2090500
2016-03-11,156.03067016601562,156.05583808592843,154.75545288514394,154.84773952535318,2231000
2016-03-14,155.79576110839844,156.21524350922968,155.26722198843024,155.54406910758232,1412800
2016-03-15,155.59446716308594,155.59446716308594,154.72193632336783,154.9568455183094,1325300
2016-03-16,156.5256805419922,156.827695602969,155.09104499441298,155.10782787610765,2700700
2016-03-17,157.51564025878906,157.9267376169039,156.047451867562,156.39981554526608,1937300
2016-03-18,158.10292053222656,158.38816550363154,157.64988515420615,158.01903172971257,2623400
2016-03-21,158.3441162109375,158.52125001087603,157.65247970182634,157.88020661137458,1535400
2016-03-22,158.2598114013672,158.74902409659944,157.48382284453788,157.6356408170448,1521600
2016-03-23,157.24757385253906,158.0320049908759,157.03670706603705,157.8801742120451,1633300
2016-03-24,157.13796997070312,157.15484292139428,156.04988988120593,156.25232667862852,1874800
2016-03-28,157.24757385253906,157.677750333987,156.81741024137838,157.52591955515618,1271200
2016-03-29,158.7574462890625,158.7574462890625,156.57286865738246,156.87651745767602,1604900
2016-03-30,159.42373657226562,160.02260396873027,159.0610518409602,159.55869441798845,1908400
2016-03-31,159.04417419433594,159.65990165061024,158.84175030202007,159.28878689126847,3007800
2016-04-01,160.0648193359375,160.2250802084272,157.81276282058897,158.06579275579193,2971800
2016-04-04,159.5587921142578,160.17451996572547,159.27201616922318,160.03957490766567,1259500
2016-04-05,157.93930053710938,158.74903505726485,157.72843364720669,158.35260427462433,1737500
2016-04-06,159.6599884033203,159.73591027447978,157.8043621171873,158.05740499036344,1860800
2016-04-07,157.7789764404297,158.99357129898905,157.10420008897577,158.7152255713785,2635300
2016-04-08,158.20925903320312,159.22141780385,157.72004617215947,158.83341695878187,2043800
2016-04-11,157.79588317871094,159.40690900609624,157.7537072345345,158.79116853576082,1355300
2016-04-12,159.33103942871094,159.56720934922765,157.5850680255841,157.9730559505921,1590700
2016-04-13,160.92515563964844,160.97577449974358,160.01422208261474,160.15761001048656,1972900
2016-04-14,160.9082794189453,161.363746151783,160.6046306402898,160.96731544436358,3214800
2016-04-15,160.73118591308594,160.97579872767147,160.4444100141806,160.93362277305732,2059700
2016-04-18,161.89517211914062,161.89517211914062,160.13232793581585,160.25041288421335,2345300
2016-04-19,162.38438415527344,162.6036810955361,161.64212855700893,162.24942625189914,1633300
2016-04-20,162.51934814453125,163.15194891130363,161.9879722522434,162.45188205526892,1636800
2016-04-21,161.61680603027344,162.63740735456486,161.41436919967305,162.53618250411841,1814700
2016-04-22,161.65899658203125,161.89516647058622,160.84083201443235,161.3553477438472,1863900
2016-04-25,161.39747619628906,161.4059062361516,160.55400887960144,161.16130637723973,2368000
2016-04-26,161.6336669921875,162.08070369842525,161.2203633200676,161.7095759716713,1715300
2016-04-27,161.97108459472656,162.3169094047136,160.93362303505978,161.27944784504683,1971700
2016-04-28,160.5118408203125,162.28311455014625,160.132283083226,161.2878292453288,1578800
2016-04-29,159.6008758544922,160.24190633833697,158.61402070542144,159.93825761013912,2785500
2016-05-02,160.87451171875,161.06007555113587,159.70209270701525,160.09852336072242,1638900
2016-05-03,159.49972534179688,159.9720651297654,158.80807574491874,159.78650123159292,2351900
2016-05-04,158.56346130371094,159.22979497143598,158.12485459630742,158.56346130371094,2079600
2016-05-05,158.5465545654297,159.33097300219438,158.20917278257627,159.05264010999983,1611600
2016-05-06,159.12014770507812,159.17919661115036,157.72843139966898,157.90556524759236,1551400
2016-05-09,159.288818359375,159.64307311120027,158.87551471376682,159.03577557370247,1569000
2016-05-10,161.26260375976562,161.2794767187184,159.87087422783893,159.9299231490252,1021100
2016-05-11,159.7527313232422,161.16133330330808,159.74430128197122,160.85768450375676,2725500
2016-05-12,159.84548950195312,160.50339299148723,158.87550721797828,160.37687803976533,1783200
2016-05-13,158.3694305419922,160.01420222825377,158.11640062437425,159.4996866119459,1658700
2016-05-16,159.94674682617188,160.3937835734565,158.51284177381763,158.55501772305615,1075000
2016-05-17,158.5381622314453,159.9636115427698,158.0067735702926,159.71058158059526,3327100
2016-05-18,158.5128173828125,159.5840245512356,157.54283505104462,158.15013258981276,1942000
2016-05-19,157.9983367919922,158.22606374824002,156.85965052958284,157.85493599248312,1796000
2016-05-20,158.98512268066406,159.45746221039647,158.48746729657242,158.54651617293243,1588700
2016-05-23,158.77435302734375,159.22981988955632,158.58878911710667,158.97677702375165,1415400
2016-05-24,160.79026794433594,161.11077695077674,159.48289030375997,159.52506626706185,1985400
2016-05-25,161.88673400878906,162.30003777558855,161.4059641582988,161.42283711436872,2006700
2016-05-26,161.96255493164062,162.24933065462224,161.67576633837257,162.06376686439026,1225300
2016-05-27,162.5952606201172,162.64586661928672,162.08074484473568,162.10604784432044,988600
2016-05-31,162.4011993408203,163.0169397783692,161.84452066632298,162.9241578542379,2821900
2016-06-01,162.7049102783203,162.83986819595341,161.63371559163298,161.84458251157392,2375500
2016-06-02,163.19406127929688,163.19406127929688,161.87825425637752,162.32529092774652,1601700
2016-06-03,162.72174072265625,163.00851656998154,161.59992745722167,162.66270469305024,1897100
2016-06-06,163.50616455078125,163.83511632984136,162.8904240674371,163.0338119844334,1177600
2016-06-07,163.8013458251953,164.2905583998647,163.64952789010283,163.6748308792849,1551200
2016-06-08,164.34124755859375,164.43402952265228,163.80987164652777,163.91951369838162,1041100
2016-06-09,164.08816528320312,164.21469313307458,163.42183160693472,163.64957144046897,1521600
2016-06-10,162.51089477539062,163.15192549373833,162.0469850389511,162.84828952475286,1932900
2016-06-13,161.28782653808594,162.76389438998328,161.2034746555757,161.971033027432,2318200
2016-06-14,160.93357849121094,161.4818271394581,160.09011111219024,160.9588814829583,2051200
2016-06-15,160.69740295410156,161.91199799605116,160.56244508937596,161.32156055544928,1590700
2016-06-16,161.22036743164062,161.38062830594345,159.05266278369652,159.92143322516685,2744400
2016-06-17,160.6215362548828,161.18667089865355,160.0311114818702,161.18667089865355,1701000
2016-06-20,161.65052795410156,163.00851103241214,161.57461897420453,162.4180864049492,1192800
2016-06-21,162.11085510253906,162.4583952025981,161.61071244561168,162.03455382410488,1826500
2016-06-22,161.83956909179688,162.93308694763797,161.7208940388369,162.2888398590461,2245900
2016-06-23,163.933349609375,163.97573632942888,162.7550712256984,163.19586983195907,2582200
2016-06-24,157.95716857910156,160.9071132653073,157.66895960670743,158.51664218523814,10310500
2016-06-27,155.1682891845703,156.8721264077138,154.5070978481499,156.8721264077138,7717000
2016-06-28,158.03341674804688,158.04190184982616,156.42282543195944,156.71103433111506,4475900
2016-06-29,160.75450134277344,160.94099251891114,159.24562759737395,159.32191591453724,4147800
2016-06-30,162.9246063232422,162.95852087336945,160.66129515016067,161.16990992518146,3822200
2016-07-01,163.26364135742188,163.7044269085516,162.81437070383484,162.8313150395347,2170900
2016-07-05,162.11924743652344,162.60243257867063,161.54282965424892,162.5261313378117,2233000
2016-07-06,163.07717895507812,163.17042455630573,161.0342608320247,161.66155059797498,2197800
2016-07-07,162.96701049804688,163.82316542859823,162.28038953245655,163.22979008392835,1704900
2016-07-08,165.44219970703125,165.603261459098,163.95028309374536,164.1367742872322,2048200
2016-07-11,166.0186767578125,166.493377042561,165.64569426704932,165.82370040652367,3590400
2016-07-12,167.18849182128906,167.4512714461549,166.64597529216192,166.85789601345556,2356700
2016-07-13,167.129150390625,167.57842125716323,166.73073842450793,167.57842125716323,2767300
2016-07-14,168.1039276123047,168.51929672614952,167.7479024866989,168.3328055268404,3691100
2016-07-15,167.84962463378906,168.62949106278344,167.46817005601926,168.62949106278344,2346500
2016-07-18,168.33282470703125,168.4684570373666,167.75639377041156,167.9683144360814,1155700
2016-07-19,168.1463623046875,168.17179175415728,167.7394781785575,167.95139888054797,1003200
2016-07-20,168.82447814941406,169.06182825449574,168.1887161676716,168.62102965879663,1096900
2016-07-21,168.18878173828125,168.96017634784036,167.81579916070913,168.74825560463944,4509800
2016-07-22,168.96856689453125,169.0109536096181,168.09545488910211,168.36670658336087,1678900
2016-07-25,168.56170654296875,168.83295827529687,167.9852755930282,168.77362721353592,1172600
2016-07-26,168.55322265625,168.90077566279885,167.81574285642156,168.43454759725907,1405300
2016-07-27,168.4430389404297,168.9770702583605,167.714031284027,168.9346835354487,2120100
2016-07-28,168.6295623779297,168.86692550285107,167.82426616549006,168.2565927464596,937200
2016-07-29,168.9262237548828,169.1974884537252,168.11245552758118,168.37523512045175,1758600
2016-08-01,168.7312774658203,169.2907512630193,168.33286548308294,168.96862763409612,2111500
2016-08-02,167.6801300048828,168.63801569314296,166.89179122169065,168.51085551434198,4085800
2016-08-03,168.1632843017578,168.1971859157339,167.33254601132327,167.62076793586712,2057500
2016-08-04,168.32431030273438,168.60403412877565,167.88351180705044,168.2649663226235,1384700
2016-08-05,169.6806182861328,169.7230050015051,168.84989299019585,168.97704020170323,1818600
2016-08-08,169.59580993652344,169.96877929657714,169.3584469843353,169.88401882435824,1441900
2016-08-09,169.70608520507812,170.15535603109714,169.4178761722758,169.69761303397652,1821100
2016-08-10,169.2737274169922,169.87557477322403,168.96856118712807,169.8247158906815,1222300
2016-08-11,170.10443115234375,170.29092232113828,169.53648547814484,169.7992649610988,1644700
2016-08-12,169.9348907470703,170.12985407621505,169.57038059125335,169.80774356167302,1718400
2016-08-15,170.42660522460938,170.7317715064781,170.257071275707,170.290972891643,1051100
2016-08-16,169.54502868652344,170.0960302559654,169.53655651515828,170.05364352991404,1731200
2016-08-17,169.82476806640625,169.98582986701368,168.80755129920658,169.5789457470564,3157700
2016-08-18,170.23162841796875,170.2655300312337,169.74844312032423,169.85016089472933,5211200
2016-08-19,169.9942626953125,170.1468522891145,169.37545801979488,169.82472876245137,1190800
2016-08-22,169.9773406982422,170.17230409992817,169.4348242810117,169.79084946719937,880300
2016-08-23,170.29095458984375,170.81651365534069,170.26552514697195,170.5367768491411,1214400
2016-08-24,169.46875,170.27404610242576,169.07882314117273,170.19775775195262,1161300
2016-08-25,169.33306884765625,169.7145363593251,168.96857154402042,169.09571875817016,1262600
2016-08-26,169.01097106933594,170.4265995441339,168.21414730798136,169.50262855899325,2890600
2016-08-29,169.86717224121094,170.0875651341147,169.10426282110117,169.1381644451578,1140700
2016-08-30,169.54502868652344,170.01974190984063,169.07032839781905,169.7739066595105,1407400
2016-08-31,169.12966918945312,169.38397660631915,168.39217638708044,169.2822458788052,2343900
2016-09-01,169.09576416015625,169.35854376302828,168.04464574866822,169.1127214381325,2196100
2016-09-02,169.8501434326172,170.24008308543102,169.35001384706305,169.88405797700563,1555800
2016-09-06,170.38424682617188,170.41814844774322,169.46874782838512,170.1214672215005,1589600
2016-09-07,170.375732421875,170.5113518091566,169.80778662538984,170.23162793034385,1455400
2016-09-08,169.9773406982422,170.31640860853187,169.69760385167794,170.06210120850878,2180400
2016-09-09,165.87449645996094,168.84138505021036,165.86602429187616,168.7566245655393,3435600
2016-09-12,168.248046875,168.64645875082812,165.12858096638303,165.19639712978042,2799900
2016-09-13,165.84942626953125,167.3224666261348,165.28745261010712,167.10108896897182,3365300
2016-09-14,165.7472686767578,166.99040846622708,165.2874672809956,165.89201711841326,2967100
2016-09-15,167.45018005371094,167.7992860527165,165.50030546797387,165.6195108100236,1874400
2016-09-16,166.79458618164062,167.05002997676587,166.1815262703045,166.90528152442417,1774100
2016-09-19,166.84567260742188,167.97813014009557,166.58171878259026,167.42467941012032,2061400
2016-09-20,166.86270141601562,167.76525821052283,166.82863531485827,167.62050976163118,1294100
2016-09-21,168.73594665527344,168.8806951148369,166.87122374795925,167.4757736601707,2238800
2016-09-22,169.74920654296875,170.04722649769928,169.42564350553704,169.6640542723565,2215200
2016-09-23,168.83815002441406,169.53636236147227,168.77855382065363,169.42566699281323,1413400
2016-09-26,167.49282836914062,168.25063686861296,167.31401378278719,168.1399415059935,2451600
2016-09-27,168.5146026611328,168.59974195251303,167.02452864162814,167.33956870532225,1468000
2016-09-28,169.42564392089844,169.5022861616023,167.8504308500089,168.74446473156755,1419900
2016-09-29,167.8333740234375,169.5363152593336,167.34802953485004,169.1957322091186,2074600
2016-09-30,169.17874145507812,169.73219229814777,168.37835679531796,168.59973453406306,3147400
2016-10-03,168.64234924316406,168.88928311632918,168.12295139787722,168.7445216086576,2136000
2016-10-04,167.85891723632812,168.99137471819063,167.2969435098561,168.80405014269994,2846600
2016-10-05,168.55712890625,168.96583116416716,168.35277128108615,168.39534741037994,1126700
2016-10-06,168.75296020507812,168.88067559804765,167.87594652692675,168.36980103375933,1117400
2016-10-07,168.13143920898438,169.1021154551201,167.4417369091073,168.94884394656498,1795100
2016-10-10,168.90623474121094,169.40008929501371,168.131406296152,168.131406296152,1297400
2016-10-11,166.8542022705078,168.6508059476273,166.19856620077675,168.59119676291917,2643500
2016-10-12,167.06707763671875,167.51835608419,166.53915694932027,166.99043539679153,1458700
2016-10-13,166.53062438964844,166.98190277606702,165.117180051004,165.89202142859455,2407100
2016-10-14,166.5731964111328,167.84187928066447,166.55616336138314,167.44168706221336,1218800
2016-10-17,166.07937622070312,166.82866166316336,165.87501855871605,166.58174085662355,1323200
2016-10-18,167.05853271484375,167.53535418231422,166.73498271472337,167.48426802400104,1263300
2016-10-19,167.518310546875,167.80780739817777,166.99891302311005,167.30544292225673,1041300
2016-10-20,167.24586486816406,167.71417632793836,166.632804955807,167.2032887368371,1309600
2016-10-21,167.2884521484375,167.37360441676643,166.36035218874773,166.49657762869714,1376300
2016-10-24,167.96961975097656,168.29316976503944,167.69714290501722,168.05475902103055,817000
2016-10-25,167.49282836914062,168.07182228225952,167.29698072875033,167.8504445494341,1465300
2016-10-26,167.1181182861328,167.62048276179215,166.4880254403238,166.68386001699616,1202300
2016-10-27,166.6754150390625,167.79936277147,166.590262759063,167.7738066935391,1635500
2016-10-28,166.1474609375,167.22881923586536,165.525878050195,166.64131544043363,2632000
2016-10-31,166.1474609375,166.66685851882585,166.01973255312862,166.45399087061708,1816300
2016-11-01,164.989501953125,166.49659592736884,163.86555425123458,166.4795758657621,2456600
2016-11-02,163.89964294433594,165.02357780868903,163.56756980345716,164.69150466781025,3395900
2016-11-03,163.260986328125,164.3338346647304,162.96296640508467,164.155020112424,1512200
2016-11-04,163.03961181640625,164.08693016931767,162.90338637377783,163.3120886864876,2221300
2016-11-07,166.61573791503906,166.66683705765382,165.19378376719416,165.33002216268324,2699100
2016-11-08,167.3821563720703,167.89303113277023,166.0538638048691,166.3007846570118,3055900
2016-11-09,169.17018127441406,169.73215501750263,165.9686563309829,165.985689381734,6119100
2016-11-10,169.5618438720703,170.66875817944694,168.2590949771485,169.89391686504234,5126400
2016-11-11,169.2467803955078,169.40856185540665,168.3357008023545,168.94876054912498,1954200
2016-11-14,169.27235412597656,169.85987090573786,168.64226121867705,169.69808941653866,2651000
2016-11-15,170.64324951171875,170.65175954162038,169.50228186912054,169.68959347384094,2532400
2016-11-16,170.3536834716797,170.54099500040567,169.99605448231213,170.10674978818338,1195000
2016-11-17,171.1626739501953,171.25633626341667,170.39634238954395,170.47298464029893,1178200
2016-11-18,170.8560791015625,171.41805276767766,170.66875454619077,171.28181436515112,1668300
2016-11-21,172.11624145507812,172.15029455744977,171.23922790441432,171.3584332513276,2641300
2016-11-22,172.4313201904297,172.61864477666418,171.80124021165116,172.49092937350943,2773400
2016-11-23,172.58460998535156,172.6016430383839,171.80125844722838,172.11629847005707,1466300
2016-11-25,173.27432250976562,173.27432250976562,172.8145339553947,172.91670630249612,1843100
2016-11-28,172.45689392089844,173.16361625958308,172.29512537895593,172.90818540787723,2193000
2016-11-29,172.72933959960938,173.14656490267433,172.14182276204835,172.4313196699328,1689600
2016-11-30,172.337646484375,173.43605084841008,172.26101724755685,173.29981243245976,2360100
2016-12-01,171.66505432128906,172.60167753909616,171.35001423548817,172.576121458233,3284100
2016-12-02,171.7842254638672,172.19292778992053,171.4436423575582,171.7416493274754,2118900
2016-12-05,172.7718963623047,173.10396936468808,172.35467110601383,172.5419956706824,2070500
2016-12-06,173.37648010253906,173.38500312568183,172.54204235658753,172.99332084110105,2413300
2016-12-07,175.57325744628906,175.67544276612128,173.1039975892779,173.23171299855326,2253900
2016-12-08,176.0330352783203,176.48431365374108,175.36036623332018,175.6158100099986,2983000
2016-12-09,177.10589599609375,177.13143907631567,176.2373922913147,176.271458393218,1972000
2016-12-12,176.91004943847656,177.46350012913047,176.54391032599904,177.03776483096277,2419600
2016-12-13,178.119140625,178.55338596283124,177.50608074076146,177.55716689904622,2670200
2016-12-14,176.64613342285156,178.45975734620114,176.2374180946375,177.82115426233128,4232900
2016-12-15,177.30174255371094,178.15321326490331,176.74829178840068,176.86749716827114,2812500
2016-12-16,176.99520874023438,177.82113635157552,176.72274487461482,177.80411629225733,3074000
2016-12-19,177.3953857421875,177.78706794380432,177.04627967002628,177.1910411086575,2042000
2016-12-20,178.07655334472656,178.22130178160637,177.6848711683855,177.88922878113863,3195300
2016-12-21,177.59121704101562,178.1276346472135,177.59121704101562,178.00842929112406,1546600
2016-12-22,177.36505126953125,177.5621234470357,176.92809071568152,177.49357830794483,1863700
2016-12-23,177.519287109375,177.54498990319797,177.15943492220444,177.33935447896525,1278900
2016-12-27,177.95623779296875,178.34179275254564,177.7677419329715,177.7677419329715,1818500
2016-12-28,176.5510711669922,178.27323646536018,176.42255722247805,178.21325457548932,2228000
2016-12-29,176.51683044433594,176.9023854067962,176.0798568230524,176.58537558245195,1772700
2016-12-30,175.90847778320312,176.8680834455277,175.22303956426558,176.81667786699555,4251000
2017-01-03,177.1337127685547,177.63921842335586,176.12268838530485,177.0822941128796,4750200
2017-01-04,178.1790008544922,178.36748362824875,177.45928349456486,177.52782862758875,4622400
2017-01-05,178.0419158935547,178.24753822510598,177.36504085580438,177.99907354993226,2772100
2017-01-06,178.73593139648438,179.1471891654169,177.6992041237444,178.20472290021115,2194600
2017-01-09,178.17047119140625,178.62457137714318,178.11906559659084,178.50462063135703,1705200
2017-01-10,178.1447296142578,178.9158525895777,177.79344069462257,178.12759006183347,2189400
2017-01-11,178.65023803710938,178.65023803710938,177.4592940614047,178.07618722170548,5677600
2017-01-12,178.25607299804688,178.3760236880483,176.96230511984092,178.18752787895397,3244600
2017-01-13,178.6073760986328,178.88154352326129,178.32463236240466,178.36746162582,2822700
2017-01-17,177.97337341308594,178.3932074690115,177.63922404568328,178.03334223613362,1690000
2017-01-18,178.35040283203125,178.4018084265541,177.71636999439755,178.2218757720734,1980500
2017-01-19,177.75062561035156,178.5817044013654,177.33079152115988,178.44462719197435,1666900
2017-01-20,178.32467651367188,178.81304267087413,177.83629728282062,178.33323975374594,2082500
2017-01-23,177.9133758544922,178.3931917648747,177.21081115031396,178.0761689041661,4586600
2017-01-24,179.0443572998047,179.41277267918522,177.9990669079313,178.09331483092473,1940100
2017-01-25,180.5352020263672,180.58660761232267,179.74693946288798,179.90973253417937,2873000
2017-01-26,180.3981170654297,180.69798735022513,180.14107605442726,180.48378868666458,2485100
2017-01-27,180.14108276367188,180.57804334709613,179.95258688682625,180.48379540867333,1428200
2017-01-30,179.05291748046875,179.5155938485873,178.11045134027952,179.48131474609485,2782300
2017-01-31,179.0443572998047,179.0443572998047,178.033332937362,178.50457255232905,3787100
2017-02-01,179.07009887695312,179.80694286896218,178.53031401255984,179.6013074268957,2698800
2017-02-02,179.1471405029297,179.41274467891913,178.41029678551777,178.71874329684474,1661300
2017-02-03,180.4751739501953,180.55228230939943,179.72976699726522,179.9953711725095,4264400
2017-02-06,180.09823608398438,180.38954313259578,179.78978948144024,180.02969094190246,1345500
2017-02-07,180.14108276367188,180.6465884908263,179.91832085178586,180.48379540867333,1194600
2017-02-08,180.3724365234375,180.44954491415606,179.60988971003587,180.14109827763124,1096100
2017-02-09,181.40054321289062,181.67471067065597,180.3723923673877,180.3723923673877,1237100
2017-02-10,182.1287841796875,182.32584322273172,181.64896835412088,181.75179256785026,1412400
2017-02-13,183.0970001220703,183.3540411121908,182.55722842382988,182.59149445481032,1756300
2017-02-14,183.8595428466797,183.8595428466797,182.63433289220794,182.96848225012275,2528100
2017-02-15,184.79347229003906,184.97340492717558,183.61966774941092,183.64537054419478,2050200
2017-02-16,184.6477813720703,184.98193071024758,183.97948269571577,184.8448535237071,1920100
2017-02-17,184.9305419921875,184.9305419921875,184.0309050539481,184.07374739836862,1452600
2017-02-21,186.0186767578125,186.19860937682594,185.28183287637555,185.3418147739294,1893000
2017-02-22,185.9330291748047,186.0872590324028,185.53891090006087,185.68456444278365,1471400
2017-02-23,186.03582763671875,186.38710350932013,185.3246865041812,186.38710350932013,1717200
2017-02-24,186.2585906982422,186.28429349216185,185.20473692658985,185.25614251442911,1637700
2017-02-27,186.53277587890625,186.6955558865408,185.94158545683305,186.19862647603654,1942200
2017-02-28,185.98439025878906,186.42135075166613,185.68450695131776,186.2157153630875,2181000
2017-03-01,188.623291015625,189.06026454780474,187.526595176694,187.55229796404038,3325500
2017-03-02,187.51803588867188,188.51192059915255,187.42378797520138,188.48621781126477,1657100
2017-03-03,187.62086486816406,187.7151127905901,187.04681409471345,187.38096344265176,1765900
2017-03-06,187.0382537841797,187.33812403394137,186.46420300174148,186.84119469734804,1530600
2017-03-07,186.4727783203125,187.06396869275164,186.2842824602986,186.7640853499164,1743200
2017-03-08,186.07859802246094,186.95253195467077,185.98436319092968,186.738333358693,1784400
2017-03-09,186.27572631835938,186.64414173919351,185.4617740229118,186.20718117813817,1636200
2017-03-10,186.92686462402344,187.26101397418208,186.1471784491042,187.25245073523087,1819900
2017-03-13,187.0382537841797,187.13250170808135,186.66126208857312,186.9354295476023,1388100
2017-03-14,186.4042205810547,186.6184192189854,185.830169800238,186.5841531893213,1428400
2017-03-15,187.9550323486328,188.36630318088498,186.66984041355371,186.8926153827691,3358800
2017-03-16,187.63803100585938,188.19494230678245,187.33814764465524,188.16067627270294,1710900
2017-03-17,187.26101684570312,188.01500024168334,187.26101684570312,187.8950495262908,1588500
2017-03-20,187.0982208251953,187.54375764973355,186.76407147520345,187.28671667120582,1035900
2017-03-21,184.707763671875,187.74938682406508,184.56211017272153,187.6379993532108,3468700
2017-03-22,185.08480834960938,185.36025095460718,184.16376799708124,184.70606327509137,2600300
2017-03-23,184.89540100097656,185.94555282462076,184.58551991966434,184.89540100097656,2436700
2017-03-24,184.83518981933594,185.7304079101437,184.10353507963634,185.18811258849004,2647600
2017-03-27,184.533935546875,184.82659745970955,183.01895503911146,183.23414993992293,2082900
2017-03-28,185.9025421142578,186.32432878052754,184.24984711752583,184.34453338405774,3057200
2017-03-29,186.17799377441406,186.3329409155767,185.4807644753144,185.6873562853803,1748500
2017-03-30,186.67727661132812,186.90108772412404,185.91118325592623,186.07473348929096,2494800
2017-03-31,186.2296905517578,186.8838783855283,186.2296905517578,186.4104469307477,1331400
2017-04-03,185.9972381591797,186.52231418583352,184.84379676766238,186.36736704406613,2843700
2017-04-04,186.10044860839844,186.1434901925579,185.3515749549244,185.67867523319921,2481600
2017-04-05,185.53240966796875,187.58967216995742,185.36025639298765,186.69446725938388,2311800
2017-04-06,186.01446533203125,186.5137059108958,185.25697512776196,185.67876183413074,1635500
2017-04-07,185.8509063720703,186.47927173407174,185.411900417773,185.80786476986134,1835900
2017-04-10,185.97998046875,186.68582582589937,185.49794614408717,185.97998046875,1311900
2017-04-11,185.74757385253906,185.82505397776282,184.4219794063264,185.60985913598182,1787300
2017-04-12,184.98150634765625,185.66152949711042,184.74048914225423,185.48937622674507,2002700
2017-04-13,183.75062561035156,185.27420920775563,183.75062561035156,184.63722756374744,1806800
2017-04-17,185.36029052734375,185.36890673007392,184.03469561798084,184.2068489246642,1746900
2017-04-18,184.85240173339844,185.27418842617578,184.18959782602064,184.68024845646286,2695900
2017-04-19,184.44784545898438,185.67015087390755,184.25847290257124,185.33444736653044,2032400
2017-04-20,185.95413208007812,186.35869936039236,184.74043023913543,185.05031128077084,2734000
2017-04-21,185.41183471679688,185.94552675305806,185.00726744140698,185.90248516610097,2594400
2017-04-24,187.3916778564453,187.60687271230583,186.98711047667143,187.43471945450776,2366400
2017-04-25,188.51931762695312,188.82059571222322,187.89955532284836,188.00285779650122,1745100
2017-04-26,188.3815460205078,189.28535373458462,188.34710749486825,188.4762322643429,2824500
2017-04-27,188.5278778076172,188.8205396046882,188.05444658620866,188.6828117703786,1154200
2017-04-28,188.16639709472656,188.80336549545794,188.02005302674263,188.79476242917457,1257600
2017-05-01,188.62265014648438,189.00139529648496,188.20946645496272,188.64847248539758,1506700
2017-05-02,188.68284606933594,188.83779319471302,188.31271722360182,188.76031306479868,2573000
2017-05-03,188.4934844970703,188.65703469773877,187.85651609588038,188.3213312301123,1654600
2017-05-04,188.66566467285156,188.81200876181347,187.9167906308257,188.74314481831794,1439100
2017-05-05,189.42312622070312,189.42312622070312,188.613991425276,188.9927364898974,1729700
2017-05-08,189.4317169189453,189.58665089664015,189.0013272460812,189.48336157817693,2225000
2017-05-09,189.19073486328125,189.793291066507,188.88946989612216,189.62112464589748,1636900
2017-05-10,189.5436248779297,189.56084414390537,188.98412351101035,189.16487983317438,1066900
2017-05-11,189.15625,189.3111839685017,188.1835651940182,189.14764693545536,1855700
2017-05-12,188.86358642578125,189.0271365917477,188.6139530773747,188.9410534093076,1056500
2017-05-15,189.81910705566406,189.99126033606345,189.22516707400084,189.26820867771403,1440600
2017-05-16,189.7846221923828,190.18058646165434,189.37145179338876,190.12894180358637,2452500
2017-05-17,186.41900634765625,188.57095490982,186.28988155325544,188.1749905952231,3507700
2017-05-18,187.09898376464844,187.85647372977454,186.04022893390126,186.21238216203463,2894500
2017-05-19,188.26109313964844,188.91528084137644,187.5036029648927,187.54664456744985,2436500
2017-05-22,189.31126403808594,189.4145665285621,188.70872090387192,188.73454324287715,1865000
2017-05-23,189.68138122558594,189.83631523928221,189.28541685538403,189.63833962140802,1259000
2017-05-24,190.13754272460938,190.23222897481645,189.61246681608822,189.92234789545233,1453900
2017-05-25,191.02418518066406,191.29964092536983,190.41303909058396,190.60239849700315,1564600
2017-05-26,191.03277587890625,191.1532976102515,190.80897795166217,190.88644494942528,1196000
2017-05-30,190.8520050048828,191.06719984968043,190.59376856423546,190.7142771519441,1511700
2017-05-31,190.80899047851562,191.16191322632005,190.16340585253562,191.12747469097417,2326200
2017-06-01,192.29811096191406,192.34115255841388,190.9725164770969,191.21353365615454,2112900
2017-06-02,192.9006805419922,193.09005307228165,192.10014882132282,192.36698835006192,1857600
2017-06-05,192.77159118652344,193.0556500341848,192.65108256640542,192.80602972624547,1831200
2017-06-06,192.22067260742188,192.77157097512386,192.1259863347956,192.27231727713564,1449400
2017-06-07,192.5391387939453,192.7543336538998,191.89355421408183,192.5477549943927,1328800
2017-06-08,192.6080322265625,193.0814636178671,192.16043630610537,192.65969003380349,1116100
2017-06-09,192.38417053222656,193.61507860738243,191.17908478490966,192.91784948683124,2117600
2017-06-12,192.30674743652344,192.3669951704141,191.53203802120336,192.1345941668254,1812100
2017-06-13,193.24496459960938,193.30522545880922,192.50469383122172,192.8059718583198,2170700
2017-06-14,193.03839111328125,193.53764476106522,192.28091414289506,193.52043862919297,1886000
2017-06-15,192.6510009765625,192.75429028307536,191.53198532969373,191.8332633196215,2170900
2017-06-16,192.70269775390625,192.86624795642288,191.9021791430017,192.8146032891971,1603600
2017-06-19,194.2779083251953,194.33816918784737,193.3482649952807,193.4429512548401,1433100
2017-06-20,193.0039520263672,193.98523998601365,192.96951349616154,193.98523998601365,1366000
2017-06-21,192.92648315429688,193.4171205621116,192.50469653732046,193.3052281761613,1422000
2017-06-22,192.81460571289062,193.38272332842047,192.70270017619313,192.96093665002056,1344400
2017-06-23,193.14317321777344,193.38528206816818,192.5811376423448,192.92700365892506,1257400
2017-06-26,193.20370483398438,194.07702509199794,193.0307718276575,193.68792252927676,1321700
2017-06-27,191.66456604003906,193.27286796157412,191.63862675049347,193.00481984030856,3476700
2017-06-28,193.35931396484375,193.54954420380022,192.39087870756785,192.5897509777711,2875800
2017-06-29,191.69049072265625,193.61871919761586,190.59234583778598,193.5236040785493,4613000
2017-06-30,192.0103759765625,192.74535748296978,191.83744303209548,192.45137015798204,2982300
2017-07-03,192.43411254882812,193.28149338704256,192.36493671800278,192.90103291447343,1762500
2017-07-05,192.77137756347656,192.97024987327242,191.95857787047154,192.6849044580296,2043800
2017-07-06,191.0420379638672,192.17476449847385,190.8518076701529,192.09694661303018,2540700
2017-07-07,192.25254821777344,192.40819715494428,191.42246453266992,191.5435189531618,2148000
2017-07-10,192.45144653320312,192.81460981888824,191.99315491728044,192.13150660533472,1800100
2017-07-11,192.30447387695312,192.61575863355822,191.2841596821587,192.32177113952716,1638700
2017-07-12,193.74844360351562,193.93001863034442,193.22963142469263,193.22963142469263,1492100
2017-07-13,194.07704162597656,194.21539332040172,193.59282388943228,193.82629072453176,1485500
2017-07-14,194.958984375,195.3307896480081,194.02513038570828,194.13754276775333,1642400
2017-07-17,194.98495483398438,195.29623954684294,194.84660314072642,194.9417182805983,1176200
2017-07-18,195.13194274902344,195.14924000865145,194.31914306776892,194.665022290613,3146500
2017-07-19,196.16085815429688,196.16085815429688,195.38265320590128,195.39993726684187,1255300
2017-07-20,196.221435546875,196.49813892928523,195.76315711445858,196.39438175785313,1698100
2017-07-21,196.08309936523438,196.09174139830796,195.51240852773137,195.7285781000634,2461700
2017-07-24,196.0138702392578,196.13492463910157,195.60747049822376,195.99657298386867,1278200
2017-07-25,196.48080444335938,196.7920890926219,196.2992294277551,196.72291326012567,1349500
2017-07-26,196.54132080078125,196.79207162662672,196.26461749535474,196.7747875654924,1574100
2017-07-27,196.307861328125,196.9563698811256,195.11460136854296,196.9304305945208,1834500
2017-07-28,196.08309936523438,196.21279583105613,195.4951112676406,195.8842138590495,2364100
2017-07-31,195.97071838378906,196.54140931278582,195.79778533698737,196.48087548973507,3020000
2017-08-01,196.41163635253906,196.55864324860102,196.00523656681835,196.54134599130995,1674500
2017-08-02,196.52407836914062,196.6451328005498,195.66804212235508,196.55001766201804,1889300
2017-08-03,196.1781463623047,196.43753920384808,195.89280104266794,196.43753920384808,1266400
2017-08-04,196.50674438476562,196.79208974703357,196.1435811584085,196.5932174741587,1039800
2017-08-07,196.8267059326172,196.85264522350306,196.45488744001585,196.5672998298162,848500
2017-08-08,196.43760681152344,197.68274565522563,196.0485042213524,196.57595850392224,1064700
2017-08-09,196.32516479492188,196.41162468835978,195.41725015320955,195.7198927650939,1536600
2017-08-10,193.6273956298828,195.7199286211199,193.55823298003816,195.6248134851546,3043300
2017-08-11,193.88677978515625,194.39694992606428,193.57549512034018,193.80031988567168,1584300
2017-08-14,195.78907775878906,195.99660527583015,195.03681194967123,195.03681194967123,2201900
2017-08-15,195.8063507080078,196.16951392228697,195.5037212930788,196.14357463511993,1309700
2017-08-16,196.11767578125,196.619190759777,195.7372152324403,196.23873021096733,1531400
2017-08-17,193.06533813476562,195.8496028600799,193.06533813476562,195.58155474203053,3396200
2017-08-18,192.71083068847656,193.92138811296232,192.3476674193136,192.90106095241086,2691100
2017-08-21,192.94430541992188,193.1345356916625,192.06232990493737,192.6935545311418,1281300
2017-08-22,194.89845275878906,195.07139894662777,193.41986048793686,193.4457997773243,1455700
2017-08-23,194.23265075683594,194.60445601618494,193.91271087983262,194.0856570593765,1462900
2017-08-24,193.78305053710938,194.69960740608784,193.58417822631716,194.5871950072323,1345100
2017-08-25,194.2067108154297,195.05409167779183,194.09429843789252,194.50934024073138,1220800
2017-08-28,194.27589416503906,194.73418575541558,193.85221028566176,194.69094920606582,801000
2017-08-29,194.4228973388672,194.69094546816999,192.95293385285203,193.03940694989132,1397400
2017-08-30,195.39132690429688,195.6247937042304,194.28453990349308,194.43153360894993,1377800
2017-08-31,196.54132080078125,196.78342959605956,195.89281227187016,195.96198809822678,2202700
2017-09-01,196.8785858154297,197.24174908417402,196.72293687514352,196.9391064299158,1393700
2017-09-05,195.42591857910156,196.58459741434154,194.53530107336397,196.36842786063937,2222300
2017-09-06,196.10902404785156,196.40301147777393,195.58156980290016,196.07442953024736,1523300
2017-09-07,196.06578063964844,196.39436257568155,195.7112594132908,196.39436257568155,1620300
2017-09-08,195.76312255859375,196.2646374552279,195.63342611719747,195.80635910370623,1896900
2017-09-11,197.89891052246094,198.01996495194632,197.00829296397345,197.01694819075735,2007200
2017-09-12,198.62525939941406,198.6339014326509,198.12374439885568,198.28803538796285,1535000
2017-09-13,198.74630737304688,198.74630737304688,198.25343442174903,198.33125230018234,1155800
2017-09-14,198.67710876464844,198.82410247171774,198.2793509972112,198.41770267231476,1857300
2017-09-15,198.95382690429688,198.98842142490955,198.43502784060098,198.54742704773267,1419700
2017-09-18,199.2996826171875,199.65419065098982,198.97974271203017,199.27374332676155,1325200
2017-09-19,199.54177856445312,199.61095439910022,199.2564331942618,199.55906262765885,1302400
2017-09-20,199.65127563476562,199.70341993671826,198.70395211856902,199.61650392578295,1850500
2017-09-21,199.08639526367188,199.52963516729895,198.91256321218805,199.49486345239274,1899900
2017-09-22,199.06027221679688,199.25147682806528,198.78216485773808,198.8082370082273,1599200
2017-09-25,198.76478576660156,199.19933930490262,198.03473900502095,198.86908763362848,1523300
2017-09-26,198.83432006835938,199.3036453259586,198.6170432946802,199.10374114587805,2335000
2017-09-27,199.60784912109375,199.94680039878307,198.67791131267376,199.48617464350076,2103600
2017-09-28,199.8424835205078,199.9033141199411,199.27755596322464,199.33839982417948,1084700
2017-09-29,200.5551300048828,200.615973861462,199.66865039788814,199.81639699905392,1726200
2017-10-02,201.39820861816406,201.39820861816406,200.68554760705862,200.763764072633,1960600
2017-10-03,201.80670166015625,201.8501596751468,201.3460758766096,201.5459668317371,1316400
2017-10-04,202.08477783203125,202.31074089407355,201.615452591954,201.73712705021083,1006700
2017-10-05,203.2841796875,203.31025184397765,202.2933979567767,202.38031398605162,1471800
2017-10-06,203.09295654296875,203.11034239954577,202.65840295920356,202.90176516671318,1101500
2017-10-09,202.7366485595703,203.31024925630223,202.48460003479545,203.30156295809496,768300
2017-10-10,203.24940490722656,203.58835617573484,202.75400745089433,203.2320190504632,1027600
2017-10-11,203.57968139648438,203.57968139648438,203.02345330229414,203.14512778347563,1036400
2017-10-12,203.26678466796875,203.6057359263118,203.05819417763354,203.25808510908644,1079400
2017-10-13,203.4927520751953,203.779559032427,203.38846345857397,203.6926430108939,1067900
2017-10-16,203.81434631347656,203.97079252206072,203.40586482523298,203.72744354117413,1767300
2017-10-17,203.94464111328125,203.9707132609931,203.56223193148145,203.7795086700932,1332100
2017-10-18,204.12722778320312,204.3184324505709,203.96209527397414,204.2923602924321,1527800
2017-10-19,204.2314910888672,204.2314910888672,203.04080529222784,203.39714240149664,1653600
2017-10-20,205.24832153320312,205.274393683454,204.70077985489252,204.93544246867148,1296300
2017-10-23,204.50088500976562,205.53512448819788,204.37051099950165,205.53512448819788,1101000
2017-10-24,204.78775024414062,205.0137133601591,204.47487109652494,204.83119499841473,1818400
2017-10-25,203.80563354492188,204.59652426084682,202.7540080229035,204.50092194066332,1943400
2017-10-26,203.99681091308594,204.5964969084723,203.9533529076264,204.32707584075294,3298200
2017-10-27,205.73497009277344,205.87403036849602,204.50083998415036,204.78764682975907,2825000
2017-10-30,204.98764038085938,205.64815712916584,204.7008333915682,204.78774942281686,1292500
2017-10-31,205.22225952148438,205.5177527466066,205.0223553443238,205.3352344243125,1357600
2017-11-01,205.57864379882812,206.31739034039114,205.222319869175,206.00451116839716,2078300
2017-11-02,205.66554260253906,205.77853079064576,204.51832790904746,205.50041010039058,1908100
2017-11-03,206.3520965576172,206.36079611616702,205.4047729822381,205.83064024399226,1934200
2017-11-06,206.6649932861328,206.75190930991502,206.1609227850706,206.18699493990061,1688600
2017-11-07,206.57806396484375,207.0386896563171,206.0739802670665,206.75188272853757,1502700
2017-11-08,206.8822479248047,206.95177808407837,206.10874313747743,206.33471947049742,4711000
2017-11-09,206.13478088378906,206.27384117912607,204.65730171501264,205.7436854069835,1644100
2017-11-10,206.01312255859375,206.13479701115315,205.45689459524786,205.73501520768116,1019000
2017-11-13,206.25650024414062,206.43031900922935,205.37869359893173,205.39607945389713,900000
2017-11-14,205.75247192382812,205.84807425958803,204.79644856622886,205.4917370752533,2763300
2017-11-15,204.70077514648438,205.3178469651108,204.0837165893786,204.88329345556338,2436200
2017-11-16,206.44769287109375,206.78664410663188,205.54382733016598,205.5612131852382,1072300
2017-11-17,205.89144897460938,206.31731619112418,205.79584667137223,206.12611158464983,1370500
2017-11-20,206.160888671875,206.38685173018627,205.85669590049497,206.08265895880626,1420400
2017-11-21,207.53408813476562,207.71660646924366,206.847499329205,206.8996436357637,1151500
2017-11-22,207.3863525390625,207.6731595019075,207.22991961106882,207.59494303791064,2143500
2017-11-24,207.82090759277344,207.95996792631618,207.70793267560285,207.82090759277344,1219300
2017-11-27,207.7600555419922,208.17722323804045,207.5688509184863,207.881730005903,2654000
2017-11-28,209.81982421875,209.87196852035373,208.0989959582204,208.22935671222976,1800500
2017-11-29,209.7416229248047,210.48035602011615,209.3157556617271,209.97628556050233,2442100
2017-11-30,211.49720764160156,212.40975944230377,210.52379871985326,210.58464257937808,5451700
2017-12-01,211.10609436035156,211.81008220125855,208.1685215878706,211.41028712845412,3775600
2017-12-04,210.88018798828125,212.99212555564122,210.83672997236795,212.67054684710254,2162000
2017-12-05,210.13272094726562,211.69711643443958,210.00236018230214,211.11481624839863,1886300
2017-12-06,210.1240692138672,210.5499232904792,209.74165989170774,210.08929749647567,1204800
2017-12-07,210.8193359375,211.11482919722306,209.93284289680759,210.05451737207727,2670000
2017-12-08,211.966552734375,211.9926248892387,211.36686664946293,211.5841434476761,1685700
2017-12-11,212.65310668945312,212.67919210156006,211.9752042511804,212.0795061150447,2513300
2017-12-12,213.01812744140625,213.43529508120247,212.66179039460187,212.87906714096744,1855000
2017-12-13,212.9659881591797,213.62651801219008,212.90515756096738,213.24410878392538,1808300
2017-12-14,212.12301635742188,213.34844752129274,212.0621724833908,213.27891734876772,1932900
2017-12-15,213.9046630859375,214.2783860836352,212.99211112122455,213.06162802814524,3170800
2017-12-18,215.234375,215.54725409662146,215.06055622665974,215.12140009116612,2089600
2017-12-19,214.45220947265625,215.49513549863795,214.34792084851526,215.4690633426027,3170300
2017-12-20,214.2870635986328,215.33868911865503,214.03502835218555,215.29523110746808,2570000
2017-12-21,214.72158813476562,215.37341842980513,214.5130109277266,214.86064844713917,2262400
2017-12-22,214.6781463623047,214.78244823523227,214.1827621966074,214.74767652374896,1888500
2017-12-26,214.42840576171875,214.57687733158104,214.18388473255226,214.53321000664488,1492300
2017-12-27,214.55062866210938,214.84755842438068,214.28865140921462,214.5768397127932,1379100
2017-12-28,214.95237731933594,215.01351423656962,214.62926311508951,214.94364918490086,2346700
2017-12-29,214.21005249023438,215.50253583543812,213.98300108789064,215.493794376436,2326700
2018-01-02,215.78204345703125,215.78204345703125,214.60310546908846,214.9611456033445,2784300
2018-01-03,217.0657196044922,217.18798009916839,215.86057092454504,215.912979701173,2917700
2018-01-04,218.0176239013672,218.42807273723187,217.59844693137188,217.68578157426057,2918000
2018-01-05,219.41488647460938,219.54587510652578,218.27960280488563,218.72499080419132,2190200
2018-01-08,219.8690185546875,219.9650813335253,219.08304672999762,219.33630920393173,2476200
2018-01-09,220.33192443847656,220.89083167373235,219.9913405502019,220.22712017065388,2129800
2018-01-10,219.95632934570312,220.218319941393,219.03938224888142,219.64194329595432,1953600
2018-01-11,221.58062744140625,221.58062744140625,220.3580225810402,220.48028306707678,2280300
2018-01-12,223.0478057861328,223.1787944279732,221.72912460642513,221.84265697961743,2054900
2018-01-16,222.23562622070312,224.7856404950418,221.64179330391255,224.25294449195366,3719600
2018-01-17,224.38392639160156,224.74197975295007,222.46268427824597,223.12638222274484,1867700
2018-01-18,224.0782470703125,224.67207991252926,223.58046366545997,224.29657031972636,3154200
2018-01-19,225.03016662597656,225.03890808550196,224.02588485983128,224.56732233458138,2541200
2018-01-22,226.8378448486328,226.8640425712268,224.82928171432982,224.82928171432982,1607800
2018-01-23,227.35308837890625,227.60635080216713,226.62826694089446,226.91644189435337,2161100
2018-01-24,227.2396240234375,228.4797121369729,226.20040294718297,227.95573086856646,2935500
2018-01-25,227.34442138671875,228.12166517618346,226.6457974429172,228.07801117374404,3585600
2018-01-26,229.99050903320312,229.99925049439483,227.90335191970368,228.21772471304902,2857300
2018-01-29,228.40106201171875,229.8943856012671,228.34866656301793,229.52759080957372,5145000
2018-01-30,225.96456909179688,227.36184325498587,225.71130665358928,226.76801039713663,6678900
2018-01-31,226.1741180419922,227.3880079567773,225.26591262098475,226.90768087470624,5585800
2018-02-01,225.94715881347656,227.16102250082474,225.26599118476486,225.56290767412193,3125700
2018-02-02,221.10910034179688,224.87299178090117,221.02176569444188,224.75945940441895,5532200
2018-02-05,212.02684020996094,221.35361807726602,211.2670794257594,219.42363433270606,8559200
2018-02-06,215.94790649414062,216.41075074923043,207.55555966682988,208.54238508730924,11701700
2018-02-07,214.7689666748047,218.5677970074384,214.7602385409068,215.45014755530187,6240200
2018-02-08,206.7870635986328,215.20560839950704,206.70847041912904,215.0484220404995,6985700
2018-02-09,209.974609375,211.51160053837796,202.97079450560778,209.24104631921023,9713100
2018-02-12,212.8564910888672,214.23629595508854,210.16674641203787,211.77360271495508,4236200
2018-02-13,213.5725860595703,213.95683720539043,211.31075983578,211.88713655451022,3077700
2018-02-14,216.3671112060547,216.68149728056696,212.0705104046513,212.21024051007814,3650800
2018-02-15,219.17044067382812,219.17044067382812,215.68599529002014,217.97403300719657,2923800
2018-02-16,219.14414978027344,220.9431312465021,218.47171043232598,218.55904506337146,3007500
2018-02-20,217.81680297851562,219.64198269104128,217.1007094356127,218.32331466759217,3454400
2018-02-21,216.67271423339844,220.4540743037795,216.67271423339844,218.200976895023,2798000
2018-02-22,216.93475341796875,219.1092448214713,216.4107722006403,217.59845141124168,3177700
2018-02-23,220.497802734375,220.497802734375,217.711995321232,218.16611151195477,2923100
2018-02-26,223.03904724121094,223.12638187934516,220.9344210462832,221.43219117254253,1892000
2018-02-27,220.19215393066406,223.8599828224477,220.19215393066406,223.23995209291468,2947100
2018-02-28,217.74685668945312,221.6592186230966,217.74685668945312,221.2662261429806,2716600
2018-03-01,214.87379455566406,219.22279096117202,213.4765201053065,217.91285116098555,5182300
2018-03-02,216.01776123046875,216.4544077389937,212.49839143778934,213.29309128139926,3276500
2018-03-05,218.49798583984375,219.013225700173,214.7864892325459,214.8476261610927,3024600
2018-03-06,219.0481414794922,219.41492303536933,217.65086698771506,219.38872530462075,1932000
2018-03-07,218.9521026611328,219.25776065385722,216.89112988910748,217.0483162908067,2730200
2018-03-08,219.9738006591797,220.08733302745873,218.6376632686467,219.54588223869314,3021600
2018-03-09,223.7813262939453,223.7900677520037,220.98679142091424,221.29243596890896,2450800
2018-03-12,223.56304931640625,224.65466576814651,223.19626778766906,224.12196973207756,2029200
2018-03-13,222.08718872070312,225.05638023258533,221.56322080263973,224.61101882881852,3080600
2018-03-14,220.91696166992188,223.13512033192427,220.47158697578865,222.97793396648743,2352700
2018-03-15,220.70738220214844,221.9998657060656,220.26200747637753,221.4234890077293,2161500
2018-03-16,220.93443298339844,221.88631929367543,220.91696338974873,221.14401480561244,1554600
2018-03-19,217.98269653320312,220.29691797441023,216.46316170505105,220.28818984033992,2715800
2018-03-20,218.36695861816406,218.8996679819393,217.73818647320329,218.3145631603167,1991400
2018-03-21,217.8603973388672,220.17461836908598,217.72066726618408,218.27084609900308,2777300
2018-03-22,212.44606018066406,216.64659872982844,212.23646499609984,215.79950318130363,3589400
2018-03-23,207.92233276367188,213.16209090458747,207.77387454872655,212.85644634160383,3815500
2018-03-26,213.6457977294922,213.8914371286053,209.07513790867577,211.26835639100236,5529000
2018-03-27,209.943603515625,214.97045556293298,208.59258708012723,214.47040880595483,3363600
2018-03-28,209.3558349609375,211.61923773885687,208.38204554934828,210.07521695253564,4384100
2018-03-29,212.3737335205078,213.7159821597319,209.7418713437793,210.4173863839824,2910800
2018-04-02,207.46090698242188,212.04034798065388,205.21505352769435,211.5929362551135,4696400
2018-04-03,210.09275817871094,210.54895132141638,206.97838559647997,208.62768999879376,3287900
2018-04-04,212.51405334472656,213.01410008123563,206.77658763603415,206.92572485170666,4598000
2018-04-05,214.04933166503906,214.83888487503927,213.0053576434478,213.97036563496565,3436600
2018-04-06,209.3383026123047,213.62823720685316,207.89955189761451,212.25090303194284,4931600
2018-04-09,210.1892547607422,213.40012939624003,209.95239683493276,210.68053349235774,2956000
2018-04-10,213.65451049804688,214.39144189103752,211.9262670966181,212.96145952696,2903800
2018-04-11,212.52285766601562,214.049342453474,212.25966878730316,212.30353583147897,2068300
2018-04-12,214.3037109375,215.15468057172862,213.59311046458208,213.80366420654815,1723600
2018-04-13,213.70721435546875,215.67232954913715,212.7421928683328,215.67232954913715,2887700
2018-04-16,215.44422912597656,216.11974413398679,214.41780453232974,215.17227218915679,2149200
2018-04-17,217.76025390625,218.27785019869617,216.58469214113236,217.0584213914654,2301800
2018-04-18,217.88307189941406,218.63753950433548,217.514612843942,218.14626076370604,1365100
2018-04-19,216.68992614746094,217.47071117585853,215.77755340104,217.2338398970769,1997100
2018-04-20,214.93540954589844,216.8040359614987,214.0318046093272,216.64611727113797,2103900
2018-04-23,214.8388671875,215.8828411231416,213.8387602902117,215.41787996654602,1472600
2018-04-24,211.90878295898438,215.91797958279858,210.55775281045274,215.78639182186419,3653500
2018-04-25,212.45260620117188,212.85616413968637,210.197985412696,211.87359352752253,2354800
2018-04-26,214.6370849609375,215.34768543588126,212.97901272395535,213.37378927821968,2106800
2018-04-27,214.865234375,215.4354792326591,213.96162939878678,215.13719133474558,2178600
2018-04-30,213.1106719970703,215.85658607972385,213.04926883466862,215.38284334647872,2146100
2018-05-01,213.56683349609375,213.6370180900836,211.21569644963256,212.69831420510468,2323100
2018-05-02,212.11053466796875,214.07566315342268,211.74207558688536,213.36506254088027,1636400
2018-05-03,211.61044311523438,212.215760015004,208.72416084391182,211.3209367442107,2666500
2018-05-04,214.41781616210938,214.98804761628324,210.45247337489545,210.76829737363536,1785200
2018-05-07,215.08453369140625,215.97937051868527,214.46166718171557,215.1020831862312,3127200
2018-05-08,215.07577514648438,215.40036719021427,213.6808914389314,214.78626870761326,1924500
2018-05-09,217.16368103027344,217.47950497726177,215.25120124142384,215.68984486855535,1506200
2018-05-10,219.1990203857422,219.49729487552972,217.78658720016855,217.8830893452578,1537600
2018-05-11,219.73419189453125,220.1289685755513,218.8656724872116,219.35695132460054,1703500
2018-05-14,219.9798583984375,220.86591402594286,219.50612900015392,220.30445051603277,1478200
2018-05-15,218.4708709716797,218.90074659870137,217.6199011585271,218.8831971032626,2600600
2018-05-16,219.40077209472656,219.79554869247266,218.50594870952648,218.51471676322163,2588700
2018-05-17,219.21653747558594,220.19032683704833,218.51470501380695,219.13757145120945,1714200
2018-05-18,218.67262268066406,219.19023234968947,218.3480306705643,218.9094939945339,1702800
2018-05-21,220.27806091308594,220.79565719789164,219.69904809296008,219.9973359431211,1262900
2018-05-22,219.6464385986328,221.02378622040757,219.40958064252658,220.78691487795817,1055400
2018-05-23,220.33067321777344,220.33067321777344,218.40064407000034,218.5497812864836,1484100
2018-05-24,219.90965270996094,220.19915918696654,218.23403039744895,219.97106925948245,2025300
2018-05-25,219.35694885253906,219.88332667886334,218.8744514624767,219.35694885253906,1654700
2018-05-29,216.8215789794922,218.51475064912918,215.78638625658934,217.81291804077722,4465800
2018-05-30,219.6815185546875,220.09384466137908,217.9444800423665,218.0322141279212,1359700
2018-05-31,218.2602996826172,219.58501206198505,217.81288798237858,219.3130551430356,2378800
2018-06-01,220.5587615966797,220.76930194160641,219.47092073131412,219.52355581754583,1953900
2018-06-04,221.53260803222656,221.77824742227088,221.04132925213793,221.22555210149977,2031500
2018-06-05,221.83969116210938,222.06779448484107,220.96240364106797,221.65546827904402,1491200
2018-06-06,223.61178588867188,223.67320243240184,221.70807382819504,222.278305286305,2763200
2018-06-07,223.50648498535156,224.32235573363516,222.72569983842078,224.03284932369343,2615900
2018-06-08,224.208251953125,224.25210559541216,222.9975915720356,223.14672876028985,1517500
2018-06-11,224.49783325195312,225.17336166324822,224.32237845473443,224.4013311055314,2648000
2018-06-12,224.8750762939453,225.1382785878946,224.23467360131315,224.92773817088542,1182200
2018-06-13,223.98023986816406,225.26107195245729,223.9100552710826,225.050531547556,2507800
2018-06-14,224.62937927246094,225.12943940729502,224.11179641794337,224.85748251417775,1913800
2018-06-15,224.43641662597656,224.6469704018072,222.94503085961702,223.94513786871386,2000100
2018-06-18,223.9012908935547,224.0241105938786,222.57659174103657,222.98890450285418,2015800
2018-06-19,223.05029296875,223.234529189216,221.4448556253868,221.80454662618033,1863300
2018-06-20,223.4539031982422,224.03290276991262,223.1117616114777,223.6819931273036,1578200
2018-06-21,222.05897521972656,223.4187733229994,221.585245929045,223.41000526836672,4037600
2018-06-22,222.45375061035156,223.28717088128545,222.23442878187726,223.18188730090517,3092000
2018-06-25,219.37448120117188,221.5238326156825,217.87432727020058,221.40101291732026,6690000
2018-06-26,219.85694885253906,220.66405148165052,219.24285048107822,219.90081589043066,2968600
2018-06-27,218.0322265625,221.71683079812047,217.94449247194171,220.43599874856338,3433800
2018-06-28,219.36050415039062,219.9951064794797,217.37737523422567,217.96790534205368,2638400
2018-06-29,219.91575622558594,221.54633415927046,219.55439631317796,220.33001086930142,3711600
2018-07-02,220.1713409423828,220.25066285651897,217.9854963539401,218.19702145830317,1943100
2018-07-03,219.2811279296875,221.0174682221277,218.97264933622398,220.9469553710343,1157900
2018-07-05,221.1585235595703,221.17615513694412,219.3869333286658,220.40934963309712,1948100
2018-07-06,223.0006103515625,223.33554305241861,220.80595656676883,221.14969833119144,2622200
2018-07-09,224.9749298095703,225.03663360135198,223.88200072519004,223.91726387733726,3979500
2018-07-10,225.7593536376953,225.9003524338355,225.15117865102454,225.41559846511387,1314500
2018-07-11,224.2169647216797,225.11598694159028,223.89966355282618,224.40206267390835,2335100
2018-07-12,226.13839721679688,226.21771914463332,224.76341655619763,225.33632852701902,2874000
2018-07-13,226.33229064941406,226.65840085470072,225.62717550783645,226.0678573412507,1814500
2018-07-16,226.19125366210938,226.52618636368624,225.77699904140707,226.4204238048523,993500
2018-07-17,227.1607666015625,227.45161361017128,225.45967606776608,225.50374827932674,1825900
2018-07-18,227.5750274658203,227.68079001732556,226.76413640777614,227.18721351169947,2606800
2018-07-19,226.7112274169922,227.31056640085546,226.2969728756369,226.95801563963582,2050500
2018-07-20,226.49974060058594,227.0902571733527,226.32345174124762,226.51735872735838,2710700
2018-07-23,226.93162536621094,227.05500605596424,225.9885310247829,226.2794049683173,1447000
2018-07-24,227.99807739257812,228.78252781178512,227.24009450911723,228.13910309371315,2916000
2018-07-25,230.08702087402344,230.26330976506432,227.77778165009272,227.8747486095377,2608700
2018-07-26,229.40835571289062,230.05178056616907,229.2497118524903,229.28497500965963,2166500
2018-07-27,227.91880798339844,229.81379252648958,227.0285948077424,229.8049969104502,2666200
2018-07-30,226.60552978515625,228.08625954514434,226.20009763852048,227.9276156918399,1601400
2018-07-31,227.75128173828125,228.35944328682902,227.04618015342365,227.41634907120843,1992500
2018-08-01,227.46926879882812,228.4476263284532,226.82587089080207,227.96287226915365,1651700
2018-08-02,228.62384033203125,228.80892476159937,226.05899135928485,226.27933893187924,1767300
2018-08-03,229.74322509765625,229.74322509765625,228.62386897189717,228.80895342465092,2017600
2018-08-06,230.6070098876953,230.77444932686322,229.33780548985166,229.65509314036163,1843000
2018-08-07,231.25042724609375,231.6118005883195,230.99481646297713,231.10060591999047,2619200
2018-08-08,231.12701416015625,231.51482808779517,230.73920023251733,231.12701416015625,1560400
2018-08-09,230.83619689941406,231.57656178894035,230.71281620011317,231.215188408712,1084400
2018-08-10,229.26730346679688,230.00766829428122,228.65914184102314,229.4788285895339,2395500
2018-08-13,228.40357971191406,230.104657164442,228.1920276711163,229.52293612358588,3684700
2018-08-14,229.87550354003906,230.1046737266035,228.76494266411504,229.1086979439617,1531800
2018-08-15,228.18321228027344,228.76490637281057,226.86112645596998,228.6591438105311,2587800
2018-08-16,230.0341339111328,230.82740700333767,229.4700578899532,229.47885350575245,1693100
2018-08-17,230.8009033203125,231.25924359477472,229.47002195645595,229.78730962532663,2278800
2018-08-20,231.3120880126953,231.576494361287,230.83612968733118,231.2768248669167,1245500
2018-08-21,231.81454467773438,232.66067210175052,231.6823145726238,231.81454467773438,1937900
2018-08-22,231.74398803710938,232.20232829263765,231.268056553464,231.48840416926726,1708100
2018-08-23,231.4090576171875,232.3609743895786,231.109388084517,231.52364268218852,2308100
2018-08-24,232.86343383789062,232.94275577318874,231.90269430415788,231.94677997792985,2328900
2018-08-27,234.61737060546875,234.75839633200636,233.79768378675672,233.90344635718316,2371000
2018-08-28,234.7495574951172,235.18143026029713,234.35294788359639,235.11975336377512,3026900
2018-08-29,236.03639221191406,236.25673986218578,234.749569465741,234.9699171160127,2116100
2018-08-30,235.0756378173828,235.95702826149363,234.55562068310564,235.60447746342965,2625500
2018-08-31,235.08453369140625,235.52522905098837,234.3000830403532,234.74077839993532,3172400
2018-09-04,234.75839233398438,235.03162126890186,233.79767980509604,234.75839233398438,3623300
2018-09-05,234.09735107421875,234.56448702096122,233.14543415389772,234.37058001111114,4595500
2018-09-06,233.40985107421875,234.44106295121495,232.42269796540347,234.17665654631972,1687900
2018-09-07,232.84571838378906,233.7976351152732,232.20232058166698,232.3609644042805,2634100
2018-09-10,233.28646850585938,234.07091908768632,233.13664715965254,233.81530827027098,2832700
2018-09-11,234.16781616210938,234.4939263358934,232.40503520292836,232.7135272503656,3420400
2018-09-12,234.19430541992188,234.67908642308012,233.41867733319538,234.10616097408325,3019800
2018-09-13,235.5252227783203,235.70151167662215,234.86417975655246,235.13740872038375,2087500
2018-09-14,235.6485595703125,235.87772971581194,234.86413598425614,235.74552651567933,1861000
2018-09-17,234.31768798828125,235.5604519174716,234.0885178331679,235.52518876332212,2515300
2018-09-18,235.59564208984375,236.1421267295958,234.52916724210394,234.53798975339197,1823600
2018-09-19,235.86001586914062,236.23900718834915,235.5339058085243,235.63966832570867,2077500
2018-09-20,237.75509643554688,238.06358850188383,236.90896905471502,236.99711348765476,3349700
2018-09-21,237.5876007080078,238.5659580662416,237.42013437549844,238.46016862105057,1352500
2018-09-24,236.79440307617188,237.15577645183197,236.23030017819318,237.03236885618415,2070900
2018-09-25,236.50350952148438,237.24390123822286,236.34486568128514,237.18219744551058,2360400
2018-09-26,235.81028747558594,237.7581192624862,235.46500598848928,236.67796291146786,2568400
2018-09-27,236.46539306640625,237.4924289197458,236.04043134739533,236.28833468996433,3077500
2018-09-28,236.4388427734375,236.97007196369015,235.88991585063744,235.95189844371203,1774300
2018-10-01,237.31536865234375,238.32467974639027,236.73988164947676,237.68721015351542,1968800
2018-10-02,237.28884887695312,237.87319835469637,236.88155780433547,237.2534263881511,3034100
2018-10-03,237.49246215820312,238.5814807544589,237.0320778916952,238.18305206768585,2505800
2018-10-04,235.54469299316406,236.97899324978852,234.06610786500377,236.8993129043589,5004400
2018-10-05,234.21658325195312,236.19094776861763,232.8707989864886,235.67744331220192,2564700
2018-10-08,234.1545867919922,234.49103283843678,232.30416055598533,233.53481491491655,3219600
2018-10-09,233.8535919189453,235.02229084909837,233.34006041049545,233.8270318077801,2078000
2018-10-10,226.30137634277344,233.40205908420043,226.0977307968538,233.40205908420043,5803900
2018-10-11,221.5380401611328,226.9122609261029,219.9709261187507,225.60189911758033,9037000
2018-10-12,224.53065490722656,225.45143711548567,221.608920567423,225.23009380958726,7116700
2018-10-15,223.29995727539062,225.3805759711442,223.14943195863586,224.16761913758552,3306200
2018-10-16,228.05438232421875,228.51479361072404,224.61914401666962,225.00871032704714,3308500
2018-10-17,228.1341094970703,228.72729437160604,225.83213392287786,228.20492745990887,2845800
2018-10-18,224.92904663085938,227.8507806650825,223.72493863231927,227.31955138259764,3046800
2018-10-19,224.75196838378906,227.2044421606475,224.13219640175177,225.47796730572432,2684200
2018-10-22,223.82228088378906,225.64614697007661,223.2644916110961,225.3716835215194,2102000
2018-10-23,222.47657775878906,223.62756562664993,218.5455185690271,220.45792793319072,5206500
2018-10-24,215.83624267578125,222.71559510887823,215.36699603652045,222.39686026808593,4065700
2018-10-25,219.70535278320312,221.15736428160864,216.62425784945935,217.54505353706642,4443800
2018-10-26,215.81858825683594,218.66949133075255,213.41037182781662,216.33210638608372,5278700
2018-10-29,214.70297241210938,219.8824103463518,211.41823233319735,218.7137113932981,5126200
2018-10-30,217.98773193359375,218.13824374981056,214.08323305090101,214.5347684995514,3619100
2018-10-31,220.27195739746094,222.2994692679513,219.81157313379424,220.20998830838766,4073400
2018-11-01,222.55621337890625,222.7067251722656,219.97978813882312,221.01567295880463,2870700
2018-11-02,221.175048828125,223.91084842618304,219.35118242941962,223.5035843713745,3184500
2018-11-05,222.4322509765625,222.92805768602278,220.80316792841603,221.62657182854937,1912100
2018-11-06,223.84005737304688,223.98170681668572,222.33491213559438,222.3880323656743,2255200
2018-11-07,228.56790161132812,228.70956453656706,225.46023367135464,225.83210222753686,3090800
2018-11-08,228.17837524414062,228.81584500952815,227.23101946428991,227.97472968733453,2466900
2018-11-09,226.07113647460938,227.22213757556585,224.71651687798848,227.098172387388,3078700
2018-11-12,221.70626831054688,225.73471838304476,221.29899076397206,225.4956638772352,2710200
2018-11-13,221.33447265625,224.00829025327795,220.70585167883863,222.1932858245473,3097000
2018-11-14,219.82046508789062,223.4150782503432,218.38616477432882,223.0786456085997,3619900
2018-11-15,222.0958251953125,222.5739206769371,217.29709158752618,218.70484494228978,3911900
2018-11-16,222.6624755859375,223.53013740148197,220.688083936353,221.13963284289653,2342800
2018-11-19,218.97048950195312,222.414590445218,218.11167648309205,222.17553591684384,2973700
2018-11-20,214.94200134277344,217.1997051353716,214.10974858309478,215.88934340281736,5000900
2018-11-21,215.65921020507812,217.3060049320426,215.6060899735185,216.24355977168045,2425500
2018-11-23,214.26914978027344,215.4555600609784,214.02124638065675,214.08322898542195,830900
2018-11-26,217.62474060058594,217.6601495851765,215.89826552017766,216.23469815781925,2498500
2018-11-27,218.30642700195312,218.33298711116424,216.13725234509846,216.6773304152579,2849700
2018-11-28,223.40618896484375,223.40618896484375,218.4658056000173,219.32461856096523,3723300
2018-11-29,222.94581604003906,224.22075556790378,221.66202764396397,222.70676150113383,3279400
2018-11-30,224.4243927001953,224.83167031238455,222.5385569897395,222.7953092708838,2992800
2018-12-03,227.1955108642578,228.19598649375433,225.82319377389035,228.11630618071055,3943500
2018-12-04,220.1480255126953,226.8945645058295,219.62565860324582,226.52272291849985,3837400
2018-12-06,219.59024047851562,219.65220957058293,213.4900203478537,216.40289190833056,7712700
2018-12-07,214.49046325683594,220.6703766719379,213.7024818083405,219.24492556738772,3928400
2018-12-10,214.7472381591797,215.69458030724073,210.38234195332024,214.26028027479282,5983700
2018-12-11,214.8092041015625,217.9080097626224,213.5431271304239,217.75749796596597,4543200
2018-12-12,215.99562072753906,218.82881185780684,215.89822914916792,217.62470393872792,4117000
2018-12-13,215.9248046875,217.5892969962354,214.88005736217409,216.7924665778839,2610800
2018-12-14,211.9405975341797,214.8180598448822,211.40051945239748,213.9503845595796,5088500
2018-12-17,207.61351013183594,212.05544545315365,206.23374946560315,211.02284914706937,6127200
2018-12-18,207.5334014892578,209.79441825090763,206.0557219517092,209.18911159669935,4691400
2018-12-19,204.22198486328125,210.96944816883556,202.76211243192532,207.59572330748944,8215600
2018-12-20,200.8660430908203,204.6492502976754,198.9877914401025,203.26950324146438,12141900
2018-12-21,196.8692169189453,204.2576012297038,196.34402196912504,201.8363473796789,11811600
2018-12-24,191.4481201171875,196.54877047734277,191.4481201171875,195.60519613870588,8493500
2018-12-26,201.13314819335938,201.2666813381502,191.23449957188123,193.05934388776984,11598000
2018-12-27,203.0024871826172,203.0647917788686,195.4805824502179,198.4715426418811,9578400
2018-12-28,202.7443084716797,205.6907708701609,201.64051075196008,204.1329795618423,7436100
2018-12-31,204.56918334960938,204.71161326492373,202.46838963874785,204.1241000514003,6683900
2019-01-02,204.7293701171875,205.49491374539923,201.19540851074206,201.33782480821372,4891300
2019-01-03,199.84234619140625,203.33179666422606,199.3705591110799,203.04695049443498,3329600
2019-01-04,206.4385223388672,207.07053296602885,202.2013209813703,202.54848538325348,5100100
2019-01-07,207.9873504638672,209.39381484714775,205.91327493876096,206.77672375312315,3706000
2019-01-08,210.008056640625,210.4887541057342,207.79153740231357,210.1237826197923,3546600
2019-01-09,210.97830200195312,211.8061636931542,209.59855515471682,210.71126298820369,4565000
2019-01-10,211.85960388183594,212.0109305403796,209.0555851459562,209.767707401959,2813500
2019-01-11,211.76171875,211.8596376132198,210.29294938456636,210.83595152008286,2551000
2019-01-14,210.59555053710938,211.316583086207,209.8033030521569,210.16827450484044,2653400
2019-01-15,213.0613250732422,213.2749563079891,210.94272477626325,210.94272477626325,5103700
2019-01-16,213.53309631347656,214.32534377687637,213.2126359022778,213.3906664456416,4066700
2019-01-17,215.1265106201172,215.90986139266852,212.70525694392333,212.7497679801567,3059000
2019-01-18,218.0195770263672,218.42014923383243,216.09681413109863,216.80895004596064,4943300
2019-01-22,215.11761474609375,216.8267325982886,213.61323136199556,216.65759880961087,5786300
2019-01-23,215.4380645751953,216.6130770981711,213.26605650042674,216.0255640452529,3076400
2019-01-24,215.65167236328125,216.15017687641526,214.44995606698131,215.3312119676961,2197100
2019-01-25,217.4854278564453,218.18865322762957,216.90681163588482,217.29848696479118,3677500
2019-01-28,215.8030548095703,215.8564762083667,214.20076600010734,215.5004014640373,2407800
2019-01-29,215.53604125976562,216.41729749278096,214.77049744735845,215.90990959844854,2436900
2019-01-30,218.9453582763672,219.67528774314485,216.2036438269257,216.89797261016955,6028400
2019-01-31,220.77020263671875,221.23309304898396,218.69611293154887,218.8563499746984,5308100
2019-02-01,220.9570770263672,221.9095478911487,220.2805555375237,221.03718873237636,3718500
2019-02-04,222.53274536132812,222.55944927175548,220.39633744709283,221.02836168722254,2541700
2019-02-05,223.52081298828125,223.72554747953478,222.47040945798804,222.93329983995773,3613300
2019-02-06,223.24481201171875,223.62759060371454,222.4970755407146,223.20921133432543,2052200
2019-02-07,221.05502319335938,222.167731190598,219.53283267667794,221.6870337293886,3907800
2019-02-08,221.33987426757812,221.3932956622293,219.1589692613804,219.88000188626285,2512600
2019-02-11,221.45556640625,222.1053839884895,220.9570754619096,221.90064954696243,2986600
2019-02-12,224.32188415527344,224.6423445330953,222.8442049918249,222.8798192465042,5980500
2019-02-13,224.99847412109375,225.79963210112393,224.66911687070345,225.0518955193858,3569100
2019-02-14,224.4999542236328,225.5325504654807,223.28043065179745,224.0103600069928,3247800
2019-02-15,226.9746551513672,226.99246228494417,225.93316195435634,226.12899967511356,2806600
2019-02-19,227.3662872314453,227.96269705533152,226.2357721650153,226.2357721650153,2509300
2019-02-20,227.8915252685547,228.22088251390213,226.89452959197322,227.3574199567124,2156300
2019-02-21,227.0636444091797,227.5621354143615,226.1378637571039,227.28618600669736,2020000
2019-02-22,228.42556762695312,228.6036117582477,227.39298501288957,227.60662982072697,2119400
2019-02-25,228.7638397216797,230.20590485036507,228.66593446352692,229.74302813181203,2941300
2019-02-26,228.59471130371094,229.34247495496177,228.24756054808591,228.37216971281336,4629600
2019-02-27,228.4790496826172,228.79058622800187,227.08148174454075,227.9360339862713,2136400
2019-02-28,227.94488525390625,228.6659177655968,227.74904758618047,228.2564488842498,2207000
2019-03-01,229.5115509033203,229.84981842279942,228.1763015363562,229.4937573580859,2867000
2019-03-04,228.63034057617188,230.64212538300762,226.53845763410123,230.43737732627866,3384200
2019-03-05,228.36325073242188,228.92405980010835,227.84695269251122,228.76380923382843,2475900
2019-03-06,226.9033966064453,228.43448381119143,226.63635756841094,228.43448381119143,2514900
2019-03-07,225.07855224609375,226.6363432562684,224.2773944340024,226.52951406494043,6441200
2019-03-08,224.6245880126953,224.72250686083652,222.84425519766336,223.3249526641244,4522300
2019-03-11,227.90042114257812,227.98944322712646,225.22993518334792,225.24772873396714,1884200
2019-03-12,228.7104034423828,229.1821904586613,228.21191252577603,228.3454320274176,2271900
2019-03-13,230.26824951171875,231.07830423669245,229.38699342405158,229.52051295767933,1974300
2019-03-14,230.18814086914062,230.6599280047491,229.69856018405187,230.26825259038836,1557500
2019-03-15,231.30972290039062,231.95064373524502,230.437350130091,230.57086964449397,3151200
2019-03-18,232.13763427734375,232.324561648417,231.23855735930283,231.44330544762997,1830000
2019-03-19,232.20877075195312,233.74876824900588,231.33642515359438,233.05443961334163,4061800
2019-03-20,231.38099670410156,233.01889998032743,230.410718374661,231.92401245366582,3415200
2019-03-21,234.02618408203125,234.41110374662804,230.66926936338993,230.66926936338993,2968300
2019-03-22,229.57717895507812,233.29215954924445,229.4966162706142,232.80878344246085,4317400
2019-03-25,229.3712921142578,230.31121736286693,228.2254525901912,229.2459541778334,2893600
2019-03-26,231.02731323242188,231.95830514335327,229.81884590145674,230.96467159235715,3177600
2019-03-27,229.9531707763672,231.60925440052128,228.4761198971512,231.09003621935184,2714300
2019-03-28,230.84832763671875,231.15268464198687,229.40707797089613,230.46340795228937,1716700
2019-03-29,232.33433532714844,232.49546069246625,231.1168799345766,232.1552889310323,2831100
2019-04-01,235.01092529296875,235.23471964636238,233.81139083701652,234.05307890396884,3303900
2019-04-02,235.09146118164062,235.297361798003,234.36636974479708,235.136236438403,1512600
2019-04-03,235.5301055908203,236.5506209093963,234.89453730495808,236.21044913653762,1933900
2019-04-04,236.09400939941406,236.29094946232377,235.13619062487146,235.7627982296655,1738500
2019-04-05,237.23095703125,237.2757049710593,236.43423608094554,236.7028056757351,1505000
2019-04-08,237.43682861328125,237.49949758347506,236.24625477282095,236.83707509469596,1720100
2019-04-09,236.1746368408203,236.81023245191724,235.69126072362144,236.52376913299852,2016900
2019-04-10,236.98922729492188,237.07875048775708,236.1925337115672,236.55059916426512,2990600
2019-04-11,236.94444274902344,237.4367792555849,236.40733099364084,237.4367792555849,1567700
2019-04-12,238.54681396484375,238.80639566587504,237.7859079325533,238.4125155390103,1903400
2019-04-15,238.38571166992188,238.6900960020414,237.6427265074147,238.62742703256714,1584500
2019-04-16,238.5557861328125,239.22716909711167,237.99182007181835,239.19138167510516,2447700
2019-04-17,237.97393798828125,239.5583920267327,237.58005777782256,239.54049831485514,1872400
2019-04-18,238.42152404785156,238.65427889293684,237.29359188307686,238.51104724354929,2788900
2019-04-22,238.654296875,238.7527532746353,237.64274205654954,237.72330474315456,1126500
2019-04-23,240.71315002441406,240.9727590685445,238.75270971873303,238.97650402469077,2618300
2019-04-24,240.23870849609375,240.9906540899675,240.11339788976863,240.70421813894964,1393400
2019-04-25,240.149169921875,240.69524220208754,238.99441104026087,240.158130435553,1237400
2019-04-26,241.25030517578125,241.28611992038995,239.42413566177902,240.15818767370536,2172600
2019-04-29,241.55459594726562,242.06485347304852,241.21442426341034,241.30394744105197,1892500
2019-04-30,241.70684814453125,241.97539042554982,240.00598930259665,241.30400740435832,2024600
2019-05-01,239.9433135986328,242.47665315221386,239.90749886003118,242.3065672921576,2669400
2019-05-02,239.46888732910156,240.62364637216558,238.05449190218897,239.80009855782427,3009000
2019-05-03,241.74261474609375,241.9843300968344,240.5341472669613,240.73108736229239,1969000
2019-05-06,240.78480529785156,241.12494973169123,237.49949251420966,237.80384952468336,3966900
2019-05-07,236.88186645507812,239.08399546307083,234.96620080449972,238.54691081623068,4752500
2019-05-08,236.41627502441406,237.95598071255665,235.85230908651346,236.45208975724626,2662500
2019-05-09,235.69122314453125,236.18355969902396,232.92512875145326,234.48272840692752,3094800
2019-05-10,236.79225158691406,237.56211814714501,232.09257151560178,234.86762616429488,3131900
2019-05-13,230.98257446289062,233.0504316330306,230.12321199028918,232.1821086463619,5548200
2019-05-14,232.98780822753906,234.37534956588328,231.70771112308879,231.84198226714898,4702600
2019-05-15,234.3664093017578,234.93933599078255,231.31385087600265,231.51975152711745,2444100
2019-05-16,236.5147705078125,237.75907998213302,234.9392771449088,234.95717085496588,3221500
2019-05-17,235.08251953125,237.23990030338535,234.4111364937299,234.43801804113062,2719500
2019-05-20,233.48016357421875,234.6349226892163,232.76400530121992,233.55176574219624,2762600
2019-05-21,235.45849609375,235.88819105430136,234.76025885700687,234.98405319338153,2760500
2019-05-22,234.81402587890625,235.69130973101662,234.42014556315476,234.64393995534758,3421500
2019-05-23,232.0657501220703,232.8356167912079,230.66927574596667,232.8176957616151,3813200
2019-05-24,232.4685516357422,233.63227098009307,231.9045856715002,233.283166104243,1833100
2019-05-28,230.3827667236328,233.60540976667207,230.3201250884216,232.71023266130766,2565900
2019-05-29,228.79833984375,229.6308480926421,227.46453454270952,229.28174318640754,4593500
2019-05-30,229.4339599609375,230.2217204551429,228.39556454323062,229.41606624739524,2977200
2019-05-31,226.36351013183594,227.81370684254534,226.27400058530844,227.0438537139269,3698600
2019-06-03,225.6920928955078,227.33922948224944,224.4836117554281,226.3276747784444,3825600
2019-06-04,230.66030883789062,230.74087150335558,227.4018508907903,227.80467787743447,3536300
2019-06-05,232.6118621826172,232.6387164129483,230.43658756985297,232.06578974102092,2646500
2019-06-06,234.12469482421875,234.7692236173775,232.30748587274476,232.89830620969403,2277500
2019-06-07,236.4611053466797,237.48162069822112,234.93932015400338,235.09148501394787,1877400
2019-06-10,237.5710906982422,239.1018360640983,237.49050070967698,237.9023018919252,2845900
2019-06-11,237.5263214111328,239.5941786137189,236.94446167908166,239.2361131877367,1894500
2019-06-12,237.07875061035156,237.84861728676097,236.6490556757061,237.32939915923401,1711900
2019-06-13,238.13507080078125,238.43942782408536,237.3204561272416,237.95605172047323,1813700
2019-06-14,237.77706909179688,238.37685010236626,237.14150064675485,237.85763179733863,1203300
2019-06-17,237.9918670654297,238.61850221663403,237.7770332163988,238.0634965608721,1782500
2019-06-18,240.3640594482422,241.3935078533164,239.28087527338369,239.5941927841391,2340700
2019-06-19,240.99961853027344,241.4472071519166,239.69266740429512,240.5699236187851,1684500
2019-06-20,243.24652099609375,243.6582948768276,241.45616651803553,243.4345005670703,3288100
2019-06-21,242.96006774902344,244.19541676084364,242.74523394475642,243.06748465115695,2226000
2019-06-24,242.6468048095703,243.41667164573963,242.5035731349656,243.12124777978968,3518400
2019-06-25,240.24771118164062,242.70944899268954,240.14922746350285,242.6825947638603,2287100
2019-06-26,240.014892578125,241.53670465735382,239.92536939958708,241.0711950564121,2988700
2019-06-27,240.857177734375,241.32507880660214,240.40726335164305,240.69518768653955,2054600
2019-06-28,242.18885803222656,242.5487839739179,241.31602320681574,241.7839516455447,2883300
2019-07-01,244.24951171875,245.33829678885215,243.22369378945203,245.16732713396914,4497900
2019-07-02,244.96038818359375,244.97837487260986,243.51164963027443,244.27650955266583,3040700
2019-07-03,246.84107971191406,246.8860601743644,245.43734877202633,245.57231761997713,2335800
2019-07-05,246.52615356445312,246.7781045873945,244.6275000846506,245.77930757307044,3362500
2019-07-08,245.29335021972656,245.70726380212653,244.7804411842282,245.464319898226,3131800
2019-07-09,245.59930419921875,245.85125519488383,244.15957245516154,244.21355999276128,2532900
2019-07-10,246.7420196533203,247.62386166340133,246.06714812964606,246.57105000380878,2853200
2019-07-11,247.23699951171875,247.55191766099148,246.41815191029193,247.33596751049612,2249400
2019-07-12,248.45172119140625,248.52372287461625,247.50691191889518,247.8038708060932,2932300
2019-07-15,248.5147247314453,248.84765701161874,248.091804074323,248.82967032046784,1466200
2019-07-16,247.70489501953125,248.59571683064593,247.44393695322353,248.4607479896586,1564000
2019-07-17,246.03118896484375,247.81283231547755,246.03118896484375,247.70485725914753,1758100
2019-07-18,246.9309539794922,247.2638861374411,245.17627738524777,245.57220412999433,3461100
2019-07-19,245.6082000732422,247.93875259310474,245.38324294822937,247.9207384483283,2319400
2019-07-22,246.2021484375,246.65206284417116,245.46430968061236,245.94121785325993,1304100
2019-07-23,247.893798828125,247.90280590248022,246.45409488210186,247.19193354323133,1753000
2019-07-24,249.0365447998047,249.06353855641945,247.15590652741375,247.25487448147226,1669900
2019-07-25,247.82180786132812,248.7216364970569,247.1649230714335,248.7216364970569,1874200
2019-07-26,249.59451293945312,249.74746845506937,248.44273319232727,248.53272156300488,1796900
2019-07-29,249.1446075439453,249.49552650348684,248.58671807043055,249.4595531223929,2925900
2019-07-30,248.54159545898438,248.85654089209447,247.48881160559046,247.85774454602415,1751100
2019-07-31,245.7252655029297,248.90166044184696,243.91662807555454,248.7037244447542,4910000
2019-08-01,243.66465759277344,248.6047091029263,242.8997975919269,245.90522260153622,6921000
2019-08-02,241.88296508789062,243.02573771928814,240.389246061461,242.85479551983005,5310400
2019-08-05,234.74734497070312,238.16668347355693,232.7857247502301,238.06771548527988,7354000
2019-08-06,237.770751953125,237.97772246174563,234.90930297617308,236.23205240296716,4366800
2019-08-07,237.93280029296875,238.66165959846663,233.0467078701467,234.99934891588694,4261200
2019-08-08,242.57579040527344,242.58479747897772,238.8145133160186,239.35441598705486,3618800
2019-08-09,240.88418579101562,242.31491031771935,239.35446581472812,241.8020013004304,2616300
2019-08-12,238.05873107910156,240.0653594076347,237.1679092573943,239.57043703733166,2104500
2019-08-13,241.74803161621094,243.04378740787067,237.47384441110242,237.7527891686932,3402300
2019-08-14,234.46836853027344,238.58957185108966,234.46836853027344,238.05867621883863,4354800
2019-08-15,235.20628356933594,235.99810991496523,233.3616178933294,235.41322663646486,2775200
2019-08-16,238.65261840820312,239.06653200708152,236.67298387339628,236.71799179408637,2432700
2019-08-19,241.58604431152344,242.17993461037418,240.83019142042124,241.47804178942698,1430800
2019-08-20,239.71432495117188,241.59496336245707,239.6153569898041,241.136069466115,1865000
2019-08-21,241.65802001953125,241.9909522814066,241.0821438677836,241.67600670969358,2007400
2019-08-22,241.5680389404297,242.87280172237604,239.98435887986588,242.30590516829722,1883700
2019-08-23,235.36825561523438,241.91000193391267,234.2524490887157,240.42528971799743,4184200
2019-08-26,237.97775268554688,237.97775268554688,235.9981181013085,237.38386231027536,2260000
2019-08-27,237.04193115234375,239.58846243132507,236.39405321690467,239.2825238868955,2490400
2019-08-28,238.68856811523438,238.85953776391125,235.75511778592826,236.41200261824434,3124000
2019-08-29,241.79299926757812,242.26092783792188,240.16431126833587,241.07314718172185,3128700
2019-08-30,241.69398498535156,243.14269595536254,240.84814384314444,243.0887084322933,4209200
2019-09-03,240.3532257080078,240.97410969450542,239.06647728521682,240.1012747758488,3368500
2019-09-04,242.92681884765625,243.00780015659004,241.58608252097494,242.2789409155861,1486100
2019-09-05,246.13917541503906,246.94901583559624,245.1673449418941,245.2663403885086,1755800
2019-09-06,246.3191375732422,246.90404828700503,245.82424269608563,246.49010724948104,1890800
2019-09-09,246.38217163085938,247.29998730767488,245.61731150321245,247.27299353660976,2158500
2019-09-10,246.43601989746094,246.44502696959262,244.63636294860814,245.7521414695094,1870400
2019-09-11,248.2088165283203,248.2088165283203,246.1032200614578,246.68810339215284,2080300
2019-09-12,248.93765258789062,249.97245030123645,248.29878177609245,248.99164012350187,2433700
2019-09-13,248.8746795654297,249.7385351313427,248.48775970645218,249.4415761991225,2292000
2019-09-16,248.0558319091797,248.44275172530155,247.48893533827692,247.79487385292657,1432400
2019-09-17,248.73068237304688,248.78466990276544,247.75885191692245,247.86682697635962,1789200
2019-09-18,248.88368225097656,248.96466355998948,246.50814813813122,248.35278647371416,2028700
2019-09-19,248.8296356201172,250.13439825242847,248.55969798751167,249.25255621826145,2267900
2019-09-20,247.49790954589844,249.62151987140444,247.00301467196016,249.41454935398835,2052700
2019-09-23,247.6688995361328,248.2627899099308,246.85005193562037,247.08401623879507,1286400
2019-09-24,245.61724853515625,248.96461259208579,244.80740815021724,248.63168034743487,5124900
2019-09-25,247.1199951171875,247.52490161292138,244.39351487019323,245.72524395918003,2649200
2019-09-26,246.63262939453125,247.31973549944644,245.3307063865994,247.1298797749184,2355000
2019-09-27,245.24935913085938,247.3559273423896,243.85701932734588,247.3288050938738,2836500
2019-09-30,246.4609375,247.0666770907885,245.72860898498183,245.75573124141553,2735200
2019-10-01,243.4954376220703,247.79899175304826,243.287481940165,247.22037445104,3696000
2019-10-02,239.20086669921875,242.05786331192616,238.007432495562,242.05786331192616,4463500
2019-10-03,241.09951782226562,241.15376232565592,236.50661419899376,239.001971720162,2988800
2019-10-04,244.44467163085938,244.61645505815306,241.72328663233182,241.804680964249,1907800
2019-10-07,243.39596557617188,245.15899488073202,243.11569308445505,243.7124102707476,1821900
2019-10-08,239.6168212890625,242.32010755456523,239.55352682212097,241.65107345064274,2153100
2019-10-09,241.8498992919922,242.69976656596725,240.84634846772687,241.43401560195176,1921200
2019-10-10,243.4954376220703,244.29106055472542,241.62391925884396,241.77763043091434,1559300
2019-10-11,246.03599548339844,248.04312516593848,245.86421200132415,246.0088732278766,2806500
2019-10-14,245.80990600585938,246.3252563231777,245.44826682558895,245.7285392596461,1215500
2019-10-15,248.18772888183594,248.85676275721656,246.61455565218498,246.70497234674215,1783800
2019-10-16,247.79896545410156,248.38666023378636,247.3830817257359,247.7899430976247,1150800
2019-10-17,248.46798706054688,249.2816820822577,247.89839226795934,248.84769852807202,3100600
2019-10-18,247.44631958007812,248.603581387885,246.65069691384258,248.052058934168,1152200
2019-10-21,249.1732177734375,249.2817067749054,248.24198372243492,248.67593972830642,3017500
2019-10-22,248.29620361328125,249.83317696724313,248.19673697759268,249.61619898581318,1601500
2019-10-23,249.02853393554688,249.06470612984864,247.88934434109132,248.09729996920146,1296500
2019-10-24,249.4353790283203,249.99592384270383,248.67590095386075,249.8783849123399,2220600
2019-10-25,250.47511291503906,250.92716876471687,248.8838674949574,248.92906204340542,5500900
2019-10-28,251.93080139160156,252.3105405689283,251.54203985643235,251.54203985643235,1795900
2019-10-29,251.76795959472656,252.63589900943515,251.50575950387318,251.63234837231843,1599200
2019-10-30,252.654052734375,252.87103073646074,250.78253469247832,251.966918939367,1811300
2019-10-31,251.84033203125,252.56363802941416,250.57458102359104,252.56363802941416,2312100
2019-11-01,254.23629760742188,254.2453199650542,253.06998543777158,253.1965467663937,2361900
2019-11-04,255.2488555908203,255.77322830613707,254.92336098821093,255.6737892497834,3797500
2019-11-05,254.92343139648438,255.70098212375373,254.6974033791042,255.48397646497747,2995600
2019-11-06,255.05894470214844,255.2669003311193,254.16388292640005,254.99567785098347,1457200
2019-11-07,255.96304321289062,256.9756714661649,255.4838651285165,256.27948781758266,2689600
2019-11-08,256.58697509765625,256.58697509765625,254.95958453079166,255.62861858296574,2328700
2019-11-11,256.08966064453125,256.19814964308216,255.17649892122472,255.34828236603096,1123700
2019-11-12,256.59600830078125,257.4187534797567,255.890802088989,256.3880526210489,1737600
2019-11-13,256.7043151855469,257.0569318369121,255.49280935262087,255.70978723574572,1721400
2019-11-14,257.048095703125,257.12946247697636,255.85466117068412,256.4423560784612,2244000
2019-11-15,258.96478271484375,258.96478271484375,257.6719092307925,258.25055413043657,1892400
2019-11-18,259.1274719238281,259.3444775197308,258.3137768152756,258.7387104684857,2278500
2019-11-19,259.0008544921875,259.6970105002889,258.46743195227134,259.6970105002889,3212500
2019-11-20,258.0877685546875,258.95573582191594,256.6683338778941,258.49462993565743,2816300
2019-11-21,257.68994140625,258.2505139122207,256.9214684310915,258.14199731695646,2307200
2019-11-22,258.25958251953125,258.44943831046396,257.31027597355956,258.3499992361257,1266500
2019-11-25,260.22149658203125,260.2395688873628,259.09135669442736,259.1184789480776,2040300
2019-11-26,260.7458801269531,260.99903036858746,259.99547935074287,260.30287410191977,1795700
2019-11-27,261.9754943847656,261.9935666913727,261.07138241087154,261.34260496651666,1631500
2019-11-29,260.97186279296875,261.72229103016525,260.8181792397228,261.5143353854947,1988500
2019-12-02,258.84722900390625,261.3154644530543,258.4313452505386,261.3154644530543,4416100
2019-12-03,257.0299072265625,257.1564685093601,255.04990051714046,256.3337236016338,3236000
2019-12-04,258.6754150390625,259.2088652838522,257.73515862849337,258.0425533309451,3188800
2019-12-05,259.1546630859375,259.3264189727625,257.934106432849,259.3264189727625,1597200
2019-12-06,261.46014404296875,261.87602782556127,260.8814991356159,260.90862139119133,1609400
2019-12-09,260.6644592285156,261.7584267321745,260.6282870325637,261.17075960663715,1478900
2019-12-10,260.4203186035156,261.2340135427974,259.79647937876365,260.6644188079111,1822700
2019-12-11,261.0985107421875,261.3606833549759,260.4565713600432,260.7911159748674,1835400
2019-12-12,263.3949279785156,264.0911118535845,260.93574231741013,261.1527479522158,3276600
2019-12-13,263.4943542480469,264.68778848694353,262.46365351682607,263.17790958891925,3519600
2019-12-16,265.3568420410156,265.9083370549233,265.1036918132488,265.13986401473136,3141900
2019-12-17,265.4111328125,265.98072782209016,265.35688829647336,265.79989437446113,3658200
2019-12-18,265.4292297363281,266.00787474935566,265.42020737702717,265.82704128495635,3294400
2019-12-19,266.5321960449219,266.60454045319966,265.5828895189092,265.6100117741865,2331600
2019-12-20,267.88824462890625,268.3041558129179,267.41811654980484,267.51758316904073,4985600
2019-12-23,268.15081787109375,268.48695587099604,267.99636185018846,268.45060838519333,2325200
2019-12-24,268.15081787109375,268.36884733589346,267.8691872373914,268.33249985009076,1305900
2019-12-26,269.52276611328125,269.5409260014158,268.4779764576141,268.5143239589032,2390300
2019-12-27,269.52276611328125,270.2858972902327,269.0503317715827,270.2858972902327,2225400
2019-12-30,268.0418395996094,269.67711625806544,267.5603393160075,269.5953551976438,2345400
2019-12-31,268.7323303222656,268.9049462822154,267.25150940403904,267.5785537123538,2512700
2020-01-02,271.11260986328125,271.1398635560027,269.22292808453443,270.08600789574353,3142400
2020-01-03,269.1320495605469,270.14955763279596,268.0418742224295,268.20539636439474,3247900
2020-01-06,270.1404113769531,270.2040125438462,267.414932253039,267.47853341993215,2777100
2020-01-07,269.3954162597656,270.0676921780142,268.9684234596606,269.65888698110825,2251800
2020-01-08,270.7855529785156,271.92116978048716,269.34105173341015,269.5590812873824,3719500
2020-01-09,272.656982421875,272.72058360166795,271.72123550853905,272.3026844809097,2168500
2020-01-10,271.8756408691406,273.3292075790476,271.4486480237283,273.2201928483053,3666800
2020-01-13,273.6744689941406,273.7471639725079,272.0755398952013,272.4661852976402,2728000
2020-01-14,273.3111267089844,274.28322121413333,272.8387201641999,273.35656800993524,2620100
2020-01-15,273.91986083984375,274.63755068199777,273.1748895789816,273.28390435373825,2822300
2020-01-16,276.209228515625,276.21832232101264,275.01001065514635,275.2189741039471,2582600
2020-01-17,277.1449890136719,277.2721913952149,276.36369801282564,276.881518169774,2218000
2020-01-21,276.5726318359375,277.2903493660713,276.18198633821333,276.2546536092946,2757900
2020-01-22,276.64532470703125,277.9263036845124,276.4727087488944,277.3721083123316,2765300
2020-01-23,276.91790771484375,277.06327000509975,274.9646521911312,276.0366678911194,2673100
2020-01-24,274.3922119140625,277.5628444467216,273.2838490532885,277.4720173028165,3448200
2020-01-27,270.031494140625,271.394234194588,269.3228704215649,269.6771684185863,4302000
2020-01-28,272.956787109375,273.6563168771973,270.9308373363149,271.36692404386025,3562500
2020-01-29,272.68426513671875,274.3104759466007,272.475329416605,274.1651136880343,2739400
2020-01-30,273.5382385253906,273.7199482715142,270.0950412289561,270.7673451096016,4432700
2020-01-31,268.6323547363281,273.0930596456116,267.7511152291986,272.94769740757863,6184700
2020-02-03,270.5856018066406,272.24815982994267,269.8497245586254,269.9314856167369,3205200
2020-02-04,274.7556457519531,275.4824570896214,273.6018691424904,273.9107535641178,2292800
2020-02-05,277.8625793457031,278.07151498399236,276.0637532910528,277.453746420781,3049900
2020-02-06,278.8074951171875,278.98008332044265,277.8263069222961,278.72570633010275,1925500
2020-02-07,277.39031982421875,278.53503055437704,276.85431196367455,277.8445665933263,2249000
2020-02-10,279.3798828125,279.4162303118207,276.4999742355076,276.5363217348283,2246900
2020-02-11,279.8885803222656,281.3512688302852,279.46158739787626,280.6608051078651,2438800
2020-02-12,281.6873779296875,281.8781537241607,280.87883346024677,281.2331313642684,2115800
2020-02-13,281.41485595703125,282.2870016457378,280.1429433266119,280.3610005425472,2043400
2020-02-14,281.8873291015625,281.9327426812424,280.7244586665722,281.73287302561823,1637000
2020-02-18,281.1150817871094,281.4694074904634,279.84319668215113,280.9424658380419,3000300
2020-02-19,282.4686584472656,283.077333237055,281.74184740534486,282.01441194294256,2257500
2020-02-20,281.3604431152344,282.7140895345341,278.6077089674175,281.95095833489404,4617300
2020-02-21,278.44415283203125,280.3429008442615,277.65376795457394,280.088523783413,2678000
2020-02-24,269.1320495605469,271.98473186490264,268.15998278885405,269.78616585342354,7097000
2020-02-25,261.0464172363281,270.93992090395824,260.15608397227265,270.4856743309727,8465800
2020-02-26,259.8927307128906,265.5344673355447,259.35672289858235,262.20028413889156,10233700
2020-02-27,248.37301635742188,258.4482045290773,248.3457349402365,254.89599211643494,14897000
2020-02-28,246.87399291992188,247.94603622584637,238.25239924167624,241.0414806932859,23179600
2020-03-02,257.89404296875,258.0484990612979,245.7383956177658,248.92721664459935,12428600
2020-03-03,250.78041076660156,261.93670348778613,248.3456285013876,258.3208914347861,9805900
2020-03-04,261.1737060546875,261.32813441462514,253.1971347011625,255.49562201245672,5253900
2020-03-05,252.42483520507812,257.47605505981437,250.38979163211863,254.65062685751835,6220000
2020-03-06,248.19129943847656,249.34507600701485,242.20433161469364,244.6754346250805,6669100
2020-03-09,229.0402374267578,237.1076481875746,228.1680777934902,230.65735432827893,16425900
2020-03-10,240.79473876953125,240.79473876953125,228.18955024254655,237.7552662165752,10879100
2020-03-11,228.85589599609375,235.23608184307966,226.01721698537088,234.2685602255654,11480100
2020-03-12,206.72149658203125,222.42093660950493,206.10995019027743,214.44343795423342,24669300
2020-03-13,226.03546142578125,226.1632470287392,208.20017064249302,219.66441248815866,19533600
2020-03-16,199.50157165527344,214.28825209487664,199.1090783767068,203.40817573881444,17271500
2020-03-17,212.56312561035156,213.53976960312568,197.70342382014667,204.22963911929372,15115500
2020-03-18,200.94369506835938,205.1332654349937,190.13664224213815,197.22877675266366,20177500
2020-03-19,201.1171417236328,206.2833565624636,193.6051455149094,199.3737701905951,12441200
2020-03-20,192.35464477539062,204.96895432864093,191.72483946528703,203.36250510521597,11533200
2020-03-23,186.4491729736328,192.39122548489374,183.0537104164584,191.34155883565705,14128200
2020-03-24,204.22964477539062,204.7316645648247,196.08784340135335,197.51174394768668,13160800
2020-03-25,206.84927368164062,214.96369410525813,201.09890775075743,205.37060974828046,11876400
2020-03-26,219.2810516357422,220.37635877341086,208.88473550527306,209.2680923070778,12411100
2020-03-27,212.54486083984375,218.73335990908194,210.53679571922797,212.3988161949594,11170600
2020-03-30,219.41793823242188,220.0660026680617,212.6452742112395,214.42514987590593,8727800
2020-03-31,216.15940856933594,220.83272620374493,214.89979776760515,218.55995321966225,10386300
2020-04-01,206.4202880859375,210.89281220158375,204.57652631107123,208.0358742088448,13710100
2020-04-02,211.24876403808594,211.9241962052263,205.11502770368816,205.67181077333865,6547000
2020-04-03,208.12713623046875,212.40797457251801,205.68093692318973,210.32687298747868,5490200
2020-04-06,222.28402709960938,223.8996131860804,215.34705846683707,216.28721232674147,7624000
2020-04-07,222.4026641845703,230.74527349406554,222.22011533186847,229.94204182907578,12936600
2020-04-08,229.95118713378906,230.97348587965303,222.75866134755574,224.7576042121132,6958600
2020-04-09,233.36489868164062,235.8476161482776,231.0556214374442,232.86287886168802,8812600
2020-04-13,231.10125732421875,232.70770678703917,227.62365071375638,232.42475396557052,7666400
2020-04-14,238.1569061279297,238.80495671668035,234.77055280429258,235.7106927321208,6631100
2020-04-15,232.972412109375,234.48758016325394,231.0282326521039,232.82636745216726,4888900
2020-04-16,234.14987182617188,234.85268564801243,231.29293405821758,234.13162668910613,6165700
2020-04-17,240.61224365234375,240.968232821315,236.86081976186077,239.4256687994613,6738800
2020-04-20,236.27658081054688,240.14669462700508,236.02100962169146,236.99766760792016,6498700
2020-04-21,229.05667114257812,233.20060123584346,228.1895536243227,232.0687760359362,6526100
2020-04-22,234.0950927734375,235.70155609236417,232.27869897172732,233.51092809225997,5626800
2020-04-23,234.0494842529297,238.13862341238004,233.84867632240872,235.26344047709867,7665400
2020-04-24,237.4449462890625,237.9560886844452,233.61135046852067,235.49163024907241,4768200
2020-04-27,240.87686157226562,241.79875618434554,238.75014741533764,239.1517632153427,3892200
2020-04-28,239.76329040527344,244.42749876894788,239.41643787134007,244.1445459870899,5849500
2020-04-29,245.94276428222656,247.35752867315762,243.62435012547166,244.6010083076891,6773100
2020-04-30,243.79771423339844,245.1485785057545,242.09086090213628,244.69219941803013,7386600
2020-05-01,237.15286254882812,239.91851901781988,236.16706800938573,239.27046843968685,4790700
2020-05-04,237.90133666992188,238.13863488639188,234.14988557243012,235.41863297984602,4128900
2020-05-05,240.0919189453125,242.6202490705616,239.69030311857102,240.46615314092017,4437200
2020-05-06,238.47634887695312,241.98133737493598,238.3577136973609,241.61623962924094,3021400
2020-05-07,241.29676818847656,243.0675214995972,240.87690717449954,241.37894094713326,3410200
2020-05-08,245.33114624023438,245.65975367472385,243.14053214592616,244.1901984978687,3201100
2020-05-11,245.36769104003906,246.62730194136344,243.18618534901475,243.50565632263903,3469300
2020-05-12,240.42962646484375,246.8097969886614,240.3565902143048,246.42645416641986,5159900
2020-05-13,236.1670684814453,240.8769045494224,233.99469931796114,239.9367646351182,5617500
2020-05-14,239.01486206054688,239.14266158607506,231.8132139501438,233.96731005043696,7737600
2020-05-15,240.0919189453125,240.1557908478453,236.00275227993083,236.89726532224935,3385900
2020-05-18,247.43051147460938,248.90920334146608,245.5867497084021,245.82407578367042,6759200
2020-05-19,245.09384155273438,248.49843994047868,244.9295517487588,247.00150300157603,4921100
2020-05-20,249.0917205810547,249.9040887931468,247.98729089921267,248.19723532434426,4896200
2020-05-21,247.30270385742188,249.72150746671164,246.39908217163435,249.0004207040735,3581300
2020-05-22,247.85952758789062,248.014708769169,245.98838404612195,247.1384685215521,2296400
2020-05-26,251.0450439453125,253.50947457657318,250.5977734487073,253.31780313812635,4911800
2020-05-27,254.70523071289062,254.70523071289062,249.05525375922218,253.5460375257183,5152400
2020-05-28,254.20321655273438,257.43438911554694,253.57341102298676,255.59973580235385,4630600
2020-05-29,255.3441162109375,255.89177672290663,251.33709418928123,253.77417093271703,7049300
2020-06-01,256.4576416015625,256.9322657803917,254.2670277571078,254.72340680200114,3888200
2020-06-02,258.5661926269531,258.5661926269531,255.99220731155694,257.2061915551731,4343900
2020-06-03,261.97979736328125,262.8104105056569,260.0721364405275,260.31859893369426,5568100
2020-06-04,261.3135986328125,262.64621803870335,259.40593700340605,261.0488909090153,3818600
2020-06-05,267.99493408203125,269.61053399779456,266.16941759790257,266.18769059005325,6015500
2020-06-08,271.2444152832031,271.38132346676673,268.2414324662269,268.7434384243516,5559700
2020-06-09,269.3185119628906,270.5324963270395,268.0132740358729,268.79823294968395,4686400
2020-06-10,267.63897705078125,270.53243297979026,267.06393489243266,269.74744639461187,5602600
2020-06-11,252.21334838867188,261.8885907216353,251.738696305118,261.37742051123047,7748200
2020-06-12,255.2528839111328,259.360296758155,250.55218366835373,258.63010117186593,6232200
2020-06-15,257.5804138183594,258.6300803347723,248.9730815313563,250.01363940591833,4431400
2020-06-16,262.6188659667969,264.8825169818512,258.1554637143111,264.74558092832257,5295000
2020-06-17,261.41400146484375,263.8054240276874,260.93937712239057,263.54074414612217,2662800
2020-06-18,261.6512451171875,262.07110605148904,259.72531100595927,260.1086816713074,2756300
2020-06-19,260.1087341308594,264.946341983731,258.92215948171656,264.73642540182715,3479500
2020-06-22,261.83380126953125,262.1350270714213,258.54789406644636,259.5427971519011,2518000
2020-06-23,263.02044677734375,265.09239818270163,262.6553490121282,264.25267610822334,2503600
2020-06-24,256.2933654785156,261.68776941903207,254.63213898140205,261.1218359748881,4532300
2020-06-25,259.0041809082031,259.3145152399502,253.9474945323213,255.80952837796303,3897400
2020-06-26,252.93438720703125,258.2375374678845,252.3958632632281,258.05497470330135,4479000
2020-06-29,256.62554931640625,256.6438892927737,252.05637520417122,254.0473686386088,3464600
2020-06-30,260.04779052734375,261.44241258878566,256.12087998584343,256.24934380727564,5215700
2020-07-01,261.827880859375,262.8738479359994,260.525042009516,260.9103776693432,3712600
2020-07-02,263.1490478515625,266.12174877719866,262.5710164493619,264.93819000123375,3661100
2020-07-06,267.2319030761719,267.52548272360656,265.9840845747006,266.6905797262573,3573800
2020-07-07,264.4609375,267.61714864862256,264.1398339935647,265.7729874832624,3420300
2020-07-08,266.4244689941406,266.58042879101004,263.5893886867049,265.15831064325477,2434200
2020-07-09,265.06658935546875,267.26859077483533,261.8645131081389,267.0116910759087,3164600
2020-07-10,267.7273254394531,267.92002120153336,263.63527049187695,264.9014289285624,2712400
2020-07-13,265.3051452636719,271.993749328859,264.80050186233956,269.8376118867241,3657900
2020-07-14,268.8558349609375,269.12191860362117,262.98382284630014,264.0481294170723,4053100
2020-07-15,271.2413330078125,272.26893157199953,269.1494279307287,271.755132289906,6601400
2020-07-16,270.4522705078125,270.7642180770157,268.9659205604486,269.5622917368653,3082900
2020-07-17,271.1679382324219,271.90195726398804,269.5164444113334,271.32392602661815,2246000
2020-07-20,273.425048828125,274.0397600925807,270.2963605718157,270.9661197704027,2539900
2020-07-21,273.9939270019531,275.5720332913514,273.10394796665344,275.12243777869423,3305500
2020-07-22,275.55364990234375,275.76468566178863,273.51679222411383,273.61773210905466,4121100
2020-07-23,272.25982666015625,275.8197427200063,271.01203604122315,275.18666342070463,3487100
2020-07-24,270.4981994628906,271.4065183328165,269.1035771979933,270.5348794172557,2851000
2020-07-27,272.4708557128906,272.60847555718067,270.42481402788417,271.1037852596623,2253300
2020-07-28,270.7826232910156,272.80111278109257,270.47067567891185,271.74599009310174,3135600
2020-07-29,274.05804443359375,274.57184366199624,271.4890202916233,271.58077615382905,2370800
2020-07-30,273.05804443359375,273.47093196852654,269.44310850537585,271.3423183661488,2951700
2020-07-31,275.3426513671875,275.3426513671875,270.8835723006106,274.7462800269991,4460300
2020-08-03,277.0766906738281,277.8382337576838,276.2876516230504,276.7647430491044,3767700
2020-08-04,278.24200439453125,278.24200439453125,276.37029019469423,276.37029019469423,2129200
2020-08-05,279.9759216308594,280.20529728810243,279.20522278251775,279.48046237122617,2615100
2020-08-06,281.8569030761719,281.93947497746774,279.15025831161904,279.4530219497039,4088200
2020-08-07,282.003662109375,282.22388183301797,280.1319764581814,280.966907410414,3319600
2020-08-10,282.90283203125,283.0496358506822,280.6824907622561,282.4807885503609,2118200
2020-08-11,280.6181945800781,284.53592086414375,279.9025436242077,283.98541366732974,3571200
2020-08-12,284.4626159667969,285.16908314218745,282.77441393731635,282.8202778837826,2947400
2020-08-13,283.9762268066406,285.14144497991236,283.10458817312025,283.7835311087323,4074200
2020-08-14,283.9762268066406,284.4441340730961,282.9027364895659,283.64591132448066,2097600
2020-08-17,284.893798828125,285.22408639085614,284.508435338309,284.82956691316184,2183400
2020-08-18,285.49017333984375,285.84798487027336,283.7652636035117,285.27913761679434,2415800
2020-08-19,284.27911376953125,286.51782323195334,283.7928383207246,285.84803599115736,2498300
2020-08-20,285.17822265625,285.59108210996027,282.60919805554664,282.69176994628873,2409300
2020-08-21,286.19671630859375,286.3527041452508,284.5819299995201,284.86635370168534,2316200
2020-08-24,289.10516357421875,289.16939549591854,287.5178735091615,288.42619240190004,2349600
2020-08-25,290.11444091796875,290.1694888543884,288.5546747194979,289.646505458434,2890800
2020-08-26,293.07794189453125,293.26145367280685,290.1602894197256,290.6190408654485,2606000
2020-08-27,293.66510009765625,294.9771222573797,292.1970901567253,293.8027199046271,2295900
2020-08-28,295.5735168457031,295.6927966878513,293.5550275169194,294.6468580720192,3538700
2020-08-31,294.5367431640625,296.19742101680646,294.33489142505675,295.41756602515875,5068000
2020-09-01,297.2893371582031,297.3627530844038,294.46343999885727,295.2616631964657,3008000
2020-09-02,301.6198425292969,302.47314135956594,297.9865395099518,299.0508460509643,5273100
2020-09-03,291.1787109375,300.4913879014748,288.83908971007753,300.03263644512003,6892000
2020-09-04,288.8482360839844,293.23389831561497,281.581601641636,291.55485252402866,5133900
2020-09-08,280.911865234375,284.9672122283389,280.61825759681267,283.8295176327416,4278300
2020-09-09,286.4535217285156,288.70141463454047,283.7744294159889,284.5634683299644,3339800
2020-09-10,281.4440002441406,288.7473151162722,280.59072931058034,288.1417598731106,3589000
2020-09-11,281.655029296875,284.04969824713277,279.0768485803295,283.09548746237255,3690100
2020-09-14,285.3157958984375,286.9489494708713,284.0679777532301,284.4992051122414,3056100
2020-09-15,286.78387451171875,288.3344565788523,285.82047971263125,287.6096214823901,2570900
2020-09-16,285.6278381347656,289.1785700341043,285.380122420847,287.9215954857563,2313400
2020-09-17,283.1322326660156,284.6736309057553,280.71919542167836,281.19631487681306,2848300
2020-09-18,279.83831787109375,283.94873996439895,277.59042510132565,283.9120320171484,3420800
2020-09-21,276.8014221191406,276.8564700471728,272.3423439487893,275.68206758254706,4536800
2020-09-22,279.5998229980469,280.0585744451133,275.86560749890066,278.1042888006158,2741500
2020-09-23,273.12225341796875,280.3429966781171,272.6543459843151,280.09528097794754,2755800
2020-09-24,273.8746032714844,276.5904038927457,270.70005122095756,271.86526977130444,3130700
2020-09-25,278.26025390625,278.95756500887876,272.24143765187824,273.0304766364622,2683800
2020-09-28,282.9211120605469,283.52666718740653,281.1503386137969,282.0586853040663,2437900
2020-09-29,281.3077697753906,283.3441155898036,280.70885611440605,282.72675564675853,2303900
2020-09-30,283.4731140136719,286.32950407074645,281.81457946147833,281.9896504343507,4304500
2020-10-01,285.2699279785156,286.661244718979,283.5745287135192,285.7859178365868,3005700
2020-10-02,282.6161804199219,284.32999743088806,280.30342164985655,280.7733519164324,3125100
2020-10-05,287.554931640625,287.7484488688636,284.4313521194937,284.4313521194937,2364500
2020-10-06,283.53759765625,289.6189374056452,283.0400260816575,287.71160313581703,3389800
2020-10-07,288.4027099609375,289.1490533825355,286.1913210036346,286.2005160265742,1707800
2020-10-08,290.95501708984375,291.0287459892103,289.3701831854965,290.2086736699402,1731700
2020-10-09,293.5441589355469,294.0233123738192,291.95013017329455,292.5214025472347,2794100
2020-10-12,298.28021240234375,299.6623337322472,295.46068713888707,295.90297608741514,2194300
2020-10-13,296.3729553222656,298.2895131451649,295.50682348064845,298.206589218117,2229700
2020-10-14,294.5208435058594,297.89319467697834,293.86661918878065,296.8980797299698,1902100
2020-10-15,294.1707458496094,294.5761704014007,290.45744725155106,290.89970813035353,2481700
2020-10-16,293.92193603515625,296.88889118045483,293.8390121231882,295.45148713434327,1669600
2020-10-19,289.48077392578125,295.6726798079726,288.7067610860884,295.12902056788613,2229600
2020-10-20,290.6232604980469,293.62707983269416,290.0427650443618,290.6877662416408,3066600
2020-10-21,290.0981140136719,292.5674979225073,289.86776040756405,290.6233269842386,2607700
2020-10-22,291.692138671875,292.23576974754934,288.3934596522012,290.30079404743157,2362400
2020-10-23,292.68719482421875,292.86226575969334,290.46658338101895,292.86226575969334,1429300
2020-10-26,287.2969665527344,290.3192043220776,284.12729912155334,289.6097254363576,3335800
2020-10-27,286.34796142578125,287.91437725450186,286.15447226272113,287.6471591878603,2196100
2020-10-28,276.4888000488281,281.71320346423715,276.07415235964754,281.1511542297775,5650500
2020-10-29,279.40045166015625,282.18311255735443,275.21722311405654,276.7191328326385,5365200
2020-10-30,276.2584228515625,279.0595018817195,273.07953249117895,277.8616746232355,5892100
2020-11-02,279.4740905761719,281.3169186585016,277.004707694488,279.5293731690958,4080400
2020-11-03,284.4036560058594,286.3201848031668,282.03561521567724,282.47790407012866,3378300
2020-11-04,290.8074951171875,294.53001601237423,287.4812036618388,288.5776887074029,5750200
2020-11-05,296.50201416015625,298.12368474677777,295.3317996132811,295.7188061206014,3950300
2020-11-06,296.4650573730469,297.54312449963743,294.3273694026338,296.1794211834773,3640600
2020-11-09,300.15997314453125,308.8581275967473,299.71768409601054,308.08411473200186,8097300
2020-11-10,299.7729797363281,300.6575297524636,296.7507414051389,299.2477667407666,4120800
2020-11-11,301.8829650878906,302.6845910124835,300.53770811235927,301.6894759624829,2773500
2020-11-12,299.0910949707031,301.7079082745871,297.36805468520447,301.0629070005358,2532700
2020-11-13,303.154541015625,303.8179604652291,300.2797327737853,300.7957225546625,1996100
2020-11-16,306.8309631347656,306.9415283521173,304.44450346248186,305.5870482008932,3018800
2020-11-17,305.30145263671875,306.37029674555,303.37569986006713,304.7394033339559,3052100
2020-11-18,301.5973205566406,306.03854401233923,301.5696792537766,305.5686137443191,2647800
2020-11-19,302.8597106933594,303.22827084081916,299.8374724932501,301.08138759534665,2962200
2020-11-20,300.8325500488281,302.8320314805158,300.74962613497934,302.60167790226916,3516800
2020-11-23,302.6109313964844,303.69819364622475,300.4363787776676,302.481919882446,2222600
2020-11-24,307.51275634765625,307.9826865729236,304.15882338818017,305.00650867844524,2659700
2020-11-25,307.00604248046875,307.4483314812789,306.0477637050469,307.4483314812789,2256900
2020-11-27,307.8813781738281,308.3144158868709,306.99680022727614,308.01958469068563,984700
2020-11-30,306.4992980957031,307.4114893492967,304.1036150429161,307.19955391531596,4175700
2020-12-01,309.8716125488281,311.2537339752178,308.9686445466263,309.5214987410487,3224200
2020-12-02,310.5258483886719,310.61796732502927,308.35129597556914,308.87650888560665,2270300
2020-12-03,310.43365478515625,311.7144058734166,309.48459930444676,310.43365478515625,2851100
2020-12-04,313.1058349609375,313.13347626904215,310.93131040514027,310.97736987886907,2907000
2020-12-07,312.5252685546875,312.9399162016369,311.3550826176334,312.423926487713,1943100
2020-12-08,313.4283142089844,313.9258858401907,311.2998492724185,311.3367137204836,1948200
2020-12-09,310.64556884765625,314.1377081045523,309.83471992574744,314.00872475024534,2545800
2020-12-10,310.4981384277344,311.4379707015683,308.5262987254237,309.3555658046098,2738600
2020-12-11,310.10198974609375,310.332343334709,307.54045896546575,308.95944494474924,2387900
2020-12-14,308.68304443359375,313.0874041021735,308.57247920565766,312.13834840327456,2654600
2020-12-15,312.94915771484375,312.94915771484375,309.8163266858139,311.10632916568835,2757400
2020-12-16,313.4283142089844,314.23916335040656,312.32260572171134,313.1242317212836,2943200
2020-12-17,315.13287353515625,315.35400394075697,314.1653717719946,314.91171501022626,2627000
2020-12-18,313.87060546875,315.58442270499114,312.0830593358523,315.4830806212573,6025700
2020-12-21,312.9031066894531,313.6310319248341,307.85374575183505,310.3599939962924,3918100
2020-12-22,312.2860412597656,313.2204561828638,311.29608942312353,313.1464540220105,2371900
2020-12-23,312.5357971191406,314.3306528481598,312.4247797724912,313.2111902903514,3682200
2020-12-24,313.7847595214844,313.8032529988413,312.49874287010516,313.05385776829536,1447500
2020-12-28,316.5140075683594,316.8378269224869,315.5703320715415,316.17169473817,2798800
2020-12-29,315.8480224609375,318.0499327820144,315.3669095591571,317.9204219322218,2555500
2020-12-30,316.2734375,317.25412805320286,316.0143876979145,316.67125893993284,2009100
2020-12-31,317.9758605957031,318.60497769176175,315.69992037506813,316.2457744643824,3507000
2021-01-04,313.6645202636719,319.27112213919713,310.27835002218194,319.2063526089341,5402600
2021-01-05,315.7276611328125,316.7731214519518,313.07239295054137,313.0816255724588,3299700
2021-01-06,317.6427917480469,320.5756317400247,313.91430861793253,314.36766709447824,4805000
2021-01-07,322.3889465332031,323.0736004862686,319.68743061348647,319.87245009282327,3638900
2021-01-08,324.202392578125,324.3874120967259,320.7052046287182,323.7027862326889,3758500
2021-01-11,322.08367919921875,323.64723935361286,321.22326654175544,321.371270845438,2975000
2021-01-12,322.11138916015625,323.0273103638997,320.0852381915053,322.2408999666165,2298400
2021-01-13,322.91632080078125,323.8692572744457,321.3342672489209,322.0651408099199,3039900
2021-01-14,321.8246154785156,324.10981651096205,321.5470438938265,323.6749797725024,3497400
2021-01-15,319.5301513671875,321.09371144347676,317.8278196166781,320.36280964682646,3622100
2021-01-19,322.0559387207031,322.5092689767465,320.446102447109,321.7783671121354,3433800
2021-01-20,326.4320983886719,327.2462634296864,323.78609023970125,324.1099097311493,2920600
2021-01-21,326.7373962402344,327.36651345068657,325.94172475168966,327.014939646515,2580800
2021-01-22,325.5716247558594,326.6263460624089,324.7297055289614,325.09054015519825,1812200
2021-01-25,326.8946228027344,327.21844222801826,321.93565963426624,326.32101434131073,3549000
2021-01-26,326.40423583984375,328.1158283835244,326.2192163591565,327.7272677100592,2430200
2021-01-27,318.48468017578125,323.4066557720304,316.403020430475,323.38816229420405,5010400
2021-01-28,321.1584777832031,324.8036976395832,319.7244285389744,320.0852631226849,3432200
2021-01-29,314.7283935546875,320.316500519613,313.23886414598184,319.4745815447439,5803600
2021-02-01,319.900146484375,320.89935878221553,315.8571059587584,317.92027183160667,3334000
2021-02-02,324.4983825683594,325.97867967489515,322.88857464094815,322.93482245533534,2955200
2021-02-03,324.8221740722656,326.40422752829437,323.7027116576513,325.38654982463584,3392800
2021-02-04,328.45819091796875,328.47671263286054,325.5901485418881,325.7751680505557,1988300
2021-02-05,329.77191162109375,330.41028953201067,328.7357121814365,330.19748748359933,2091800
2021-02-08,332.2052001953125,332.2052001953125,330.3455748215311,331.1412462453519,3371100
2021-02-09,331.9367980957031,332.4456369039168,331.0023552371613,331.41869843247366,1891200
2021-02-10,331.8073425292969,333.6299242746864,329.6423914344744,333.5559221251842,2400000
2021-02-11,332.3439636230469,333.15812850742884,330.1420253860105,332.79729388326456,2237200
2021-02-12,334.0369567871094,334.16649582228723,331.54821489635356,331.6315061242905,2144500
2021-02-16,333.7223815917969,335.25818705517077,333.0470168214338,335.0546458917281,4408500
2021-02-17,333.7965087890625,333.9630348162817,331.1412402736663,332.168179009173,3211800
2021-02-18,332.3716735839844,333.00079064362046,329.8181619210507,331.4372306163102,3010500
2021-02-19,331.7610778808594,333.7224596047309,331.34476283625634,333.5004249142759,2487100
2021-02-22,329.15203857421875,331.3909917678934,328.9577582311416,329.2168081000172,3291000
2021-02-23,329.5683898925781,330.8081305978367,323.3789189885408,327.2276801590827,5251100
2021-02-24,333.21368408203125,333.60224486424386,327.69960509033075,328.57851139679036,3301200
2021-02-25,325.2200012207031,333.31534458557354,323.8877367396248,332.16812781799047,7049200
2021-02-26,323.4344177246094,327.94931104049294,321.6950708011803,327.02412890967474,7579500
2021-03-01,331.32623291015625,332.501232331436,327.9770779853149,328.0233257999068,3721100
2021-03-02,328.7633972167969,331.7979927508531,328.5876103952314,331.56669727345763,5462600
2021-03-03,324.4244079589844,329.0318256826936,324.3318840880367,328.1621521175639,6317600
2021-03-04,320.4275817871094,326.6077917602248,316.3382925036967,324.2670820548879,6604500
2021-03-05,326.30255126953125,327.2647487778275,316.9582042888921,323.6010065004268,8721300
2021-03-08,324.70196533203125,329.73495919783414,324.42442194154756,327.17221444462626,5663500
2021-03-09,329.2445373535156,331.6407555166549,327.72725344691906,328.208337956949,6075100
2021-03-10,331.2799987792969,332.9175611170932,330.1790296970708,331.4927726163912,7231400
2021-03-11,334.77716064453125,336.5442619075853,333.21360058021423,333.6761916469514,3340700
2021-03-12,335.2489929199219,335.33228416026776,332.7602788927058,333.52816766005725,4847300
2021-03-15,337.19189453125,337.46020527312885,333.48193313251966,335.53583873264324,3154800
2021-03-16,336.81256103515625,338.4131363694851,336.07242658554355,337.80251274311087,3698400
2021-03-17,337.9134826660156,338.66287786723586,334.56432816489473,335.683790538988,5011600
2021-03-18,332.9452819824219,337.46943606059676,332.39942792469856,335.5913175034304,5067500
2021-03-19,332.3532409667969,334.1480968506762,330.41961338763247,332.74180171359484,5382800
2021-03-22,334.9807434082031,336.30374724699544,332.8435746734398,332.87132901151506,3417600
2021-03-23,332.5197448730469,335.7856369782579,331.68708652242503,334.48112666074474,4954600
2021-03-24,330.6785888671875,335.1656993325962,330.6785888671875,333.72241755784376,4099000
2021-03-25,332.5382385253906,333.28763386477067,327.6440449107868,329.43887244183384,5487300
2021-03-26,337.96307373046875,338.29730013262275,333.07944685057197,333.6550778768657,3322600
2021-03-29,337.7588195800781,338.5851204196377,335.27056688216345,336.62611620034784,3143300
2021-03-30,336.89532470703125,337.4616905302329,335.41910149653404,336.6168027178336,3696200
2021-03-31,338.2323303222656,339.64358413894763,337.3874707353353,337.3874707353353,7470300
2021-04-01,341.8161926269531,341.9368949673048,339.8386009492108,339.9964490097974,5132000
2021-04-05,346.7462158203125,347.3032882630338,344.2765497135573,344.3508411506569,3764100
2021-04-06,346.5512390136719,347.5446531977684,346.00346010202816,346.3469800691708,3583500
2021-04-07,346.98760986328125,347.312542805526,346.0498717523175,346.43983095044393,2768900
2021-04-08,348.6773986816406,348.6866921955615,347.2940251338579,348.13891321802413,3949400
2021-04-09,351.1842041015625,351.3234651383291,348.47313313901185,348.5567180949552,2627500
2021-04-12,351.3420715332031,351.5555956900544,350.09793064581737,350.67359018599086,2747500
2021-04-13,352.2983093261719,352.9203513315275,350.8777902436127,351.29557330678887,2985500
2021-04-14,351.16558837890625,353.28244079563297,350.6735139063213,352.3075570288206,3691100
2021-04-15,354.93511962890625,355.16723079562223,353.0689367816673,353.1153476814574,3573800
2021-04-16,356.17926025390625,356.6620413186626,354.8422975611665,356.114262321953,3252500
2021-04-19,354.42449951171875,355.67790562534736,353.1525347027802,355.24153544753256,3945700
2021-04-20,351.82470703125,353.8858546378653,350.4598926926281,353.2637844515537,4106700
2021-04-21,355.13006591796875,355.2879139697289,351.0820609890752,351.2120285018061,3640100
2021-04-22,351.8712158203125,355.70569661638933,350.9149189995429,354.9629522574176,3965000
2021-04-23,355.6221618652344,356.9498309471169,352.3076075834301,352.4097512310503,3781100
2021-04-26,356.3927001953125,356.94050739646076,355.89136055441475,356.2720262080522,3125200
2021-04-27,356.28131103515625,356.8755291615698,355.33430777179944,356.7084159387209,3370600
2021-04-28,356.1142578125,357.60906855907103,355.81714869923456,356.61562589939984,3960400
2021-04-29,358.4910583496094,359.0666895226717,355.4179086994475,358.7510217288596,4209900
2021-04-30,356.12347412109375,357.22832537524295,355.3435841182611,356.4391418602966,5219200
2021-05-03,356.9312744140625,358.3239414315972,356.48561076825354,357.9711279204004,4180800
2021-05-04,354.7587585449219,355.5572074609485,351.3699407413897,355.1486894882277,5485600
2021-05-05,354.8236999511719,356.43918455526835,354.14592516489097,356.2627778072484,4410700
2021-05-06,357.7110900878906,357.79464669148484,353.059574150674,354.9071979430694,4737300
2021-05-07,360.2643737792969,360.8678571306202,357.75756190902234,358.3981909795618,3516600
2021-05-10,356.7362976074219,360.84930060146036,356.6063017563269,360.61718943926115,5942700
2021-05-11,353.607421875,354.4244577144608,349.9772281649363,352.57686189605465,7081500
2021-05-12,346.0591735839844,352.1311810013936,345.50210114493257,350.98921225191265,7707400
2021-05-13,350.1721496582031,351.92689512298426,347.3961095222874,347.4332269038712,7179100
2021-05-14,355.54791259765625,356.32780275304606,352.632582611521,352.632582611521,5167900
2021-05-17,354.6937561035156,355.3622374745763,352.809014344452,354.5730537493971,3781600
2021-05-18,351.62982177734375,355.10219539816507,351.45341504254355,354.89793645965324,3128300
2021-05-19,350.70135498046875,350.8034702763126,345.9569888005091,347.29395116168786,5086300
2021-05-20,354.4430236816406,355.58499241922726,351.3698742866396,351.48128310651333,4776700
2021-05-21,354.1738586425781,356.94063450030666,353.7467819443678,355.80793064809706,3567500
2021-05-24,357.748291015625,358.75099874739027,356.00281058081,356.23492173791027,2962500
2021-05-25,356.99627685546875,359.0852774081837,356.4670565819823,358.7510225861299,4031800
2021-05-26,357.6461181640625,358.14748615593936,356.58770610774377,357.5347093511741,2642700
2021-05-27,357.8039855957031,359.1038023729749,357.7482811862401,358.6395800715292,3015900
2021-05-28,358.50030517578125,359.5587172485044,358.3238984413474,359.3358996192742,3370100
2021-06-01,358.22174072265625,360.8121088961414,357.80395768427377,360.7007000859061,4389000
2021-06-02,358.8252868652344,359.53088550925247,357.887548732382,358.79743465999525,3209200
2021-06-03,357.46044921875,358.4817155679502,355.3157445512225,356.68055918818357,3391000
2021-06-04,360.7007141113281,360.9792361477464,359.0852296323428,359.1316405271193,2628100
2021-06-07,360.394287109375,360.8770680131139,359.54010576627877,360.7192199929995,2500600
2021-06-08,360.4500732421875,361.23922852007775,358.7881494010037,361.16496541569205,2386600
2021-06-09,359.8837585449219,361.2857192196501,359.6887930759888,361.2392799806469,2968100
2021-06-10,361.5456237792969,362.42762917017603,359.84655425347023,361.03496223668986,2611800
2021-06-11,362.1769104003906,362.27905402866725,360.9142394848513,362.09335379573383,2241500
2021-06-14,363.0868225097656,363.0868225097656,361.16493546180436,362.28834545096277,2252200
2021-06-15,362.3255310058594,363.2075647723543,361.5456408862714,363.161125538712,2405000
2021-06-16,360.3385925292969,362.6318516491507,358.39814686386336,362.4833254583322,4194300
2021-06-17,360.2086486816406,361.08138886286866,357.915389411202,359.88368740839525,4065300
2021-06-18,355.4271545410156,357.80397035647616,355.14860417168353,357.25619146416636,5211100
2021-06-21,360.4035949707031,360.589295212375,356.1977423351318,356.98692586141914,4389800
2021-06-22,362.3161926269531,363.10537616232193,359.7444114200878,360.4593035243814,2705400
2021-06-23,361.9263000488281,363.15185378623414,361.8148912243152,362.4183745796814,2404200
2021-06-24,363.9966735839844,364.43304365474864,363.6438884563247,363.8481473901693,2987800
2021-06-25,365.343017578125,365.7329768490572,364.45171853099043,364.7859450484587,2862800
2021-06-28,366.10430908203125,366.225011422555,364.72090725666266,365.8350521942386,2418500
2021-06-29,366.26544189453125,366.99208396115887,365.799644969001,366.4424470006318,2927600
2021-06-30,366.6008605957031,367.16914771922256,365.8555967678008,365.8555967678008,3795900
2021-07-01,368.6689758300781,368.7714659468265,367.2436382425106,367.3274782853098,3414500
2021-07-02,371.4731140136719,371.7525808465752,369.404974160208,369.70309106863357,4363100
2021-07-06,370.77435302734375,371.6966218430568,368.2590382554143,371.4916700584552,4331300
2021-07-07,372.0506896972656,372.3208599165497,369.5446995731982,371.39859095794975,4747800
2021-07-08,369.088134765625,369.73093673567223,366.1349700314959,367.2342722772198,5817100
2021-07-09,372.9822692871094,373.2431144587592,370.23408416258326,370.4297109338227,3332200
2021-07-12,374.33306884765625,374.52869560684786,372.51644936519375,372.9170279202017,2929200
2021-07-13,373.0660400390625,374.96649932523127,372.8051949158618,373.64362363829366,4313100
2021-07-14,373.5784606933594,375.03174483199086,372.46986173209723,374.5566228685962,3332200
2021-07-15,372.3766784667969,372.9915337923289,370.59733088002696,372.3953001081814,4483900
2021-07-16,369.4794006347656,373.4573243264914,369.0415788447958,373.42005261437123,4516600
2021-07-19,363.9551086425781,365.4270429682973,361.39322534286765,364.9798676484604,12336200
2021-07-20,369.0975036621094,370.3085643243823,363.33093531684756,364.5792676944179,4043100
2021-07-21,372.1996765136719,372.283516545591,370.0942653899679,370.2899205610996,2996600
2021-07-22,372.99151611328125,373.159196167755,371.4264454115556,372.3673357816485,2575700
2021-07-23,376.71795654296875,377.06264174697174,374.1094764908015,374.6591419258224,3151900
2021-07-26,377.67742919921875,377.6867542344028,376.19619853419744,376.2893635960825,2374300
2021-07-27,376.00054931640625,376.78311310461794,373.3827730869884,376.78311310461794,3626100
2021-07-28,375.7956237792969,377.0719026928609,374.537966506301,376.52226578125226,3763700
2021-07-29,377.4165954589844,378.34818924594214,376.6899534423568,376.6992500478358,2274200
2021-07-30,375.572021484375,376.8576254316475,374.9385445460042,375.05033124924785,5204500
2021-08-02,374.8080749511719,377.6308026808353,374.4447681974441,377.0904908524766,5814700
2021-08-03,377.83587646484375,377.9104199045455,373.49467350695846,375.5068914990291,4129600
2021-08-04,376.0285339355469,377.1650510753056,375.74903873840435,376.6526858588574,3880200
2021-08-05,378.3761901855469,378.404136865964,376.71795414415277,377.01607102192906,3052800
2021-08-06,379.02825927734375,379.326376131843,378.3854856779374,378.63700578205294,2486900
2021-08-09,378.6649475097656,379.2052594252422,377.93830545516596,378.9257926465453,1984400
2021-08-10,379.14013671875,379.7829388537665,378.4414412180793,379.0749183154892,2400700
2021-08-11,380.0529479980469,380.1554380859703,379.07478601050383,380.090219705472,3554400
2021-08-12,381.16162109375,381.3293011648956,379.1307533076844,379.9226137725231,2319300
2021-08-13,381.91619873046875,381.91619873046875,381.18955667999415,381.6181103115468,2253800
2021-08-16,382.8291015625,382.8943199420061,379.29835362473136,380.75163746239156,3379100
2021-08-17,380.3045959472656,381.06848135437264,377.58432919345194,380.47227602955815,5186300
2021-08-18,376.21484375,380.78897280433677,375.93537697681734,379.36363540113103,4878300
2021-08-19,376.745849609375,377.8078517508469,373.5038929717505,373.65295139037545,5505700
2021-08-20,379.7268981933594,380.0157183988214,376.60608201125734,376.99733544836414,3263600
2021-08-23,383.0899963378906,383.8911533443658,381.2361338084997,381.2547554493528,3259400
2021-08-24,383.6955871582031,384.15205908601814,383.2111685497054,383.7235338388859,3006500
2021-08-25,384.4036560058594,384.94396804370194,383.5093336815019,383.87264057608706,3261400
2021-08-26,382.158447265625,384.4315386350301,382.13982562259326,384.19864016218116,4707600
2021-08-27,385.5494384765625,385.9872887475218,382.9037152075707,382.9689336038814,3882200
2021-08-30,387.3194580078125,388.0647216962567,386.0431790156085,386.2946991137112,2811800
2021-08-31,386.6580505371094,387.5616977893598,386.22020025138,387.2263376198602,6062900
2021-09-01,387.0679016113281,388.0926604845979,386.7604881643406,387.58959186863154,3256400
2021-09-02,388.2230529785156,388.8844765453634,387.0771824923003,388.2882429307521,2835500
2021-09-03,388.0740661621094,388.5305380618869,386.76051539072034,387.1517688962472,3740000
2021-09-07,386.639404296875,387.8132216754317,386.0711456802651,387.7945716027633,3542500
2021-09-08,386.2667541503906,386.85366281188914,384.4408382046078,386.17358908142484,4012600
2021-09-09,384.5339660644531,387.60824269021305,384.34766436076234,385.99657516686074,3887800
2021-09-10,381.5621643066406,386.70458011895977,381.413134321633,386.3226232611617,4035500
2021-09-13,382.45654296875,384.478085680412,380.3790784711088,384.30108057644316,4738300
2021-09-14,380.47222900390625,383.98432741112026,379.6151501948053,383.83526899084245,3657700
2021-09-15,383.6489562988281,384.0588598353543,379.8107944840699,380.82622829001434,3891400
2021-09-16,382.98748779296875,383.9936249503015,380.3045217100456,383.136546202573,3351500
2021-09-17,379.2331848144531,382.6800931848201,378.9443930160154,382.27951468117885,5396100
2021-09-20,373.03814697265625,375.0969900077135,368.51061416287234,373.6716240157553,10942700
2021-09-21,372.6748046875,376.27074323430315,372.1158427020418,375.1155759796804,6418100
2021-09-22,376.2707824707031,378.08740200537716,373.81138928021136,374.6591431677265,6004800
2021-09-23,380.81689453125,382.2515568762278,377.7333214725538,377.9568948764518,4098000
2021-09-24,381.45037841796875,382.0745587552129,379.1120973796032,379.31704914690874,3417700
2021-09-27,380.36981201171875,381.55295456571196,379.7083882439695,380.48162717090884,3546600
2021-09-28,372.7679748535156,378.10598939115886,372.0133576833374,377.8078725375067,8234300
2021-09-29,373.35491943359375,375.53266779755063,372.7941242720515,373.9531085454327,4724200
2021-09-30,368.6256103515625,375.28030757871875,368.56953368574483,374.65410863601215,9511200
2021-10-01,373.0371398925781,374.6540930851464,367.10211247191387,370.3360188570505,8482200
2021-10-04,368.4479675292969,372.8688674863758,366.3450073179614,372.10244847489327,8820400
2021-10-05,372.0277404785156,374.1867776450962,368.99013086491135,369.70980041269576,5523200
2021-10-06,373.68206787109375,373.87833620267133,367.3731862184777,368.8592749183066,6590000
2021-10-07,376.897216796875,379.51422263998757,376.5233628940338,376.72898681908015,4409200
2021-10-08,376.1869201660156,377.96277633612857,375.67287455249533,377.6356434351484,3960900
2021-10-11,373.44830322265625,378.289777562671,373.44830322265625,375.6447337894877,3695700
2021-10-12,372.7006530761719,374.7194983861323,371.8688017555869,374.373654288543,6201300
2021-10-13,373.89697265625,374.68207434875825,370.82196963484256,373.52311878218256,6492400
2021-10-14,380.1778869628906,380.35547257838226,376.86922107605864,377.31786292412613,3785200
2021-10-15,383.1406555175781,383.44910565880684,381.5984903811056,382.19667942880756,3501600
2021-10-18,384.3089904785156,384.5706910722302,380.89752714227126,381.5237545575305,3402700
2021-10-19,387.29986572265625,387.29986572265625,385.20626104392943,385.76702763771374,2838300
2021-10-20,388.8046569824219,389.019636536596,387.55223065308223,387.63634564648277,3208200
2021-10-21,389.75799560546875,389.9729466244593,387.8232652952069,388.23451314443815,2579500
2021-10-22,389.3653869628906,390.68324535205613,387.59891535067044,389.3560313463366,3648900
2021-10-25,391.3843078613281,391.748834698903,388.7485905723652,390.34686105880274,2511500
2021-10-26,391.7581787109375,393.9826482130032,391.4871224756432,392.8049811770324,3085300
2021-10-27,390.0570983886719,392.8236802758354,390.0103773427188,392.23484677604563,2873500
2021-10-28,393.87042236328125,393.8984606912026,391.3842527024325,391.4122910303539,3643600
2021-10-29,394.5714416503906,394.90790161321723,391.4964383261749,391.75813891611506,4637400
2021-11-01,395.4032287597656,395.8892644709285,393.74891037879536,395.5340933045318,3937300
2021-11-02,396.9361267089844,397.1884716964454,395.36592307388446,395.4967591151961,2989200
2021-11-03,399.3288269042969,399.7120364570566,396.0014783990765,396.42208190223954,3562900
2021-11-04,401.19805908203125,401.31021239155933,399.5998173748112,399.88955626549955,4287300
2021-11-05,402.56268310546875,404.47873076603287,401.2448245262199,403.347784882276,4942900
2021-11-08,403.0487365722656,404.0861833690174,402.36643246951905,403.65625277494945,3511600
2021-11-09,401.63739013671875,403.5347265636513,400.34756988647615,403.3571409626338,4696000
2021-11-10,398.4035339355469,401.64676744893444,397.04828133315385,400.11392923593195,6350700
2021-11-11,398.5343322753906,399.8615464201957,398.52500518108036,399.74939310267894,3634600
2021-11-12,401.4972229003906,402.0580180680639,398.84282286484586,399.7120396869646,3655500
2021-11-15,401.6841125488281,402.8430967683488,400.637310174984,402.7870201071232,3122300
2021-11-16,403.2170104980469,404.3198896967192,401.4037887875104,401.4505098377206,3267000
2021-11-17,402.2449035644531,403.1982638419738,401.7495407132174,403.05804366712067,3764900
2021-11-18,403.637451171875,403.9272185657118,400.7774278841479,403.2449146157196,4732200
2021-11-19,402.88043212890625,404.69365343515597,402.25423328420896,403.646851139429,4886200
2021-11-22,401.8150329589844,406.95560345617935,401.6374473326775,404.63766321817246,4868300
2021-11-23,402.33837890625,403.1047979751325,399.13253950066826,401.4972004633615,6795200
2021-11-24,403.3290710449219,403.5346949603529,399.758705114812,400.5531624482147,4569600
2021-11-26,394.552734375,398.64647295065913,393.3937502432249,397.40340235663723,7702500
2021-11-29,399.3194580078125,400.9457667791686,396.80524973729746,398.82409514354146,6300800
2021-11-30,391.6740417480469,398.74934213942936,391.27214948864133,397.03891834755484,8657600
2021-12-01,387.1690368652344,399.3007925396043,386.9166918747655,396.7305074959585,8337000
2021-12-02,393.0759582519531,394.47793167025424,386.9727017785445,387.33722855844945,10417700
2021-12-03,389.59912109375,395.53414848700487,385.79509247295664,394.5340671206727,10228900
2021-12-06,394.253662109375,395.9734129080223,389.74864692287,392.00115451612254,7289500
2021-12-07,402.3570861816406,402.9272369707411,399.03909325088364,399.0764872017822,4731900
2021-12-08,403.4880065917969,403.89925445595816,401.18874939037926,402.78701980378,4476500
2021-12-09,400.7401123046875,403.1328114505136,400.5998921368302,402.32899848257466,5035400
2021-12-10,404.5628662109375,404.6656639201715,400.91774044746563,403.24500756506177,6238300
2021-12-13,400.9738464355469,404.38531017491084,400.7308285258006,404.1048983121508,5923900
2021-12-14,398.2445983886719,400.2540880814656,395.5434775469823,397.97354218577027,6522900
2021-12-15,404.4693298339844,404.68430935910186,395.9827299869922,398.2632471651424,6871300
2021-12-16,400.8148498535156,406.3853495750788,399.4222320539304,406.1610429558764,7159500
2021-12-17,396.6557922363281,400.76824305893007,395.04819445292924,398.02037209750137,8882700
2021-12-20,392.36566162109375,392.75822677415425,389.0943899307499,391.9824806092348,9903400
2021-12-21,399.3289794921875,399.4790748637929,393.5410466034197,395.53915008550456,6916700
2021-12-22,403.36273193359375,403.45654512934306,398.9819391070048,399.10389339870204,4992200
2021-12-23,405.8485412597656,407.2181219324565,404.188131171848,404.22566216538695,5032700
2021-12-27,411.6365661621094,411.6459560702083,407.0775367579349,407.1056778544631,4986300
2021-12-28,411.32696533203125,412.9310648994866,410.55773728110546,412.07741356898583,4865800
2021-12-29,411.8241271972656,412.70591958555787,410.44515643070343,411.34570000444893,4596700
2021-12-30,410.66094970703125,413.0905597363809,410.2388332701372,412.1806547631533,3751800
2021-12-31,409.5352783203125,411.2331912357256,409.3664317451126,410.1544110571468,5185600
2022-01-03,412.04931640625,412.06806759445516,408.6628804441603,410.81105091826913,6017300
2022-01-04,411.8804931640625,413.9348791857678,410.1450491265246,413.2969665896632,6262200
2022-01-05,403.9912414550781,412.19939483053156,403.8692871673429,411.6084032070562,7539600
2022-01-06,403.4471435546875,406.0268489104701,401.4021476342221,403.55973656299153,7971500
2022-01-07,402.0494079589844,404.6478644150741,400.74549909116325,403.5690843007723,6157500
2022-01-10,401.5240783691406,401.67417374364095,393.7755728486834,399.0381863522159,10481500
2022-01-11,405.0418701171875,405.2013554034658,398.475347585259,401.19575833721893,7282400
2022-01-12,406.2519836425781,408.0999917940403,404.44150649179085,406.71163104672473,8270300
2022-01-13,400.6517028808594,407.79982738569737,399.704238290035,407.20883575489677,7521300
2022-01-14,400.773681640625,401.10198489754436,396.6273786919054,397.6967976372734,9960800
2022-01-18,393.7474365234375,398.6629670576119,391.48667322700294,396.4490960416292,10681500
2022-01-19,389.6105041503906,396.3740425090958,389.36662422557197,395.0888849102039,8184100
2022-01-20,385.3236083984375,395.63304113944173,384.88271210374626,391.3366712142177,8907600
2022-01-21,377.7532653808594,386.421065579426,377.72512428779,384.33853880899267,16225900
2022-01-24,379.3292236328125,379.8076508424862,362.88477694406214,372.6595269292594,22970700
2022-01-25,374.7232971191406,379.22607268124005,368.41007295466,373.5132014150459,16836300
2022-01-26,373.8790283203125,382.9220816418429,369.9203521722501,380.5393640271353,14377300
2022-01-27,371.984130859375,380.8301679651451,370.3706413113517,377.9784130046876,12455200
2022-01-28,381.1022644042969,381.1679078809509,368.9447947991587,373.18491107224395,12096800
2022-01-31,388.0721130371094,388.334772799947,379.3104990430234,380.54876447972947,9200400
2022-02-01,390.6048583984375,391.21460110350813,385.4548098790663,388.6817884790461,8154900
2022-02-02,394.32904052734375,395.0982686000732,390.7456171723841,393.0345215760689,6726500
2022-02-03,385.1640930175781,390.64244590676674,384.41364469820314,388.91639186998964,7658300
2022-02-04,386.9744873046875,390.4641256337205,382.79068299780107,384.92949173961085,8210000
2022-02-07,385.6987609863281,388.9444911287561,384.51677781407477,387.64058230423996,5620900
2022-02-08,388.8225402832031,389.73247381018246,384.0008516203575,385.286009269977,5565700
2022-02-09,394.5260314941406,394.80744241597415,392.44350478927987,392.6311025279142,6284500
2022-02-10,387.5936584472656,394.7417823573664,385.68000686493787,389.2352890061174,9260500
2022-02-11,379.8639221191406,389.4885764557172,378.57876452700026,387.5655063930773,10458600
2022-02-14,378.6256408691406,380.8488729462366,375.4549443467244,379.3854789555465,10167600
2022-02-15,384.70440673828125,384.88264320600166,382.2278760043335,382.9032908747042,6815000
2022-02-16,385.1640930175781,386.3836073212729,381.1585242986254,382.9221093397018,7743800
2022-02-17,376.9746398925781,382.715680413895,376.38367694993025,382.25600439926063,7541000
2022-02-18,374.5638732910156,378.3349234633839,372.4156741072162,377.24675332285165,10570800
2022-02-22,370.46441650390625,375.57690566092816,367.2655788304372,372.46249126222494,10414700
2022-02-23,363.79461669921875,373.65378742266796,363.39125159348634,373.10968826017324,12154900
2022-02-24,369.38568115234375,369.7609339516649,354.1232153935638,354.3671239875687,21277200
2022-02-25,377.4530944824219,377.59379995516724,369.03856367905166,370.4925965714644,11665200
2022-02-28,376.505615234375,377.9033658831715,371.4775490192799,372.5844701987241,11855900
2022-03-01,370.8583984375,377.0309451624339,368.4663197262752,375.239219291788,9124400
2022-03-02,377.66888427734375,379.07599634348304,372.2092825900588,373.09107510839425,8185200
2022-03-03,375.7738952636719,380.4267657008778,374.17918568571974,379.93894860711055,8745300
2022-03-04,372.7345275878906,373.75702538277835,369.0103705859266,372.349913598073,6317700
2022-03-07,361.7309875488281,372.41567260235075,361.6840952628323,372.1624027279884,8411500
2022-03-08,359.0011901855469,368.4194393266085,358.0068333185733,361.87169640571847,9356100
2022-03-09,368.5694885253906,370.39874536664456,364.6483437392228,366.6745882221035,5812600
2022-03-10,366.9278869628906,367.734646033688,362.59398673898545,364.38571272330097,6394800
2022-03-11,362.2469482421875,369.7796873259949,361.7966620570024,369.24497784879435,5872800
2022-03-14,359.6015319824219,366.1023824197483,358.57903405185056,363.10056072403165,6455000
2022-03-15,367.4907531738281,368.07235489068665,360.81166608203694,361.96547960813785,5739400
2022-03-16,375.70831298828125,375.74581536486033,366.36506822178285,371.00854950871354,7407300
2022-03-17,380.3048095703125,380.445515028303,373.63508458392795,373.9540551257245,5177500
2022-03-18,384.5074157714844,384.8732499830771,378.2691967105454,378.9633913890735,5875000
2022-03-21,384.5262145996094,386.25226866114787,381.2617042451833,384.46054249808566,4159500
2022-03-22,388.9914245605469,389.7887651043746,385.7363044063055,385.7363044063055,4231700
2022-03-23,383.9820861816406,388.0064344699509,383.94458380740843,386.63685348854557,3742600
2022-03-24,389.689697265625,389.7650120725056,384.78587608123564,385.80242490484574,2977300
2022-03-25,391.666259765625,391.8921467179006,387.98603163917556,390.41443127285794,3638000
2022-03-28,394.36767578125,394.4241475306632,389.3791464218424,391.0827778855751,3395300
2022-03-29,399.3562316894531,399.76095546610526,395.5536378126228,398.10437422784537,5510600
2022-03-30,396.8713684082031,399.0926959097063,394.9324283825159,398.38677030644584,4794300
2022-03-31,390.7721252441406,396.89014613181496,390.6591530379018,396.2312708542389,5876600
2022-04-01,391.8545227050781,392.3251396773726,388.60725410657403,392.19335313752356,4663100
2022-04-04,395.1772155761719,395.28073755867223,391.2899134297395,391.97702479028106,5117200
2022-04-05,390.2921447753906,396.0901504182691,389.20030974612916,393.96295210917475,4112000
2022-04-06,386.33892822265625,388.40965466575767,383.6846699763699,386.62131567808876,5540700
2022-04-07,388.28729248046875,389.9532664553857,383.7787732106712,385.52948352976654,4954100
2022-04-08,387.3460388183594,389.87796065438874,385.8871375630338,387.6472406014534,4752800
2022-04-11,380.63507080078125,385.02122522864937,380.1926896172529,384.49413642157543,3342800
2022-04-12,379.2420349121094,385.6329934107748,377.78310490453293,383.3928517827133,6615800
2022-04-13,383.52471923828125,384.21183057833963,378.8279695440532,378.9126771792621,4358700
2022-04-14,378.8655700683594,384.7577052000794,378.6961548105355,383.75999927175576,3735700
2022-04-18,378.93145751953125,380.46567379819334,376.907809817741,377.95256594908784,4305900
2022-04-19,384.9835510253906,385.68947658165825,378.71492863883225,378.92200128430477,3841500
2022-04-20,384.6917724609375,387.2143016235336,383.71290969999797,386.6777913045938,5067100
2022-04-21,378.9878845214844,389.3696949449435,378.18782983407624,388.1461021695078,4670200
2022-04-22,368.6437683105469,378.27260394501667,368.1166794878066,378.0655312843554,6326400
2022-04-25,370.6579895019531,370.90271956788723,362.3751406342728,366.53540813422245,8141200
2022-04-26,360.05975341796875,368.57791178149927,359.96562424933853,368.39907497835867,8493000
2022-04-27,360.9914855957031,365.9047283706376,359.08078166790546,360.96324972383155,6415700
2022-04-28,370.0367736816406,371.6933261017149,361.31151552551773,365.4153109808348,7030200
2022-04-29,356.44537353515625,368.4461085921404,355.7864981600004,366.53540447321154,8221900
2022-05-02,358.68548583984375,359.80555674066886,350.44968728918053,356.53008038628394,10737000
2022-05-03,360.2385559082031,362.4316188350308,357.668976342718,359.19377106704604,5607700
2022-05-04,371.1662902832031,371.7216150132564,357.93253975402126,360.8221356363932,7367500
2022-05-05,358.130126953125,367.37305202333977,354.23343300473675,367.28834440752513,10477300
2022-05-06,355.8806457519531,358.8737635215246,351.03329551679417,355.7959381234771,7959600
2022-05-09,344.39752197265625,351.6073780085606,343.07980009025994,350.4778856955451,10793200
2022-05-10,345.28228759765625,351.28736529587064,341.58324475913787,350.0449294843402,7870800
2022-05-11,339.7195739746094,349.5366375057013,339.0983561000536,344.4634012831015,8026900
2022-05-12,339.45599365234375,342.3738244301235,333.2156084215014,336.8111287429965,7679200
2022-05-13,347.4659729003906,348.80250919491016,342.27037117212075,343.2963128620273,5377400
2022-05-16,346.2235412597656,349.52728207917,343.97400674046696,346.1011762332418,4719800
2022-05-17,353.15106201171875,353.4898925156549,348.3319190703081,351.70155338844563,4513300
2022-05-18,339.164306640625,349.34846693162973,337.90305633963015,349.17905168019456,6883600
2022-05-19,336.89593505859375,340.9432591698564,334.9381806498776,336.18061663142913,6359500
2022-05-20,336.9806213378906,340.67969317245235,329.2060472228721,340.1714187168923,8755900
2022-05-23,343.3716125488281,344.08695966245426,337.76186530943477,339.87022051904614,5254900
2022-05-24,340.8961486816406,341.86561862506574,334.7969702896785,339.64432000680404,5567300
2022-05-25,343.7387390136719,345.5835499904694,339.09843260855376,339.35258422432184,5704600
2022-05-26,350.5720520019531,352.1439256196925,344.74581050604576,344.91525447788655,4248300
2022-05-27,359.3630676269531,359.4195393592625,352.7744307652025,352.9062172900426,3911800
2022-05-31,357.3677673339844,360.35149216263386,354.7699806694527,357.885463339633,5016500
2022-06-01,354.3746337890625,360.15382487139857,352.11567772488553,359.1843261864793,4245800
2022-06-02,361.1044921875,361.18919981791765,352.2098463033875,354.289965825923,3273700
2022-06-03,355.2593688964844,358.2336718305933,354.3557922849141,356.83121361589014,2749500
2022-06-06,356.22882080078125,360.4549521227872,355.23111509324394,358.9207361600134,2659500
2022-06-07,359.71142578125,360.1255423326886,352.68979915995817,353.11336596772077,2649900
2022-06-08,355.7770690917969,359.76792121749185,355.08998658068305,358.13957588001136,3436400
2022-06-09,347.4095458984375,356.2006698019403,347.33423107755686,354.12994309054227,3022000
2022-06-10,337.2159729003906,342.3174749999619,337.1783442130912,341.6021278026301,7629700
2022-06-13,324.2174987792969,330.2225770949739,322.89977674862774,328.59423171739127,10399700
2022-06-14,323.40802001953125,326.9094117770605,320.55608204378285,326.01522795455554,7584200
2022-06-15,328.0388488769531,332.1049864714919,321.8737779384272,326.4387683820056,7887600
2022-06-16,317.2617492675781,320.81019108443377,314.908664282458,320.4713606341838,8821900
2022-06-17,318.090087890625,320.83847548340816,314.5980885631167,317.4876842557109,7084000
2022-06-21,325.88348388671875,327.0788408203775,322.94680944657773,323.0221242580653,5628300
2022-06-22,325.19635009765625,328.97070766534716,321.5537790788281,321.9773171483532,4876100
2022-06-23,328.6130676269531,329.0648416138091,323.91631863542233,327.2012164696575,6708800
2022-06-24,338.8442077636719,338.8630221011764,331.28610061168825,331.34257234838117,5458600
2022-06-27,337.5736389160156,339.92672440786595,336.557118622179,339.7855450231926,4608600
2022-06-28,330.2790832519531,341.5174221774792,330.2790832519531,338.91960652910967,8797800
2022-06-29,330.4416198730469,332.0671486496839,328.7120872502681,331.1882209715569,3775900
2022-06-30,327.8331604003906,330.63062159681857,323.64641432391215,326.8880694300675,7159600
2022-07-01,331.1976623535156,331.5662328123553,324.72378382142364,327.1526743935123,7481500
2022-07-05,331.7835998535156,331.82141156419584,323.9582485720176,326.5100054680671,6180600
2022-07-06,332.98388671875,335.2048562529481,329.77058320891894,331.944309731663,5450900
2022-07-07,337.8699951171875,338.62605629677955,334.56217698317306,334.57163712153067,3737500
2022-07-08,337.6715087890625,339.33484902783863,335.0063457417017,336.36727883644414,4791300
2022-07-11,333.8534851074219,336.04610373633955,333.1541268096397,335.3561767385976,3491700
2022-07-12,330.77239990234375,335.4128003142459,329.25081719025724,333.2391024850111,4080300
2022-07-13,329.2319030761719,331.7269572827475,325.4609990304821,325.8106781029439,5603500
2022-07-14,328.3623962402344,328.8444018457196,322.3232513311072,324.55368093193215,4624800
2022-07-15,334.5716552734375,334.66614129459884,330.59280162163907,332.4168490686191,4520500
2022-07-18,331.802490234375,337.9833926052155,330.706210205091,337.36908930756437,3544900
2022-07-19,340.8092346191406,341.2628886595294,334.7984700038962,335.46004520756065,3620200
2022-07-20,342.9924011230469,344.23989918759366,339.71293455588864,340.89429817746026,4270600
2022-07-21,346.4608459472656,346.4891975186571,340.2421609397032,342.46310132976475,4604000
2022-07-22,343.3043212890625,347.64228571438616,341.1873265826448,346.5554367835696,4533900
2022-07-25,343.6445617675781,344.4290035337281,341.6031903680427,343.8619431041276,3902200
2022-07-26,339.5238952636719,342.32135616492536,338.76783410394427,342.2363014475973,2987200
2022-07-27,348.41717529296875,349.9954607662078,342.33078827722096,342.58595240831534,4500300
2022-07-28,352.8213806152344,353.378980846694,345.88441610533005,349.1355314671774,4345300
2022-07-29,357.990966796875,358.8131912116818,353.397810323912,354.15390029985423,5246400
2022-08-01,356.91357421875,359.1440037505424,354.82493139610233,355.4675862889346,4421400
2022-08-02,354.6075439453125,358.78485835993104,353.41674903913406,355.45811997597855,4132600
2022-08-03,360.1458435058594,361.11928610708793,356.21426138424897,356.4788857173434,3854800
2022-08-04,359.8623046875,360.58058310684515,358.3690735356867,359.9662796996161,3410600
2022-08-05,359.1156921386719,359.7961588191226,355.86457675895053,355.9685229258791,2852100
2022-08-08,358.7943420410156,362.8298700137492,357.78308780263495,360.8168216758901,3450800
2022-08-09,357.376708984375,358.5769641189032,356.3938063115506,358.2083648008864,2360500
2022-08-10,364.86181640625,365.0224945610676,362.0643552197077,363.8505621495248,3651000
2022-08-11,364.86181640625,369.1997804836772,364.2380529070145,367.5175197161223,3575400
2022-08-12,371.1088562011719,371.1560992093933,365.83523283044815,366.64802600180747,3664400
2022-08-15,372.6966247558594,373.0841155093541,369.02020708809107,369.0485586631327,3203900
2022-08-16,373.3487548828125,375.0971789926065,370.8915125264984,371.6475737860312,3864800
2022-08-17,370.7969970703125,373.16918469430726,368.85957206965315,370.0598272487766,3222300
2022-08-18,371.9405212402344,372.38471512775607,369.6912290704952,370.8725927243416,3258100
2022-08-19,366.8087158203125,369.4833395128169,365.98649126161865,369.24706676184104,2899000
2022-08-22,359.0779113769531,362.48024507250557,358.2745781813254,362.3762700547251,4153700
2022-08-23,358.2273254394531,360.9019204636144,357.73585962672513,358.7187624102907,2869200
2022-08-24,359.31414794921875,360.62780943541117,357.4145058185279,358.09497248908224,2241200
2022-08-25,364.5499267578125,364.5499267578125,359.79612063861595,360.797914694932,2631300
2022-08-26,352.05584716796875,364.85235816119376,352.05584716796875,364.379812675249,5153200
2022-08-29,349.73089599609375,352.5661688581355,348.5306408675754,349.46627168264536,4953200
2022-08-30,345.9316101074219,351.05401531495386,344.03196822868733,350.91222861089915,5044500
2022-08-31,343.20977783203125,348.540104713467,343.17196611774017,347.42487545603524,4062500
2022-09-01,344.2682800292969,344.67469106950193,338.8245756107725,341.2723577817444,6126800
2022-09-02,340.6580505371094,348.86143320729684,339.07973593204275,347.74623278846923,4544200
2022-09-06,339.5144348144531,342.3875191341773,337.39744049564814,341.5180228435913,5680300
2022-09-07,345.6008605957031,346.26243581453656,338.99468391406714,339.1553332282577,4137000
2022-09-08,347.8596496582031,348.2471404274097,342.37810457881614,343.4271705816708,3692000
2022-09-09,353.2278137207031,354.04057825732986,349.6648305045148,349.9105345885291,2621600
2022-09-12,357.112060546875,357.72639275168797,354.891119837982,355.18409573171397,2961400
2022-09-13,341.5369873046875,350.1845641131358,340.4973814451067,349.05990352530137,5549200
2022-09-14,342.8128967285156,344.17383018668824,339.78859374548966,342.67110999345914,3555500
2022-09-15,338.9852294921875,343.9847689068013,337.77551417823105,341.32906553130414,3807500
2022-09-16,336.3200378417969,336.90601843397064,333.32411580451486,335.09143119389523,4452300
2022-09-19,338.9001770019531,338.9001770019531,333.38084904296295,333.4280920560366,3412600
2022-09-20,335.0820007324219,336.8115334046876,332.5113520724083,335.86644240971043,3624000
2022-09-21,329.1846008300781,339.57114033163407,329.1846008300781,336.8114911241814,5102400
2022-09-22,326.40606689453125,329.40201798923636,325.74452051417745,328.4663583072789,5555600
2022-09-23,320.98126220703125,323.29671786100425,316.8984621489215,323.29671786100425,10491500
2022-09-26,317.87188720703125,322.8997779917055,316.67163208155245,319.6581229496999,5405700
2022-09-27,316.97412109375,323.0699414455522,314.79093409602734,321.1325162076234,5795700
2022-09-28,323.2001647949219,324.7379428492788,316.270632825806,317.80841088016285,8683900
2022-09-29,316.46051025390625,320.18154862983016,313.755145887311,320.0391671302765,7230100
2022-09-30,311.6383056640625,319.1278910680506,311.4674478675408,315.6916157504167,7736600
2022-10-03,319.8778381347656,321.4725690021492,313.3470024278371,314.95123505225064,5739000
2022-10-04,329.5886535644531,329.7025587805513,324.7664826140669,324.77598437166614,5110000
2022-10-05,329.01910400390625,330.9461068272151,323.5609235475539,325.7062350491017,4755800
2022-10-06,325.5543518066406,330.3195991977983,325.1082037235795,327.6616852461757,3879600
2022-10-07,316.41302490234375,322.11801829099517,314.81829419772265,321.8712043835769,5168100
2022-10-10,314.04937744140625,317.685015502008,311.9800226166144,317.4951542101626,3933900
2022-10-11,311.9800720214844,316.6313847206154,310.26193424263454,312.4926744156295,4968100
2022-10-12,311.0118103027344,313.8025744017109,310.82194900432677,312.4451559212741,3235100
2022-10-13,319.1564025878906,320.5422975938987,303.636180378199,304.55695278609113,6396900
2022-10-14,311.9705505371094,322.92488763074147,311.3820210326779,321.43456035741104,4879400
2022-10-17,319.89678955078125,320.9409688415851,317.4856899099739,317.590122323439,3889500
2022-10-18,323.66534423828125,327.49081550411466,320.62773668087897,327.1870489546199,4903300
2022-10-19,321.4250183105469,324.3297453503982,318.85256300576447,321.8332171787994,4403200
2022-10-20,318.7861328125,325.04170634787084,318.0457200906092,321.00739994693964,3459100
2022-10-21,326.4465637207031,326.91171519923176,317.17241601001075,318.4728818612972,4362400
2022-10-24,330.42401123046875,331.5061687672012,325.4689313369966,327.9180094628782,5639400
2022-10-25,335.79669189453125,336.06248034349915,330.36698874952833,330.3859632927516,5203400
2022-10-26,333.29071044921875,338.09393571412164,332.6547300173571,332.90154395921104,4277700
2022-10-27,331.50616455078125,335.83473670510716,330.9081331795381,334.1830241157749,4145300
2022-10-28,339.24249267578125,339.8120476687755,331.24033337896117,331.3257622825947,4388100
2022-10-31,336.935791015625,338.8058118545374,336.08144412886213,337.13512510377825,6431000
2022-11-01,335.578369140625,340.56192450592044,334.41081185219684,340.33411410208464,8014300
2022-11-02,327.0160827636719,339.00509501929855,326.9306538815817,334.8758585723617,5022500
2022-11-03,323.5324401855469,326.36121190215187,321.7003970422322,324.0165663202528,4534800
2022-11-04,328.2691345214844,330.35746391210523,322.74450110882356,328.8291876795095,3655400
2022-11-07,331.4207458496094,331.9617956589932,327.585772517936,329.44629208787114,3316600
2022-11-08,333.22430419921875,335.91066553548126,329.4652581237537,332.43641147900405,3237200
2022-11-09,326.4180908203125,332.44582484316766,325.93396479489905,331.36366760254145,3570800
2022-11-10,344.2829895019531,344.5867560174428,336.4232119684674,338.42611268189034,4603600
2022-11-11,347.57684326171875,348.39318308790916,343.38115203651324,345.23219824708514,4877400
2022-11-14,344.78607177734375,349.12414475794935,344.47283249093783,346.0675631592673,5274300
2022-11-15,347.63385009765625,350.97519499702116,344.18807278052685,349.94051741996304,4597800
2022-11-16,344.9949645996094,346.96938923378855,344.4349113189106,346.1910272827672,2755100
2022-11-17,343.99822998046875,344.5677559918138,340.3720932081339,340.59040185622626,3278500
2022-11-18,345.5169982910156,347.0358018871751,342.8970917806289,346.9123949307266,2574400
2022-11-21,344.3019714355469,345.2796963911387,342.55535738714843,344.35892403732737,2397900
2022-11-22,348.8868408203125,349.0197205614157,344.7765781331174,346.0106187023901,2316000
2022-11-23,351.0701599121094,351.5637588413489,348.39327144123047,348.5736310241546,2590900
2022-11-25,351.0321350097656,351.5447373859279,350.32970028712185,350.64296856040914,1423400
2022-11-28,345.47900390625,349.68416781779916,344.71958772335597,348.2412915546832,3553600
2022-11-29,344.8715515136719,346.6466419921095,343.1344390954411,345.46008108740284,2507800
2022-11-30,355.4841003417969,355.57903099592386,343.2957517461232,345.0044166141028,4748800
2022-12-01,355.53155517578125,357.86669846565536,353.1679066197801,356.7940429837928,4608600
2022-12-02,355.0190124511719,355.85435593900155,350.8992765850766,350.8992765850766,3596000
2022-12-05,348.6969909667969,353.3008526516837,347.41549951262454,352.4370329154456,3707000
2022-12-06,343.6564636230469,348.9532579742186,341.66303580337893,348.4596591394153,3911000
2022-12-07,342.9920349121094,345.1563208832981,342.0238116248419,342.72624642332386,3338000
2022-12-08,345.69732666015625,346.61809890354715,343.24827817097867,344.7006272797533,3604500
2022-12-09,343.1723327636719,346.8933999061298,343.0014749734934,344.57723107670785,4271400
2022-12-12,348.0704650878906,348.0704650878906,343.2292914982223,343.8937770969335,2946200
2022-12-13,350.6429443359375,358.047071618896,348.1843650389983,357.97111551053524,6161800
2022-12-14,348.5262145996094,353.8799631014186,345.76389694324683,350.36775970385105,4707100
2022-12-15,339.9544372558594,344.8050841463497,338.3691792006988,344.07417308537435,5126800
2022-12-16,335.9010925292969,338.720362003511,333.93616996205577,337.6002556185585,4533100
2022-12-19,333.0058898925781,336.3567361996967,331.52506443479456,336.15740211043243,5538500
2022-12-20,333.51336669921875,334.9440585825312,331.1670110531856,332.34973613649123,5068200
2022-12-21,338.501708984375,339.5032108122073,335.44958362729614,335.92648094316803,3832400
2022-12-22,333.7423095703125,335.97418569280205,328.4296660641171,335.71667160049714,6458200
2022-12-23,335.6116943359375,335.68801420256705,331.3005533113866,332.80753594106346,4572000
2022-12-27,334.2763671875,335.77383157238216,332.73122471953195,335.50677027060374,4303200
2022-12-28,330.1750793457031,335.9264594427099,329.91753618281456,334.2287062711681,4464600
2022-12-29,336.0313720703125,336.81349062548946,332.3688043114973,332.78847626268976,4086600
2022-12-30,335.106201171875,335.2492645446016,331.6916292102914,333.6278311411968,5325400
2023-01-03,333.8184814453125,338.635160466815,331.14786885868307,336.8610878069515,4957300
2023-01-04,336.2220764160156,338.1773433113804,333.06501925096586,335.8310172154436,3119100
2023-01-05,332.54998779296875,334.59109284981406,331.97770528191484,334.5243493577309,3216500
2023-01-06,340.1135559082031,341.1436702037268,332.62626373179023,335.3445837076212,3464800
2023-01-09,339.8656005859375,345.01611446302843,339.76069715660776,342.1547308013112,3775300
2023-01-10,342.28826904296875,342.3645889124176,338.5589286030747,339.3982725220025,3495700
2023-01-11,346.65667724609375,346.71390259650354,343.0417873718611,343.7571333594862,5710500
2023-01-12,347.9537658691406,349.2318469939459,343.9382992128683,347.6390264944676,4743500
2023-01-13,349.3082275390625,349.78512486732666,344.76815565958685,344.96844438735695,3015200
2023-01-17,348.7740478515625,350.7293149348485,348.01099478656204,349.2700105131892,4942000
2023-01-18,343.10845947265625,350.67204184699466,342.9653670310467,349.72779473433917,3931800
2023-01-19,340.63818359375,342.7555794523133,339.40778053181594,341.22953152983507,3569900
2023-01-20,346.9045715332031,347.0953420663523,340.39016824186,341.8876325153411,3265100
2023-01-23,351.12994384765625,352.90398776047374,346.8473864733548,347.66766493215755,3243300
2023-01-24,350.7579040527344,351.57815329659604,348.53557582279853,349.63243360336764,2702400
2023-01-25,350.8819580078125,351.1490193283939,344.9493545007898,346.97139437197745,3061700
2023-01-26,354.63037109375,354.8688197458992,350.62442209464314,353.3427425506441,3460900
2023-01-27,355.641357421875,357.7492351574587,353.62886495963187,353.7528629042248,5549500
2023-01-30,351.1966857910156,355.0881838849739,350.8628518744629,353.0470495607654,3280600
2023-01-31,356.18505859375,356.2804438754755,351.3111530403394,351.57821436467,4181700
2023-02-01,360.08599853515625,362.59448246343214,352.6750265285824,355.23118853384267,4941700
2023-02-02,365.24609375,366.64817292753827,361.8696528333262,363.6341786034594,5207900
2023-02-03,361.3450622558594,365.494074268436,360.3340423861739,360.75371430651495,6472500
2023-02-06,359.2562255859375,360.46753407410034,357.69198869650165,359.1799057287715,2880100
2023-02-07,363.8916931152344,365.06487091260857,357.3105164173432,358.4264688692357,4504600
2023-02-08,359.9048156738281,363.32893446006267,359.32301499632655,362.14623858612606,2921500
2023-02-09,356.8240966796875,363.39575568186086,355.7177205184602,363.36714300713084,3327700
2023-02-10,357.6920471191406,358.0449755780582,355.0023684184167,355.76539246972106,3256700
2023-02-13,361.8219909667969,361.90782898875915,357.86374915852787,358.2929392683393,2980600
2023-02-14,361.6884460449219,363.79635309122096,358.1021981030653,360.4962027819705,4718000
2023-02-15,362.8997497558594,362.94742783890024,358.94147920850565,359.72359770136825,2820200
2023-02-16,357.8541564941406,361.8982358112664,357.7587712237843,358.30244106806714,3077500
2023-02-17,356.928955078125,357.14833827714904,354.1629570346515,355.93700071438064,3285300
2023-02-21,349.84234619140625,354.182100185658,349.54667217988595,353.2855308902407,3109200
2023-02-22,349.403564453125,351.568696832864,347.9824198076586,350.21429568797214,3872000
2023-02-23,351.1585388183594,352.4938453156675,347.3052008339857,352.0169480589504,2867200
2023-02-24,347.4005432128906,348.1635670864271,345.01605722372034,346.5230395615782,4055000
2023-02-27,348.6023864746094,351.73083166503295,347.74397713780144,350.50997571529456,3300100
2023-02-28,347.2861328125,349.9090679245713,347.2289074659276,348.14457122608763,3022200
2023-03-01,346.017578125,347.6676531391495,344.7490442085144,346.55170073273064,3764700
2023-03-02,348.6023864746094,349.43218313710713,343.8715733078107,344.13863463720656,2727200
2023-03-03,354.1248474121094,354.49684126666796,349.75648108107737,350.3192163854734,4913600
2023-03-06,354.5540466308594,357.13882162436494,354.1438928664481,355.0595565610653,2638300
2023-03-07,349.0697326660156,354.7066618327967,348.50699738605766,354.45866594052745,3546100
2023-03-08,349.6133728027344,350.32871869915857,347.6008803190604,349.1937008815656,2906300
2023-03-09,343.21337890625,351.8356885706004,342.2691317495082,350.37638427950145,4409600
2023-03-10,338.2918701171875,344.5487605194873,336.8230473542252,342.72700929548665,8360400
2023-03-13,337.71954345703125,342.0974858227968,333.5991733423372,334.55296784150215,6478700
2023-03-14,343.3278503417969,344.8062492394057,339.19793308111616,342.2977651182832,4798800
2023-03-15,341.2104187011719,341.3439638963466,336.2793176735887,338.08197405597025,6610400
2023-03-16,347.0476379394531,347.42917900911584,338.58748574387675,339.11209016091453,5016700
2023-03-17,343.2515563964844,346.98089624400393,341.8590246290017,345.99848911028374,5189900
2023-03-20,346.3514709472656,346.7806610938957,343.19441284731386,343.8143735752266,3099800
2023-03-21,350.8819580078125,351.3874679756094,348.020574241226,349.489426058174,4117600
2023-03-22,345.06378173828125,354.0676043736985,344.9493310525978,350.78654888244483,4094800
2023-03-23,345.8840637207031,351.27299701535827,343.48048286664516,347.63904217005546,4787200
2023-03-24,348.1893005371094,348.25634807098515,342.59620929031536,344.7606696951573,3740400
2023-03-27,348.76397705078125,350.93799503273505,348.03609912406984,350.2676073036562,4144800
2023-03-28,348.1510009765625,348.8022739811027,346.38879645909446,348.1701741171171,2413700
2023-03-29,353.1024169921875,353.34184741792046,350.80389075062004,351.86694781174805,3636100
2023-03-30,355.2093811035156,355.7744333447686,353.49505124210265,355.5350029428473,3316700
2023-03-31,360.17041015625,360.4289844958624,355.93726734199,356.0617758405487,4159800
2023-04-03,361.597412109375,361.9326205585543,359.35634678042595,359.7202857122578,3525300
2023-04-04,359.5574645996094,362.401899326741,358.3124380328216,362.20078594568866,2713300
2023-04-05,358.6859436035156,359.5479165707647,357.12488168320704,358.86791307639277,3227700
2023-04-06,360.0554504394531,360.2852942727641,356.96199912187126,357.8718463409671,3076200
2023-04-10,360.4481201171875,360.4768798260522,357.19187222661293,357.7569245147037,2671100
2023-04-11,360.49603271484375,361.7889628700558,359.80647191388715,360.9653070004437,3069000
2023-04-12,359.05938720703125,362.6125259480403,358.49433500392087,362.4018260394786,3624200
2023-04-13,363.7139587402344,364.09707080132506,359.567036647783,360.0171670149525,2680900
2023-04-14,362.9668884277344,365.20795339404447,360.79287098588037,363.2350492982157,2981700
2023-04-17,364.2023620605469,364.2406791074858,361.71228010169585,362.8232406441784,2721000
2023-04-18,364.4513854980469,365.77304598115404,363.20632988283495,365.69641188591504,3019300
2023-04-19,364.43218994140625,365.20794205075185,362.6604284739762,362.7178894281987,2671300
2023-04-20,362.3731384277344,364.0012769344269,361.00360347375096,361.8080861577834,2953200
2023-04-21,362.5838623046875,363.0723097344193,360.8887053828938,362.67005375216706,2762300
2023-04-24,363.0627136230469,363.4266525432946,361.2813653005881,362.4785174185889,2310400
2023-04-25,357.3259582519531,361.73148374649713,357.24932415161214,361.23344977631785,3795400
2023-04-26,355.736083984375,358.83909235867094,355.29554026851184,357.86222692940703,3766900
2023-04-27,362.7945556640625,363.1010336233229,357.8718813130852,358.0825812566584,4302400
2023-04-28,365.8975524902344,365.9646000217263,362.0187914160013,362.05710846647463,3386900
2023-05-01,365.6485900878906,367.42038114649523,365.3899865134439,365.5911291218687,3069300
2023-05-02,361.5495300292969,364.99730478372186,358.82960389571764,364.9494303894342,4311600
2023-05-03,359.0306701660156,364.12575598020686,358.76250929302364,361.93256538092106,5513000
2023-05-04,356.4065246582031,358.29320812233567,355.2381031554514,358.03463381623857,4421500
2023-05-05,362.9478454589844,364.0204892392266,359.5575019749429,359.8543934059974,3139400
2023-05-08,363.1488952636719,363.5702951360186,361.90386878550396,363.36918176928134,2957600
2023-05-09,361.5782775878906,362.5742871639498,361.3771349767503,361.7410739180347,2271000
2023-05-10,363.1584777832031,364.7291261038785,359.7585775887282,364.2023908829922,3512900
2023-05-11,362.6509094238281,362.86160937098583,360.7450525568203,362.4689399591307,2676600
2023-05-12,362.1623840332031,363.9437612443104,359.95004967796257,363.79052229506044,2531000
2023-05-15,363.4170837402344,363.7810226782742,360.9749049910589,362.727522917461,3882600
2023-05-16,361.01318359375,363.2446621530936,360.97486654452473,362.3923050924099,2275300
2023-05-17,365.3229675292969,365.9358942415139,361.32925503406665,362.8328851726732,3222600
2023-05-18,368.8952331542969,369.268758642133,364.89196350884174,365.1409805007325,3340600
2023-05-19,368.31109619140625,370.1978093912837,367.22886583239796,369.69977532739955,3649000
2023-05-22,368.51214599609375,369.90085411977174,367.2575329364271,368.39722407113896,2784000
2023-05-23,364.3939208984375,367.8704257173887,364.01080888075893,366.9893382223522,2887300
2023-05-24,361.6644287109375,363.2159330961728,360.6492461075774,362.8903112448446,3611600
2023-05-25,364.8153076171875,366.117794902958,362.89986450704805,364.88232591326215,3315900
2023-05-26,369.5560302734375,370.2264470864754,365.4091085924765,365.5048865982453,3042800
2023-05-30,369.6710205078125,371.8450676539064,368.4930414239212,371.3662067639085,3968500
2023-05-31,367.6597900390625,368.87608605172676,366.2519379993166,368.0620167776492,4205300
2023-06-01,371.1841735839844,372.1418951996136,366.77864830662105,367.95665641568894,3563600
2023-06-02,376.6336364746094,377.3040241128579,373.07091066305685,373.588059325531,7368900
2023-06-05,375.9057312011719,378.0797487298418,375.22575704303756,376.9017698573103,3481200
2023-06-06,376.6815185546875,377.1412354913923,374.8618531746694,375.4747798629291,2894700
2023-06-07,375.44598388671875,378.0701607550345,374.9862962575505,377.02624779400946,3942900
2023-06-08,377.6967468261719,378.0415418771742,374.74697650130895,375.3886337488892,3455400
2023-06-09,378.3287658691406,380.148431079978,377.4189186500499,378.3479097794684,3060100
2023-06-12,381.8053283691406,381.8340588504402,378.5873683268534,379.2386412818882,3792700
2023-06-13,384.3240966796875,384.86041842024053,382.5139888848137,383.10777158133016,3913100
2023-06-14,384.62103271484375,386.3832370995932,381.61377260909944,384.63059005705287,5161300
2023-06-15,389.55328369140625,390.6833882312523,383.9410488147382,384.04638416780307,5285000
2023-06-16,388.11669921875,391.47831156781837,387.7719334533816,391.4112640376594,5141900
2023-06-20,386.3257141113281,387.2259746846011,384.2953491511266,386.43104945013977,4242900
2023-06-21,384.20916748046875,386.01924601366795,383.7303067049616,385.3009548504072,3423500
2023-06-22,385.60748291015625,385.6936743536758,383.04079583419815,383.3568311271032,3141000
2023-06-23,382.7151184082031,384.3145263563713,382.06387472819506,382.44695752659135,4215300
2023-06-26,381.1348876953125,383.91227454772536,380.91463042822227,382.1692434121813,3250700
2023-06-27,385.3584289550781,385.89475070376,381.54671575747074,381.9393558867237,4302400
2023-06-28,385.5307922363281,386.43105281744585,383.7685881191496,384.38154393069436,4320700
2023-06-29,387.00775146484375,387.16159275076643,384.7770968323026,385.1713096258122,3914800
2023-06-30,391.593994140625,392.49779327545974,389.680646501371,389.7863958709556,5173700
2023-07-03,392.3439636230469,392.3439636230469,391.01710828613267,391.2478848722634,2372000
2023-07-05,391.4690246582031,392.13245235511664,390.37294586040554,390.37294586040554,4230100
2023-07-06,388.27685546875,388.776846938155,386.0942929412409,388.22879290848675,6040300
2023-07-07,387.37310791015625,391.01711871703725,387.20001813038505,387.5077006919516,3673200
2023-07-10,388.4114685058594,388.54606127678375,386.5750268765064,387.1230808933638,3362300
2023-07-11,390.90179443359375,391.32485067359204,388.2192399441107,389.18072606370185,3177800
2023-07-12,393.978515625,395.29574675985805,393.04587302450403,394.39194756588364,4246400
2023-07-13,397.1898498535156,397.8724966588248,395.29572136767325,395.68993412629476,3273400
2023-07-14,396.8725280761719,398.73781308692236,396.2091004516152,397.9974795002267,3680900
2023-07-17,398.2570495605469,399.25700307002967,396.7379148134459,396.7571339674326,2963700
2023-07-18,401.2762145996094,401.8338636060398,397.6129550438708,397.9687001927244,3594000
2023-07-19,402.14154052734375,403.21840020889516,401.41080173962285,401.9684800804285,3494900
2023-07-20,399.5166931152344,402.0550304997322,398.8436704515706,401.2281371970026,4085000
2023-07-21,399.56475830078125,401.228110361032,399.4782280787646,401.04542566714406,3176700
2023-07-24,401.2569580078125,401.9973210410413,399.9974136369985,400.5358434744964,3471100
2023-07-25,402.4395446777344,403.487560810379,401.0069400451997,401.01653495169734,3949300
2023-07-26,402.53570556640625,403.7183438311201,400.53579838748647,401.53575197694636,6138800
2023-07-27,399.80511474609375,405.89130820309265,398.9397832163048,405.54518732806673,4149400
2023-07-28,403.69903564453125,404.4201499900536,402.0549031525613,402.7952366507658,2701200
2023-07-31,404.4778747558594,404.75671387812173,402.9106480697313,404.1317539217853,3452100
2023-08-01,403.22802734375,403.90104997842184,402.4299774846662,403.11265371164774,3118000
2023-08-02,397.64178466796875,400.65124063812885,396.97835695955916,400.4204640381005,4973700
2023-08-03,396.5168151855469,398.2378833181655,395.2572708899065,395.8245441011914,3022300
2023-08-04,394.5746154785156,400.1031597838098,394.2380895219227,398.199407007656,5717300
2023-08-07,398.132080078125,398.28592134764165,395.7860814091061,396.41104139373994,2598000
2023-08-08,396.41107177734375,396.84372287268764,393.3727724915132,395.90148537023373,3780100
2023-08-09,393.7765808105469,396.83412860032314,393.1035582137493,396.7668175379761,3145900
2023-08-10,394.00732421875,399.0647202161,392.8823727793567,395.93989096938947,4588300
2023-08-11,393.6419982910156,394.60348431912917,391.6517151706867,392.2382369057929,2918900
2023-08-14,395.86297607421875,395.8821952290266,392.5843056328889,392.82467710798153,2772900
2023-08-15,391.32476806640625,395.8533585178883,390.757494896664,394.29575602771115,4686100
2023-08-16,388.4306945800781,392.3920119486279,388.31532096231024,390.93056388653076,3353700
2023-08-17,385.2866516113281,389.9594592507759,384.95012565990004,389.7190877629305,7102500
2023-08-18,385.6424255371094,386.5366004965813,382.5272202113492,382.83490278091745,4157700
2023-08-21,388.19036865234375,388.8153580589702,384.58479596284815,386.6520144452728,3292400
2023-08-22,387.1037902832031,389.78634392557916,386.57498482130734,389.73828137166805,2646100
2023-08-23,391.27667236328125,391.9689433382994,387.9306910936569,388.01722129775675,3250000
2023-08-24,386.0750427246094,393.3246250255065,385.9404206191473,392.86313058899657,3458800
2023-08-25,388.6326599121094,390.17101406594065,384.31556774191336,387.555770925313,4417800
2023-08-28,391.1900939941406,391.74777218335385,389.4978989583563,390.7093510996826,3236700
2023-08-29,396.74755859375,397.07446028093574,390.9113320984069,391.11323592297606,3482700
2023-08-30,398.4013671875,399.04557578649604,396.51686264318107,397.12260358226894,3004500
2023-08-31,397.8916931152344,400.09350402008096,397.7282569455094,398.9974253629754,4751100
2023-09-01,398.73779296875,400.8242301964894,397.2955641780846,400.4203932245263,3588000
2023-09-05,396.9975280761719,398.5070680034904,396.8725302125794,398.24747736987484,4426700
2023-09-06,394.25732421875,396.25723153879386,392.12282411609743,396.2283881323617,3744100
2023-09-07,393.08428955078125,393.66118699146074,391.19016104825425,391.48824868875386,2245800
2023-09-08,393.6227111816406,395.0168480763971,392.7573504319477,393.07465719809375,4124400
2023-09-11,396.2091064453125,396.4975698276956,394.48806776864717,396.0168268659456,3346600
2023-09-12,394.084228515625,396.27641523497454,393.5265795937629,394.88227825920853,7595300
2023-09-13,394.5457763671875,395.5553249057305,393.23814018105224,394.23809381254114,2529700
2023-09-14,397.9590148925781,398.5455365594829,395.57454859914924,396.7764059945377,3660900
2023-09-15,392.99774169921875,396.7764036278697,392.7477753151796,396.4590968457357,4004000
2023-09-18,393.430419921875,394.53612284448303,392.4400906131431,392.8438982617096,3014600
2023-09-19,392.6419982910156,393.06505444086105,390.08444223684876,392.497781272255,3623300
2023-09-20,388.9691162109375,394.0553849306379,388.757588135386,393.69001558721067,4009400
2023-09-21,382.594482421875,386.56539454331175,382.3733301015695,386.3250230681966,4633100
2023-09-22,381.67144775390625,384.91165065341204,381.2868592491446,383.4405783495876,7204200
2023-09-25,383.25787353515625,383.2867462801627,380.14266866539856,380.51766224383556,3227900
2023-09-26,377.63323974609375,381.09456577145886,376.86403336317227,380.479230007345,5734700
2023-09-27,377.7197265625,379.2004230050464,374.45068050181123,378.67158817588415,4837700
2023-09-28,379.9232177734375,381.49639398186014,376.72853107792264,377.2497224618705,4065800
2023-09-29,379.0159912109375,382.9151922012773,377.66475203466865,382.7993784328343,5766600
2023-10-02,378.9870300292969,380.0390443433871,376.381102475896,378.2438426066935,5886200
2023-10-03,373.8909912109375,378.27276880079074,372.5783665635597,376.96980511794425,6886700
2023-10-04,376.6416931152344,377.23045238012236,372.9355052348206,374.21917656817135,4333700
2023-10-05,376.3232116699219,377.17255192966087,373.4663639860245,376.30391919280544,3329100
2023-10-06,380.8111572265625,382.2878416580924,372.9451580722799,374.18055400549343,4897200
2023-10-09,383.3494873046875,383.83206426401216,378.6395314690128,379.08349402442667,2959500
2023-10-10,385.3280944824219,387.6830727267795,383.5425830486854,383.90931684712575,3289600
2023-10-11,386.9591979980469,387.11362617727434,384.12164279484,386.32219280404496,4181800
2023-10-12,384.6331787109375,387.7988827946182,382.39404371577115,387.490055885944,3872900
2023-10-13,382.6063537597656,386.98813162252253,381.197207741791,385.8782104362147,3769800
2023-10-16,386.6117248535156,387.6058322439341,384.45942094133386,384.6814169533508,5150900
2023-10-17,386.6213684082031,388.47447700992024,383.46532549661464,383.77418183926113,4214600
2023-10-18,381.44818115234375,385.8782346647584,380.4830271116217,384.99030944162587,7329300
2023-10-19,378.21484375,383.74518604944495,377.5103002729056,382.17198052274904,6708900
2023-10-20,373.5049133300781,378.1666233485525,373.3601461300983,377.7419532591713,7549600
2023-10-23,372.8486328125,376.35214648341935,370.4743622615102,372.0475679664497,5537100
2023-10-24,375.637939453125,376.66100031193014,373.08025785195025,374.749984834872,4451500
2023-10-25,370.3392639160156,374.1709267930898,369.7698265431211,374.0937274264961,5471200
2023-10-26,365.79339599609375,370.04006805350036,364.97300913798716,369.29691001605784,6959400
2023-10-27,364.17193603515625,367.61754308933854,362.8496796890829,367.27007231248234,5638800
2023-10-30,368.5537109375,369.46095809970694,365.51348157460677,366.67167821483474,5795800
2023-10-31,370.7832336425781,371.0824290331062,367.29901230651393,369.0266462532973,4523200
2023-11-01,374.8658447265625,375.52214244237183,371.21756342446713,371.67118702742823,5549200
2023-11-02,381.9886474609375,382.11412219311705,378.2631671733785,378.27279868451063,4752200
2023-11-03,385.5210266113281,386.88189696987934,383.97677467901894,384.0540034754201,5981400
2023-11-06,386.2642517089844,386.7661506105636,384.57523230686235,386.17739138851744,4007100
2023-11-07,387.35491943359375,388.03053904422643,385.31845854427723,386.3125660287337,3358600
2023-11-08,387.67340087890625,388.47446569927513,385.6369107239214,387.9822277583991,3731900
2023-11-09,384.7490234375,388.8412671714839,384.3339848121216,388.7736993191939,4145600
2023-11-10,390.7522888183594,390.99357735202307,385.2316354441337,386.6310912668832,3992800
2023-11-13,390.3565368652344,391.3602757919674,388.7833311737424,389.5264891307939,2872900
2023-11-14,397.8558044433594,399.1008614174481,395.6070084623156,395.7517756792645,6973100
2023-11-15,398.724365234375,400.2686173294943,398.0004998261152,399.12974282283034,4414800
2023-11-16,399.28424072265625,399.5255292342232,397.40217855076844,398.3576716312411,3798900
2023-11-17,399.87298583984375,400.3362704032625,398.48316160375265,399.5158835417391,4696200
2023-11-20,402.8842468261719,403.6274342931301,399.5544830360578,399.56411454769756,3517600
2023-11-21,401.8322448730469,402.3148219115341,400.82847638582723,401.89015176133216,5248200
2023-11-22,403.5694885253906,404.6987021574133,402.52710576058064,403.50192067960154,3692800
2023-11-24,403.7914733886719,403.9072871557538,403.27994294795144,403.6177527380489,1351300
2023-11-27,403.0869140625,403.94588577088547,402.6911974043318,403.2316812656929,3632600
2023-11-28,403.4825744628906,404.6407709198169,402.1892717766801,402.7104631277128,3382400
2023-11-29,403.2220458984375,406.44565679554273,402.8263292151481,405.4225958891509,4092600
2023-11-30,404.7856140136719,405.0751779092785,402.0542409355222,403.9555956454291,4405700
2023-12-01,407.15985107421875,407.65208903806644,403.6756592827233,404.23543564120376,4973600
2023-12-04,405.1137390136719,405.23921374896406,402.9518034337547,404.06172466615277,5806100
2023-12-05,404.9883117675781,405.8183596384475,403.434427750844,403.7625766216916,3419300
2023-12-06,403.2992248535156,406.97648858695845,402.9131691553071,406.91855225077353,4201800
2023-12-07,406.4552917480469,406.97648313343325,404.66975103182705,405.18128145228513,3248300
2023-12-08,408.1829528808594,408.61725451925815,405.5094573831192,405.721792446613,5125300
2023-12-11,409.76580810546875,409.9105753246068,407.5073511244216,407.6907327533846,5247100
2023-12-12,411.8022155761719,411.8022155761719,408.52066884764565,409.4375768078207,5982600
2023-12-13,417.4097900390625,417.5352353108086,411.6478197912736,412.0049220393717,8659100
2023-12-14,418.635498046875,420.18938166531774,416.21295236771664,419.08912155145526,8349100
2023-12-15,417.99853515625,419.11811731154717,417.1781483794882,418.0950564454271,5326000
2023-12-18,420.3631591796875,421.1931774378007,419.31114490981423,419.49452651645055,4280500
2023-12-19,422.9207763671875,422.9497298051017,420.7588411251723,420.8457014389149,4061500
2023-12-20,416.8161926269531,423.8133640217771,416.6320542026905,422.06892898485796,5783200
2023-12-21,420.876953125,421.2258579387295,417.5624904853265,419.76245112485,4621600
2023-12-22,421.85577392578125,423.3579248760502,420.1016378190584,422.02051070059906,4037800
2023-12-26,423.6098937988281,424.404593434326,422.1367862645938,422.2240346428863,3835800
2023-12-27,424.3852233886719,424.5015151340999,422.950919094094,423.41608607580633,4271000
2023-12-28,424.4529724121094,425.2961169481393,424.1525422803221,424.72432961423067,4703700
2023-12-29,423.3191223144531,424.81160190193447,421.51654129672113,424.3561062293268,4376900
2024-01-02,420.615234375,421.8363271028176,419.0161343772369,420.5183147424508,9076000
2024-01-03,417.49462890625,419.636413869045,416.97128652923004,418.9774076613728,4805000
2024-01-04,416.1766357421875,419.42325170673547,415.9634243469589,417.0488534224047,3945300
2024-01-05,416.7095947265625,418.9579703955909,415.41095451857564,416.3316170486816,5724600
2024-01-08,422.6697998046875,422.8054636294731,417.0875602264591,417.1651077626675,7222400
2024-01-09,421.6425476074219,422.96056006217214,419.79149192333944,420.2372867741259,7939600
2024-01-10,424.4239196777344,425.19921755619566,422.0398506045337,422.32087907943793,4278800
2024-01-11,424.27862548828125,425.8001485668547,420.6055868518518,425.3931274645643,4796600
2024-01-12,424.47235107421875,426.2264868678787,423.2512584336381,425.55777989949814,5182700
2024-01-16,423.0284423828125,424.46277627114205,421.3227512264989,423.30950048827873,5730800
2024-01-17,420.6734313964844,421.0707812352532,418.4831716525419,420.2179356862589,6044600
2024-01-18,424.41424560546875,424.8600700106298,420.7606090198535,422.13676727725976,4331300
2024-01-19,429.60882568359375,429.9189271013949,424.7825119149833,425.4512189303847,4836800
2024-01-22,430.58770751953125,432.15773485097844,429.9868471019805,431.0432032515011,5870400
2024-01-23,431.8669128417969,432.06075211141615,430.08370394903596,431.1012861752369,3251600
2024-01-24,432.2254943847656,435.32674528390464,431.99291091883237,434.4836006441761,4568200
2024-01-25,434.6579895019531,434.90997461227073,432.3417376357991,434.3091143421754,4167100
2024-01-26,434.3963928222656,435.6368872981262,433.35940888423966,434.27040024979425,6404000
2024-01-29,437.5558166503906,437.67210840132793,433.89247861723925,434.39644897226776,4543300
2024-01-30,437.24566650390625,437.8658989651098,436.5381856634861,436.9258346487036,3410000
2024-01-31,430.1224670410156,435.5980861510555,430.054620340761,435.18136426501064,7108000
2024-02-01,435.7822570800781,435.7822570800781,430.92687001901794,431.60527792071986,6138400
2024-02-02,440.2596740722656,441.81029960616604,435.81133759004604,436.1214686119705,6253500
2024-02-05,438.65087890625,440.1336576533319,436.6350865243839,439.72663658786183,7101900
2024-02-06,440.0173645019531,440.2693496397693,438.2535276886806,439.5812409289206,4383600
2024-02-07,443.63226318359375,444.03928425349113,441.2190913948902,442.0719368803982,6763400
2024-02-08,443.93267822265625,444.1846337797161,442.9247672672576,443.6806930898766,4184600
2024-02-09,446.4524230957031,446.8012982727266,444.02958022508864,444.3881562378246,4002600
2024-02-12,446.2489013671875,448.45853297310526,445.5608222448136,446.39426603026374,4564200
2024-02-13,439.959228515625,441.63584656708616,437.0808897658454,440.4534979660654,8152200
2024-02-14,444.1459655761719,444.51424250225256,440.37600707844837,442.4887194088088,5624000
2024-02-15,447.1502380371094,447.2956027055845,444.2815705591692,444.73706623753856,5695700
2024-02-16,444.86309814453125,447.8868018190599,444.25253690722764,446.84981779937675,5527900
2024-02-20,442.4208679199219,443.92301886943244,440.40504582075386,443.3221584896282,5306800
2024-02-21,442.8666687011719,443.01203337956235,439.6006807651996,441.26759808743066,4208600
2024-02-22,452.17034912109375,452.9068732793544,448.05151603367403,448.92373359586594,4328500
2024-02-23,452.3738098144531,454.399302784037,451.7051028561076,453.64337703665296,4050600
2024-02-26,450.7166442871094,453.1588593816011,450.59065171911016,452.7712104171021,3450800
2024-02-27,451.5500793457031,451.7342177760286,449.5924328886404,451.3368679829957,3586900
2024-02-28,450.8523254394531,451.4531857938724,449.78626856432794,450.15454544625493,2800600
2024-02-29,452.5192565917969,454.031108360955,450.1351871982356,452.5580303636456,7332900
2024-03-01,456.8803405761719,457.20984367326685,453.00379179756766,453.39144076028407,4839400
2024-03-04,456.337646484375,458.01426455322564,456.07599007739793,456.08566133828657,3970200
2024-03-05,451.7633056640625,454.8936295075052,449.737812439148,454.47690760432863,4616500
2024-03-06,454.1571044921875,456.1341528118379,452.8972378666026,454.767665706765,5325100
2024-03-07,458.6539001464844,459.55519068245417,456.2504291415101,457.0742017115162,7149800
2024-03-08,455.8724670410156,461.60004193343167,455.32005173237593,459.1481259717571,6285600
2024-03-11,455.4944763183594,455.94027114163964,452.9650424653625,454.7191784017224,5323900
2024-03-12,460.3692626953125,460.8732034136859,455.07778163736594,457.3552600702756,4811000
2024-03-13,459.6715393066406,460.79574219443083,458.3050520786126,460.64067666759166,3544500
2024-03-14,458.66357421875,460.6599945814179,455.9306296598876,460.4952578118398,5153000
2024-03-15,455.5041809082031,457.21954309015143,454.25398564978246,455.8918298697162,6807100
2024-03-18,458.35345458984375,460.6115312723292,457.91733101573107,459.32259179834267,3939100
2024-03-19,460.9216613769531,461.0573252065034,456.74468238253894,457.6266007896369,4550200
2024-03-20,464.9435729980469,465.2052293955181,460.27232458283265,460.8635136558577,6179400
2024-03-21,466.4941711425781,468.3258249691458,466.35847774579315,467.72496467074035,5044700
2024-03-22,465.8846435546875,466.99302730662305,465.534646372499,466.5555011580514,5881500
2024-03-25,464.67901611328125,465.50543783536835,464.299822862706,464.4748511088049,6081300
2024-03-26,463.37615966796875,466.06929196977353,463.2108634694235,465.76789567021825,8073500
2024-03-27,467.4207763671875,467.52771005004814,464.2026184564128,466.20545903922624,4951400
2024-03-28,467.36248779296875,468.781970258694,467.1680251337358,467.5277543495643,4065000
2024-04-01,466.7499084472656,468.58745277744003,465.5442935085762,468.08189146175255,5734000
2024-04-02,463.697021484375,463.75535434169893,461.5386167508914,463.11366324030297,4817800
2024-04-03,464.11505126953125,465.51509908968796,462.58863538117527,462.6372362019572,6224800
2024-04-04,458.39825439453125,468.1207928630354,458.1940597236931,467.8485629727506,6871200
2024-04-05,463.26922607421875,465.05816959224455,459.31217546666034,459.7302374998812,5588200
2024-04-08,463.4539489746094,464.80539604150795,462.76365706252994,463.9109094619481,4736800
2024-04-09,464.027587890625,465.32070213677514,459.6232791029539,465.1068051012904,5250400
2024-04-10,459.5357971191406,461.2275390710674,457.6107533981274,458.81633873216265,6933400
2024-04-11,462.8511047363281,464.18308758875327,457.6106726011486,460.8288300487949,5109900
2024-04-12,456.541259765625,460.8969381416426,454.92731477064217,459.65245436694704,6959700
2024-04-15,450.7466125488281,460.4497170707815,450.0077197672053,460.3330513510955,9530000
2024-04-16,449.9396057128906,452.5938692290763,448.7826213343608,451.1743573391028,6761400
2024-04-17,447.22698974609375,452.33132189682306,446.0019702060828,452.20492416290085,7156200
2024-04-18,446.2061462402344,450.44515842273194,445.4963903087625,448.55898374091817,5637300
2024-04-19,442.47271728515625,447.17842219079307,441.30600083844257,446.2547691979088,9787500
2024-04-22,446.3131103515625,448.9187731748932,442.715788970501,444.85472960147024,5818100
2024-04-23,451.9424743652344,452.2244362885018,447.88819244172527,448.3840217271848,4257400
2024-04-24,451.6119384765625,453.3717156694029,449.6090978076852,452.6522572750007,7687800
2024-04-25,449.7451477050781,450.60073579252315,444.5727800624145,446.0408631175778,4876200
2024-04-26,454.2467041015625,455.62731759683345,451.91330084118573,452.4188621518371,4907100
2024-04-29,455.83148193359375,456.395405770458,453.27444961427557,455.83148193359375,3253200
2024-04-30,448.6270751953125,455.3453526842646,448.55901030658606,454.45089578123645,4364800
2024-05-01,447.16876220703125,454.1106698088966,446.6923672554338,447.9854519829854,6115400
2024-05-02,451.3396911621094,452.0494471662623,446.4200889705378,450.50353740795885,3972400
2024-05-03,456.9398498535156,457.93153804421405,454.47031690315146,456.72595283150247,4586900
2024-05-06,461.54833984375,461.635839128041,458.72880966798834,459.1177052662258,4782500
2024-05-07,462.2095031738281,463.4151181991625,461.5386456018346,462.50119714951444,3451300
2024-05-08,462.2289123535156,462.6566767262245,460.362172011629,460.44967129269435,3214900
2024-05-09,464.8830871582031,464.8830871582031,461.76216118008585,462.39412013248324,3486000
2024-05-10,465.4567565917969,467.06099903599045,464.338670699503,466.38040953416106,3347200
2024-05-13,465.4859619140625,467.09020449230735,464.4748392799456,467.02213960227084,3108400
2024-05-14,467.6929626464844,468.1110246473162,465.20399536459837,465.69012225044844,3257700
2024-05-15,473.3904113769531,473.7112717751477,469.34583164883287,469.92918991486795,4399500
2024-05-16,472.4862060546875,475.0140720062552,472.3500762732892,473.53622716059533,3347400
2024-05-17,473.1861877441406,473.2250862026128,471.25141224448294,472.60282955037957,3274000
2024-05-20,473.6528625488281,475.0528806224206,472.95283867661726,473.2736693522505,2599600
2024-05-21,474.92657470703125,475.02377635605626,472.8556692444704,473.030667817715,2453600
2024-05-22,473.54595947265625,474.8779425045072,471.484786050741,474.2557154671521,3250600
2024-05-23,470.0263671875,476.3946175430852,468.9082812808257,476.3168502962791,3811300
2024-05-24,473.22509765625,473.87649107956537,470.89166482472893,471.71808647999006,2555200
2024-05-28,473.6042785644531,474.1195719049545,471.0861447177894,473.8765084486646,4034700
2024-05-29,470.26947021484375,471.2319920380931,469.5597142181129,469.7833432866034,5605000
2024-05-30,467.1096496582031,469.35555371453245,465.90406435927883,468.74302903174566,3386800
2024-05-31,471.17364501953125,471.45560693726975,463.2595142944655,467.8874223360585,5334000
2024-06-03,471.6889343261719,472.9139836327066,467.0707286861913,472.8070202837903,4211300
2024-06-04,472.2625732421875,472.9139963735957,469.17081313565166,470.57086104631554,2560300
2024-06-05,477.911376953125,477.911376953125,472.573712712404,474.3334898398396,3026100
2024-06-06,477.8044128417969,478.52387116364235,476.05436785915555,478.19330843006924,21344000
2024-06-07,477.1821594238281,479.8364230141042,475.9571397959429,476.93909597064345,3063600
2024-06-10,478.74749755859375,479.0197274359539,475.97656829245904,476.56965853971263,3461900
2024-06-11,479.83642578125,479.962823524968,475.53905084899657,477.36689277481935,4028400
2024-06-12,483.8324279785156,486.2727650053042,482.9282093335634,484.1143602365742,3698800
2024-06-13,484.74627685546875,485.592162568052,482.2962080099615,485.44630076430377,8808900
2024-06-14,485.1352233886719,485.19355624439817,482.5198582305605,483.46294562591106,5812000
2024-06-17,488.9853515625,490.1909368365816,484.0949159051375,484.64910771822315,4609500
2024-06-18,490.2881774902344,490.3659447442098,488.6839645483457,489.092294555675,3431700
2024-06-20,488.9270324707031,491.70766430587616,487.2839210514341,491.1243357186605,4810900
2024-06-21,487.8575439453125,489.2575918867385,486.9533549704679,488.16867230359236,4338100
2024-06-24,486.54498291015625,490.44373031027385,486.54498291015625,488.1005949911362,7022800
2024-06-25,488.5672302246094,488.8783288676582,486.437992187178,487.78940943991466,6325200
2024-06-26,489.11175537109375,489.7923152690632,486.9922490820609,487.556143264426,3202700
2024-06-27,489.8701171875,490.4826418715002,488.3825699567138,489.0436954657669,3619700
2024-06-28,487.98114013671875,493.4451141764416,486.8883512840268,490.75214894926285,5598600
2024-07-01,489.10321044921875,489.4934879376624,486.4883185227565,489.3081009198055,4368500
2024-07-02,492.27423095703125,492.35227453906646,487.47373181466867,487.55180517296566,4210100
2024-07-03,494.49884033203125,494.82084082334677,491.9717587990687,491.9717587990687,2131100
2024-07-05,497.45526123046875,497.7089549908848,494.18663151660144,494.8110993033908,3156900
2024-07-08,497.9333190917969,498.7919473590852,496.94787372815745,498.0992026428117,3143400
2024-07-09,498.47979736328125,499.57258626706846,498.13829338678164,498.792001495603,3140600
2024-07-10,503.28021240234375,503.64121979275365,499.2602980395183,499.5432618494049,3446900
2024-07-11,498.9676208496094,504.23641140606986,498.4211966552133,503.4656230732195,5537800
2024-07-12,502.05084228515625,505.446348668739,499.72865108040287,500.04088497501544,5238200
2024-07-15,503.57293701171875,506.50982934306404,501.8459733342777,504.03155100806254,7771500
2024-07-16,506.4317932128906,506.78309358470165,504.0510617391002,504.76336954503876,4164300
2024-07-17,499.35784912109375,502.5971786304944,499.13342545222696,501.08484240364743,4984300
2024-07-18,495.6014404296875,501.69961932443374,493.5817164334441,500.78245083656276,5055900
2024-07-19,492.2937316894531,496.8308002190934,491.3277897637612,495.3086972795891,4039400
2024-07-22,497.406494140625,497.9236185061286,494.13786438451126,495.9233980159631,4342900
2024-07-23,496.57708740234375,499.22124910547666,496.13800666592863,497.27959871485166,3116000
2024-07-24,485.21014404296875,492.44014843169805,484.4880994221637,492.1766880496253,6157400
2024-07-25,482.7611083984375,490.91804792140135,481.9220132803021,485.46381054846563,5646600
2024-07-26,488.17626953125,490.6741109352458,485.5809108647691,486.2541224029448,3636000
2024-07-29,488.5372619628906,490.5569559448927,486.6541219121195,489.6300507278654,3096200
2024-07-30,485.9809265136719,490.7911925428914,482.89771353997656,489.8544908477365,3817800
2024-07-31,493.6402587890625,496.29418744704367,491.083906949089,492.22549914487644,5367600
2024-08-01,486.90789794921875,497.5138464616824,483.7075746924805,495.5038889771846,6939200
2024-08-02,478.0093688964844,481.5316623926917,473.99919135963734,480.44864021837685,8561200
2024-08-05,463.6567077636719,469.49142574643093,457.49998928964175,458.7488950234483,15244300
2024-08-06,468.2815856933594,475.0334724993243,464.3787513114678,465.7935406854088,8255000
2024-08-07,465.0324401855469,476.68240271634204,464.5445859079634,473.9016571551257,5976400
2024-08-08,475.88238525390625,476.40924648009445,467.98890593696774,469.79394309823874,4177200
2024-08-09,477.92156982421875,479.277789227097,474.01873561836425,475.10175781788314,7661300
2024-08-12,478.1654968261719,480.39011113182613,476.12626952734394,479.01435850150204,3578100
2024-08-13,486.1077575683594,486.2736411265576,480.9462806799742,481.16093775609176,3247900
2024-08-14,487.6590576171875,488.6835693264879,484.41972828469477,486.8004592175108,3700500
2024-08-15,496.03076171875,496.23565219519753,492.23524082762776,492.82067196517096,4279000
2024-08-16,497.07476806640625,497.71870955210125,494.34276606631374,494.5281530861018,3449300
2024-08-19,501.85565185546875,501.85565185546875,496.69417523988346,497.474730142913,3804300
2024-08-20,501.0263366699219,502.95822052763526,499.80670099156276,501.436117583144,3156000
2024-08-21,502.78265380859375,504.10960327569546,500.3921557133182,501.9727989570043,3344100
2024-08-22,498.71392822265625,505.0560339540357,497.70894958242667,504.49010630637474,3677100
2024-08-23,504.10955810546875,504.9779530159561,499.80670956154887,501.83620003984385,5102800
2024-08-26,502.8705139160156,505.7000333735918,501.3971842719091,505.0658584592793,3398600
2024-08-27,503.5437316894531,504.04135262434033,500.69461958235934,501.767934818055,3031800
2024-08-28,500.66534423828125,503.69001699001035,497.76748858883224,503.2704694504173,3940400
2024-08-29,500.743408203125,505.5048707086207,499.689626290591,502.4801384611205,3487100
2024-08-30,505.4560852050781,505.9830059871932,499.67990669923586,502.89973331842873,5637700
2024-09-03,495.2306213378906,502.9094427394157,492.8303866806202,502.60697547585266,5866400
2024-09-04,494.0012512207031,497.152800711467,492.75234540640514,493.3963166541896,3601400
2024-09-05,492.7816467285156,496.5771677077991,490.6253389276811,494.05982269077066,3425600
2024-09-06,484.575927734375,494.62571428643867,483.7563063168404,493.06457458942776,7411400
2024-09-09,490.0301513671875,491.1424437112952,486.63467464718667,488.4397415510055,3656800
2024-09-10,492.0498352050781,492.44987930433996,487.366445834293,491.7083610159948,2975400
2024-09-11,497.0845031738281,498.0407083369705,484.19540069372295,492.0596097566423,5956900
2024-09-12,501.35809326171875,501.65079390788094,495.71846941806433,497.6991565271248,4092900
2024-09-13,504.0218200683594,504.95852180307725,501.7386356442162,501.93378928301524,4416600
2024-09-16,504.7828369140625,505.01705700985275,502.14847124984277,503.7974212199255,4256300
2024-09-17,505.01702880859375,508.09047509606506,502.97777167859937,506.82206585587727,8150000
2024-09-18,503.3777770996094,510.0321166266077,502.94846295101195,505.59265458811495,6921300
2024-09-19,512.1592407226562,513.8081908502845,509.50534157542705,512.1300004282192,5558400
2024-09-20,511.1541748046875,512.1688902078853,508.4612098106971,510.7931674231402,5612700
2024-09-23,512.4129028320312,513.0569039002338,511.1054865705815,512.2470490337195,29289200
2024-09-24,513.88623046875,514.0423772039392,510.66640379770814,513.2325223405383,4650600
2024-09-25,512.8421020507812,514.4910517067548,511.9054600561569,513.8178104968598,35418000
2024-09-26,514.8814086914062,517.0474530659328,512.7250713781644,516.8035259308273,5273900
2024-09-27,514.2149047851562,516.5541280967773,513.1774337382968,515.8885862684211,5598600
2024-09-30,516.4561157226562,516.7399909713496,511.0925939784063,513.1773327050262,8013000
2024-10-01,511.63104248046875,515.8983721133505,509.1743738937645,515.8396495858549,9198700
2024-10-02,511.71905517578125,512.7173379462403,508.5381227982213,510.7598410985111,3270600
2024-10-03,510.75006103515625,512.629241124997,508.77297026828813,510.4759828251493,4008000
2024-10-04,515.4579467773438,515.8200789611128,511.20035475005784,514.978309808772,5354400
2024-10-07,510.81866455078125,514.5476943930289,509.7420649670223,513.9800632064304,3970500
2024-10-08,515.6536254882812,516.1723908697253,512.3748418947835,513.1774228367111,2626700
2024-10-09,519.1771850585938,519.7448759494622,515.1251516872792,515.6732484907851,2941800
2024-10-10,518.3060302734375,519.6175794899943,516.867298716546,518.0222147267347,3637600
2024-10-11,521.38916015625,522.093830436057,518.1397078105311,518.247355813601,5429200
2024-10-14,525.6564331054688,526.5470679032658,522.6222770913223,522.8963553294531,2638900
2024-10-15,521.6533203125,526.1849303329327,520.5179984158203,525.959837309692,4811300
2024-10-16,523.845703125,524.3448743796216,520.9094578512849,521.6043907384335,3237200
2024-10-17,523.924072265625,527.3105636599489,523.777295830058,527.1735245296312,3225300
2024-10-18,525.9402465820312,526.6645108684404,524.1785113403212,525.4900605326762,5070400
2024-10-21,525.1279296875,526.1849349923004,522.3678519155042,525.3138345427357,3671400
2024-10-22,524.7657470703125,525.8620003025301,522.132911328199,522.7593246785905,3366600
2024-10-23,519.9797973632812,523.3564323046762,516.7988643550123,522.9258402613393,5227800
2024-10-24,521.1542358398438,521.8491688481795,518.7758839219489,521.8393718041352,4477800
2024-10-25,520.9486694335938,525.8424117763915,520.1166973924787,523.2878926105868,4327200
2024-10-28,522.5733642578125,524.1883231219936,522.3286771413042,524.1491946890559,3408000
2024-10-29,523.4053344726562,524.4330084107964,520.4494949993563,521.7903756141035,3027600
2024-10-30,521.8295288085938,524.8049625085164,521.2716947279265,522.9942419239044,3067000
2024-10-31,511.5625305175781,517.9831191509227,511.4059570212859,517.8461397434453,7972800
2024-11-01,513.7841796875,517.8362123391346,513.3926564382178,513.9994756579628,6106900
2024-11-04,512.6685180664062,515.0958552794291,510.93617362123973,513.9017508925732,3681500
2024-11-05,518.8345336914062,518.9030532520342,513.3339721364827,513.5688622083126,3300300
2024-11-06,531.7540283203125,532.5762033144761,526.7330439230556,530.1391291982299,7483300
2024-11-07,535.8942260742188,536.8239894128872,533.564799729575,533.6332595590607,6051300
2024-11-08,538.2627563476562,539.5253204229609,536.4129073220644,536.4227043652794,6798000
2024-11-11,538.7031860351562,540.004878499123,537.1860781042292,539.7112659034187,4893100
2024-11-12,537.0882568359375,539.2317185101449,534.817553073548,538.6934187652581,4818600
2024-11-13,537.3622436523438,539.172904232849,535.3459646713735,537.4894259808128,3701600
2024-11-14,533.9464111328125,537.8907960844111,533.3004634366588,537.4307532463384,3940300
2024-11-15,527.0560302734375,531.0395435575351,525.3432205186027,530.6088918582255,7360100
2024-11-18,529.2385864257812,530.4130964161324,526.713458645295,527.4670542675053,4494500
2024-11-19,531.1668701171875,531.8226149438228,525.4901402601521,526.0773655171281,6978400
2024-11-20,531.3626708984375,531.5290414438159,526.0186817142668,531.2452258383965,3949100
2024-11-21,534.04443359375,535.4440370100663,528.5634052506524,533.9857110636275,4530600
2024-11-22,535.83544921875,536.4031401141827,533.780101123595,534.2205499262916,5574600
2024-11-25,537.5579833984375,540.641064861387,535.5711551408085,539.4861488776008,4305000
2024-11-26,540.5725708007812,541.071742083858,538.1648280333799,538.8010384408435,4438600
2024-11-27,538.8499755859375,540.6411020704503,537.4405753541693,540.3083012951703,3312200
2024-11-29,541.6883544921875,542.911790083805,539.3589283467024,539.5742243365554,3988700
2024-12-02,543.2152099609375,543.7633067267915,542.1190164292295,542.5789995460771,5441000
2024-12-03,543.3424682617188,543.6262838270917,542.0211219155842,543.0096674798427,4202900
2024-12-04,546.76806640625,547.0029564838757,544.3505265915412,544.9965340430784,5490300
2024-12-05,545.8577880859375,547.5216125645646,545.6131009875439,546.7582198813686,3021600
2024-12-06,546.9442749023438,548.0600625926473,546.2200105294323,546.6016770651079,5134900
2024-12-09,544.0960083007812,546.9931251319379,543.5773027015703,546.8365516693638,4412300
2024-12-10,542.5496826171875,545.0454793900486,541.8058241855432,544.7518667823124,4110100
2024-12-11,546.6605224609375,547.5022319786616,544.8302074919135,545.0846917038017,3514400
2024-12-12,543.8416748046875,546.337471747236,543.8122836728812,545.8187063232409,4048600
2024-12-13,543.802490234375,546.2982871934707,542.422481006005,545.6621364522512,4666900
2024-12-16,545.93603515625,546.924580574123,544.5951546601431,545.2900875128212,22846800
2024-12-17,543.6458740234375,544.5659000160771,542.5104922939323,543.66540837183,6110900
2024-12-18,527.6824340820312,545.6816317465184,527.0854118868289,543.4989821621566,24584900
2024-12-19,527.4867553710938,533.5158202622921,527.2029397922175,532.1358110668344,16792100
2024-12-20,533.45703125,537.8613992549183,524.4623306459887,525.2061890226875,9389400
2024-12-23,537.2756958007812,537.4425988617307,530.5301752498459,533.4659911025549,7063400
2024-12-24,542.8035888671875,542.8821561457999,537.6192272057132,538.1298246227817,3439300
2024-12-26,542.7938232421875,543.9327792320557,539.9561717757177,541.2130086617748,4492000
2024-12-27,537.1676635742188,539.6616206186305,533.3579591572236,539.4161502821194,7077100
2024-12-30,531.1878662109375,534.231733690299,527.6629464928558,530.7656645139419,6505100
2024-12-31,529.0474853515625,533.2303094719184,527.663059023344,532.621547832074,6040800
2025-01-02,527.7218627929688,533.6916570171097,524.118315834734,532.1992384257092,7142700
2025-01-03,534.5361938476562,535.0074776856079,529.4303991958292,530.4024520762432,6416300
2025-01-06,537.6487426757812,541.438790054665,535.9304504262104,538.3458999630042,5983400
2025-01-07,531.600341796875,539.6419522457585,529.7838853173455,539.3670566379855,5383200
2025-01-08,532.317138671875,533.1615422009897,528.3307030187035,531.5119888199476,4317000
2025-01-10,524.2166748046875,528.988604023617,522.3609045764534,528.9493503421763,7935200
2025-01-13,524.8941040039062,525.2180816726352,519.4348465616448,519.8079662370992,5621000
2025-01-14,525.5618286132812,528.1637782709552,522.174325920787,527.58450182645,8820000
2025-01-15,535.1743774414062,536.2348259995719,531.9440096182473,533.0044581764129,5307300
2025-01-16,534.379150390625,536.6080404579593,533.5445751304159,536.4509058656665,3632800
2025-01-17,539.5045166015625,541.1344131783811,537.7567391346971,538.9742623488254,6558700
2025-01-21,544.4139404296875,544.4139404296875,540.525668812463,542.3127000134929,5301700
2025-01-22,547.5068359375,548.8029264891096,546.6427755697603,547.0944625576681,4780000
2025-01-23,550.5408935546875,550.5408935546875,546.7115322579907,546.9471741969968,6217900
2025-01-24,548.8814697265625,551.4834191885149,547.9094168377662,550.5997619847354,3612100
2025-01-27,541.2423706054688,541.3995051624794,536.9221291560625,537.0202933072385,7617400
2025-01-28,545.7786254882812,546.5641783693032,539.2687485235344,542.2929593135112,4164700
2025-01-29,543.3828735351562,545.4350317064974,540.9870808997065,545.1109941153857,4174500
2025-01-30,546.2205200195312,547.6737450018317,542.3715623516586,545.3073776608644,4296500
2025-01-31,543.304443359375,550.7274642303051,542.6956816952226,548.4985743097345,6233900
2025-02-03,539.7401123046875,541.9591734246075,533.1418394202675,535.1154302380595,7824000
2025-02-04,543.3240356445312,543.7953794571031,539.2786891682154,539.7402045783381,4181400
2025-02-05,545.5528564453125,545.660849000007,540.4372335478213,542.3323171019557,3424200
2025-02-06,547.5166015625,547.5460867651761,544.1487561665806,547.1925639794309,3606300
2025-02-07,542.1948852539062,549.0680545999337,541.7922803460989,547.9879491737038,10161600
2025-02-10,546.0732421875,546.691832125195,544.1978155734496,545.3760849752149,3517600
2025-02-11,546.5641479492188,547.0256033083288,543.9523106166558,544.0603031565411,2752900
2025-02-12,544.757568359375,545.8474422327597,540.4176697401681,541.0166029575115,3579500
2025-02-13,550.5113525390625,550.7175691794287,544.6495501480424,545.7983344488794,3388500
2025-02-14,550.531005859375,551.6797901529453,549.9222442727462,550.7372224984367,3380600
2025-02-18,552.12158203125,552.12158203125,549.3526700219537,551.6208130606274,3844900
2025-02-19,553.4570922851562,553.7025626441718,550.3740301221779,550.8551424371627,3857600
2025-02-20,551.1300048828125,552.2886177160714,548.1057934616805,552.2002819525467,4446800
2025-02-21,541.7529296875,551.0317186294878,541.2816459083643,550.933494555988,6148700
2025-02-24,539.1902465820312,544.4629437342035,538.5716566431264,543.5792266988334,4772300
2025-02-25,536.5097045898438,539.8088711185444,532.3465377006723,539.2295348152447,5491500
2025-02-26,536.8435668945312,541.3601966177731,534.3888637994488,538.0807468431368,4180800
2025-02-27,528.22265625,539.9168961388925,527.8593649619289,538.8859327557373,5521400
2025-02-28,536.43115234375,536.9810033976355,525.8759298457942,528.6644387871885,7328100
2025-03-03,527.191650390625,539.3375163459349,523.5881630761393,538.2672993713954,7290000
2025-03-04,520.8389282226562,528.5270752962539,516.6266192473975,523.40162393743,10477400
2025-03-05,526.6810913085938,528.0458606087275,517.3826453286681,520.6424980525417,6221700
2025-03-06,517.12744140625,523.7649690182523,514.7218200776233,519.6018016218984,7228900
2025-03-07,519.9159545898438,521.2611271191624,510.7059035940874,515.3894963728146,7308300
2025-03-10,506.1696472167969,514.2112575986323,501.5744198810054,512.4438832142323,11176900
2025-03-11,502.0162658691406,508.15305390992836,498.3342110234514,505.0110217890846,11208900
2025-03-12,504.45135498046875,508.3592234445258,499.87578444776534,507.52464829683754,8590600
2025-03-13,497.8628845214844,504.74588179287537,496.2624432263294,504.2058590817993,21650000
2025-03-14,508.08428955078125,509.0268571892759,501.5842105521652,502.01624069623364,7412300
2025-03-17,511.9627380371094,514.3487625005961,507.71123486011953,508.07452617216194,6269800
2025-03-18,506.56231689453125,510.10695366634394,504.7556889992354,509.9105654353055,6010600
2025-03-19,511.8841552734375,515.4483889107972,507.0630849033423,508.1627870798489,5373900
2025-03-20,510.7059631347656,515.1146009091406,507.946878874877,508.5752973363812,6029700
2025-03-21,510.83355712890625,511.5110575997381,505.33498608076013,506.44451670588006,5059000
2025-03-24,519.7981567382812,520.7800380400724,516.3517437803094,516.9408485896728,22376300
2025-03-25,521.0352783203125,521.9680175089616,519.5231429304388,520.9763678459844,6260200
2025-03-26,514.9574584960938,521.7814851944096,513.6220544588,520.9469101092167,4410200
2025-03-27,513.5406494140625,516.9595610489275,511.589743336059,513.6194289511355,5534900
2025-03-28,503.2838134765625,512.8017049339867,502.6532464020896,512.1119930673967,5831800
2025-03-31,506.3480224609375,507.74717110776555,495.2438962600065,497.87459159033807,8196700
2025-04-01,508.2101745605469,509.73735483482704,501.39201673589395,504.82079053067076,7697000
2025-04-02,511.27447509765625,513.8165285397191,502.4266305038724,502.6335621093262,6308600
2025-04-03,486.8886413574219,496.2488527436478,486.2383493792085,493.6279899472816,16226000
2025-04-04,458.67010498046875,476.18848034375134,457.4089407161395,474.19821441570105,30966500
2025-04-07,456.7389221191406,473.68584393562577,436.28438649598024,442.9252308948083,31285300
2025-04-08,450.0192565917969,475.3903563531565,442.98433427418297,472.62170670701056,19002700
2025-04-09,491.7559509277344,494.6723873030688,446.49193708296065,446.81706803598297,29286600
2025-04-10,474.9666748046875,483.0854168323715,461.438695515314,481.9523446425504,16651300
2025-04-11,483.3317565917969,485.7457179273652,470.966436448845,473.61685666614164,11541200
2025-04-14,488.1892395019531,492.898902691473,483.46971383612805,492.69197110021537,7701500
2025-04-15,486.8197021484375,491.92347374925004,486.15957771122106,488.73115839667685,8200600
2025-04-16,476.1194763183594,484.5337920142118,471.1930493012693,481.45970636651145,6374900
2025-04-17,476.7795715332031,480.9768967169196,474.4148927233644,477.6564899214912,5638900
2025-04-21,465.41925048828125,472.43447758817257,460.45340375017474,471.97139225648476,7762500
2025-04-22,477.1638488769531,479.3216261912757,470.1683169030798,471.03537281896575,6236300
2025-04-23,484.82940673828125,493.8053425353239,483.4795705157644,489.38142059496795,8047600
2025-04-24,495.01727294921875,495.598587764019,484.97721167829854,486.0019169787475,6184300
2025-04-25,498.66278076171875,499.0667513850763,492.39638003300973,495.046800171936,6933400
2025-04-28,498.9682312011719,501.2540704115972,493.5885514219789,499.35247686052946,4210000
2025-04-29,501.9930419921875,503.0374420964918,496.84001866417316,497.1158973696776,6525500
2025-04-30,502.2393798828125,503.97349184226215,490.43567980649175,495.85474961124726,7873700
2025-05-01,505.7962646484375,510.81139407844825,505.22484238278656,507.5501016254365,5784500
2025-05-02,513.0480346679688,514.7229719093491,509.28423683922136,511.4814042617071,6285400
2025-05-05,510.367919921875,513.1858214304033,508.67325808162735,509.47133676444946,4793500
2025-05-06,506.0228576660156,510.2103203271735,504.4069752885841,505.3430083814282,4694300
2025-05-07,508.30877685546875,510.55519636223227,503.579388755344,507.3431562418935,5460000
2025-05-08,511.69818115234375,516.5161813842644,508.75212708939125,511.895190136202,5088200
2025-05-09,511.0183410644531,513.9544725671277,509.74728430055563,513.028301805357,4739500
2025-05-12,528.0341796875,528.0341796875,522.5855822328608,526.6350911387524,7793600
2025-05-13,531.5023193359375,533.5122797541868,527.8962014985105,528.4380964010879,7356800
2025-05-14,532.1625366210938,533.4532582197603,530.3200575482734,532.4187204728535,5031300
2025-05-15,534.7735595703125,535.2563398361331,529.9259718214923,530.3397748869023,7362200
2025-05-16,538.2219848632812,538.4288562990532,533.7290860731775,535.4730002493259,7255300
2025-05-19,538.7738037109375,539.3945383631502,532.6256320481183,532.6748842938229,7766100
2025-05-20,536.8623046875,538.0249342238335,534.0148154956834,537.1972680412152,7158200
2025-05-21,527.886474609375,536.6752051474107,526.9504412806637,532.9507967880304,6339500
2025-05-22,528.1326904296875,531.2954180225461,526.5759226856137,527.7188272700043,5816600
2025-05-23,524.56591796875,526.9404290823293,521.3242908428446,521.6395893554062,6455900
2025-05-27,535.3450317382812,535.5223759057751,529.2756395889138,530.7929575577294,6118100
2025-05-28,532.2905883789062,536.8820521361441,531.6698537501936,535.7883396102386,4910500
2025-05-29,534.3400268554688,537.2564935153763,530.8126880110685,537.1284015924614,4659500
2025-05-30,533.7882690429688,535.3942891796423,528.2706342957232,533.384268321102,6171500
2025-06-02,536.891845703125,536.891845703125,529.8864808787413,532.3004421579548,5933500
2025-06-03,539.9364624023438,540.7936559897188,536.0840224976971,536.5175505299258,4993600
2025-06-04,539.591552734375,541.5621234590333,539.3846211589492,540.6753425781186,4543400
2025-06-05,537.0692138671875,542.5276730159474,535.3449645176084,541.3945708171203,6372100
2025-06-06,542.5573120117188,544.1929196939616,540.6261908303017,542.202623648241,4736000
2025-06-09,543.1385498046875,544.56722559122,542.1040122134209,543.1878020448344,4516400
2025-06-10,546.232421875,546.5772477319827,542.6361058827998,543.6608412513008,5984100
2025-06-11,544.724853515625,548.0452603911398,542.803535022746,547.23731917383,20800600
2025-06-12,546.7841796875,546.8334319332367,543.0203820026123,543.4834373044105,8422900
2025-06-13,540.695068359375,545.109127545532,539.355034560395,542.1434089784404,7100600
2025-06-16,545.9170532226562,547.5132106556873,543.7494134564894,543.8183906464407,7421300
2025-06-17,541.2664794921875,545.0204142461015,540.5669653858881,543.6705781362325,4753300
2025-06-18,541.1581420898438,544.5771136903635,540.3206735568052,542.0645878171516,4602300
2025-06-20,539.6605224609375,544.5869497534111,538.5767325114141,543.6016642949163,9978500
2025-06-23,545.2175903320312,545.5526138749227,537.719581828209,540.5867362806298,9820200
2025-06-24,551.2080688476562,552.1834917757387,548.1832354407744,548.9813142125737,6770000
2025-06-25,551.4839477539062,552.7648669591056,550.1243091477866,552.2722242300449,16472300
2025-06-26,555.8487548828125,556.2428329410288,552.7056922072939,553.2574495984329,6081400
2025-06-27,558.6075439453125,559.9672425459344,554.9225863401952,556.7945924321349,6056500
2025-06-30,561.3995971679688,562.5065189418008,558.7805056379285,560.8757547328757,5750600
2025-07-01,561.1426391601562,562.160584963475,559.1956029116394,559.9467413497388,7412700
2025-07-02,563.6331787109375,563.6826433362575,560.1938188606414,560.7472797598007,6164000
2025-07-03,568.5056762695312,568.9504356783103,565.4517782865054,565.5011825935431,4837000
2025-07-07,563.9494018554688,566.8946581018994,561.3500963427458,566.3115184780542,6417800
2025-07-08,563.5739135742188,565.1552736066579,562.832668024777,564.4832182138903,6944600
2025-07-09,566.9144897460938,567.5569267127287,564.0977806643989,565.7779493809887,7156500
2025-07-10,568.5747680664062,569.5334768770508,566.0150342420251,567.0824445738916,4961700
2025-07-11,566.5289916992188,567.6754852405182,564.7006101756585,565.7680206362128,4428900
2025-07-14,567.6458740234375,567.972038987954,564.9082478749908,566.1633827772831,4747000
2025-07-15,565.184814453125,570.4229368853693,565.1749215288561,570.1165578465788,5399000
2025-07-16,567.0429077148438,567.5568572252275,561.5379172960519,566.7069102062948,6141200
2025-07-17,570.4427490234375,570.9072942265212,567.102197892887,567.3196612686976,6495300
2025-07-18,570.1857299804688,571.7473038978944,569.1183800019107,571.7176251260254,4262400
2025-07-21,571.203857421875,573.7537591137279,570.8480740200499,571.2334758773338,5913800
2025-07-22,571.203857421875,572.083483323098,568.9208234427508,571.5300223682412,4767700
2025-07-23,576.0564575195312,576.15532644692,572.1130410941179,573.7932096325906,4257300
2025-07-24,576.4517822265625,577.9243802304112,575.9180468858262,576.5308652997661,3840900
2025-07-25,578.7447509765625,579.199342954539,576.7779891864955,576.995392250273,4210100
2025-07-28,578.6064453125,579.654070033838,577.420440265789,579.1994176744942,4193100
2025-07-29,577.1040649414062,580.2272130161863,576.3134151593507,579.9702382644081,5053400
2025-07-30,576.4024047851562,579.3080895530018,573.773420302351,577.8354311578221,6974700
2025-07-31,574.2379760742188,581.294587506407,573.0717570402004,580.9684829133328,7046800
2025-08-01,564.7796020507812,569.0195041092871,562.6447814744225,569.0096111854521,8781300
2025-08-04,573.3682861328125,573.4374762912062,568.3673517811883,568.4562674686097,6640100
2025-08-05,570.6107177734375,574.7123000195998,569.6718551373333,574.0105659508642,4647400
2025-08-06,574.8507690429688,575.4734201368838,570.6701030805797,571.5003246467056,4545000
2025-08-07,574.5047607421875,578.6854262860494,571.5595646594587,578.0429894049856,4594300
2025-08-08,578.9028930664062,579.3278666180797,575.799530491616,576.1256954304235,4342300
2025-08-11,577.7168579101562,580.5039483263315,576.6297219345636,579.189516359393,5373900
2025-08-12,583.8840942382812,584.0619859327469,578.59650641923,579.9011058346954,5851900
2025-08-13,585.9200439453125,587.0961559674074,583.9137103629729,585.9397694739182,5393000
2025-08-14,585.9298706054688,586.5822004653414,583.60732536182,584.0224059763738,6236700
2025-08-15,584.6648559570312,587.0170800298517,583.7654442289255,586.928104020532,7196300
2025-08-18,584.4573364257812,585.109666357068,583.459115998286,584.08176714964,5311700
2025-08-19,581.2650146484375,585.2084314317611,580.0889025970323,584.3485913958208,6739300
2025-08-20,579.7330932617188,581.1365012553422,575.0582637202687,580.9487166396469,7113600
2025-08-21,577.4500732421875,579.6145126758679,575.848987669078,578.1023427886435,4807300
2025-08-22,586.28564453125,587.3826733290728,579.0016773401636,579.4266508296975,6389300
2025-08-25,583.8049926757812,586.3054295675703,583.6567194403945,585.1392105033991,6483000
2025-08-26,586.1373901367188,586.5030664144047,582.9055405403318,583.4886801933159,4776600
2025-08-27,587.4815673828125,588.19319449215,585.5246983968915,585.6037814807553,6171400
2025-08-28,589.5570678710938,590.1006358654124,586.3450038869097,588.1239811059146,5058700
2025-08-29,586.1571655273438,588.5983049765928,584.3485096978776,588.2919259298711,7512000
2025-09-02,581.8381958007812,581.9271114784844,576.8569875226136,579.2191042848265,11116700
2025-09-03,584.8130493164062,585.3171059326835,581.9074247241559,583.9136979410978,8205900
2025-09-04,589.6262817382812,589.8041734350641,584.6944772439197,585.5543172730626,8045600
2025-09-05,588.0153198242188,592.6011133349103,584.5462808321922,591.9191649832921,6641500
2025-09-08,589.5372924804688,590.4366438700025,588.0844801613641,589.3495078620759,9472200
2025-09-09,590.9703979492188,591.3854785788367,588.0647128964556,589.646012653003,7844800
2025-09-10,592.6801147460938,594.7259595190184,591.1778379297908,593.9056309603569,21641100
2025-09-11,597.5131225585938,598.1653921214505,593.8760848490475,594.4097599459304,9109700
2025-09-12,597.3845825195312,598.9065849138767,596.9003117723629,597.5328557502911,8130500
2025-09-15,600.4978637695312,600.6757554605127,599.1240742237828,599.3908815988967,7710700
2025-09-16,599.7071533203125,601.3181317866141,598.9856936312176,601.0611570144115,6393200
2025-09-17,599.015380859375,601.2292245854085,594.5283358534548,599.7566264099336,11613600
2025-09-18,601.83203125,604.1743621359838,599.9838640162949,601.446569123772,11057500
2025-09-19,604.6389770507812,605.5185426079889,601.7431246305556,603.4924834645876,6065700
2025-09-22,607.5841064453125,608.038698401151,603.3837153798997,603.3936083046287,11583800
2025-09-23,604.4017333984375,608.0783427971674,603.215788743414,607.534774776495,10753000
2025-09-24,602.385498046875,605.5876688934721,601.0907916780913,605.4789673663535,23787300
2025-09-25,599.5094604492188,600.8337851996937,596.3072294489928,599.5390788992727,6965700
2025-09-26,603.0377807617188,603.5715161296687,599.489719406375,600.93269903304,6438600
2025-09-29,604.7327270507812,606.2690034794704,603.0972989360665,605.3868619995277,5658800
2025-09-30,606.9628295898438,607.4385641029523,602.8892015832687,604.0389134883588,6515700
2025-10-01,609.1334228515625,609.9461762599813,604.1776536503963,604.3065084892451,10020000
2025-10-02,609.8074340820312,611.0265340147731,607.5971802539915,610.9571459826743,7139500
2025-10-03,609.85693359375,612.9493286737832,608.8558585559084,610.501207775102,7210700
2025-10-06,611.9384155273438,612.8106357611471,610.0353565652835,611.9978823389563,6056400
2025-10-07,609.7578735351562,613.2665364601952,608.3900763535647,612.8304263371481,7466300
2025-10-08,613.2963256835938,613.4251805318138,610.0156086536299,610.7688348109953,5035200
2025-10-09,611.6410522460938,614.1090762922731,609.8372053698779,613.7522149091221,5898500
2025-10-10,595.1978149414062,614.1189082767044,594.9202628225255,612.5231650788321,13664200
2025-10-13,604.2173461914062,605.6248283598899,601.2141811742124,601.9971710180481,6968400
2025-10-14,603.3648681640625,606.7248940226723,595.1977706339815,598.8551305298075,7493500
2025-10-15,606.021240234375,610.7589850580655,600.4608812052533,607.6467471986296,6504900
2025-10-16,602.0169677734375,609.3613913829289,598.7957176737036,607.686338911258,7594800
2025-10-17,605.3571166992188,606.6059801914836,599.7471522014621,600.9762337540849,6911000
2025-10-20,611.7103881835938,612.5429840130611,608.0827918082388,608.0827918082388,4086200
2025-10-21,611.6311645507812,613.266532129235,610.530937785371,611.8690317989032,4216200
2025-10-22,608.5387573242188,612.364657520441,604.4354259767248,612.364657520441,6961600
2025-10-23,611.97802734375,612.9988843380182,608.5585345081345,608.8162441849097,5851800
2025-10-24,617.0428466796875,618.2718678331313,615.7147343346045,616.4184148847551,5694900
2025-10-27,624.4269409179688,624.7143537632826,621.6120372965637,622.1869234824228,7804300
2025-10-28,626.1019897460938,627.7869634219493,624.0701364142817,626.121832181942,5625600
2025-10-29,626.3596801757812,628.5203882837203,622.3157555770916,627.6085436912023,6104500
2025-10-30,619.7090454101562,625.0513793694379,619.5702693473934,623.2474720392169,6243300
2025-10-31,621.4930419921875,624.3674121409896,618.9755331791556,624.268320961469,7058600
2025-11-03,622.7122802734375,624.9621584902641,619.6297456672586,624.8432248618518,5568100
2025-11-04,615.4966430664062,619.639659057718,614.7136532733779,616.1508385096427,8390500
2025-11-05,617.35009765625,620.4623353909647,614.3469328258561,615.1002194617981,10323100
2025-11-06,610.7886352539062,617.2806808341932,609.3812137338449,616.458066700095,7099400
2025-11-07,611.432861328125,611.5617161573444,602.5421805881117,608.6576428819092,7571300
2025-11-10,620.9281005859375,621.6616052240138,615.1694993485669,617.1815706279415,8425000
2025-11-11,622.3553466796875,622.930232813797,618.5493500216464,619.6296737702445,5639200
2025-11-12,622.6626586914062,624.1989955947708,620.5614173147538,624.0800619693174,6090200
2025-11-13,612.5231323242188,620.4821264427347,611.0562440463785,620.1351863126863,13065800
2025-11-14,612.3646240234375,615.7245897299143,604.4353929134587,606.3383914411886,9681700
2025-11-17,606.6257934570312,613.9702775188156,603.424385812025,610.2930748789496,8902500
2025-11-18,601.63037109375,606.1004845186749,597.6657557982393,603.3351266331099,8542600
2025-11-19,603.8109130859375,608.1422503955523,600.3121110993055,602.1457819447444,7449400
2025-11-20,594.6526489257812,615.6353576966861,594.0579203553464,613.2466431882749,13985000
2025-11-21,600.56982421875,605.604902540592,593.0866250101194,596.9223854368199,9821400
2025-11-24,609.5001831054688,610.640034291217,602.9288278935439,603.8902786363046,6242700
2025-11-25,615.1694946289062,616.2498788953724,605.5850542633186,609.3415659050949,7389500
2025-11-26,619.421630859375,621.2651625616477,616.7554244961058,617.5483355029211,5323200
2025-11-28,622.8510131835938,623.0690985052433,620.1749459745811,620.4921224909219,2953200
2025-12-01,619.986572265625,622.4545356595735,618.5790902496527,618.648478278206,9191600
2025-12-02,621.0371704101562,623.2077996710751,619.0944871667715,621.463359288481,5280600
2025-12-03,623.2078247070312,624.2088997732967,619.4216097461683,620.2343631614013,6338400
2025-12-04,623.733154296875,624.6053745924423,620.9380929627026,624.5558289951285,5147700
2025-12-05,624.9027099609375,627.3805947840858,623.9115560316782,624.724309513099,5693100
2025-12-08,623.0491943359375,625.8838797698747,621.1561171392112,625.7748673674685,6876700
2025-12-09,622.543701171875,624.6350817454959,622.1075910635404,622.6230104175438,12849000
2025-12-10,626.5677490234375,627.9058429280077,620.9280815767378,622.0778538426748,22457400
2025-12-11,628.1041259765625,628.2626839741348,621.7210927839441,624.4269234269875,33921000
2025-12-12,621.3245849609375,627.8265515444172,618.9557128326529,627.2021198035685,8534700
2025-12-15,620.4227294921875,624.9820133257315,619.0450110246408,624.9820133257315,11337200
2025-12-16,618.6881713867188,620.6803398250032,615.1596660725826,619.0251298210586,15819600
2025-12-17,611.8888549804688,620.1055597837402,611.7005333138076,619.6595284158337,21356900
2025-12-18,616.507568359375,620.4027954299635,615.0803045056672,617.5383465055763,37062400
2025-12-19,622.0084838867188,622.5734488190295,618.3412026829914,618.4601363008222,10487000
2025-12-22,625.9256591796875,626.462435761178,624.0073259650276,625.170240780872,9850100
2025-12-23,628.8479614257812,629.0567146350801,625.1206155439686,625.1405141352647,13798500
2025-12-24,630.9451904296875,631.4819063368776,628.7186717781915,628.8478912743275,3275200
2025-12-26,631.0048828125,632.2373821185158,630.0506604466641,631.3030583435626,3852100
2025-12-29,628.7783813476562,629.9611948756115,627.1383855482403,628.4802058083476,6579400
2025-12-30,627.9036865234375,629.3847362426766,627.5955616914212,628.3808280481095,4180400
2025-12-31,623.3414306640625,628.321174306737,623.1525760522057,628.122370399556,5556800
2026-01-02,624.5043334960938,627.8440206730822,621.433034621939,626.830223898974,11337000
2026-01-05,628.6392822265625,630.2096936449323,627.4166714981994,627.5657896032119,16175600
2026-01-06,632.3665771484375,632.8337086846144,628.7088158873062,628.8181368000583,8672000
2026-01-07,630.3388671875,634.364388398435,630.1003267700273,632.7343419902274,8820100
2026-01-08,630.2295532226562,631.2632485985795,628.4205408149647,629.6530400964517,9017400
2026-01-09,634.453857421875,635.5770357514454,629.9710933985081,631.3129742169032,7864100
2026-01-12,635.4776611328125,636.2926539819083,631.3228598626637,631.3527077472665,7929800
2026-01-13,634.1755981445312,636.2827860663717,631.9789272324014,635.8155938574095,8860000
2026-01-14,631.104248046875,632.2771122348082,627.1880476680589,631.6509132926965,8683400
2026-01-15,632.7740478515625,635.7161877462142,631.8596227400693,634.911083543028,6937000
2026-01-16,632.247314453125,634.6526778944173,630.8457984950747,634.1060126577282,6733700
2026-01-20,619.385498046875,625.9555516594215,618.4610629054321,622.9736750304544,14877600
2026-01-21,626.4822998046875,629.5735579251939,619.8824591674239,621.2441779344317,10403800
2026-01-22,629.7424926757812,631.7800961099325,627.9334803554502,630.5972826953481,6085500
2026-01-23,630.0009765625,631.6310230261056,628.1521669313868,629.0567034892177,5850400
2026-01-26,633.2412719726562,634.5334063474975,630.6867904420004,631.193719163357,9007400
2026-01-27,635.83544921875,636.7299757286575,634.01648764896,634.5631528494195,4339600
2026-01-28,635.736083984375,637.9327549788177,634.3644158580984,637.1773365131655,5568700
2026-01-29,634.4141235351562,637.1673482484503,626.0151592658927,636.5610479204715,8697200
2026-01-30,632.37646484375,634.5930343128545,628.1323018448974,632.4063127288746,6562300
2026-02-02,635.8155517578125,637.0878481294003,630.2394575036581,630.3487784106579,9490300
2026-02-03,630.3190307617188,637.127624636739,625.3094393171525,636.461689191973,9702800
2026-02-04,627.0985717773438,632.0783154846036,623.2122192405427,631.0943058976957,11322000
2026-02-05,619.335693359375,624.9515847493406,617.7453835733044,622.456738497629,11714700
2026-02-06,631.4024047851562,632.873444457358,622.4170386976657,622.9338560420853,12987900
2026-02-09,634.3743286132812,636.1237058716187,629.285264225263,630.2394865479288,8908500
2026-02-10,632.59521484375,636.7499558321192,632.2374041939814,635.2789160498899,13645300
2026-02-11,632.5056762695312,637.276727179629,630.0108905697201,636.620680379596,5345000
2026-02-12,622.705322265625,635.656636283277,621.9797516577522,634.652728054257,8951100
2026-02-13,623.1029052734375,627.3570177908472,619.3556608318796,623.1426417892584,9312800
2026-02-17,624.1961669921875,626.1244494596028,617.7553334857993,621.7609558383565,8718600
2026-02-18,627.337158203125,629.9711127799449,624.2061635303085,625.3094433039927,9509200
2026-02-19,625.7269287109375,627.2675527576046,623.0233291582808,625.1504156053861,5212400
2026-02-20,630.1898193359375,630.7464338739763,623.2420565725196,623.6892895288598,7482000
2026-02-23,623.8384399414062,630.7762537689327,621.9697923240972,628.7883359348965,10868700
2026-02-24,628.3907470703125,629.2654357125624,621.6218897212324,623.3613177105922,6930300
2026-02-25,633.6785888671875,634.1457203877115,630.9054049624871,630.9352528466555,12135200
2026-02-26,630.1202392578125,633.9171694301511,625.6275257415438,633.7978992187842,9497700
2026-02-27,627.227783203125,627.8738807349088,623.1525761045295,624.4447105016621,10471100
2026-03-02,627.4663696289062,629.5139224256816,619.8327123026569,620.4191747152204,9211400
2026-03-03,621.9398803710938,623.9973823973519,612.1593596083252,617.0595692844848,18493400
2026-03-04,626.3729858398438,628.1422617269309,621.2938706355266,623.13267025621,13489800
2026-03-05,623.0233154296875,626.6910258426402,617.646024993958,623.5003962422892,12198800
2026-03-06,614.6939697265625,618.0635048176132,612.2786569798124,615.5985062612132,9739200
2026-03-09,620.031494140625,621.542330946535,605.5197197672502,609.1575823221168,13929200
2026-03-10,618.9580078125,624.703118917018,616.8806678500829,619.5544195048814,15570400
2026-03-11,618.272216796875,621.6516402913978,615.5586680402731,619.4351315974586,6433300
2026-03-12,608.7998046875,613.9783522130032,608.7202709917146,613.491261409448,15487600
2026-03-13,605.4104614257812,614.5946320815423,604.5755092450586,611.8214478858587,25527500
2026-03-16,611.4735717773438,614.3461275285033,609.8335153427746,611.006379552641,8303200
2026-03-17,613.1632690429688,616.5228546969976,612.5470194298802,614.6343086785441,9941800
2026-03-18,604.7046508789062,612.1692910659127,604.4561611824888,610.9765283898234,14276900
2026-03-19,603.0845336914062,606.0067751441085,598.8999450829019,600.4903156465963,10271900
2026-03-20,594.3277587890625,601.9414569072442,590.9781223088967,601.7725008888926,17685700
2026-03-23,600.778564453125,607.3387295253531,599.416845627479,603.1938772752512,24014300
2026-03-24,598.7409057617188,602.2495487731062,595.6993942656367,597.0014778647273,18363300
2026-03-25,602.0010375976562,605.7582308410098,599.7149445764509,603.7305768047668,23288300
2026-03-26,591.3259887695312,600.2616692258608,591.0874483494522,597.6674511578492,7712600
2026-03-27,581.267333984375,589.1144777126154,580.340041643732,588.9648889107974,11707700
2026-03-30,579.2431640625,586.9606799244748,576.780365337597,586.681524598016,11839200
2026-03-31,595.81494140625,597.1111545541363,584.797038362315,585.6445459587967,12447300
2026-04-01,600.5511474609375,603.5922792987799,598.5270734220991,599.3147576665046,11332500
2026-04-02,601.2391357421875,603.033897052521,591.3080947579734,592.5045617262401,12780100
2026-04-06,603.9113159179688,604.679099565039,600.860203588715,601.1693010160667,6316800
2026-04-07,604.2802734375,604.5495089369605,596.762188576322,601.8274552706249,6690000
2026-04-08,619.535888671875,620.6825129888314,615.50758036616,619.9945140554843,9805100
2026-04-09,623.2052001953125,624.3518245199318,617.6015233967194,618.5387964301815,5498300
2026-04-10,622.786376953125,625.1694519162147,621.9089272667818,624.5113950804241,4609400
2026-04-13,628.8886108398438,629.068141746439,620.1739980599084,620.9417817607915,5158400
2026-04-14,636.4964599609375,636.6660101659483,630.3842541856149,630.394234886843,5042900
2026-04-15,641.5816650390625,641.9206437210339,636.3767903935311,637.3340248080247,5165600
2026-04-16,642.987548828125,644.1940573414455,640.2854566217476,642.6385894427339,5882400
2026-04-17,650.8845825195312,652.978460504779,646.9759210221027,647.2949991560519,7815300
2026-04-20,649.6481323242188,650.7050520182237,647.2850188493404,649.7279170722375,6384100
2026-04-21,645.37060546875,651.9613976641574,644.064411698874,651.0440860724256,8514900
2026-04-22,652.0013427734375,652.2904788128074,649.1995043990852,650.086873919197,4537200
2026-04-23,649.3689575195312,652.9984027213983,643.7851816263676,650.3361117357704,6519500
2026-04-24,654.5139770507812,654.9128399388437,649.9273581277243,651.5027874202591,4793800
2026-04-27,655.5908813476562,655.9897442498248,652.9386317078322,653.7661779000335,5319200
2026-04-28,652.3602905273438,653.4870143109248,650.1168236613001,652.5098184703198,5527100
2026-04-29,652.34033203125,652.8189188235992,649.3690042655251,651.7221371384875,6302000
2026-04-30,658.6619262695312,659.8484733645753,651.2535076655925,655.0923042835946,5948400
2026-05-01,660.5963134765625,664.4849528457122,660.4567053773899,661.1646657163936,5426500
2026-05-04,658.2032470703125,661.9223970342584,655.4811934705715,660.0678124027411,5962400
2026-05-05,663.3682250976562,664.6145956020702,661.4039743945087,661.6532484953915,5052600
2026-05-06,672.7009887695312,673.3790678345035,667.2070390665722,667.5061557964536,6441500
2026-05-07,670.587158203125,674.7949364517899,668.9718669826326,673.8576634472385,6260300
2026-05-08,676.0711669921875,676.5597953097122,673.4089368576604,673.7379956835236,4348100
2026-05-11,677.5469360351562,679.0824425161985,675.1140184895723,675.1140184895723,5693400
2026-05-12,676.6993408203125,677.2876544251811,670.8463903046786,675.5028130676155,6073400
2026-05-13,680.4285278320312,681.9241724326588,674.236598134511,676.9287705872277,4918000
2026-05-14,685.7330322265625,687.0990493154267,681.6748429038888,681.7546276496565,5370000
2026-05-15,677.4671630859375,681.5353333338866,676.4700667114944,680.0595893163164,6448500
2026-05-18,676.9386596679688,679.6308319983431,672.2922174306617,678.2049915134924,7585400
2026-05-19,672.6312866210938,676.1809473674391,670.5971710179281,673.5984409163759,5664200
2026-05-20,679.5910034179688,680.0197475687622,672.7808179380188,674.3562472966549,5506800
2026-05-21,680.8572998046875,682.8415118079786,675.6524252009126,677.1082077837469,7335400
2026-05-22,683.5593872070312,686.5806183444705,682.4924868148298,684.1077780252463,4319800
2026-05-26,688.0064697265625,689.5021142679227,686.0820810529642,687.6475296425398,6633800
2026-05-27,687.9566040039062,688.7742302953759,685.9224885468103,688.3554060201326,7386500
2026-05-28,691.8950805664062,692.2739820366038,686.8497756220142,687.7571673535666,8477100
2026-05-29,693.4705200195312,694.9761452220588,691.87519022733,692.981952552842,5080400
2026-06-01,695.2752685546875,697.0301678575355,691.9250394444856,692.5232729077605,10051200
2026-06-02,696.2325439453125,697.1199743496946,693.759764340947,694.0389196876005,4750700
2026-06-03,691.3467407226562,695.6243231994247,690.8382118247522,695.055970952234,5970400
2026-06-04,694.0388793945312,695.1755838336171,688.8938890323536,689.4821417954013,6630000
2026-06-05,676.0313110351562,690.1701296768632,674.2863924594756,689.7015236140584,10846500
2026-06-08,677.7064208984375,683.3001166594861,676.7292859773222,681.485394050322,8867200
2026-06-09,675.7322387695312,684.7659296699894,662.3910841415923,681.7247978381474,16197200
2026-06-10,665.1130981445312,676.908764828766,664.943608807788,672.3620079751116,16472700
2026-06-11,676.2606201171875,678.4044015562152,664.066151553439,668.1542221372476,19974200
2026-06-12,679.9698486328125,682.452608736131,673.8476626127706,679.1023797017236,6328000
2026-06-15,691.8153686523438,693.7297765794715,689.2528237628894,689.2926857075207,14068900
2026-06-16,687.7471923828125,692.5532039877361,687.4380949553847,691.8153624421296,13324100
2026-06-17,679.431396484375,689.5220675268852,677.6665773298051,688.7542838635158,15029600
2026-06-18,686.1119384765625,687.6973484128507,683.7089631076961,687.2984855391632,17747900
2026-06-22,684.1077880859375,689.4921327717968,683.0110064333779,687.1688812133426,13367200
2026-06-23,674.3761596679688,679.7504626430755,673.0599852073517,674.3960602112073,17581700
2026-06-24,673.72802734375,680.089506851527,671.7238539662496,675.712239319944,9677000
2026-06-25,673.7479858398438,679.5610136500771,670.6270694454009,679.1622116311859,26266500
2026-06-26,670.260009765625,676.9600219726562,668.0999755859375,669.9600219726562,6007600
2026-06-29,681.010009765625,681.5700073242188,672.9299926757812,677.010009765625,5703800
2026-06-30,686.8099975585938,687.530029296875,680.989990234375,681.3200073242188,9892400
2026-07-01,685.4600219726562,688.8300170898438,682.2999877929688,684.72998046875,8659300
2026-07-02,684.8400268554688,690.5,680.219970703125,686.97998046875,6994700
2026-07-06,690.6199951171875,691.5800170898438,687.0,688.1099853515625,5610000
2026-07-07,687.0800170898438,690.239990234375,684.989990234375,689.5800170898438,4847400
2026-07-08,685.260009765625,685.8400268554688,679.72998046875,683.0999755859375,4839800
2026-07-09,690.6900024414062,691.1900024414062,685.2899780273438,686.9500122070312,6423900
2026-07-10,693.8599853515625,694.3300170898438,687.6300048828125,691.25,5326400
2026-07-13,688.5,692.9600219726562,687.5399780273438,691.5999755859375,6637600
2026-07-14,691.0999755859375,692.4000244140625,688.2000122070312,690.2100219726562,4610200
2026-07-15,693.7999877929688,694.5,689.5800170898438,693.27001953125,4132800
2026-07-16,690.1400146484375,693.5499877929688,687.4299926757812,691.97998046875,4764000
2026-07-17,683.1699829101562,686.8699951171875,680.9199829101562,682.1199951171875,5679300
2026-07-20,682.2100219726562,688.2000122070312,681.5700073242188,686.6699829101562,5360300
2026-07-21,687.8699951171875,688.489990234375,684.030029296875,685.9500122070312,4075500
2026-07-22,687.030029296875,689.4000244140625,686.02001953125,686.2899780273438,3418300
2026-07-23,678.6099853515625,682.5499877929688,675.760009765625,679.5499877929688,4983100
2026-07-24,679.1400146484375,683.5499877929688,677.7000122070312,678.7999877929688,6311600
2026-07-27,679.3099975585938,685.239990234375,676.4000244140625,684.6900024414062,5232200
2026-07-28,680.9600219726562,682.760009765625,676.47998046875,679.4500122070312,5090000
2026-07-29,670.6300048828125,682.6300048828125,670.1599731445312,680.1199951171875,7970700
2026-07-30,681.7899780273438,682.4400024414062,675.2100219726562,676.5399780273438,6094800
2026-07-31,686.6500244140625,688.3499755859375,678.0599975585938,684.5,7699300
