Date,Close,High,Low,Open,Volume
2006-11-16,27.67580795288086,27.736140014355794,27.67580795288086,27.703231046574576,31200
2006-11-17,27.71968650817871,27.752593383630785,27.566113417826635,27.752593383630785,46000
2006-11-20,27.73065185546875,27.80195146936878,27.697742892881926,27.80195146936878,17300
2006-11-21,27.697750091552734,27.829383883864153,27.670326995060233,27.829383883864153,9900
2006-11-22,27.70321273803711,27.7525751109623,27.670305884251356,27.7525751109623,14700
2006-11-24,27.65935516357422,27.752594102768377,27.631932069237585,27.752594102768377,4000
2006-11-27,27.368663787841797,27.582566830855054,27.324785167609452,27.582566830855054,13000
2006-11-28,27.450916290283203,27.46188593863899,27.36316119568341,27.36316119568341,4100
2006-11-29,27.747108459472656,27.747108459472656,27.560628501345775,27.560628501345775,16300
2006-11-30,27.79646873474121,27.84583113435579,27.626442226680386,27.78549908013267,20300
2006-12-01,27.63192367553711,27.823887369829073,27.560621978122658,27.823887369829073,8400
2006-12-04,27.889705657958984,27.889705657958984,27.752588123569318,27.752588123569318,2200
2006-12-05,28.0048885345459,28.0048885345459,27.939070605609707,27.966495788790315,16700
2006-12-06,27.96100425720215,28.0103666477917,27.96100425720215,27.999396995188764,5000
2006-12-07,27.911649703979492,27.966497982395115,27.906165922261877,27.96101210842961,5200
2006-12-08,27.971986770629883,28.004895743569413,27.82938540572179,27.889715384405196,5100
2006-12-11,27.9993896484375,28.037782376350258,27.96099692052474,27.96648279151042,5100
2006-12-12,28.070701599121094,28.07618537986703,27.933584065749944,28.02133920341758,6800
2006-12-13,28.142004013061523,28.180396755995297,28.10909505101219,28.180396755995297,8900
2006-12-14,28.399776458740234,28.399776458740238,28.180389710007667,28.20232692030799,19500
2006-12-15,28.43817710876465,28.49302538040187,28.427209546684832,28.465602290707075,45100
2006-12-18,28.383329391479492,28.498507617305513,28.372359737746418,28.498507617305513,8900
2006-12-19,28.476566314697266,28.476566314697266,28.35041844397642,28.366873969546873,2700
2006-12-20,28.46011734008789,28.53690283062174,28.454633558870203,28.509479740037897,5500
2006-12-21,28.372365951538086,28.476574546453605,28.355912513458787,28.449151452238784,3000
2006-12-22,28.27056121826172,28.419151146797397,28.265058820619874,28.419151146797397,3900
2006-12-26,28.441144943237305,28.441144943237305,28.259534458462984,28.259534458462984,5700
2006-12-27,28.639284133911133,28.650291028273642,28.545726581505026,28.56223797272401,9900
2006-12-28,28.644779205322266,28.661290592318352,28.57323545993897,28.661290592318352,10500
2006-12-29,28.457656860351562,28.60074430391771,28.435643084518432,28.589737416001146,13900
2007-01-03,28.463157653808594,28.666779805421406,28.325574721760947,28.59523609293893,35000
2007-01-04,28.39160919189453,28.45214600776455,28.281542444798916,28.28704693679542,11400
2007-01-05,28.193510055541992,28.34209995772782,28.154986980829012,28.34209995772782,10500
2007-01-08,28.199016571044922,28.22653275504619,28.066935948748455,28.17149828769338,21800
2007-01-09,28.177001953125,28.226531922606682,28.083444411059507,28.199015739416904,34400
2007-01-10,28.143980026245117,28.16599381156129,28.028410802360366,28.143980026245114,7600
2007-01-11,28.248538970947266,28.331087500826804,28.2100138044505,28.2100138044505,49600
2007-01-12,28.342103958129883,28.35311085236577,28.23203711512143,28.276064692064978,54100
2007-01-16,28.342103958129883,28.41364772098794,28.287071586300865,28.342103958129883,10900
2007-01-17,28.358596801757812,28.441147410972214,28.32557823755141,28.375108183210212,16600
2007-01-18,28.36410903930664,28.44115517595559,28.353102148449683,28.44115517595559,8200
2007-01-19,28.463157653808594,28.47966693386265,28.397116334894488,28.419130107865858,10400
2007-01-22,28.36410903930664,28.501692025993986,28.325585970982168,28.501692025993986,23100
2007-01-23,28.435649871826172,28.47967743400138,28.320080670140822,28.33659205563138,10600
2007-01-24,28.66128158569336,28.66128158569336,28.50718725180251,28.53470342234933,9900
2007-01-25,28.34760093688965,28.650285222141978,28.3310916483668,28.650285222141978,11200
2007-01-26,28.31456756591797,28.41362744399783,28.232016967735113,28.41362744399783,3700
2007-01-29,28.331077575683594,28.430137456315443,28.314568295361273,28.3640982356772,4600
2007-01-30,28.430147171020508,28.430147171020508,28.34209414696509,28.39162410420562,9600
2007-01-31,28.61725616455078,28.870408311393337,28.397122585083707,28.452157029625177,31000
2007-02-01,28.804370880126953,28.804370880126957,28.655781019589014,28.67779479878342,20000
2007-02-02,28.8483943939209,28.8483943939209,28.754838987677406,28.782355160140234,6100
2007-02-05,28.82638931274414,28.859407887516383,28.743838677113796,28.820884817382186,15900
2007-02-06,28.85940170288086,28.892422369926564,28.815376246169336,28.892422369926564,14800
2007-02-07,28.820871353149414,28.89791745742421,28.77684590757048,28.886912670541143,12400
2007-02-08,28.804370880126953,28.804370880126957,28.68880168838062,28.793363990529752,23200
2007-02-09,28.70530128479004,28.864897981059784,28.617248297080668,28.864897981059784,38000
2007-02-12,28.644779205322266,28.710818455256895,28.606256134581237,28.710818455256895,11300
2007-02-13,28.86490821838379,28.86490821838379,28.738332134868976,28.738332134868976,9600
2007-02-14,29.052017211914062,29.074030988505054,28.90892976342189,28.90892976342189,5900
2007-02-15,29.02449607849121,29.04650775196955,28.996977812782664,29.04650775196955,109900
2007-02-16,28.996992111206055,29.007999003047193,28.958469039437066,29.007999003047193,7200
2007-02-20,29.052017211914062,29.090540271273657,28.930943540012887,28.95295731660388,41500
2007-02-21,28.969463348388672,29.030000177545755,28.919933406291886,28.985972629304587,14800
2007-02-22,28.94745445251465,28.985977514043082,28.886919712505257,28.98047511926019,5400
2007-02-23,28.881425857543945,28.97498339811246,28.80437970610527,28.97498339811246,8900
2007-02-26,28.94745445251465,29.079535020147418,28.92544277403369,29.079535020147418,22100
2007-02-27,28.105449676513672,28.793364544451347,28.011894262161942,28.793364544451347,43600
2007-02-28,28.171478271484375,28.380604900137254,28.066916006832326,28.110943549432417,119100
2007-03-01,28.105449676513672,28.19900719021497,27.835788223917863,27.835788223917863,18900
2007-03-02,27.764236450195312,28.066918484570895,27.764236450195316,28.055911597949187,10300
2007-03-05,27.516597747802734,27.830286794179703,27.516597747802734,27.68720140960504,19400
2007-03-06,27.9238338470459,27.95685240837778,27.681686534084005,27.769739529884053,10700
2007-03-07,27.835786819458008,27.98987907030943,27.835786819458008,27.890819166376527,13400
2007-03-08,28.03941535949707,28.110959106140406,28.039415359497074,28.07793843091657,9100
2007-03-09,28.08894920349121,28.14398157045105,28.00089615674532,28.14398157045105,5100
2007-03-12,28.083433151245117,28.13846759490929,27.98987774604008,28.055916979087716,6500
2007-03-13,27.604637145996094,28.03389518711072,27.60463714599609,27.978862858528913,10800
2007-03-14,27.714725494384766,27.731234785951546,27.417545650080307,27.731234785951546,10100
2007-03-15,27.852293014526367,27.901822960999386,27.753233121580337,27.753233121580337,4900
2007-03-16,27.725723266601562,27.929345493216946,27.676193308846496,27.83579007265167,8900
2007-03-19,27.99538803100586,28.022904210918473,27.835793347772707,27.841295744015248,6100
2007-03-20,28.226512908935547,28.226512908935547,28.022888671924125,28.028393164464322,4600
2007-03-21,28.58974838256836,28.58974838256836,28.22102484364922,28.232031735787853,16900
2007-03-22,28.70530128479004,28.776844993350412,28.677785119758767,28.727315056554588,8100
2007-03-23,28.765844345092773,28.782353627821667,28.688798226558887,28.69980511482791,12600
2007-03-26,28.786880493164062,28.78688049316406,28.537954321821402,28.659652030071083,13800
2007-03-27,28.66517448425293,28.6873017175581,28.609858511159118,28.6873017175581,8000
2007-03-28,28.477087020874023,28.587721037601142,28.421771067594637,28.587721037601142,17000
2007-03-29,28.593252182006836,28.63750663337351,28.526872615125217,28.63750663337351,5900
2007-03-30,28.521352767944336,28.698366420749316,28.344339115139356,28.61539034779796,14300
2007-04-02,28.571138381958008,28.609859987155165,28.488162307867405,28.609859987155165,12800
2007-04-03,28.748151779174805,28.864316593723675,28.726024544926673,28.726024544926673,16600
2007-04-04,28.825592041015625,28.842186409920092,28.77580682413324,28.825592041015625,4400
2007-04-05,28.886438369750977,28.908563489649264,28.7813350820167,28.792398697050245,3500
2007-04-09,28.914093017578125,28.936220245093274,28.875371424510895,28.88643503826847,19400
2007-04-10,29.01919174194336,29.01919174194336,28.919621336669554,28.919621336669554,4300
2007-04-11,28.864320755004883,29.002612823739028,28.814535525853806,29.002612823739028,5800
2007-04-12,28.925167083740234,28.925167083740234,28.76474779153909,28.842191005658453,4800
2007-04-13,29.07451057434082,29.07451057434082,28.969407304792128,29.04131973498306,12100
2007-04-16,29.411943435668945,29.41194343566894,29.245993447046935,29.245993447046935,11400
2007-04-17,29.46173095703125,29.494921801429708,29.40088424088721,29.456200204715884,6200
2007-04-18,29.539169311523438,29.555763674734457,29.450662524117565,29.450662524117565,3400
2007-04-19,29.46173095703125,29.52257978334405,29.434072975116912,29.434072975116912,5600
2007-04-20,29.671934127807617,29.705124970763006,29.63874539502089,29.705124970763006,2400
2007-04-23,29.622150421142578,29.760442441885697,29.622150421142578,29.760442441885697,5400
2007-04-24,29.57790756225586,29.61109630737524,29.467273488129198,29.572374697956327,3700
2007-04-25,29.810224533081055,29.810224533081055,29.677465388760044,29.677465388760044,6900
2007-04-26,29.920848846435547,29.920848846435543,29.804684105324974,29.904254486324852,6700
2007-04-27,29.904266357421875,29.904266357421875,29.78809946002866,29.837884670291835,2700
2007-04-30,29.727256774902344,29.948522764822,29.727256774902344,29.893206794884332,3800
2007-05-01,29.71065330505371,29.7770349855625,29.67746457496781,29.749374896932924,10500
2007-05-02,29.931930541992188,29.987246515896008,29.871081704596506,29.871081704596506,15800
2007-05-03,30.0812931060791,30.081293106079105,30.009380635368053,30.031507874074475,5000
2007-05-04,30.136611938476562,30.263840407798224,30.06469946097482,30.136611938476562,12100
2007-05-07,30.214046478271484,30.252768083438877,30.20298286105663,30.252768083438877,6100
2007-05-08,30.175310134887695,30.180842995877374,30.075739738755342,30.1310577978112,5500
2007-05-09,30.308086395263672,30.313617148827685,30.14766710970718,30.180857961598974,6500
2007-05-10,29.937456130981445,30.186382190946148,29.93745613098144,30.169787823671427,18000
2007-05-11,30.092348098754883,30.131069700305847,29.9651175677514,29.9651175677514,2400
2007-05-14,30.06468391418457,30.26935762045276,30.064683914184567,30.214039547068626,14600
2007-05-15,30.153194427490234,30.346804542877774,30.125536442483156,30.125536442483156,8000
2007-05-16,30.418716430664062,30.418716430664066,30.285955150843563,30.319145998340925,15800
2007-05-17,30.413192749023438,30.45744722571313,30.3468131441585,30.402129129851016,7400
2007-05-18,30.568069458007812,30.57913307365533,30.479562642996598,30.479562642996598,7600
2007-05-21,30.568069458007812,30.66210913592725,30.568069458007812,30.61232392059788,9300
2007-05-22,30.595726013183594,30.66210558922161,30.529344326976908,30.55147155571247,4600
2007-05-23,30.551475524902344,30.717425541641628,30.551475524902347,30.59019712513588,7000
2007-05-24,30.26935386657715,30.59572307347805,30.26935386657715,30.523810642081315,7500
2007-05-25,30.341276168823242,30.418721492537834,30.291490944377085,30.346809032744652,12700
2007-05-29,30.42424201965332,30.474027227364953,30.33573521818471,30.43530563360797,15600
2007-05-30,30.590208053588867,30.590208053588867,30.32468750991413,30.33575112967179,10900
2007-05-31,30.62339210510254,30.69530456245592,30.595734116941774,30.684240945157764,9600
2007-06-01,30.667638778686523,30.71742399221397,30.601259197372876,30.69529887188865,24900
2007-06-04,30.728498458862305,30.728498458862305,30.628927996645295,30.63999161579936,15800
2007-06-05,30.5404109954834,30.63445067192947,30.46850066015457,30.63445067192947,11800
2007-06-06,30.308086395263672,30.374465988878026,30.2251103206188,30.374465988878026,5300
2007-06-07,29.777050018310547,30.225114982020823,29.777050018310547,30.225114982020823,7200
2007-06-08,30.19744300842285,30.197443008422848,29.671932954994826,29.671932954994826,87200
2007-06-11,30.125545501708984,30.225115965812066,29.98725342491799,30.09788750838471,33500
2007-06-12,29.81576919555664,30.070226081355038,29.777047587290337,30.070226081355038,9700
2007-06-13,30.158737182617188,30.18086442194815,29.915343880485636,29.937469009646914,7100
2007-06-14,30.379989624023438,30.41871333057502,30.313610045962662,30.33020652310441,8200
2007-06-15,30.562541961669922,30.66211240293776,30.529351111190923,30.606796428975247,19400
2007-06-18,30.496164321899414,30.6067983870715,30.496164321899418,30.6067983870715,9200
2007-06-19,30.579139709472656,30.579139709472653,30.42425327713417,30.435316895182545,5700
2007-06-20,30.208507537841797,30.623383575200542,30.208507537841797,30.623383575200542,33600
2007-06-21,30.225099563598633,30.263821155273547,30.014895130100182,30.014895130100182,16700
2007-06-22,29.871068954467773,30.142122175306415,29.82681450609892,30.142122175306415,8700
2007-06-25,29.796539306640625,30.108021535987188,29.757604293197193,29.913344346970927,8700
2007-06-26,29.757600784301758,30.024584611488976,29.757600784301754,29.9022162283536,5800
2007-06-27,30.03571319580078,30.03571319580078,29.60742591968921,29.6797347122273,2800
2007-06-28,30.091323852539062,30.197006387814245,30.01345385084056,30.035703028982535,11900
2007-06-29,29.991220474243164,30.274892340516192,29.824355793858782,30.235957319153155,23300
2007-07-02,30.302719116210938,30.30271911621094,30.169228148600695,30.169228148600695,5900
2007-07-03,30.319385528564453,30.44175393862947,30.31938552856445,30.36944513979111,2400
2007-07-05,30.375011444091797,30.491816507684796,30.2582063804988,30.458442723029858,13900
2007-07-06,30.358327865600586,30.441759150730206,30.28601905438184,30.28601905438184,4000
2007-07-09,30.464008331298828,30.497382118418592,30.286019043592763,30.452883735592238,135200
2007-07-10,30.046833038330078,30.341627275596014,30.035708447252276,30.241508077694604,10600
2007-07-11,30.185890197753906,30.21926397425289,30.06352180572331,30.09689558222229,5100
2007-07-12,30.792165756225586,30.792165756225586,30.408374764286748,30.408374764286748,2200
2007-07-13,30.942359924316406,30.997980789294434,30.842240669915956,30.842240669915956,8400
2007-07-16,30.9145450592041,30.992415107728092,30.836672888880425,30.936792128925468,14500
2007-07-17,30.836671829223633,30.992414042719446,30.825547233845384,30.953479019795395,9800
2007-07-18,30.736555099487305,30.803302677200694,30.580814995088964,30.803302677200694,11300
2007-07-19,30.85335350036621,30.870039329135952,30.73654633358048,30.870039329135952,15400
2007-07-20,30.430635452270508,30.78661403830552,30.43063545227051,30.78661403830552,12500
2007-07-23,30.647565841674805,30.730999267591947,30.61975540696914,30.636443365232665,19600
2007-07-24,30.007917404174805,30.49182575858677,29.957857772904593,30.40839233253636,18800
2007-07-25,30.046833038330078,30.252632668772403,29.879968415760658,30.2359468430551,11300
2007-07-26,29.49618148803711,29.813224950863376,29.140203012007554,29.813224950863376,50500
2007-07-27,29.067890167236328,29.535112382316765,29.06232893261103,29.312626926725333,23000
2007-07-30,29.251462936401367,29.30708380825843,28.778679160215596,28.895484264195574,23400
2007-07-31,28.978899002075195,29.523993419234912,28.978899002075195,29.46837045738237,18700
2007-08-01,29.22364616394043,29.223646163940426,28.756423727527608,29.00115848115345,39700
2007-08-02,29.357135772705078,29.357135772705078,29.117962266958397,29.201395674748987,6700
2007-08-03,28.622926712036133,29.36825758735699,28.511682886116702,29.36825758735699,16700
2007-08-06,29.273698806762695,29.340444246964783,28.467183801206648,28.678546837279104,16200
2007-08-07,29.618558883666992,29.857732392753256,29.201396082488582,29.201396082488582,28900
2007-08-08,29.99677276611328,30.03014653859762,29.63523099049521,29.93558857745803,24300
2007-08-09,29.19027328491211,29.72980455331913,29.19027328491211,29.557376487694242,29900
2007-08-10,29.218076705932617,29.234764657828084,28.700794754959567,28.845412355123727,12300
2007-08-13,28.978899002075195,29.346002063105814,28.978899002075195,29.346002063105814,6500
2007-08-14,28.645177841186523,29.023405601843248,28.64517784118652,29.023405601843248,11700
2007-08-15,28.367080688476562,28.901048756909884,28.367080688476562,28.64518932267731,10700
2007-08-16,28.67855453491211,28.711926203070824,27.810855092187897,28.205768725265,31200
2007-08-17,29.38494873046875,29.446130825656894,28.9344121413942,29.446130825656894,8800
2007-08-20,29.3126277923584,29.345999444693277,29.028956016718794,29.22363318313396,41900
2007-08-21,29.273698806762695,29.440563468167564,29.257010855362704,29.257010855362704,9500
2007-08-22,29.540693283081055,29.601877509290873,29.368265202107942,29.535129923352866,13000
2007-08-23,29.55181312561035,29.668618199506902,29.412758859981203,29.657493603640606,10100
2007-08-24,29.813230514526367,29.813230514526364,29.546246607680395,29.590744986387797,11800
2007-08-27,29.56850242614746,29.657497081714947,29.568502426147457,29.65193584402946,5700
2007-08-28,28.917722702026367,29.340446687534627,28.901034749238256,29.334885451138234,10200
2007-08-29,29.429447174072266,29.43500841157443,29.02897017632027,29.0623439667329,10600
2007-08-30,29.284828186035156,29.4350049205813,29.24032980409583,29.290389422877755,6200
2007-08-31,29.535123825073242,29.71867646580357,29.412757519719307,29.574058847931262,12700
2007-09-04,29.824356079101562,29.85772986421744,29.529561736876392,29.529561736876392,7700
2007-09-05,29.51287269592285,29.5684935432681,29.362693861931508,29.5684935432681,12900
2007-09-06,29.58517074584961,29.58517074584961,29.41830613067355,29.50173949916093,13200
2007-09-07,29.19027328491211,29.346013394637904,29.09571739594998,29.346013394637904,3300
2007-09-10,29.123512268066406,29.229192697237004,28.91771264418735,29.20138228132882,12800
2007-09-11,29.446128845214844,29.45725344044623,29.234767901217236,29.234767901217236,11000
2007-09-12,29.590747833251953,29.64636869018789,29.396070590376798,29.396070590376798,4600
2007-09-13,29.757600784301758,29.930028767647165,29.729790366807038,29.746476192944098,2800
2007-09-14,29.84661102294922,29.84661102294922,29.668621711617874,29.668621711617874,7700
2007-09-17,29.70754623413086,29.779855029348106,29.690860405157345,29.763167078575382,8800
2007-09-18,30.569669723510742,30.569669723510742,29.82433925086816,29.835463839629792,17000
2007-09-19,30.74210548400879,30.920094705858972,30.719856300827793,30.83110009493388,17800
2007-09-20,30.553001403808594,30.781050299565894,30.547438045341586,30.725429445693212,6800
2007-09-21,30.66423225402832,30.753226855635386,30.653107663602604,30.72541644047043,10500
2007-09-24,30.410120010375977,30.66199670353165,30.410120010375973,30.62841428321738,29500
2007-09-25,30.410120010375977,30.42131272701429,30.26458907168193,30.320561195672152,14700
2007-09-26,30.622821807861328,30.634016661899377,30.47169448114776,30.49968268384293,2000
2007-09-27,30.650814056396484,30.65081405639648,30.527674907545858,30.60043827066652,2700
2007-09-28,30.589235305786133,30.628416222099506,30.510871337959586,30.622817728226284,4800
2007-10-01,30.913877487182617,30.953058403493895,30.611622874038677,30.611622874038677,8600
2007-10-02,30.90827751159668,30.9194723628327,30.785136283200025,30.9194723628327,16000
2007-10-03,30.83553123474121,30.897101887254212,30.796350298633094,30.88590702905177,3100
2007-10-04,30.90268898010254,30.930675049614344,30.863508055745974,30.897092620280276,2200
2007-10-05,31.1209716796875,31.193737141381284,31.04260986026316,31.059403203853687,6400
2007-10-08,30.958656311035156,31.05940784684165,30.958656311035156,31.048212994507622,5400
2007-10-09,31.154560089111328,31.154560089111328,30.958655516294307,31.087393112031165,9400
2007-10-10,31.087392807006836,31.1041840173122,30.969850064469934,31.1041840173122,1900
2007-10-11,31.014631271362305,31.272106492971606,30.874698807200737,31.22173072046544,8800
2007-10-12,31.00345230102539,31.048231737393504,30.98666107998787,31.048231737393504,6700
2007-10-15,30.779550552368164,31.641533043160866,30.701186566659477,31.641533043160866,9100
2007-10-16,30.550060272216797,30.68999275319573,30.5500602722168,30.66200454883978,3900
2007-10-17,30.404531478881836,30.729175882953726,30.314974770034482,30.729175882953726,6600
2007-10-18,30.432514190673828,30.494084821559817,30.39333326832822,30.415722976868604,1300
2007-10-19,29.760831832885742,30.382132239820265,29.760831832885746,30.382132239820265,24200
2007-10-22,29.911970138549805,29.917568634207285,29.604119068603143,29.66009334917557,11400
2007-10-23,29.96794319152832,30.107875684426528,29.805620987318303,30.107875684426528,6400
2007-10-24,29.96234893798828,30.007128366951495,29.57613597158367,30.007128366951495,26500
2007-10-25,30.091093063354492,30.091093063354496,29.800035253315915,29.984745099501982,9800
2007-10-26,30.393327713012695,30.393327713012695,30.113462813012212,30.225409200052354,2200
2007-10-29,30.561254501342773,30.561254501342773,30.488491144983612,30.510878720293956,4500
2007-10-30,30.348546981811523,30.365338190634674,30.281377876119944,30.359741832760122,7500
2007-10-31,30.49410629272461,30.583663054743706,30.225436006667316,30.376563442924848,23200
2007-11-01,29.68247413635254,30.035104550093102,29.469778324432827,29.99032727107842,13000
2007-11-02,29.553743362426758,29.63770371590885,29.273878364420444,29.63770371590885,25000
2007-11-05,29.430604934692383,29.441797655909824,29.234698150178595,29.273879080041244,22600
2007-11-06,29.676868438720703,29.676868438720703,29.38580874351341,29.48656025859283,8100
2007-11-07,28.84287452697754,29.469773410245402,28.842874526977536,29.40820279356734,24100
2007-11-08,29.038795471191406,29.117157336233678,28.64698401077936,28.97722482431514,11200
2007-11-09,28.826091766357422,29.178722224656315,28.680562922170726,28.702950496906958,26900
2007-11-12,28.66936492919922,29.11154990844425,28.663766434727748,29.005202000686587,87400
2007-11-13,29.385820388793945,29.39701524326131,28.932438391266206,29.005203877704027,10900
2007-11-14,29.262672424316406,29.643288848253167,29.262672424316406,29.58171823038109,14300
2007-11-15,28.94363021850586,29.2458848519114,28.753321982865327,29.2458848519114,25600
2007-11-16,28.910049438476562,29.04998190984344,28.686156630209535,28.977216426876645,137600
2007-11-19,28.423078536987305,28.870864084772947,28.38389762183602,28.870864084772947,27200
2007-11-20,28.557405471801758,28.6861430281922,28.182385516056517,28.479043666624886,15900
2007-11-21,28.076047897338867,28.445469495914388,28.064853044630542,28.37830251486425,115100
2007-11-23,28.479055404663086,28.49584661692199,28.383900219729462,28.400693567188295,900
2007-11-26,27.891347885131836,28.596606769924076,27.82977724138002,28.501451556343838,58600
2007-11-27,28.28875160217285,28.28875160217285,27.91373143310109,28.132025767468114,13200
2007-11-28,28.97161865234375,29.061175350836304,28.523835159880964,28.523835159880964,13700
2007-11-29,29.089170455932617,29.26268539938165,28.943639451852096,28.966029165587656,19200
2007-11-30,29.452999114990234,29.503374912563917,29.27388564255069,29.441804256062635,17600
2007-12-03,29.27387237548828,29.38581877882859,29.206705387564114,29.31305329637738,30100
2007-12-04,29.083580017089844,29.184331621611037,29.06119029715153,29.06119029715153,5300
2007-12-05,29.469785690307617,29.520161476290387,29.357839261990296,29.486576907235033,7900
2007-12-06,29.83360481262207,29.889579086687167,29.536948633277873,29.542544993084267,14200
2007-12-07,29.889570236206055,29.990321764489863,29.855985681711587,29.94554235849724,6500
2007-12-10,30.051889419555664,30.102265182314,29.939945178047846,29.939945178047846,7000
2007-12-11,29.430604934692383,30.22542052356392,29.3914218696292,30.119072590393944,23700
2007-12-12,29.503360748291016,29.85599116201242,29.21789945588797,29.766434468787935,31100
2007-12-13,29.53695297241211,29.587328758871045,29.21790703657234,29.33544982657635,8400
2007-12-14,29.1683292388916,29.715906478493682,29.066719076666402,29.715906478493682,8400
2007-12-17,28.784461975097656,29.021555933239696,28.75623465808289,28.886072133271426,15100
2007-12-18,29.032846450805664,29.044136946931523,28.63768770016839,28.93123413911488,3700
2007-12-19,28.863481521606445,29.089284891530014,28.79573857253241,28.987672621360034,5900
2007-12-20,28.925588607788086,28.931232778864672,28.677202011581397,28.761879651823104,6800
2007-12-21,29.303796768188477,29.34895872937516,29.162668869641347,29.224765489552617,9300
2007-12-24,29.450576782226562,29.715897992191582,29.382835975607918,29.715897992191582,107200
2007-12-26,29.495731353759766,29.5070218442698,29.354603452545604,29.354603452545604,19400
2007-12-27,29.117517471313477,29.377192362810995,29.117517471313477,29.377192362810995,19100
2007-12-28,29.049772262573242,29.941701803637628,29.010256614899887,29.941701803637628,11300
2007-12-31,28.8465518951416,29.05542281000139,28.7731669121881,28.7731669121881,26500
2008-01-02,28.485258102416992,29.015900445781575,28.40058264472172,29.015900445781575,31700
2008-01-03,28.524778366088867,28.733649266466188,28.50784370249558,28.733649266466188,4000
2008-01-04,28.028003692626953,28.25380705579901,27.994132219102692,28.25380705579901,20000
2008-01-07,28.231237411499023,28.38365587341002,27.99414346193205,28.259464727492883,45400
2008-01-08,27.757043838500977,28.468329903873308,27.683658855861577,28.468329903873308,62200
2008-01-09,28.044946670532227,28.044946670532223,27.548175678710553,27.86994723558189,30400
2008-01-10,28.451396942138672,28.451396942138675,27.886885115139428,27.93769126570703,43600
2008-01-11,27.999778747558594,28.304615574643044,27.960263101837405,28.157843483884523,27000
2008-01-14,28.12961769104004,28.169133335863226,27.999778111259698,28.14090602946855,17400
2008-01-15,27.50301742553711,27.83043317165734,27.50301742553711,27.83043317165734,27900
2008-01-16,27.70623016357422,27.90945252923102,27.378812404263382,27.49735932259006,35800
2008-01-17,26.656248092651367,27.503015799244448,26.65624809265137,27.503015799244448,56000
2008-01-18,26.379623413085938,26.904619305765504,26.238495531256817,26.8199417152918,54100
2008-01-22,26.244157791137695,28.225593507876173,23.709498546615986,28.225593507876173,36500
2008-01-23,27.073989868164062,27.096570860707395,25.724806788608724,25.724806788608724,34600
2008-01-24,27.181241989135742,27.282854277776515,26.972371088351125,27.282854277776515,29500
2008-01-25,26.735279083251953,27.316725545773576,26.701407600151445,27.30543505140674,24000
2008-01-28,27.288497924804688,27.288497924804688,26.61672972139209,26.65059904799554,129000
2008-01-29,27.54817771911621,27.559468214475867,27.294146957128422,27.480436900400065,11600
2008-01-30,27.226398468017578,28.044940846732445,27.226398468017578,27.38446105163878,25500
2008-01-31,27.9038143157959,28.01671708977172,27.011884770172347,27.011884770172347,24300
2008-02-01,28.344133377075195,28.344133377075195,28.016717694266354,28.095748991722235,32100
2008-02-04,27.999778747558594,28.428808834590306,27.999778747558594,28.428808834590306,23400
2008-02-05,27.153018951416016,27.740111788518647,27.1417306095164,27.740111788518647,25600
2008-02-06,26.966718673706055,27.429618001128098,26.966718673706055,27.294134273214933,9600
2008-02-07,27.26026725769043,27.350589032777442,26.9554304592314,27.16994548260342,46700
2008-02-08,26.921546936035156,27.203802626025443,26.819934715363452,27.04009596244549,71600
2008-02-11,27.04012107849121,27.05705574651948,26.712703140331186,26.87076578444043,14500
2008-02-12,27.226398468017578,27.46913866625939,27.09656103812285,27.203817483659922,14400
2008-02-13,27.565114974975586,27.632855794763437,27.344953542141866,27.486081506207622,16100
2008-02-14,27.169944763183594,27.932034585711175,27.153007950312567,27.932034585711175,24700
2008-02-15,27.243328094482422,27.254618584574555,27.023168921287848,27.096556030166305,38700
2008-02-19,27.158668518066406,28.56430197753179,27.085281366307015,28.56430197753179,28200
2008-02-20,27.24896812438965,27.32235521632283,26.79171307172331,26.898971626111877,47700
2008-02-21,26.927202224731445,27.45219815525535,26.91591173495837,27.390101538223806,59800
2008-02-22,27.181241989135742,27.39575490654052,26.644955388740886,27.39575490654052,64600
2008-02-25,27.514301300048828,27.548170623962804,27.057046046238927,27.19817397172382,62800
2008-02-26,27.661069869995117,27.72316649384566,27.378814054995168,27.423976019046826,45700
2008-02-27,27.57640266418457,27.768336776907518,27.542533331813438,27.598983654726513,9500
2008-02-28,27.282846450805664,27.480424647902407,27.232040321060666,27.344940917435466,18000
2008-02-29,26.5659236907959,27.08527346637292,26.48689023702244,27.08527346637292,24000
2008-03-03,26.571569442749023,26.63931025371789,26.390925844537673,26.63931025371789,39700
2008-03-04,26.498193740844727,26.548999909352418,26.148196887481987,26.340131062573,40100
2008-03-05,26.582857131958008,26.797372189740262,26.33447274898578,26.67882309125137,51100
2008-03-06,25.9675235748291,26.475584680060464,25.9675235748291,26.475584680060464,25500
2008-03-07,25.798187255859375,26.17640909251088,25.62318783913681,25.832056582460158,53400
2008-03-10,25.493349075317383,25.758670271634806,25.43125244184383,25.747379778872222,52500
2008-03-11,26.35140609741211,26.63930611437569,25.82641004873627,26.023988280628803,28900
2008-03-12,26.26673126220703,26.79172736645563,26.26108709217317,26.50947148905064,21600
2008-03-13,26.323184967041016,26.509472735094974,25.736092197617133,25.973186112129728,62400
2008-03-14,25.865930557250977,26.611085962517656,25.578030486169517,26.611085962517656,73300
2008-03-17,25.78689193725586,25.97882598136402,25.25060544753238,25.403023849039535,27700
2008-03-18,26.59414291381836,26.78043062968728,26.14817821465924,26.78043062968728,98400
2008-03-19,26.34575080871582,27.328001771351108,26.345750808715824,27.328001771351108,18900
2008-03-20,27.158668518066406,27.181249511444996,26.481253790803088,26.481253790803088,15000
2008-03-24,27.390106201171875,27.55945926971753,27.294138098483305,27.294138098483305,21300
2008-03-25,27.430492401123047,27.481690004589762,27.214324500926516,27.424802572941395,32300
2008-03-26,27.043684005737305,27.595478343752127,27.0209290183871,27.595478343752127,11000
2008-03-27,27.043684005737305,27.231407226288937,26.78200816131502,26.84458112147554,19300
2008-03-28,26.6397762298584,27.03797741144344,26.611331428287734,27.009534779906463,18900
2008-03-31,26.83319664001465,26.958346867814672,26.309845087459035,26.309845087459035,26700
2008-04-01,27.78319549560547,27.80595047620799,27.22571149104997,27.430501976403907,42300
2008-04-02,27.65804672241211,28.027807581468984,27.430503414560153,27.686489364639293,22700
2008-04-03,27.65804672241211,27.914034842525755,27.373615960071287,27.373615960071287,8400
2008-04-04,27.601154327392578,28.067620483858505,27.53857922859257,28.067620483858505,24000
2008-04-07,27.646669387817383,27.874214866990293,27.646669387817383,27.851459885066102,28500
2008-04-08,27.5385799407959,28.18708158143307,27.402052251698283,28.18708158143307,27700
2008-04-09,27.24846649169922,27.424812166412543,27.168824059531794,27.384992035346027,12300
2008-04-10,27.27692222595215,27.402070339363046,27.11763945519261,27.180214596915775,11400
2008-04-11,26.764921188354492,27.015221525397763,26.70803593177199,26.935579128135444,16900
2008-04-14,26.49186897277832,27.03797526709859,26.452048857777893,26.656839260656373,15600
2008-04-15,26.66252899169922,26.753546714496533,26.486183374423366,26.753546714496533,15200
2008-04-16,27.14606285095215,27.254145720405198,26.668219255946802,26.668219255946802,11800
2008-04-17,27.208646774291992,27.22571192499869,26.9981664554154,27.22571192499869,11000
2008-04-18,27.493074417114258,27.62959994739728,27.419121822357685,27.53289454428299,8600
2008-04-21,27.350854873657227,27.67510567102505,27.248459656590136,27.67510567102505,34700
2008-04-22,27.140380859375,27.23139860994167,27.04367544878794,27.197268309750633,23800
2008-04-23,27.128999710083008,27.322412675203523,27.08349192595503,27.140377198623515,13900
2008-04-24,27.447561264038086,27.612531583117132,27.134687942703504,27.23139333455637,23000
2008-04-25,27.635282516479492,27.75474286660023,27.373604673790854,27.72630023610009,13400
2008-04-28,27.6978759765625,27.783206101378113,27.646678335680175,27.726320798191182,7600
2008-04-29,27.53290367126465,27.589788966067324,27.48739369939459,27.589788966067324,13500
2008-04-30,27.424808502197266,27.874209544228727,27.419120842819567,27.720616700621743,34200
2008-05-01,27.99366569519043,28.044863301996656,27.56701969514981,27.56701969514981,20400
2008-05-02,28.130199432373047,28.26103730684506,28.04486934596188,28.243972157576525,16000
2008-05-05,27.925392150878906,28.107427533611673,27.862817081183344,28.107427533611673,11800
2008-05-06,28.061920166015625,28.061920166015625,27.635274324878388,27.771799778823844,19500
2008-05-07,27.57270622253418,27.982284857913022,27.328095704861084,27.328095704861084,26200
2008-05-08,27.50444793701172,27.61822065149433,27.37929990411148,27.61822065149433,11000
2008-05-09,27.356538772583008,27.46462163350648,27.28258619930192,27.305341171085878,11000
2008-05-12,27.66942596435547,27.66942596435547,27.36793003160522,27.36793003160522,19300
2008-05-13,27.589778900146484,27.737681914693088,27.5499587743057,27.737681914693088,25700
2008-05-14,27.77181053161621,27.914025867058747,27.74905555713729,27.817320480574047,15200
2008-05-15,27.959548950195312,27.959548950195312,27.680805806971673,27.81733354794617,47400
2008-05-16,27.919713973999023,27.942466777041066,27.760431332502716,27.874204027847604,19700
2008-05-19,27.98798370361328,28.204151661679173,27.914031107689702,27.97091638453294,56900
2008-05-20,27.646669387817383,27.817329582214324,27.56702912111722,27.81163975171602,41000
2008-05-21,27.242767333984375,27.9140238421831,27.231389847570235,27.697855940381736,57000
2008-05-22,27.356538772583008,27.487376605290432,27.18588082427043,27.18588082427043,62100
2008-05-23,27.020915985107422,27.220016603299882,27.020915985107422,27.220016603299882,27100
2008-05-27,27.140380859375,27.37930381088397,26.9640351882964,27.37930381088397,18500
2008-05-28,27.15176010131836,27.151760101318356,26.95265943724326,27.134694950121773,8000
2008-05-29,27.464630126953125,27.549960212514545,27.19157689120448,27.259839657633087,11100
2008-05-30,27.390682220458984,27.538585256332016,27.379304730001916,27.538585256332016,30700
2008-06-02,27.13469123840332,27.265529109760458,26.946965920781647,27.265529109760458,15900
2008-06-03,26.981090545654297,27.191568610565646,26.770612480742944,27.191568610565646,26500
2008-06-04,26.861635208129883,27.08917845938116,26.79337027972393,26.92989796650187,36000
2008-06-05,27.288286209106445,27.28828620910644,26.924215204854672,26.998165635694694,18900
2008-06-06,26.434982299804688,27.077793933294032,26.423604814694247,27.077793933294032,28000
2008-06-09,26.36104965209961,26.61134800357433,26.224521897636553,26.53170771765215,26800
2008-06-10,26.389476776123047,26.5203146217411,26.133488743377388,26.17330886291185,14000
2008-06-11,25.951452255249023,26.34965560473145,25.951452255249023,26.34965560473145,23600
2008-06-12,25.985591888427734,26.270022620857958,25.894574140851436,26.09367478553888,18600
2008-06-13,26.15056610107422,26.213141218667676,26.025415865887293,26.213141218667676,20700
2008-06-16,26.287080764770508,26.46911621140986,26.156242923125575,26.46911621140986,23300
2008-06-17,26.048166275024414,27.168821854125017,26.048166275024414,27.168821854125017,43100
2008-06-18,25.763736724853516,25.888884773736475,25.71253910529957,25.888884773736475,33200
2008-06-19,25.854745864868164,25.854745864868164,25.63289031068661,25.752350659856127,19900
2008-06-20,25.411039352416992,25.661339773550807,25.314333949731047,25.59307700871166,59900
2008-06-23,25.314329147338867,25.519119573039593,25.28588651488793,25.519119573039593,37200
2008-06-24,25.337852478027344,25.48126346698139,25.096923066958002,25.286226622750796,20000
2008-06-25,25.66482925415039,25.7566121913535,25.400951394948333,25.400951394948333,28300
2008-06-26,24.735525131225586,25.72792884676355,23.995526140103262,25.72792884676355,44400
2008-06-27,24.546222686767578,24.81583382823022,24.460175227576183,24.810098352147097,19100
2008-06-30,24.563440322875977,24.72405997151573,24.50033912140219,24.580648945722068,16000
2008-07-01,24.666690826416016,24.666690826416016,24.247930988933025,24.247930988933025,18400
2008-07-02,24.316762924194336,24.85598955417682,24.31102744842497,24.787150715278415,15000
2008-07-03,24.3397216796875,24.597861987177843,24.236465556691364,24.597861987177843,9600
2008-07-07,24.138935089111328,24.563430327284802,23.943896085867987,24.563430327284802,21900
2008-07-08,24.712581634521484,24.712581634521484,24.075836520042223,24.075836520042223,88600
2008-07-09,24.299558639526367,24.90761984022685,24.299558639526367,24.878938079712725,12300
2008-07-10,24.3282413482666,24.494598629321814,24.150410924902943,24.311032728943008,37600
2008-07-11,24.133203506469727,24.39707922786019,23.863590119500454,24.115994886289815,37800
2008-07-14,23.737390518188477,24.506073604108455,23.720179709299774,24.506073604108455,36300
2008-07-15,23.4620361328125,23.829167874736974,23.16947652152545,23.37025319733138,47300
2008-07-16,24.259410858154297,24.259410858154297,23.507936257742436,23.634138666983176,37200
2008-07-17,24.649486541748047,24.706850073794115,24.207780342502218,24.511811001247622,25100
2008-07-18,24.810104370117188,24.907622805129026,24.597856691113883,24.907622805129026,42600
2008-07-21,24.701107025146484,24.959245028514363,24.649478986817343,24.92482779514681,22400
2008-07-22,25.234596252441406,25.234596252441406,24.506068233135384,24.67816096635683,22000
2008-07-23,25.446849822998047,25.682043790558847,25.297701147991685,25.435376679668458,32600
2008-07-24,24.850255966186523,25.595992670350476,24.844520489476395,25.595992670350476,84200
2008-07-25,24.71832847595215,24.999415094639076,24.67243588993022,24.999415094639076,21700
2008-07-28,24.2823543548584,25.010880392714483,24.2823543548584,25.010880392714483,26200
2008-07-29,24.959251403808594,24.959251403808594,24.34545245149057,24.448708554523353,16800
2008-07-30,25.337852478027344,25.34932561973703,24.982193838139157,25.1944414890733,22900
2008-07-31,25.039567947387695,25.37801808239937,25.039567947387695,25.246078002611483,16200
2008-08-01,25.01087760925293,25.096925084855144,24.884677416855407,25.01661527470812,14900
2008-08-04,24.919084548950195,25.119861181158193,24.75846499380565,25.045286878436517,12200
2008-08-05,25.57305335998535,25.601735125458436,25.11413635930228,25.246074231101208,20200
2008-08-06,25.65336036682129,25.670568986563257,25.44111051137208,25.62467641621374,6800
2008-08-07,25.102659225463867,25.54436534603246,25.102659225463867,25.54436534603246,19700
2008-08-08,25.74514389038086,25.819716036435857,25.26901830969402,25.779561130628323,19500
2008-08-11,26.026220321655273,26.238470117310303,25.745136066424138,26.095059157786537,27900
2008-08-12,25.659088134765625,26.387616058093244,25.555832070780447,26.387616058093244,30000
2008-08-13,25.441104888916016,26.47940108669038,25.2288572686515,26.47940108669038,43500
2008-08-14,25.561573028564453,25.664829105856057,25.26901341347896,25.309168311505935,15100
2008-08-15,25.750879287719727,25.89429029038092,25.65909633354769,25.836926764627737,15400
2008-08-18,25.360794067382812,25.750872060199992,25.303430557729897,25.750872060199992,32100
2008-08-19,25.02235221862793,25.251810708165266,24.936306926260176,25.240337564860567,33900
2008-08-20,25.102659225463867,25.154287270420667,24.810101762894064,24.84452118895796,26700
2008-08-21,25.14281463623047,25.20017815422492,24.87320128744507,25.005139129454665,33400
2008-08-22,25.504201889038086,25.504201889038086,25.269008027180245,25.269008027180245,26700
2008-08-25,25.02235221862793,25.355066809629236,24.98793497699216,25.355066809629236,25500
2008-08-26,25.02808952331543,25.131345623289626,24.884678516493302,24.884678516493302,16900
2008-08-27,25.240327835083008,25.309164480097355,25.033815711762475,25.165753526488928,35100
2008-08-28,25.722204208374023,25.739412832915736,25.418173503983486,25.469801565887426,33100
2008-08-29,25.47552490234375,25.750873705166764,25.47552490234375,25.699245667870088,26500
2008-09-02,25.607463836669922,25.98033325412749,25.49273461681545,25.934440690874556,63400
2008-09-03,25.693519592285156,25.733674503954216,25.544370901847028,25.63615386970181,62800
2008-09-04,24.987930297851562,25.550101084842005,24.982192633134456,25.550101084842005,26200
2008-09-05,25.211660385131836,25.211660385131836,24.66669801459549,24.890418879021876,34000
2008-09-08,25.928693771362305,26.140941312040166,25.527142773229166,26.140941312040166,44800
2008-09-09,25.211660385131836,26.0319716802144,25.211660385131836,25.859878875907853,33900
2008-09-10,25.1256103515625,25.389486104070645,24.999410141563853,25.28049451628124,26500
2008-09-11,25.337852478027344,25.35506328473089,24.72405362036627,24.913357176159064,25400
2008-09-12,25.45831871032715,25.492735946283876,25.16575907502711,25.20591397582861,21600
2008-09-15,24.47738265991211,25.30343122569717,24.477382659912113,25.30343122569717,42900
2008-09-16,24.775684356689453,24.775684356689453,23.863590280278796,23.926691472401274,54200
2008-09-17,23.662811279296875,24.41428558891639,23.657075803041117,24.35118440871381,41100
2008-09-18,24.76420783996582,24.901883348411125,23.289943089195955,23.88653331199566,98700
2008-09-19,25.9344425201416,28.10855362134678,25.653358209363823,26.525297278170388,66100
2008-09-22,24.959251403808594,26.978478702269886,23.479250907469268,26.978478702269886,48400
2008-09-23,24.569168090820312,25.8942840347875,24.529011006560427,25.8942840347875,19900
2008-09-24,24.465591430664062,25.53610707519588,24.373006496681754,25.53610707519588,19600
2008-09-25,24.905376434326172,25.194704686005426,24.37301130338866,24.37301130338866,23000
2008-09-26,25.188915252685547,25.188915252685547,24.529247234784638,25.107903700648485,29000
2008-09-29,23.898509979248047,24.783855813057,23.79435164585876,24.639191706393998,63700
2008-09-30,24.280418395996094,24.62761350869704,23.72490886455297,24.62761350869704,18900
2008-10-01,24.465591430664062,24.587110950027487,23.886935041424902,24.01424015342518,19900
2008-10-02,23.823274612426758,24.523450289638745,23.765409875585274,24.523450289638745,25700
2008-10-03,23.429805755615234,24.587118908707822,23.360365377101925,24.587118908707822,61200
2008-10-06,22.64861488342285,22.990022304105082,21.676471794273436,22.71226745111944,62700
2008-10-07,21.300344467163086,22.914794265939438,21.26562428591015,22.914794265939438,41900
2008-10-08,20.820053100585938,21.537587873208388,20.252970199877208,20.837412082961148,35400
2008-10-09,19.240312576293945,21.178809351397636,19.037783853186706,20.60594113038142,69400
2008-10-10,20.339771270751953,20.634885033430326,17.880480717603984,18.950995169280304,92200
2008-10-13,21.149892807006836,22.098889031867238,19.790051032403067,22.098889031867238,199600
2008-10-14,21.39870262145996,23.22725583551285,20.72167603425521,23.22725583551285,139000
2008-10-15,19.633817672729492,20.9705151492701,19.587524087398382,20.9705151492701,59500
2008-10-16,20.32241439819336,20.32241439819336,18.73110912214754,19.871063062628117,147300
2008-10-17,20.10252571105957,20.912643403192494,19.7495449292263,19.917353619321524,73200
2008-10-20,20.976285934448242,20.976285934448242,20.137234055590696,20.409203158901274,94400
2008-10-21,20.54808235168457,21.05730046691712,20.409206088601948,20.825839292646616,111000
2008-10-22,19.570161819458008,20.18353847798375,18.88156140846535,20.18353847798375,158300
2008-10-23,19.674318313598633,19.842129205460985,18.586443624069087,19.47178944921239,62100
2008-10-24,18.99150276184082,19.57015915850239,18.563298264454684,19.57015915850239,131000
2008-10-27,18.528573989868164,19.338691441661815,18.522786191037635,18.846834496194187,49300
2008-10-28,20.559659957885742,20.559659957885742,18.37812629897045,19.240324151039253,91300
2008-10-29,19.96364974975586,20.831634521484375,19.96364974975586,20.183539843332255,150300
2008-10-30,20.484439849853516,20.82005945344089,19.9636481457016,20.82005945344089,91800
2008-10-31,20.67539405822754,20.958936681269506,20.316627688324715,20.57123572383654,92500
2008-11-03,20.75640106201172,20.889491747400417,20.640669359421967,20.877920563800206,87500
2008-11-04,21.583881378173828,21.589669177807675,21.103597756307728,21.26562082767478,101000
2008-11-05,20.39763832092285,21.508657561404572,20.345559156062833,21.508657561404572,117600
2008-11-06,19.4602108001709,20.432353501470683,19.39077045907915,20.426565702680467,121900
2008-11-07,20.021507263183594,20.021507263183594,19.56437046001311,19.697461145229692,82700
2008-11-10,19.79004669189453,20.652243377187464,19.52386531303891,20.6348843938617,140100
2008-11-11,19.50650405883789,19.79004662749529,19.15931114906025,19.54122423277513,71400
2008-11-12,18.569082260131836,19.217176750581718,18.493856316963928,19.217176750581718,126300
2008-11-13,19.871061325073242,19.871061325073242,17.938348815960854,18.864198194470184,136200
2008-11-14,18.99150276184082,19.94049889918196,18.933638005134252,19.691676472025566,84700
2008-11-17,18.661664962768555,19.24032124068386,18.528574283735857,18.869981576001827,101800
2008-11-18,18.655879974365234,19.095657788542965,18.100369355683988,19.095657788542965,238600
2008-11-19,17.637447357177734,18.97414447752944,17.637447357177734,18.97414447752944,101900
2008-11-20,16.497493743896484,17.920987927701002,16.335469558027086,17.49856902961587,218200
2008-11-21,17.37126350402832,17.37126350402832,16.12136590423155,17.35969011239887,148700
2008-11-24,18.331830978393555,18.77739657526961,17.51013902330624,17.83418622844371,223500
2008-11-25,18.667449951171875,19.026218421214967,18.29711140215425,19.026218421214967,65900
2008-11-26,19.217180252075195,19.217180252075195,18.204531460499187,18.204531460499187,66600
2008-11-28,19.529651641845703,19.529651641845703,19.153524134672868,19.15931193426562,49400
2008-12-01,17.770532608032227,19.529648108141146,17.735813542653528,19.529648108141146,133400
2008-12-02,18.580657958984375,18.62694932463621,17.822617255768904,18.169811327753912,123600
2008-12-03,19.182458877563477,19.23453803733799,18.198742641488643,18.26239408944685,83400
2008-12-04,18.684818267822266,19.29819272384885,18.389703330596525,18.95099971883,86700
2008-12-05,19.408138275146484,19.408138275146484,18.169812695319678,18.43599524189913,141700
2008-12-08,19.830556869506836,20.50179826534737,19.616454600397134,20.50179826534737,252600
2008-12-09,19.29819107055664,19.992579228504816,19.246111903525552,19.992579228504816,249500
2008-12-10,19.489145278930664,19.784259034581194,19.18824372386419,19.784259034581194,110500
2008-12-11,18.875764846801758,19.4717822408068,18.76582096217862,19.454421053572855,250400
2008-12-12,18.968358993530273,19.07830513912065,18.31447764691637,18.586445799277964,185600
2008-12-15,18.74846839904785,19.066728980217697,18.517004954161234,19.049367787041845,79900
2008-12-16,19.72060775756836,19.73796674019554,18.93363483662334,19.72060775756836,67700
2008-12-17,19.500717163085938,19.743751742201542,19.350265293482295,19.697460387445563,92900
2008-12-18,19.15351676940918,19.703240527195412,19.0262139235056,19.703240527195412,138200
2008-12-19,19.14195442199707,19.547012128681054,19.072514065937863,19.390774638646256,376500
2008-12-22,18.873092651367188,19.270544134757177,18.545779009269026,19.270544134757177,467900
2008-12-23,18.744497299194336,19.0951885958799,18.674359485785402,19.07765469993789,283000
2008-12-24,18.756193161010742,18.80879709489769,18.604226364761868,18.680209205475908,68000
2008-12-26,18.884782791137695,18.97245453593603,18.71528096302907,18.97245453593603,76000
2008-12-29,18.756193161010742,18.86140102878464,18.50486350239994,18.86140102878464,109800
2008-12-30,19.25300407409668,19.25300407409668,18.849708781899018,18.89062270010858,191500
2008-12-31,19.638771057128906,19.697221120952726,19.241319541694743,19.387441356791363,204200
2009-01-02,20.094661712646484,20.182333416259716,19.46341474435567,19.632916492838287,520300
2009-01-05,19.90763282775879,20.082978524153635,19.7615110424895,20.018684581892508,454300
2009-01-06,19.977764129638672,20.188179788384012,19.831642392136715,20.094661965568392,266500
2009-01-07,19.35822105407715,19.69137867633,19.27639317908766,19.685534783677483,133000
2009-01-08,19.422504425048828,19.422504425048828,19.17702093400982,19.2646926538204,209100
2009-01-09,19.007524490356445,19.504337731014477,18.97245445480201,19.498493839909628,310000
2009-01-12,18.53993797302246,18.99583849831769,18.42304117423318,18.99583849831769,201200
2009-01-13,18.528244018554688,18.633450774315694,18.35289719597803,18.481485088831743,310100
2009-01-14,17.932064056396484,18.26522151852304,17.791787288912708,18.26522151852304,478100
2009-01-15,17.803482055664062,18.008052827110614,17.254064813839744,17.90284493809119,285900
2009-01-16,17.81516456604004,18.16001200600725,17.38848929788418,18.154167001876555,315200
2009-01-20,16.80400276184082,17.651509434018415,16.786467748927837,17.610594403888122,297700
2009-01-21,17.511232376098633,17.540457398981687,16.698795691900468,17.107937093698173,218700
2009-01-22,17.183916091918945,17.45278066838902,16.827379810810456,17.16053719364611,238300
2009-01-23,17.289121627807617,17.347570537967066,16.733858653523185,16.75723866351506,395100
2009-01-26,17.31250762939453,17.674888991121367,17.148850847272996,17.347576541698924,249800
2009-01-27,17.528764724731445,17.639817565161167,17.3125051623804,17.41186799543426,588400
2009-01-28,18.14248275756836,18.224310606725936,17.89115308964627,17.961290927546816,195700
2009-01-29,17.452789306640625,17.87946472339122,17.44694430047434,17.861929704892354,126000
2009-01-30,17.090404510498047,17.57552881114289,16.938437714355945,17.534614888108628,349300
2009-02-02,17.014419555664062,17.113782405609573,16.751399919096343,16.809848851091463,181800
2009-02-03,17.143001556396484,17.271588279241783,16.92674090248085,17.17807045993241,408600
2009-02-04,16.979345321655273,17.446935546969765,16.950121420307035,17.294968807354085,158000
2009-02-05,17.15469741821289,17.289129190005397,16.646193126674177,16.850763844300573,315600
2009-02-06,17.709959030151367,17.785942978935786,17.213145877299418,17.218989767371426,335300
2009-02-09,17.791790008544922,17.920376786355515,17.610598180713534,17.709961045555616,225700
2009-02-10,16.80400276184082,17.715802251724853,16.71632992691707,17.59306050579572,442600
2009-02-11,17.03780174255371,17.107940697426937,16.786472066920872,16.944283879269985,465900
2009-02-12,16.985193252563477,17.0085732695283,16.424086223254616,16.82153759309201,524700
2009-02-13,16.722185134887695,17.05534277977888,16.710495119145943,16.99104880802049,524900
2009-02-17,15.938956260681152,16.535133100038024,15.927266256422353,16.535133100038024,302200
2009-02-18,15.798680305480957,16.050008720078317,15.681782486973177,16.02662982526889,275700
2009-02-19,15.582425117492676,16.00910040885828,15.535666196724124,16.003255404409636,277900
2009-02-20,15.301873207092285,15.488908909897084,14.892731771091242,15.284338191896563,451800
2009-02-23,14.828435897827148,15.506440738577462,14.805055882370691,15.447991814756815,198100
2009-02-24,15.47137451171875,15.50644454350883,14.82259453109305,14.91026738092671,205800
2009-02-25,15.342785835266113,15.652564388704056,15.044697290973895,15.372009743309794,229000
2009-02-26,15.184974670410156,15.722702849834766,15.155750761184525,15.605806098111568,147100
2009-02-27,14.758305549621582,15.062239238398586,14.64140763399315,14.83428841440526,172400
2009-03-02,14.039381980895996,14.460212338661428,13.96924303052469,14.460212338661428,260000
2009-03-03,13.782205581665039,14.249794809231531,13.700377745546067,14.249794809231531,143100
2009-03-04,14.068598747253418,14.261479369276984,13.764665308058639,14.086133754644734,94200
2009-03-05,13.402289390563965,13.799740797207885,13.26785762502872,13.64192901254268,129400
2009-03-06,13.484111785888672,13.770510215720446,13.121730554191414,13.495801790735737,215100
2009-03-09,13.408130645751953,13.712063005701781,13.256163908366858,13.291232812434076,88400
2009-03-10,14.296550750732422,14.302395754210728,13.723753787703497,13.741288798138417,104300
2009-03-11,14.35500431060791,14.618023978044407,14.173813603496537,14.571265049924673,112700
2009-03-12,15.068070411682129,15.091449304450991,14.238099094215292,14.384220797186071,122200
2009-03-13,15.249268531799316,15.29602745521757,14.9336449626106,15.260958541359047,144200
2009-03-16,15.255109786987305,15.75776781147878,15.220040881748455,15.48305934327041,126000
2009-03-17,15.74024486541748,15.74024486541748,15.085618528275607,15.25512039867545,95400
2009-03-18,16.242902755737305,16.365644554784076,15.518137515840046,15.605811503526096,107200
2009-03-19,15.95649528503418,16.581897336213448,15.915581371787612,16.55851732017511,146900
2009-03-20,15.635027885437012,16.096773169317043,15.576578960097441,16.096773169317043,82700
2009-03-23,16.798160552978516,16.809850563532546,15.798688061844937,16.277967346352554,138800
2009-03-24,16.424097061157227,16.83908260273756,16.389028127389345,16.622822877210748,113600
2009-03-25,16.69594955444336,16.932352154541697,16.116762902388302,16.701859760352882,120000
2009-03-26,16.95599365234375,16.99145376195425,16.625028871790526,16.896892718155204,171000
2009-03-27,16.672313690185547,16.885076657191213,16.6309433637693,16.784605381355966,59600
2009-03-30,16.01628875732422,16.489093871938238,15.868537018100298,16.37089315691289,83800
2009-03-31,16.181777954101562,16.46546228985423,16.051756765355204,16.205418785104644,107400
2009-04-01,16.52455711364746,16.58956825198115,15.945370456376581,16.069482527081213,109300
2009-04-02,16.92644500732422,17.198308892006835,16.890984892715778,17.044646892361307,103900
2009-04-03,17.16284942626953,17.180578920615684,16.83188458655567,17.015097628015518,62200
2009-04-06,17.04465103149414,17.06829073788821,16.79051770603022,16.997370491449015,52400
2009-04-07,16.62502670288086,16.831879381926374,16.61911762476381,16.755048966584194,82800
2009-04-08,16.725500106811523,16.80824186550429,16.54819843166064,16.70777061565037,60800
2009-04-09,17.576553344726562,17.5883737588324,17.25741005466608,17.33424049184056,87000
2009-04-13,17.730207443237305,17.83067866383923,17.369692864502817,17.452434599105494,77300
2009-04-14,17.251502990722656,17.66520741449057,17.245592782592936,17.588376963318094,150300
2009-04-15,17.600189208984375,17.617918697885976,17.08601261296604,17.151023744955687,119400
2009-04-16,17.818866729736328,17.94888903426992,17.42880207064908,17.812956522506912,117400
2009-04-17,17.990259170532227,18.126190553624873,17.747946312929944,17.91933781177355,129900
2009-04-20,17.07419204711914,17.712479568677153,17.07419204711914,17.712479568677153,111800
2009-04-21,17.452442169189453,17.452442169189453,16.80233405549853,16.926445020351952,157000
2009-04-22,17.351964950561523,17.736119254517465,17.269223208462588,17.316503720837837,156000
2009-04-23,17.523351669311523,17.535172076038307,17.16283828219283,17.405150983811765,176400
2009-04-24,17.730207443237305,17.895689785186427,17.56472510128818,17.62382601821688,147600
2009-04-27,17.582460403442383,17.818863006944923,17.499719774030627,17.6770214448434,111500
2009-04-28,17.470169067382812,17.671111565893007,17.3342377087602,17.40515905475179,97300
2009-04-29,17.76567268371582,17.960704976941752,17.623831118393014,17.688842258553844,116700
2009-04-30,17.842510223388672,18.167563778755067,17.77749906141262,18.09073332781177,104400
2009-05-01,17.87206268310547,17.96662377185811,17.73022104997651,17.91934322748179,64100
2009-05-04,18.675825119018555,18.675825119018555,18.090728208573157,18.120278113514765,83500
2009-05-05,18.569440841674805,18.693551776316816,18.480790013036735,18.63445197539573,81200
2009-05-06,19.04815673828125,19.089527050958303,18.711282903903566,18.912225388840515,110300
2009-05-07,18.823572158813477,19.36729861453774,18.693549904391727,19.36729861453774,181500
2009-05-08,19.39093780517578,19.39093780517578,19.01269148359277,19.166354544910472,153300
2009-05-11,18.89449691772461,19.136810870116612,18.89449691772461,19.059979314484448,87000
2009-05-12,18.811752319335938,19.10725693959303,18.563529340125072,19.10725693959303,81300
2009-05-13,18.327129364013672,18.598992074953166,18.238478529022814,18.56944217237506,116800
2009-05-14,18.46306037902832,18.563531624100364,18.220747575135135,18.31530861434923,65200
2009-05-15,18.238475799560547,18.545798573052974,18.143914772754204,18.468968161493954,95600
2009-05-18,18.7999324798584,18.81766309578905,18.463058667970778,18.5044289778859,81900
2009-05-19,18.723100662231445,18.924043118694648,18.711280252496827,18.829482095330356,70800
2009-05-20,18.57535743713379,19.030433275213287,18.55171660682776,18.92996087366951,58100
2009-05-21,18.30348777770996,18.392139736264525,18.12027590939305,18.374409119102317,80300
2009-05-22,18.291675567626953,18.451246674773266,18.220754198806546,18.41578655399152,56900
2009-05-26,18.723100662231445,18.7762913787809,18.1852844191259,18.191194623993205,72700
2009-05-27,18.315319061279297,18.788125654291868,18.303498642821125,18.746754189688264,56500
2009-05-28,18.587175369262695,18.62263548272785,18.197110739375894,18.492614315184483,81100
2009-05-29,18.87676429748535,18.87676429748535,18.557619969608254,18.711281928150218,46400
2009-06-01,19.337749481201172,19.414578766838556,19.08361629452305,19.18999773334239,103100
2009-06-02,19.296382904052734,19.36730312547724,19.207730936387208,19.243192174356057,64700
2009-06-03,19.000873565673828,19.17817519250572,18.859030911500813,19.160443451663777,62100
2009-06-04,19.19590950012207,19.24319114822594,18.947687611115967,19.089528046401433,86800
2009-06-05,19.154539108276367,19.467772134909392,19.059978066961886,19.467772134909392,94100
2009-06-08,19.130901336669922,19.237282806936097,18.91222931646209,19.07180152186135,66300
2009-06-09,19.20181655883789,19.296377579482147,19.06588297805624,19.195905226884307,75000
2009-06-10,19.130901336669922,19.390945932659868,18.929958810001978,19.390945932659868,94800
2009-06-11,19.325937271118164,19.56233881529331,19.201826291337685,19.201826291337685,62800
2009-06-12,19.373212814331055,19.385033227359393,19.178181635646656,19.243192780045877,80900
2009-06-15,18.91222381591797,19.195906902615206,18.82357299223213,19.195906902615206,84700
2009-06-16,18.64627456665039,18.977239372247592,18.616724660948368,18.97132803839921,71200
2009-06-17,18.533987045288086,18.693558140257615,18.427605563803848,18.640368526772324,55600
2009-06-18,18.752656936645508,18.79993746440664,18.50443388408538,18.58126544623266,80900
2009-06-19,18.79402732849121,18.947690453365965,18.705376479511447,18.947690453365965,90600
2009-06-22,18.285762786865234,18.66991723517929,18.22666184237305,18.62854691221179,317600
2009-06-23,18.256210327148438,18.356681586772147,18.16755948095262,18.256210327148438,257100
2009-06-24,18.39337921142578,18.584231212246817,18.297953211015265,18.429163677187812,140100
2009-06-25,18.763160705566406,18.763160705566406,18.268137742841944,18.321815027510574,66900
2009-06-26,18.721412658691406,18.828767232039933,18.608094953550687,18.679663910737663,52000
2009-06-29,18.93612289428711,18.959979973100015,18.673700715185785,18.822804045062064,60100
2009-06-30,18.822799682617188,19.05540159686179,18.685624923939518,18.971902977936708,74200
2009-07-01,18.91822624206543,19.061365273160735,18.858585832284973,18.858585832284973,46100
2009-07-02,18.435129165649414,18.697551252946383,18.41127323275027,18.697551252946383,70100
2009-07-06,18.42917251586914,18.42917251586914,18.154822917502006,18.274104906439288,78600
2009-07-07,18.0832462310791,18.417237271113233,18.0832462310791,18.417237271113233,64700
2009-07-08,18.035537719726562,18.23831832895687,17.808901170475785,18.2144623889364,88300
2009-07-09,18.053430557250977,18.16674826327645,17.987824731343967,18.142892323217218,48200
2009-07-10,17.999759674072266,18.05343698026282,17.856620570086953,17.981866859485923,72200
2009-07-13,18.47092056274414,18.49477764216048,17.999754619953066,18.03553910150941,218000
2009-07-14,18.60809326171875,18.60809326171875,18.42320434106487,18.56038024874277,47200
2009-07-15,19.180652618408203,19.216438237288266,18.798948450899392,18.840697202024646,84400
2009-07-16,19.293973922729492,19.35957976531725,19.025588556591902,19.097158670102946,117600
2009-07-17,19.228364944458008,19.27607682328153,19.109081834695072,19.27607682328153,88200
2009-07-20,19.383434295654297,19.42518304904941,19.210473874368024,19.335720134553355,65100
2009-07-21,19.460962295532227,19.598137051061876,19.25221632179397,19.56831684770946,82300
2009-07-22,19.460962295532227,19.586208514693773,19.341679206986893,19.341679206986893,64500
2009-07-23,19.950023651123047,20.01562947259086,19.4967483074196,19.4967483074196,82500
2009-07-24,20.081228256225586,20.081228256225586,19.788987107353343,19.8963416488145,78400
2009-07-27,20.206483840942383,20.206483840942383,19.97984614317567,20.039486564891845,108100
2009-07-28,20.152801513671875,20.20647878985302,19.973878018113282,20.087195701102065,234600
2009-07-29,20.051406860351562,20.15876139541206,19.920197531493972,20.01562353208827,104400
2009-07-30,20.36154556274414,20.5643261345668,20.284011212452487,20.343653895421344,87700
2009-07-31,20.433115005493164,20.528541025434855,20.31383418691788,20.3436543915617,78400
2009-08-03,20.731319427490234,20.761141904141457,20.498718670478134,20.6478219531921,68800
2009-08-04,20.844646453857422,20.874466665495152,20.618008750165306,20.665722908894725,100600
2009-08-05,20.910247802734375,20.987779881347336,20.70746722187004,20.874462191357438,94400
2009-08-06,20.844646453857422,21.05339021045785,20.73729187185254,21.017606866547094,97600
2009-08-07,21.178638458251953,21.345635754390337,20.98182322280498,21.06532073330591,93800
2009-08-10,21.124950408935547,21.19652161733567,20.987775672205036,21.113024149337562,80500
2009-08-11,20.743247985839844,21.04741995698534,20.731319450193396,21.017599755436997,84100
2009-08-12,21.005680084228516,21.14881802211926,20.725365066082425,20.725365066082425,100000
2009-08-13,21.14881134033203,21.14881134033203,20.940067632218618,21.124954266508848,72200
2009-08-14,20.98778533935547,21.178637432726468,20.78500470575673,21.178637432726468,99100
2009-08-17,20.504684448242188,20.62993066196395,20.439078638634907,20.62993066196395,89000
2009-08-18,20.689571380615234,20.74324865518854,20.516613295999576,20.558362034541524,50200
2009-08-19,20.82674789428711,20.89235371044225,20.492757957694835,20.53450669976887,118500
2009-08-20,21.035505294799805,21.077254059528986,20.84465314885583,20.886401913585008,88600
2009-08-21,21.500699996948242,21.530520208289882,21.184601661481533,21.184601661481533,89200
2009-08-24,21.458946228027344,21.715404080840003,21.3754487457415,21.619978061779648,131400
2009-08-25,21.518585205078125,21.8108263427367,21.518585205078125,21.572260198613673,71500
2009-08-26,21.548416137695312,21.661733861273486,21.435096138980636,21.51859592361016,106900
2009-08-27,21.631906509399414,21.697512323820973,21.315808249152724,21.524551954007002,81800
2009-08-28,21.584192276000977,21.810829922602924,21.45298292281942,21.78100971847692,221900
2009-08-31,21.435094833374023,21.458951913243617,21.291956904429195,21.369491276437188,65300
2009-09-01,20.8983097076416,21.57225468348915,20.844632452693723,21.339654003759925,108400
2009-09-02,20.75518035888672,20.898320537973532,20.707468482615088,20.785000565948483,47200
2009-09-03,20.963926315307617,20.963926315307617,20.74325177820706,20.832714674343606,64700
2009-09-04,21.202491760253906,21.202491760253906,20.91621365736771,21.005676559891697,46500
2009-09-08,21.375444412231445,21.447013343233383,21.268089878160893,21.417193144910517,96600
2009-09-09,21.566301345825195,21.61401549416656,21.369486171756602,21.41123491398739,60800
2009-09-10,21.721372604370117,21.721372604370117,21.375454052571907,21.560343005775156,47900
2009-09-11,21.67365074157715,21.798896938434613,21.6140103454932,21.763113610838353,93400
2009-09-14,21.834688186645508,21.85854526130158,21.458947223787938,21.50069596686813,191700
2009-09-15,21.97783088684082,22.061330666383185,21.739266913557422,21.88837025003568,66000
2009-09-16,22.37145233154297,22.371452331542965,21.983785217120186,22.079211213377278,102300
2009-09-17,22.293926239013672,22.54441869303809,22.16867773686564,22.34760351846688,84900
2009-09-18,22.35356330871582,22.431097650813122,22.246208765853545,22.431097650813122,57900
2009-09-21,22.204463958740234,22.252178108515384,22.03746898479898,22.16867834640887,80000
2009-09-22,22.35356330871582,22.419169115480038,22.25813730118663,22.32374310795085,49200
2009-09-23,22.204463958740234,22.60406200013152,22.192535421296448,22.43706475105438,136100
2009-09-24,21.95043182373047,22.286745701219033,21.83632643414816,22.250711335111053,110200
2009-09-25,21.812299728393555,21.968446330076752,21.72822184638743,21.908389063679188,90600
2009-09-28,22.208662033081055,22.226678062260515,21.854332283203014,21.854332283203014,49200
2009-09-29,22.202667236328125,22.388839062410643,22.154621416080506,22.256717638631297,68000
2009-09-30,22.052528381347656,22.280739163952674,21.884370294592873,22.268729999353166,81400
2009-10-01,21.48800277709961,22.03451143879543,21.48800277709961,22.03451143879543,78900
2009-10-02,21.373889923095703,21.481990701192245,21.223750208067198,21.23576166018351,61500
2009-10-05,21.78827476501465,21.81830454085384,21.445956397190127,21.500006786370328,81900
2009-10-06,22.0765438079834,22.20866749700482,21.920399504462914,21.962438443524213,84900
2009-10-07,22.124595642089844,22.142611680606418,21.96845129606057,22.02850628508314,78700
2009-10-08,22.268728256225586,22.38883822042601,22.190654946734735,22.310767201885877,111300
2009-10-09,22.40085220336914,22.40085220336914,22.22068494578272,22.298758264085524,53100
2009-10-12,22.54497718811035,22.587016119503502,22.466903905115956,22.52695886683476,75800
2009-10-13,22.460906982421875,22.496939055356798,22.292748908572936,22.424872618536234,75100
2009-10-14,22.839252471923828,22.887298279873445,22.623050918050993,22.767186050949622,101500
2009-10-15,22.911325454711914,22.911325454711914,22.71313989640162,22.75517884071884,220700
2009-10-16,22.641075134277344,22.71314157400821,22.532974329205636,22.665098044504568,65000
2009-10-19,22.85126304626465,22.935340915997088,22.629056920407475,22.701123338613833,69200
2009-10-20,22.695125579833984,22.85727678774892,22.641075177195674,22.85126991470532,89500
2009-10-21,22.418867111206055,22.899313821760636,22.418867111206055,22.659089321008032,73800
2009-10-22,22.70713233947754,22.78520334529389,22.334784180098133,22.442884963021143,55900
2009-10-23,22.424869537353516,22.761183347891073,22.340791657456727,22.761183347891073,78900
2009-10-26,22.06454086303711,22.605042642236697,21.992472126383028,22.454902877300533,95100
2009-10-27,22.010478973388672,22.19665071857705,21.950421724174834,22.112572860627484,66200
2009-10-28,21.626123428344727,21.992464697595494,21.578079911088192,21.92640285678631,108900
2009-10-29,22.100566864013672,22.136601222433313,21.698193504271032,21.776264511088026,52000
2009-10-30,21.457975387573242,22.010490925620893,21.37389748396733,22.010490925620893,70800
2009-11-02,21.548057556152344,21.78827978152264,21.205739109512823,21.548057556152344,234100
2009-11-03,21.518030166625977,21.584089732525015,21.331856051044713,21.373894997958097,82400
2009-11-04,21.5300350189209,21.872353398632924,21.50601440474574,21.740232002343408,151500
2009-11-05,21.962444305419922,21.96845117886072,21.704203730288793,21.716215186219422,84800
2009-11-06,22.034500122070312,22.082545922618724,21.800282571771465,21.884360431781325,71500
2009-11-09,22.556995391845703,22.556995391845703,22.196658640804028,22.202665513344233,122400
2009-11-10,22.587013244628906,22.641063619676274,22.466901045529234,22.5209514205766,110800
2009-11-11,22.677087783813477,22.82722740770007,22.599016828875623,22.761167897587004,74000
2009-11-12,22.460906982421875,22.791213966379402,22.406856582068773,22.641074219948642,83800
2009-11-13,22.538972854614258,22.647073630637124,22.376821690579956,22.520956822260512,95700
2009-11-16,22.911325454711914,23.001407924984246,22.707135314763725,22.73115593226596,71000
2009-11-17,22.887298583984375,22.911321488278386,22.731151997023574,22.83925277539636,61600
2009-11-18,22.935335159301758,22.965364926054647,22.815225256088404,22.92332371079051,54600
2009-11-19,22.647077560424805,22.815235625056435,22.514956148654246,22.74917377369586,74900
2009-11-20,22.629070281982422,22.653093199219168,22.48493506951341,22.514964861535088,44100
2009-11-23,22.91732406616211,23.037436286185454,22.833246199430782,22.833246199430782,58400
2009-11-24,22.905319213867188,22.971381068459312,22.737163431960468,22.971381068459312,85000
2009-11-25,23.007408142089844,23.019419592841665,22.90531195617437,22.983385240586205,60000
2009-11-27,22.63506507873535,22.797216263544314,22.37081997624139,22.412858917752917,41400
2009-11-30,22.761178970336914,22.761178970336914,22.526959118734638,22.671094235801426,135600
2009-12-01,23.001405715942383,23.037440075160983,22.86327744203005,22.977382809796648,59600
2009-12-02,23.043445587158203,23.151546378230762,22.935344796085644,23.013418098738164,106100
2009-12-03,22.863285064697266,23.253649401387243,22.82725069346473,23.11552108142264,54800
2009-12-04,23.01942253112793,23.241628671024873,22.821237004850726,23.18757828121748,69200
2009-12-07,22.99540901184082,23.15155337337369,22.959374640278828,23.04345254963893,44400
2009-12-08,22.71314811706543,22.869294787573317,22.67110915753288,22.869294787573317,144000
2009-12-09,22.821229934692383,22.827234513499494,22.623044469814264,22.72514063713166,52500
2009-12-10,22.881290435791016,23.001402659609237,22.851262952573993,22.911320209958163,41700
2009-12-11,23.031435012817383,23.085485410417018,22.893306728051783,22.971380033684724,82000
2009-12-14,23.169559478759766,23.211598411257153,23.079474742865365,23.16355260786014,134900
2009-12-15,23.025428771972656,23.133529559381717,22.95936692511707,23.12752268733097,57100
2009-12-16,23.001405715942383,23.14554086186636,22.983389681808294,23.133529408793493,67600
2009-12-17,22.761178970336914,22.905311796453738,22.761178970336914,22.905311796453738,57200
2009-12-18,22.803220748901367,22.88129175156503,22.647074161673537,22.88129175156503,37400
2009-12-21,23.043445587158203,23.121518889810723,22.965374575456202,22.965374575456202,66700
2009-12-22,23.098562240600586,23.1954622535287,23.07433665979892,23.11673027106256,182200
2009-12-23,23.140954971313477,23.171235791024053,23.07433578178314,23.171235791024053,54400
2009-12-24,23.243907928466797,23.243907928466797,23.17123120321696,23.17123120321696,22400
2009-12-28,23.28025245666504,23.31053559168359,23.19546522328231,23.268139664713388,54300
2009-12-29,23.286304473876953,23.352923658639824,23.286304473876953,23.298417262950046,95000
2009-12-30,23.237855911254883,23.304475103453388,23.195462299906477,23.237855911254883,69100
2009-12-31,23.013763427734375,23.274182514501984,23.01376342773438,23.2560144931899,46000
2010-01-04,23.31658363342285,23.358977237025005,23.122783642590676,23.122783642590676,65600
2010-01-05,23.31658363342285,23.33475166060145,23.22573887697359,23.28630281803247,47100
2010-01-06,23.365032196044922,23.377142672636015,23.304468261700098,23.304468261700098,113100
2010-01-07,23.407424926757812,23.41348016482877,23.22573544074014,23.30446739732928,45100
2010-01-08,23.4498291015625,23.455884342364783,23.31053546032171,23.31053546032171,49300
2010-01-11,23.564882278442383,23.58305029965544,23.455869530609306,23.558827041463818,58100
2010-01-12,23.42559814453125,23.50433011857469,23.37109174869784,23.437710933636264,55800
2010-01-13,23.625457763671875,23.661796137715505,23.437715273476606,23.51644726209844,97100
2010-01-14,23.66179656982422,23.679964602038456,23.570951788195515,23.583064579764592,46400
2010-01-15,23.4498291015625,23.61940356737236,23.316590701123996,23.61940356737236,77700
2010-01-19,23.704185485839844,23.704185485839844,23.42559826581704,23.437711054984767,80500
2010-01-20,23.492216110229492,23.56489053080949,23.316584142739497,23.56489053080949,85300
2010-01-21,23.031936645507812,23.51643888573217,23.013768620096666,23.486155763009723,96100
2010-01-22,22.614057540893555,23.025883088998288,22.614057540893555,22.96531914940755,122400
2010-01-25,22.72307586669922,22.85025670545697,22.668569462906095,22.85025670545697,136400
2010-01-26,22.662508010864258,22.819971954837797,22.559552771578524,22.638284743565293,70400
2010-01-27,22.72307586669922,22.735188657573097,22.47476942948134,22.583782237067595,75000
2010-01-28,22.505062103271484,22.819987901004396,22.359710846517892,22.783649509246032,66800
2010-01-29,22.305191040039062,22.698846277690173,22.25673988509714,22.589833489349072,121300
2010-02-01,22.57166290283203,22.57166290283203,22.408143738855674,22.444482100943077,85600
2010-02-02,22.904767990112305,22.91688078356734,22.559561462620707,22.589842291118735,64200
2010-02-03,22.729129791259766,22.844200142761117,22.680680940847488,22.783636191897642,65800
2010-02-04,22.111385345458984,22.58377479271048,22.10533010715737,22.58377479271048,86200
2010-02-05,22.117441177368164,22.178002796795244,21.705615696486486,22.178002796795244,197300
2010-02-08,21.923641204833984,22.184060326656056,21.923641204833984,22.1234963970011,81800
2010-02-09,22.214353561401367,22.347591970888228,22.044779084075536,22.178015183283414,69000
2010-02-10,22.19012451171875,22.274911737144883,22.008437270051523,22.19012451171875,33500
2010-02-11,22.389984130859375,22.408152163594686,22.050832888034318,22.14773291308736,82500
2010-02-12,22.377859115600586,22.377859115600582,22.093214436740283,22.15377836324118,160800
2010-02-16,22.729129791259766,22.753355371605156,22.468710578243083,22.56561058934614,108100
2010-02-17,22.807861328125,22.85631248787233,22.73518689878246,22.85025493776469,67000
2010-02-18,22.97137451171875,22.977429749962354,22.771516995512094,22.807855355807263,63800
2010-02-19,23.0258846282959,23.07433347292926,22.862365445886635,22.92292707924789,58800
2010-02-22,22.989545822143555,23.116726635935173,22.947152217546346,23.092503369221184,99800
2010-02-23,22.75335693359375,22.99560813312087,22.72307611122252,22.959269760108207,86400
2010-02-24,22.941102981567383,22.97138380559226,22.753358176167083,22.832090166854794,72400
2010-02-25,22.868404388427734,22.868404388427734,22.571649362044237,22.65038127752982,92900
2010-02-26,22.850248336791992,22.92898029349811,22.759405903925963,22.898699482542767,45200
2010-03-01,23.050111770629883,23.074335039451977,22.928986185405893,22.94109897495613,122100
2010-03-02,23.122779846191406,23.19545425325194,23.074328701299223,23.165173442833197,240300
2010-03-03,23.11067008972168,23.249963684131146,23.080389275333193,23.195457294120654,89300
2010-03-04,23.18334197998047,23.207567552962573,23.062218735625542,23.12883559590963,170100
2010-03-05,23.46798324584961,23.486151267783416,23.25601528903034,23.334744924261805,74800
2010-03-08,23.46798324584961,23.516434384709708,23.43770243920078,23.498264052498442,106600
2010-03-09,23.50432777404785,23.583057429959812,23.407427781151693,23.407427781151693,133200
2010-03-10,23.564882278442383,23.595163083889933,23.48009509907829,23.516433451781772,159600
2010-03-11,23.6375675201416,23.6375675201416,23.42559947446561,23.504331452978878,121800
2010-03-12,23.643617630004883,23.746572845427156,23.564885676266982,23.746572845427156,69700
2010-03-15,23.722347259521484,23.74051759362121,23.583053686237967,23.625447282007833,151600
2010-03-16,23.90403938293457,23.916152170248314,23.728407432302234,23.81319463322048,67900
2010-03-17,24.043338775634766,24.109957966803098,23.952494003990946,23.97671958446643,105500
2010-03-18,24.06151008605957,24.0796781187537,23.970667612310077,24.0796781187537,65200
2010-03-19,23.9646053314209,24.146292553339777,23.861650086102273,23.9646053314209,66700
2010-03-22,24.079673767089844,24.109956896479087,23.831367353935562,23.837424903924774,126300
2010-03-23,24.285573959350586,24.285573959350586,24.04332522199111,24.134167632146962,118200
2010-03-24,24.116010665893555,24.2129106673075,24.079672299008976,24.194742639004346,67700
2010-03-25,24.030120849609375,24.29204630205322,24.024028263101794,24.255497753930502,223900
2010-03-26,24.036205291748047,24.17021427877147,23.957020275452713,24.072753831019988,115300
2010-03-29,24.170215606689453,24.20676414796938,24.103211109496495,24.127576803683112,106700
2010-03-30,24.17630386352539,24.26158378610647,24.115391956750628,24.21894266299578,80200
2010-03-31,24.109317779541016,24.188502846446752,24.060586362698853,24.103225190614822,107000
2010-04-01,24.267681121826172,24.334685632995697,24.13976468612488,24.243315422557075,79200
2010-04-05,24.41387367248535,24.432146785624663,24.27377205961383,24.36514227259247,95800
2010-04-06,24.432147979736328,24.474786794906038,24.322504648259606,24.365143463429316,163300
2010-04-07,24.27985954284668,24.4199588026286,24.182399087187928,24.401685693330254,159200
2010-04-08,24.34687042236328,24.40778235174794,24.176312837532137,24.218951652829634,84200
2010-04-09,24.535707473754883,24.541800063032454,24.377335007167698,24.43215669245595,66200
2010-04-12,24.59661102294922,24.63315724811072,24.541789361565993,24.584428173348392,80300
2010-04-13,24.62097930908203,24.633162161112683,24.45042402793575,24.57834048879546,93300
2010-04-14,24.828075408935547,24.828075408935543,24.639247070410185,24.71234183617353,134400
2010-04-15,24.858545303344727,24.90118413026099,24.767175060728857,24.79154076857866,100800
2010-04-16,24.590526580810547,24.840269271240807,24.474792956732724,24.797630445336257,99800
2010-04-19,24.68798828125,24.68798828125,24.450428432956752,24.49306726092519,98700
2010-04-20,24.858545303344727,24.876818422411183,24.767175060728857,24.834179595494923,115800
2010-04-21,24.828075408935547,24.913355346573603,24.718434422110885,24.913355346573603,102000
2010-04-22,24.82198715209961,24.834170001317915,24.52351315535335,24.645339323895513,68900
2010-04-23,24.96209144592285,24.96209144592285,24.718441383545837,24.809809285571706,74500
2010-04-26,24.901180267333984,25.047369844470794,24.88899741529901,24.998640759972336,118400
2010-04-27,24.40777587890625,24.907261003050795,24.334681118300857,24.815893133204185,114700
2010-04-28,24.54179573059082,24.627073376286656,24.383420968320056,24.48697405498041,109600
2010-04-29,24.846349716186523,24.882895935590266,24.67579217228685,24.706250453310773,84800
2010-04-30,24.517433166503906,24.92554832995227,24.517433166503906,24.876819236300197,95100
2010-05-03,24.828075408935547,24.87071653957493,24.60269852570816,24.657520180940843,85300
2010-05-04,24.32859992980957,24.6270740212028,24.218956575717495,24.61489116812128,213300
2010-05-05,24.151945114135742,24.328590607022676,24.054484650472325,24.182401073347922,171700
2010-05-06,23.390541076660156,25.224017289754894,10.379552747995533,24.048398810006734,417500
2010-05-07,23.122526168823242,23.536733893545406,22.830144655544373,23.341812884692825,213000
2010-05-10,24.024032592773438,24.261594712923774,23.78647279626445,23.999669213275055,149500
2010-05-11,23.993568420410156,24.237220721201158,23.749918443259705,23.749918443259705,153700
2010-05-12,24.267681121826172,24.273771384822957,24.036211626051713,24.066667588317596,65900
2010-05-13,24.024032592773438,24.2798678284579,23.969210922529722,24.237229009784045,76600
2010-05-14,23.60372543334961,23.89001652410614,23.445353072198603,23.81082918171042,151900
2010-05-17,23.664644241333008,23.74383160680973,23.268712061231625,23.664644241333008,122400
2010-05-18,23.39663314819336,23.90830134638653,23.341811472542606,23.896118493615077,141300
2010-05-19,23.27480125427246,23.420993128149696,23.000692943028273,23.31134980365202,156100
2010-05-20,22.45247459411621,22.891047812995367,22.45247459411621,22.891047812995367,215900
2010-05-21,22.629133224487305,22.65958919622603,21.92863425628809,22.147920970633642,260500
2010-05-24,22.355022430419922,22.66567702661449,22.348929842541555,22.54385082910314,87000
2010-05-25,22.312379837036133,22.336743213505642,21.70934153932551,21.812894602974875,230800
2010-05-26,22.14182472229004,22.58039807848958,22.12964419452122,22.37938683932567,78100
2010-05-27,22.848413467407227,22.848413467407227,22.452481259395885,22.452481259395885,118100
2010-05-28,22.58648681640625,22.86059279367141,22.543845681917823,22.86059279367141,86400
2010-06-01,22.30019760131836,22.720495483419402,22.300197601318356,22.397658080804444,77400
2010-06-02,22.81186866760254,22.81186866760254,22.318473618960034,22.318473618960034,162800
2010-06-03,22.872777938842773,22.94587271854092,22.702222678333378,22.884960789399322,55500
2010-06-04,22.07481575012207,22.519479233736515,22.019994097422174,22.513386648080637,126300
2010-06-07,21.831165313720703,22.214916915486562,21.831165313720703,22.172278106806,106600
2010-06-08,22.11136245727539,22.135728153155213,21.715430355611236,21.855529621459226,65500
2010-06-09,22.050453186035156,22.379383148943948,22.00172178843048,22.2636472414533,70800
2010-06-10,22.623035430908203,22.623035430908203,22.342836837552525,22.342836837552525,59900
2010-06-11,22.690038681030273,22.690038681030273,22.428113216404952,22.489025142468083,59000
2010-06-14,22.67177391052246,22.97024571115858,22.67177391052246,22.939789736920062,63000
2010-06-15,23.165163040161133,23.165163040161136,22.8118696127839,22.884964404027208,51400
2010-06-16,23.152978897094727,23.219983420183446,23.018972174558684,23.037245290440556,72700
2010-06-17,23.201711654663086,23.23826021219538,22.939786134785457,23.21389450717385,101900
2010-06-18,23.219982147216797,23.274803815498366,23.165160478935224,23.262620964364544,59500
2010-06-21,23.14079475402832,23.50018069329298,23.055514804738227,23.50018069329298,95600
2010-06-22,22.799678802490234,23.268708002908234,22.79358621655558,23.165154954785468,90100
2010-06-23,22.70222282409668,22.830139270300034,22.641308570922817,22.82404900680323,40600
2010-06-24,22.372699737548828,22.65496582791845,22.360426993517116,22.630422680641605,67200
2010-06-25,22.384984970092773,22.50157259225803,22.25612459704888,22.446348724485976,56000
2010-06-28,22.37884521484375,22.532251058453507,22.31134626912947,22.48929760950577,90700
2010-06-29,21.795902252197266,22.15794013195119,21.691585062715266,22.05976048697321,161000
2010-06-30,21.6118106842041,21.955438191315896,21.574992448104908,21.795897183126396,167000
2010-07-01,21.568857192993164,21.648626526499143,21.27431598649462,21.648626526499143,122100
2010-07-02,21.501359939575195,21.642493010760973,21.360226868389418,21.630220264468253,79900
2010-07-06,21.587265014648438,21.820442493104746,21.409313719490026,21.740670819277387,72600
2010-07-07,22.20089340209961,22.213166150221753,21.636358692417833,21.636358692417833,47300
2010-07-08,22.446340560913086,22.446340560913086,22.243843756243987,22.403384778066613,89200
2010-07-09,22.5506591796875,22.575204676638048,22.3911181310838,22.440206784197468,47400
2010-07-12,22.587480545043945,22.60588849990577,22.42180192892428,22.519981589500258,36500
2010-07-13,22.924968719482422,22.986330118137936,22.777698085606946,22.82678907716121,87000
2010-07-14,22.8697452545166,22.931106660497306,22.728612148130914,22.808381507748308,80300
2010-07-15,22.894285202026367,22.943373846750845,22.612016716909284,22.863602165688167,64200
2010-07-16,22.36043930053711,22.826794467274247,22.323623388965352,22.808384170700503,98200
2010-07-19,22.458608627319336,22.5445178432772,22.30520282428905,22.452473425144312,86600
2010-07-20,22.734750747680664,22.734750747680664,22.231579652973732,22.26839790653324,53300
2010-07-21,22.47089195251465,22.906566417248946,22.348166784149885,22.906566417248946,73900
2010-07-22,22.93724250793457,23.00474145399016,22.740883214384173,22.740883214384173,79800
2010-07-23,23.13359832763672,23.152006277146775,22.86360258395817,22.937239063572537,113800
2010-07-26,23.391321182250977,23.391321182250977,23.127462957469664,23.244052890756045,73600
2010-07-27,23.428136825561523,23.550861948712633,23.348365144395245,23.550861948712633,77300
2010-07-28,23.287002563476562,23.41586288284757,23.225638834642574,23.39745493459083,54200
2010-07-29,23.182695388793945,23.458826435618302,23.01088155556453,23.434280933503267,43900
2010-07-30,23.188823699951172,23.268593038875654,22.91882796578528,23.023145137836735,45700
2010-08-02,23.630640029907227,23.66132307763473,23.428145491475494,23.557005865094585,76000
2010-08-03,23.544734954833984,23.655187381081806,23.48337353615767,23.581553210512617,69600
2010-08-04,23.673593521118164,23.685863930067704,23.520187660584597,23.63677527190655,83000
2010-08-05,23.612226486206055,23.624499234235202,23.495638891110154,23.55086508684765,63800
2010-08-06,23.56927490234375,23.59382040034309,23.28700869771389,23.372915599924063,81100
2010-08-09,23.716535568237305,23.753351458954494,23.618355958347223,23.710398025926743,84000
2010-08-10,23.60609245300293,23.716544849954282,23.397460407737864,23.501775259976668,78900
2010-08-11,23.04768943786621,23.268591835137347,23.010871201260922,23.21950319378383,115000
2010-08-12,22.967920303344727,23.004738544023414,22.495430081510307,22.78996898457843,118600
2010-08-13,22.900413513183594,23.004730655608878,22.857460084180925,22.894278312234494,71200
2010-08-16,22.888147354125977,22.93723833898477,22.636561908692144,22.82064842033863,79000
2010-08-17,23.17041778564453,23.30541567821955,23.023149485369448,23.145874629456973,60200
2010-08-18,23.194961547851562,23.287005984229992,23.023147763451565,23.2133718395996,103500
2010-08-19,22.808378219604492,23.133600178622224,22.70406337631821,23.133600178622224,124000
2010-08-20,22.728612899780273,22.759293603785256,22.581342243453626,22.753158399299327,99900
2010-08-23,22.6856632232666,22.949521535060676,22.67952567697108,22.875885024242752,74000
2010-08-24,22.427932739257812,22.56906582738401,22.292937195408182,22.51997717710795,102400
2010-08-25,22.501569747924805,22.56906869883111,22.15180458485357,22.305210440263323,95700
2010-08-26,22.39112091064453,22.64270643365008,22.299076456047597,22.64270643365008,120400
2010-08-27,22.716333389282227,22.72246859194222,22.24384319770549,22.550654828018672,95300
2010-08-30,22.39725112915039,22.69179004118722,22.38497838188379,22.667244546654018,82500
2010-08-31,22.415658950805664,22.507703384382474,22.243845171635275,22.317479314024414,79100
2010-09-01,22.99859619140625,23.004733733962958,22.64269596907596,22.71019255169334,82000
2010-09-02,23.164283752441406,23.164283752441406,23.004742695616144,23.084512053635002,79200
2010-09-03,23.403593063354492,23.42813855795714,23.23791448596743,23.34223166763508,68500
2010-09-07,23.158145904541016,23.348367642026037,23.1336004091277,23.348367642026037,88200
2010-09-08,23.262466430664062,23.35451089055199,23.201105017930676,23.201105017930676,69000
2010-09-09,23.391321182250977,23.556999765773238,23.342232532015096,23.556999765773238,100500
2010-09-10,23.4895076751709,23.520190723903973,23.391328005273795,23.471099718561433,82100
2010-09-13,23.72881507873535,23.747225371946616,23.61222747873873,23.747225371946616,129600
2010-09-14,23.6981201171875,23.80857244683954,23.593805328508367,23.685847376027713,123700
2010-09-15,23.77790069580078,23.79630864406185,23.563133496798635,23.667448324660562,56700
2010-09-16,23.771759033203125,23.79016697646173,23.661306692078934,23.734940805899637,72600
2010-09-17,23.79631805419922,23.900635264099783,23.728819096167296,23.869954557936502,125500
2010-09-20,24.133804321289062,24.170620219368004,23.8147199401452,23.894489279840908,144200
2010-09-21,24.09084701538086,24.244252823107086,24.017212883092586,24.18902663869417,96400
2010-09-22,23.998811721801758,24.176763070875598,23.931312772788402,24.09699137287913,138200
2010-09-23,23.808591842651367,23.992678428443334,23.747230427650024,23.82700213978212,99600
2010-09-24,24.220191955566406,24.226373472993217,24.016246674086204,24.07186854313683,88700
2010-09-27,24.115121841430664,24.275805878559964,24.10276116818112,24.275805878559964,141200
2010-09-28,24.244909286499023,24.288170471074583,23.929720319225982,24.170747592592026,127100
2010-09-29,24.14603042602539,24.238734327640778,24.078047879181856,24.21401297286892,106300
2010-09-30,24.07803726196289,24.399407659614194,24.003875587907086,24.312885313622903,101400
2010-10-01,24.18310546875,24.288167659827955,24.071861761986597,24.201645300691414,439900
2010-10-04,23.99151611328125,24.220182661606692,23.898812247917224,24.15838165640216,112700
2010-10-05,24.45503044128418,24.49211245851105,24.19546339336771,24.238724568020455,81100
2010-10-06,24.5168399810791,24.516839981079098,24.405598605785258,24.455038955076073,230200
2010-10-07,24.467391967773438,24.646618187623726,24.374688100248868,24.646618187623726,108600
2010-10-08,24.609529495239258,24.658972173192605,24.430303323993353,24.541546991831733,470100
2010-10-11,24.60336685180664,24.68370772106658,24.547744980556867,24.68370772106658,72400
2010-10-12,24.671344757080078,24.714608304094806,24.442678133157695,24.566282541987473,83000
2010-10-13,24.794950485229492,24.918554900636163,24.714609619139573,24.8011320026568,145100
2010-10-14,24.764039993286133,24.8567438568801,24.64043562767991,24.794940495298395,358600
2010-10-15,24.726964950561523,24.918551889166004,24.603362907650606,24.912372730043597,1166200
2010-10-18,24.869112014770508,24.906191685323282,24.68988574857244,24.751686771198997,515600
2010-10-19,24.56009864807129,24.75168320514616,24.417952072905504,24.652800168655325,205300
2010-10-20,24.807308197021484,24.893830570195693,24.61572361572369,24.64662412649193,116200
2010-10-21,24.856748580932617,25.042153985799864,24.714604358615805,24.912370438148553,201000
2010-10-22,24.856748580932617,24.906188922036986,24.81348739838218,24.90000976348305,193200
2010-10-25,24.912370681762695,25.07923625504226,24.887649332189948,25.054514905469514,96600
2010-10-26,24.912370681762695,24.937089673777788,24.794945450070973,24.856748824002842,184400
2010-10-27,24.81966209411621,24.825841251559073,24.57245336037203,24.825841251559073,141700
2010-10-28,24.862926483154297,24.98034935020669,24.733142942060997,24.95563035968238,157800
2010-10-29,24.869112014770508,24.893831009286394,24.78876879930967,24.850569821936226,86300
2010-11-01,24.844388961791992,25.103956068122436,24.720784567443232,24.99271234896432,128900
2010-11-02,25.029781341552734,25.066863347816117,24.96179884218145,25.023602185953756,126000
2010-11-03,25.079233169555664,25.09777300067545,24.84438509262312,25.09777300067545,88700
2010-11-04,25.51803207397461,25.536571909172093,25.283183945389013,25.34498496775254,471400
2010-11-05,25.55511474609375,25.5736569410271,25.450052524223487,25.5736569410271,178700
2010-11-08,25.468595504760742,25.49331686268404,25.375893948886052,25.49331686268404,138700
2010-11-09,25.332626342773438,25.573653627655535,25.26464380446149,25.573653627655535,157200
2010-11-10,25.369709014892578,25.37589053232036,25.141042378785478,25.37589053232036,171500
2010-11-11,25.332626342773438,25.344984661050283,25.184300590314837,25.246101611930502,125400
2010-11-12,25.085405349731445,25.252270856066822,24.98652234866863,25.196649020621695,128800
2010-11-15,25.097774505615234,25.28317990060267,25.091592989833067,25.196657540112366,384500
2010-11-16,24.745506286621094,24.992712721445148,24.615722731521632,24.992712721445148,243100
2010-11-17,24.745506286621094,24.819667981312534,24.689884426213073,24.788767471654246,221800
2010-11-18,25.073060989379883,25.134862021160586,24.974177923995803,24.974177923995803,190100
2010-11-19,25.128671646118164,25.128671646118164,24.912365773864423,25.03596778226245,133500
2010-11-22,25.079233169555664,25.091591485263944,24.81348458823769,25.042151149758727,135500
2010-11-23,24.75786590576172,24.869109621831818,24.66516202318408,24.869109621831818,236800
2010-11-24,25.05451202392578,25.054512023925785,24.906186301106036,24.9185469744708,93200
2010-11-26,24.875293731689453,24.967997632719005,24.825851022458192,24.900015086305086,52300
2010-11-29,24.844388961791992,24.8876501461804,24.56010050508025,24.77022726820583,124000
2010-11-30,24.733139038085938,24.844382729337493,24.615716189568026,24.665156520370306,105300
2010-12-01,25.270824432373047,25.295545785479295,25.091598158689752,25.116319511795997,100600
2010-12-02,25.542757034301758,25.54275703430176,25.289366677165003,25.332630228000664,133500
2010-12-03,25.598371505737305,25.616913697459893,25.450048117303115,25.450048117303115,169600
2010-12-06,25.5612850189209,25.60454619213741,25.5056631737058,25.57364569091949,98700
2010-12-07,25.641624450683594,25.802308448004872,25.629263780496302,25.802308448004872,152000
2010-12-08,25.71579933166504,25.734339167696703,25.579834247278196,25.684898819092936,167900
2010-12-09,25.789955139160156,25.86411682389545,25.697253622630406,25.86411682389545,182100
2010-12-10,25.944461822509766,25.956822497081955,25.80849675977328,25.87647929114152,162700
2010-12-13,25.962995529174805,26.06806005946784,25.956816372125594,26.06806005946784,220000
2010-12-14,26.06806755065918,26.129868569139294,25.99390585697149,26.03716704141912,256200
2010-12-15,25.981548309326172,26.117511037860666,25.956826955935167,26.04334933524567,250000
2010-12-16,26.148393630981445,26.148393630981445,25.913545671001394,26.024789317436355,238600
2010-12-17,26.154582977294922,26.160764492036805,26.043339287512143,26.14840382011015,176000
2010-12-20,26.1607723236084,26.28437436476262,26.0742475942195,26.234934019812492,189900
2010-12-21,26.2102108001709,26.24111130825672,26.18548945067918,26.19785012542504,307000
2010-12-22,26.293012619018555,26.293012619018555,26.205846960515537,26.27433494222107,242000
2010-12-23,26.28678321838379,26.336591140058058,26.268103169555975,26.28055574374596,214500
2010-12-27,26.261892318725586,26.293022583547835,26.187179208134808,26.261892318725586,114600
2010-12-28,26.305469512939453,26.342827247752265,26.224528941721587,26.342827247752265,142800
2010-12-29,26.324140548706055,26.392628524366923,26.317915448685,26.373950849217906,167400
2010-12-30,26.28678321838379,26.34281861469589,26.26187807000382,26.336591140058058,144200
2010-12-31,26.28678321838379,26.349043714248044,26.23074782207169,26.268103169555975,118000
2011-01-03,26.448680877685547,26.542074063464483,26.423775711466185,26.49226373102575,237000
2011-01-04,26.46112060546875,26.5420611688155,26.355277263088258,26.5420611688155,269500
2011-01-05,26.492252349853516,26.523382606710356,26.36150384600296,26.41131178195664,616200
2011-01-06,26.454896926879883,26.510932339119528,26.355278680130105,26.510932339119528,217500
2011-01-07,26.42376136779785,26.510929402248017,26.26188262541972,26.510929402248017,145800
2011-01-10,26.330385208129883,26.361515478723785,26.187184063328,26.361515478723785,149600
2011-01-11,26.38018226623535,26.43621768018649,26.305469172662637,26.423765102076636,163100
2011-01-12,26.585651397705078,26.623006764191896,26.473580548070874,26.548293656131385,135900
2011-01-13,26.52960968017578,26.598097669272384,26.479799369892316,26.598097669272384,123300
2011-01-14,26.63545036315918,26.641677838864982,26.467344145393817,26.467344145393817,117900
2011-01-18,26.716392517089844,26.728845094158963,26.635451953683692,26.69148736295161,200400
2011-01-19,26.56073570251465,26.71638933470826,26.51092777525738,26.71638933470826,152300
2011-01-20,26.579423904418945,26.635459329203414,26.454902849419582,26.5545211184712,222000
2011-01-21,26.691497802734375,26.753760712432708,26.660367535428783,26.753760712432708,150600
2011-01-24,26.840923309326172,26.859600992533803,26.697722196198306,26.716399879405934,111700
2011-01-25,26.86581802368164,26.884495699626545,26.716389490864557,26.79733004510239,130400
2011-01-26,26.94054412841797,27.009032140111472,26.90941386176286,26.97167439507308,265100
2011-01-27,26.952978134155273,27.002786051458504,26.872037596566372,26.9405255610581,297300
2011-01-28,26.566967010498047,27.009025234286142,26.523384173306987,26.934309763313042,202600
2011-01-31,26.666587829589844,27.083738524290258,26.554516997413444,26.67281293133897,168500
2011-02-01,27.058837890625,27.083743051958002,26.791113344012484,26.791113344012484,121300
2011-02-02,27.015249252319336,27.065059564303343,26.959213838880526,26.959213838880526,128600
2011-02-03,27.058837890625,27.096195632624504,26.865828828011495,26.984124781712897,152200
2011-02-04,27.114858627319336,27.121086101822474,26.95920501593968,27.09618095398118,101800
2011-02-07,27.239391326904297,27.270521584832046,27.13977307648365,27.20203359233914,222800
2011-02-08,27.332782745361328,27.339007846518196,27.183354191647314,27.183354191647314,107600
2011-02-09,27.28920555114746,27.314108336007227,27.20826496886458,27.301655756033956,276600
2011-02-10,27.276750564575195,27.301653347237817,27.114869414292038,27.170904831684428,106600
2011-02-11,27.370134353637695,27.413717181025177,27.158445317004507,27.20202814439199,148400
2011-02-14,27.426179885864258,27.43863246615771,27.301656458016552,27.382597042380585,136000
2011-02-15,27.35146713256836,27.3639197130227,27.25807396670424,27.3639197130227,108400
2011-02-16,27.482210159301758,27.488437635824834,27.363914231313604,27.444854800508864,130800
2011-02-17,27.64409637451172,27.650321477091637,27.382596939505298,27.41372720257856,120200
2011-02-18,27.73748779296875,27.73748779296875,27.60673926004287,27.67522726540982,186000
2011-02-22,27.401256561279297,27.68143349443865,27.307865833616358,27.50087476250426,524300
2011-02-23,27.295421600341797,27.463527811593934,27.202028469061947,27.370134680314084,149100
2011-02-24,27.251848220825195,27.332788804324622,27.046384210808224,27.301656166380123,180900
2011-02-25,27.401256561279297,27.426161705356854,27.28918816310082,27.370126318724985,105000
2011-02-28,27.600507736206055,27.631637992743226,27.475984334971034,27.51956716914034,166400
2011-03-01,27.276750564575195,27.73125900560834,27.251845406826007,27.72503152862776,185000
2011-03-02,27.326566696166992,27.388829609203366,27.195818141421523,27.25807867937062,109600
2011-03-03,27.69390296936035,27.73126070827786,27.519571604585405,27.56315444577914,168500
2011-03-04,27.51956558227539,27.737479740556306,27.357684457478545,27.718802062728283,125100
2011-03-07,27.35146713256836,27.768617889897847,27.276754024929186,27.768617889897847,140400
2011-03-08,27.581817626953125,27.637853018326236,27.326545816272397,27.451069172111023,122400
2011-03-09,27.600507736206055,27.637863094016126,27.426174024442496,27.538244848045377,91200
2011-03-10,27.158451080322266,27.41372299851441,27.12109572039776,27.41372299851441,185000
2011-03-11,27.276750564575195,27.35768876463021,27.033928839150455,27.033928839150455,165900
2011-03-14,27.133546829223633,27.183354764787605,26.946760539371297,27.127319352849174,114600
2011-03-15,26.81601905822754,26.940542492373023,26.461128814719434,26.461128814719434,261000
2011-03-16,26.342823028564453,26.77242622221553,26.199621964014092,26.74752106966258,271800
2011-03-17,26.641679763793945,26.753750583734924,26.523381467697217,26.722617953128676,155100
2011-03-18,26.784881591796875,26.977892981581643,26.722618703921313,26.9467603501007,238900
2011-03-21,27.202030181884766,27.258065589163845,27.083734266556107,27.15844735123283,141200
2011-03-22,27.145999908447266,27.258070744200218,27.139774806499474,27.22071538234029,96300
2011-03-23,27.202030181884766,27.25184048839334,26.977890927854588,27.108639419810395,171500
2011-03-24,27.401256561279297,27.46351942147319,27.245602973422464,27.345221174647428,124500
2011-03-25,27.50786781311035,27.595651829479827,27.438893973981468,27.501598551341843,121000
2011-03-28,27.470243453979492,27.633270547480052,27.470243453979492,27.58310928483938,180000
2011-03-29,27.620731353759766,27.63327226818452,27.36992024106917,27.445163335682864,77100
2011-03-30,27.840187072753906,27.909158497600234,27.733590521747256,27.7774825157105,105600
2011-03-31,27.796306610107422,27.909170075738484,27.796306610107422,27.865278063566606,245200
2011-04-01,27.94051170349121,28.00321386799757,27.871537887373666,27.984403697032516,114100
2011-04-04,28.003219604492188,28.028301432206476,27.94051742714121,28.028301432206476,191900
2011-04-05,28.034574508666992,28.159981272371525,27.94679049165434,27.98441323834622,188600
2011-04-06,28.141176223754883,28.16625566751849,28.06593071665754,28.159986404561465,77900
2011-04-07,28.08473777770996,28.128629785601756,27.92797992325782,28.097278693098335,121300
2011-04-08,28.015764236450195,28.210144839130958,27.902898388691693,28.210144839130958,137500
2011-04-11,28.003219604492188,28.15370817884318,27.94051742714121,28.022029779310532,95100
2011-04-12,27.764955520629883,27.87782138794427,27.68971240639878,27.86528047024984,157500
2011-04-13,27.764955520629883,27.890362305638696,27.683443143519302,27.884093042759222,102700
2011-04-14,27.846467971801758,27.8778190674605,27.564303327002506,27.633277172612907,99300
2011-04-15,28.02202796936035,28.059650708501724,27.85272923112607,27.884082709711173,73200
2011-04-18,27.708499908447266,27.777473703346033,27.54547289572306,27.764932795915936,203900
2011-04-19,27.827653884887695,27.840194799777095,27.70851638940585,27.739869872596824,90500
2011-04-20,28.228965759277344,28.285398704632748,28.19134299839508,28.197614654510108,100700
2011-04-21,28.266584396362305,28.360637696942614,28.197610540775376,28.360637696942614,178400
2011-04-25,28.24776840209961,28.285391152937265,28.14117419596258,28.266580973486104,134600
2011-04-26,28.567554473876953,28.592633914665345,28.297930751936196,28.366904595958513,117100
2011-04-27,28.7493896484375,28.787012394731775,28.53619886997336,28.623985277993338,99400
2011-04-28,28.881078720092773,28.906158168273574,28.70550823121163,28.749400255447934,127600
2011-04-29,28.912416458129883,28.937498286651337,28.84344262566329,28.91868571929284,167000
2011-05-02,28.90614128112793,29.06917075470789,28.843439109403036,29.06917075470789,122000
2011-05-03,28.837175369262695,28.887336637858,28.6929560412056,28.868526461126635,171900
2011-05-04,28.705493927001953,28.818359759349214,28.611440661335727,28.805818845540102,113000
2011-05-05,28.39824676513672,28.636516925315448,28.272840032870057,28.592624927812288,104400
2011-05-06,28.49857521057129,28.768198881240465,28.41079120466686,28.66787396135901,227700
2011-05-09,28.61771011352539,28.680414682989998,28.435870449980154,28.548736283081695,93000
2011-05-10,28.799545288085938,28.855978195840514,28.661597648700447,28.692948732578685,110600
2011-05-11,28.611431121826172,28.81835015084954,28.492293676329325,28.81835015084954,121600
2011-05-12,28.80581283569336,28.83716630964213,28.460946149665006,28.536189224886737,84700
2011-05-13,28.636516571044922,28.849707295680453,28.529922404694375,28.84343803551519,133300
2011-05-16,28.548730850219727,28.730570479160637,28.492297944408215,28.56754341344643,125000
2011-05-17,28.5111141204834,28.567547033445933,28.341815381595797,28.467222120616384,182900
2011-05-18,28.7493896484375,28.755661302120735,28.460955769319856,28.567552354519446,104700
2011-05-19,28.83089828491211,28.86224937087051,28.66787120276771,28.837169937264512,161800
2011-05-20,28.636516571044922,28.805815298720294,28.561273489389567,28.7744642140251,93600
2011-05-23,28.34809112548828,28.423336621270312,28.24149692769979,28.335550209524612,603900
2011-05-24,28.291650772094727,28.448408592583625,28.291650772094727,28.43586767991237,163000
2011-05-25,28.341819763183594,28.423334514939178,28.17879025967242,28.216413004775376,156600
2011-05-26,28.410797119140625,28.479768572470395,28.185065404431516,28.29165960752456,208300
2011-05-27,28.479766845703125,28.561281602613565,28.429605574328704,28.49230776153051,90500
2011-05-31,28.743122100830078,28.768203933188722,28.57382332031201,28.7556630170094,161900
2011-06-01,28.260316848754883,28.72432133164117,28.22269408789298,28.705508755242235,160300
2011-06-02,28.12235450744629,28.26657381985767,27.990678500741698,28.26657381985767,176400
2011-06-03,27.865264892578125,27.996943258789017,27.764939999043342,27.815103641777803,158800
2011-06-06,27.664613723754883,27.815102252507735,27.645803554636032,27.771210263274405,138200
2011-06-07,27.68344497680664,27.884094889334243,27.68344497680664,27.815121033414947,121700
2011-06-08,27.664613723754883,27.75239770222154,27.601911565402705,27.664613723754883,105400
2011-06-09,27.8088436126709,27.91544020206467,27.658357405442807,27.739872162986853,120200
2011-06-10,27.420085906982422,27.721060725669997,27.4075449905452,27.721060725669997,190400
2011-06-13,27.51412582397461,27.633260873983804,27.432611109792603,27.52039508263452,156200
2011-06-14,27.827653884887695,27.927978812067966,27.70851638940585,27.77122096385286,232100
2011-06-15,27.420085906982422,27.70851980923278,27.33857114610811,27.658358535419133,225200
2011-06-16,27.56429672241211,27.645811465141588,27.38872871524219,27.432620717034673,116600
2011-06-17,27.645816802978516,27.821384844047,27.589383876644337,27.815115581981054,118500
2011-06-20,27.846467971801758,27.890359984111054,27.564303327002506,27.576844243653056,181300
2011-06-21,28.059659957885742,28.109823626609828,27.909171343648868,27.94052483256911,178800
2011-06-22,27.88408660888672,28.103546638063136,27.877814955518865,27.990680796791,227100
2011-06-23,27.758686065673828,27.764955328509927,27.376196450414543,27.658361116748072,353100
2011-06-24,27.496490478515625,27.787123757773138,27.471217390708627,27.78080669090854,172600
2011-06-27,27.698654174804688,27.799744056786086,27.50911094736118,27.54701814674614,150600
2011-06-28,28.001934051513672,28.014570592649836,27.74289098365676,27.818707820299966,122900
2011-06-29,28.166196823120117,28.1977869598229,28.008243729433282,28.1346042762444,204900
2011-06-30,28.425243377685547,28.456833518363958,28.21674411089621,28.286243866492658,203800
2011-07-01,28.77273941040039,28.798012486718076,28.387333432161896,28.418923572472398,376700
2011-07-05,28.71587371826172,28.7727369299879,28.64005690601781,28.766417456366653,361500
2011-07-06,28.798023223876953,28.854884051532125,28.659023662477786,28.709567423784865,360400
2011-07-07,29.031780242919922,29.09496051880911,28.937007418913108,29.031780242919925,372100
2011-07-08,28.867517471313477,28.873836947151997,28.68429364495186,28.804337173971383,284400
2011-07-11,28.526321411132812,28.6337283268083,28.45050221282657,28.6337283268083,141900
2011-07-12,28.431560516357422,28.67796698853813,28.43156051635742,28.45683359303576,174700
2011-07-13,28.488422393798828,28.72851179060359,28.425242115248004,28.576875747839228,110300
2011-07-14,28.35575294494629,28.665339799623784,28.311526251420936,28.55793280396907,134800
2011-07-15,28.425243377685547,28.475787120736353,28.24833425157462,28.475787120736353,149800
2011-07-18,28.172515869140625,28.33678603765999,28.020879828053197,28.33678603765999,171000
2011-07-19,28.513696670532227,28.564240413467598,28.298880340167123,28.311516878444273,152500
2011-07-20,28.494741439819336,28.570560671562443,28.431561156873386,28.570560671562443,163800
2011-07-21,28.823270797729492,28.892770522725378,28.5642279019453,28.614774032914013,120500
2011-07-22,28.76642608642578,28.8485623969322,28.62742895730768,28.8485623969322,151200
2011-07-25,28.608461380004883,28.728507264581246,28.463144834093328,28.53896163844441,189600
2011-07-26,28.44418716430664,28.595820751305354,28.387323966639023,28.589503689418912,105400
2011-07-27,28.02720069885254,28.305197309499892,27.982974020117126,28.286243707234206,176300
2011-07-28,27.85660171508789,28.147234766598725,27.818692113084225,27.93873798100962,212400
2011-07-29,27.64810562133789,27.85660484049223,27.515425614697506,27.63547149609159,498400
2011-08-01,27.565967559814453,28.0335072482769,27.300605176758953,28.014553653120196,553500
2011-08-02,26.99734115600586,27.458563877667768,26.984704619911625,27.408020143463645,508700
2011-08-03,27.085805892944336,27.09844243435451,26.630902453047266,27.0163061202753,564200
2011-08-04,26.011714935302734,26.8393900337341,25.967488260823572,26.8393900337341,810700
2011-08-05,26.150705337524414,26.390794637035526,25.44939344301311,26.365521571787585,1061700
2011-08-08,24.76073455810547,25.860089526232763,24.716507869577093,25.569456312996657,998100
2011-08-09,25.657907485961914,25.657907485961914,24.185783119431264,25.101911779143506,1098500
2011-08-10,24.653324127197266,25.405180137217865,24.577507301775263,25.323046247249625,1058700
2011-08-11,25.58208465576172,25.910624976635827,24.754409559652316,24.836545844957335,529000
2011-08-12,25.79059410095215,25.999093447863746,25.620004383526524,25.885366969579998,441700
2011-08-15,26.32131576538086,26.32131576538086,25.99909236379524,26.030682515295936,581800
2011-08-16,26.201263427734375,26.34658000398236,25.948537480241114,26.13808073577443,498200
2011-08-17,26.289718627929688,26.542442182953266,26.112811898395844,26.371854928144728,374700
2011-08-18,25.43045425415039,25.809540806913034,25.215637898205284,25.746360518177102,693200
2011-08-19,25.209318161010742,25.708448173529277,25.152454943106953,25.158772007241478,422000
2011-08-22,25.203001022338867,25.70845055600668,25.16509381367221,25.70845055600668,571700
2011-08-23,25.935897827148438,25.961170900897315,25.29144890758988,25.35463159196207,382700
2011-08-24,26.289718627929688,26.29603569248157,25.841132329369763,25.94222223341388,331900
2011-08-25,25.80321502685547,26.42871027883842,25.714761688431615,26.397117734967576,424400
2011-08-26,26.087533950805664,26.18862383598214,25.2661783324752,25.72108161068284,258000
2011-08-29,26.706707000732422,26.713024063443438,26.3971179040927,26.416073912571196,442000
2011-08-30,26.788843154907227,26.927840225470547,26.447663925922082,26.605617004877498,406600
2011-08-31,26.864662170410156,27.092115008465576,26.713026141648903,26.984705652640333,802200
2011-09-01,26.668800354003906,27.098432971221033,26.64984675359441,26.9467993475991,264500
2011-09-02,26.13175392150879,26.35920670735197,26.068571253123263,26.289706977214067,325900
2011-09-06,25.954851150512695,25.96748527590619,25.4430823058583,25.455718841424517,501200
2011-09-07,26.529809951782227,26.529809951782227,26.169674582051847,26.302357048867712,277900
2011-09-08,26.32131576538086,26.66881225223667,26.283406137475584,26.397132611017348,170200
2011-09-09,25.702131271362305,26.112810337719143,25.56945123214177,26.112810337719143,366400
2011-09-12,25.82217788696289,25.822177886962894,25.316728335979523,25.44940839120511,335300
2011-09-13,26.024349212646484,26.068575883285483,25.714762518173515,25.935895871368494,291500
2011-09-14,26.359224319458008,26.643538081555914,25.841138143395465,26.194951682068048,402300
2011-09-15,26.725664138793945,26.750937213330822,26.40975793760212,26.649847325356358,264500
2011-09-16,26.92152976989746,26.95943697563945,26.53612377703189,26.82043987096332,268000
2011-09-19,26.643529891967773,26.776212338360533,26.378169819528722,26.54875947045664,266100
2011-09-20,26.719348907470703,27.041572194306028,26.643529678660926,26.83939240449304,300200
2011-09-21,25.973806381225586,26.757252354188505,25.973806381225586,26.757252354188505,342900
2011-09-22,25.310413360595703,25.487320115501387,25.000824129336987,25.424139820227577,724900
2011-09-23,25.429466247558594,25.531336824906585,25.123854515514626,25.276661595929685,410400
2011-09-26,25.92608642578125,25.95792052456305,25.35306293256465,25.69050875146662,437200
2011-09-27,26.27627182006836,26.613717708961953,26.104364736447124,26.435444775778404,341100
2011-09-28,25.824222564697266,26.45454614228458,25.786020178957823,26.339941413852944,326700
2011-09-29,26.15530014038086,26.371773019343518,25.786017732955603,26.238068325118423,293500
2011-09-30,25.735084533691406,26.16166935476718,25.703250425560203,25.862423395002985,273700
2011-10-03,25.10474967956543,25.875145923366677,25.10474967956543,25.62047074370922,418300
2011-10-04,25.51222801208496,25.575896190075177,24.589024858515014,24.830968306691382,581700
2011-10-05,25.875146865844727,25.887880989609283,25.384894030445388,25.633203371889753,315100
2011-10-06,26.13619613647461,26.18076436515724,25.665045596462136,25.86878676437882,442500
2011-10-07,26.148927688598633,26.42270531142958,26.053422962946506,26.333568862840167,533700
2011-10-10,26.849287033081055,26.881123560173062,26.54367531752871,26.60734594292671,502900
2011-10-11,26.791988372802734,26.86202242085357,26.664649544806984,26.74105187008998,266300
2011-10-12,27.01483154296875,27.23130683829476,26.893860983057806,27.02119739189614,915600
2011-10-13,26.989351272583008,27.04665360256072,26.741041985608,26.91931482163411,216800
2011-10-14,27.307708740234375,27.30770874023438,27.09123344831012,27.29497461379339,250600
2011-10-17,26.912952423095703,27.244032324402195,26.85565008577755,27.237664048708208,357300
2011-10-18,27.358631134033203,27.543269800222642,26.747405524075855,26.85564432860003,591500
2011-10-19,27.205835342407227,27.543281157424733,27.13579886862185,27.390476513516663,288300
2011-10-20,27.339542388916016,27.40321302006591,27.021196519525247,27.263140060322375,375800
2011-10-21,27.804323196411133,27.804323196411133,27.562382118078432,27.600582062664703,447200
2011-10-24,27.938032150268555,27.9762320974,27.79159335243054,27.848895701913765,514600
2011-10-25,27.50507926940918,27.855259184832764,27.42867695284796,27.855259184832764,402100
2011-10-26,27.79159164428711,27.842525713593847,27.396841070426795,27.78522336763257,378300
2011-10-27,28.479217529296875,28.61929047106382,28.14177172826115,28.39008108591279,956600
2011-10-28,28.396453857421875,28.40918798512242,28.281849136903517,28.339151497162696,448600
2011-10-31,27.810693740844727,28.179973665078208,27.804325463703787,28.109939618030513,650900
2011-11-01,27.199478149414062,27.505089963265288,27.091239265815844,27.22494397897823,1201600
2011-11-02,27.5623779296875,27.63241438916742,27.34590270437935,27.55600965403358,692600
2011-11-03,27.995342254638672,28.033542212351747,27.575125718287712,27.829801008592902,438200
2011-11-04,27.842525482177734,27.855259606595055,27.549647906937004,27.823425509944695,510000
2011-11-07,28.05900001525879,28.05900001525879,27.613315387303004,27.84252476332517,629700
2011-11-08,28.345518112182617,28.364618088219448,27.92530163786775,28.19271101752886,628400
2011-11-09,27.50507926940918,27.89982740522563,27.40320870439894,27.759754467541853,475300
2011-11-10,27.804323196411133,27.906196192070247,27.536913869163655,27.848893846404945,628600
2011-11-11,28.256380081176758,28.32004828361701,28.097207146289893,28.148141222484846,254000
2011-11-14,28.014429092407227,28.205436077734703,27.906192691276374,28.205436077734703,434300
2011-11-15,28.103578567504883,28.237283276412636,27.868003257221687,28.00170796612944,387300
2011-11-16,27.721555709838867,28.1608720848462,27.676987487538963,27.887094474269094,534700
2011-11-17,27.441410064697266,27.778858302099856,27.250403049042315,27.696087704761183,598900
2011-11-18,27.447782516479492,27.587855482699062,27.34591193071608,27.56875307807781,452700
2011-11-21,27.008472442626953,27.174013716425158,26.817465335679678,27.174013716425158,560500
2011-11-22,26.881113052368164,27.059385876223832,26.772874245895036,26.963881189852543,528800
2011-11-23,26.390869140625,26.70284668619575,26.359035044168824,26.70284668619575,423600
2011-11-25,26.3463134765625,26.588254667968044,26.3463134765625,26.36541345778214,398500
2011-11-28,26.982999801635742,27.05940213938083,26.804724441848514,26.963897395609578,322000
2011-11-29,27.16763687133789,27.28860986300184,27.01483220547004,27.053034586330188,267300
2011-11-30,28.160873413085938,28.16724169016398,27.797959340791763,27.84252756519378,320800
2011-12-01,28.084482192993164,28.23728690027331,28.020811540970577,28.154518695824496,377400
2011-12-02,28.03353500366211,28.33914673071378,28.001700904158287,28.33914673071378,375200
2011-12-05,28.23726463317871,28.434639855623757,28.07809177182193,28.434639855623757,290100
2011-12-06,28.339141845703125,28.504683020645306,28.186337222910318,28.26273953430672,359300
2011-12-07,28.402816772460938,28.542889721930898,28.10993917701108,28.294577921837956,254100
2011-12-08,27.9635009765625,28.332783363750163,27.874364518630674,28.332783363750163,366800
2011-12-09,28.364620208740234,28.421922569920984,28.001706064191,28.001706064191,340400
2011-12-12,28.05900001525879,28.218172923186867,27.855258887413715,28.218172923186867,330000
2011-12-13,27.97622299194336,28.358239340424888,27.855252484089437,28.243634678758955,284400
2011-12-14,27.778854370117188,28.001695452041393,27.708817907573682,27.93802726543037,375100
2011-12-15,27.98897361755371,28.13541245408171,27.90620542437704,28.027176003564506,661900
2011-12-16,28.046260833740234,28.22453611004663,27.94439028818746,28.13539725750074,293600
2011-12-19,27.785219192504883,28.179967278262726,27.70881688563236,28.129033216609557,596900
2011-12-20,28.50467872619629,28.517412847641477,28.154498887202223,28.154498887202223,451700
2011-12-21,28.71977996826172,28.72620203744776,28.418006398363463,28.507898221855736,1071800
2011-12-22,28.854612350463867,28.899557034943747,28.713358677513508,28.796825977660937,1003500
2011-12-23,29.156381607055664,29.156381607055664,28.91881653133479,29.00870588705073,630900
2011-12-27,29.18207359313965,29.24627959494423,29.098603831352122,29.117865142033104,732500
2011-12-28,28.861040115356445,29.207758420603135,28.841776354419125,29.194916729745618,624000
2011-12-29,29.188505172729492,29.207768940605206,28.905995220016457,28.97662332052046,714400
2011-12-30,29.060068130493164,29.207746289366458,29.053648512381795,29.162799165382584,435300
2012-01-03,29.329761505126953,29.503120720967114,29.31050018646793,29.464595634346086,1015000
2012-01-04,29.329761505126953,29.35544489620764,29.18208568036748,29.31691980958661,605200
2012-01-05,29.329761505126953,29.36186451932632,29.040829478726685,29.23345001322587,546100
2012-01-06,29.265546798706055,29.40680050915834,29.15639364363148,29.393958817425904,735800
2012-01-09,29.297643661499023,29.32974665944899,29.156387531357073,29.32974665944899,682000
2012-01-10,29.49024772644043,29.592978732428342,29.45172268070732,29.592978732428342,443800
2012-01-11,29.47100257873535,29.490263887507176,29.32974644960405,29.419635822941522,491800
2012-01-12,29.522356033325195,29.56088108600943,29.35541903696182,29.56088108600943,482700
2012-01-13,29.45815658569336,29.45815658569336,29.16280268163607,29.38110646326031,555600
2012-01-17,29.49024772644043,29.69570973841625,29.42604176618563,29.657184692683142,864200
2012-01-18,29.68930435180664,29.708565659254695,29.43247548909195,29.496681480119843,622300
2012-01-19,29.77277946472168,29.779201535091,29.612261995719493,29.702151386472366,728900
2012-01-20,29.914033889770508,29.914033889770508,29.734255118670507,29.798461122834205,468300
2012-01-23,29.862667083740234,29.984661920497427,29.759936007645894,29.907614225752184,741700
2012-01-24,29.779191970825195,29.779191970825195,29.65077754700622,29.747088977195805,380800
2012-01-25,29.95896339416504,30.029591432519844,29.580142283326293,29.714976293294114,728600
2012-01-26,29.881921768188477,30.132328537029505,29.792032410071315,30.12590646899182,716100
2012-01-27,29.740676879882812,29.811304959127412,29.631526175088247,29.785621575892606,428000
2012-01-30,29.631515502929688,29.631515502929688,29.37468666168621,29.522362388145737,434300
2012-01-31,29.573734283447266,29.772774343217762,29.445319840474887,29.766354723254942,1184200
2012-02-01,29.811298370361328,29.952554497630693,29.77919537306421,29.77919537306421,619500
2012-02-02,29.82414436340332,29.907614127863663,29.75993591024073,29.856247365333594,488900
2012-02-03,30.13233184814453,30.145173536329718,30.01675910377944,30.055284168334996,695200
2012-02-06,30.113073348999023,30.11949296903955,29.991078524512755,30.016761903278475,521200
2012-02-07,30.19013214111328,30.235076845834822,29.952566923399054,30.04245633284213,434400
2012-02-08,30.228641510009766,30.247902816505828,30.061702022705767,30.228641510009766,500700
2012-02-09,30.215803146362305,30.2864287610506,30.09380832699713,30.267167452435768,516400
2012-02-10,30.010332107543945,30.05527678049353,29.90117900945141,30.03601302830015,548900
2012-02-13,30.19013214111328,30.22223515172828,30.080978965859043,30.215815529326363,414800
2012-02-14,30.158021926879883,30.158021926879886,29.94613769868721,30.14518023584074,468700
2012-02-15,30.016752243041992,30.241475611665212,29.94612419881726,30.241475611665212,493500
2012-02-16,30.337797164916992,30.363480544000154,30.010342654163075,30.010342654163075,559000
2012-02-17,30.453357696533203,30.47261899846255,30.369887972671265,30.434096394603856,404100
2012-02-21,30.44693946838379,30.54325088877501,30.36989180165151,30.536831270422805,676700
2012-02-22,30.337797164916992,30.44052823194781,30.28001078663079,30.421266922286357,383500
2012-02-23,30.434097290039062,30.453358592535118,30.235054850143072,30.33778587895692,361000
2012-02-24,30.485469818115234,30.549678259288502,30.434105514478208,30.50473112581642,408100
2012-02-27,30.523996353149414,30.594624417191344,30.280009163541393,30.350637227583324,348300
2012-02-28,30.601045608520508,30.613887298033244,30.45978947318227,30.556100919876858,420600
2012-02-29,30.504728317260742,30.70377079261975,30.44052233130048,30.65240649371181,427100
2012-03-01,30.60746192932129,30.665248301248646,30.504730873595058,30.51115294231008,358100
2012-03-02,30.556087493896484,30.620293463946986,30.479039839975737,30.59461254550724,355000
2012-03-05,30.536842346191406,30.56894534819858,30.382744507534117,30.517578585545465,333400
2012-03-06,30.164440155029297,30.324957611654167,30.106653772672264,30.286432540315474,417900
2012-03-07,30.337797164916992,30.369900164120025,30.145176720396933,30.28643040675066,323000
2012-03-08,30.517576217651367,30.57536259650138,30.414845149618213,30.45978983880135,477100
2012-03-09,30.613882064819336,30.671668433097576,30.523992702897946,30.58819869018425,311300
2012-03-12,30.729461669921875,30.74230336010975,30.613888907532964,30.639572287908713,389100
2012-03-13,31.178903579711914,31.178903579711914,30.800082382238244,30.877130055654526,420000
2012-03-14,31.089019775390625,31.20459253992607,31.01197208213433,31.166069917948928,433700
2012-03-15,31.223854064941406,31.230273685044025,31.031233620939116,31.095439619172602,352800
2012-03-16,31.198171615600586,31.29448306512263,31.159646545931388,31.281641375232898,922400
2012-03-19,31.249528884887695,31.326579006865586,31.146797838218525,31.15963952521484,470700
2012-03-20,31.16606903076172,31.20459165164226,31.01839326901512,31.089018890396762,446900
2012-03-21,31.114694595336914,31.19174471669562,31.050488610172657,31.19174471669562,352600
2012-03-22,30.954187393188477,30.9862903963596,30.85787838367511,30.95418739318848,782900
2012-03-23,31.037647247314453,31.044066866177367,30.825763085317924,30.960599574452697,252800
2012-03-26,31.417768478393555,31.417768478393555,31.217368646489202,31.236761542212964,378400
2012-03-27,31.346654891967773,31.482410070370186,31.340188950500544,31.475944128902956,455200
2012-03-28,31.204442977905273,31.34666413973242,31.029899497308726,31.34666413973242,297400
2012-03-29,31.172122955322266,31.197979332621493,30.86828771123233,30.984650040201455,1248700
2012-03-30,31.333730697631836,31.37898243130833,31.204438973112776,31.353123593197612,492500
2012-04-02,31.514732360839844,31.585842920732325,31.282007788840488,31.32079603951842,454200
2012-04-03,31.346654891967773,31.482410070370186,31.14625262906365,31.463014712002614,506400
2012-04-04,31.126859664916992,31.19150428323544,31.0363537468234,31.19150428323544,2033200
2012-04-05,31.049293518066406,31.120404101551248,30.95232655825202,31.023437141736864,361700
2012-04-09,30.72605323791504,30.823022625423867,30.648479207528357,30.732519178967078,491600
2012-04-10,30.2412109375,30.680801215460548,30.221818046600955,30.667871799516536,828700
2012-04-11,30.448087692260742,30.54505711395708,30.389906532449906,30.47394653351774,376800
2012-04-12,30.751928329467773,30.76485775237403,30.44809305625886,30.486881324977634,306700
2012-04-13,30.47393798828125,30.700199086781588,30.461008571278303,30.700199086781588,331400
2012-04-16,30.622621536254883,30.7260544027028,30.493329836686474,30.59676516916845,267200
2012-04-17,31.016963958740234,31.049286271134307,30.745453575388815,30.803634724111884,294800
2012-04-18,30.89414405822754,30.971718115927064,30.842426375737972,30.881214637605147,318200
2012-04-19,30.771316528320312,30.97171885368883,30.63556130760368,30.926467113449956,381100
2012-04-20,30.99110221862793,31.107464505171237,30.90706470748431,30.90706470748431,313900
2012-04-23,30.732519149780273,30.745448565838103,30.590298039178116,30.726053208734378,910000
2012-04-24,30.90706443786621,30.971709056033394,30.784236210900804,30.79070215233799,230600
2012-04-25,31.159191131591797,31.185049972932593,31.049292288910827,31.126868812933218,457900
2012-04-26,31.372526168823242,31.398385014912762,31.07515683689963,31.101015682989154,315700
2012-04-27,31.385446548461914,31.45655712170064,31.30140655590391,31.443627702381367,362700
2012-04-30,31.3272647857666,31.37251651948741,31.25615421390975,31.353123623902643,300500
2012-05-01,31.46949005126953,31.663426430622053,31.288483092678494,31.340198309689566,586500
2012-05-02,31.385446548461914,31.40484191045812,31.24969134466139,31.333731337219394,277500
2012-05-03,31.23029327392578,31.404836706762765,31.172112129646784,31.404836706762765,258400
2012-05-04,30.868276596069336,31.15271637221894,30.835954286557765,31.113930587218714,470400
2012-05-07,30.842416763305664,30.92645673814167,30.706661588132622,30.719591004725395,383900
2012-05-08,30.758378982543945,30.784235349466815,30.512725001521375,30.713124791852334,547300
2012-05-09,30.538583755493164,30.687268345559783,30.33818149964649,30.480402614507618,441200
2012-05-10,30.69373893737793,30.829494142475568,30.642023725641277,30.771312988000208,368000
2012-05-11,30.609695434570312,30.848885967786916,30.545050810802447,30.551514286765507,350300
2012-05-14,30.344654083251953,30.50626813827445,30.241221186678942,30.376978867084272,328500
2012-05-15,30.208894729614258,30.461012226338283,30.13778416058247,30.299398193460377,325800
2012-05-16,30.15071678161621,30.435159087955604,30.15071678161621,30.292937934785908,1623400
2012-05-17,29.86626625061035,30.221816540229824,29.86626625061035,30.202423650297394,519200
2012-05-18,29.68525505065918,29.976160711667738,29.640003332950478,29.969697237438066,454000
2012-05-21,29.937374114990234,29.95030352912943,29.685254238326266,29.762830723161454,329200
2012-05-22,29.989089965820312,30.144240472873236,29.846868873191276,30.002019380244196,451500
2012-05-23,29.924448013305664,29.950306844446477,29.52364352872469,29.84687151988323,1074800
2012-05-24,30.086076736450195,30.11193558024928,29.853352074328576,30.00850020505294,264000
2012-05-25,30.01496124267578,30.176575290949486,29.93738718999411,30.10546471514351,285900
2012-05-29,30.260616302490234,30.29293862002321,30.079606885443024,30.215364564737122,672600
2012-05-30,29.885663986206055,30.060207421999838,29.840412258337395,30.047278004603903,277500
2012-05-31,29.86626625061035,30.073131963335637,29.672329953184626,29.905052030475208,520900
2012-06-01,29.284473419189453,29.58830870586661,29.26508051698806,29.50426868626828,965700
2012-06-04,29.25214195251465,29.34911136529042,29.090527908578103,29.329716003114502,429300
2012-06-05,29.342647552490234,29.381435813623042,29.148711178895763,29.18749944002857,413800
2012-06-06,29.95677947998047,29.956779479980472,29.517189080295662,29.555977338868303,741300
2012-06-07,30.053752899169922,30.273548128308175,30.00849869178606,30.260618707060637,394100
2012-06-08,30.27353858947754,30.286465540616998,29.950310558239217,30.027884595246846,274500
2012-06-11,30.002033233642578,30.51919771922957,29.98910381324856,30.51919771922957,503500
2012-06-12,30.305871963500977,30.331728341253747,29.982643814258108,30.092540201303848,360800
2012-06-13,30.208894729614258,30.448082807783916,30.124854742028102,30.273541822386083,562600
2012-06-14,30.570907592773438,30.687269880565086,30.254143039110808,30.305860707477834,272400
2012-06-15,30.823028564453125,30.855350877839324,30.648485112926306,30.73898857682145,370100
2012-06-18,30.835948944091797,30.907059492317515,30.68079843286899,30.745445506725876,487700
2012-06-19,31.075138092041016,31.19150036321759,30.907060625915857,30.997564066601235,406900
2012-06-20,31.036348342895508,31.133317719523365,30.829482641054184,31.075136586753388,352700
2012-06-21,30.48040008544922,31.12685605785719,30.454541254704782,31.107460701781942,403500
2012-06-22,30.68081283569336,30.732530519057256,30.551521093318488,30.596775299279333,258200
2012-06-25,30.283369064331055,30.381100381309142,30.159578216848026,30.381100381309142,428600
2012-06-26,30.420188903808594,30.5114059534681,30.21821450737443,30.400643635872505,248300
2012-06-27,30.67429542541504,30.73944798739429,30.498380525577943,30.537471068601125,456100
2012-06-28,30.7133846282959,30.732929898954655,30.34852632047476,30.53095547438533,706300
2012-06-29,31.351884841918945,31.37143259530096,31.110817423764917,31.18248672020785,822900
2012-07-02,31.44310760498047,31.449624352943843,31.234616407552693,31.410531321396963,532500
2012-07-03,31.586442947387695,31.599473956546916,31.410528051854524,31.449621079332182,235400
2012-07-05,31.456130981445312,31.560376554859964,31.338854400677512,31.54734554750682,449500
2012-07-06,31.215063095092773,31.260670377445816,31.110817523227176,31.215063095092773,1246400
2012-07-09,31.189008712768555,31.23461600628177,31.04567256976035,31.23461600628177,647100
2012-07-10,31.05217933654785,31.364916053180316,30.954448025233116,31.358401792284226,237700
2012-07-11,31.045671463012695,31.143400309023747,30.90233283970328,31.078247745016377,369700
2012-07-12,30.967485427856445,31.065216759354705,30.81111827995244,30.88278759166303,278900
2012-07-13,31.436586380004883,31.443100641114384,31.013087330980483,31.013087330980483,309600
2012-07-16,31.36492919921875,31.41705324987625,31.24113830702448,31.384474475509545,379700
2012-07-17,31.599477767944336,31.638570800137234,31.182495366198072,31.469170146045837,290300
2012-07-18,31.807964324951172,31.82099533377965,31.469165551643133,31.527803848665886,360900
2012-07-19,31.820987701416016,31.996902550290546,31.690680129796714,31.873109238817616,700800
2012-07-20,31.62553596496582,31.69720527261366,31.560380919190113,31.65811224514824,250900
2012-07-23,31.325836181640625,31.371443479671385,31.097797206075498,31.221588088528794,386900
2012-07-24,31.045671463012695,31.345377234104195,30.83066352804857,31.325831961984186,495500
2012-07-25,31.10430145263672,31.22809228533392,31.000055886836353,31.169453999233067,248900
2012-07-26,31.619022369384766,31.664629663268343,31.46916947727999,31.51477677116357,267900
2012-07-27,32.10115432739258,32.198883160976116,31.729779291871633,31.762355569732815,407900
2012-07-30,32.140254974365234,32.23798383112587,32.03600688382918,32.101161940414215,348900
2012-07-31,32.022979736328125,32.21192319502946,32.022979736328125,32.09464657353959,378800
2012-08-01,31.983884811401367,32.22495230337447,31.925246504120206,32.218438040526,683000
2012-08-02,31.723276138305664,31.86661480480752,31.495239610154304,31.75585491553736,477000
2012-08-03,32.224952697753906,32.30313876535981,32.101161818828125,32.18586214936222,219100
2012-08-06,32.25751876831055,32.41388836859392,32.25751876831055,32.33570481115747,371200
2012-08-07,32.296607971191406,32.4399465473862,32.296607971191406,32.39433927048971,342000
2012-08-08,32.38131332397461,32.39434433161096,32.218429456636116,32.2510057330217,256900
2012-08-09,32.37479782104492,32.43343611495564,32.29009999627107,32.35525255154491,224200
2012-08-10,32.4725341796875,32.4725341796875,32.21191894731866,32.29661927065019,316700
2012-08-13,32.40087127685547,32.4269333023308,32.27056363489037,32.4269333023308,320000
2012-08-14,32.446468353271484,32.53768292827744,32.35525377826553,32.51162339642628,272400
2012-08-15,32.433441162109375,32.49859621293303,32.3813196068615,32.394350617026234,278200
2012-08-16,32.57025909423828,32.609349631601916,32.35525119709604,32.452982511326255,756000
2012-08-17,32.56373977661133,32.6288948094239,32.49858722920913,32.589801789736356,368500
2012-08-20,32.537689208984375,32.54420595726315,32.43344360522507,32.537689208984375,293000
2012-08-21,32.42039489746094,32.67449574799676,32.35524236270398,32.563733456418085,499600
2012-08-22,32.34220886230469,32.39433287441491,32.22493232046638,32.290087335604156,345900
2012-08-23,32.10115432739258,32.29661447997034,32.05554704130479,32.27055246351712,328600
2012-08-24,32.31614685058594,32.36175411846954,32.03598649906682,32.0490175020921,269100
2012-08-27,32.31614685058594,32.41387813057063,32.27705632691982,32.3813018657123,307200
2012-08-28,32.32267379760742,32.40085735502837,32.23797349391195,32.25751876191457,616400
2012-08-29,32.33570098876953,32.4269155425647,32.264031700670415,32.355246254465584,302600
2012-08-30,32.146759033203125,32.224942590876644,32.068575475529606,32.21191158369598,292400
2012-08-31,32.27055358886719,32.41389219894775,32.14676273451356,32.30964661491028,228600
2012-09-04,32.23146057128906,32.30964413195617,32.042514688050524,32.22494382474397,360300
2012-09-05,32.211917877197266,32.32919447932606,32.15979632370168,32.277072925830474,389900
2012-09-06,32.79179382324219,32.79179382324219,32.37480887669745,32.37480887669745,446700
2012-09-07,32.81132125854492,32.85692853509458,32.73313771094695,32.83086652409187,353400
2012-09-10,32.700557708740234,32.83086527337949,32.681012443937874,32.778743738769826,257300
2012-09-11,32.765724182128906,32.863453025697304,32.733147900939436,32.75269317257093,359300
2012-09-12,32.79829788208008,32.869967186303064,32.739659586389514,32.869967186303064,405500
2012-09-13,33.28043746948242,33.33907328366186,32.752692773169244,32.78526905396146,529600
2012-09-14,33.27391815185547,33.43028776715471,33.156641561733714,33.30649443013135,539800
2012-09-17,33.17618179321289,33.26088209219548,33.11102924655572,33.1566365262978,339100
2012-09-18,33.208763122558594,33.241339398408826,33.10451754859153,33.143608085447596,248600
2012-09-19,33.2218017578125,33.33256161821622,33.15664670574169,33.24786129322972,522600
2012-09-20,33.34558868408203,33.352102945812966,33.09800448632264,33.124066504068004,260100
2012-09-21,33.32604217529297,33.49544031352249,33.31301116690443,33.49544031352249,378500
2012-09-24,33.36741256713867,33.44621701035051,33.22950166008285,33.22950166008285,365500
2012-09-25,33.150699615478516,33.518457885656254,33.13099912953716,33.43308493799659,334600
2012-09-26,33.03248977661133,33.19010117045968,33.012789291810826,33.13099721091006,395600
2012-09-27,33.203243255615234,33.27547921812011,33.0259313364152,33.157273777135444,292400
2012-09-28,33.09817123413086,33.17697569990841,32.966828787735736,33.11130322413645,434800
2012-10-01,33.190101623535156,33.393679982981,33.13756365648581,33.20323611529749,483700
2012-10-02,33.22950744628906,33.36084987794465,33.098167519781995,33.32801489631788,428700
2012-10-03,33.31488800048828,33.41996146874628,33.16384504643922,33.295187508049,309400
2012-10-04,33.570987701416016,33.59725668168347,33.426513320240716,33.45277979536032,342300
2012-10-05,33.662933349609375,33.80084427098005,33.5578599127045,33.74174030614929,488700
2012-10-08,33.61039352416992,33.630094008175405,33.49875160279348,33.55785555995795,334200
2012-10-09,33.3280143737793,33.61039972060941,33.30831388614182,33.564430246022965,448200
2012-10-10,33.04562759399414,33.321446934700916,33.019358608184284,33.29517794889106,679000
2012-10-11,33.06532669067383,33.28860805037388,33.05876069707159,33.28860805037388,417100
2012-10-12,32.953678131103516,33.1769594289267,32.888008192686875,33.09815500179722,285700
2012-10-15,33.22293472290039,33.24263520685652,32.940549428838445,32.96681841087863,604400
2012-10-16,33.47248840332031,33.492188889254784,33.354280477416964,33.3936814492859,388500
2012-10-17,33.682621002197266,33.69575548897245,33.49217470167789,33.53814415281743,661000
2012-10-18,33.702327728271484,33.754865685112875,33.59068832770503,33.610388808946716,671500
2012-10-19,33.190101623535156,33.70890277498078,33.11786317141638,33.63009582440676,382000
2012-10-22,33.12443161010742,33.18353557482717,32.87488376364482,33.163835088303365,419100
2012-10-23,32.691009521484375,32.86832144900552,32.53340058934256,32.80921747316514,645100
2012-10-24,32.63188934326172,32.802635190976915,32.57278539676762,32.750097236249914,466100
2012-10-25,32.76324462890625,32.92742204436892,32.59250121909044,32.855183580741574,344500
2012-10-26,32.736976623535156,32.842050072378264,32.585933697394985,32.74354512323395,316300
2012-10-31,32.769813537597656,32.95369144356435,32.61876810895521,32.933990955110374,518000
2012-11-01,33.03248977661133,33.08502774294348,32.83547741316198,32.84204340637944,392800
2012-11-02,32.75010299682617,33.20980016095558,32.70413353092803,33.1506962040654,706600
2012-11-05,32.74353790283203,32.7895073699922,32.55309153594101,32.631895978908716,423100
2012-11-06,33.006221771240234,33.13756418581347,32.82234389392662,32.82891239248679,779600
2012-11-07,32.31667709350586,32.769808296666,32.126230718413865,32.7238388275263,884900
2012-11-08,31.994897842407227,32.44146064519426,31.994897842407227,32.28384921267877,522000
2012-11-09,31.98176383972168,32.2181797395584,31.745347939884958,31.8569873897252,504600
2012-11-12,31.92922592163086,32.067136866902324,31.8963909366229,32.02116488171265,335200
2012-11-13,31.837282180786133,32.12623351267482,31.74534323451011,31.751909228466225,419200
2012-11-14,31.403850555419922,31.92265170239172,31.325046110673618,31.8898167258431,1472000
2012-11-15,31.318483352661133,31.44325979362362,31.18714342239328,31.338186346320185,727200
2012-11-16,31.456396102905273,31.502365582181458,31.101772258361503,31.338188154724016,486300
2012-11-19,31.935802459716797,31.942368456311492,31.699386499917384,31.719086994850866,410600
2012-11-20,31.975194931030273,32.02773291038872,31.751913529054338,31.916090956826388,574900
2012-11-21,32.07368850708008,32.07368850708008,31.9489146178336,32.027719047613076,332800
2012-11-23,32.47429275512695,32.47429275512695,32.18533890528382,32.18533890528382,176700
2012-11-26,32.38892364501953,32.38892364501953,32.23788070791538,32.31011917895406,374600
2012-11-27,32.24443817138672,32.46115352716205,32.21817169308061,32.369214590220324,527200
2012-11-28,32.51367950439453,32.52024800091608,31.96204353851314,32.14592386390521,406600
2012-11-29,32.59905242919922,32.704125827236744,32.4611440639901,32.59905242919922,305400
2012-11-30,32.658172607421875,32.723845079560014,32.54653316251003,32.64503811299425,1022900
2012-12-03,32.48741912841797,32.78950489124786,32.448015657338814,32.77637040088814,972700
2012-12-04,32.454586029052734,32.605631435996166,32.40861655916498,32.5005580040887,350300
2012-12-05,32.61220932006836,32.74355178412789,32.3495243919493,32.46773235908797,674200
2012-12-06,32.658172607421875,32.69100759091662,32.57279964621662,32.63190361856662,336400
2012-12-07,32.828914642333984,32.828914642333984,32.63189975439812,32.743541691238335,320600
2012-12-10,32.86173629760742,32.91427174264682,32.79606385987398,32.80919834742067,331400
2012-12-11,33.01279830932617,33.16384124606664,32.92742534329067,32.92742534329067,420300
2012-12-12,33.03907012939453,33.26891755169667,33.00623263608078,33.14414359461108,428000
2012-12-13,32.868316650390625,33.078463532665154,32.802646689110496,33.039062557956456,583100
2012-12-14,32.79607391357422,32.88144685622525,32.74353845242997,32.82891139508101,2260700
2012-12-17,33.058773040771484,33.07190753802847,32.85519209101203,32.881461085526,511900
2012-12-18,33.30831527709961,33.32801576555978,32.99966093043111,33.09816838302915,512400
2012-12-19,33.04562759399414,33.36084790826733,33.039061600115865,33.29517794889106,932400
2012-12-20,33.20613098144531,33.22602599643806,32.98727822687031,33.0801250033497,1014800
2012-12-21,32.94084548950195,33.03369477664508,32.755151974984486,32.90105546775358,1143500
2012-12-24,32.81482696533203,32.8280911441278,32.74850860123666,32.8280911441278,337200
2012-12-26,32.68219757080078,32.86126024375982,32.60924583034886,32.828101051704635,1401200
2012-12-27,32.64241409301758,32.74852504678669,32.3041836885828,32.68883747717377,1267600
2012-12-28,32.251136779785156,32.57610054246529,32.23787259132481,32.43019952917198,994000
2012-12-31,32.74851989746094,32.74851989746094,32.16490847855461,32.16490847855461,1062000
2013-01-02,33.531089782714844,33.531089782714844,33.199492780420975,33.46476886432546,737300
2013-01-03,33.47138595581055,33.55759931299516,33.378539245068275,33.55759931299516,666400
2013-01-04,33.59739685058594,33.64382021287399,33.45812676372177,33.557604312960386,492800
2013-01-07,33.48466873168945,33.54435629744551,33.385188612134506,33.511194571004175,741400
2013-01-08,33.3586540222168,33.444869941094574,33.29233564147023,33.444869941094574,513800
2013-01-09,33.48466873168945,33.5244587556038,33.40508362409169,33.471404547089826,728300
2013-01-10,33.72340774536133,33.72340774536133,33.51781926193504,33.6106660002416,509300
2013-01-11,33.736690521240234,33.77648308668296,33.63057954327824,33.730059691942415,1313500
2013-01-14,33.7963752746582,33.809639462028485,33.696897664208656,33.73668769643445,633900
2013-01-15,33.84278106689453,33.86267860254555,33.670351780516064,33.67698260581057,462600
2013-01-16,33.76319122314453,33.80961457983271,33.710137042593686,33.74992704553602,430800
2013-01-17,34.05500793457031,34.13459302918489,33.87594779639781,33.93563282253257,485900
2013-01-18,34.167747497558594,34.194275858763284,33.97542067365023,34.07490076322594,606800
2013-01-22,34.3004035949707,34.31366778207794,34.09481248963599,34.14123587956883,817400
2013-01-23,34.29376220703125,34.307026391032856,34.18765126490285,34.307026391032856,557800
2013-01-24,34.41313552856445,34.5590390150466,34.36671215193546,34.37334550853062,684000
2013-01-25,34.6054573059082,34.6054573059082,34.44628965951198,34.55903393610179,912800
2013-01-28,34.57892608642578,34.671772818368,34.45955099396188,34.64524698773001,686100
2013-01-29,34.83758544921875,34.85748299264647,34.51925258310731,34.55904514007801,605000
2013-01-30,34.70494079589844,34.87073928424907,34.678412430590136,34.84421091894077,526000
2013-01-31,34.59882736206055,34.718202476158254,34.572301526615405,34.6585149191094,560200
2013-02-01,34.89725875854492,34.910522938781256,34.711565295003645,34.791147846537946,932600
2013-02-04,34.57231140136719,34.711581564298974,34.54578302846069,34.711581564298974,762600
2013-02-05,34.84421157836914,34.93705832882116,34.73810064501195,34.75799565442761,733700
2013-02-06,34.903892517089844,34.903892517089844,34.691670690622644,34.724829876654944,547400
2013-02-07,34.8707389831543,34.92379318342863,34.65851459240453,34.91716235710089,589200
2013-02-08,34.97022247314453,35.00338167016091,34.90390407911176,34.93706327612815,593100
2013-02-11,34.98347473144531,34.996738911706785,34.877363819237225,34.963579725994954,448700
2013-02-12,35.063053131103516,35.10947649157956,34.95031140705697,34.996734767533006,432700
2013-02-13,35.102848052978516,35.169166421056424,35.01000132571601,35.155902241464126,438400
2013-02-14,35.096221923828125,35.11611946225485,34.97021598658465,35.02990354209663,589700
2013-02-15,35.11612319946289,35.189074945061826,34.963588881339824,35.142651566932386,487400
2013-02-19,35.39466094970703,35.40792513249796,35.175808258367205,35.1957032676115,533100
2013-02-20,35.136016845703125,35.43445464343498,35.12275266248346,35.40129545032795,769900
2013-02-21,34.990116119384766,35.09622706362543,34.917166900750445,35.08296540924425,833200
2013-02-22,35.288551330566406,35.288551330566406,35.076329457781874,35.16917621088957,570900
2013-02-25,34.74473190307617,35.50740598534932,34.74473190307617,35.460982609546704,664800
2013-02-26,34.95695114135742,35.01000786964376,34.74472928798018,34.930422777214254,483800
2013-02-27,35.36812973022461,35.44771228497182,34.92378852896143,34.930419354405444,503500
2013-02-28,35.31507873535156,35.55382896820302,35.29518372590868,35.37476629356443,449100
2013-03-01,35.4344482421875,35.460976603834474,35.06969212413491,35.17580304083901,549800
2013-03-04,35.58697509765625,35.606870099796275,35.30843494816277,35.34822495244282,533300
2013-03-05,35.87879943847656,35.94512036574274,35.779321842404336,35.78595267018861,831600
2013-03-06,35.90532684326172,35.99154278144555,35.83237509017422,35.984909423955074,636000
2013-03-07,35.94511032104492,35.9915336922161,35.90531777580507,35.95837450279154,542700
2013-03-08,36.044593811035156,36.124178914589805,35.90532367464113,36.064491351866025,669000
2013-03-11,36.13743591308594,36.144066738788176,35.97826826750933,36.02469163707669,543800
2013-03-12,36.11754608154297,36.19713118625194,36.037963506718434,36.17060281801562,513300
2013-03-13,36.16396713256836,36.19712885567084,36.03796118638547,36.130807939350156,384900
2013-03-14,36.34965896606445,36.34965896606445,36.2236505045649,36.250178868026275,474400
2013-03-15,36.22364807128906,36.263440613808115,36.10427297361571,36.23691225212875,543000
2013-03-18,36.031333923339844,36.170604066561246,35.8787970656579,35.918589619385955,584700
2013-03-19,36.071109771728516,36.17058985201207,35.85888796168156,36.11753313455856,420800
2013-03-20,36.303226470947266,36.35628065465206,36.21037722216802,36.2766981141532,465100
2013-03-21,36.084381103515625,36.25681040965033,36.018062723437055,36.12417364949319,602700
2013-03-22,36.31203842163086,36.32539119601796,36.15181022254823,36.18519088512534,401300
2013-03-25,36.22524642944336,36.46559127330894,36.07837100568873,36.438888271487095,602500
2013-03-26,36.48563003540039,36.49898026596763,36.31204647664374,36.33207436927648,607000
2013-03-27,36.47894287109375,36.498970758509515,36.25862846917673,36.33874256562099,360100
2013-03-28,36.59245300292969,36.64586157035426,36.42554709120697,36.50566121573489,952000
2013-04-01,36.56574249267578,36.66588449807504,36.46559794049477,36.57241760765636,955400
2013-04-02,36.7059440612793,36.79941095483758,36.625829944912454,36.659210614500154,480700
2013-04-03,36.418861389160156,36.77937869012556,36.33874728231724,36.77270357571429,712800
2013-04-04,36.625823974609375,36.63917674962421,36.43221255706637,36.438890217964506,604000
2013-04-05,36.48563003540039,36.50565792803313,36.191874027283546,36.251960251963645,534100
2013-04-08,36.67923355102539,36.67923355102539,36.35877458207462,36.525680454243656,1002500
2013-04-09,36.819427490234375,36.95295011816424,36.63249122692698,36.75266362948856,542200
2013-04-10,37.24003601074219,37.27341922137071,36.93292982849845,36.96631049234557,1054500
2013-04-11,37.346858978271484,37.42697563475393,37.16660032135843,37.22001142568006,551400
2013-04-12,37.30012130737305,37.326826856506756,37.11318755699974,37.13989310613345,569700
2013-04-15,36.52568435668945,37.10651868757737,36.52568435668945,37.07313547215166,707300
2013-04-16,36.95296096801758,36.96631374408728,36.68591308696836,36.77270485803063,1755600
2013-04-17,36.5590705871582,36.79274039677808,36.38548955573335,36.79274039677808,572000
2013-04-18,36.46559524536133,36.67923456389465,36.365453247363455,36.56573979014076,371000
2013-04-19,36.839454650878906,36.87283530720518,36.55905153482041,36.59910985048044,401400
2013-04-22,37.01972198486328,37.086483313266136,36.71929091348755,36.91957744547756,494400
2013-04-23,37.35354232788086,37.36021744354673,36.946291509148196,37.15325574973847,552500
2013-04-24,37.30681228637695,37.41363197426451,37.22002049409886,37.37357363626333,551700
2013-04-25,37.426971435546875,37.5604940878068,37.32682689957059,37.43364654944734,1228900
2013-04-26,37.43366622924805,37.50042759047611,37.293465842599524,37.36022720382758,299700
2013-04-29,37.65397644042969,37.7207377894858,37.43365940433652,37.5137735325603,555600
2013-04-30,37.694007873535156,37.694007873535156,37.46701586792997,37.62056890895987,590900
2013-05-01,37.3134651184082,37.613896107038855,37.286759575689764,37.58719056432041,713600
2013-05-02,37.56050491333008,37.567182575936485,37.36689599303954,37.41362944415609,548400
2013-05-03,37.834224700927734,37.95439714158943,37.814196809744686,37.854255138892476,548100
2013-05-06,37.78080749511719,37.85424647502233,37.740749175137715,37.83421604164204,586700
2013-05-07,38.02115249633789,38.02115249633789,37.82754110238479,37.87427453585194,619200
2013-05-08,38.101280212402344,38.101280212402344,37.95440219940245,37.99446053388843,618300
2013-05-09,37.93436813354492,38.11462678923031,37.85425402438974,38.10127401324084,679300
2013-05-10,38.027828216552734,38.027828216552734,37.807513819088776,37.987772442530826,515100
2013-05-13,38.04119873046875,38.067904290124794,37.85426490644115,37.97443737811099,438900
2013-05-14,38.45512008666992,38.45512008666992,38.08125248364143,38.10128037758023,1037300
2013-05-15,38.73551940917969,38.849014192370866,38.40170762786664,38.421735519775254,576000
2013-05-16,38.62202072143555,38.842337711812085,38.601992830231026,38.72216527102155,1389800
2013-05-17,38.975868225097656,38.98922100330896,38.695464976224244,38.75555120478412,521800
2013-05-20,38.93581771850586,39.06934298068215,38.875731477865656,38.93581771850586,624600
2013-05-21,39.0025634765625,39.096032905449235,38.84233526346259,38.98253558662039,505900
2013-05-22,38.76889419555664,39.44319531769519,38.642046654745684,39.076000376539845,895800
2013-05-23,38.66875076293945,38.755542528491674,38.34829179795604,38.38835012362202,514300
2013-05-24,38.662071228027344,38.662071228027344,38.40169850792365,38.50851815070417,405500
2013-05-28,38.8289794921875,39.16946632884185,38.71548472889649,39.05597156555084,561700
2013-05-29,38.475162506103516,38.65542124801992,38.28155098181002,38.65542124801992,1062900
2013-05-30,38.58864974975586,38.7488805599973,38.495182838274324,38.52856351426311,529200
2013-05-31,37.96774673461914,38.67542854287213,37.96774673461914,38.49516989699312,832700
2013-06-03,38.35495376586914,38.368306535627795,37.97440874147907,38.061197924739666,627200
2013-06-04,38.248138427734375,38.53521664266723,38.04785195253907,38.38166359345814,657500
2013-06-05,37.76746368408203,38.168036791809065,37.720730239739936,38.168036791809065,1296100
2013-06-06,38.08124923706055,38.08124923706055,37.53379811062808,37.754112565518305,965100
2013-06-07,38.495174407958984,38.521879961614516,38.188068181265656,38.32159340276156,462300
2013-06-10,38.5285530090332,38.648725447252374,38.42173334692523,38.648725447252374,504600
2013-06-11,38.19474411010742,38.488500113013835,38.10795487905037,38.208096887219696,682800
2013-06-12,37.96107482910156,38.52187870364532,37.9210164999264,38.421734154098274,522600
2013-06-13,38.481815338134766,38.548579211355595,37.87427809912271,37.90765876234244,433800
2013-06-14,38.29488754272461,38.58196587527037,38.22812365911992,38.44176553987316,447700
2013-06-17,38.58196258544922,38.748868460056514,38.35497049411204,38.5619321486849,675400
2013-06-18,38.84233093261719,38.90241714252554,38.60198609298377,38.60866375340761,679200
2013-06-19,38.28153991699219,38.87572455372501,38.28153991699219,38.8223159864366,794600
2013-06-20,37.3134651184082,38.04785226248098,37.253378920682074,37.94770775067719,1723000
2013-06-21,37.60055160522461,37.7474295756984,37.25338711387465,37.72072402710656,1065000
2013-06-24,37.20976638793945,37.51917453266681,36.92726396863304,37.290480998331105,1174100
2013-06-25,37.53935241699219,37.64697274508526,37.25012230414126,37.519171841438414,560000
2013-06-26,37.92946243286133,38.01690472196719,37.673863277097375,37.80838928359789,791600
2013-06-27,38.151432037353516,38.35994491700624,38.131251467870484,38.19178804457908,866200
2013-06-28,37.9160270690918,38.2456158087882,37.9160270690918,38.124542603664736,666100
2013-07-01,38.1043586730957,38.380135916183136,38.03709436632381,38.17162041399666,731200
2013-07-02,38.057281494140625,38.312878206270646,37.90257484486274,38.07073179193999,720900
2013-07-03,38.09089279174805,38.17160736641403,37.83529364512403,37.949639078745,453500
2013-07-05,38.41376876831055,38.433946778447584,38.03037118048043,38.35323217202836,640700
2013-07-08,38.68952178955078,38.77023634540841,38.56172352895376,38.64243808481138,806700
2013-07-09,38.965328216552734,39.01241195674806,38.803896417403465,38.91151676154584,938400
2013-07-10,38.9787712097168,39.09311667384365,38.86442317971919,38.9787712097168,779000
2013-07-11,39.45634460449219,39.503428342787075,39.27473479998135,39.469797467700914,898500
2013-07-12,39.449607849121094,39.48323871431252,39.31508182248484,39.43615498987042,994200
2013-07-15,39.60432815551758,39.631231319203174,39.409265465035304,39.50343295261389,777000
2013-07-16,39.463050842285156,39.63120770300573,39.36888341082085,39.63120770300573,655500
2013-07-17,39.51686477661133,39.65811593276993,39.46978105789179,39.604307068177704,632100
2013-07-18,39.69847869873047,39.785920999532856,39.523594097125695,39.55049981519881,522600
2013-07-19,39.745567321777344,39.745567321777344,39.55050469050801,39.6110412806995,411100
2013-07-22,39.806095123291016,39.866631700116805,39.69174711556664,39.77246426191453,503800
2013-07-23,39.8262825012207,39.90027195318671,39.76574591014587,39.90027195318671,411700
2013-07-24,39.61776351928711,39.94062443373598,39.5235935074362,39.94062443373598,503500
2013-07-25,39.67831039428711,39.698488404840134,39.449616866492015,39.55050948512827,473500
2013-07-26,39.70519256591797,39.72537313167519,39.34197573859498,39.5572162902937,423000
2013-07-29,39.6312141418457,39.711931295532054,39.55049955402984,39.66484757215026,375100
2013-07-30,39.637943267822266,39.82627816806584,39.54377581770048,39.78592215565397,465200
2013-07-31,39.61103820800781,39.88681541618305,39.577407341814855,39.725386232108605,588100
2013-08-01,39.97425842285156,40.001164142626585,39.85991039674304,39.89354382939715,483700
2013-08-02,40.00115203857422,40.00115203857422,39.77918376640221,39.88680404706655,580200
2013-08-05,39.88008117675781,39.95407060503533,39.819544605064394,39.94061774845123,409600
2013-08-06,39.72538375854492,39.859907214940435,39.65139431800512,39.859907214940435,480600
2013-08-07,39.651390075683594,39.69174608193636,39.50341121043631,39.60430635780859,355100
2013-08-08,39.73884582519531,39.873369312761085,39.570688899867044,39.81283271700807,397600
2013-08-09,39.61776351928711,39.77919269357631,39.46305692561013,39.69175039407856,337900
2013-08-12,39.557220458984375,39.60430417426347,39.38906359988188,39.46977817380746,303000
2013-08-13,39.57067108154297,39.66483850678467,39.375608520188074,39.62447993916541,444800
2013-08-14,39.38234329223633,39.59758390708165,39.30835384978252,39.55722789546723,474600
2013-08-15,38.810611724853516,39.059483210020176,38.76352799971038,39.00567433808684,659700
2013-08-16,38.6357307434082,38.797162506098,38.528110423571945,38.76353163724995,485100
2013-08-19,38.42047882080078,38.6760779675517,38.4070259640381,38.60208853829196,418000
2013-08-20,38.51466369628906,38.662642621831004,38.42049622217009,38.46085481073732,712500
2013-08-21,38.21196746826172,38.528100634153645,38.158156039080865,38.40030233865437,1396300
2013-08-22,38.487762451171875,38.548299054098734,38.259068902989455,38.319605505916314,409100
2013-08-23,38.797157287597656,38.824063005405414,38.53483295364824,38.67608412333324,445900
2013-08-26,38.534847259521484,38.824077418653935,38.50794153172511,38.824077418653935,443000
2013-08-27,38.03036880493164,38.33977691510416,38.00346308251553,38.19179800768647,554000
2013-08-28,38.13125228881836,38.25905315677146,37.976548270759096,38.016906844723806,474000
2013-08-29,38.15816879272461,38.33977857810436,38.07745418784617,38.084179335806446,393000
2013-08-30,38.06399154663086,38.22542328078362,37.94291838748388,38.15815898910732,1222400
2013-09-03,37.99673080444336,38.35322257900996,37.882382788568705,38.29941114427591,611300
2013-09-04,38.27251434326172,38.32632322105374,37.936200517981284,37.976556534857586,490200
2013-09-05,38.26579284667969,38.36668803700399,38.23216197186201,38.279245709781016,652600
2013-09-06,38.27251434326172,38.487754986171524,37.976556534857586,38.38013466471662,430800
2013-09-09,38.595359802246094,38.60208494706675,38.35993867960585,38.400297246139274,347300
2013-09-10,38.9114990234375,38.9114990234375,38.709711290890965,38.79715358248021,467600
2013-09-11,39.07294845581055,39.07294845581055,38.857707768103566,38.918244371888115,971300
2013-09-12,38.93841552734375,39.10657244536881,38.90478465691292,39.05948871359147,396800
2013-09-13,39.12675094604492,39.14693152125372,38.99895261045375,39.005680324147,560500
2013-09-16,39.41597366333008,39.590858264369714,39.34871193423514,39.57068025881533,476100
2013-09-17,39.57067108154297,39.597574227419244,39.41596452193743,39.51685965805063,348800
2013-09-18,40.054969787597656,40.15586494568582,39.45633168314639,39.570679700037665,581600
2013-09-19,39.96752166748047,40.16258424291127,39.880081946800516,40.16258424291127,671000
2013-09-20,39.651390075683594,40.05496553343231,39.624484360934964,40.05496553343231,435500
2013-09-23,39.51383590698242,39.608706645781275,39.3918585042314,39.554493317876926,737700
2013-09-24,39.3918571472168,39.58837399151583,39.357975110960666,39.47317455123825,354300
2013-09-25,39.290199279785156,39.47994070654486,39.25631725143993,39.39862332150971,325600
2013-09-26,39.35797882080078,39.493506978600045,39.222448077967606,39.35120086189047,493600
2013-09-27,39.1682243347168,39.24276635271121,39.066578243387966,39.188555621009144,469600
2013-09-30,38.958160400390625,39.053031134755614,38.79552300931233,38.89717170186547,557900
2013-10-01,39.1953239440918,39.21565264169495,38.96492255946928,38.99880458381879,338300
2013-10-02,39.12758255004883,39.134357924828535,38.822638984277084,38.96494511995915,373200
2013-10-03,38.822635650634766,39.03948381544441,38.64644490108066,39.03948381544441,697200
2013-10-04,39.0191535949707,39.04625767574551,38.76842081379078,38.86329155908743,409900
2013-10-07,38.74809265136719,38.93105877059597,38.65322190473759,38.71421061114719,658900
2013-10-08,38.42280960083008,38.761635077759735,38.395702942267725,38.707421760635036,635600
2013-10-09,38.449920654296875,38.57867341963488,38.300836600196575,38.477024730924036,538100
2013-10-10,39.235992431640625,39.235992431640625,38.7751895624824,38.809071594178356,629500
2013-10-11,39.459625244140625,39.459625244140625,39.14790634273873,39.14790634273873,535900
2013-10-14,39.59516525268555,39.59516525268555,39.1817975503929,39.236010894643854,361800
2013-10-15,39.317325592041016,39.62226916966193,39.25633687651683,39.52739840885417,527000
2013-10-16,39.80522155761719,39.80522155761719,39.473171424528324,39.58837085568084,478200
2013-10-17,40.157588958740234,40.17792024242971,39.6561287683034,39.73067077675471,569900
2013-10-18,40.3270149230957,40.35412158689853,40.13727344654338,40.33379288156328,656400
2013-10-21,40.340579986572266,40.38801536950518,40.23893384530222,40.38801536950518,412900
2013-10-22,40.61161804199219,40.6793820969748,40.387992007490176,40.48964067499709,459100
2013-10-23,40.46931076049805,40.57095683992024,40.394768751235354,40.49641483065755,536300
2013-10-24,40.54386520385742,40.61840465094715,40.4557698399812,40.61162927758761,282400
2013-10-25,40.781044006347656,40.781044006347656,40.58452456404076,40.645513267341734,295600
2013-10-28,40.90303039550781,40.950465776821915,40.7200642454244,40.79460629749924,496400
2013-10-29,41.14019012451172,41.14019012451172,40.93689534875812,41.03176607177424,380800
2013-10-30,40.916568756103516,41.228287600664935,40.79459136735627,41.228287600664935,467900
2013-10-31,40.80814743041992,41.05887759739741,40.753934105109316,40.896240206499215,315900
2013-11-01,40.93690490722656,41.004668986622406,40.692950085347235,40.88269416071667,325200
2013-11-04,41.09275436401367,41.106307693603426,40.89623496251218,41.07920103442392,320600
2013-11-05,40.970787048339844,41.113093166443726,40.875916302937256,40.94368038250084,373700
2013-11-06,41.37736892700195,41.38414429924934,41.133414165563345,41.25539154628265,369300
2013-11-07,40.909793853759766,41.49935213841426,40.869136444496455,41.49935213841426,733000
2013-11-08,41.37736892700195,41.37736892700195,40.842024043293144,40.916566063180866,399600
2013-11-11,41.35704040527344,41.39092502387573,41.26894763500117,41.336711702138835,386600
2013-11-12,41.275726318359375,41.38415038549623,41.14697354645738,41.28927964988069,334800
2013-11-13,41.50613021850586,41.512905592147064,40.997891889299666,41.07243392452198,363100
2013-11-14,41.6213264465332,41.68231514472227,41.451913683234,41.51968033957385,396200
2013-11-15,41.83140563964844,41.83140563964844,41.64166414277122,41.72975951705022,430100
2013-11-18,41.77041244506836,41.95337854813162,41.70264837061548,41.95337854813162,548000
2013-11-19,41.71620178222656,41.83817918450182,41.62810641724249,41.7229771556713,416000
2013-11-20,41.54678726196289,41.858506127975,41.438363196174606,41.78396409805175,359100
2013-11-21,41.811065673828125,41.84494770557091,41.59421756863431,41.67553496182366,325100
2013-11-22,41.96015548706055,41.98048677818195,41.69587196778689,41.84495603918592,432700
2013-11-25,41.89239501953125,42.06858577091685,41.83818427028233,42.06858577091685,533500
2013-11-26,41.77041244506836,41.91271855243965,41.763637071636566,41.91271855243965,505600
2013-11-27,41.790740966796875,41.83140096231021,41.682316897128366,41.79751892523263,397300
2013-11-29,41.75008773803711,41.95338256589851,41.69587440525594,41.85173385945082,229000
2013-12-02,41.58744430541992,41.80429243509032,41.553562269852726,41.777188357656726,420800
2013-12-03,41.49257278442383,41.61455017817789,41.32993798277412,41.48579741145241,2909400
2013-12-04,41.472251892089844,41.60778264234856,41.15375501673697,41.36382780888968,569900
2013-12-05,41.2147331237793,41.370592541724484,41.160522388640416,41.34348588163835,322100
2013-12-06,41.74330139160156,41.75007934935433,41.5332312318681,41.600995299195,373000
2013-12-09,41.85851287841797,41.90594825328556,41.74331083585808,41.87206621195643,327700
2013-12-10,41.661991119384766,41.783968529462136,41.621331121014336,41.777193155584015,434800
2013-12-11,41.2147331237793,41.72974932528228,41.187626463693164,41.72974932528228,503700
2013-12-12,41.07243347167969,41.27572828411398,40.964009399379144,41.214739581880316,412000
2013-12-13,41.05887985229492,41.174079297356116,40.95723115427194,41.11309059554908,393500
2013-12-16,41.30960464477539,41.451910735418686,41.207958545044505,41.207958545044505,1086000
2013-12-17,41.174072265625,41.38414499931373,41.09953282950964,41.38414499931373,1069200
2013-12-18,41.8720703125,41.8720703125,40.89625088244102,41.26896112866316,556000
2013-12-19,41.77041244506836,41.81107244076033,41.587446342005094,41.77041244506836,434500
2013-12-20,41.97001647949219,42.04520487056016,41.778620499163395,41.819634482277955,780300
2013-12-23,42.031532287597656,42.18874863044619,41.99735266770715,42.15456901055568,480400
2013-12-24,42.222923278808594,42.22975763788072,42.06570694476233,42.06570694476233,203500
2013-12-26,42.46217346191406,42.47584479033456,42.30495709638726,42.35280544208936,444300
2013-12-27,42.52370071411133,42.58522039919725,42.45534666736686,42.564714706681855,444700
2013-12-30,42.52370071411133,42.53737204496817,42.44167533651002,42.52370071411133,502200
2013-12-31,42.59888458251953,42.639898568208444,42.482682201043225,42.57837889344472,457700
2014-01-02,42.18873977661133,42.49633543076194,42.09987747711488,42.46899539114164,782200
2014-01-03,42.19558334350586,42.31862267503387,42.11355799166682,42.284445662395854,509500
2014-01-06,42.079376220703125,42.36646622344514,42.01785656189575,42.36646622344514,550400
2014-01-07,42.31861114501953,42.38696515167202,42.188737489364506,42.257091496017004,694100
2014-01-08,42.19558334350586,42.29128002190789,42.058872685414855,42.29128002190789,746300
2014-01-09,42.175079345703125,42.31862436905229,42.00419166813345,42.31862436905229,551900
2014-01-10,42.29811096191406,42.35279365283539,42.106715024843034,42.33228796968221,568400
2014-01-13,41.86064147949219,42.31861914724914,41.80595617779892,42.243428161190245,559300
2014-01-14,42.18190383911133,42.20924648693637,41.894813859563556,41.97683919550029,407400
2014-01-15,42.38014221191406,42.46900453053381,42.24343155423882,42.27077420728165,584500
2014-01-16,42.39380645751953,42.39380645751953,42.24342449844074,42.33228680221807,470500
2014-01-17,42.18190383911133,42.366462800622784,42.09304414498754,42.366462800622784,462400
2014-01-21,42.222923278808594,42.43482491558682,41.98367899066439,42.41431662329296,513100
2014-01-22,42.222923278808594,42.28444294061268,42.13406096563853,42.28444294061268,452800
2014-01-23,41.853797912597656,42.03835686539913,41.63506195539702,42.017851184267286,750800
2014-01-24,41.10190200805664,41.71709603891254,41.10190200805664,41.66241334191014,775200
2014-01-27,40.958351135253906,41.218101096122595,40.82847745858888,41.11557006955714,877600
2014-01-28,41.19759750366211,41.23861148089349,41.02670984317282,41.05405249466041,707200
2014-01-29,40.86949157714844,41.0813905973171,40.746452258807246,40.93101123631904,1078600
2014-01-30,41.12240982055664,41.23177782775736,40.9036738061552,41.088232807219974,581400
2014-01-31,40.89683532714844,41.1429113629097,40.60290834848888,40.630248391881,771100
2014-02-03,39.97404098510742,40.92417595443058,39.9193582900043,40.89683591064839,1288100
2014-02-04,40.18593978881836,40.254293804763655,39.99454385060211,40.151762780845715,1046100
2014-02-05,40.11075973510742,40.206456426519246,39.88518672746017,40.10392276712699,844100
2014-02-06,40.520877838134766,40.5482204873398,40.192773870290026,40.23378784409757,614800
2014-02-07,40.985694885253906,41.01303753608725,40.59607123726417,40.73961624283119,667100
2014-02-10,41.06772232055664,41.06772232055664,40.8968346663084,41.06772232055664,909300
2014-02-11,41.52570724487305,41.614569570734346,41.081398223105666,41.15658922133145,730900
2014-02-12,41.51202392578125,41.71025420792537,41.42316162558934,41.600886225973156,500200
2014-02-13,41.71709060668945,41.73076193104454,41.20442767729692,41.24544165036218,535700
2014-02-14,42.00419235229492,42.09305467618947,41.6350743369229,41.717099693381435,601200
2014-02-18,41.95634841918945,42.07938777057582,41.881157414726744,42.07938777057582,486200
2014-02-19,41.67607879638672,42.12722206513591,41.655570506303704,41.867472120238354,535500
2014-02-20,41.98369216918945,42.07939147901004,41.64875371120588,41.68976770112899,350400
2014-02-21,41.91532897949219,42.140901963532166,41.88798632551055,42.07254532857808,380000
2014-02-24,42.08620834350586,42.359629614243254,41.97000599834249,41.990511681009316,610200
2014-02-25,42.038368225097656,42.24343291444399,41.96317723057823,42.08621656569384,633400
2014-02-26,42.038368225097656,42.16824191992457,41.93583457665499,42.134064906290014,445600
2014-02-27,42.24342346191406,42.24342346191406,41.92899083477225,41.94949651685676,403300
2014-02-28,42.37331008911133,42.57153781528809,42.147737100909396,42.22976245682871,550000
2014-03-03,42.093048095703125,42.18874476453416,41.84696945725838,42.058868478944625,787300
2014-03-04,42.68089294433594,42.742412594593176,42.46215698954092,42.48949963577486,416900
2014-03-05,42.571537017822266,42.653564979744054,42.523688677137386,42.653564979744054,372700
2014-03-06,42.64671325683594,42.7355755477356,42.59203057534714,42.69456158096543,445100
2014-03-07,42.71507263183594,42.80393232094683,42.54418500387739,42.80393232094683,559300
2014-03-10,42.68089294433594,42.701401232780526,42.475828312657896,42.65355290564026,468500
2014-03-11,42.46217346191406,42.74242917568606,42.380148098930356,42.68774646954335,325800
2014-03-12,42.510009765625,42.53735241472053,42.26393374638088,42.29811075398102,471500
2014-03-13,42.175079345703125,42.67407105130189,42.079382663470355,42.63989403729576,511800
2014-03-14,42.106719970703125,42.33229294203812,42.072542958920536,42.12039129692393,461300
2014-03-17,42.482666015625,42.551020024858445,42.291270096202396,42.33228406626545,752500
2014-03-18,42.76292419433594,42.817606883499856,42.516845574252166,42.585199587591674,391800
2014-03-19,42.45532989501953,42.83811657762892,42.2024168929328,42.83811657762892,494500
2014-03-20,42.769752502441406,42.78342382468305,42.31177494126762,42.38696330228954,418900
2014-03-21,42.749263763427734,43.13888747533056,42.715086748049075,42.95432846323884,482000
2014-03-24,42.73619842529297,42.96322714350217,42.57796748125325,42.84627223959741,903200
2014-03-25,43.03889465332031,43.07329222124482,42.825625533202405,42.93569932518057,464700
2014-03-26,42.853145599365234,43.24528365611403,42.84626451100612,43.24528365611403,382800
2014-03-27,42.88753890991211,42.97697467913693,42.763705575405744,42.88066044660221,515600
2014-03-28,43.10768508911133,43.26591598380503,42.98385175859174,42.98385175859174,567500
2014-03-31,43.42414474487305,43.49294249420687,43.32783052017149,43.4035067322558,868700
2014-04-01,43.57548522949219,43.59612323645469,43.396616378965355,43.561725683395494,322400
2014-04-02,43.740596771240234,43.77499432399505,43.52044666000629,43.637401488610735,334700
2014-04-03,43.74748992919922,43.823166145302594,43.64429461190081,43.79564704410756,421400
2014-04-04,43.38974380493164,43.96763173252399,43.341586696329415,43.9469937215132,605300
2014-04-07,43.05265426635742,43.38287564275974,43.05265426635742,43.32095897066142,531300
2014-04-08,43.21776580810547,43.28656094749942,42.92882307341126,43.04577533525425,422300
2014-04-09,43.52734375,43.52734375,43.17648175954124,43.320955733218035,430200
2014-04-10,42.83250427246094,43.56862587748315,42.78434715218372,43.561744789234275,515900
2014-04-11,42.55732345581055,42.853147282078034,42.52292588576311,42.61924013164249,609800
2014-04-14,42.804988861083984,42.86690553503832,42.49540549131232,42.83938643008833,384200
2014-04-15,43.066402435302734,43.09392153383104,42.612347807048415,42.901293092864265,536700
2014-04-16,43.46541976928711,43.46541976928711,43.19711513017734,43.32094844428425,358200
2014-04-17,43.58238220214844,43.66493951379513,43.41039173943378,43.45854885904459,347400
2014-04-21,43.69933319091797,43.71309274163407,43.541102294231706,43.62365697416237,579300
2014-04-22,43.80253219604492,43.91260861763416,43.68557993465586,43.7612561623153,375500
2014-04-23,43.706207275390625,43.82316213257742,43.706207275390625,43.79564303390221,318900
2014-04-24,43.89196014404297,44.029553022110235,43.7543672659757,43.98139590844157,525100
2014-04-25,43.78875732421875,43.912590623396646,43.66492402504086,43.83003334103454,419000
2014-04-28,44.167144775390625,44.235945153309,43.775009389788664,44.02955451701771,397500
2014-04-29,44.25657272338867,44.35288693126757,44.201534533534826,44.32536783634065,509600
2014-04-30,44.339141845703125,44.38729896820011,44.153394444281226,44.201551566778214,516000
2014-05-01,44.270347595214844,44.373542930847094,44.15339533090693,44.325385807383086,388700
2014-05-02,44.18090057373047,44.421686115495866,44.12586237883234,44.256576779532615,468900
2014-05-05,44.201534271240234,44.21529119425672,43.88507255455452,44.02266540400732,469000
2014-05-06,43.88508605957031,44.12587165193709,43.871326507954194,44.12587165193709,472200
2014-05-07,44.22218322753906,44.22906431511608,43.843804766148494,43.9882761128741,644500
2014-05-08,44.160274505615234,44.387297935687165,44.04331699764369,44.17403143369464,387400
2014-05-09,44.17401885986328,44.187781032757954,44.002028439797435,44.167137773415945,374000
2014-05-12,44.421695709228516,44.43545263655855,44.325381471721414,44.40105769386732,589800
2014-05-13,44.49735641479492,44.538632431124036,44.44919931283413,44.46295623536702,474000
2014-05-14,44.373531341552734,44.50424574912966,44.31161730558352,44.4973646622226,553100
2014-05-15,44.00891876220703,44.346018586637065,43.90572343876415,44.31162364464423,517100
2014-05-16,44.167144775390625,44.17402586292884,43.912602272527536,44.084592719859636,346100
2014-05-19,44.23595428466797,44.26346814303654,44.04332053495699,44.0777207310172,348700
2014-05-20,43.98139953613281,44.22906621220886,43.864444661600864,44.215304036464545,419800
2014-05-21,44.318504333496094,44.318504333496094,44.09835673546928,44.12587584131423,333900
2014-05-22,44.394168853759766,44.44232596410416,44.24969752272659,44.346011743415374,346000
2014-05-23,44.511112213134766,44.51799329859265,44.401041089460314,44.44231710474694,353800
2014-05-27,44.703765869140625,44.72440388601916,44.607446375819684,44.68312260352942,1086800
2014-05-28,44.717525482177734,44.806958643598215,44.655611427825015,44.717525482177734,503600
2014-05-29,44.937660217285156,44.937660217285156,44.724393759517895,44.82758906927774,440500
2014-05-30,45.04086685180664,45.06838595791058,44.86887637520664,44.930790427390896,603200
2014-06-02,45.027099609375,45.1096569184001,44.91702844607375,45.1096569184001,492400
2014-06-03,45.033973693847656,45.06149279257639,44.90325928706904,44.94454055952784,312900
2014-06-04,45.07525634765625,45.08901852341058,44.944547170383125,44.95830409740528,475400
2014-06-05,45.3710823059082,45.384844482319025,44.99958752253471,45.16469689833764,388600
2014-06-06,45.536190032958984,45.570584971311305,45.439875807601865,45.488032920280425,560300
2014-06-09,45.618751525878906,45.67378973711205,45.49491817497069,45.54995638620383,548100
2014-06-10,45.6806755065918,45.6806755065918,45.54307996440954,45.59123709199002,910900
2014-06-11,45.48115921020508,45.59123037901044,45.41236407361016,45.55683543507922,502100
2014-06-12,45.20596694946289,45.48803379251136,45.116533809554014,45.4811527052163,475500
2014-06-13,45.39170837402344,45.46050348381749,45.24723182010637,45.295388921835254,435200
2014-06-16,45.52244186401367,45.604999189175665,45.30917533492839,45.36421355170306,404100
2014-06-17,45.59811782836914,45.61188000684748,45.405489319538106,45.46740337649099,514800
2014-06-18,45.907691955566406,45.914567794289475,45.5430678027017,45.61874401851024,547000
2014-06-19,45.99712371826172,45.99712371826172,45.81825219092055,45.94208551773649,899500
2014-06-20,46.13471603393555,46.18287314936573,46.06592090456841,46.141597121491834,497100
2014-06-23,46.09037399291992,46.15966621999778,45.97951594485387,46.15966621999778,458300
2014-06-24,45.82014083862305,46.16658075047602,45.785500019189875,46.055722727534906,883600
2014-06-25,45.94487380981445,45.97258964579464,45.70236685280677,45.730082688786965,595600
2014-06-26,45.91023254394531,45.99337476484186,45.59150836257989,45.94487337390049,468400
2014-06-27,45.965667724609375,45.97259800642857,45.730091005318265,45.83402408758158,420300
2014-06-30,45.95179748535156,46.02801470177797,45.868649989362446,45.965652758222525,530100
2014-07-01,46.16657638549805,46.29129495342331,46.00028672368204,46.04878809530558,689500
2014-07-02,46.152732849121094,46.201234233074544,46.083445912938224,46.201234233074544,713600
2014-07-03,46.3606071472168,46.3606071472168,46.228958244796615,46.28438991805304,306100
2014-07-07,46.319026947021484,46.353673061526635,46.23588473021694,46.30517167297236,450000
2014-07-08,46.11116027832031,46.29823552869049,46.04186805808656,46.26358941857361,444200
2014-07-09,46.23587417602539,46.28437555350833,46.09036475732288,46.242799168341755,433600
2014-07-10,46.1250114440918,46.2150839216206,45.79935706850143,45.85478872525165,531700
2014-07-11,46.1319580078125,46.1596738459716,45.993378817017046,46.11809744560515,327400
2014-07-14,46.312103271484375,46.402181067541896,46.29131771431899,46.34674939093044,375500
2014-07-15,46.2427978515625,46.388301979868054,46.08343845276507,46.3605914388843,431200
2014-07-16,46.52688980102539,46.55460563343626,46.36752508622653,46.41602647138192,418100
2014-07-17,46.02800750732422,46.52688183277299,45.96564557351632,46.43680407130087,532000
2014-07-18,46.40216064453125,46.436801462475195,46.069576017498854,46.15965377391039,321200
2014-07-21,46.29130554199219,46.332881931646064,46.09730001112162,46.28438054892842,393500
2014-07-22,46.43681716918945,46.48531855971866,46.367530223612754,46.422961894576154,375300
2014-07-23,46.51995849609375,46.58232043920742,46.416025448407225,46.499172943807324,336200
2014-07-24,46.52688980102539,46.59617673892531,46.45760286312548,46.55460563343626,474700
2014-07-25,46.37445831298828,46.48531636342227,46.29131081047165,46.45067553539814,435900
2014-07-28,46.42989730834961,46.464538141840336,46.14581392794492,46.374465631257614,479500
2014-07-29,46.25667953491211,46.596189322687835,46.228963695016304,46.547687924434165,401100
2014-07-30,46.1042366027832,46.40910549946611,45.937946880162976,46.36752910411982,670200
2014-07-31,45.182708740234375,45.82708741692557,45.17577845938134,45.81323214147492,751500
2014-08-01,45.09956359863281,45.2935744689246,44.891702738418026,45.03720692644509,759600
2014-08-04,45.2935791015625,45.36286606205412,44.891707329952396,45.161930176249065,999100
2014-08-05,44.850128173828125,45.17577735840847,44.70461871073771,45.14113652749837,614800
2014-08-06,44.93326950073242,45.05105783873677,44.70461781901446,44.71154809956035,351800
2014-08-07,44.753116607666016,45.13420272170021,44.63532827651177,45.106486887383646,444800
2014-08-08,45.21735382080078,45.231209095933536,44.725409616630714,44.80855183993786,344900
2014-08-11,45.35593032836914,45.54301091409138,45.32821449025268,45.383646166485605,1312600
2014-08-12,45.33514404296875,45.432146831690076,45.20349513559458,45.33514404296875,441800
2014-08-13,45.62614440917969,45.64692996222471,45.39056775966334,45.48064025160996,562100
2014-08-14,45.799373626708984,45.799373626708984,45.619223320266485,45.6885155593829,516500
2014-08-15,45.79243087768555,46.01415752447973,45.47370675230024,45.93101003193191,517800
2014-08-18,46.1250114440918,46.1250114440918,45.96564675249835,46.02107840924857,525900
2014-08-19,46.346736907958984,46.346736907958984,46.15273137832774,46.20123276073556,500600
2014-08-20,46.43681716918945,46.49224884015286,46.29131299760184,46.305173558470244,479400
2014-08-21,46.58230972290039,46.63773608749517,46.46451614328519,46.478376699123764,712500
2014-08-22,46.47146987915039,46.61004378996668,46.38832236090711,46.55461739739368,526600
2014-08-25,46.67932891845703,46.76247113777494,46.61003668735206,46.67239863809553,500400
2014-08-26,46.658538818359375,46.7901877160435,46.6377532631998,46.720900770093216,545700
2014-08-27,46.7416877746582,46.7416877746582,46.6308297149512,46.70011666304999,365400
2014-08-28,46.727840423583984,46.755556264774576,46.56154537644045,46.61004677695993,381900
2014-08-29,46.880252838134766,46.880252838134766,46.66545649158708,46.8317461741936,274000
2014-09-02,46.76247787475586,46.95648346278771,46.596188125907965,46.94955846768357,534900
2014-09-03,46.720890045166016,46.95646666457065,46.65852810774755,46.95646666457065,381000
2014-09-04,46.658538818359375,46.91490633325606,46.533825487401934,46.78325743557193,308200
2014-09-05,46.901058197021484,46.90798319229192,46.55461812828593,46.66547620142822,420100
2014-09-08,46.727840423583984,46.873344625142444,46.61697705882163,46.866414343280745,576200
2014-09-09,46.478389739990234,46.76939805921311,46.37445668705216,46.707041399203064,508700
2014-09-10,46.658538818359375,46.672399379302504,46.32595936329596,46.5061096517708,365000
2014-09-11,46.769405364990234,46.769405364990234,46.443750881833125,46.4922522759466,491100
2014-09-12,46.506099700927734,46.72782105228032,46.37445083141232,46.72782105228032,399300
2014-09-15,46.568450927734375,46.63773785078735,46.40216125515656,46.51994955297196,721400
2014-09-16,46.85254669189453,46.92876391347537,46.42295919628021,46.471460583990314,557000
2014-09-17,46.91489028930664,47.115826064225054,46.734740062439556,46.901035019356854,567100
2014-09-18,47.122772216796875,47.12969721097796,47.011908874838284,47.06734054581758,616900
2014-09-19,47.17818069458008,47.33754536659335,47.1019687837294,47.28211371665368,624400
2014-09-22,46.91236114501953,47.149576930426555,46.84259367504691,47.13562024268197,1912200
2014-09-23,46.64029312133789,46.90541712322961,46.63331477315125,46.79378484392361,632700
2014-09-24,46.891441345214844,46.91934940368465,46.521668885596156,46.661203855027324,456900
2014-09-25,46.18678283691406,46.81470091765294,46.17980981368032,46.81470091765294,923600
2014-09-26,46.51469421386719,46.61934811066481,46.16585143982063,46.27050533661826,836200
2014-09-29,46.41004180908203,46.47981462446908,46.08213406218791,46.1728312701052,614400
2014-09-30,46.33330154418945,46.59144180001219,46.23562066670259,46.46585818372166,514200
2014-10-01,45.775146484375,46.25655118695268,45.670492593868815,46.25655118695268,872000
2014-10-02,45.754234313964844,45.89376933952835,45.36352666113098,45.74027761765648,740200
2014-10-03,46.158878326416016,46.21468912473622,45.8379382907538,46.047246083939015,556100
2014-10-06,46.13097381591797,46.3821410579021,45.95655241581336,46.31934658594672,705200
2014-10-07,45.510032653808594,46.02631849177828,45.49607596139619,45.970502367965736,676400
2014-10-08,46.29143142700195,46.33329617619418,45.335605707618576,45.55886485261154,787200
2014-10-09,45.45420837402344,46.305385479220824,45.426300317124785,46.2356126755154,1011000
2014-10-10,45.063514709472656,45.68445985064228,45.04956333820691,45.377476453603705,922800
2014-10-13,44.463497161865234,45.2518825321138,44.42163507320689,45.0425747502811,1086000
2014-10-14,44.449546813964844,44.944902927552214,44.3030334837138,44.67280598238336,1297700
2014-10-15,44.114654541015625,44.261167859575,43.12394239289908,43.95418719286121,2146200
2014-10-16,44.01698303222656,44.30303401151181,43.416973011906464,43.416973011906464,1197800
2014-10-17,44.52629852294922,44.770487438897405,44.28210960700104,44.561182273590454,1301800
2014-10-20,44.9658203125,44.97279865667031,44.48441836162971,44.50535073268215,1340100
2014-10-21,45.69840621948242,45.747243997945276,45.18909339586811,45.28677427571246,1218200
2014-10-22,45.53096389770508,45.97050391091483,45.51003418130253,45.83096891961867,1413600
2014-10-23,45.942588806152344,46.20073435569318,45.82398354943813,46.012356291106705,822200
2014-10-24,46.319332122802734,46.340261832613024,45.90770030208827,46.04025690519245,568800
2014-10-27,46.26353454589844,46.430982937287524,46.03330232284699,46.08911313039085,800800
2014-10-28,46.73099136352539,46.73099136352539,46.347262092497424,46.43098629424522,723600
2014-10-29,46.75191116333008,46.91935420837776,46.40306838111166,46.80772196306702,992200
2014-10-30,46.98911666870117,47.393775530244596,46.542598381107695,46.63329557852211,685800
2014-10-31,47.477508544921875,47.54727604230101,47.23331431971664,47.54727604230101,979000
2014-11-03,47.57518768310547,47.72170103549392,47.46355542056994,47.477512114846505,639700
2014-11-04,47.50539016723633,47.62400071526382,47.275158060525705,47.48446045961868,794000
2014-11-05,47.81239700317383,47.82635369708451,47.554256717936454,47.81937535012917,862600
2014-11-06,47.93797302246094,47.944951368308296,47.596108596796064,47.840297472270976,712800
2014-11-07,48.04960632324219,48.06355769232609,47.84727687255605,47.944952424898545,578500
2014-11-10,48.154258728027344,48.19612348444503,47.96588595436357,48.0635615144735,719000
2014-11-11,48.17520523071289,48.20310797773891,48.07055129914507,48.18217825600936,475900
2014-11-12,48.168212890625,48.20309397573533,47.97286178066791,48.02169955815718,712600
2014-11-13,48.23100280761719,48.43333226699409,48.04960838714295,48.182165029348184,723900
2014-11-14,48.28681564331055,48.328675072427565,48.16821037886684,48.244956214193536,525300
2014-11-17,48.384490966796875,48.405420681257446,48.161231807687045,48.210069582401125,422700
2014-11-18,48.600772857666016,48.68449170819532,48.4054164529562,48.42635148850629,630400
2014-11-19,48.53798294067383,48.593799061530355,48.31472378016596,48.56589100110209,720800
2014-11-20,48.67053985595703,48.67751287815318,48.35657820084613,48.37750791326998,566000
2014-11-21,48.8798713684082,49.179876511682586,48.7054498972701,49.179876511682586,584400
2014-11-24,48.921730041503906,49.02637865280248,48.84498417793815,49.02637865280248,810200
2014-11-25,48.83798599243164,48.99845600277643,48.76821850559749,48.99845600277643,675100
2014-11-26,49.026371002197266,49.0333493495016,48.84497655563968,48.88683599362692,576900
2014-11-28,48.914730072021484,49.05426504068971,48.82403287467892,49.019383959981575,303600
2014-12-01,48.60776138305664,48.83799894128049,48.454269677574075,48.768231435948266,1083500
2014-12-02,48.8798713684082,48.949644215200145,48.5868445743972,48.60777429926643,518700
2014-12-03,49.040313720703125,49.09612983739186,48.88682206126802,48.95658954567001,652700
2014-12-04,48.94963073730469,49.096144093968896,48.75427427216634,48.99149017551749,830500
2014-12-05,48.97753143310547,49.075207000131165,48.8659044948986,49.02636921661832,596400
2014-12-08,48.54497528076172,48.90079117722847,48.3705538449926,48.86591008382652,773100
2014-12-09,48.440303802490234,48.45425517021181,47.88215328110562,48.12634746103505,842000
2014-12-10,47.65193176269531,48.35659043282702,47.568207568903844,48.35659043282702,857400
2014-12-11,47.83332061767578,48.34263342204603,47.7286720412942,47.896115086423166,682900
2014-12-12,47.024009704589844,47.70773860012346,46.996101642314386,47.54029554938932,816800
2014-12-15,46.66819763183594,47.37286170318102,46.49377620091327,47.25425640765432,1176200
2014-12-16,46.403076171875,47.43564799976905,46.34726003984848,46.403076171875,832900
2014-12-17,47.33796691894531,47.421691107237656,46.47981661135324,46.577492169568295,906500
2014-12-18,48.4720344543457,48.4720344543457,47.761485002065385,48.0710323609552,1071100
2014-12-19,48.626800537109375,48.78860545497712,48.429812469350324,48.54941370947662,812200
2014-12-22,48.8730354309082,48.88710332536496,48.62680702258933,48.72529838591688,637600
2014-12-23,49.02781295776367,49.126304328827345,48.98559853632412,49.08408990738779,891900
2014-12-24,49.041873931884766,49.15443855000073,48.99966488377949,49.15443855000073,649000
2014-12-26,49.18960952758789,49.27403298870334,49.126295957283496,49.182578264693795,482700
2014-12-29,49.21072006225586,49.323284690826554,48.99263280362128,48.99263280362128,514600
2014-12-30,48.94338607788086,49.18258322480979,48.91524492133764,49.126300911723355,1213800
2014-12-31,48.36650085449219,49.070013594193895,48.33835970081897,49.070013594193895,605600
2015-01-02,48.352439880371094,48.654950616425864,48.071033670747134,48.591631669756396,673500
2015-01-05,47.480072021484375,48.148412326635665,47.38861730004048,48.14137569656271,1154700
2015-01-06,47.17052459716797,47.78961378730193,46.945400767357846,47.61373562753229,1061700
2015-01-07,47.70519256591797,47.782579389220174,47.353436229953665,47.57856007027579,833100
2015-01-08,48.598655700683594,48.66196926356052,48.106193619679765,48.23282611280925,1002400
2015-01-09,48.22580337524414,48.683082389853325,48.03585191828585,48.683082389853325,992000
2015-01-12,47.90922164916992,48.359469421578495,47.74741670737953,48.29615584454143,872700
2015-01-13,47.81776428222656,48.58459063234687,47.466007893941686,48.303189815620186,1293800
2015-01-14,47.59967041015625,47.62077493173401,47.036858120329015,47.34640541647157,1113400
2015-01-15,47.261993408203125,47.83183709830458,47.18460656542675,47.77556014959392,868700
2015-01-16,47.77555847167969,47.817767523574545,47.156463751211724,47.17053701342793,665600
2015-01-20,47.93032455444336,48.021784652462856,47.480076797256544,47.96550234097034,759600
2015-01-21,48.120262145996094,48.23282136916578,47.613732223294804,47.831819408256436,646100
2015-01-22,48.76045608520508,48.767492713997505,47.95142089745491,48.3735273796235,1001100
2015-01-23,48.359466552734375,48.64790936624117,48.331325397706166,48.64790936624117,790700
2015-01-26,48.4720344543457,48.48610234912393,48.0710323609552,48.32429740597835,566400
2015-01-27,47.71222686767578,48.02177414578213,47.52228081716764,47.93735069701436,994100
2015-01-28,47.233848571777344,48.190626401250704,47.191639521687144,48.17655850701286,823200
2015-01-29,47.754451751708984,47.81777070113579,46.95244750815102,47.34641836573155,726400
2015-01-30,46.97353744506836,47.62077316456401,46.90318725329455,47.37453944229227,1002700
2015-02-02,47.61374282836914,47.634847351953155,46.713247372942746,47.170531730976045,943800
2015-02-03,48.24690246582031,48.26800698813274,47.8036860277554,47.84590043975623,853800
2015-02-04,48.021785736083984,48.35243761434291,47.92329437243793,48.085099312409255,811500
2015-02-05,48.521270751953125,48.54237527372678,48.2187600826537,48.26800575591753,688800
2015-02-06,48.331329345703125,48.725300180903524,48.19766555762128,48.64087670892266,603200
2015-02-09,48.15544128417969,48.36649723725624,48.014740893712556,48.183582435748285,479100
2015-02-10,48.65494918823242,48.7182627656664,48.19766478193852,48.5283166659876,793600
2015-02-11,48.626800537109375,48.73935977988137,48.373535531652344,48.6338317997116,646700
2015-02-12,49.105194091796875,49.105194091796875,48.851929062118145,48.86599695604406,651900
2015-02-13,49.2529296875,49.259960950568576,49.00670129569,49.19664737869303,789900
2015-02-17,49.29513931274414,49.31624383694982,49.04187428752303,49.18258006118834,669800
2015-02-18,49.288108825683594,49.29514545708805,49.07002155853965,49.18258619150241,456600
2015-02-19,49.14739227294922,49.259951501595815,49.020759786112194,49.16146016376428,739400
2015-02-20,49.365478515625,49.3865830351279,48.830812796967386,49.08407239837742,564700
2015-02-23,49.40770721435547,49.40770721435547,49.196651223523034,49.28810595694946,568800
2015-02-24,49.58357238769531,49.64688594788101,49.30216626299407,49.421762121595094,509200
2015-02-25,49.4428825378418,49.58358832911788,49.358464430453274,49.58358832911788,550400
2015-02-26,49.4428825378418,49.48509159153606,49.23183190199336,49.40771011555562,519800
2015-02-27,49.27402114868164,49.4710038099086,49.25994789152259,49.42175814460186,468400
2015-03-02,49.42177200317383,49.43583989690275,49.23885718043901,49.30217612066034,645600
2015-03-03,49.2529296875,49.351421044224,49.04187371316206,49.34438441377903,702200
2015-03-04,48.99966049194336,49.14036088460094,48.81674568758776,49.14036088460094,557700
2015-03-05,48.908199310302734,49.05594169687177,48.80267670186172,49.027800545495566,436900
2015-03-06,48.23284149169922,48.79565394447582,48.12731885325878,48.78158068109887,1043300
2015-03-09,48.415733337402344,48.584574846053,48.30317412076017,48.310205381730135,553500
2015-03-10,47.691139221191406,48.120282511358035,47.68410258946056,48.120282511358035,723200
2015-03-11,47.50117874145508,47.824799331266206,47.46600632421568,47.824799331266206,714100
2015-03-12,48.049922943115234,48.04992294311524,47.61374310612152,47.61374310612152,592600
2015-03-13,47.77555847167969,47.95846794147532,47.43786995439017,47.95846794147532,594700
2015-03-16,48.34538650512695,48.35945439541621,47.91624339173997,47.92328002057218,552900
2015-03-17,48.2398681640625,48.324291624762616,48.0147443029051,48.21876364073153,458300
2015-03-18,48.86598205566406,49.05593345369076,47.944382314302764,48.08508268016521,1733000
2015-03-19,48.52831268310547,48.73936329127397,48.47203037397664,48.690117612630345,432600
2015-03-20,48.887107849121094,49.04188153935112,48.66198394534395,48.78861647667967,463200
2015-03-23,48.916847229003906,49.1222320638642,48.88143400105214,48.916847229003906,1542900
2015-03-24,48.53441619873047,48.92394016633705,48.5202541468634,48.91685643875302,616600
2015-03-25,47.996150970458984,48.72562338510976,47.98198892313629,48.65479693859858,643000
2015-03-26,47.86160659790039,48.10239929585753,47.62789222402377,47.86160659790039,1125100
2015-03-27,47.96075439453125,48.01032967673208,47.762453265727956,47.88284960774417,553600
2015-03-30,48.569828033447266,48.668978603561904,48.2227956347452,48.2227956347452,552100
2015-03-31,48.371517181396484,48.569818281811735,48.1802944036391,48.35734972948126,483400
2015-04-01,48.05990219116211,48.2511195819815,47.81910411769674,48.2511195819815,851200
2015-04-02,48.19446563720703,48.35026979740176,48.017410297471955,48.05990184995232,476400
2015-04-06,48.555667877197266,48.70439375472454,47.98909387756501,48.00325593115262,580600
2015-04-07,48.47066879272461,48.73270722259571,48.4706687927246,48.61231089517926,429700
2015-04-08,48.47066879272461,48.63355667021748,48.29361346300635,48.562735618990146,461900
2015-04-09,48.71854782104492,48.77520682642559,48.336107639675646,48.44234192393936,425800
2015-04-10,49.11515426635742,49.11515426635742,48.7964567895211,48.83186461844702,387400
2015-04-13,48.853111267089844,49.14347921186424,48.83186008774528,49.079741883730875,412400
2015-04-14,48.980594635009766,49.05141569437487,48.70438331787506,48.846030839905744,378100
2015-04-15,49.29219436645508,49.455087619665754,49.164714334511615,49.18596010595237,424600
2015-04-16,49.26386260986328,49.40551008513439,49.093891042836646,49.25678428857375,446400
2015-04-17,48.768131256103516,49.0655829791488,48.569830107406666,49.05142092708519,643800
2015-04-20,49.22846221923828,49.36302058691952,49.0018316279178,49.015993675931796,496700
2015-04-21,49.0372428894043,49.455096279671565,48.952259788760024,49.42676677835684,528700
2015-04-22,49.285125732421875,49.32762269161469,48.90269092279064,49.16472938852683,581400
2015-04-23,49.3417854309082,49.49759500908773,49.100992739758524,49.157651750605744,403400
2015-04-24,49.511741638183594,49.54006572839306,49.32760263203166,49.45508265116786,352900
2015-04-27,49.3417854309082,49.64632086008618,49.29929387442313,49.6038293036011,433100
2015-04-28,49.724212646484375,49.724212646484375,49.2213762141316,49.384269476896236,795900
2015-04-29,49.511741638183594,49.68171319593239,49.341764677136396,49.462160972071025,650300
2015-04-30,49.19304656982422,49.4834198711457,49.00182921291194,49.440922922599114,563500
2015-05-01,49.511741638183594,49.54006572839306,49.24969787570963,49.341764677136396,390100
2015-05-04,49.65339279174805,49.78087283422016,49.56132597346795,49.61090124535714,429300
2015-05-05,49.16471481323242,49.68171867095361,49.100977498289545,49.61797595271174,468300
2015-05-06,48.95225143432617,49.41259089305187,48.676045597771164,49.37009934998155,548200
2015-05-07,49.05141067504883,49.20722023168867,48.81769634008905,48.95226012142346,423500
2015-05-08,49.68171691894531,49.72420846074212,49.4692484033637,49.4692484033637,438800
2015-05-11,49.41261291503906,49.681740549891906,49.377205081133056,49.65341104078627,350800
2015-05-12,49.285125732421875,49.39844375253527,48.93809875160063,49.207226347719654,1016500
2015-05-13,49.30636978149414,49.54716243445352,49.23554332751802,49.41259865585868,321800
2015-05-14,49.752540588378906,49.75962431348605,49.54715578666444,49.56840155868678,502400
2015-05-15,49.80921173095703,49.80921173095703,49.68173166443187,49.79504427728734,260100
2015-05-18,49.858787536621094,49.915446545294984,49.710061691327496,49.73839119566444,383200
2015-05-19,49.83755111694336,49.91545591767264,49.717149350079,49.90128846119378,392400
2015-05-20,49.88003158569336,50.04292487916137,49.82337257898272,49.89419363572088,550700
2015-05-21,49.936683654785156,50.00750470168427,49.79503615768741,49.85169515652651,651200
2015-05-22,49.724212646484375,49.8729384585916,49.71005059912623,49.8729384585916,736300
2015-05-26,49.313446044921875,49.603819364858474,49.17180394948425,49.603819364858474,592400
2015-05-27,49.65339279174805,49.71713011133441,49.327611661719175,49.42676220549755,541000
2015-05-28,49.660491943359375,49.681737723154434,49.4409396111079,49.58966547297441,381100
2015-05-29,49.37718200683594,49.65338783741626,49.30636096881769,49.65338783741626,565100
2015-06-01,49.38427734375,49.57549473169161,49.22138405503667,49.57549473169161,460500
2015-06-02,49.299285888671875,49.44801171557896,49.0939010600955,49.27804011387084,506000
2015-06-03,49.32761001586914,49.5684026417826,49.27095102037214,49.44092260356394,357400
2015-06-04,48.93102264404297,49.320546644713595,48.84603951902496,49.185982825699845,704100
2015-06-05,48.72562789916992,48.9735042750252,48.66188517206442,48.895599499285005,443800
2015-06-08,48.52732467651367,48.75395529309137,48.52732467651367,48.72563119390676,379300
2015-06-09,48.57689666748047,48.72562789628457,48.442338293909714,48.55565089287981,523900
2015-06-10,49.108062744140625,49.24971024726188,48.81769481851662,48.83894059315987,608300
2015-06-11,49.24263381958008,49.33470606107995,49.143483254349874,49.18597480993409,530200
2015-06-12,48.831851959228516,49.065566263413814,48.74686886919692,49.05140421617495,421700
2015-06-15,48.591068267822266,48.71146460303786,48.37152137380556,48.57690081467913,572300
2015-06-16,48.881446838378906,48.88853056648959,48.46359873597196,48.55566558820535,664400
2015-06-17,49.001827239990234,49.15055304566714,48.72562140040469,48.98765978994537,599400
2015-06-18,49.52592086791992,49.66048465794898,49.11515117447353,49.11515117447353,407700
2015-06-19,49.24971008300781,49.47634068394622,49.24262635705043,49.40551963427167,358600
2015-06-22,49.53298568725586,49.70295723910171,49.44799720968383,49.56839350043721,426200
2015-06-23,49.49758529663086,49.639227392655116,49.398434748753964,49.59673584450776,403700
2015-06-24,49.12931442260742,49.4975871278751,49.12931442260742,49.44801185210253,326300
2015-06-25,48.9380989074707,49.29220961650204,48.931015180365904,49.29220961650204,455000
2015-06-26,49.023780822753906,49.09518051713854,48.8595566229665,48.97379504449241,503800
2015-06-29,48.08128356933594,48.75959426095409,48.0527280505359,48.58823391091729,921600
2015-06-30,48.06699752807617,48.481123296138655,47.924198168890804,48.481123296138655,759000
2015-07-01,48.388309478759766,48.48827558916599,48.195529756610256,48.46685077786264,850700
2015-07-02,48.402591705322266,48.5810936637661,48.28121168096786,48.516830126053634,621700
2015-07-06,48.24549102783203,48.40257356397947,48.009867223610875,48.059847535344566,893300
2015-07-07,48.60964584350586,48.67390392215474,47.738555572177866,48.27406135070444,810800
2015-07-08,47.93133544921875,48.34546122700623,47.85993576794937,48.28833930301213,653700
2015-07-09,47.959896087646484,48.566801545511346,47.952759932780246,48.545382186019694,707500
2015-07-10,48.46685028076172,48.56681094269511,48.28834832053101,48.4382893134311,411800
2015-07-13,48.91666793823242,48.938087297153174,48.76672697834083,48.86668761826856,373400
2015-07-14,49.073753356933594,49.10945047473075,48.838129500196494,48.923806940866974,619400
2015-07-15,48.98093032836914,49.10945194065789,48.859550318831644,49.080890977099635,459700
2015-07-16,49.345062255859375,49.35220385664978,49.2093990780681,49.27366259029118,511300
2015-07-17,49.10945510864258,49.245118332434046,49.01663605667571,49.23083512601013,544700
2015-07-20,49.073753356933594,49.17371400268024,48.988070468816474,49.17371400268024,402700
2015-07-21,48.79528045654297,49.059465249587085,48.688183666406516,48.995207175505215,591700
2015-07-22,48.65248489379883,48.788148101798605,48.538246492941,48.68104585587491,416100
2015-07-23,48.39544677734375,48.7453090665758,48.316905485227785,48.7453090665758,1507300
2015-07-24,47.917057037353516,48.366879925907455,47.8385157547962,48.33831896430057,495900
2015-07-27,47.738563537597656,47.87422676731002,47.54577837459089,47.73142193407401,802700
2015-07-28,48.27406692504883,48.31690564909479,47.74570268784257,47.974184961832876,1091400
2015-07-29,48.65962219238281,48.73102186753468,48.28119901137647,48.34545708477934,487100
2015-07-30,48.68104553222656,48.72388425133263,48.438280079917085,48.58108488934809,316900
2015-07-31,48.573951721191406,48.845278182499065,48.50255202780159,48.845278182499065,376400
2015-08-03,48.43115234375,48.602512697408066,48.19552845281552,48.602512697408066,816900
2015-08-04,48.33832550048828,48.55253001778088,48.224087086060145,48.44542775913458,421100
2015-08-05,48.545387268066406,48.823849865502105,48.47398757980416,48.602509197655024,666600
2015-08-06,48.3169059753418,48.58823242265724,48.15268723375869,48.57394921624741,521300
2015-08-07,48.13840866088867,48.27407189760459,47.98132605994343,48.27407189760459,741300
2015-08-10,48.75244140625,48.75244140625,48.388295979944324,48.4525595010317,370400
2015-08-11,48.33832550048828,48.44542775913458,48.12412643064284,48.40258903465492,449000
2015-08-12,48.42399597167969,48.48825948935682,47.75282707399685,47.9741731377228,973900
2015-08-13,48.33832550048828,48.50969129330123,48.238364845070976,48.45971096559258,546000
2015-08-14,48.552520751953125,48.566798508239174,48.27405820108321,48.29547755923533,311100
2015-08-17,48.72388458251953,48.74530394221816,48.23835912204683,48.42400265184577,442100
2015-08-18,48.566795349121094,48.70245853852161,48.509678880246035,48.6738975803612,397900
2015-08-19,48.15982437133789,48.523969877952425,47.92420593524355,48.374028892275206,532700
2015-08-20,47.37442398071289,47.90278831152314,47.3530046148953,47.84567181849224,811600
2015-08-21,46.060646057128906,47.153077151646784,46.060646057128906,47.03169712946643,2228700
2015-08-24,43.86863708496094,45.553695883949786,34.30807333297897,43.825798361283155,4100800
2015-08-25,43.4473762512207,45.66794108355897,43.4473762512207,45.439458791201695,2190900
2015-08-26,45.02533721923828,45.07531755219208,43.711562630758664,43.91862284282846,1699400
2015-08-27,46.067787170410156,46.07492877467377,45.18956050666353,45.66080561027517,1058700
2015-08-28,46.08920669555664,46.20344511342861,45.79646087626144,45.92498250102199,681300
2015-08-31,45.82502746582031,45.99638783737971,45.53942321492266,45.8750078011688,853200
2015-09-01,44.446983337402344,45.06103045063048,44.211359467744515,44.86824802738048,1352900
2015-09-02,45.13957214355469,45.13957214355469,44.59692471243764,45.09673069676435,1081300
2015-09-03,45.289512634277344,45.8035990953343,45.1895519832326,45.296651513470486,577500
2015-09-04,44.56837463378906,44.839698415618734,44.34703391395162,44.839698415618734,673600
2015-09-08,45.66080093383789,45.68222029698708,45.153856031999815,45.360916231130666,771500
2015-09-09,45.018184661865234,46.10347668600063,44.89680466100299,46.07491572448368,611100
2015-09-10,45.17527389526367,45.47515586429068,44.85396984007502,44.96107209971244,808200
2015-09-11,45.26809310913086,45.28237086746547,44.8753866618429,45.06816908404151,461000
2015-09-14,45.13243103027344,45.3037940955707,45.018189894649765,45.3037940955707,448800
2015-09-15,45.7464714050293,45.846432043483794,45.2609459693448,45.31806789058915,534300
2015-09-16,46.19630432128906,46.246284651382176,45.82502264737552,45.832164250945226,742500
2015-09-17,46.08206558227539,46.774654042660345,45.98924652630166,46.11062654890901,906800
2015-09-18,45.38232421875,45.81073041470375,45.24666103102269,45.47514324604222,764900
2015-09-21,45.575111389160156,45.84643234568993,45.3966094696796,45.58938914584223,519300
2015-09-22,45.06816101074219,45.1752632451301,44.825398306689486,44.996761336965555,682500
2015-09-23,44.9227294921875,45.21794206499269,44.81472650020513,45.17474196687975,1142800
2015-09-24,44.901123046875,45.02352696969167,44.389901816229546,44.63471240856253,1180700
2015-09-25,45.066749572753906,45.469968003637085,44.87234083357992,45.3547631300563,685000
2015-09-28,44.195499420166016,44.86512840734277,44.14509747461078,44.85072745908413,798100
2015-09-29,44.36109924316406,44.541106948097074,44.101887708588585,44.31069730551879,1061700
2015-09-30,45.109947204589844,45.13874635962316,44.649125016949874,44.85793468446948,997600
2015-10-01,45.066749572753906,45.31875937536786,44.59872822881273,45.18195444633469,949800
2015-10-02,45.69316101074219,45.70036285801328,44.48350885899364,44.6059155423027,1031900
2015-10-05,46.68679428100586,46.74439806323142,46.03156911173696,46.03156911173696,862500
2015-10-06,46.701194763183594,46.874000604583166,46.58598720665144,46.72279480668371,676900
2015-10-07,47.14042282104492,47.212424810714,46.71560174321789,46.97481330074632,707200
2015-10-08,47.63724899291992,47.70204913982502,46.996416410924795,47.046818356317665,630800
2015-10-09,47.543636322021484,47.781247821814276,47.428434242164016,47.72364403518582,555600
2015-10-12,47.48603057861328,47.54363436286803,47.38522670286708,47.54363436286803,417600
2015-10-13,47.21961975097656,47.558035095661516,47.17641416877497,47.29162173011405,397400
2015-10-14,47.06122589111328,47.327639334727465,46.974820194789636,47.17642799281097,662600
2015-10-15,47.694854736328125,47.694854736328125,47.12602955331507,47.23403530841391,724000
2015-10-16,47.982852935791016,48.00445298123577,47.702041358210835,47.81724892511509,441200
2015-10-19,47.88206100463867,47.88926285271633,47.70925510457859,47.860460953806225,384600
2015-10-20,47.83164978027344,47.9684574002191,47.687645807046025,47.76684414694149,320400
2015-10-21,47.63005447387695,48.076470203642664,47.60845442158518,47.94686439649113,446800
2015-10-22,48.580482482910156,48.68848820943346,47.88925352392026,47.88925352392026,1646100
2015-10-23,49.01249313354492,49.09169695584128,48.78208351233699,48.998094935581356,720600
2015-10-26,48.832489013671875,48.983694823632604,48.77488523081091,48.983694823632604,667800
2015-10-27,48.638084411621094,48.77488653281886,48.486873104224806,48.68128450322047,514200
2015-10-28,49.17091369628906,49.17091369628906,48.566084848343806,48.73169438212647,660400
2015-10-29,49.03410720825195,49.098912851128816,48.85409946850551,49.07731280130328,425200
2015-10-30,48.90449905395508,49.23571261988387,48.890100852566874,49.14931242475462,535400
2015-11-02,49.43732452392578,49.46612092590467,48.92609774770309,48.92609774770309,528400
2015-11-03,49.581329345703125,49.732535178948055,49.27171583189685,49.30771957507895,863700
2015-11-04,49.45171356201172,49.68212318894915,49.35090969356401,49.653321298907116,631400
2015-11-05,49.3005256652832,49.4949316269266,49.12051790719082,49.43733331932167,525000
2015-11-06,49.214115142822266,49.23571519273331,48.767699462260026,49.23571519273331,498100
2015-11-09,48.7244873046875,49.09890643070329,48.551681435279974,49.09890643070329,808200
2015-11-10,48.832489013671875,48.882890950325454,48.58768117661139,48.68128320371115,525700
2015-11-11,48.7964973449707,48.99811063484952,48.77489729440523,48.94770868572993,395200
2015-11-12,48.09086227416992,48.558883436478,48.06926222710024,48.54447974283184,588000
2015-11-13,47.730838775634766,48.07645045715149,47.68043684318863,47.95404654883926,639200
2015-11-16,48.46527099609375,48.47967468828011,47.64443633023899,47.64443633023899,521500
2015-11-17,48.32847213745117,48.73888949803554,48.198866366035084,48.55888178736872,460600
2015-11-18,48.93330001831055,48.969303761195455,48.393276835436225,48.46527882780615,539000
2015-11-19,49.04130172729492,49.11330371375352,48.91889780097536,48.933296000907305,857700
2015-11-20,49.07732009887695,49.350929926351995,48.990914393326435,49.206920417101124,464200
2015-11-23,49.01969528198242,49.20689932365848,48.918891415418784,49.08449541331674,601300
2015-11-24,49.18531036376953,49.286114253049284,48.71729466071351,48.810896702644726,501000
2015-11-25,49.091705322265625,49.20690740580349,49.02689968688838,49.20690740580349,542200
2015-11-27,49.149314880371094,49.192514980094096,48.9981090379403,49.09891293289416,135800
2015-11-30,49.01249313354492,49.250104600433986,48.990893089900226,49.2068990197459,642100
2015-12-01,49.444522857666016,49.46612290671506,49.13490933669636,49.1925131297605,707800
2015-12-02,48.89009094238281,49.473314114883976,48.81808896323682,49.4445122245458,875000
2015-12-03,48.27086639404297,49.062899190176964,48.09085869067619,49.062899190176964,968500
2015-12-04,49.127716064453125,49.19251621566522,48.33567759363588,48.35728313744032,759800
2015-12-07,48.803688049316406,48.98369575412705,48.522876469283744,48.98369575412705,875900
2015-12-08,48.35727310180664,48.63088283914256,48.148463502234776,48.40767504008955,832700
2015-12-09,48.2204704284668,48.918901282967546,47.92525512155418,48.25646867755869,980500
2015-12-10,48.2924690246582,48.65248445066383,48.14846505161574,48.30686722460268,869700
2015-12-11,47.45724105834961,47.9252567664059,47.37803721686931,47.7668490834453,1306900
2015-12-14,47.745243072509766,47.745243072509766,47.104416066663454,47.50043522461312,1143700
2015-12-15,48.33566665649414,48.53007805294086,48.069258770591915,48.17726449157352,748700
2015-12-16,49.01249313354492,49.09169695584128,48.335662467884696,48.58047578045489,1092900
2015-12-17,48.35727310180664,49.09890397656919,48.34286940892623,49.091702130128986,883900
2015-12-18,47.52924346923828,48.24927440290115,47.52204162174963,48.24927440290115,1207300
2015-12-21,47.840965270996094,47.89909657467147,47.492188536356345,47.79736956509269,1279700
2015-12-22,48.34960174560547,48.429530895426545,47.81916334622069,48.073486392218165,812600
2015-12-23,49.07621765136719,49.07621765136719,48.640244075600094,48.69110756704451,1133200
2015-12-24,48.938167572021484,49.083495823800405,48.88003627130991,49.03989457641375,414900
2015-12-28,48.81462860107422,48.829158650197776,48.538513318091745,48.74922952075731,1173100
2015-12-29,49.2796745300293,49.35960367041004,49.11981624926781,49.16341749001511,811100
2015-12-30,48.98176574707031,49.236083242099134,48.93089670435893,49.20701759356646,824200
2015-12-31,48.50218963623047,48.91636541587028,48.50218963623047,48.792840570507025,738200
2016-01-04,47.9208869934082,47.9208869934082,47.33232288019421,47.790094352282274,2195500
2016-01-05,48.160675048828125,48.21153854638448,47.74649927052477,47.97901890845463,1176200
2016-01-06,47.528499603271484,47.76828141651991,47.25237881270719,47.50669621688196,1384000
2016-01-07,46.50397872924805,47.208805543856215,46.351388214287454,46.8018975039613,1662200
2016-01-08,45.980796813964844,46.860011781118466,45.893602651333296,46.82368388286215,1629100
2016-01-11,46.03165817260742,46.32957408865287,45.58115178606726,46.235114905119374,1899600
2016-01-12,46.27871322631836,46.49670279294865,45.72647982809108,46.43857150268658,1216600
2016-01-13,45.414031982421875,46.61296353549883,45.32683781713433,46.540302193067966,1274900
2016-01-14,46.242393493652344,46.518508872149965,45.39950898845022,45.61023080771404,1527700
2016-01-15,45.348628997802734,45.49395443314953,44.79639566970746,45.12337443442259,2333500
2016-01-19,45.34136962890625,45.806408862539755,44.97078958395598,45.73374474987672,1635400
2016-01-20,44.694679260253906,45.050726544495056,43.75733560488798,44.680149207050796,2414000
2016-01-21,44.992591857910156,45.41403543725722,44.46942405453282,44.869067012010134,1359600
2016-01-22,45.83548355102539,45.87181422859878,45.421304956759144,45.697423095652304,950700
2016-01-25,45.188777923583984,45.770079757357415,45.15244725193629,45.67561779359135,816600
2016-01-26,45.9444694519043,45.9953329480893,45.392236019673184,45.392236019673184,600800
2016-01-27,45.71193313598633,46.41675957137266,45.41401729341558,45.81366009122731,908100
2016-01-28,46.017127990722656,46.17698348570283,45.58115165532104,46.07525650566482,1749300
2016-01-29,47.13613510131836,47.13613510131836,46.30051578583426,46.344111483504754,2631700
2016-02-01,47.01987075805664,47.2233247311863,46.60569501455554,46.787351139664885,2127800
2016-02-02,46.25691604614258,46.51849854054056,46.10432556478063,46.51849854054056,2017600
2016-02-03,46.721961975097656,46.81642117327487,45.70468647038981,46.56210368302428,1529100
2016-02-04,46.79462814331055,47.01261221010508,46.44584587525078,46.569370734138296,1419000
2016-02-05,46.32231521606445,46.794622283871284,46.12612625429174,46.678359694507286,1520600
2016-02-08,46.10432434082031,46.227849173352354,45.530290329771226,45.8500041067828,1104400
2016-02-09,46.053466796875,46.35138276470884,45.63929100676095,45.63929100676095,1722500
2016-02-10,45.85727310180664,46.46763779884744,45.813674633499254,46.235118178246424,2287900
2016-02-11,45.29050827026367,45.5448257469377,44.89813035895009,45.20331133095892,2332600
2016-02-12,46.18424987792969,46.18424987792969,45.57388524441159,45.68287724605811,2053300
2016-02-16,46.85274887084961,46.85274887084961,46.34410840904772,46.66382495396863,1018200
2016-02-17,47.44132614135742,47.543053153315896,47.07074600139077,47.12160950737001,1284000
2016-02-18,47.448585510253906,47.564842555962684,47.31052507125093,47.5067112612556,1236500
2016-02-19,47.33232498168945,47.36139063030851,47.07073968782354,47.25239583391345,985600
2016-02-22,47.89908981323242,47.9281554609672,47.67383797291972,47.78283276599877,793100
2016-02-23,47.346858978271484,47.75376695777997,47.25966203536019,47.724701310142876,1126900
2016-02-24,47.48490524291992,47.53576873111231,46.63475599297374,46.95447251515703,955900
2016-02-25,48.015350341796875,48.015350341796875,47.419518448089995,47.601174580850696,776200
2016-02-26,47.75377655029297,48.26967942614591,47.71018084193278,48.26967942614591,906800
2016-02-29,47.37590408325195,48.01533704141626,47.37590408325195,47.76101963473895,650400
2016-03-01,48.32054138183594,48.342339235315926,47.63751240636229,47.77557287001072,905200
2016-03-02,48.68385696411133,48.68385696411133,48.12435836062042,48.25515103391407,706500
2016-03-03,48.88002395629883,48.88729175298319,48.44405039821475,48.654772152424705,892700
2016-03-04,49.0689582824707,49.236084379467805,48.698378184750695,48.88003433449697,1111500
2016-03-07,49.286949157714844,49.35234271234047,48.8655055488856,48.8655055488856,1177600
2016-03-08,48.872772216796875,49.18522101698341,48.785575268940484,49.054428367051706,1146200
2016-03-09,49.18522644042969,49.323281360126174,48.99630247109521,49.105297282007655,1107300
2016-03-10,49.170684814453125,49.46860355817792,48.68384766825989,49.31601305908925,1377900
2016-03-11,49.766510009765625,49.78830785757879,49.48312690078456,49.57032383574217,828300
2016-03-14,49.650264739990234,49.77378960267526,49.47587082874594,49.621199088116185,1527600
2016-03-15,49.56828689575195,49.58292488730428,49.282907470819886,49.34144827151314,1481700
2016-03-16,49.83903503417969,49.94147864632072,49.40730359779264,49.4877958048689,1109100
2016-03-17,50.300025939941406,50.40978853635133,49.75853753581204,49.882932539789756,1450200
2016-03-18,50.402496337890625,50.50493999360248,50.270782268723885,50.46835616385426,1182400
2016-03-21,50.43177032470703,50.51226257172115,50.20493158280956,50.3293266617365,1192200
2016-03-22,50.35857009887695,50.519554506661684,50.153682882699265,50.27075889933312,1101600
2016-03-23,50.0585823059082,50.307372449935514,50.014673893674676,50.292740034364755,772000
2016-03-24,50.06588363647461,50.06588363647461,49.700011925159664,49.802455557707106,772600
2016-03-28,50.07319259643555,50.204906609416525,49.91952717841743,50.18295520437938,784000
2016-03-29,50.46102523803711,50.475663232685044,49.84636344904498,50.00002889629301,709700
2016-03-30,50.63664245605469,50.841535303274256,50.563469230570185,50.70982126429845,819200
2016-03-31,50.51956558227539,50.72445284337136,50.47566276425744,50.62932821007942,740700
2016-04-01,50.74641036987305,50.77568077966662,50.09515910455558,50.20492174559152,873900
2016-04-04,50.57811737060547,50.724463850929595,50.468354718982184,50.70251243715701,635700
2016-04-05,50.117103576660156,50.40248305418215,50.0439303536882,50.30003942546959,857300
2016-04-06,50.51956558227539,50.534197994028325,49.992709435023386,50.146374880845364,776600
2016-04-07,50.05125427246094,50.300044371581485,49.839047997044204,50.19760073279542,730800
2016-04-08,50.226871490478516,50.50493200015033,50.08052502912695,50.3512665409033,866200
2016-04-11,50.13175582885742,50.60739028758872,50.10248541479204,50.38054597427219,859200
2016-04-12,50.600067138671875,50.67324037645407,50.1024813058887,50.175654543670895,728900
2016-04-13,50.973243713378906,50.99519512032428,50.68054526100372,50.85616209932538,893500
2016-04-14,50.9366569519043,51.04641957507571,50.85616473376252,50.9366569519043,717300
2016-04-15,50.90739822387695,50.97325804599012,50.812273572780384,50.92934963699461,839000
2016-04-18,51.26593780517578,51.302527206129454,50.717130287423224,50.76835209910311,821800
2016-04-19,51.55131912231445,51.57327611333181,51.33911845397739,51.40497267875256,783000
2016-04-20,51.43423080444336,51.66106941263582,51.361057600132014,51.55130681478998,1043800
2016-04-21,51.04643249511719,51.40498527765319,50.95862125780292,51.40498527765319,612100
2016-04-22,51.12690353393555,51.156173934236705,50.92201073182743,51.00250293696611,642400
2016-04-25,51.07568359375,51.07568359375,50.7829851628107,51.00250479894651,665700
2016-04-26,51.21471405029297,51.30252525959477,51.05372962461893,51.200081640121944,572700
2016-04-27,51.514739990234375,51.60254563125754,51.18545208811907,51.22204149371838,614400
2016-04-28,51.148860931396484,51.52205160051413,50.98787650225716,51.229353145966144,627700
2016-04-29,50.885440826416016,51.02447387015723,50.56347191786144,50.98056546632553,961700
2016-05-02,51.192771911621094,51.243993730630734,50.885440997563265,51.009836046192454,708100
2016-05-03,50.768348693847656,50.90006271258399,50.54151005487447,50.90006271258399,1221500
2016-05-04,50.52688980102539,50.7244580852822,50.4171271618784,50.55615462755551,1118800
2016-05-05,50.497615814208984,50.73908690391357,50.37321518785041,50.629329855302096,585500
2016-05-06,50.695186614990234,50.71713802580827,50.25614165035078,50.35126629148211,555800
2016-05-09,50.68055725097656,50.7756818978306,50.497621372808055,50.70250866311519,637500
2016-05-10,51.26593780517578,51.273256801918265,50.82689290752549,50.84884431499419,586500
2016-05-11,50.980560302734375,51.30252917867817,50.96592789144555,51.1927665543556,653700
2016-05-12,51.09031677246094,51.200079383560954,50.8049373332559,51.14153857993984,566600
2016-05-13,50.5707893371582,51.08300750954391,50.46834570268106,51.01715327999119,770700
2016-05-16,51.031776428222656,51.14153904031074,50.57809915297084,50.60736955504489,705300
2016-05-17,50.50493621826172,51.00252204427829,50.336638331927354,50.94398680450466,1791300
2016-05-18,50.40979766845703,50.78298833075397,50.124418215747184,50.43174907516416,865000
2016-05-19,50.3146858215332,50.343956232161524,49.93417606612496,50.219555591301145,723500
2016-05-20,50.5561408996582,50.70249290636736,50.453697286340905,50.512238089024564,577100
2016-05-23,50.446380615234375,50.60736502083893,50.40979122023049,50.556137634730334,484400
2016-05-24,51.03910827636719,51.12691950470069,50.68786894579294,50.702506941895074,902000
2016-05-25,51.44156265258789,51.55863869218644,51.17813458504235,51.22203740204693,699000
2016-05-26,51.44156265258789,51.52936828659705,51.331800027317406,51.49278446667957,500000
2016-05-27,51.624507904052734,51.624507904052734,51.47083685102688,51.51474525878857,489900
2016-05-31,51.59523010253906,51.78547937213458,51.37570484345593,51.726944141437095,712200
2016-06-01,51.68303680419922,51.726945206575536,51.33180308174485,51.426927718501375,698100
2016-06-02,51.84400939941406,51.84400939941406,51.46350535662787,51.60985177706301,665800
2016-06-03,51.829376220703125,51.89523043409344,51.48545599675458,51.74156502009137,1638800
2016-06-06,52.085506439208984,52.17331767555379,51.83671072761217,51.93915996139458,1121600
2016-06-07,52.23916244506836,52.37819548171831,52.18062163145162,52.18794062884353,770300
2016-06-08,52.363548278808594,52.407456672679494,52.253791251027046,52.28305606992994,571100
2016-06-09,52.30500411987305,52.363539330434065,52.06352753450287,52.20255494018728,742200
2016-06-10,51.990379333496094,52.15135821839128,51.81475686909405,51.990379333496094,753100
2016-06-13,51.57327651977539,51.99037002824874,51.56595752271192,51.79279618684825,715600
2016-06-14,51.53667449951172,51.58057730562578,51.25861408952658,51.47081470758298,785000
2016-06-15,51.45619583129883,51.778164714824236,51.3976550192471,51.63913168189115,929900
2016-06-16,51.70499038696289,51.748893203684574,51.01714981694188,51.26593988871008,913600
2016-06-17,51.64645767211914,51.726949903899296,51.37571056678953,51.726949903899296,976500
2016-06-20,51.946449279785156,52.290369484143305,51.91717888124854,52.22451527450418,856200
2016-06-21,52.099910736083984,52.24745849515585,51.90809414642158,52.070400058552366,857900
2016-06-22,52.01138687133789,52.35813035105408,51.98187618917193,52.15893465358061,773800
2016-06-23,52.70487976074219,52.70487976074219,52.33600463504514,52.461420826921085,579700
2016-06-24,50.99330139160156,51.944999928450656,50.904769331689565,51.07445437270723,3624600
2016-06-27,50.31455993652344,50.727703864039796,50.07848010448002,50.727703864039796,2837900
2016-06-28,51.037559509277344,51.037559509277344,50.550641671280054,50.84574287958865,2069900
2016-06-29,51.84907531738281,51.908096675321495,51.391673864824256,51.40642639001568,1364800
2016-06-30,52.719627380371094,52.719627380371094,51.86384009530348,52.01138788040876,1079100
2016-07-01,52.74177932739258,52.815553248399276,52.66800540638588,52.68276356774085,1060900
2016-07-05,52.44667434692383,52.608980338941336,52.32125812712447,52.549964583416866,992800
2016-07-06,52.726993560791016,52.73437263681746,52.05563835702983,52.33598696017662,2100600
2016-07-07,52.53520584106445,52.911460124883035,52.343389159115326,52.76390666623412,929700
2016-07-08,53.28031539916992,53.331957683233064,52.80077668796256,52.904061256088845,893200
2016-07-11,53.472137451171875,53.60493271350393,53.324584032698816,53.390984478158536,983000
2016-07-12,53.80411911010742,53.92953528578492,53.61230249351496,53.649192252755164,777600
2016-07-13,53.94429397583008,53.959046502520245,53.68607691576214,53.722966675368156,1302800
2016-07-14,54.16559982299805,54.298395038761115,54.040183682717775,54.23937369206966,1945800
2016-07-15,54.143489837646484,54.33530647666864,53.944299748783685,54.33530647666864,1389400
2016-07-18,54.12873840332031,54.23202298905325,54.04020634615447,54.17300161760935,690000
2016-07-19,54.069705963134766,54.12872732249625,53.98117392409252,54.12872732249625,829600
2016-07-20,54.2393798828125,54.3574225896685,54.143474404931546,54.32053283662949,523700
2016-07-21,54.11397933959961,54.283664372511154,53.98118407036943,54.25415368728359,1127000
2016-07-22,54.3721923828125,54.3721923828125,54.08447022920053,54.1508706800429,568800
2016-07-25,54.224647521972656,54.335311193653496,54.03283086629841,54.335311193653496,568900
2016-07-26,54.224647521972656,54.36482188134093,53.995946728130235,54.21726844290376,554800
2016-07-27,53.97380065917969,54.232012071531116,53.7672259007119,54.209880468841945,1273000
2016-07-28,53.87788772583008,53.95166160850167,53.62705539902936,53.86313520073034,795100
2016-07-29,53.95904541015625,54.05495090316844,53.69345490641346,53.7893660280126,578800
2016-08-01,53.80411911010742,54.01068825324377,53.700834538539254,54.01068825324377,1111300
2016-08-02,53.52376937866211,53.811491453249346,53.295063031451676,53.796733299965425,698900
2016-08-03,53.590152740478516,53.59753181554495,53.36145207068498,53.52375795063591,610500
2016-08-04,53.634429931640625,53.73771449518631,53.568035124469795,53.65656716261748,550200
2016-08-05,53.914772033691406,53.936903633397975,53.7303345313555,53.82624000627926,819600
2016-08-08,53.90739822387695,54.01068278498819,53.841003418271065,54.01068278498819,786500
2016-08-09,53.88527297973633,54.040199839682444,53.81149908860777,53.95166779317591,721600
2016-08-10,53.74509048461914,53.96641775298021,53.64918500357534,53.944286151861355,670900
2016-08-11,54.02545166015625,54.06233579439493,53.76723457754768,53.92216144996029,567800
2016-08-12,53.94429397583008,54.0328203931452,53.8557619299279,54.003309711177806,517600
2016-08-15,54.032814025878906,54.18036741832808,54.03281402587891,54.069703781137804,538000
2016-08-16,53.73035430908203,53.94430256597468,53.73035430908204,53.93692348716102,558500
2016-08-17,53.89264678955078,53.91477839186732,53.53114518975865,53.74509339312954,616000
2016-08-18,54.069705963134766,54.084458488681825,53.84837867982249,53.91477911625082,545800
2016-08-19,53.914772033691406,53.96641430920202,53.75246613106207,53.96641430920202,472900
2016-08-22,53.88527297973633,53.95904687086489,53.686077282243396,53.87789390204734,554300
2016-08-23,53.97380065917969,54.143480032187774,53.95166342790387,54.06232706993638,624900
2016-08-24,53.818878173828125,53.959052521662954,53.70822013984029,53.959052521662954,823200
2016-08-25,53.82624053955078,53.92952509159529,53.67131371148403,53.781977339699125,614500
2016-08-26,53.641822814941406,54.19513553145604,53.450006163878356,53.877902682177464,831400
2016-08-29,54.00330352783203,54.054945808215194,53.67131824373832,53.71558144732777,528000
2016-08-30,53.89264678955078,54.077084313637414,53.767224995446085,54.01806295506892,671900
2016-08-31,53.796749114990234,53.86314956711552,53.545916721287476,53.85577048830428,615700
2016-09-01,53.789363861083984,53.86313774724342,53.46475200767839,53.81149546407315,712800
2016-09-02,54.04020690917969,54.136112417334395,53.885280028966164,54.018075301804586,901100
2016-09-06,54.224647521972656,54.224647521972656,53.944304431824264,54.11398385029182,934300
2016-09-07,54.217262268066406,54.239393874164364,54.05495631856472,54.20988881842543,612700
2016-09-08,54.19511795043945,54.27627090615577,54.07708086940693,54.18036542603021,540300
2016-09-09,52.859798431396484,53.87051251659259,52.859798431396484,53.87051251659259,1871600
2016-09-12,53.590152740478516,53.686058202001746,52.57943334261095,52.69747602933348,1407500
2016-09-13,52.75316619873047,53.23591488398193,52.574922535315615,53.23591488398193,1544900
2016-09-14,52.60462951660156,53.06509277508832,52.47094535562649,52.79030164760783,967900
2016-09-15,53.109657287597656,53.21363322638362,52.48579598861813,52.57492065026198,730700
2016-09-16,52.91655731201172,53.02796172381608,52.71603390377489,53.013104780234826,737900
2016-09-19,52.946258544921875,53.28046606996158,52.87941364015612,53.102222434357934,936500
2016-09-20,52.9388427734375,53.25819909972917,52.9388427734375,53.22106806929696,738000
2016-09-21,53.52556610107422,53.562702796834614,52.9536983837081,53.11708511276683,819900
2016-09-22,53.807777404785156,53.896902061072744,53.67409325348545,53.79292612853557,1017800
2016-09-23,53.5478515625,53.74838067496827,53.518143335976376,53.74095220177115,634900
2016-09-26,53.08738327026367,53.40673959280338,53.05767504650831,53.40673959280338,644400
2016-09-27,53.384429931640625,53.46612609330083,52.98337759247097,53.094781964395054,579500
2016-09-28,53.69636535644531,53.733496370996534,53.14677194497245,53.46612813467513,435100
2016-09-29,53.22848129272461,53.71865840280218,53.06508892269875,53.65924196529035,928200
2016-09-30,53.577552795410156,53.75579646502049,53.44386862663639,53.466148377054665,737400
2016-10-03,53.414154052734375,53.51070718141831,53.28046989985644,53.48842176738581,1597500
2016-10-04,53.05765914916992,53.48841409889741,52.879409860045506,53.44385460974761,922000
2016-10-05,53.33988952636719,53.44386546634682,53.13193764640792,53.24334205817574,581300
2016-10-06,53.35474395751953,53.40673759684649,53.08738128624199,53.27305342807568,488200
2016-10-07,53.265628814697266,53.495860474045735,53.03539715534879,53.44387249721658,677700
2016-10-10,53.42900466918945,53.60724829650072,53.391867983129174,53.466135688986974,450100
2016-10-11,52.86456298828125,53.3695913503337,52.64918266234945,53.36216287943589,876500
2016-10-12,52.886844635009766,53.020528784658374,52.70860099089938,52.879416163845036,575400
2016-10-13,52.73088455200195,52.886848460161865,52.329832074049165,52.567492172140035,1116700
2016-10-14,52.75316619873047,53.10223071985481,52.7308864490866,52.96111808375844,604500
2016-10-17,52.626914978027344,52.8051586565867,52.574927002353185,52.7086111778388,746800
2016-10-18,52.827430725097656,52.99082310095738,52.70117504057462,52.95369207588425,450800
2016-10-19,52.84971618652344,52.93883517978882,52.708603558835165,52.87199593483978,543700
2016-10-20,52.68631362915039,52.84227750348912,52.500641540709644,52.76800980136532,545000
2016-10-21,52.68631362915039,52.745724391091954,52.5080643445383,52.597188986844344,336300
2016-10-24,52.901702880859375,53.01310161975872,52.77544153300107,52.901702880859375,504200
2016-10-25,52.901702880859375,53.05766678158189,52.842286442604106,52.901702880859375,908600
2016-10-26,52.97597122192383,53.131935124490425,52.72345418948494,52.797721905050444,514900
2016-10-27,52.89427185058594,53.20619963694048,52.84971235718191,53.20619963694048,667400
2016-10-28,52.790306091308594,53.139370633585614,52.61948522324767,52.91656179111732,906800
2016-10-31,52.89427185058594,53.04280727277482,52.86456363289553,52.879414908609164,479300
2016-11-01,52.537776947021484,53.020525550543,52.23327764300089,52.961109117376026,949000
2016-11-02,52.20356369018555,52.485783217323416,52.0995877766999,52.47093194379503,824300
2016-11-03,52.11445236206055,52.35954093485038,52.0327561711306,52.24813652301284,666900
2016-11-04,51.965911865234375,52.29269659714373,51.958483394164645,52.12930423118905,797400
2016-11-07,53.02054214477539,53.04282189762033,52.52294211035603,52.64176934761728,1618200
2016-11-08,53.28046417236328,53.45871346788154,52.983387679429,52.99081614997463,769000
2016-11-09,53.97116470336914,54.20140196057832,52.97596496652489,53.06508394817493,2227000
2016-11-10,54.15683364868164,54.39449369634199,53.80776921418558,54.23110135115128,1410500
2016-11-11,54.1048583984375,54.14942356339671,53.81521032438982,54.0231622066534,899400
2016-11-14,54.216270446777344,54.37223438043961,54.038026760629705,54.2608299517481,1748800
2016-11-15,54.61732482910156,54.624753302268324,54.179135572499746,54.25340897163771,1315500
2016-11-16,54.4242057800293,54.580169666183004,54.29052163957429,54.580169666183004,850100
2016-11-17,54.58017349243164,54.60988171086684,54.446489342604934,54.4687690898655,602500
2016-11-18,54.54302978515625,54.669285434447715,54.45390515057653,54.669285434447715,1034100
2016-11-21,54.91437911987305,54.91437911987305,54.654433661013236,54.66186213116245,1270500
2016-11-22,55.11491012573242,55.16689809146025,54.92180953891623,55.0629221600046,1087100
2016-11-23,55.07777404785156,55.10747659731597,54.90695322398599,54.98122093017255,941700
2016-11-25,55.352577209472656,55.3600056815916,55.14462532025441,55.14462532025441,501200
2016-11-28,55.21889877319336,55.38971965207248,55.16691079549356,55.308023449077844,974200
2016-11-29,55.248592376708984,55.359996775514794,55.085200013962215,55.21888415927656,1117100
2016-11-30,55.129756927490234,55.44168466448101,55.129756927490234,55.38969670831588,1139500
2016-12-01,55.01836395263672,55.30058353515282,54.92923929519106,55.22631582041315,1143900
2016-12-02,55.05548095703125,55.189165076025446,54.958933519081775,55.062909426492595,1413100
2016-12-05,55.322853088378906,55.4119777294012,55.19659742996078,55.28572207098307,1450100
2016-12-06,55.54567337036133,55.56795311866907,55.248596838309794,55.411989214251314,1184400
2016-12-07,56.303218841552734,56.303218841552734,55.47883407316414,55.54567899111507,1399500
2016-12-08,56.38490295410156,56.570575057348414,56.18437957575064,56.29578397095134,1504100
2016-12-09,56.763675689697266,56.763675689697266,56.38490301213025,56.45174791582463,1672200
2016-12-12,56.87509536743164,57.03848776896287,56.77854222129167,56.79339916666603,1367200
2016-12-13,57.231563568115234,57.31325974152972,56.986480714134316,57.07559969148645,1544300
2016-12-14,56.622581481933594,57.23901442561002,56.48889729735635,57.14246694029609,1722900
2016-12-15,56.912208557128906,57.12016606332688,56.518584622070996,56.667125697926686,1610800
2016-12-16,56.93450164794922,57.10531682539574,56.815668771235615,57.090465548938255,1385200
2016-12-19,57.120174407958984,57.1424541560265,56.92707381426804,57.00134152991425,1092900
2016-12-20,57.313255310058594,57.3503919919256,57.18699965773015,57.21670786997133,1369500
2016-12-21,57.17958068847656,57.36525279613675,57.17215788387956,57.30584202804541,1055600
2016-12-22,57.154876708984375,57.20731901963233,57.064973155395094,57.16237010072928,1075000
2016-12-23,57.22978973388672,57.22978973388672,57.10992405272836,57.177347426670664,759800
2016-12-27,57.3046875,57.38709762912868,57.2747196607004,57.28970643824066,1178800
2016-12-28,56.855186462402344,57.37960940792223,56.82521862040386,57.35713495536873,1020800
2016-12-29,56.922637939453125,56.99755471604436,56.81025991667444,56.922637939453125,1674600
2016-12-30,56.765296936035156,57.02002079795231,56.578002164189506,57.00503401536627,1199600
2017-01-03,57.06494903564453,57.22227590109075,56.78775653185962,57.1099036513297,2994500
2017-01-04,57.22978973388672,57.37213558880864,57.19232849339691,57.22978973388672,1690800
2017-01-05,57.102413177490234,57.237265599867655,56.937592915053266,57.229772210907505,1336900
2017-01-06,57.11741638183594,57.237287788543604,56.870191608122084,57.12490977370098,1226600
2017-01-09,56.7578010559082,57.04248701027903,56.75780105590821,57.027505945641416,2535300
2017-01-10,56.66040802001953,56.937606318991016,56.61545910723911,56.79526047414317,933800
2017-01-11,56.825225830078125,56.86268706627447,56.53304647824958,56.67539231685708,984600
2017-01-12,56.705360412597656,56.80275162504239,56.33077091211181,56.787770559967115,1037300
2017-01-13,56.7578010559082,56.885160110564996,56.65291645609885,56.750307665698394,1204200
2017-01-17,56.60047149658203,56.73532393511202,56.48809351184341,56.63043362444937,2606300
2017-01-18,56.69036102294922,56.70534780047338,56.52554076486881,56.63791873317644,781500
2017-01-19,56.480613708496094,56.765299717971466,56.33826784586685,56.69787634037853,1012000
2017-01-20,56.71284103393555,56.8476934659703,56.53303969648303,56.675385518014565,1040400
2017-01-23,56.503074645996094,56.667894928379994,56.338254363612194,56.667894928379994,1434100
2017-01-24,56.825225830078125,56.94509721328068,56.458129721639054,56.50307863244894,967500
2017-01-25,57.29721450805664,57.31219557365453,57.027509601035675,57.13988188247576,1645700
2017-01-26,57.177330017089844,57.27472121061338,57.0649520456205,57.237265697310974,805800
2017-01-27,57.16985321044922,57.25226336571137,57.09493644633345,57.23728229920131,1013500
2017-01-30,56.810245513916016,57.00502794051449,56.6004763063286,57.00502794051449,1963600
2017-01-31,56.74280548095703,56.832709002194676,56.50306847343776,56.6529076755005,961700
2017-02-01,56.480613708496094,56.84022220300777,56.36074802084761,56.82523541968727,1553100
2017-02-02,56.60047149658203,56.6154525605157,56.33825429359801,56.41317676061158,806300
2017-02-03,57.03498840332031,57.06495624563653,56.75779586451293,56.91512274983694,1269000
2017-02-06,56.90763854980469,57.01252315695755,56.817735008338346,56.9450997876946,644600
2017-02-07,56.87017822265625,57.04997957461486,56.81024253340941,56.96756943084593,566800
2017-02-08,56.90763854980469,56.930113006225675,56.74281824834094,56.87018302769719,707300
2017-02-09,57.20730972290039,57.29721326187949,56.90763697541896,57.034996035469334,889300
2017-02-10,57.38711929321289,57.45454838603723,57.23728575593246,57.29722145715786,761200
2017-02-13,57.694278717041016,57.76919547690573,57.469522721664475,57.51447163442682,845300
2017-02-14,57.91153335571289,57.91153335571289,57.50697604915317,57.664302937962795,825100
2017-02-15,58.19622039794922,58.241169305384126,57.82163092724043,57.87407322450839,677900
2017-02-16,58.21120834350586,58.271144037692416,58.031406976728576,58.18124621219497,979400
2017-02-17,58.271121978759766,58.28610875452426,57.95646827706824,58.091320680047495,813400
2017-02-21,58.61576843261719,58.68319752065972,58.36105029414746,58.391018142634955,990700
2017-02-22,58.55582809448242,58.64572590826175,58.45843117517927,58.53334792525594,758700
2017-02-23,58.76558303833008,58.81802532225177,58.50336590294136,58.72812181448019,871800
2017-02-24,58.863006591796875,58.88548105215524,58.60079502797698,58.61577609628809,888700
2017-02-27,58.89295196533203,58.93041319548632,58.75809953887032,58.84800306177187,1008300
2017-02-28,58.77307891845703,58.87796350094812,58.66070666277448,58.76559124526557,771100
2017-03-01,59.50727844238281,59.64962425809544,59.11021455200679,59.140182392987406,1314000
2017-03-02,59.18513488769531,59.49230098954838,59.14767365525123,59.49230098954838,920400
2017-03-03,59.1926383972168,59.23009392028289,59.03531148246107,59.185145006290554,766200
2017-03-06,59.057804107666016,59.15519535653782,58.67572107384164,58.94542607233128,921700
2017-03-07,58.84051513671875,59.02780987332056,58.79556622898448,58.94539973195322,741700
2017-03-08,58.66819381713867,58.915424209016045,58.62324491526316,58.915424209016045,709700
2017-03-09,58.7281379699707,58.810548112486416,58.480907542423566,58.690676735815615,1846700
2017-03-10,58.990352630615234,59.05778171256024,58.75061558017704,59.03530725717262,902800
2017-03-13,58.9528923034668,59.035302443690135,58.818039866354205,59.005334600356036,641000
2017-03-14,58.7281379699707,58.8480093466415,58.57830446491404,58.810548112486416,1895600
2017-03-15,59.267547607421875,59.387413268056,58.84800922152971,58.89295812979478,901900
2017-03-16,59.1701545715332,59.33496913533676,59.042789809083594,59.33496913533676,854600
2017-03-17,59.13270568847656,59.33498152744264,59.12521229717179,59.305019393789244,721300
2017-03-20,58.990352630615234,59.14019185950295,58.92292926445237,59.13269846911302,654400
2017-03-21,58.39101028442383,59.19263154728922,58.33856798557402,59.17015709289385,1429700
2017-03-22,58.45891571044922,58.53437462716157,58.17971138575259,58.406093893035944,972400
2017-03-23,58.3909912109375,58.700380214303266,58.270258111019686,58.41363406449607,692800
2017-03-24,58.315547943115234,58.59475230709316,58.1042606437361,58.48910865740359,1388500
2017-03-27,58.21745681762695,58.29291575131241,57.82506115102647,57.91561532573756,818000
2017-03-28,58.57963943481445,58.67774119224542,58.08915367624116,58.18724967652674,1130500
2017-03-29,58.572105407714844,58.62492722372454,58.41363995968576,58.54192069040271,1244500
2017-03-30,58.768306732177734,58.82867617635297,58.511745230153586,58.57965653699043,559200
2017-03-31,58.59476089477539,58.813595846104114,58.5947608947754,58.68530931798178,814200
2017-04-03,58.45138931274414,58.66267665910631,58.14200591475621,58.64003955158871,892000
2017-04-04,58.572105407714844,58.57964726918326,58.27026399173966,58.428729439768745,511000
2017-04-05,58.375911712646484,59.047505887730736,58.33063751208017,58.77584917003974,804000
2017-04-06,58.46647644042969,58.63248379156564,58.27782622777066,58.41365461117106,1048500
2017-04-07,58.39857482910156,58.617409824572526,58.35330060836589,58.47403378271073,741400
2017-04-10,58.39857482910156,58.640046934940365,58.25519878723976,58.489129027722036,607200
2017-04-11,58.39857482910156,58.39857482910156,57.983541948527474,58.34575298586024,698200
2017-04-12,58.20991516113281,58.368380665252445,58.10427149171972,58.3381959372561,1617300
2017-04-13,57.76469802856445,58.20990977170661,57.75715040797712,58.134450837276304,785900
2017-04-17,58.157100677490234,58.16464829973039,57.802437275139,57.855259116522234,629600
2017-04-18,58.02880096435547,58.126896992896704,57.847698389684304,57.98352100282739,631700
2017-04-19,57.80997085571289,58.17972365558495,57.749601406752845,58.15708655151182,749300
2017-04-20,58.12688446044922,58.24762332229612,57.8175012019717,57.91559720936295,642200
2017-04-21,57.96089172363281,58.11181535385152,57.86279568185152,58.066535386211996,545700
2017-04-24,58.57963943481445,58.67019357464025,58.39853691230823,58.52681762586908,666000
2017-04-25,58.86642074584961,58.96451679515035,58.72304472543844,58.79096180352993,621400
2017-04-26,58.76077651977539,59.092797014273394,58.76077651977539,58.84378308268694,764900
2017-04-27,58.768306732177734,58.85886089844059,58.60229939641644,58.85886089844059,610800
2017-04-28,58.549495697021484,58.790973572220345,58.48913198537119,58.790973572220345,534400
2017-05-01,58.511756896972656,58.677770022982834,58.42120271265396,58.677770022982834,622300
2017-05-02,58.46647644042969,58.594757203322395,58.37592226578022,58.55702485793155,503800
2017-05-03,58.45138931274414,58.51175877089002,58.240101966381964,58.36838274708065,735400
2017-05-04,58.45138931274414,58.5721282290359,58.232554344826625,58.5721282290359,672300
2017-05-05,58.70039749145508,58.700397491455085,58.44383022325331,58.511747289627735,689600
2017-05-08,58.640052795410156,58.723059379820626,58.54195672162946,58.70042226719044,740300
2017-05-09,58.44382858276367,58.69284822390125,58.3381849332775,58.67775874132342,602100
2017-05-10,58.5192985534668,58.5494775213487,58.406107273892964,58.44383386231915,645100
2017-05-11,58.33064270019531,58.4211911093816,58.08162306063886,58.4211911093816,2546700
2017-05-12,58.164634704589844,58.24009363790718,58.096717634600935,58.24009363790718,1370000
2017-05-15,58.50418472290039,58.51927995919252,58.27780799283068,58.27780799283068,654200
2017-05-16,58.48155212402344,58.60229099506452,58.39854558946925,58.52682632209072,628200
2017-05-17,57.63640594482422,58.19481467144269,57.62131646225347,58.07407578228828,1173700
2017-05-18,57.704349517822266,57.92318453708401,57.402507913421594,57.560973460373255,1152700
2017-05-19,58.0665283203125,58.23254141477765,57.794871576123555,57.84015153825313,609700
2017-05-22,58.3231086730957,58.391019995812755,58.164643162940834,58.209917378085535,670300
2017-05-23,58.4891242980957,58.579672732244994,58.391022484902415,58.44384432387239,685700
2017-05-24,58.54194641113281,58.624952980924036,58.398570380193654,58.57967300648875,542000
2017-05-25,58.75320816040039,58.843762312654235,58.62492742923376,58.6928387255645,817000
2017-05-26,58.75320816040039,58.79094049645937,58.677749245428615,58.723023442982445,589900
2017-05-30,58.73811340332031,58.813578076055215,58.59474319084569,58.62492790851041,881700
2017-05-31,58.76077651977539,58.84378308268694,58.6249481220245,58.83623546138183,602500
2017-06-01,59.228607177734375,59.228607177734375,58.806032629114725,58.88149154749017,530300
2017-06-02,59.33425521850586,59.40217228008687,59.15315264953459,59.30407049748617,613500
2017-06-05,59.31162643432617,59.37199588483119,59.24371512036879,59.326721675526265,464400
2017-06-06,59.1833610534668,59.28900474073683,59.092806854171414,59.190908676028705,529900
2017-06-07,59.1833610534668,59.28900474073683,59.01734789999984,59.24373051966372,665400
2017-06-08,59.19841766357422,59.387067822804404,59.085232173752885,59.175780565609955,472100
2017-06-09,59.56064987182617,59.57573935683422,59.236171251246795,59.24371887232484,730000
2017-06-12,59.741764068603516,59.83986589020742,59.58329853810778,59.58329853810778,766700
2017-06-13,59.84739303588867,59.90776248708155,59.71156464927857,59.832303551664324,804500
2017-06-14,59.86247634887695,59.97566760802182,59.673826169351045,59.97566760802182,526900
2017-06-15,59.84739303588867,59.86248827726076,59.553099157758076,59.5983791247266,560100
2017-06-16,60.01342010498047,60.01342010498047,59.658756693175505,59.87759168678174,369600
2017-06-19,60.26997375488281,60.26997375488281,60.09641302107508,60.14168723113458,471500
2017-06-20,59.90020751953125,60.17941187919259,59.885118037157646,60.17941187919259,510000
2017-06-21,59.63610076904297,59.93039462277174,59.545552356909354,59.93039462277174,446300
2017-06-22,59.62102127075195,59.779486775671124,59.56065181445468,59.63611075625216,452000
2017-06-23,59.7396125793457,59.80804585104105,59.54952853705417,59.655975136665056,866000
2017-06-26,59.83086395263672,60.028547209522074,59.785239831050845,59.906896420739194,1728100
2017-06-27,59.405086517333984,59.83847807469009,59.38988234028067,59.792859742623214,536700
2017-06-28,59.73200607299805,59.8612676271536,59.640769447599375,59.67878277454734,1375800
2017-06-29,59.32143020629883,59.91449733939983,59.047714499897324,59.86127403525161,1076100
2017-06-30,59.42789840698242,59.62558170297374,59.336655946666454,59.55715420841673,775600
2017-07-03,59.6863899230957,59.952506424992265,59.541924193107,59.61035746554021,328200
2017-07-05,59.67881774902344,59.77766521900702,59.465924430455516,59.770060228798776,556300
2017-07-06,59.18458938598633,59.56475762962984,59.10855689743903,59.526744285809706,631800
2017-07-07,59.39746856689453,59.45069187112944,59.161760390221254,59.268206998691085,619800
2017-07-10,59.35946273803711,59.47351435864507,59.32144359753232,59.382271901977425,2172400
2017-07-11,59.260597229003906,59.359438833242635,58.98687577013844,59.35183384802302,574900
2017-07-12,59.63319778442383,59.739644440806835,59.5419553071351,59.5419553071351,568300
2017-07-13,59.701595306396484,59.73200945021713,59.526721230558756,59.65597699111791,505100
2017-07-14,59.944889068603516,60.08174978432239,59.68637760608091,59.72439672746528,525800
2017-07-17,59.944889068603516,60.01332232691469,59.88406659565339,59.937289885049424,472700
2017-07-18,59.922088623046875,59.922088623046875,59.724405405653734,59.8460561701338,501100
2017-07-19,60.18061065673828,60.19581482815485,59.95250747915632,59.97531663673356,611200
2017-07-20,60.30227279663086,60.38591025744802,60.173017012061024,60.2186353358137,1630300
2017-07-21,60.188228607177734,60.188228607177734,59.97532955515482,60.12740030659976,770700
2017-07-24,60.01335525512695,60.17302521092299,59.93732277154407,60.1654202222927,1066700
2017-07-25,60.211036682128906,60.317483305764696,60.119794232909975,60.2642599939468,644100
2017-07-26,60.19582748413086,60.39351655953839,60.134999183866086,60.34789823479281,811200
2017-07-27,60.46194076538086,60.46194076538086,60.173015056162185,60.26425750160762,600200
2017-07-28,60.279457092285156,60.44673199576419,60.0209455512032,60.34028538462394,880900
2017-07-31,60.385887145996094,60.51514288109597,60.30224971718943,60.355473008166065,1547800
2017-08-01,60.46194076538086,60.57599237196123,60.385908294629175,60.53797903703823,639500
2017-08-02,60.37069320678711,60.39350236379852,60.203418320830615,60.39350236379852,668100
2017-08-03,60.35551071166992,60.423944014763016,60.2870832094841,60.35551071166992,483200
2017-08-04,60.44675064086914,60.53038811840705,60.36311316333123,60.46955980730548,729000
2017-08-07,60.469547271728516,60.484757246804335,60.401119786604795,60.469547271728516,987800
2017-08-08,60.37069320678711,60.70523717779547,60.294660749780874,60.40870653483791,918500
2017-08-09,60.35551071166992,60.37832567997247,60.211050717864104,60.279478220049924,579000
2017-08-10,59.8156623840332,60.249053894115455,59.80045820863834,60.188231391629714,758300
2017-08-11,59.75483322143555,59.93731812898774,59.70160990695938,59.8308715000354,500800
2017-08-14,60.264251708984375,60.340284172427786,59.92209692213132,60.074167649923275,819400
2017-08-15,60.271881103515625,60.36312358592236,60.195848601964016,60.35551859549479,535600
2017-08-16,60.31747055053711,60.47714045222569,60.2490372778679,60.332674721738776,496100
2017-08-17,59.45071792602539,60.2262586706094,59.44311293611455,60.165430353137964,745100
2017-08-18,59.32143020629883,59.655980004319126,59.199779425776505,59.31383102063843,822200
2017-08-21,59.42789840698242,59.56475339609643,59.184585179473174,59.34426093525278,596400
2017-08-22,59.891693115234375,59.952521416851496,59.55714905815245,59.57995822103234,772300
2017-08-23,59.72443389892578,59.86129469982446,59.70161893135343,59.72443389892578,501700
2017-08-24,59.70920181274414,59.89168087940905,59.67118848267913,59.82325340474906,536100
2017-08-25,59.89928436279297,60.08936841106327,59.86887021896114,59.86887021896114,549300
2017-08-28,59.85367202758789,60.03615110790586,59.73201544010566,59.99053278805271,597100
2017-08-29,59.86887741088867,59.94490987914946,59.54953756365006,59.57234672403775,714400
2017-08-30,60.02094650268555,60.11978812862402,59.78523831636251,59.8764807563171,528800
2017-08-31,60.279457092285156,60.385903703425406,60.16540549437625,60.16540549437625,591100
2017-09-01,60.44675064086914,60.53799310752151,60.24906153024252,60.37832314156013,442500
2017-09-05,59.99814987182617,60.332693953042345,59.78525080080755,60.287075623991626,1225500
2017-09-06,60.233848571777344,60.32508522422182,60.051369465982205,60.2490527468827,702700
2017-09-07,60.264251708984375,60.31747501348527,60.14259512675081,60.302265040253516,457800
2017-09-08,60.256649017333984,60.3174773107675,60.13499243046695,60.180616550994756,343600
2017-09-11,60.90293884277344,60.94095797961701,60.53037566551087,60.53037566551087,632700
2017-09-12,61.15384292602539,61.16144791254338,61.00177800109588,61.016982173226815,1034600
2017-09-13,61.22227096557617,61.22227096557617,61.07781102583477,61.09301519810567,479400
2017-09-14,61.374351501464844,61.37435150146484,60.918150848663,61.123439112106716,462100
2017-09-15,61.518821716308594,61.54163088046311,61.328737613812386,61.35914596541411,522900
2017-09-18,61.73930358886719,61.76211855001788,61.534015345754604,61.59484364034554,569200
2017-09-19,61.898983001708984,61.91418717581019,61.73170808206669,61.77732640527611,492500
2017-09-20,61.90817642211914,61.9617962374252,61.65539478819562,61.91583806548331,771200
2017-09-21,61.754966735839844,61.93114359046247,61.73964345206022,61.900502867023654,494300
2017-09-22,61.81623077392578,61.892835490251706,61.701335387675584,61.731970261262745,587700
2017-09-25,61.99243927001953,62.04605908731778,61.73199598305537,61.83924146177363,1091000
2017-09-26,61.90817642211914,62.08435915476566,61.87753569278403,62.03839513870221,665700
2017-09-27,61.90817642211914,62.04605678206637,61.67071807492396,62.03839513870221,598100
2017-09-28,62.0153923034668,62.061350457808665,61.76261076634788,61.83921548241009,460900
2017-09-29,62.099666595458984,62.1149840355987,61.89284901090942,62.03072934864934,466000
2017-10-02,62.45203399658203,62.45969563967361,62.06903365970211,62.130315116192016,816100
2017-10-03,62.57459259033203,62.574592590332024,62.39840987611493,62.520972780634814,479800
2017-10-04,62.643516540527344,62.651178181463344,62.42903734727683,62.52095950614978,619700
2017-10-05,62.88865661621094,62.90397990299577,62.65885991153272,62.69715644025164,783000
2017-10-06,62.75841522216797,62.827352455425334,62.62819655215773,62.7890559405444,842200
2017-10-09,62.75841522216797,62.89629553280218,62.68181634828662,62.842675736673286,490000
2017-10-10,63.10311508178711,63.1031150817871,62.91161496893911,62.926938250673956,507700
2017-10-11,63.15675735473633,63.15675735473633,63.03420027784237,63.05717936450238,548800
2017-10-12,63.072509765625,63.17209362043988,62.980593400101036,63.06485396457996,737500
2017-10-13,63.08781433105469,63.271652851660996,63.04951196070615,63.17207487052449,538000
2017-10-16,63.118473052978516,63.21805106250375,63.034212489486826,63.149113789168474,577200
2017-10-17,63.17974090576172,63.1950583484933,63.018875614411265,63.118459446592176,420700
2017-10-18,63.279293060302734,63.35589193093268,63.179715112895735,63.29461049678103,595900
2017-10-19,63.455482482910156,63.4631441247308,63.11844621636689,63.16440437904998,528700
2017-10-20,63.769535064697266,63.769535064697266,63.50909772666741,63.60101403697469,815200
2017-10-23,63.61635208129883,63.89211276445418,63.58571135604592,63.82316967160495,544900
2017-10-24,63.63932418823242,63.76954287319245,63.578042744444126,63.70826142940415,809400
2017-10-25,63.24867630004883,63.57805682822497,62.957598143755135,63.53975445634253,915200
2017-10-26,63.386566162109375,63.5550872730682,63.36358707318268,63.4248685397354,1246200
2017-10-27,63.578060150146484,63.65465905379219,63.3635808822898,63.53975777626276,685200
2017-10-30,63.164424896240234,63.539763649684595,63.1031434300103,63.539763649684595,670100
2017-10-31,63.17974090576172,63.271657250394426,63.11079780316558,63.22569907807807,555100
2017-11-01,63.332923889160156,63.53974146030841,63.26398080269725,63.394205333989355,569000
2017-11-02,63.417198181152344,63.44017726692146,63.03419783400983,63.33293763725127,676500
2017-11-03,63.440162658691406,63.50144410271222,63.271641609694235,63.39420449773587,731900
2017-11-06,63.332923889160156,63.44782513718485,63.317606450012974,63.44016349555114,788900
2017-11-07,63.363563537597656,63.463141500667135,63.21035992812136,63.39420425949291,648500
2017-11-08,63.50144577026367,63.50910741199751,63.24866419012986,63.325263075107294,611800
2017-11-09,63.28697204589844,63.317612771372076,62.91928918433559,63.195049869477515,803100
2017-11-10,63.21039962768555,63.241040368824855,63.03422267128929,63.15677979172271,556300
2017-11-13,63.28697204589844,63.30228948657484,63.04185208623014,63.064831169305165,547100
2017-11-14,63.2256965637207,63.2256965637207,62.873336953690874,63.080154565011355,878200
2017-11-15,62.88865661621094,63.07249514877783,62.76609954254021,62.94227643171468,763900
2017-11-16,63.363563537597656,63.45547985916328,63.06482380426907,63.1567401258347,665800
2017-11-17,63.164424896240234,63.286987828700106,63.14144580743458,63.21804471816086,596300
2017-11-20,63.29462432861328,63.348244134183744,63.12610911404931,63.20270800141848,793800
2017-11-21,63.54740905761719,63.66231031641045,63.46314852411018,63.48612760704467,1254000
2017-11-22,63.50910186767578,63.61634146610626,63.463137865405706,63.608679825041285,700400
2017-11-24,63.59335708618164,63.646976885854954,63.562722209899626,63.61634200957294,275000
2017-11-27,63.608680725097656,63.70060288681868,63.570378363350585,63.58570164569737,872300
2017-11-28,64.39766693115234,64.42064601292365,63.708265257410616,63.74656762310979,1200400
2017-11-29,64.72704315185547,64.8266211143597,64.46660578340435,64.48192322220497,880400
2017-11-30,65.1176986694336,65.43941744981036,64.84959968578629,64.86491712308633,1158200
2017-12-01,65.1023941040039,65.27091518334944,64.26745619430987,65.1023941040039,1060700
2017-12-04,65.25560760498047,65.74584763129165,65.24028431683956,65.54668579431458,1275700
2017-12-05,64.97217559814453,65.50071792244886,64.94153487052039,65.40113409664008,1494100
2017-12-06,64.9415512084961,65.07943159543203,64.89559302755835,64.97985358869268,1670600
2017-12-07,64.99516296386719,65.10240260215448,64.84196515034876,64.8955849694924,983100
2017-12-08,65.36283874511719,65.36283874511719,65.07941639259018,65.17899437606766,911500
2017-12-11,65.59263610839844,65.60795939470266,65.3245370392886,65.39348013941478,1290700
2017-12-12,65.74583435058594,65.8530739694214,65.59263072073462,65.67689125612262,586900
2017-12-13,65.80712127685547,65.98329816068905,65.76115726201598,65.78413634737502,1360000
2017-12-14,65.40880584716797,65.89904587666838,65.39348840304952,65.89904587666838,993800
2017-12-15,65.95265197753906,66.09819396493778,65.66923548938907,65.70753201377967,1274500
2017-12-18,66.25904846191406,66.55778821288322,66.2207460962532,66.29735082757492,1391200
2017-12-19,66.05989074707031,66.4352352524704,66.03691166390722,66.4352352524704,1304300
2017-12-20,66.00628662109375,66.41226610442287,65.92968771097694,66.30502646143489,1077200
2017-12-21,66.10118865966797,66.29412849470025,66.00085617709503,66.1860826581267,1110900
2017-12-22,66.13207244873047,66.21696646350364,66.00858810431217,66.17065689031797,1416300
2017-12-26,66.09346771240234,66.25553646308131,66.03944479550935,66.11661954991986,1192500
2017-12-27,66.16294860839844,66.26327522988842,66.06261609885038,66.19381380881222,806100
2017-12-28,66.27870178222656,66.32501135473768,66.13978484080829,66.30185951251089,875400
2017-12-29,66.08576965332031,66.42534574724003,66.0548985640496,66.34817096809235,1211500
2018-01-02,66.3095474243164,66.42531247908781,66.11660762904916,66.27867635050701,1534300
2018-01-03,66.52566528320312,66.54882301373245,66.21696619950337,66.37131574135324,1170300
2018-01-04,66.81895446777344,66.95787144561314,66.59514345413953,66.65688564163696,964500
2018-01-05,67.11991882324219,67.14307066414067,66.80349462947706,67.02730557159106,1280200
2018-01-08,67.24340057373047,67.27427165913058,66.96556669318701,67.11992212018754,1469500
2018-01-09,67.35916137695312,67.60612415634942,67.30513845296197,67.35916137695312,1590700
2018-01-10,67.24340057373047,67.36688491533089,67.00415702195153,67.22024873169477,920700
2018-01-11,67.69103240966797,67.70647089866146,67.28972001671232,67.42863697736203,1138700
2018-01-12,68.06918334960938,68.15407736291624,67.69102285546086,67.83765903991043,896800
2018-01-16,67.87625122070312,68.54768416031375,67.67559797369523,68.34702502524766,2209700
2018-01-17,68.59396362304688,68.72516717736046,68.03830187982884,68.16949954608631,1125100
2018-01-18,68.37017822265625,68.65573138635884,68.30844193130994,68.62486029665654,1636600
2018-01-19,68.59396362304688,68.60168286460794,68.33928753209298,68.53222735472671,1047400
2018-01-22,69.17279052734375,69.17279052734375,68.53994807659383,68.57081915810075,1260000
2018-01-23,69.09562683105469,69.21911117685441,69.0184520589587,69.14964976032765,1978800
2018-01-24,69.06475830078125,69.43520546383347,68.79464364441917,69.257698182191,893000
2018-01-25,69.16507720947266,69.38116889207825,68.9566988812053,69.31170748663688,905200
2018-01-26,70.16065216064453,70.17608475840106,69.42747717398055,69.43519641688738,965600
2018-01-29,69.70532989501953,70.10664231388266,69.68217804809304,70.02946752810807,1060600
2018-01-30,68.82550811767578,69.4737832306436,68.81007551939159,69.26541076949177,1791300
2018-01-31,68.80235290527344,69.12649044587634,68.43962503876477,69.11105784834827,854400
2018-02-01,68.74061584472656,69.05704005409623,68.53995673361548,68.5553952203473,897200
2018-02-02,67.281982421875,68.34700823767776,67.2588305827575,68.28527196271664,1604400
2018-02-05,64.43419647216797,67.18166418799021,64.05603598069706,66.69545195375584,2997800
2018-02-06,65.35259246826172,65.48379016565657,62.97557187613834,63.3614516129873,3073500
2018-02-07,65.22138977050781,66.26326380251065,65.04388251442103,65.20595128490528,1524700
2018-02-08,63.014156341552734,65.38345746981858,62.983285258910485,65.23682129928213,1610300
2018-02-09,63.994285583496094,64.42647483481935,61.98771239797144,63.70101914243048,2101600
2018-02-12,64.74288177490234,65.14419987454863,64.05601652656556,64.47276722017254,1142500
2018-02-13,64.95899963378906,65.07476474340778,64.28757259650499,64.47279323906011,754300
2018-02-14,65.56868743896484,65.65358145633725,64.53453251905776,64.61942653643017,777800
2018-02-15,66.34812927246094,66.34812927246094,65.42973407999988,66.02399187090569,804700
2018-02-16,66.43304443359375,66.98099285045318,66.20151427974041,66.21695276362738,641200
2018-02-20,65.7925033569336,66.28642901079729,65.59956346439127,66.10120836261297,1413400
2018-02-21,65.30625915527344,66.44845936083024,65.30625915527344,65.88507849794279,823400
2018-02-22,65.39119720458984,66.07034357137732,65.23684174300715,65.52239493089104,863200
2018-02-23,66.46394348144531,66.46394348144531,65.60728979498565,65.7384875229511,556500
2018-02-26,67.2511215209961,67.27427336361838,66.58740788822145,66.7571959181951,650800
2018-02-27,66.43304443359375,67.60611602257825,66.42532519165026,67.34372067706377,849400
2018-02-28,65.55325317382812,66.83437086952365,65.54553393024737,66.7417634987852,1011700
2018-03-01,64.83550262451172,66.03172604695199,64.41103263999835,65.56095238705767,2086600
2018-03-02,65.08248901367188,65.24455782443098,64.17181244269793,64.39562343509627,748700
2018-03-05,65.83106994628906,66.00085204451928,64.76603835524062,64.78147683838817,757300
2018-03-06,65.86966705322266,66.08575875442153,65.48378733306545,66.07032615636044,709700
2018-03-07,65.73845672607422,65.81563147766065,65.1287661788461,65.2754023284996,925800
2018-03-08,66.06260681152344,66.07032605457073,65.65357525087613,65.92368987695858,579400
2018-03-09,67.05816650390625,67.06588574572291,66.26325535042386,66.4639144212627,776600
2018-03-12,66.86521911621094,67.29740240018714,66.74945405427285,67.1430529096401,833000
2018-03-13,66.52566528320312,67.35144769702092,66.37903498486301,67.11992338424609,674200
2018-03-14,66.06260681152344,66.88838917586534,65.91597652196853,66.84208549369613,654800
2018-03-15,65.99314880371094,66.34815742577614,65.86966447183242,66.193802010928,618400
2018-03-16,66.17837524414062,66.42533804159937,66.05489090138248,66.05489090138248,594600
2018-03-19,65.36031341552734,66.0626114931107,64.95128182589363,66.0317404067911,622500
2018-03-20,65.39888763427734,65.70759256115909,65.29084179307725,65.52237196025274,434100
2018-03-21,65.36802673339844,66.0240270132109,65.29085196167276,65.3757459769883,709700
2018-03-22,63.716434478759766,64.9203827743788,63.64697898050267,64.78917924202354,1136700
2018-03-23,62.466217041015625,63.963426496541594,62.404474866669155,63.83222879209872,1475200
2018-03-26,64.05094909667969,64.12093028722128,62.970084981320866,63.358885193539734,1198700
2018-03-27,63.32780075073242,64.54863357086982,62.96232748495369,64.29202392477552,785000
2018-03-28,63.39777374267578,63.96542477109726,63.211151266362805,63.467760879181625,958600
2018-03-29,64.14425659179688,64.42419321589196,63.576611610941,63.72435165565426,877900
2018-04-02,62.70570755004883,64.05095910487964,62.036970605930115,63.988749637375264,1864100
2018-04-03,63.58437728881836,63.654364404487815,62.65903691698277,62.985627636454154,803600
2018-04-04,64.32312774658203,64.43199136471439,62.59685332673693,62.68238987421554,1001200
2018-04-05,64.7352294921875,64.94517897748509,64.37753404114206,64.59526119111581,588700
2018-04-06,63.4366455078125,64.64192263382701,62.9856358274414,64.23757301417673,1072100
2018-04-09,63.67770004272461,64.61081820479423,63.615490583221145,63.83321775886268,608000
2018-04-10,64.72749328613281,64.92967116887111,64.2220515455989,64.47088951366062,742900
2018-04-11,64.38532257080078,64.75856748156353,64.25312597947729,64.34644017347841,662400
2018-04-12,64.81301879882812,65.09295553252285,64.6652786962723,64.71193284101385,648200
2018-04-13,64.68082427978516,65.20181530736794,64.42421463361848,65.16293883325386,586400
2018-04-16,65.21737670898438,65.40399922690777,64.89077988683984,65.06963066879096,718900
2018-04-17,65.62950134277344,65.81612385269952,65.41177409242256,65.59061893408679,1134200
2018-04-18,65.54395294189453,65.79278488769079,65.52839760818264,65.75390248603262,722400
2018-04-19,65.04627227783203,65.31843122139718,64.75078033971556,65.31843122139718,496000
2018-04-20,64.64193725585938,65.18626124817789,64.40088296265401,65.12405177489201,667300
2018-04-23,64.78189849853516,64.9296444982274,64.48641243177191,64.78189849853516,1737600
2018-04-24,64.15206909179688,65.15517488405617,63.7399415971542,65.15517488405617,1079700
2018-04-25,64.28423309326172,64.38532495699809,63.69326097388175,64.19869656207915,853100
2018-04-26,64.78966522216797,64.99184298771189,64.32310616774527,64.42419208420709,833200
2018-04-27,64.85968780517578,65.00742792807043,64.61862751470564,64.86745954195416,787100
2018-04-30,64.22982788085938,65.19405125657171,64.22205021136311,65.06186053825299,528800
2018-05-01,64.10540008544922,64.13650482365549,63.483317186568115,64.07429534724294,912100
2018-05-02,63.49108123779297,64.05095454018947,63.374439977690216,63.98096741107943,582600
2018-05-03,63.47551345825195,63.63880881732544,62.65125899837061,63.35110048912824,987300
2018-05-04,64.15982055664062,64.3697700866556,63.07895630861362,63.21892463949732,1041100
2018-05-07,64.28423309326172,64.57972508557282,64.11316003089658,64.37754729072118,859900
2018-05-08,64.15206909179688,64.2842598103382,63.75549100354935,64.1753961677014,744700
2018-05-09,64.7585678100586,64.87520906999647,64.22979923994505,64.36976756534631,913300
2018-05-10,65.34955596923828,65.41953717647222,64.92965092796912,64.99186040059163,968200
2018-05-11,65.53617858886719,65.6528198671181,65.34177843598961,65.41953731061628,1052300
2018-05-14,65.64505004882812,65.94054211341101,65.53618642480997,65.76169134102545,948900
2018-05-15,65.3340072631836,65.40399441013986,65.1085082841374,65.40399441013986,574100
2018-05-16,65.62171173095703,65.71502593524764,65.32622564963579,65.36510211862405,369200
2018-05-17,65.55950164794922,65.84721599235341,65.36510150696242,65.55950164794922,1150000
2018-05-18,65.3962173461914,65.57506811662289,65.33400786668284,65.52063630520853,398500
2018-05-21,65.92498016357422,66.04162144407029,65.65282113083136,65.7461353417526,826300
2018-05-22,65.75389099121094,66.18157360419892,65.69945919797797,66.0571546867404,625100
2018-05-23,65.89385986328125,65.90941519440513,65.37286899042199,65.45840551374164,761600
2018-05-24,65.72280883789062,65.83167839437421,65.24847786685193,65.79279598615703,488900
2018-05-25,65.49730682373047,65.6217198455476,65.30290665688558,65.57506570394396,450200
2018-05-29,64.79745483398438,65.2873410415552,64.47086402893716,65.0773915047738,932700
2018-05-30,65.76168823242188,65.87832951910548,65.13960532519086,65.13960532519086,944700
2018-05-31,65.25621795654297,65.69167817343417,65.12402732490621,65.69167817343417,772400
2018-06-01,65.8083267211914,65.90164091486747,65.59059953523479,65.59059953523479,478900
2018-06-04,66.04161071777344,66.25933790860508,65.92496945622192,66.05716011742383,884000
2018-06-05,66.06494140625,66.17380500763538,65.84721420347923,66.0260649386817,432200
2018-06-06,66.5315170288086,66.5315170288086,66.03385303271438,66.18159907089394,685100
2018-06-07,66.64035034179688,66.81920103994918,66.44595024636267,66.64035034179688,566300
2018-06-08,66.85810089111328,66.86587262547366,66.53150413670652,66.56260887201294,562400
2018-06-11,66.86585998535156,67.03693303088701,66.83475525592507,66.9202917786928,640900
2018-06-12,66.83477783203125,66.98252386355907,66.67148239684802,66.95919679176468,480700
2018-06-13,66.41486358642578,66.84254031494957,66.37598118718671,66.84254031494957,552300
2018-06-14,66.42265319824219,66.6637134596891,66.32156723868236,66.6637134596891,620100
2018-06-15,66.36043548583984,66.46152736548517,65.88610455548285,66.26712720631744,634800
2018-06-18,65.97161865234375,66.08048817223586,65.72278674820585,65.97161865234375,762400
2018-06-19,65.82386779785156,65.89384897848737,65.35730879575414,65.38063585596608,581900
2018-06-20,65.8083267211914,66.08049163625806,65.68391372891085,66.0260598397689,538500
2018-06-21,65.37286376953125,65.7616639598895,65.24845079357907,65.74611456262801,608400
2018-06-22,65.70194244384766,65.93698636342924,65.63926326830388,65.81162801234169,625700
2018-06-25,65.17703247070312,65.49825285720253,64.76179329972226,65.47474965543628,844600
2018-06-26,65.09082794189453,65.31803544405574,64.99680918938886,65.28669585988717,857700
2018-06-27,64.73043823242188,65.60009235439884,64.72260184123408,65.20835647882056,826900
2018-06-28,65.004638671875,65.15350018650284,64.55022371584234,64.73042481130834,803500
2018-06-29,65.06732177734375,65.65492550449346,65.04381260722982,65.25535329635568,1021000
2018-07-02,65.03598022460938,65.05948341659716,64.54238928320983,64.69125080235115,669900
2018-07-03,65.02030944824219,65.44338484929905,64.90278750726847,65.29452332557139,432100
2018-07-05,65.54524230957031,65.56090911279517,65.05165133547787,65.3258652225212,733600
2018-07-06,65.96831512451172,66.07800068494285,65.41988732235606,65.54524566422864,473700
2018-07-09,66.34437561035156,66.5167403194737,66.14067131980595,66.15634409922467,891900
2018-07-10,66.7988052368164,66.83014482511874,66.5167549195107,66.5245913109401,472400
2018-07-11,66.17203521728516,66.48542516926649,66.07801643846591,66.45408557632675,594700
2018-07-12,66.4618911743164,66.57941309903356,66.1641681680445,66.41487881798152,531100
2018-07-13,66.40706634521484,66.57159469329812,66.30521119348589,66.35222356252041,440600
2018-07-16,66.45407104492188,66.48541063100865,66.27386991927665,66.41489506795969,489300
2018-07-17,66.6029281616211,66.71261371693355,66.39138746393674,66.39138746393674,470300
2018-07-18,66.64993286132812,66.69693924743912,66.46973175221214,66.56375050184843,616100
2018-07-19,66.47758483886719,66.62644640215912,66.28171687765814,66.54026402103388,449200
2018-07-20,66.30522155761719,66.39140394066742,66.18770556019956,66.36006434888407,425700
2018-07-23,66.36006164550781,66.40707401997561,66.10152048430552,66.258212459423,412700
2018-07-24,66.73612213134766,66.79096491329423,66.50107822162522,66.51675100356135,821600
2018-07-25,67.1122055053711,67.14353912109645,66.54026839101618,66.68129357144505,564500
2018-07-26,67.44123077392578,67.60575907802631,67.2845328813919,67.29236927037194,472300
2018-07-27,67.28456115722656,67.4725987072886,67.09652958458044,67.24539115069224,632600
2018-07-30,67.39425659179688,67.58229416934824,67.31591058985886,67.31591058985886,518500
2018-07-31,67.7311019897461,67.84078751055019,67.5117309481379,67.57441009642955,596100
2018-08-01,67.30022430419922,67.60577780752405,67.1983691514809,67.60577780752405,501400
2018-08-02,67.38640594482422,67.44124872745742,66.89281492371039,66.94765770634359,774800
2018-08-03,67.87997436523438,67.87997436523438,67.37855305326364,67.37855305326364,834600
2018-08-06,67.98182678222656,68.0836819137942,67.64493376167,67.79379527555267,1658300
2018-08-07,68.13069915771484,68.24038471887884,67.99751040164638,68.11503235358346,517200
2018-08-08,67.98966217041016,68.1385236821004,67.87214023893964,68.1385236821004,478100
2018-08-09,67.85647583007812,68.0445073406125,67.82513624875341,68.0445073406125,433800
2018-08-10,67.44123077392578,67.59008630006622,67.26102969186516,67.51174034250597,573300
2018-08-13,67.1513671875,67.54310308707292,67.0495180054806,67.51959988948502,692400
2018-08-14,67.48824310302734,67.58226184683677,67.18268965741414,67.28453881348057,606200
2018-08-15,67.22970581054688,67.2845485913854,66.79879995464842,67.19836622472275,1559400
2018-08-16,68.04454040527344,68.15422600450215,67.4882760156373,67.61363440185116,1147300
2018-08-17,68.42059326171875,68.54594564060739,67.97401457786256,67.97401457786256,415500
2018-08-20,68.56160736083984,68.65562013548268,68.43624902476346,68.47542499914094,517900
2018-08-21,68.64778900146484,68.8671601098798,68.61644941777493,68.63211622091269,659300
2018-08-22,68.42059326171875,68.6242916245897,68.40492047847303,68.59295801292912,581400
2018-08-23,68.20903778076172,68.42057846692887,68.13069181372039,68.38140249470113,705500
2018-08-24,68.50676727294922,68.5694404660337,68.24822017770114,68.31089934820031,461100
2018-08-27,68.8749771118164,68.96115347093698,68.70261243874985,68.72611562554752,648900
2018-08-28,68.80448150634766,69.01601622622005,68.71829914484775,68.99251303261362,557600
2018-08-29,68.9298324584961,69.03951800185312,68.62427304210001,68.82797732722614,452800
2018-08-30,68.56945037841797,68.90634349678386,68.4519343885123,68.83583390284046,581500
2018-08-31,68.48328399658203,68.6008000036789,68.22473682613607,68.44410800927213,459800
2018-09-04,68.38140869140625,68.48326383746279,68.13069798770617,68.44408786168493,565500
2018-09-05,68.74962615966797,68.78096573788505,68.2090288958966,68.27954444123837,693600
2018-09-06,68.6242904663086,68.87500717468497,68.42059210687579,68.74181242900619,723800
2018-09-07,68.45191192626953,68.57726426684019,68.2403712590245,68.44407553704212,552100
2018-09-10,68.59296417236328,68.96119092788734,68.56945499538365,68.69481336294449,602500
2018-09-11,68.51459503173828,68.68695975522574,68.29522392090496,68.44408545071948,559500
2018-09-12,68.616455078125,68.76531064116355,68.45192673324141,68.49893312394676,510100
2018-09-13,68.9298324584961,68.94549926008403,68.66344901219058,68.84365010622788,472800
2018-09-14,68.97682189941406,69.00816147230651,68.74961447900309,68.94548232652161,448300
2018-09-17,68.97682189941406,69.17268974693259,68.90630636605297,69.17268974693259,754800
2018-09-18,69.21186065673828,69.36855852329869,68.89064049076116,69.03950196964045,514100
2018-09-19,69.26673889160156,69.50177682541876,69.18838693624754,69.18838693624754,500600
2018-09-20,69.83866119384766,69.90917674938242,69.50960454112331,69.53310773383016,557400
2018-09-21,69.99534606933594,70.09720119734321,69.94833968866405,70.09720119734321,594100
2018-09-24,69.42343139648438,69.91701644107727,69.32158222209965,69.9091860274119,660100
2018-09-25,69.03953552246094,69.57229657286034,68.97685634537504,69.53312059282783,459900
2018-09-26,68.72531127929688,69.28585012338384,68.65425383585983,69.12794803982854,493500
2018-09-27,68.72531127929688,69.12005745316222,68.64635722584492,68.76478228267425,605600
2018-09-28,68.75688934326172,68.90689482481018,68.55162565870468,68.59109666418922,601200
2018-10-01,69.06481170654297,69.26218484627853,68.89112237983964,69.1279665335122,847800
2018-10-02,69.36481475830078,69.45165941920826,69.0174361146709,69.06480976275228,643300
2018-10-03,69.39637756347656,69.78322712171504,69.29373970481743,69.59375064754599,471700
2018-10-04,69.32532501220703,69.40427907008409,68.87531458971294,69.3016412041835,580000
2018-10-05,69.12004852294922,69.5542656440917,68.85161802726036,69.37268580064872,547700
2018-10-08,69.45956420898438,69.54640285676581,68.92270897987208,68.97797322301523,605900
2018-10-09,69.23847961425781,69.53059396451896,69.0884801572903,69.36480128680822,646600
2018-10-10,67.69896697998047,69.3253192446811,67.63580614827306,69.1200555766547,1087400
2018-10-11,65.8278579711914,67.6436924544219,65.5199564927037,67.50948022499854,2280200
2018-10-12,66.16734313964844,66.57788248020803,65.44101171970186,66.57788248020803,1803700
2018-10-15,66.08838653564453,66.66471845002744,66.05680612713822,66.09628314360786,1024500
2018-10-16,67.06737518310547,67.1463292396803,66.23841179920933,66.4121010863158,930900
2018-10-17,67.2884292602539,67.47790571974949,66.5857755939012,66.98841834075886,856600
2018-10-18,66.6805191040039,67.44632760067832,66.35683039232555,67.13842608476669,794400
2018-10-19,66.74369049072266,67.21738474217716,66.62526542202173,66.72000668165231,674700
2018-10-22,66.27789306640625,67.05159836785622,66.12789358705608,66.8542252425562,599700
2018-10-23,65.922607421875,66.24630215790815,65.05416709164571,65.48049365885244,1305900
2018-10-24,64.46995544433594,65.88314160925636,64.37521418327314,65.8357739903996,1087300
2018-10-25,65.0936508178711,65.4726098483639,64.462060464849,64.83312288421607,1067100
2018-10-26,64.2646713256836,64.89626152121797,63.790977173195834,64.63573365252586,2621800
2018-10-29,64.50940704345703,65.48837568650193,63.75939186158386,64.95152074870037,1741000
2018-10-30,65.63050079345703,65.71734543899396,64.57258387269658,64.57258387269658,2585100
2018-10-31,65.73311614990234,66.30944202926929,65.69363913423199,66.056804789681,1952900
2018-11-01,66.23049926757812,66.34102769219409,65.79627615419584,65.96207481446717,1491100
2018-11-02,66.0252456665039,66.7989508502966,65.48050001939312,66.74368662455062,1225300
2018-11-05,66.68840789794922,66.86998773305346,66.13575973730934,66.13575973730934,972000
2018-11-06,67.12261962890625,67.13841284490678,66.64892554579035,66.68840256244462,744500
2018-11-07,68.03844451904297,68.08581212808456,67.18579141620623,67.5805375538142,1131300
2018-11-08,67.99896240234375,68.23581247650601,67.77000893687959,67.85685356251591,746700
2018-11-09,67.69896697998047,67.92792047740845,67.3673816485393,67.77001839813995,1158000
2018-11-12,66.90158081054688,67.65949275233321,66.76736855512975,67.58844133123543,1205000
2018-11-13,66.75947570800781,67.37527881896064,66.57789582829045,67.0358028678935,953300
2018-11-14,66.39629364013672,67.21736626113817,65.99365092659761,67.17788924130878,1047300
2018-11-15,66.98052978515625,67.07527103796967,65.8120844505345,66.09630218562602,1432300
2018-11-16,67.3358154296875,67.50160813036362,66.8305407161937,66.8305407161937,1015300
2018-11-19,67.05158996582031,67.49370378362045,66.7200046024702,67.24896306638809,1386800
2018-11-20,65.90682983398438,66.7121094516478,65.68576689689817,66.459472118327,1663500
2018-11-21,65.80418395996094,66.23840714723129,65.78839676376403,66.08840167829273,1124300
2018-11-23,65.40943145751953,65.73312616998777,65.3067996338175,65.43311526119324,499100
2018-11-26,66.19102478027344,66.254185603426,65.8041752793224,65.85943949374398,1527500
2018-11-27,66.47525787353516,66.49894770522062,65.85945476339164,65.97787982842286,1275500
2018-11-28,67.44633483886719,67.44633483886719,66.31736048491621,66.66473906254694,1504500
2018-11-29,67.41474914550781,67.74633447638267,67.12263481687133,67.28053689587014,1286200
2018-11-30,68.0700454711914,68.14109690619168,67.27265634609476,67.35160439276723,1256800
2018-12-03,68.4726791381836,68.85163212062751,67.96739845600995,68.8279483121434,1971900
2018-12-04,66.6963119506836,68.49635342545328,66.59367409705402,68.38582498565852,2201100
2018-12-06,66.37263488769531,66.37263488769531,64.78575326052997,65.81999254159287,2465800
2018-12-07,65.25154113769531,66.73578452372533,65.00679442379982,66.36472217138073,2744900
2018-12-10,65.16470336914062,65.38576027723633,63.885723513709685,65.23575479387897,3070900
2018-12-11,65.12520599365234,66.00943937313517,64.78572412703679,65.8989109536182,1906500
2018-12-12,65.36207580566406,66.04103974412409,65.34628258476094,65.85156325672911,1764800
2018-12-13,65.37785339355469,65.74101911740999,65.09363569256392,65.52785885334093,2488200
2018-12-14,64.3120346069336,65.11732003299532,64.1304547719817,64.87257335238762,2609700
2018-12-17,63.11992263793945,64.39890264970485,62.76465342412392,64.0673172470304,4865100
2018-12-18,62.804107666015625,63.71991549676296,62.472516360329266,63.54622624696238,4578500
2018-12-19,62.00672149658203,63.79886623816641,61.6514463731743,62.88305836830084,3361100
2018-12-20,61.2803840637207,62.16461143427132,60.70405213254635,61.72249774899601,4492000
2018-12-21,60.514591217041016,62.47252891677303,60.39616615716114,61.27250316758393,4697800
2018-12-24,58.75999069213867,60.38623457081472,58.72013544062321,60.16302569997429,2953000
2018-12-26,61.07979965209961,61.087767055561855,58.33750452821696,59.015104823738,5903400
2018-12-27,61.677677154541016,61.677677154541016,59.58109467659685,60.38624633062819,4651700
2018-12-28,61.63780975341797,62.45890221403787,61.45445611641234,62.052339684667935,5142500
2018-12-31,62.17192077636719,62.17192077636719,61.51026754949319,61.95668535692364,3193400
2019-01-02,62.275577545166016,62.40312292396707,61.20735534801372,61.43853780920331,2171100
2019-01-03,61.14356994628906,62.02843829909034,61.04791244781591,61.99655043893681,2394400
2019-01-04,62.92127990722656,62.97708214179422,61.78131475935509,61.876978339465694,2120000
2019-01-07,63.224205017089844,63.646708516176666,62.55457820691165,62.95316733163316,2454500
2019-01-08,63.74235916137695,63.79816138423539,63.232165671818066,63.79018790040244,1380700
2019-01-09,63.73436737060547,64.01338448673945,63.47927069909951,63.94163531682419,1353300
2019-01-10,64.02934265136719,64.06920398785597,63.27999331567737,63.479287834149254,1767200
2019-01-11,64.10906219482422,64.1409500490866,63.654670915061324,63.8220775884491,1896700
2019-01-14,63.75830841064453,63.909768116973936,63.55901388159174,63.67061833130239,2467600
2019-01-15,64.13298797607422,64.22067807040172,63.71845796087942,63.75831930629642,2239700
2019-01-16,64.08515930175781,64.37214395952957,64.05327144178457,64.1648759106972,1129700
2019-01-17,64.58734893798828,64.8185312522263,63.89380807725876,63.89380807725876,1769800
2019-01-18,65.48816680908203,65.57585686612401,64.93811210254314,65.08957785234018,2837200
2019-01-22,64.76274108886719,65.23307928654621,64.36415207611594,65.1533627003931,4784500
2019-01-23,64.9859619140625,65.23309128316659,64.4359131110599,65.0417641428305,845900
2019-01-24,64.90623474121094,65.07364140024744,64.53156008823055,64.94609607611831,2142400
2019-01-25,65.041748046875,65.37656741861163,64.95406406507037,65.20916077373596,1067700
2019-01-28,64.71492004394531,64.72289352810385,64.22864090404313,64.61128907782988,4629400
2019-01-29,64.92218017578125,65.06567246328117,64.73085307112423,64.77868788828131,2090700
2019-01-30,65.4084701538086,65.63964646697531,64.81855393914687,65.081624190389,1008900
2019-01-31,65.96649169921875,66.07809615329899,65.13742569606087,65.28889149030688,1775200
2019-02-01,66.18171691894531,66.35709705745575,65.9505406439841,66.14186166691108,1201800
2019-02-04,66.373046875,66.373046875,65.77516333093283,66.18171976186865,810700
2019-02-05,66.532470703125,66.61218728139964,66.27737400345511,66.47666849013424,873000
2019-02-06,66.58030700683594,66.68394404416767,66.44478820015603,66.44478820015603,922300
2019-02-07,66.10201263427734,66.36508289099957,65.63168043164075,66.30928066217851,917700
2019-02-08,66.16576385498047,66.16576385498047,65.55193956517012,65.79906276104403,797500
2019-02-11,66.2215805053711,66.36507279794338,66.03025947593667,66.30129709413661,1043500
2019-02-12,67.0028076171875,67.12237944139918,66.58029820436144,66.59624516891297,768200
2019-02-13,67.24996185302734,67.38548070430689,67.06660816801144,67.19415961532472,735300
2019-02-14,66.93904876708984,67.26588863882067,66.74772771822335,67.00282447737418,601400
2019-02-15,67.8558120727539,67.8558120727539,67.36953287345086,67.4253351054043,770100
2019-02-19,67.99131774902344,68.16669789606803,67.56084086500104,67.70433315967517,1003100
2019-02-20,68.2782974243164,68.35801400851233,67.88768190436657,67.95942500554723,810000
2019-02-21,68.08698272705078,68.22250154096396,67.83187990276325,68.12683798185614,743000
2019-02-22,68.42180633544922,68.46166159623941,68.13482169701705,68.26236704632746,914200
2019-02-25,68.56529998779297,68.90011337847801,68.52543864424075,68.73270668313549,822700
2019-02-26,68.4457015991211,68.70079830850905,68.38989938400452,68.47758944804275,610900
2019-02-27,68.52542114257812,68.61311121040693,68.19060783740572,68.34207360583467,1223500
2019-02-28,68.45367431640625,68.60513399460889,68.3500372880734,68.50150304826127,912000
2019-03-01,68.72472381591797,68.95590619658881,68.40585135699313,68.86024263431548,835300
2019-03-04,68.49353790283203,69.03561923045163,67.87173998508902,68.93996175509791,1038500
2019-03-05,68.35002899169922,68.50946821517182,68.25437153960014,68.50946821517182,589100
2019-03-06,67.91160583496094,68.33410926448455,67.81594227126287,68.32613578034646,672000
2019-03-07,67.51302337646484,67.84783675916246,67.2977818575971,67.83986327424482,1013400
2019-03-08,67.3934555053711,67.41736988171206,66.93109062281953,67.13835868775435,1205100
2019-03-11,68.15076446533203,68.16671143567771,67.40142107273857,67.45722330497412,967800
2019-03-12,68.19859313964844,68.41382856399338,68.06306823188957,68.23844839794147,658600
2019-03-13,68.56529998779297,68.74068016824336,68.29425623200952,68.38194632223471,767500
2019-03-14,68.47759246826172,68.65297260407336,68.35801455002782,68.54136816891787,678500
2019-03-15,68.90010833740234,69.01171279279849,68.58920934280071,68.62906460144981,796100
2019-03-18,69.13128662109375,69.17114187737243,68.88416335341248,68.95590646390589,712600
2019-03-19,68.97183990478516,69.47406595197097,68.7326901469694,69.35448803207026,670100
2019-03-20,68.47759246826172,69.03561464403916,68.40584328452715,68.87618147438434,864600
2019-03-21,69.05953979492188,69.20303210281173,68.28628211116785,68.29424951350481,742200
2019-03-22,68.0232162475586,68.86024969583833,67.9275526754751,68.7486452360677,3204700
2019-03-25,67.87218475341797,68.16137907884004,67.59102530615105,67.92841664287135,2941600
2019-03-26,68.57106018066406,68.69958756479609,68.21759914887433,68.23366890240034,805500
2019-03-27,68.29793548583984,68.72369818799397,67.96857905561829,68.57106616026294,1173300
2019-03-28,68.4505615234375,68.62729203927805,68.0408686120631,68.46663127695858,1088800
2019-03-29,68.81207275390625,68.83617126073854,68.45861164352182,68.77190448997472,1529200
2019-04-01,69.51097106933594,69.57523785591154,68.92455349608332,69.17357963304116,1068100
2019-04-02,69.35028076171875,69.55110978781282,69.22978212029922,69.5029066539557,789400
2019-04-03,69.44668579101562,69.69571799048113,69.2458567330557,69.62341634263099,806000
2019-04-04,69.67161560058594,69.68767922764809,69.40651978793953,69.51094868588382,654900
2019-04-05,69.96078491210938,69.96078491210938,69.66356192553746,69.79208929380287,821900
2019-04-08,70.08130645751953,70.08130645751953,69.81621675850484,69.90457590563209,837600
2019-04-09,69.59931182861328,69.8483378777669,69.47078442959773,69.8483378777669,864100
2019-04-10,69.81621551513672,69.83227914283292,69.62341520988413,69.71981536251042,557100
2019-04-11,69.9045639038086,70.00899891862076,69.67963637777534,69.91259878082847,643600
2019-04-12,70.28213500976562,70.3544366572065,70.04114381886768,70.2178743694827,691500
2019-04-15,70.24998474121094,70.346384871691,70.08932398589248,70.33032124768513,669500
2019-04-16,70.60346221923828,70.60346221923828,70.37049977953902,70.41870292042546,812900
2019-04-17,70.55525970458984,70.89265102040001,70.46689443680872,70.82035550793321,867500
2019-04-18,70.42672729492188,70.70788672922532,70.2580316343398,70.70788672922532,1005800
2019-04-22,70.36247253417969,70.49100608539835,70.20984660312884,70.26607849958273,747700
2019-04-23,70.73198699951172,70.75608550256322,70.24196367474569,70.42672295068432,1106700
2019-04-24,70.4990234375,70.69181758757959,70.37048991823659,70.62755082794789,703100
2019-04-25,70.10540771484375,70.28213827366612,69.80818461938495,70.2018078729696,724100
2019-04-26,70.30624389648438,70.30624389648438,69.93671911282848,70.00902077094449,951500
2019-04-29,70.40262603759766,70.56328681411311,70.28212739080317,70.32229564933992,808600
2019-04-30,70.76411437988281,70.86854939838366,70.29819568613559,70.54722172320872,674400
2019-05-01,70.13751983642578,70.83640698111034,70.13751983642578,70.82837210483171,844100
2019-05-02,70.0090103149414,70.33836678058525,69.6957174771368,70.12147409626529,971400
2019-05-03,70.56327819824219,70.6436147055065,70.20982330730234,70.29015368575162,601700
2019-05-06,70.31426239013672,70.40262765789866,69.6073463768571,69.67964188930819,810300
2019-05-07,69.34224700927734,69.84030520844227,68.90845557042059,69.78407332537653,1256500
2019-05-08,69.10124969482422,69.52701238508345,69.0610875662594,69.30207872409504,1162900
2019-05-09,68.908447265625,69.03698077075057,68.18546162133076,68.67548488419604,1076200
2019-05-10,69.36634063720703,69.50290289665277,68.05693766423317,68.66745958662287,853000
2019-05-13,68.08908081054688,68.50680252549039,67.79988649681059,68.33810686394689,1093500
2019-05-14,68.56304168701172,68.9646998177251,68.22565032812848,68.28991709995863,988400
2019-05-15,68.747802734375,68.89239989735218,68.08104880904601,68.23368085019311,709400
2019-05-16,69.30209350585938,69.63949100489927,68.94060362759429,68.94060362759429,612500
2019-05-17,69.03697967529297,69.502898301943,68.731715669871,68.80401729756058,851600
2019-05-20,68.81207275390625,69.15749285692446,68.61124369188175,68.7397711045928,564900
2019-05-21,69.30209350585938,69.39045878789162,69.0852008046637,69.14946757865386,606600
2019-05-22,69.10124969482422,69.20568471248701,68.89239191712979,69.04501781178101,691900
2019-05-23,68.41039276123047,68.6031868830752,68.0247983887264,68.58711713111293,807700
2019-05-24,68.55500793457031,68.77994163967111,68.36221374472929,68.76387188204123,533100
2019-05-28,67.58299255371094,68.64336973733887,67.58299255371094,68.59517272452467,657700
2019-05-29,67.2054214477539,67.49460957761778,66.76359518343502,67.30985032440434,2089100
2019-05-30,67.21346282958984,67.53479052505787,66.94836702116753,67.33396148149235,2847300
2019-05-31,66.29768371582031,66.70737668591984,66.23341695015448,66.58687803250044,1352200
2019-06-03,67.02067565917969,67.109040937877,66.418188465598,66.45032185138035,1240900
2019-06-04,68.26579284667969,68.2898913448232,67.54280725830206,67.57494063209822,857400
2019-06-05,68.63533020019531,68.64335894852479,68.12923712992387,68.5549936863763,1241200
2019-06-06,69.08518981933594,69.28601885950842,68.6594332347808,68.73976362508661,684500
2019-06-07,69.38243865966797,69.74392858285414,69.29407336665487,69.30210211778868,595200
2019-06-10,69.52701568603516,69.832273618646,69.47078380032222,69.73587347364558,2136500
2019-06-11,69.66357421875,70.0330988948413,69.55913920173981,69.88850174951727,560900
2019-06-12,69.56718444824219,69.79211201253595,69.48685405082533,69.64751484565903,589400
2019-06-13,69.85636901855469,69.96883278498314,69.58324447974722,69.77603863236517,756600
2019-06-14,69.74391174316406,69.90457253049573,69.53504781657996,69.70374348192306,506200
2019-06-17,69.58613586425781,69.7965142825919,69.53758937281795,69.77224103687196,663800
2019-06-18,70.18489074707031,70.419542385001,69.85314613706909,69.85314613706909,687300
2019-06-19,70.26580047607422,70.41953923932648,70.03115502188137,70.22534713060394,723500
2019-06-20,70.848388671875,70.9535809597183,70.31435878663676,70.84030170608423,960100
2019-06-21,70.8969497680664,71.13160144229997,70.71893772738872,70.8160307144805,2384300
2019-06-24,70.7998275756836,71.00211279732841,70.72700785905388,70.8807404296905,601700
2019-06-25,70.30628204345703,70.75131219598633,70.25773554436574,70.75131219598633,817800
2019-06-26,69.99068450927734,70.48426092857888,69.99068450927734,70.4357144523377,526000
2019-06-27,70.2010726928711,70.33862517698752,70.07160717375747,70.2010726928711,949800
2019-06-28,70.7027359008789,70.75128855700585,70.45190417503659,70.48427055470265,1020700
2019-07-01,71.13160705566406,71.43098535383196,70.80794933555015,71.20442680172948,986500
2019-07-02,71.2772216796875,71.2772216796875,70.83219787139682,71.08302958467439,1146600
2019-07-03,71.81126403808594,71.81935717663006,71.3986003979188,71.3986003979188,471200
2019-07-05,71.67371368408203,71.73844644785136,71.22868364973809,71.55234129532857,502700
2019-07-08,71.3257827758789,71.59280079641222,71.20441038715866,71.45524213012601,564600
2019-07-09,71.26913452148438,71.3176810017919,71.06684928919582,71.08302939154653,600200
2019-07-10,71.4795150756836,71.71416671336436,71.35814886072467,71.52806773492327,547600
2019-07-11,71.4795150756836,71.56043411666434,71.1234972230439,71.53616087367256,742000
2019-07-12,71.78697204589844,71.78697204589844,71.50377400338111,71.62514018356401,661900
2019-07-15,71.83553314208984,71.8678995211458,71.6979806610437,71.8678995211458,729000
2019-07-16,71.60089874267578,71.81937031052833,71.56044538906919,71.79509706371294,619400
2019-07-17,71.18824768066406,71.67373118093704,71.17206139914231,71.64945793191204,521800
2019-07-18,71.57662200927734,71.66562802543618,71.06686533121407,71.14777820774299,740900
2019-07-19,71.2772216796875,71.7465249014533,71.22867519924807,71.7465249014533,600800
2019-07-22,71.19632720947266,71.34197286166305,71.00213506430447,71.32579275508944,496200
2019-07-23,71.68988800048828,71.72225437975983,71.31768389874888,71.44714941583509,831800
2019-07-24,72.11064910888672,72.11064910888672,71.61707259841073,71.66561908361952,558900
2019-07-25,71.85172271728516,72.11064758836567,71.64943746883925,72.06209493092466,518200
2019-07-26,72.19154357910156,72.23199691538169,71.79506631333152,71.93261876854191,423000
2019-07-29,72.1834716796875,72.29675093180691,72.08637253218963,72.16729157506599,562100
2019-07-30,71.98119354248047,72.01355992818284,71.77081512204352,71.92455391081555,1143500
2019-07-31,71.2125015258789,71.94072966449136,70.73510512318899,71.89217700641322,883300
2019-08-01,70.43572235107422,71.79507939756076,70.33862321444819,71.22867702712563,1084500
2019-08-02,70.1039810180664,70.4438187820413,69.78841649819594,70.33863266650329,1294200
2019-08-05,68.38050842285156,69.49712079328722,67.83029228961023,69.3514751646864,2188900
2019-08-06,69.01165008544922,69.06828971956156,68.13777615349548,68.66371914068563,1525500
2019-08-07,68.94688415527344,69.15726248363177,67.62798692475697,68.34812171498884,1212100
2019-08-08,70.06352996826172,70.07971624845962,69.14110954120966,69.25438880956644,1125300
2019-08-09,69.69940185546875,70.03923957735523,69.22201165185523,69.88550699264789,855200
2019-08-12,68.97927856445312,69.46476198831994,68.71226052068654,69.38384911321825,738600
2019-08-13,69.80461120605469,70.23346124355373,68.82555105840271,68.90647012002067,1196600
2019-08-14,67.8869400024414,68.94691287545939,67.83030037197304,68.8821801054222,1312900
2019-08-15,67.91120147705078,68.21058585663889,67.41762499426653,68.08112033900436,1027100
2019-08-16,68.97117614746094,69.06018215007735,68.31577392206356,68.31577392206356,748300
2019-08-19,69.76415252685547,69.94216457162382,69.56186723475638,69.66705336427532,833500
2019-08-20,69.14918518066406,69.6832211734097,69.10873183692173,69.66703489730831,706100
2019-08-21,69.65895080566406,69.76414309421742,69.47285181911893,69.64277070071698,851500
2019-08-22,69.72368621826172,70.0149775044159,69.3514820577884,69.82078537139864,649500
2019-08-23,68.02449798583984,69.6751467151504,67.66038692826339,69.41622178741093,1269000
2019-08-26,68.64752960205078,68.68798912732075,68.18631941095451,68.51807023304916,927700
2019-08-27,68.3724136352539,69.16537452145747,68.2510412521378,69.01163575796,799800
2019-08-28,68.95500183105469,68.96309497013245,68.17013401843302,68.25914002851937,688600
2019-08-29,69.61042022705078,69.71561253964586,69.19775646413741,69.51332722866489,804400
2019-08-30,69.71558380126953,70.06350846640673,69.54565877762569,69.95832237042957,613400
2019-09-03,69.53758239746094,69.561855640746,68.94690672674749,69.32720400023004,969800
2019-09-04,70.2496337890625,70.29009331551572,69.90170285063859,70.05544164325244,687400
2019-09-05,71.00212860107422,71.3500595066764,70.7998433344045,70.83220971786243,795300
2019-09-06,71.1396713256836,71.2610437036592,70.96975246581997,71.12349122280611,792300
2019-09-09,71.56044006347656,71.5685270296418,71.2772357430213,71.4471608045971,948000
2019-09-10,71.9326400756836,71.9326400756836,71.36623764069809,71.39051705756327,810500
2019-09-11,72.47476959228516,72.50713597775129,71.76272763180052,71.96501291102128,1534600
2019-09-12,72.62040710449219,72.83887246534265,72.28056935505542,72.59613386142615,1608500
2019-09-13,72.59612274169922,72.91168719973416,72.50711674858627,72.78222169220436,770100
2019-09-16,72.2724838256836,72.45858899754467,72.13493131832271,72.4504958579185,1191400
2019-09-17,72.36148071289062,72.37766081684495,72.06209631705984,72.24010832683729,1121600
2019-09-18,72.43431091308594,72.45049719263645,71.90837411957507,72.28057829689737,701100
2019-09-19,72.36957550048828,72.72559335489929,72.26438321599237,72.53140123674272,551800
2019-09-20,72.31293487548828,72.74177862656279,72.14301600279401,72.54758651109162,1117200
2019-09-23,72.4019546508789,72.57187355588907,72.08638391499464,72.1268434428216,1164200
2019-09-24,71.9986801147461,72.61907867014618,71.77011386485218,72.57826682721553,1305200
2019-09-25,72.25989532470703,72.3578549523114,71.80276285181233,72.02317045693145,1035300
2019-09-26,72.17825317382812,72.349677822089,71.86805708096963,72.34151919214453,866100
2019-09-27,72.2109146118164,72.57009366510847,71.84357692764952,72.39866899729977,1013200
2019-09-30,72.43132019042969,72.64355669059788,72.2517306687779,72.27621901664635,864800
2019-10-01,71.45174407958984,72.71702938658538,71.35379068619724,72.6435581135785,1265800
2019-10-02,70.17831420898438,71.08442064726901,69.86811179316143,71.08442064726901,1160200
2019-10-03,70.5946273803711,70.5946273803711,69.44362507616513,70.12933003415152,1181400
2019-10-04,71.54154968261719,71.58236775469075,70.7007497127942,70.71707320484559,804600
2019-10-07,71.19052124023438,71.70479521479662,71.15786803468028,71.40276396235495,667200
2019-10-08,70.07217407226562,70.73339060247999,70.03952709385024,70.73339060247999,958300
2019-10-09,70.54562377929688,70.78235481280662,70.26808091598554,70.50481194949526,688000
2019-10-10,70.97012329101562,71.239501350821,70.48849627094927,70.53747919561043,898500
2019-10-11,71.7456283569336,72.30888537218327,71.53338559020766,71.69665165229047,1200200
2019-10-14,71.61502838134766,71.71298179972429,71.50890387415424,71.63951673594181,593300
2019-10-15,72.10482025146484,72.34155141249045,71.72931758403392,71.81911237711138,1134600
2019-10-16,72.0149917602539,72.25172281050543,71.94152049667713,72.11294514107409,616400
2019-10-17,72.1946029663086,72.39051601480814,71.99868368984552,72.2435796714426,663500
2019-10-18,72.1374740600586,72.30889878607364,71.95788447243389,72.02319090938188,967300
2019-10-21,72.65985870361328,72.68434704214468,72.47210439493936,72.47210439493936,1355100
2019-10-22,72.70886993408203,73.01906608282728,72.48030369522101,72.71703479345932,837800
2019-10-23,72.8231430053711,72.8231430053711,72.43131700080578,72.51294689942671,711600
2019-10-24,72.59458923339844,73.01906851571724,72.41499968889171,72.99458016473235,792100
2019-10-25,72.9700927734375,73.08437589817879,72.59459018814995,72.59459018814995,803800
2019-10-28,73.1741714477539,73.45987926263756,73.1251947446205,73.20682465916393,857200
2019-10-29,73.32108306884766,73.48434284290025,73.09251689398955,73.13332872352211,907700
2019-10-30,73.40272521972656,73.49251997884642,73.0027343468959,73.40272521972656,789300
2019-10-31,73.19049072265625,73.34558566976669,72.69254021865,73.30477383230074,773500
2019-11-01,73.7945785522461,73.7945785522461,73.45988776751666,73.46805262830527,980100
2019-11-04,74.1292495727539,74.3006742502282,73.9986429638052,74.1619027819818,1027000
2019-11-05,74.16190338134766,74.33332806020738,74.07210861223597,74.18639173147578,1108200
2019-11-06,74.29252624511719,74.34966781244836,74.05579511532693,74.22721981732047,888100
2019-11-07,74.50474548339844,74.83943617712315,74.39046237528811,74.68433500413245,2209600
2019-11-08,74.71699523925781,74.71699523925781,74.1619031356621,74.45577579215177,769600
2019-11-11,74.43128204345703,74.47210010921665,74.25985737759898,74.38230534691542,1103500
2019-11-12,74.439453125,74.69250771556908,74.24353386653075,74.53740652627167,2293600
2019-11-13,74.34966278076172,74.50475775132801,74.08844331521692,74.23537965383358,803300
2019-11-14,74.27619171142578,74.33333327505446,73.94966582156339,74.2517033595797,877500
2019-11-15,74.6925048828125,74.6925048828125,74.39046737509958,74.59454525729305,986600
2019-11-18,74.64352416992188,74.73331893149512,74.42311658134668,74.58638261509911,6931700
2019-11-19,74.45577239990234,74.81495145879482,74.37414249414385,74.79046310986354,941900
2019-11-20,74.1863784790039,74.39045633089945,73.85985889834046,74.32515615154384,998100
2019-11-21,74.2435531616211,74.34967767786328,73.94968042550586,74.26804774626784,912600
2019-11-22,74.48844146728516,74.57007139042365,74.32518162100818,74.45578825243697,1058400
2019-11-25,74.8231201171875,74.86393195815782,74.63536571924269,74.71699562914624,1244200
2019-11-26,74.88843536376953,74.92108857988808,74.65986907890384,74.83945865357379,1077500
2019-11-27,75.14962768554688,75.19861060599123,74.90473799517272,75.01085623820533,3222200
2019-11-29,74.90473937988281,75.1333055863088,74.8067797651451,75.059834318265,508900
2019-12-02,74.50474548339844,75.01902569785716,74.43944529873704,74.97820763297678,1388400
2019-12-03,73.95781707763672,74.02312348918935,73.50884951112732,73.9251638718604,1791900
2019-12-04,74.54557037353516,74.65168863279294,74.10476138990899,74.21904450848287,1438700
2019-12-05,74.65984344482422,74.68433179151414,74.30066441880662,74.65984344482422,1389000
2019-12-06,75.29656219482422,75.47615170025847,75.07616085594877,75.11697268938998,1413900
2019-12-09,75.20680236816406,75.37822709533503,75.198643734464,75.22313209149348,1515200
2019-12-10,75.09249877929688,75.30474152906207,74.91290923933886,75.16597005835376,1461100
2019-12-11,75.22309875488281,75.38635854803726,75.06799759181276,75.19861040870583,1646100
2019-12-12,76.09654998779297,76.20266822812184,75.19044383218247,75.25575023913642,1823000
2019-12-13,75.89247131347656,76.30879186833812,75.60676357110557,76.04757247131869,1587000
2019-12-16,76.38227844238281,76.56186799621649,76.25167182102598,76.32513687779606,1454200
2019-12-17,76.49655151367188,76.64348783585605,76.44757481559802,76.51288123167157,1561300
2019-12-18,76.45574188232422,76.63532518976818,76.37410574589366,76.62716655849538,847100
2019-12-19,76.61083984375,76.6679814047141,76.45574487996919,76.51288644093329,2286100
2019-12-20,77.11695098876953,77.2393989634702,76.92919659716682,77.02715622251989,1349300
2019-12-23,77.0914306640625,77.26428064513387,77.02558125801292,77.26428064513387,2724200
2019-12-24,77.06673431396484,77.20666587518265,76.95150099042911,77.15727567956365,461500
2019-12-26,77.247802734375,77.28072743210639,77.04202808336188,77.1737268742874,1065000
2019-12-27,77.26428985595703,77.4289071109603,77.1490565215056,77.4289071109603,1377600
2019-12-30,76.90210723876953,77.33834851918027,76.82802509468873,77.31365656440146,1591100
2019-12-31,77.13258361816406,77.17374106783383,76.75395894423377,76.80334286004138,703100
2020-01-02,77.34658813476562,77.48651341077148,77.00088817766472,77.45358870822689,1987200
2020-01-03,76.73749542236328,76.99265401269881,76.52348799964118,76.67164601848805,1933900
2020-01-06,76.77865600585938,76.79512149871985,76.37533934721554,76.38357209364578,2493300
2020-01-07,76.46588897705078,76.64697173959965,76.38358034309572,76.61404703006838,832300
2020-01-08,76.6634292602539,76.95151261260318,76.43296257837449,76.51527121051055,954000
2020-01-09,77.03382110595703,77.04205385307964,76.73751128675025,76.93505325947014,1304100
2020-01-10,76.73749542236328,77.1737367334833,76.64695406197103,77.13257928612508,1645100
2020-01-13,77.1655044555664,77.1655044555664,76.71279765086248,76.87742116154791,2655400
2020-01-14,77.25605010986328,77.39597539191337,77.01735071591276,77.0667346319904,850800
2020-01-15,77.30542755126953,77.5112022240187,77.10788562375883,77.21488619288033,1301900
2020-01-16,77.8404541015625,77.8404541015625,77.55237077441481,77.6346793993505,1299200
2020-01-17,78.01331329345703,78.05447075064897,77.8733879865985,77.93923740620708,1002400
2020-01-21,77.6676025390625,77.90630194238437,77.51944450526774,77.79929508035484,1431900
2020-01-22,77.81575012207031,78.0297575376424,77.7334415098486,77.85690128830888,948100
2020-01-23,77.73345947265625,77.76638418110215,77.14082728012201,77.56060946312478,833600
2020-01-24,77.04204559326172,77.9145345820801,76.71280482086301,77.9145345820801,1017400
2020-01-27,76.10370635986328,76.4494063126817,75.92262363798368,76.11193910533368,1263900
2020-01-28,76.59757995605469,76.80335467657257,76.30949660327889,76.41649719723958,804100
2020-01-29,76.18601989746094,76.86096063550755,76.16956068520162,76.75396005645884,807300
2020-01-30,76.498779296875,76.57285515021019,75.48636534309014,75.71683192645752,1804900
2020-01-31,75.19829559326172,76.21893619387254,74.93490426795104,76.19424423833475,2566000
2020-02-03,75.43700408935547,75.98847876223168,75.35469546769033,75.5275454571107,1467400
2020-02-04,76.25188446044922,76.60581725194582,76.19426778647286,76.29304191889511,922500
2020-02-05,77.51119995117188,77.5358919064186,76.77040989504799,76.84449204053261,1143000
2020-02-06,77.53591918945312,77.82400884802195,77.46184329764743,77.79931060434004,1027000
2020-02-07,77.11611938476562,77.37951071816414,77.00088606888781,77.37951071816414,747800
2020-02-10,77.37129211425781,77.37129211425781,76.90212601964842,76.97620190207554,825400
2020-02-11,77.65937042236328,77.88161061472975,77.52767788000337,77.67583591499918,825800
2020-02-12,77.86515045166016,78.07915791235665,77.70876593938794,77.98038378901691,836700
2020-02-13,77.65937042236328,77.82399394999501,77.31367043395485,77.60175375762854,910200
2020-02-14,77.58528900146484,77.74990623758961,77.28897295264424,77.74990623758961,886500
2020-02-18,77.18196868896484,77.50298298575352,76.88565890993993,77.42890083118837,814700
2020-02-19,77.31365203857422,77.43711808498514,77.22311068985582,77.35480948062586,1125400
2020-02-20,77.28074645996094,77.44536370940546,76.66342235492574,77.16551312940068,963900
2020-02-21,76.91036224365234,77.08321225687612,76.65519731768244,76.9597461675031,898000
2020-02-24,74.83611297607422,75.61806030704207,74.6961877403381,75.23120301315966,3376800
2020-02-25,72.68785095214844,75.09953061878026,72.41623312847642,74.99253003853039,3913400
2020-02-26,72.1939926147461,73.61795625489691,72.13637595183509,72.97594021681854,2524000
2020-02-27,69.12383270263672,71.86474664518543,69.11559995717558,71.0910381249478,4116900
2020-02-28,67.9056396484375,68.08672235892578,65.99605100284698,67.31300760674658,6618300
2020-03-02,71.04988861083984,71.04988861083984,67.71633593801462,68.33366004189,3985100
2020-03-03,69.23906707763672,72.07052242426983,68.5888183306606,71.11573116777289,3757100
2020-03-04,72.10343933105469,72.11990482044823,69.78230142636147,70.44900931268205,2572700
2020-03-05,69.91403198242188,71.00874889410842,69.23909104479871,70.38319816735813,2391700
2020-03-06,68.83576965332031,69.09093462297865,67.32950320025951,67.8233613625621,3514200
2020-03-09,63.35392761230469,65.73268309142172,62.917686170630496,64.1194098921423,5635700
2020-03-10,65.92733001708984,66.02682022094865,62.62765065500634,65.66202913207171,6366000
2020-03-11,62.72715377807617,64.51793353945745,61.98927901671089,64.17801967549097,3985500
2020-03-12,56.54231643676758,60.579871402556556,56.45111864208944,58.416007956599934,7132500
2020-03-13,61.65765380859375,61.7654301344146,56.791033076609395,59.86686783165286,4264900
2020-03-16,55.45622634887695,59.25335029175063,54.320403608463025,55.182633040377915,4530600
2020-03-17,59.36942672729492,59.36942672729492,55.149476790111244,56.40136843123538,4339800
2020-03-18,56.39309310913086,57.47917438207368,53.541109026469506,55.721551356789384,4823500
2020-03-19,55.39820098876953,56.757868995715675,53.89759325159342,55.51426974604985,4103100
2020-03-20,52.76176834106445,55.95367169670889,52.513049133017766,55.88735121309637,3978500
2020-03-23,50.548160552978516,52.65398601937627,49.80199980642756,52.546209704702584,5933200
2020-03-24,54.900760650634766,55.09144232015342,52.89441895282633,53.33382615640081,4476700
2020-03-25,55.622039794921875,57.694704977179015,53.84783890493154,55.439650572111866,4657700
2020-03-26,59.41916275024414,59.783953839184775,56.16922532688662,56.31016503842385,4770500
2020-03-27,57.827354431152344,59.65129713041334,57.23871832070655,57.42939996162487,2835300
2020-03-30,59.79225158691406,59.974640822328446,58.00146570955745,58.20043980972843,5213600
2020-03-31,58.656429290771484,59.91660703799742,58.34138643528317,59.69276196375331,2213900
2020-04-01,56.20238494873047,57.280166954520546,55.68007564536639,56.31845368281137,3374300
2020-04-02,58.06779479980469,58.22531939481928,56.03657890584185,56.03657890584185,2558200
2020-04-03,57.23041534423828,58.48230656479954,56.55887402124984,57.81076524181111,2980500
2020-04-06,60.56328582763672,60.99439744992001,59.00463739069615,59.153869553269764,3036000
2020-04-07,60.53840637207031,62.74372532648118,60.538406372070305,62.56962219722863,3339100
2020-04-08,62.66910171508789,63.00072941089359,60.596436522892546,61.29285531661172,2282200
2020-04-09,63.91270065307617,64.88271276753912,63.299193528964764,63.780053370285245,3945700
2020-04-13,62.85978698730469,63.85466370658102,62.27944328860548,63.83808516887758,3926000
2020-04-14,64.41842651367188,64.51791671207282,63.53132613506311,64.09509127545842,3096800
2020-04-15,62.43696212768555,63.166544298998105,61.956108626460065,63.00901972559708,2660400
2020-04-16,62.33747863769531,62.793461172329735,61.665930832626536,62.65252146118484,2065200
2020-04-17,64.56766510009766,64.758353084768,63.4152637358793,63.929286991070065,2425800
2020-04-20,63.31577682495117,64.44330716448191,63.24115759094516,63.42355313487984,2595500
2020-04-21,61.59961700439453,62.56962287441676,61.46696338527729,62.03902104849318,2052200
2020-04-22,62.702266693115234,63.11679974197292,62.34576801808673,62.85149884371489,1529000
2020-04-23,62.68568801879883,63.763476473608335,62.594490242225454,62.992444751388575,1937200
2020-04-24,63.49817657470703,63.72202798857853,62.57791892133741,63.03390153152624,1506100
2020-04-27,64.70030975341797,64.99877401184843,63.78833844166775,63.92927814001784,3336200
2020-04-28,64.96562194824219,65.85272244744128,64.79151882132713,65.73665369616458,1826700
2020-04-29,66.06826782226562,66.57399855964495,65.53766611833835,66.20920751621823,1644400
2020-04-30,64.67544555664062,65.4879267588781,64.41843077508737,65.43818481902294,7225200
2020-05-01,62.94271469116211,63.79665200492837,62.669121282302775,63.697168092815275,1774600
2020-05-04,62.89295196533203,62.98414973816798,62.055593471689235,62.59448767700929,2038400
2020-05-05,63.22459411621094,64.01220452509808,63.2163016826186,63.614256266495104,1960000
2020-05-06,62.28775405883789,63.65571483346679,62.262883079798634,63.58938800584582,1397200
2020-05-07,62.635955810546875,63.42356619395728,62.56133656117657,62.984162106879474,1834000
2020-05-08,64.09510040283203,64.16142721121118,63.332361082289694,63.539627614520064,1388100
2020-05-11,63.75518798828125,64.11168668460799,63.28262053736187,63.60595582876604,1563100
2020-05-12,62.58620834350586,64.1780203227894,62.56962980191704,64.01220328053414,1650800
2020-05-13,61.35087966918945,62.45353888941699,60.878312335559244,62.403790631744066,2174300
2020-05-14,62.171661376953125,62.18824624012105,60.13215965106575,60.74566675756716,2213600
2020-05-15,62.13020324707031,62.23797954161653,61.40062117546171,61.798575607727415,1494200
2020-05-18,64.41842651367188,64.76663904543933,63.79662700552727,63.9292806033952,2305500
2020-05-19,63.34893798828125,64.23603838176693,63.34064555695751,64.23603838176693,1401700
2020-05-20,64.30238342285156,64.57597683361323,63.921013664793286,64.16144366286194,1130100
2020-05-21,63.85466384887695,64.41014290489481,63.66398220113883,64.17800542489783,1589500
2020-05-22,63.796627044677734,63.87953870603191,63.35722307069603,63.821504338247,1975500
2020-05-26,65.19776153564453,65.69519996063322,65.05682180819774,65.33870126309132,2067200
2020-05-27,66.5822982788086,66.5822982788086,65.49622368234054,66.2589629970315,1736400
2020-05-28,66.37503814697266,67.13778386046774,66.2009350034833,67.1046204533355,2124200
2020-05-29,66.50767517089844,66.61545147321542,65.34698151214683,66.1760475076449,2467100
2020-06-01,66.5739974975586,66.83929834528976,66.10143016487272,66.30869664982743,1471200
2020-06-02,67.31188201904297,67.31188201904297,66.69836852044132,66.8890565160116,1702900
2020-06-03,68.63009643554688,68.78762103169318,67.9253914571797,67.9585548629617,1779600
2020-06-04,68.91199493408203,68.91199493408203,68.19070495713285,68.32335860473115,1916900
2020-06-05,70.73594665527344,71.49040013311348,70.54525859567683,70.81885203216443,3235500
2020-06-08,71.94635772705078,71.9629425917983,71.00951527753936,71.15874743390401,2064700
2020-06-09,70.84370422363281,71.17533196851771,70.5452398857637,71.1090051544861,1817600
2020-06-10,69.63326263427734,70.81054134856396,69.59181312285361,70.81054134856396,1603800
2020-06-11,65.29724884033203,67.96684273661894,65.18946619745218,67.62692259410935,2943100
2020-06-12,66.11802673339844,67.18752284648866,64.87442748449439,67.15435944081848,2202900
2020-06-15,66.5242691040039,66.89735268348709,64.30237146882429,64.66716261535727,1751300
2020-06-16,67.85075378417969,68.6466626562284,66.73980845594994,68.5720434321677,1750500
2020-06-17,67.16266632080078,68.05805316540945,67.04659753862421,68.04147462164461,1069200
2020-06-18,67.27870178222656,67.40306293733101,66.60715407477099,66.8392978494258,1474500
2020-06-19,66.73981475830078,68.14093835930115,66.47451388432214,68.14093835930115,1668800
2020-06-22,66.63676452636719,66.82944960257642,66.05869651428057,66.7708054848089,2170000
2020-06-23,66.6870346069336,67.49129959934645,66.62839048431172,67.3740113541027,1664400
2020-06-24,64.96121215820312,66.12572136873428,64.5255646541064,66.12572136873428,2946900
2020-06-25,65.6649398803711,65.71521083214239,64.38314246546764,64.82716312378275,2301800
2020-06-26,64.1988296508789,65.30469469830918,63.91398862568639,65.30469469830918,2650800
2020-06-29,65.2125473022461,65.27119781813643,64.39152956400359,64.67637062657299,1860500
2020-06-30,66.00006866455078,66.30166888504644,65.07851527602786,65.15391213528625,1661700
2020-07-01,65.75711822509766,66.52787796131538,65.72360637641589,66.20113903460094,1830100
2020-07-02,66.13412475585938,67.07243099496813,66.00845691548392,66.6451692861162,1636400
2020-07-06,66.75406646728516,67.23159906478637,66.48597810363063,67.02215483093968,1590300
2020-07-07,66.01680755615234,66.42731635593185,65.89113977082786,66.25975717825618,1438100
2020-07-08,66.11735534667969,66.39382327413946,65.59793772849197,66.11735534667969,1376700
2020-07-09,64.9863510131836,66.0503248169296,64.51719801521436,66.0503248169296,1623700
2020-07-10,66.29328155517578,66.3435525138533,65.04499580605403,65.04499580605403,1329800
2020-07-13,66.40220642089844,67.29862754998062,66.31005044009952,66.75407122482277,2041000
2020-07-14,67.24835205078125,67.3907789880623,66.00006620191994,66.234642722057,1732600
2020-07-15,68.08613586425781,68.27882739195891,67.75940333654279,68.21180369608624,1966400
2020-07-16,68.19503021240234,68.40447440446026,67.61696219696907,67.8180268316604,1461000
2020-07-17,68.32908630371094,68.64744563684938,68.15315391042802,68.45475412512185,1304800
2020-07-20,67.8348159790039,68.27883684007199,67.70914812978614,68.22857225707781,1486700
2020-07-21,68.73120880126953,69.03280895780945,68.15314076927976,68.29556128994314,1858000
2020-07-22,69.05795288085938,69.1082174515132,68.40448789543672,68.59717301076353,1730900
2020-07-23,69.00768280029297,69.42657123357736,68.74796762528008,69.02443552526304,1957800
2020-07-24,68.30393981933594,68.97416379971979,68.01909878229702,68.8233637237199,1708800
2020-07-27,68.3458480834961,68.37935992995934,67.85993589737595,68.27882439056962,1377400
2020-07-28,68.30393981933594,68.67256364772001,68.21178386223991,68.26205481539293,996300
2020-07-29,68.83173370361328,68.97415420231565,68.11961842664408,68.37933353856282,1451300
2020-07-30,68.28721618652344,68.37099262182787,67.60023919025545,68.29558935584126,1187400
2020-07-31,68.0274658203125,68.15313360428084,67.13104500254084,68.0274658203125,1404900
2020-08-03,68.19503021240234,68.4966303603041,67.86829778413036,68.27042705351303,1242600
2020-08-04,68.63068389892578,68.63068389892578,68.0358630514634,68.06937489534263,1153200
2020-08-05,68.83173370361328,69.1417069782327,68.73119820302584,69.02441875674502,1574000
2020-08-06,68.79823303222656,69.00767723196842,68.53014471222617,68.78147391687857,1686000
2020-08-07,69.57737731933594,69.57737731933594,68.555288431392,68.62231212050686,1820200
2020-08-10,70.2140884399414,70.27273257436846,69.62764709567094,69.68629123009799,1866200
2020-08-11,70.18895721435547,71.28644305740573,69.97113340101792,70.91782551760147,1867100
2020-08-12,70.76702117919922,70.94295357465,70.53244465193151,70.81728575169059,1435400
2020-08-13,70.18895721435547,70.40678102769301,69.96276023292403,70.3146250448091,1452600
2020-08-14,70.35649108886719,70.54079659646196,69.82030811277552,69.96273501153516,1458000
2020-08-17,70.12191009521484,70.41513706556557,70.07164553651666,70.41513706556557,1684200
2020-08-18,69.86223602294922,70.23923318373352,69.80359187812205,70.17221586945419,1257000
2020-08-19,69.6611557006836,70.24759701766091,69.52710831867108,69.97112908605833,1446900
2020-08-20,69.29252624511719,69.46008545921997,69.13334658965216,69.30090580375494,1355800
2020-08-21,69.23389434814453,69.28415892538926,68.89878225247254,69.09985334491469,1209900
2020-08-24,70.27271270751953,70.27271270751953,69.32602726462639,69.57736285067634,1199500
2020-08-25,70.14705657958984,70.57431815957327,69.87058869249708,70.54080631946536,1257500
2020-08-26,69.84547424316406,70.03815938331809,69.57738584558294,70.004647534654,1199500
2020-08-27,70.26435089111328,70.54919196903032,69.95437113714726,69.95437113714726,1640200
2020-08-28,70.7335205078125,70.75865279802848,70.07167583461974,70.50732350413669,1193800
2020-08-31,70.19732666015625,70.70837107643348,70.19732666015625,70.62459466544533,1573400
2020-09-01,70.14705657958984,70.17218886173828,69.78681228809228,70.10516518152247,2038100
2020-09-02,71.36183166503906,71.56289631745665,70.21407509035063,70.34812245311574,2200900
2020-09-03,70.04652404785156,72.0488102396858,69.54385920824632,71.49587444190888,2272800
2020-09-04,70.10517883300781,70.87593213038754,69.28415456981206,70.5156877687401,2209600
2020-09-08,68.67256927490234,69.83707858265133,68.47150462100333,69.79518718354606,2758500
2020-09-09,69.46843719482422,70.03812556356151,69.06630798849702,69.16683709421457,2178900
2020-09-10,68.36258697509766,69.68627587970646,68.23691917422697,69.6611435978783,2690900
2020-09-11,68.86524963378906,69.14171750871488,68.38771711879433,68.54689675436913,2010800
2020-09-14,69.65277862548828,69.99627026034749,69.24226968896367,69.32604610984383,1898700
2020-09-15,69.51872253417969,70.12191646856975,69.41818701591643,70.02976050809423,1616600
2020-09-16,69.92086029052734,70.64134894600048,69.61088053214407,69.82032476009019,1512300
2020-09-17,69.68628692626953,69.86221931868508,68.83175725000389,69.22550704727819,1643600
2020-09-18,69.13335418701172,69.76168692755377,68.78986894588228,69.74493420016769,1698000
2020-09-21,67.71797943115234,68.27567988979473,66.91523580386662,68.20807866205482,2766800
2020-09-22,67.802490234375,68.27569246892938,67.40534100674202,67.7686896142776,1285000
2020-09-23,66.54346466064453,68.23345741393074,66.50121226308808,67.98840769108695,2087800
2020-09-24,66.71243286132812,67.36308340363483,65.92658630884848,66.44203439417427,2376800
2020-09-25,67.36308288574219,67.51518242527237,66.28148902544214,66.43358856497234,1736900
2020-09-28,68.39397430419922,68.7573228208277,68.06442639921147,68.08132348162809,1344600
2020-09-29,67.86162567138672,68.4953726618085,67.59967897832419,68.41087435244715,988700
2020-09-30,68.38552856445312,68.9685778847101,67.94613346802727,68.03907709971838,1208800
2020-10-01,68.36016082763672,68.86715701321941,67.9545600110868,68.6390109860894,1338300
2020-10-02,68.4446792602539,68.81647958094254,67.43913190937774,67.48983605562229,1686000
2020-10-05,69.56006622314453,69.63611921084996,68.87562156783304,68.90942217939016,1386300
2020-10-06,69.0530776977539,70.46421954299011,68.94322408615527,69.80512366063108,1828500
2020-10-07,70.16002655029297,70.32902964174757,69.58542893296486,69.59388069923978,1098600
2020-10-08,71.01347351074219,71.03882236242883,70.39662351686292,70.48957360425307,1388500
2020-10-09,71.05569458007812,71.52044485437686,70.9204986027953,71.40214595670199,1173000
2020-10-12,71.63031768798828,71.82466963064351,71.09797245745936,71.18247077942779,1215300
2020-10-13,70.97966003417969,71.52890869285329,70.73461043425431,71.46130746939646,1230400
2020-10-14,70.67545318603516,71.34300068878164,70.61630373373139,71.03034989985781,1082700
2020-10-15,70.83601379394531,70.85291087676943,69.92341659806006,70.06706436589172,1372300
2020-10-16,71.02192687988281,71.30922246789399,70.81067784864796,70.98812626126818,1086500
2020-10-19,70.016357421875,71.28385121090706,69.88960675361044,71.08949932666049,1088000
2020-10-20,70.18534851074219,70.77684943398613,70.0163519308475,70.38815214278334,1671800
2020-10-21,69.82200622558594,70.42195251802225,69.82200622558594,70.13465701747818,966800
2020-10-22,70.81910705566406,70.9036118063788,69.86426397257644,69.92341342999237,1774000
2020-10-23,70.86135864257812,71.13175708015761,70.44731244527361,70.9796575560937,1011700
2020-10-26,69.59386444091797,70.18535900580387,68.89251628054808,70.14311307791617,2055600
2020-10-27,68.62213897705078,69.54318816522742,68.62213897705078,69.53473639832417,1673900
2020-10-28,66.65328216552734,67.97148030948283,66.57723561998783,67.52363346092923,4190800
2020-10-29,67.1856460571289,67.76024370012736,65.88435120543215,66.57724779432948,2639700
2020-10-30,67.21098327636719,67.31238511821792,66.32373488889512,66.93213304638363,2482300
2020-11-02,68.50382995605469,68.63058065373124,67.54053496860611,68.14048139434631,2064700
2020-11-03,69.56851959228516,70.05861880095624,69.29812114039898,69.4164200601737,1623600
2020-11-04,69.38262939453125,70.63321999623668,68.98548020114893,69.66147965117949,2678500
2020-11-05,70.52337646484375,71.08952232654526,70.15157610345942,70.15157610345942,2156500
2020-11-06,70.3881607055664,70.89515695373328,70.185357048854,70.69235974382795,1673700
2020-11-09,73.14286804199219,74.88356457480866,73.10062210063636,73.91181766829435,2672200
2020-11-10,74.17375946044922,74.33431078856214,73.26116209034777,73.61606536548203,1992200
2020-11-11,74.06391143798828,74.68075499729615,73.69211108105173,74.68075499729615,1404700
2020-11-12,72.96542358398438,73.59071899261568,72.41617474201475,73.59071899261568,2780100
2020-11-13,74.22442626953125,74.4694758195091,73.36253340995933,73.41323109381467,1466200
2020-11-16,75.54264831542969,75.60179778117956,74.84130004524675,75.49194416849532,1766400
2020-11-17,75.16239929199219,75.43279778171545,74.57935637631896,75.01029973859731,1216000
2020-11-18,74.33428955078125,75.66938460557981,74.31738602275205,75.45813563286384,1526900
2020-11-19,74.5117416381836,74.58778817769462,73.75124400903668,74.2328914330285,1169300
2020-11-20,74.23289489746094,74.64694111889484,74.11459597705125,74.49484803277466,1068200
2020-11-23,75.20464324951172,75.3144904075647,74.58779333907198,74.73144755721239,1309800
2020-11-24,76.9284439086914,76.9453409936983,75.96514889308739,76.01584659491651,1814000
2020-11-25,76.42988586425781,76.70028432724514,76.13413855267918,76.70028432724514,1285400
2020-11-27,76.33695220947266,76.67495197261773,76.14260669726049,76.60735717743613,661600
2020-11-30,75.44969940185547,76.11724706668434,75.30605161806919,76.08344645047434,2492800
2020-12-01,76.18484497070312,76.91153562364106,76.16794143993243,76.37073868152423,1285000
2020-12-02,76.6411361694336,76.68338854901023,76.06653861995436,76.14259161383073,1057500
2020-12-03,76.70026397705078,77.04671534069914,76.42986558580584,76.69181866096632,1271400
2020-12-04,77.79878997802734,77.79878997802734,76.97914273681903,76.98759450285037,1798200
2020-12-07,77.28333282470703,77.51148535326128,77.0213861295893,77.5030335882165,1550600
2020-12-08,77.7734375,77.89173643168792,76.90309259680686,76.9453385313764,1286100
2020-12-09,77.82414245605469,78.20439458348244,77.45234854186101,78.0269397225975,1247000
2020-12-10,77.61288452148438,77.73963521608962,77.29178834905146,77.57908390646911,1443600
2020-12-11,77.31714630126953,77.42699347789554,76.7594457580708,77.13124612020329,1145500
2020-12-14,76.51439666748047,78.01003687381244,76.51439666748047,77.99313978901912,1742800
2020-12-15,77.55374145507812,77.62979445683888,76.72564888271485,77.07209393328885,1515200
2020-12-16,77.4269790649414,77.66358335386045,77.21573007065517,77.64667982410525,1199000
2020-12-17,77.60443878173828,77.72274416688181,77.39318975659617,77.72274416688181,1617800
2020-12-18,77.36784362792969,77.7396439882436,76.8946478579366,77.7396439882436,2191500
2020-12-21,76.88189697265625,77.11207943024051,75.8503265065371,76.60055779889181,2452300
2020-12-22,76.31069946289062,76.8733713174008,76.2680699492737,76.8733713174008,2576400
2020-12-23,76.8904037475586,77.17173634222713,76.54938724914516,76.6857899459013,1402400
2020-12-24,77.05237579345703,77.05237579345703,76.61758613216574,77.01827349572567,1185600
2020-12-28,77.24848937988281,77.84526353790064,77.12913454827925,77.52130135274103,1514700
2020-12-29,77.12913513183594,77.60655446186233,76.87337105969291,77.60655446186233,1317100
2020-12-30,77.35929870605469,77.58948761565303,77.20584160110545,77.21436880258845,1119200
2020-12-31,78.0157699584961,78.10954967778521,77.1206022759546,77.35079122488244,1063600
2021-01-04,77.06944274902344,78.28004524612538,76.37036179252168,78.25447014474777,3206300
2021-01-05,77.72589111328125,78.06690762825362,76.82220287730117,77.02681018454497,3158500
2021-01-06,79.67820739746094,80.14710593861741,78.11806116526678,78.11806116526678,2007300
2021-01-07,80.14710998535156,80.59042694308829,79.87429804881751,80.09595327551105,1911900
2021-01-08,80.16415405273438,80.37728857122164,79.45654589031282,80.36876136926435,1671600
2021-01-11,80.53074645996094,80.67567637288366,79.67820837780465,79.69526278188343,1986300
2021-01-12,80.98259735107422,81.13605447882388,80.47107576002531,80.65010799167494,2009700
2021-01-13,81.03375244140625,81.2639348762489,80.74388609285833,80.98259573028028,1335300
2021-01-14,81.52821350097656,81.9203802336573,81.08489656535683,81.26392877999264,2036600
2021-01-15,80.6842041015625,80.99111833349,80.07890283980255,80.91439302768283,2908100
2021-01-19,81.05079650878906,81.24688313273988,80.82061408483327,81.2298287283879,2186700
2021-01-20,81.0678482055664,81.2127846319483,80.74388605555059,81.2127846319483,2423600
2021-01-21,80.61599731445312,81.0252184474117,80.41139000014847,81.00816404368258,1320200
2021-01-22,80.18971252441406,80.38579910267137,79.67819108699445,79.8827983610927,1693600
2021-01-25,80.3602294921875,80.36875018861011,79.49916433606988,79.86575591704286,1793800
2021-01-26,80.18971252441406,80.67565886561489,80.01920754672352,80.5818791765807,2051000
2021-01-27,78.21186065673828,79.3201630319836,77.94757586906402,79.22638330003126,2003500
2021-01-28,79.02175903320312,79.6696833098662,78.60401067862482,78.72336549297589,1670600
2021-01-29,77.57243347167969,78.93649301781105,77.25699856359401,78.67220831009625,2400900
2021-02-01,78.15216064453125,78.4505476579622,77.58948891982561,78.15216064453125,1716400
2021-02-02,79.05586242675781,79.50770658793145,78.63811406642587,78.78305048957657,1861900
2021-02-03,79.32015228271484,79.4480343093515,78.8683080923687,79.0388131249842,1363900
2021-02-04,80.26646423339844,80.26646423339844,79.22636670010893,79.32014641241206,1176100
2021-02-05,80.59041595458984,80.90585735558896,80.43695885469145,80.76944815374651,1102400
2021-02-08,81.3406753540039,81.3406753540039,80.8462016213372,80.8462016213372,1117600
2021-02-09,81.29803466796875,81.40034158270694,80.89734071568115,81.16162544831782,1147400
2021-02-10,81.34917449951172,81.67314310269538,80.82912579852099,81.63051360090319,1380200
2021-02-11,81.18717956542969,81.4940871970267,80.61597428198752,81.38325962184854,1357900
2021-02-12,81.63050842285156,81.63903562353885,80.880277371079,80.99110496262034,1126000
2021-02-16,81.8606948852539,82.04825428362909,81.70723778697862,82.01415198352919,4199700
2021-02-17,82.2187728881836,82.25287519123009,81.40885782561499,81.74134714988182,3763500
2021-02-18,81.88627624511719,82.00563104293767,81.52820534730706,81.80101724294656,1135000
2021-02-19,82.1249771118164,82.33811158589191,81.9970951265015,82.06529971924918,1080900
2021-02-22,82.43191528320312,82.61094751304809,81.81808677839189,81.86070978301221,2032700
2021-02-23,82.6450424194336,82.86669763405217,81.99711166633101,82.54273550967552,2747200
2021-02-24,83.7704086303711,83.94091367530125,82.55127869650393,82.69620863512961,2574900
2021-02-25,82.34664154052734,83.88973972929182,82.04825454414151,83.77038493073748,2447700
2021-02-26,81.11901092529297,82.44896843416993,80.89734917236339,82.44896843416993,2495400
2021-03-01,82.89228057861328,83.32707031732187,82.05679039630085,82.18467240947666,1743100
2021-03-02,82.56830596923828,83.09688188341583,82.48305346807388,82.90079527682369,1523000
2021-03-03,82.52567291259766,83.31853343505566,82.45746831823935,82.53419360863136,1846700
2021-03-04,81.8095474243164,83.1054088540731,80.83765460417332,82.4404237363999,2911500
2021-03-05,83.65103149414062,83.8556387943724,81.81807348028639,82.59387968352077,2937100
2021-03-08,84.3671875,85.28793040444523,83.76188610106404,84.0346980907866,3806400
2021-03-09,84.22222900390625,85.05771259356854,84.14549720237066,84.5376704024882,1664100
2021-03-10,85.45841979980469,85.68860873591247,84.43537665189146,84.43537665189146,2154800
2021-03-11,85.44136810302734,86.08077166815156,85.27085658305124,85.58629801674498,1794500
2021-03-12,86.19160461425781,86.20865901948602,85.68861023397258,85.78238994967826,1686400
2021-03-15,86.45588684082031,86.49850984074446,85.56924648759866,86.25980022725193,2487700
2021-03-16,86.14898681640625,86.27686234159704,85.85059324602719,86.20866422961203,1518200
2021-03-17,86.35359191894531,86.36211912185337,85.63745647471985,86.19160758544253,1351200
2021-03-18,85.82500457763672,86.99298405648257,85.66302676987648,86.25127360584115,1540200
2021-03-19,85.52662658691406,85.91026615105518,84.8445934680522,85.70565881713658,2396800
2021-03-22,85.5746841430664,85.7634781136069,85.09412243417225,85.42880027388958,1990500
2021-03-23,84.69937896728516,85.54036861555899,84.47626474292042,85.24001750801945,1621200
2021-03-24,84.7765884399414,85.77203843838325,84.76800511188318,85.02545257634212,1961400
2021-03-25,85.81494903564453,85.96083287768647,84.18446369453508,84.64786520498689,1992700
2021-03-26,87.3853530883789,87.43683995617701,86.14961588394299,86.32982646839652,1705300
2021-03-29,87.2137451171875,87.5226795098053,86.58729954955184,86.86190717108299,1494300
2021-03-30,87.04210662841797,87.26522733824048,86.81040913729707,87.12792027153084,3041000
2021-03-31,86.75032043457031,87.11932494156703,86.67309013055632,86.94769767898454,1464200
2021-04-01,87.18800354003906,87.23091364160548,86.38134731732099,86.75892871302395,1412200
2021-04-05,87.83162689208984,88.1234012158967,87.57418589160943,87.7973001159265,1745600
2021-04-06,87.76293182373047,88.07186611589687,87.60846467764726,87.7371883905766,1846800
2021-04-07,87.71147918701172,88.04615704294072,87.44545487772523,87.78013273365423,1158100
2021-04-08,87.61707305908203,87.74579680882074,87.2051649165124,87.74579680882074,1414200
2021-04-09,87.96891021728516,87.9860703271466,87.50550868508982,87.78869960151385,1659600
2021-04-12,88.01182556152344,88.17487608928653,87.7887113676144,87.98608211970026,1206800
2021-04-13,87.63423156738281,87.78011541484366,87.21373358753267,87.745788648295,1194500
2021-04-14,87.98606872558594,88.27784296521037,87.47118032601712,87.56557729644021,1358800
2021-04-15,88.34648895263672,88.39798237502481,87.87451065301379,88.22634854566644,1523100
2021-04-16,88.88713073730469,89.05875802607865,88.67259335275655,88.80131709291771,1228100
2021-04-19,88.52670288085938,88.91286752529668,88.346485729817,88.83563066811267,3514800
2021-04-20,87.94317626953125,88.346501092834,87.69431209313463,88.22636066935453,2478500
2021-04-21,88.79273223876953,88.90428931983979,87.84018574396872,87.93458271532097,2064200
2021-04-22,87.88309478759766,88.83563472384128,87.77153116070083,88.83563472384128,2417600
2021-04-23,88.5782241821289,88.90431875201638,87.78014459922743,87.95177194187063,2017500
2021-04-26,88.37226104736328,88.86998290912527,88.30360749844343,88.74126568885401,3646800
2021-04-27,88.50953674316406,88.63826047445043,88.21776906293184,88.44946654151855,2545700
2021-04-28,88.5782241821289,88.79276163401464,88.4752438482449,88.59538429752784,2664500
2021-04-29,89.54789733886719,89.5736407758394,88.89570189787383,89.07591905100121,1222300
2021-04-30,88.96437072753906,89.23897834773645,88.76699997870206,89.22181823585753,1190600
2021-05-03,89.8997573852539,90.20869177690332,89.47068256875883,89.51358612211106,1488600
2021-05-04,90.17436218261719,90.19152229398838,89.36769945777071,89.7452873795562,1873800
2021-05-05,90.73214721679688,90.88661438476946,90.44037298966602,90.44037298966602,761400
2021-05-06,91.6761245727539,91.6761245727539,90.54336734739995,90.87804517212986,1406900
2021-05-07,92.1910171508789,92.30257424838778,91.17840030210783,91.31570738873006,1319500
2021-05-10,92.25965881347656,93.28943564188506,92.25107548487743,92.74880378904481,1810900
2021-05-11,91.22129821777344,91.98505078038838,90.77505679302409,91.70185986243146,2252900
2021-05-12,89.82252502441406,91.31571017475753,89.7109679235016,91.16124297117588,2102000
2021-05-13,91.16981506347656,91.59888987944363,89.70237997852865,89.77961684992702,1544900
2021-05-14,92.18243408203125,92.37122805308994,91.61605871601745,91.65038548777014,1758900
2021-05-17,92.23392486572266,92.46562238444979,91.87349704624636,92.11377789445584,1301300
2021-05-18,91.30712890625,92.24250893166206,91.25563547245191,92.17386193186893,1234000
2021-05-19,90.792236328125,90.82655655290166,89.58224216913496,90.4403918261223,2387800
2021-05-20,91.28994750976562,91.59888187403514,90.56910502457778,90.84371262091051,1227600
2021-05-21,91.53883361816406,92.03656205186158,91.2985527321482,91.65039727750222,1423200
2021-05-24,91.87349700927734,92.14810462814368,91.66754293191809,91.9249904389887,1099200
2021-05-25,91.14408111572266,92.03655761155484,91.0239406785109,92.03655761155484,1101400
2021-05-26,91.30712890625,91.40152589652348,90.85231061520285,91.25563547245191,912000
2021-05-27,91.53023529052734,92.03654038872287,91.39292821817236,91.78767623045061,976400
2021-05-28,91.6589584350586,91.88207916853395,91.4701644718996,91.88207916853395,1411400
2021-06-01,91.89068603515625,92.49138830165393,91.66756524452983,92.38841451149071,1335600
2021-06-02,92.10520935058594,92.22534978543678,91.64180772452016,92.04513913316053,1091500
2021-06-03,92.24250030517578,92.3540639453361,91.58172798221923,91.72761184548521,1090700
2021-06-04,92.63724517822266,92.68015527638198,92.28540725253087,92.6029249562893,1031300
2021-06-07,92.3712158203125,92.7144769452189,92.19958853144,92.7144769452189,1352600
2021-06-08,92.20816040039062,92.37121089914581,91.7876689820421,92.37121089914581,1294300
2021-06-09,91.89068603515625,92.30259429013647,91.85635925604728,92.17387705243243,1007300
2021-06-10,92.04513549804688,92.61151087609556,91.9507385105117,92.33690324340115,1071200
2021-06-11,92.10520935058594,92.26825334236199,91.74478804603345,92.23393311568688,1297800
2021-06-14,91.70187377929688,92.09662183976822,91.1698186297073,92.0279682952091,977900
2021-06-15,91.81342315673828,91.95073023430811,91.40151501835244,91.81342315673828,1314700
2021-06-16,91.16124725341797,91.80485954071439,90.75791583916616,91.79627621034487,1583600
2021-06-17,89.88258361816406,91.26420494179095,89.42776539619277,91.21271806297507,2551900
2021-06-18,88.10621643066406,89.09308976407888,88.05472955059153,89.09308976407888,2102300
2021-06-21,89.71588897705078,89.77640241820654,88.64393376423264,88.64393376423264,1842400
2021-06-22,89.8369140625,90.10490780694711,89.30957983063122,89.77640062255459,1063800
2021-06-23,89.47383117675781,89.9838720727127,89.44789778821368,89.92335863428636,1355900
2021-06-24,90.19998168945312,90.29507516643014,89.75910094579895,89.97522128520684,1370000
2021-06-25,90.73596954345703,90.88292980274068,90.18270195929637,90.36424226702378,1519400
2021-06-28,90.38152313232422,90.77053708162934,90.14810948636598,90.75325035752489,1055400
2021-06-29,90.10490417480469,90.83971208608465,89.99251736552903,90.61494506300335,1411400
2021-06-30,90.57171630859375,90.68410311533329,90.04438870535162,90.04438870535162,2851700
2021-07-01,91.12499237060547,91.21143919609432,90.73597176270064,90.934805397248,1225700
2021-07-02,91.28923034667969,91.41025720950812,90.93479641853051,91.25465030080451,968200
2021-07-06,90.23458862304688,91.16823035040538,89.66403418664198,91.16823035040538,3012200
2021-07-07,90.48526763916016,90.55442773490145,89.86283996842792,90.08760698185228,1119800
2021-07-08,89.68995666503906,90.01845726447898,89.17126907811848,89.6121564949627,1849300
2021-07-09,90.9866714477539,91.05583154578137,90.2950836584191,90.38153707868842,1565700
2021-07-12,91.32382202148438,91.35840207176288,90.40747377324963,90.73597435769015,1070900
2021-07-13,90.67546081542969,91.26330847855525,90.58901398756684,91.11634821164141,1061200
2021-07-14,90.65815734863281,91.17684481550792,90.26049673751294,90.80511758841145,1072800
2021-07-15,90.71004486083984,90.84835847241813,90.19999734168559,90.21729066530193,955000
2021-07-16,89.9838638305664,91.0471788317714,89.85419689972271,91.02124544560266,929100
2021-07-19,88.46239471435547,89.07617579647787,87.72758674817912,88.85140875660457,2882900
2021-07-20,89.61215209960938,90.0443928334208,88.4450968419424,88.6093504313412,1332500
2021-07-21,90.48526763916016,90.63222789600812,90.12218702972294,90.17405380379404,1836400
2021-07-22,90.04439544677734,90.41611615699223,89.78504836077539,90.40747609080377,700900
2021-07-23,90.61494445800781,90.6754578951099,90.07032352408898,90.3815373707483,1067600
2021-07-26,91.01261901855469,91.0817791273597,90.5025780559275,90.5025780559275,849900
2021-07-27,90.95209503173828,91.00396180959568,90.13084027013514,90.58901439579607,1100500
2021-07-28,90.81377410888672,91.17685471557603,90.44204684142775,90.95208770385278,1186400
2021-07-29,91.48806762695312,91.70418797572955,91.2373672309161,91.3670407592759,1067500
2021-07-30,91.0730972290039,91.6782380537142,90.92613700125494,91.22870411587587,781600
2021-08-02,90.90022277832031,91.98082455505862,90.83970934264175,91.41891031206073,885900
2021-08-03,91.85113525390625,91.8770686368206,90.51983330206397,91.07310078913237,1281500
2021-08-04,90.89158630371094,91.56588083268952,90.88293964179644,91.34976045312098,1011400
2021-08-05,91.47943878173828,91.50537217336681,91.18551821598722,91.2200916745113,696700
2021-08-06,92.04999542236328,92.2228890886836,91.7992949893694,91.8252283797704,974600
2021-08-09,91.95489501953125,92.09320862310317,91.66961455560966,91.9635350853688,857700
2021-08-10,92.76750183105469,92.79343521915148,91.8943803196028,92.02404726008673,838100
2021-08-11,93.40721130371094,93.43314468860214,92.81936372945667,92.94903065391267,903800
2021-08-12,93.51095581054688,93.53688919847963,93.06142836361589,93.41586232448013,785800
2021-08-13,93.5368881225586,93.63198160753151,93.35534781364754,93.55418144462816,803500
2021-08-16,93.67520141601562,93.70113480173951,92.74155995713906,93.21702734697512,774500
2021-08-17,93.23432922363281,93.50232297575947,92.45629454813209,93.2256825618299,1062500
2021-08-18,92.06726837158203,93.23431693325463,91.98082155135991,92.92310310407933,888800
2021-08-19,91.75605773925781,92.09320496669926,91.21143681696081,91.35839707600559,967800
2021-08-20,92.30934143066406,92.46494837782687,91.50537330290138,91.73014035890789,817900
2021-08-23,92.81938171386719,93.12194892200439,92.7156415587328,92.7156415587328,796300
2021-08-24,92.83666229248047,93.01820260533755,92.73292214421784,93.00955594411482,758200
2021-08-25,93.1565170288086,93.44179087677585,92.65511623648975,92.91446329333594,733400
2021-08-26,92.5859375,93.23429841610009,92.52542407831605,93.2256517571543,655200
2021-08-27,93.3121337890625,93.41586734637006,92.75021950358867,92.80208628224244,592000
2021-08-30,93.07872009277344,93.52825415933384,93.02685331412043,93.45909405748296,587200
2021-08-31,92.97498321533203,93.27755040578707,92.84530967785985,93.03549665342304,731600
2021-09-01,92.62918853759766,93.12194269948624,92.38713478726221,93.12194269948624,974600
2021-09-02,93.30348205566406,93.30348205566406,92.85395460900264,92.85395460900264,848500
2021-09-03,93.00092315673828,93.26026365448614,92.85396288180077,93.16517016000408,566100
2021-09-07,92.11914825439453,92.9144762618447,92.0932148641842,92.90582959995108,880700
2021-09-08,92.11051177978516,92.26611872258557,91.73013778727952,91.95490483698474,766900
2021-09-09,91.62639617919922,92.3612041659079,91.54859600676369,91.94625672197697,746500
2021-09-10,91.1595687866211,92.17965718966488,91.11634867020726,92.06727697242464,896900
2021-09-13,91.79928588867188,92.18829989706224,91.30653173349143,91.78199256647189,1065400
2021-09-14,90.87429809570312,92.07592685890124,90.58901761640475,92.04134680727685,1098000
2021-09-15,91.67825317382812,91.85979347254137,90.79647847097006,90.8137717920682,858500
2021-09-16,91.24602508544922,91.92895966735031,90.77920428336726,91.76471266705012,1106400
2021-09-17,90.6495361328125,91.26331724369888,90.52850924308679,90.97803674842933,1427200
2021-09-20,89.24684143066406,89.67348300772947,88.26295181414817,89.35132792915627,2632900
2021-09-21,89.07269287109375,90.00434244436914,88.95079529275266,89.75183841982836,1525500
2021-09-22,89.8650131225586,90.48320978576095,89.65604682696369,89.80406434288847,1325700
2021-09-23,91.08399200439453,91.51934231255322,90.20458252189678,90.34389780910846,1349100
2021-09-24,91.28426361083984,91.59771641285523,90.90115979731402,90.93598862452902,2141600
2021-09-27,91.8763427734375,92.25945323983123,91.5280677780829,91.5280677780829,902400
2021-09-28,90.90115356445312,91.96340947145582,90.74442717419176,91.7544365224946,1232400
2021-09-29,91.34520721435547,91.73701984468765,90.77925047049445,91.08399436552155,900700
2021-09-30,89.98692321777344,91.73703362484638,89.9520943898359,91.59771831309624,1262300
2021-10-01,91.08399200439453,91.47580462456995,89.70828343631263,90.47450423013977,1172800
2021-10-04,90.84021759033203,91.68479844344317,90.37003835325201,90.96211517295426,1343600
2021-10-05,91.475830078125,91.94600933891607,90.87505100288116,91.19720606909182,897400
2021-10-06,91.6151351928711,91.64125515285038,90.29166631528425,90.87504087413984,1124700
2021-10-07,92.2681655883789,92.8428246667286,92.15497023199065,92.15497023199065,826800
2021-10-08,92.25946807861328,92.51197214090129,92.05921058836745,92.33783461521615,701400
2021-10-11,91.6151351928711,92.77316880002968,91.58901523289181,92.39876720684757,1020400
2021-10-12,91.266845703125,91.7979736533812,91.04917053147635,91.67607608869149,884900
2021-10-13,91.37134552001953,91.58031185530045,90.37003825563004,91.26685903091905,928500
2021-10-14,92.78187561035156,92.82541330774856,91.84152379002391,92.06790121631244,701700
2021-10-15,93.3565444946289,93.74835721280398,93.20852694713345,93.31300679575604,821300
2021-10-18,93.03437805175781,93.50455727535073,92.71222301103441,93.00825809093374,811900
2021-10-19,93.90508270263672,93.90508270263672,93.16498832953751,93.31300587557332,962200
2021-10-20,94.70611572265625,94.76706450819614,93.80929503131809,93.90507264329783,900700
2021-10-21,94.375244140625,94.6625769531355,93.96601376697407,94.6016281725653,932400
2021-10-22,94.61905670166016,94.75837202173648,94.19241515903656,94.39267927091626,845800
2021-10-25,94.81932067871094,94.96733822389149,94.4275013237435,94.80190294226612,740700
2021-10-26,94.87155151367188,95.15888435120466,94.73224285005927,94.89767147291677,806800
2021-10-27,93.65257263183594,94.86284616988007,93.61774380390924,94.86284616988007,1010400
2021-10-28,94.50586700439453,94.50586700439453,93.73094381255149,93.774474867433,792200
2021-10-29,94.4188003540039,94.75837314707256,94.18370740931321,94.4188003540039,742400
2021-11-01,94.83672332763672,94.95862090021593,94.53197939618869,94.793192276241,832100
2021-11-02,95.23726654052734,95.36787301026895,94.75838500870279,94.96735137453676,766900
2021-11-03,95.76836395263672,95.81190164290395,94.89766329064332,94.96732093790332,1006900
2021-11-04,95.48976135253906,95.90770068660741,94.98475326139156,95.85545411802364,962200
2021-11-05,96.0731201171875,96.42140175501845,95.76837617518031,95.92510258005825,890600
2021-11-08,96.06440734863281,96.56941533591363,95.82061222178524,96.34303129973276,890900
2021-11-09,95.99474334716797,96.04698325862978,95.59422185915088,95.9512056590041,1283900
2021-11-10,95.97735595703125,96.39528863776154,95.85545172865471,95.88157833375553,959000
2021-11-11,96.08181762695312,96.24725288002341,95.89897128336337,96.10793758419182,779000
2021-11-12,96.22984313964844,96.37786731449444,95.89027038150194,96.24726087453361,708100
2021-11-15,96.39527893066406,96.5345942388251,96.2037237034024,96.47364545223454,905500
2021-11-16,96.37786865234375,96.76968133474566,96.3082109976751,96.49105735899063,880200
2021-11-17,95.94251251220703,96.18630764598404,95.72483733663195,96.18630764598404,743000
2021-11-18,95.6464614868164,95.97733197287555,95.18499122249027,95.88155437353406,1046800
2021-11-19,94.78449249267578,95.29820279164653,94.70612596398186,95.29820279164653,1215500
2021-11-22,95.48976135253906,96.23856462067627,95.0021709985596,95.11535971847044,2091700
2021-11-23,96.38656616210938,96.4649326805081,95.58552310136271,95.66388961976143,1319800
2021-11-24,96.22113800048828,96.37786439511,95.99475395427486,96.14277148171779,926900
2021-11-26,94.22724151611328,94.5319854671323,93.66128466826659,94.41879675473092,1520600
2021-11-29,94.45362854003906,95.03699649923651,94.00086039042304,94.95862997056753,1448200
2021-11-30,92.23331451416016,93.7396294699887,92.13753691704814,93.69609178296747,2260100
2021-12-01,91.74571990966797,94.29687280258766,91.71959331295602,93.25202815040558,2566700
2021-12-02,93.41746520996094,93.93117535907629,91.87632147677851,92.15494539422983,1946600
2021-12-03,93.49584197998047,94.13145643565645,92.7644565555067,93.82671250879237,2077200
2021-12-06,94.61905670166016,95.17630469612527,94.22724398905564,94.35785044089718,1531600
2021-12-07,95.55068969726562,95.79448482207891,95.1588770528041,95.245945791249,1213600
2021-12-08,95.28950500488281,95.87287299143927,94.96734329265949,95.68131773784272,1214800
2021-12-09,95.16759490966797,95.48104771201554,94.7496556255647,94.99345077340845,1430300
2021-12-10,95.84673309326172,95.85543531721855,95.19370757887017,95.69871557096687,1300700
2021-12-13,95.44622802734375,95.88157844531443,95.15018628880519,95.74226312296213,1599300
2021-12-14,95.57682800292969,96.02088729004187,94.98475116775352,95.11535762195359,1677200
2021-12-15,96.578125,96.63907378640728,95.33302266946308,95.68130429589877,2374800
2021-12-16,97.2659683227539,97.8841649839792,96.91768673593042,97.02217320485309,2433000
2021-12-17,95.71612548828125,96.92639889534827,95.65517670673539,96.8567412470333,1933200
2021-12-20,94.94242858886719,95.06537634558849,94.04665870401169,94.87217081355494,2765900
2021-12-21,95.89967346191406,96.10166290734902,95.32884741642769,95.5747429498958,1677400
2021-12-22,96.47049713134766,96.48806492502871,95.51326008038467,95.83819056183258,1817500
2021-12-23,97.00621795654297,97.36628408852933,96.76032240306512,96.76032240306512,1794600
2021-12-27,98.0864028930664,98.0864028930664,97.02377906724914,97.19063292409591,1635100
2021-12-28,98.30593872070312,98.51670533473083,98.03369153159458,98.05125932451764,1296500
2021-12-29,98.49916076660156,98.69235962011807,98.24448132768995,98.27961021927959,1122400
2021-12-30,98.33232116699219,98.99097294935555,98.25327946902934,98.67481955780895,1038900
2021-12-31,98.45523834228516,98.77139163550224,98.22690391937275,98.26203280752469,1062800
2022-01-03,98.92070007324219,98.92948397171082,98.22691949755045,98.569417836162,2383800
2022-01-04,100.13260650634766,100.41363092721562,99.15780828095464,99.34222992901012,1861300
2022-01-05,99.75499725341797,101.17768740876498,99.70230725882612,100.51025177661,2590000
2022-01-06,100.13260650634766,100.40485372979681,99.62325434987808,100.29068316184531,2723200
2022-01-07,100.59803771972656,100.85271039331589,99.9920762201365,100.11502395916213,1890000
2022-01-10,100.50145721435547,100.7649138419502,99.69350613600635,100.70343995882969,3430600
2022-01-11,100.99325561523438,100.99325561523438,99.84281284749183,100.60684449317986,2930800
2022-01-12,101.00202178955078,101.25670119347244,100.53657576519917,101.0459278728924,1581400
2022-01-13,100.86150360107422,101.57285181413995,100.56291812163049,101.10739910182785,2876200
2022-01-14,100.68587493896484,100.72100382797163,99.81645671153602,100.10625832057863,2053400
2022-01-18,99.34223937988281,100.14139993081758,98.72749379439703,100.14139993081758,3586500
2022-01-19,98.53429412841797,99.72864977726016,98.48160413513578,99.55301199955173,1789500
2022-01-20,97.55071258544922,99.43006496167747,97.43654199894495,98.63968155575162,4421000
2022-01-21,96.47049713134766,97.93709299665892,96.24216271454496,97.53312084394655,4717000
2022-01-24,96.67249298095703,96.8569146259607,93.74807825271897,95.42544755275091,7438900
2022-01-25,96.74275970458984,97.37505967442699,94.41552248316371,95.60987803755258,2762600
2022-01-26,96.30364990234375,97.95466751372734,95.39909606988695,97.23454202682963,3835700
2022-01-27,96.18949127197266,98.02493745667181,95.66257126254254,96.97987463619356,4963300
2022-01-28,97.24331665039062,97.28722273311936,95.07415649912215,95.84697189667753,3206500
2022-01-31,97.93709564208984,98.00735341841154,96.47928363424137,96.67248916905088,2334000
2022-02-01,98.7801742553711,98.92946700297374,97.73511162185206,98.00735212632162,2184300
2022-02-02,99.60567474365234,99.76375138040551,98.44644830751244,98.63086993369949,2055400
2022-02-03,98.67481994628906,99.52667732685714,98.51674324989342,99.30712673187166,2047200
2022-02-04,98.5167236328125,99.19293638265029,97.73512420631187,98.34986306980076,2144100
2022-02-07,98.6484603881836,99.21929319093174,98.13910147495287,98.63967648963784,1518000
2022-02-08,99.24563598632812,99.38614485918818,98.62211320643068,98.74506098273996,1854800
2022-02-09,99.80769348144531,100.00967625987082,99.55301400852247,99.69352289349432,1682700
2022-02-10,98.5167236328125,100.09749028199981,98.10396752440519,99.11390140026647,1814900
2022-02-11,97.82295989990234,99.21052123043413,97.50680651572668,98.55186946342688,2743500
2022-02-14,97.08525085449219,97.89319522854989,96.22460979506502,97.66486079235072,3076100
2022-02-15,97.96346282958984,98.21813558377812,97.48923281462818,97.61218059256439,1628300
2022-02-16,98.11275482177734,98.51672704608791,97.53313813027651,97.67365370402871,1448900
2022-02-17,97.00621795654297,97.67365353037663,96.79545129644072,97.55948295186812,2642400
2022-02-18,96.79545593261719,97.42776264336061,96.35635479461776,96.69006924744274,1943500
2022-02-22,95.8908920288086,96.83056803314156,95.20589544436126,96.66370748559396,2640900
2022-02-23,94.81949615478516,96.49685893548441,94.65263558649181,96.34756616393315,2354400
2022-02-24,94.17839813232422,94.31891369454858,92.16731437400587,93.28263487367168,4312100
2022-02-25,97.01498413085938,97.19062186549804,94.65261840911363,94.65261840911363,2575500
2022-02-28,96.49685668945312,96.6900622482113,95.36397503140381,95.57474838649519,2169200
2022-03-01,95.04782104492188,96.61979698740495,94.38916943656336,96.1455737255194,2436700
2022-03-02,97.01498413085938,97.39261129046761,95.46056270869168,95.61863934992654,1546600
2022-03-03,97.26968383789062,97.82294884761258,96.57590325100986,97.32237382924943,1563200
2022-03-04,97.18184661865234,97.20819160936169,95.94357845411069,96.294860630586,1738100
2022-03-07,95.53961944580078,96.93595774678342,95.38154277963754,96.74275888827383,2117300
2022-03-08,94.6877670288086,96.72519599590372,94.6877670288086,95.8557776380021,2447000
2022-03-09,95.86454010009766,96.6549165940966,95.69767956462455,95.97870395586084,1738600
2022-03-10,95.72403717041016,95.89967492552488,94.81070610348172,95.17954940931314,1556200
2022-03-11,95.17955780029297,96.54955787153955,95.09173891499354,96.03141505801545,1666000
2022-03-14,95.31127166748047,96.37389539137915,94.9336445011239,95.68889883383704,1741100
2022-03-15,96.3826904296875,96.46172541077833,95.19711881226824,95.65378100336753,1801000
2022-03-16,97.3223648071289,97.3223648071289,95.7591660069843,96.87447982164505,2141600
2022-03-17,98.367431640625,98.38499273679822,96.98865443581259,97.1555082999872,1616500
2022-03-18,98.5254898071289,98.59574087878222,97.54190110233361,98.15663985523699,1902500
2022-03-21,98.81879425048828,99.50785681500106,98.3064119753661,98.8806330257671,2196600
2022-03-22,99.3841781616211,99.61386792721693,98.88946796488017,99.2781659452105,1740400
2022-03-23,98.39476013183594,99.35768598520752,98.38593083459219,99.1986710158398,1557600
2022-03-24,99.36650848388672,99.36650848388672,98.57143374537547,98.80111676100711,1713600
2022-03-25,100.39128112792969,100.39128112792969,99.4725287093731,99.56086886232781,1698500
2022-03-28,100.1615982055664,100.1615982055664,99.27818313560752,100.04675667284371,1638100
2022-03-29,100.8418197631836,100.88598646755109,99.98490616738275,100.65630342902898,1812900
2022-03-30,100.55029296875,101.05383923882857,100.11742151480351,100.80648412228773,1347100
2022-03-31,99.163330078125,100.71814230773059,99.14566474434461,100.24109741660429,1613800
2022-04-01,99.58736419677734,99.67570433839774,98.65093982382295,99.6492029699037,1398700
2022-04-04,99.4548568725586,99.56086235320512,98.56260588423012,99.44602083586432,1372200
2022-04-05,98.87181091308594,100.11742937044505,98.62445577713655,99.23401431924181,1251100
2022-04-06,99.13683319091797,99.3576869427281,98.35059437366765,98.50960934456779,2066600
2022-04-07,99.61385345458984,99.93188331769501,98.46541153338563,99.1633100252042,1824400
2022-04-08,100.17926788330078,100.54146454855443,99.57854538051154,99.7463963965609,1278500
2022-04-11,99.36650848388672,100.39126623802959,99.23399490414806,100.0732363426251,1606600
2022-04-12,99.18982696533203,100.35593439984731,98.87179705228958,99.57853169014413,1663900
2022-04-13,99.6668701171875,99.71987285514076,98.85413001560666,99.14565855419139,1264200
2022-04-14,99.26050567626953,100.15275667512822,99.23400430579512,99.58737163860343,1316700
2022-04-18,99.34883880615234,99.8435489931832,98.9778061658792,99.17215852219013,1653200
2022-04-19,100.38243865966797,100.5591256941796,99.35768081918538,99.39301822608769,2370300
2022-04-20,101.21285247802734,101.62805859081628,100.84181980954752,100.88598651393532,1642200
2022-04-21,100.22342681884766,102.06093159544879,100.0467465187566,101.74290166334777,1766100
2022-04-22,97.77637481689453,99.90540151324643,97.67036258797775,99.896572215778,2428800
2022-04-25,97.78518676757812,97.98836839805155,95.58547905386447,97.22863112775946,2875400
2022-04-26,96.1950454711914,98.05905140189863,96.16854410325388,97.529003823386,2179000
2022-04-27,96.33638763427734,97.24630380931937,95.82400542738685,96.29221419785158,3419900
2022-04-28,97.82938385009766,98.18275122928048,96.03605232015335,97.01664359592267,1483800
2022-04-29,94.99360656738281,97.53784588530146,94.86109297958771,97.37883092793155,2867300
2022-05-02,95.31163024902344,95.85051386154002,93.61547530794856,95.22329010957756,3082900
2022-05-03,96.08903503417969,96.77810431288515,95.2056201403694,95.62082621884755,2173200
2022-05-04,98.80995178222656,98.95130139647502,96.15970717435323,96.27455542091025,2110000
2022-05-05,96.65443420410156,98.21807572089634,95.77984853919071,98.12973557270206,2341100
2022-05-06,96.7515869140625,96.99894872211016,95.41763540524329,96.19503801077555,2785400
2022-05-09,94.87875366210938,95.95652082823621,94.54305171467432,95.94768479279838,4683200
2022-05-10,94.4723892211914,96.0625319578258,93.62431174700227,95.64732588672973,4216900
2022-05-11,93.995361328125,96.02721187020876,93.86284772452953,94.57841174805448,2982600
2022-05-12,94.27803039550781,94.38403586005161,92.81155856339691,93.74798285302828,3021500
2022-05-13,95.47064971923828,95.70033948461636,94.56956947032573,94.99360485572424,2121500
2022-05-16,95.88587188720703,96.53959714760605,94.99362078509242,95.3646534945144,1835600
2022-05-17,97.40534973144531,97.40534973144531,96.4070863659812,96.76928978812148,1841200
2022-05-18,94.19852447509766,96.68975412074178,93.88049458502219,96.60141398236983,2119000
2022-05-19,93.18260955810547,94.0571884495265,92.50237628928387,93.21794022409009,3076000
2022-05-20,93.47412109375,94.0041753841865,91.64545266352084,93.69497480145844,2277600
2022-05-23,95.0731201171875,95.53249292935142,94.13669567943907,94.38405078905974,1893900
2022-05-24,95.64732360839844,95.8505119910874,93.85399252695247,94.64023121054285,2003200
2022-05-25,96.43357849121094,96.74277237352734,95.39997788472304,95.39997788472304,2304100
2022-05-26,97.66152954101562,98.01489014399495,96.90179211275144,96.90179211275144,1924700
2022-05-27,99.06615447998047,99.09265585076886,97.80287079967005,97.87354561505333,1790800
2022-05-31,98.33290100097656,99.05730088041717,97.82052553009429,98.42124787450263,2346600
2022-06-01,97.64383697509766,98.79227891352954,96.81342490454168,98.7746068431364,2098400
2022-06-02,98.48309326171875,98.48309326171875,96.60141526382431,97.74102126172528,2007400
2022-06-03,97.8205337524414,98.39474803910565,97.66151880261665,97.96187663010745,1785900
2022-06-06,97.96188354492188,98.80112505384031,97.78520325038785,98.42126309458428,1345000
2022-06-07,99.0131607055664,99.06616345194341,97.36117213095635,97.37000816865984,1333500
2022-06-08,97.7940444946289,98.70396766841559,97.55552539387607,98.55378198580021,1366000
2022-06-09,95.815185546875,97.8382066097175,95.80634951011604,97.49367531525169,1673400
2022-06-10,93.84516906738281,94.75508534835602,93.71265548259855,94.48122214248964,2339400
2022-06-13,90.94756317138672,92.31685899114724,90.30267405518228,91.98116374846006,3718500
2022-06-14,90.20549774169922,91.77797521605362,89.49876311191433,91.13308610080176,2833100
2022-06-15,90.58535766601562,91.60128607061962,89.30440211589048,90.84154877604065,2144000
2022-06-16,88.21781921386719,89.01289403278282,87.6170967662333,88.87154440278834,3042100
2022-06-17,87.634765625,88.8097091968845,87.13121934275259,88.27082550571707,2705800
2022-06-21,89.79818725585938,90.10114161477806,88.77349928586297,89.00516946644392,2549500
2022-06-22,89.53086853027344,90.31497398181182,88.5596404387912,88.63092460657626,1765200
2022-06-23,89.6645278930664,90.22588227972561,88.6843942693242,89.73581206883793,5952900
2022-06-24,92.052490234375,92.052490234375,90.27933891068848,90.48427920948187,10206900
2022-06-27,92.23070526123047,92.71186325807071,91.88320339651807,92.26634734966677,6716700
2022-06-28,91.39314270019531,93.45142423610054,91.26839877668796,92.80097474895993,4514200
2022-06-29,90.9654312133789,91.76736117548126,90.68921353677871,91.60697518306078,2346800
2022-06-30,90.61792755126953,91.15255204733877,89.65561841401716,89.99420803656588,1738400
2022-07-01,91.53569793701172,91.72281379542896,89.78926966238485,90.54665211535419,1941300
2022-07-05,90.48428344726562,90.49318887082329,88.80913928590161,90.43972913734427,2186100
2022-07-06,90.4931869506836,91.02781146626282,89.70908141815148,90.52882903825774,1414800
2022-07-07,91.5089340209961,91.73169190011053,91.05451284218496,91.13470241561129,1219100
2022-07-08,91.33966827392578,91.78518415711024,91.00998407307745,91.62479816724252,1690600
2022-07-11,90.92980194091797,91.30403368198294,90.68030731550787,90.78723358354077,1254300
2022-07-12,90.43081665039062,91.41095028348498,90.11004465439127,90.58229722485876,1503200
2022-07-13,89.89619445800781,90.55555606235292,89.21010298832927,89.5576048337296,1337100
2022-07-14,89.23682403564453,89.35265570665433,88.01610818779206,88.43489416472072,2330800
2022-07-15,90.84069061279297,90.87633270107565,89.73581306816295,90.27934301791561,1413100
2022-07-18,90.26152801513672,91.69608981985242,90.0120333898542,91.5357038169018,1786800
2022-07-19,92.1505126953125,92.3019864789417,90.92089118426925,91.01890523203721,1528700
2022-07-20,92.03468322753906,92.36436746873532,91.52679533047298,91.99012891455475,1546700
2022-07-21,92.20397186279297,92.20397186279297,90.98325587323038,91.57133331482159,1756400
2022-07-22,92.03468322753906,92.72077478047497,91.44659892670796,92.39109733731243,1710500
2022-07-25,92.70295715332031,92.81878884985633,92.0257710244139,92.29308330630778,1701800
2022-07-26,92.26634979248047,92.65839917959308,92.07032169990744,92.4445534413468,981700
2022-07-27,93.36231994628906,93.69200419146794,92.03468433932984,92.38218623109746,1529100
2022-07-28,94.10186004638672,94.33353019593619,92.6940283039412,93.4603161233466,1563900
2022-07-29,94.78797149658203,94.94835751121722,93.95040612951732,93.98604822144002,2040000
2022-08-01,94.654296875,94.83250048899598,94.05730049224603,94.14640909727613,1906600
2022-08-02,93.85238647460938,94.91270975437956,93.80783216285677,94.55630245249279,1503200
2022-08-03,94.47610473632812,94.75232243085692,93.70981681147393,94.28898886603119,1265400
2022-08-04,93.83453369140625,94.4582598774015,93.7454318928445,94.34242142104289,1195300
2022-08-05,94.09295654296875,94.14642307353047,93.23756683234568,93.30885100773922,1596900
2022-08-08,94.19988250732422,94.81469662158575,94.01276664603442,94.35135628103028,1609500
2022-08-09,94.35136413574219,94.62758183996978,94.0573219872223,94.36918858003449,750700
2022-08-10,95.75029754638672,95.77702741860128,95.25132180362264,95.33151142026631,1082100
2022-08-11,96.2403564453125,96.87298827212526,96.10670030206273,96.22253200059448,1493200
2022-08-12,97.52342987060547,97.5501665355235,96.32053827455881,96.56112067258812,1310700
2022-08-15,97.7194595336914,97.79074371188868,96.60566974198424,96.89971187852295,1517100
2022-08-16,98.24517059326172,98.59267245998524,97.48779490419851,97.48779490419851,1468200
2022-08-17,97.79965209960938,98.2629856436607,97.35413620039218,97.56798192856716,1277100
2022-08-18,98.26297760009766,98.3431739903693,97.7550897884858,97.94220563507622,1070900
2022-08-19,97.56797790527344,98.05804809341717,97.32740232075105,97.8976621043913,1044400
2022-08-22,96.017578125,96.69475732403563,95.79482019946745,96.67693968112728,1546300
2022-08-23,95.87501525878906,96.42745739291549,95.76809579917496,96.04431346722178,1320100
2022-08-24,96.017578125,96.19578174621309,95.58096769637287,95.84827992622489,993900
2022-08-25,97.1848373413086,97.1848373413086,96.13341955418042,96.34726528094272,1229500
2022-08-26,94.6632308959961,97.4076108880504,94.64541324842642,97.18485290424145,1422900
2022-08-29,94.28006744384766,94.94834125742305,93.94147782559457,94.12859367763176,1429600
2022-08-30,93.1930160522461,94.37809002041577,92.86333862512474,94.37809002041577,1323000
2022-08-31,92.46236419677734,93.50487653886162,92.43563433124264,93.20192220072471,1125000
2022-09-01,92.87225341796875,92.89898328598524,91.53570563287568,92.0792288112893,1447500
2022-09-02,92.1772232055664,94.15531459342564,91.79407931694473,93.74544084248676,1523300
2022-09-06,91.81192779541016,92.60494564259893,91.4911557675547,92.48911394288653,1671900
2022-09-07,93.13064575195312,93.24648424292229,91.45550832518276,91.54461015036661,1170100
2022-09-08,93.79000854492188,93.84346827719415,92.40890654493452,92.76532062216027,1871300
2022-09-09,94.89488983154297,95.10873556715063,94.21770373774648,94.3157177828236,1684100
2022-09-12,95.65225219726562,96.06212596590937,95.31366259656836,95.42949427095712,2092900
2022-09-13,92.3554458618164,94.44045697536616,92.02576165412107,94.21769902914761,1898200
2022-09-14,92.79204559326172,93.11281756603998,92.07921747641387,92.65838947159865,1714200
2022-09-15,92.123779296875,92.96135138278125,91.86537925339258,92.51583547292188,1874700
2022-09-16,91.7317123413086,91.83863859440177,91.00997882751899,91.47331912622361,1849900
2022-09-19,92.33050537109375,92.33050537109375,90.88517554895542,91.01085580748394,1535300
2022-09-20,91.19039916992188,91.68414106008598,90.55301879232529,91.68414106008598,2533500
2022-09-21,89.88870239257812,92.20482166877301,89.86177188805077,91.56744128173831,1612800
2022-09-22,89.45780181884766,90.1221127192973,89.31416332736651,89.96052284091114,2523300
2022-09-23,87.76110076904297,88.6677929514663,86.68383276208719,88.57802232981817,3142600
2022-09-26,86.50428009033203,87.73415867651093,86.10928118839401,87.41995126866468,3034500
2022-09-27,86.09136199951172,87.60850436471736,85.60659230650825,87.1596442988691,2910200
2022-09-28,87.779052734375,88.24587092852816,86.33372311438376,86.5581530945183,2481300
2022-09-29,86.42350006103516,87.33019916486697,85.85793893537014,87.11474828590791,2440000
2022-09-30,85.17567443847656,86.75566361750438,85.10386204097647,86.3427132233724,1958800
2022-10-03,87.5097427368164,87.87780435058777,86.05543396881977,86.38759281217506,2097400
2022-10-04,90.08619689941406,90.10415513414398,88.47030507576964,88.69473506647523,1883100
2022-10-05,89.86177062988281,90.37347075591867,88.79348848724727,89.20643886535868,1614400
2022-10-06,88.73063659667969,89.94256400878567,88.58700496614827,89.46677353099457,1479500
2022-10-07,87.04293823242188,88.3266782222224,86.58509907337199,88.18304657077304,2026300
2022-10-10,86.70181274414062,87.68032440895615,86.25295267424849,87.36612372984388,1350200
2022-10-11,86.58509826660156,87.5995263320847,86.08237721762198,86.1990783614035,1433500
2022-10-12,86.30680084228516,87.12372933542056,86.28884945574882,86.68384160108914,1535500
2022-10-13,88.89222717285156,89.17052501702086,84.91532748739736,85.11282697388533,1786600
2022-10-14,87.48281860351562,89.89768779791432,87.3122564465598,89.23337685989016,2309000
2022-10-17,89.01792907714844,89.43985177413003,88.56008990494693,88.56008990494693,1868100
2022-10-18,90.13107299804688,90.75049502817177,89.26926277647671,90.56197468430256,1471700
2022-10-19,89.64632415771484,90.31961419083464,89.0268951355453,89.7989349214475,1395200
2022-10-20,88.78450775146484,90.29267759793662,88.56905687312886,89.61938761020922,1472500
2022-10-21,91.01982879638672,91.20834917148449,88.69473732112094,88.89222996475198,2229500
2022-10-24,92.14197540283203,92.45617601648429,91.343005192805,91.71107366098313,1926300
2022-10-25,93.05766296386719,93.11152397475882,91.72903428637024,91.85471454449097,2442200
2022-10-26,93.65911102294922,94.38626188978711,93.15638326339109,93.36286183680834,1656600
2022-10-27,93.95538330078125,94.99673499261733,93.82969619320717,94.46708345303269,1842200
2022-10-28,95.8854751586914,95.9662735237,94.22469445661675,94.25162496193282,1679000
2022-10-31,95.58921813964844,96.08295997611194,95.20319830798314,95.39171866543931,2100100
2022-11-01,95.8585433959961,96.35229215051545,95.16730198872925,96.35229215051545,1845500
2022-11-02,94.43118286132812,97.00763525634747,94.38629411511104,95.6161731614118,1823500
2022-11-03,94.27855682373047,94.76332647357573,93.23720512518393,93.78481490469098,2022400
2022-11-04,95.72388458251953,96.17274459868844,94.36833226501285,95.28400368441089,1748500
2022-11-07,96.54080200195312,96.66648224410842,95.7238735788842,96.00217141427908,2000200
2022-11-08,97.0884017944336,97.56419221245426,96.19966107305424,96.55874352880348,2016600
2022-11-09,95.42764282226562,96.96274326605399,95.29298344669255,96.56774425745569,1544500
2022-11-10,98.76715850830078,98.8748873817305,97.18717612569489,97.8514870558601,2153300
2022-11-11,99.00055694580078,99.19805643455172,98.20158672244276,99.09032757276216,2001600
2022-11-14,98.48886108398438,99.78158008494854,98.43500007529757,98.79408944768319,2010200
2022-11-15,98.93771362304688,99.7187324353837,98.06692418665124,99.22498372947084,2152100
2022-11-16,98.32727813720703,98.9646585647991,98.21057699380925,98.58761777930417,1762100
2022-11-17,98.39910888671875,98.44399763507371,97.30388917784704,97.56422885037075,1522700
2022-11-18,99.09929656982422,99.27883780541164,98.47089539620912,98.92872760167478,1679200
2022-11-21,99.35964965820312,99.4853299100054,98.65045003785595,98.9018105414605,1620100
2022-11-22,100.61646270751953,100.63441409455108,99.7815828048162,99.7815828048162,1524100
2022-11-23,100.66133880615234,100.82292867637734,100.20350654806474,100.37406868675899,1220900
2022-11-25,100.9845199584961,101.13713756238565,100.79599958210781,100.92167983303334,738100
2022-11-28,99.61101531982422,100.54464498802888,99.42249493235892,100.20351383676694,1684500
2022-11-29,99.82646179199219,100.0329404066782,99.29681027672041,99.67385103495388,1558800
2022-11-30,101.57701110839844,101.61292072736506,98.92873321435088,99.79055037143084,9111000
2022-12-01,101.48725891113281,102.14259074133948,101.05635025435879,101.93611895611959,1533800
2022-12-02,101.4423599243164,101.53213055443743,100.29327942102331,100.46384841259528,1548100
2022-12-05,99.66486358642578,100.94860335991993,99.31475336175097,100.85883273675759,5801000
2022-12-06,98.65943145751953,99.87135211335267,98.09386346215325,99.74567185861798,1509900
2022-12-07,98.64147186279297,99.33272010337139,98.41704186113559,98.54272211413891,3465500
2022-12-08,99.16216278076172,99.37761368997229,98.78512197737798,99.09034352800455,1839100
2022-12-09,98.30033874511719,99.41350961316985,98.25545000606621,98.9197677289089,1448600
2022-12-12,99.75464630126953,99.76361856971563,98.27340696953573,98.55169797068248,2030300
2022-12-13,100.11373138427734,101.70269961971707,99.59305898957409,101.612928989531,1871900
2022-12-14,99.66486358642578,100.88576323880034,99.13521211542628,100.28429252964715,1972700
2022-12-15,97.86045837402344,98.84794899670676,97.3577305204832,98.61453988074379,2006900
2022-12-16,96.94477844238281,97.2410276787013,96.2266065698936,96.81011907595988,2343900
2022-12-19,96.60507202148438,97.38414574032386,96.05247306018053,97.00366980641465,2479200
2022-12-20,96.87686157226562,97.30263529732048,96.40579012313425,96.64132584769995,2110900
2022-12-21,98.17228698730469,98.36252496705386,97.51097760978102,97.68310064875189,2516100
2022-12-22,97.34790802001953,97.71932993633203,95.92564683273751,97.60155864020318,2948800
2022-12-23,98.09982299804688,98.09982299804688,97.0218007625474,97.28451235403308,2434400
2022-12-27,98.38970184326172,98.58900075117528,97.80992697194681,98.25381559591506,2141600
2022-12-28,97.33883666992188,98.71580690553694,97.28448494612086,98.48027124996536,1997600
2022-12-29,98.27192687988281,98.52557749487204,97.61061756669443,97.71026700993461,1869000
2022-12-30,98.02732849121094,98.11791700756085,97.23919388489902,97.90956411110211,2233900
2023-01-03,97.855224609375,98.56183176259924,97.11238757169404,98.30817419116735,2377700
2023-01-04,98.68862915039062,99.19593032669552,97.86425782743501,98.12696933986724,7427700
2023-01-05,98.19039916992188,98.51652338646294,97.67403697897542,98.28098769419186,1829800
2023-01-06,100.346435546875,100.60009308857379,98.82452485398879,99.00570881234508,1624000
2023-01-09,99.48583221435547,100.89903250392328,99.43148048366784,100.68161866971158,2572700
2023-01-10,99.9568862915039,99.97500814082497,98.99663562130117,99.48582188106306,1456200
2023-01-11,100.45513916015625,100.4642000853295,99.6398286810856,100.319252928401,1862100
2023-01-12,100.62727355957031,101.08022310899784,100.04749868922,100.6816252938339,1609000
2023-01-13,100.95338439941406,101.1255005055762,99.78477388749936,99.91159919160228,1920900
2023-01-17,100.33737182617188,101.09832364327178,100.18336374860205,100.9080856889968,2106100
2023-01-18,98.32627868652344,100.43702502379952,98.2991028222474,100.38266638378657,2035900
2023-01-19,97.66497039794922,98.15415669443513,97.37508299019397,97.88239113736138,1446500
2023-01-20,98.63427734375,98.7701635715122,97.28448981395627,97.81897380009808,1452700
2023-01-23,99.29560089111328,99.83007804254278,98.64335243336353,98.85171226737978,1831700
2023-01-24,99.404296875,99.6126497673799,98.48933698141776,99.06005084356435,1058400
2023-01-25,99.62171173095703,99.63982666947695,98.38062764279098,98.7973403433562,1517300
2023-01-26,100.27397155761719,100.3283232908475,99.40430926862496,99.82102201680073,1185600
2023-01-27,99.8844223022461,100.37360857510224,99.61264984683913,99.9025372405916,1557100
2023-01-30,99.1868896484375,100.07467379964567,99.11442297378788,99.47677708142069,1866900
2023-01-31,100.346435546875,100.346435546875,98.96947202067382,99.29559623425381,1105900
2023-02-01,100.5185546875,101.2342157445099,99.07817855950894,99.93877986613066,1455000
2023-02-02,100.40078735351562,100.5819643880737,99.63982860315788,100.40078735351562,2238500
2023-02-03,99.8210220336914,100.37362102649793,99.55831047059803,100.01126001149113,1875900
2023-02-06,99.6126708984375,99.76667209703224,99.07819371103379,99.35902023923153,948000
2023-02-07,100.26490020751953,100.51855081817206,98.94228851521657,99.12346554812244,1759700
2023-02-08,99.50395202636719,100.1290246057267,99.40430948571453,99.65796012329187,997600
2023-02-09,98.59805297851562,100.16526143477469,98.41687592631226,99.98408438257133,1357300
2023-02-10,99.70323181152344,99.7847663073734,98.67050760715843,98.67956853146624,974700
2023-02-13,100.63631439208984,100.63631439208984,99.65794874619203,99.69418553477503,1470800
2023-02-14,100.14713287353516,100.82655709408434,99.54923624195078,100.39172255189021,1428100
2023-02-15,100.11090850830078,100.12902344872062,99.41336235156186,99.54924859482567,1027300
2023-02-16,99.31370544433594,100.08372512786563,99.03287896441296,99.3680640844372,1165000
2023-02-17,99.44053649902344,99.56736872561567,98.67052368245393,98.98758697028123,1104600
2023-02-21,97.855224609375,98.87889508756146,97.69216248347128,98.68865709258414,1267400
2023-02-22,97.5925064086914,98.18133525424605,97.23919942531299,97.94580648060867,973100
2023-02-23,97.7827377319336,98.24474123368203,96.95836634584396,98.14509179335339,1305100
2023-02-24,97.42037200927734,97.57437316901843,96.54164893910944,96.9764834676576,1113800
2023-02-27,97.39319610595703,98.26285825122525,97.15766044844887,98.02732259371709,1302600
2023-02-28,96.82247924804688,97.37507817165108,96.82247924804688,97.37507817165108,965100
2023-03-01,96.76813507080078,97.02178569589034,96.36953728196794,96.65942469799332,1037700
2023-03-02,97.23919677734375,97.43849566611831,96.22459430570741,96.40577134379647,1474600
2023-03-03,98.29910278320312,98.40780624026405,97.18484396810234,97.4656704474576,1146900
2023-03-06,98.28097534179688,98.5980385926226,98.07262245330877,98.34438799196202,1139200
2023-03-07,96.60507202148438,98.22663211481486,96.4238949800403,98.05450908742023,1222600
2023-03-08,96.42389678955078,96.74096007375853,95.85317596651561,96.5688370431338,1612300
2023-03-09,94.54869842529297,96.713796878698,94.26786498409294,96.54167382552336,1501400
2023-03-10,93.59748840332031,95.1465749301434,93.10830209304021,94.41279892045382,2362100
2023-03-13,92.70065307617188,94.0504407492101,92.04840464286279,92.29299434962302,3620600
2023-03-14,93.7786636352539,94.31314765173119,92.73688529002415,94.06855104558464,1999400
2023-03-15,92.61911010742188,92.69158368482866,91.4595605147563,92.02122037246777,2969800
2023-03-16,93.50688934326172,93.73336407741553,91.6135569717764,91.97591792871458,2088600
2023-03-17,91.96686553955078,93.26230141559796,91.65886319001699,93.26230141559796,1845800
2023-03-20,93.24141693115234,93.48775334693984,92.49329622947323,92.51154698059487,1443700
2023-03-21,94.24498748779297,94.47307312357114,93.73407093042742,94.35446413816892,2537100
2023-03-22,92.43855285644531,94.5186928910631,92.42942748138212,94.3088579889617,1398700
2023-03-23,91.98238372802734,93.38739221426344,91.41672879129689,92.83086265281207,1880300
2023-03-24,92.78524780273438,92.83086772099851,91.1247844030048,91.48059749147383,1962100
2023-03-27,93.6428451538086,94.05339654502556,93.21404301240052,93.60635061404814,1931100
2023-03-28,93.8617935180664,94.08987914215245,93.3873784826406,93.47861134015085,805600
2023-03-29,94.94749450683594,94.9657382962399,94.46395404048171,94.55518690874486,1174000
2023-03-30,95.22119903564453,95.59525587963789,94.85626060594305,95.49489763745444,1110200
2023-03-31,96.25215148925781,96.28864603125825,95.52227457049325,95.56789448814935,1012900
2023-04-03,96.98202514648438,97.22835459592552,96.52585382775325,96.52585382775325,1581200
2023-04-04,96.09705352783203,97.10975443179642,95.64088220030291,97.10975443179642,1028600
2023-04-05,96.6444320678711,96.6718012265563,95.97841904384357,95.99666979004719,1033500
2023-04-06,96.63532257080078,96.9090281238598,96.48935138029164,96.71743702096703,994600
2023-04-10,96.93640899658203,96.94553437228534,96.23390820111587,96.40724857574548,995500
2023-04-11,97.4199447631836,97.71189412589565,97.10975161057408,97.16448994088826,2908400
2023-04-12,97.15536499023438,97.90348567049249,96.97289924797509,97.76663984410897,1936800
2023-04-13,97.71189880371094,97.81225705450602,96.72656704715318,97.17361996819388,1977100
2023-04-14,97.68452453613281,98.29579242405704,97.2192278486192,97.86699027680153,1559400
2023-04-17,98.20455169677734,98.20455169677734,97.59328385775817,97.63889680896513,2097900
2023-04-18,98.21368408203125,98.36878065632442,97.82137647841678,98.25017862197465,2491100
2023-04-19,98.24105072021484,98.35053433722932,97.82137396259174,97.94910136879783,1642000
2023-04-20,97.62979125976562,97.82138238557185,97.3013473410629,97.61154050838093,1853500
2023-04-21,97.6024169921875,97.89436635348449,97.24659696500441,97.89436635348449,1734100
2023-04-24,97.93085479736328,97.97647471322117,97.54767256239592,97.61153626822382,1862300
2023-04-25,96.77217864990234,97.62065754059593,96.69007115755534,97.36520272802093,1800200
2023-04-26,95.50402069091797,96.42548863737589,95.2941788367383,96.15178308159744,1777600
2023-04-27,96.6261978149414,96.72654908648056,95.44927515102694,95.63174086734291,2111000
2023-04-28,97.47467803955078,97.54766711659987,96.39812047587354,96.39812047587354,1120200
2023-05-01,97.42906951904297,98.03121203053645,97.4108187686397,97.47468247380752,1277200
2023-05-02,95.73210144042969,97.09148985390111,94.93836093774206,97.09148985390111,4638900
2023-05-03,94.801513671875,96.07878761895024,94.72852460043615,95.79596366790086,1844400
2023-05-04,93.85267639160156,94.54605168668328,93.41474892467858,94.39095513072718,1747900
2023-05-05,95.37628936767578,95.60437500124284,94.76502154026514,94.84712902725114,1163100
2023-05-08,95.30329895019531,95.73210104895279,95.01134962177207,95.7229756747649,2154400
2023-05-09,94.91099548339844,95.1573318727548,94.59167697925254,94.81063724486381,1280400
2023-05-10,94.70116424560547,95.47665406005295,93.86180376724356,95.47665406005295,4429500
2023-05-11,94.21762084960938,94.32710447162842,93.69758582610726,94.32710447162842,1395500
2023-05-12,94.24498748779297,94.6829080105392,93.68845797964451,94.55518061135311,1277000
2023-05-15,94.49131774902344,94.66466506114962,93.98040814775206,94.40921026051393,1053500
2023-05-16,93.15930938720703,94.26324316837281,93.13194022116011,94.26324316837281,1307900
2023-05-17,94.34535217285156,94.50956715963953,93.37826427782959,93.58810613976145,1400000
2023-05-18,94.65553283691406,94.78326022798892,93.77968488642048,94.05338345560055,1445600
2023-05-19,94.59168243408203,95.25769560452595,94.28148232600815,94.99311541136997,1363900
2023-05-22,94.4183349609375,95.04785359057666,94.02602735937742,94.64642061392308,1103800
2023-05-23,94.18111419677734,95.04783674021876,94.16286344982586,94.35445452909333,1001300
2023-05-24,93.37825775146484,94.11725994346897,93.25965572686673,94.08076540652618,1126700
2023-05-25,92.76699829101562,93.04070386247695,92.11011048800589,93.04070386247695,2073400
2023-05-26,93.4056396484375,93.51512327419223,92.82174089898987,93.05895194114738,1832300
2023-05-30,93.0589599609375,93.54250050193684,92.78525435327387,93.28704564711626,2426400
2023-05-31,92.47502899169922,92.86733651387881,92.11921600188752,92.63012553379758,2465000
2023-06-01,92.94035339355469,93.18668285998348,92.00975994121833,92.68489159052541,2943800
2023-06-02,94.92925262451172,95.07522382454093,93.49687498607727,93.50599340065159,1719900
2023-06-05,94.4457015991211,95.17557845339903,94.37271948219053,95.02048188406697,1430600
2023-06-06,94.82888793945312,94.94748996646153,94.28147683480796,94.40008582243772,1366900
2023-06-07,95.9237060546875,96.01493892793454,94.64642494736286,94.90187977670337,1174500
2023-06-08,96.08792877197266,96.19741239710963,95.4584101085237,95.8780868972823,1315100
2023-06-09,95.9145736694336,96.32513200997342,95.74123331111912,96.05142644961353,1745200
2023-06-12,96.14265441894531,96.20651811836004,95.71385927180144,95.92369415818358,1151800
2023-06-13,96.82691955566406,97.04588679566147,96.12441880238225,96.18828250722605,1365500
2023-06-14,96.54409790039062,97.34695691788328,96.15179028670879,97.10062746772117,2061600
2023-06-15,97.6662826538086,97.87611756361368,96.45286526885937,96.58971805734467,1334000
2023-06-16,97.71189880371094,98.27755376631754,97.63890971938321,98.05859347395655,922200
2023-06-20,96.71568298339844,97.41479013672803,96.55930587562862,97.33199771502619,1683600
2023-06-21,96.58689880371094,97.04683641706194,96.06257020521443,96.53170853589795,1276200
2023-06-22,96.13614654541016,96.55008752404306,95.88777634375849,96.43969998796567,1448300
2023-06-23,95.2438735961914,95.93377995668509,95.08749650548788,95.70381116985385,1627500
2023-06-26,95.74061584472656,95.97977835205553,95.09669897137894,95.25308309459074,1818600
2023-06-27,96.3569107055664,96.45809752169245,95.57501832302937,95.7221946804284,1253000
2023-06-28,96.05335998535156,96.23733922334557,95.53823215514902,96.20054337574678,1226800
2023-06-29,96.81685638427734,96.8536522312498,95.8969812642367,96.05335835030196,2418100
2023-06-30,97.57115173339844,97.8287156389188,97.14801002888784,97.3595773720981,1503100
2023-07-03,98.0954818725586,98.19666869683158,97.34118455767188,97.50676235938312,673100
2023-07-05,97.63555145263672,97.98510149598795,97.3871882409565,97.65395288644456,1543100
2023-07-06,96.5684814453125,97.03761264645324,96.062547383585,96.8628411672023,1561100
2023-07-07,96.4856948852539,97.34117897535334,96.21893027456808,96.26492683499625,1265200
2023-07-10,97.08362579345703,97.43317582977832,96.52250138114486,96.58689236199591,1499300
2023-07-11,98.03108978271484,98.1230758897128,97.24919734609713,97.3503841692219,1148700
2023-07-12,98.45423889160156,98.94177161162665,98.32545692850402,98.67500696861298,1367800
2023-07-13,98.78538513183594,98.88657195295592,98.46343025467687,98.62900805122867,1347100
2023-07-14,98.08628845214844,98.79459627474448,97.87472108972467,98.79459627474448,1289600
2023-07-17,98.15986633300781,98.38063438126892,97.5895412720694,97.87470731158346,1109200
2023-07-18,98.80377960205078,99.23611496772223,98.04947534572611,98.14146846250974,1185300
2023-07-19,99.57646942138672,99.70525136080788,98.89576388186211,98.94175342131862,1219300
2023-07-20,100.47795867919922,100.57913848196355,99.65006969861413,99.71446067387687,2107200
2023-07-21,100.79072570800781,101.03908892484804,100.40437980710487,100.726334724524,2011400
2023-07-24,101.3518295288086,101.62779484080407,100.91028643323371,100.95628299126275,986600
2023-07-25,101.14947509765625,101.46223631181007,100.88271045026028,101.02989384941284,929400
2023-07-26,101.4990234375,101.75659438168772,101.02989215129058,101.08508241599978,1031700
2023-07-27,100.84589385986328,101.92215294506659,100.70791822414813,101.77496957618469,1234800
2023-07-28,101.3426513671875,101.63701115705014,100.97469987533647,101.54502503861012,957700
2023-07-31,101.48980712890625,101.82096267956794,101.14025014871387,101.51740225511321,974500
2023-08-01,101.23226165771484,101.64620266222532,100.86431019921089,101.37943803026222,778800
2023-08-02,100.56075286865234,100.99309531957653,100.45036532221727,100.5791472840129,848300
2023-08-03,100.30318450927734,100.66193524671283,99.9076379246574,100.2663886620929,1043900
2023-08-04,99.81564331054688,100.95628640371048,99.69605506286487,100.53314472428026,912400
2023-08-07,100.67112731933594,100.71711686080012,100.11000297960967,100.11000297960967,858400
2023-08-08,100.19279479980469,100.25718577646164,99.18093358744252,99.9076357629082,1283300
2023-08-09,100.00882720947266,100.63434259081137,99.86164381711511,100.2387959964635,2411500
2023-08-10,99.93524169921875,101.02069472172798,99.73286803124554,100.37678488553219,930100
2023-08-11,100.34916687011719,100.42275855921721,99.66846129116625,99.72365856703615,854400
2023-08-14,100.14680480957031,100.29398117637813,99.84324434178598,100.16519922363752,1146800
2023-08-15,98.77619934082031,99.53969746351089,98.62902295391946,99.46610576101494,1217500
2023-08-16,98.24266052246094,99.24532098251935,98.19666396161301,98.77618273061182,1237600
2023-08-17,98.04949188232422,98.99696921113082,97.9759072018121,98.7302045672638,1246100
2023-08-18,98.30705261230469,98.52782066708222,97.64474142988219,97.65394214577414,916800
2023-08-21,98.03108978271484,98.4910273357947,97.48836683876388,98.31624881983552,1345200
2023-08-22,97.38717651367188,98.28865015516162,97.3043841076878,98.12307236128332,1860400
2023-08-23,97.91151428222656,97.94831013079968,97.31359402457159,97.52516138125394,2061900
2023-08-24,97.33197021484375,98.67498685488194,97.3043750881036,97.75511186706763,981800
2023-08-25,97.84711456298828,98.20586528192302,97.13880682287312,97.69073046599657,1312900
2023-08-28,98.36222076416016,98.71177069050262,98.0586603707613,98.18744229194476,2625000
2023-08-29,99.13493347167969,99.18093003253891,98.36224177949154,98.51861885746916,3002700
2023-08-30,99.25450134277344,99.5488610247981,99.01533190797578,99.22690621915994,855100
2023-08-31,99.06134796142578,99.52128549376694,99.01535140095575,99.502884062343,2453000
2023-09-01,99.37410736083984,99.79724907076121,99.06135319102022,99.55808659434271,2296400
2023-09-05,98.38983917236328,99.49369349557182,98.36224404244882,99.31891498199354,980200
2023-09-06,97.9574966430664,98.28865223784,97.49755909677975,98.16907100231786,756300
2023-09-07,97.92990112304688,98.30705327818262,97.69993235081971,97.95749625281974,798600
2023-09-08,98.36222076416016,98.47260827578384,97.93907916340191,98.01267083781771,703300
2023-09-11,98.555419921875,98.94176578842932,98.38064140306176,98.70260330994725,837600
2023-09-12,98.88658142089844,99.28212802730566,98.46343968210547,98.54622507926271,953100
2023-09-13,98.78538513183594,99.24532267580317,98.54621564390779,98.98775877407591,805600
2023-09-14,99.95362091064453,100.06400141911372,99.35570075677566,99.42009172607912,1211500
2023-09-15,99.13493347167969,99.92602659544747,99.06134879963071,99.6040717237024,801700
2023-09-18,99.22296905517578,99.46388637367751,98.8152519475805,99.27856427181695,711200
2023-09-19,98.89864349365234,99.26928766608576,98.48165819528813,99.1580972421895,764000
2023-09-20,98.53726196289062,99.61214995111276,98.52800080648477,99.15810585174962,1249800
2023-09-21,97.2585220336914,98.31487356497604,97.2585220336914,98.22221251425695,1597600
2023-09-22,96.98054504394531,97.52725022663661,96.91567452777639,97.38825510693333,1257400
2023-09-25,97.2585220336914,97.2585220336914,96.5450241666109,96.67475105153463,921300
2023-09-26,95.99830627441406,96.88786503398667,95.89637700377281,96.6376795048756,1100200
2023-09-27,95.97052001953125,96.33190308742877,95.30334910354031,96.31337370402254,1185800
2023-09-28,96.25776672363281,96.56355455682404,95.87785429084363,96.03537878566877,1112200
2023-09-29,95.73886108398438,96.75814681198995,95.3960074093779,96.75814681198995,1008300
2023-10-02,94.58985900878906,95.60914485039005,94.05241494099701,95.44235210761273,1291500
2023-10-03,93.83000946044922,94.51570968850959,93.5056922626899,94.18212426521866,1463500
2023-10-04,93.75588989257812,93.93195085247214,92.93119445347293,93.86708740455101,3912300
2023-10-05,93.38523864746094,93.81148517257915,92.96826034907602,93.48716793277025,2981100
2023-10-06,93.87635803222656,94.36746805454337,92.18063998848079,92.97753082779633,2962900
2023-10-09,94.84929656982422,94.93268939213652,93.8578085102419,93.90413549944267,1283000
2023-10-10,95.43306732177734,95.9149160815668,95.04388667935224,95.15508417843861,1260600
2023-10-11,95.3218765258789,95.61839611938467,94.76589610216894,95.44233518057086,1059000
2023-10-12,94.74738311767578,95.49794692215953,94.18214144011102,95.44235169800102,1150400
2023-10-13,94.94196319580078,95.7110633714847,94.6547118092911,95.24775103474768,971800
2023-10-16,95.9427261352539,96.23924576836588,95.37748448001146,95.64620650214195,1196200
2023-10-17,96.3411636352539,96.70254667434814,95.46086599753382,95.46086599753382,1436600
2023-10-18,95.48868560791016,96.25777879599,95.30335641170913,96.04465905734129,947000
2023-10-19,94.70104217529297,95.94272295817203,94.57131528195141,95.45161299486679,1266800
2023-10-20,93.78367614746094,94.85856409095688,93.74661031462472,94.6732349267758,1331100
2023-10-23,92.98677825927734,93.8948734882776,92.93118304490876,93.50569284852808,1300700
2023-10-24,93.65396118164062,93.94121258568342,93.27404871851168,93.58909773332175,1228900
2023-10-25,93.17210388183594,93.65394555041401,92.97750649977276,93.4593552379353,1221300
2023-10-26,92.88485717773438,93.54275986092469,92.77366673919174,92.96825707622672,1595100
2023-10-27,91.46712493896484,92.78293034000505,91.17987353904938,92.78293034000505,2007300
2023-10-30,92.48640441894531,92.68099474786246,91.80997238074548,91.99529448364227,1266100
2023-10-31,93.0794448852539,93.12577894639463,92.29181533295765,92.59760316948207,1155100
2023-11-01,93.51496887207031,93.77442267315274,92.95899543123855,93.30184913671798,1572700
2023-11-02,95.4238052368164,95.48866867658919,94.01533187377223,94.1079929206498,1319000
2023-11-03,96.20217895507812,96.6284254815055,96.10024966945575,96.22997656577775,1341700
2023-11-06,95.86858367919922,96.40602766302486,95.62765929514207,96.30409838783086,1247100
2023-11-07,95.36819458007812,95.60911893647541,95.21993833200725,95.5164578977331,1714200
2023-11-08,94.97904205322266,95.45162268097161,94.68252239983995,95.38675922771871,1058800
2023-11-09,94.13580322265625,95.24775714389646,94.08947622776229,95.21069130622989,1301200
2023-11-10,95.1180419921875,95.20143483504552,94.08021961812842,94.64546134056573,1267900
2023-11-13,94.98828887939453,95.24774263394995,94.7102986740368,94.90488898995338,1106000
2023-11-14,96.86933898925781,97.1658585859951,96.1095070807695,96.14657291405976,1388300
2023-11-15,97.41605377197266,97.71257339807772,97.02687308825703,97.02687308825703,1133400
2023-11-16,96.98981475830078,97.29560263471053,96.58210465934053,97.11028050514551,1135100
2023-11-17,97.54576110839844,97.65695859698707,97.12878289796329,97.39750485986438,1097900
2023-11-20,97.7589111328125,98.03690138566903,97.17514008531673,97.35119398051246,1943500
2023-11-21,97.56431579589844,97.72184029865736,97.2585279473061,97.6569768522516,1244300
2023-11-22,97.91643524169922,97.99056691810144,97.53652277191293,97.66624967082393,903900
2023-11-24,98.23149108886719,98.37974737171949,97.94423261091488,97.94423261091488,436000
2023-11-27,97.90715026855469,98.15733577857267,97.73108934732244,98.05540651571022,1483700
2023-11-28,97.92570495605469,98.31488565869901,97.63845354261518,97.80524628226074,1196100
2023-11-29,98.06468963623047,98.62993124538713,97.98128974050016,98.28707757553609,1053800
2023-11-30,98.90791320800781,98.9727766507549,98.14808127743406,98.32414222328403,1312400
2023-12-01,99.92720031738281,99.95500499573905,98.64846082681699,98.82452177514737,1367300
2023-12-04,100.01986694335938,100.24225487978683,99.31563023015656,99.31563023015656,1899700
2023-12-05,99.35269927978516,99.88087506438406,99.2878358349953,99.7604164010844,1024300
2023-12-06,99.13957977294922,99.87161417195304,99.02838932776459,99.60289214678056,1056700
2023-12-07,99.45463562011719,99.66775535259038,99.12105014620755,99.45463562011719,963400
2023-12-08,99.7048110961914,99.94573548508626,99.31563043922782,99.44535732488235,1164900
2023-12-11,100.69630432128906,100.69630432128906,100.00133579719325,100.00133579719325,1320500
2023-12-12,100.73336029052734,100.85381894452067,100.17738693962663,100.64069924364134,1070600
2023-12-13,102.47541046142578,102.49394691227396,100.44610740779684,100.60363189208326,1734100
2023-12-14,103.63369750976562,104.11554628695255,103.19818986251884,103.19818986251884,1589600
2023-12-15,103.13331604003906,103.55956248798377,102.87385522558267,103.19817947625708,1410900
2023-12-18,103.35794830322266,103.76037449237734,103.35794830322266,103.65742775979217,1188800
2023-12-19,104.11599731445312,104.14407239602355,103.41409171458041,103.47024187772126,1496000
2023-12-20,102.5437240600586,104.20957880277867,102.5437240600586,103.91009937869588,1691300
2023-12-21,103.36729431152344,103.41409087386238,102.54372765148982,103.18948308297193,2555800
2023-12-22,103.8352279663086,104.3218864941103,103.53574854156628,103.62934166317233,1713400
2023-12-26,104.52777862548828,104.76174714626148,103.90073756330008,103.92881978352106,1021000
2023-12-27,104.64009857177734,104.7524060532675,104.23767235496334,104.50907674678245,1151200
2023-12-28,104.65879821777344,104.84597017438193,104.49034060076481,104.52777642011701,1064600
2023-12-29,104.47163391113281,104.70560246009275,104.11600428716898,104.50906973578482,957500
2024-01-02,105.1641845703125,105.46366402342626,104.07856709017926,104.09728857233515,1739500
2024-01-03,104.52777862548828,105.12673746745548,104.4154711650622,105.06122656724509,1607200
2024-01-04,104.43419647216797,105.21097375634457,104.38740704719132,104.67752575856795,1329800
2024-01-05,104.69625091552734,105.1641880226386,104.20959232564562,104.46228236197172,1195800
2024-01-08,105.28583526611328,105.28583526611328,104.13470699220326,104.57456895751723,1233600
2024-01-09,104.61199951171875,104.78045712527033,104.3686702609993,104.77109638558626,1070700
2024-01-10,104.62136840820312,104.75239021338587,104.17214569032453,104.60264692737537,1307100
2024-01-11,104.20958709716797,104.61201327469898,103.56383877705784,104.5465023685964,1755100
2024-01-12,104.3405990600586,105.01442953930871,104.03176604052945,104.7617466796662,809000
2024-01-16,103.54511260986328,104.06919983496917,103.27370825681832,103.96625311001581,1375300
2024-01-17,102.92745208740234,103.48897520353816,102.53437947996883,102.85258043454321,1010500
2024-01-18,103.3017807006836,103.3953738229083,102.45013898163027,103.01166201421472,1298000
2024-01-19,104.46226501464844,104.60264041134775,103.15203990428618,103.64805201303025,1537300
2024-01-22,104.62136840820312,104.95828366157384,104.34996405742376,104.46227152193163,1148100
2024-01-23,104.94892120361328,105.03315358565389,104.61200595575636,104.73367415868692,1304500
2024-01-24,104.66815948486328,105.37006508379123,104.64008440333063,105.31391492072595,1301300
2024-01-25,105.81928253173828,105.84735761187086,105.13609130785072,105.51980311006969,1158100
2024-01-26,105.74441528320312,105.95966947341421,105.43558224876523,105.7163402019045,1186300
2024-01-29,106.0532455444336,106.1093957017822,105.35134001696686,105.73505179925509,1078300
2024-01-30,106.44631958007812,106.52119122273139,105.71633891459093,105.81928563820095,1179600
2024-01-31,105.25775909423828,106.53990201626273,105.24839835418007,106.4276016961745,1298400
2024-02-01,106.04389953613281,106.04389953613281,104.75239575663693,105.30455808767577,1527400
2024-02-02,105.87544250488281,106.36210107279477,105.2484085232975,105.71634560928415,1245600
2024-02-05,105.06122589111328,105.49172710974715,104.73367139216931,105.39814113007067,1236600
2024-02-06,105.49173736572266,105.54788753095698,105.10802552954604,105.22969374109144,1382300
2024-02-07,105.68827056884766,105.8754425472559,105.30455873091145,105.8380067235436,968300
2024-02-08,105.74441528320312,105.79121184546948,105.27647822115142,105.66019003930722,877400
2024-02-09,105.6414794921875,105.67891531784458,105.15482803895279,105.67891531784458,1026500
2024-02-12,106.37145233154297,106.6428495338873,105.62275020464418,105.65082528487616,1033600
2024-02-13,104.92085266113281,105.78185517479714,104.17215047698362,105.6789084459728,1509200
2024-02-14,105.43558502197266,105.51981026808389,104.82726539727459,105.4262242812426,1026000
2024-02-15,106.90489959716797,107.0171999173824,105.75377133390171,105.75377133390171,979000
2024-02-16,106.62413787841797,107.16694657707906,106.39953009075411,106.72708460196242,908600
2024-02-20,106.63350677490234,107.07336878366289,106.39953822897893,106.51183856132401,1162800
2024-02-21,107.17630004882812,107.18566078918082,106.37145488231792,106.60542341006524,809700
2024-02-22,107.90628814697266,108.12153519460077,107.11078943834323,107.27924706438615,1419900
2024-02-23,108.14961242675781,108.533324248214,107.88756881217944,108.00923701905725,773000
2024-02-26,107.72846984863281,108.35550379146274,107.60680878425103,108.14961034392984,969900
2024-02-27,107.88756561279297,107.90628709336653,107.52257528328924,107.85949053208542,1003200
2024-02-28,107.82205200195312,108.1870423222861,107.57872274168028,107.76590184194886,703600
2024-02-29,108.01859283447266,108.43037974591296,107.7659099552772,108.28999719518076,812900
2024-03-01,108.71115112304688,108.79537637425648,107.98116324512934,108.3180785302748,936600
2024-03-04,109.0106201171875,109.25394224631209,108.57075814046965,108.60819396190871,1091400
2024-03-05,108.90768432617188,109.59086850059705,108.57076903955135,108.945120151369,887200
2024-03-06,109.58148956298828,110.06814806958648,109.21649925311581,109.53470014437656,766600
2024-03-07,110.07752227783203,110.4237911505054,109.92777898358703,110.10559736046466,992200
2024-03-08,109.80612182617188,110.34893057692855,109.74061091764285,110.12431562755464,1506300
2024-03-11,110.3302001953125,110.35827527668135,109.38496532836088,109.67509116286263,1435800
2024-03-12,110.54546356201172,110.81686793802716,110.06816571866364,110.51738133815891,1672500
2024-03-13,110.74198150634766,111.12568616594369,110.43314134657231,110.73262076631285,767300
2024-03-14,110.12430572509766,110.89172221606809,109.51598612051251,110.72326458926224,1150500
2024-03-15,110.03584289550781,110.38406017853391,109.47117184804051,109.53705001724201,1019500
2024-03-18,110.19583129882812,110.50640288684207,109.8758536725218,110.32759481692226,841200
2024-03-19,110.76050567626953,110.77932493238235,110.07348435515439,110.1581889581162,989200
2024-03-20,111.72045135498047,111.77691630635766,110.44993968771965,110.62875494065676,1595000
2024-03-21,112.64274597167969,112.96272358333579,112.02160282409089,112.09689420807406,2057200
2024-03-22,112.06866455078125,112.92508072952425,112.04043207612338,112.75567870139528,812800
2024-03-25,111.94631958007812,112.37924147936968,111.86162215207463,112.00279171226256,890200
2024-03-26,111.68280029296875,112.24747132014744,111.6357485624765,112.1345414228207,1020300
2024-03-27,113.47093963623047,113.47093963623047,112.26630610726248,112.28512536482289,1124300
2024-03-28,113.86620330810547,114.1485424195002,113.53681246493286,113.62151707042403,1261900
2024-04-01,113.43328857421875,113.99795961668423,113.26388654346091,113.93208144806628,1190700
2024-04-02,112.99095153808594,113.14153430002955,112.59568255825589,112.95330584760003,880500
2024-04-03,112.79332733154297,113.1415446151486,112.45452326646235,112.83097302546103,1124500
2024-04-04,111.68280029296875,113.64033322202445,111.47575257429418,113.39563981084707,945100
2024-04-05,112.23806762695312,112.59569094292844,111.40987673495286,111.70162906289923,1096300
2024-04-08,112.30396270751953,112.59570789921929,112.17220635125622,112.26631700856102,809600
2024-04-09,112.5204086303711,112.8498066781705,111.62634667824175,112.62393250021964,876600
2024-04-10,111.09932708740234,111.67341142099825,110.54406201285983,111.38165905429986,1212600
2024-04-11,110.95814514160156,111.40987911034063,110.25230453278753,111.40987911034063,793200
2024-04-12,109.26412963867188,110.59111348839227,108.97238447178965,110.40288500961157,1239300
2024-04-15,108.7276840209961,110.5628738746878,108.41711243619231,110.14877842828277,1337100
2024-04-16,108.14420318603516,108.8312174038404,107.87127727068018,108.8312174038404,1578400
2024-04-17,107.95597076416016,108.7371027851059,107.63599312484196,108.5771139654468,986600
2024-04-18,108.2006607055664,108.78415101261733,107.87126985800832,108.3418302631433,1097400
2024-04-19,109.1135482788086,109.28295031068212,108.27595133792882,108.35123554528668,1043700
2024-04-22,110.06407928466797,110.6099310947087,108.98179606361275,109.42411682673315,933600
2024-04-23,110.73228454589844,110.97697080134004,110.10172810870651,110.23348445553887,751800
2024-04-24,110.99580383300781,111.12756018766686,110.20525852487071,110.52524337203042,708000
2024-04-25,110.67581176757812,111.0052026327429,109.98879756026052,110.64757929059004,828700
2024-04-26,110.45935821533203,110.8263947772886,110.17701908451205,110.29936221177012,552800
2024-04-29,111.04285430908203,111.08991322671811,110.55347459450738,110.6475852495968,694400
2024-04-30,109.61234283447266,110.67580677407503,109.59351639720846,110.65698751699286,836100
2024-05-01,109.16060638427734,110.30877498065863,108.98179830365797,109.3017759491112,780200
2024-05-02,109.61234283447266,109.9135012090616,108.9535539536842,109.85703625763306,682800
2024-05-03,110.23348999023438,110.49700987731254,109.62176714073406,110.35584030428063,933700
2024-05-06,110.90167236328125,110.9581444941806,110.5534622602812,110.7699160248193,626800
2024-05-07,111.24989318847656,111.55105156886113,111.15578254089056,111.22166071221898,826700
2024-05-08,111.6075210571289,111.70163888872204,110.8546286656609,110.98638501367236,726800
2024-05-09,112.44512176513672,112.51099993710594,111.50400091975794,111.62634404479158,829100
2024-05-10,112.8121566772461,112.94391301926544,112.62392820280266,112.783917020943,720800
2024-05-13,112.80274963378906,113.4897638576169,112.73687145917293,113.09449480992012,653500
2024-05-14,113.21685028076172,113.3015477176221,112.71805015858016,113.00980252819255,880200
2024-05-15,114.12031555175781,114.1861937236293,113.47093987175165,113.70622008274725,705400
2024-05-16,114.06382751464844,114.44969045336774,114.01677578711909,114.34616660054944,756300
2024-05-17,114.35558319091797,114.3932288821605,113.98854667653006,114.18618117041729,712200
2024-05-20,113.74385833740234,114.48734461713404,113.72503190085222,114.35558828201012,555700
2024-05-21,113.88504028320312,114.04502911037969,113.61211436498178,113.72504427584404,555300
2024-05-22,113.48035430908203,113.88503656354683,113.11331775040259,113.65916238883463,535900
2024-05-23,111.96514129638672,113.5838702005642,111.81455852382054,113.5838702005642,708700
2024-05-24,112.35099029541016,112.65214864215908,112.18158827660255,112.35099029541016,501700
2024-05-28,111.71102905273438,112.38863713488995,111.334586500587,112.38863713488995,742800
2024-05-29,110.49699401855469,111.06166504945676,110.32759199126589,111.06166504945676,654800
2024-05-30,111.12754821777344,111.15578069356182,110.4781725539124,110.54405072414598,620000
2024-05-31,112.93450164794922,112.93450164794922,111.13695738356522,111.30635942324443,657000
2024-06-03,112.1063232421875,113.00979843690398,111.27813226189379,113.00979843690398,784500
2024-06-04,111.79576110839844,111.99339565086622,111.21226352098175,111.60753260591731,587300
2024-06-05,112.25690460205078,112.25690460205078,111.42872075951243,112.10632898530879,790000
2024-06-06,112.06866455078125,112.51099246757256,111.78632544383905,112.08748380715924,585900
2024-06-07,111.91808319091797,112.71803443043692,111.61692482379854,111.88043749750531,594800
2024-06-10,112.20042419433594,112.2380698883837,111.46635111085926,111.87103334664538,772600
2024-06-11,111.53223419189453,111.7581011859456,110.854626029559,111.71104227126808,661600
2024-06-12,111.5040054321289,112.80274966644392,111.24989877269134,112.73687149180871,810600
2024-06-13,111.80516052246094,111.97456256368397,111.11813913856133,111.97456256368397,630900
2024-06-14,111.4475326538086,111.55105652480718,110.68522704025762,111.30636308606665,636000
2024-06-17,112.36042022705078,112.39806592351695,111.14637344170085,111.41929935594378,733000
2024-06-18,112.75569152832031,112.99097175081005,112.39806817500164,112.45453313074076,782600
2024-06-20,113.14154052734375,113.31094255376357,112.51099133240731,112.6427476662692,897000
2024-06-21,112.84159088134766,113.2117805901922,112.63277167373913,113.19279965927,855200
2024-06-24,113.64842224121094,114.11353109076938,113.002961958575,113.05041790705543,1322300
2024-06-25,112.75617218017578,113.53452074541437,112.40496338247227,113.53452074541437,1511400
2024-06-26,112.30055236816406,112.5093788335217,112.00630084436008,112.5093788335217,705200
2024-06-27,112.30055236816406,112.38598466847701,111.70255523343988,112.35750964899489,706900
2024-06-28,112.57582092285156,113.22128123961251,112.17715617358152,112.5568399908291,991600
2024-07-01,112.32903289794922,113.48706535947315,112.15818277267549,112.99348143321501,844800
2024-07-02,112.67073822021484,112.6897263937926,112.09172203782133,112.32902351447879,607900
2024-07-03,112.83210754394531,113.1833090909179,112.6802311243827,112.84159438876827,600200
2024-07-05,112.54734802246094,113.01245690536446,112.14868326568647,113.01245690536446,777600
2024-07-08,112.76567077636719,113.24976060110028,112.55684430678032,112.68973256163255,739300
2024-07-09,112.79414367675781,113.30671575378402,112.47140989113393,112.71820546345023,807700
2024-07-10,113.84776306152344,113.90471310067646,112.84159983799816,112.99347626489504,791400
2024-07-11,114.7874755859375,114.87290064516493,113.99013882381472,114.11354023185436,669400
2024-07-12,115.30953979492188,115.97398105051268,114.90138095452565,115.08172515711941,814300
2024-07-15,115.8410873413086,116.35365938941344,115.51835357389463,115.61327995610628,638200
2024-07-16,117.55915069580078,117.55915069580078,115.90753443744454,116.04042268571077,915000
2024-07-17,117.97681427001953,118.42294224743632,117.11303333640541,117.11303333640541,964100
2024-07-18,117.05607604980469,118.68871142277438,116.85674367173745,117.60661723219988,1048900
2024-07-19,116.2112808227539,117.2269308652723,116.08788666049395,117.2269308652723,624000
2024-07-22,116.68587493896484,116.71434995564643,115.75565002345978,116.4485734774638,687000
2024-07-23,116.02145385742188,116.5150377964926,115.98348474797534,116.35367451274517,718100
2024-07-24,115.44242858886719,116.25874627349808,115.33801535651673,115.94550657644672,836000
2024-07-25,115.8505859375,117.0181051687416,115.31902569551484,115.43293301348305,1018200
2024-07-26,117.24590301513672,117.60660587172973,116.41060447699009,116.57196773290491,962200
2024-07-29,117.04657745361328,117.39778624441134,116.60994360773444,117.37880531279326,1241200
2024-07-30,117.22693634033203,117.53068195858373,116.8282715742267,117.13201719247839,707100
2024-07-31,118.01477813720703,118.71718851626774,117.5686501796054,117.93883992275,912300
2024-08-01,116.42011260986328,118.36598048554268,115.93601554184413,117.96731571981715,858400
2024-08-02,114.48372650146484,115.86956627456249,113.43010735173539,115.423438333811,1166200
2024-08-05,111.911376953125,112.79413872896946,111.37032988030849,112.05375928636435,2093700
2024-08-06,112.68972778320312,114.03759844918817,111.87341011408735,112.11071159367063,1095100
2024-08-07,112.20561981201172,114.40777703845251,112.07273157573333,113.78130495912089,809600
2024-08-08,114.17998504638672,114.26541010612878,112.62328786157549,112.73718794123157,652300
2024-08-09,114.23692321777344,114.56914381869939,113.37314965536598,114.01860992653609,762700
2024-08-12,113.84776306152344,114.48372930495422,113.49655425572438,114.42677926580122,652100
2024-08-13,115.03427124023438,115.06274625999669,113.762331503207,114.25592265197584,666900
2024-08-14,115.54682922363281,115.86006164466718,115.00578218856242,115.04374404903596,545400
2024-08-15,117.03709411621094,117.16998236711892,116.39163379385796,116.82826765282225,532300
2024-08-16,117.43576049804688,117.48321645010574,116.75233105997278,116.75233105997278,594500
2024-08-19,118.2236099243164,118.2236099243164,117.44526129578469,117.44526129578469,618000
2024-08-20,117.6161117553711,118.09071472639552,117.4927103481101,118.04325153254644,584500
2024-08-21,118.15715789794922,118.23308886888097,117.64458582436043,118.04325057875174,570800
2024-08-22,117.90087890625,118.59380248745421,117.6351023792787,118.47040107002667,716000
2024-08-23,119.38162994384766,119.45756815840375,118.28055480025115,118.45141216206902,763900
2024-08-26,119.54298400878906,120.14098107192207,119.36263258450491,119.6473972289677,857000
2024-08-27,119.48604583740234,119.5430031205203,119.11585608553669,119.40062077552577,632200
2024-08-28,119.30570220947266,119.82776115451594,118.72668598103296,119.31518905514963,608900
2024-08-29,119.7423324584961,120.31185458210906,118.91652067204392,119.71385743859545,707600
2024-08-30,120.89085388183594,121.02374211736065,119.58095245657852,119.97961716315264,859400
2024-09-03,119.4290771484375,120.50167712843518,119.05888745437343,120.2074256387601,964600
2024-09-04,119.31517791748047,120.01759549282168,118.97346321646751,119.33416609079576,837100
2024-09-05,118.49886322021484,119.61892649211993,118.05274252232476,119.54299552256686,898000
2024-09-06,116.82826232910156,118.71718001681774,116.65740497973898,118.28054617775032,853100
2024-09-09,118.12866973876953,118.49885945534511,117.19845202496748,117.37880346089217,631300
2024-09-10,117.91985321044922,118.37546799112684,117.01810325216972,118.37546799112684,610600
2024-09-11,117.89137268066406,118.02426093046802,115.57531515417608,117.6730593739289,872900
2024-09-12,118.52735137939453,118.63176461482584,117.39779396438313,118.07172933007001,691900
2024-09-13,119.61891174316406,119.6758690156391,118.89752054922532,118.89752054922532,662000
2024-09-16,120.50167846679688,120.53964756941308,119.7802872426867,119.95114458352666,658900
2024-09-17,120.58712005615234,121.15664215557722,120.2074362425803,120.71051421777004,781800
2024-09-18,120.28336334228516,121.86853533250908,120.2074251382124,120.6820280508686,806700
2024-09-19,121.56481170654297,121.90651194061124,120.9098500485791,121.7356618235771,759300
2024-09-20,121.35553741455078,121.42242600182831,120.7153170377073,121.16442924813188,818700
2024-09-23,121.90019226074219,121.95752324722216,121.38419151149682,121.66130342999759,939600
2024-09-24,122.0531005859375,122.32064765462978,121.7855389366262,122.08176608292919,1234500
2024-09-25,121.20263671875,122.24419583798024,121.00197097070941,122.09130348310622,783900
2024-09-26,121.73775482177734,121.92886297843829,121.4702004863285,121.4702004863285,605100
2024-09-27,122.0817642211914,122.7315422075622,121.94798704373059,122.09131452650331,648100
2024-09-30,122.502197265625,122.5786434459898,121.42242230663096,122.00531167387182,874800
2024-10-01,122.23463439941406,122.54996940369409,121.58485649224997,122.31108057444713,842900
2024-10-02,122.33975219726562,122.63597202747506,121.79508593090472,122.26330601840228,677000
2024-10-03,121.91929626464844,122.17730027618323,121.43196831451972,121.98619213381609,667600
2024-10-04,122.96086120605469,123.04687227285784,122.04353619217879,122.5977600708455,638700
2024-10-07,122.16775512695312,122.92264475972657,121.81420429852757,122.81753308362462,623800
2024-10-08,122.30152893066406,122.46397888309059,121.75686266509217,122.27286343620905,820400
2024-10-09,123.40042114257812,123.49598251278861,121.99575356806821,122.20597691803691,480600
2024-10-10,123.046875,123.36221003695194,122.80798614600174,123.30486446427278,575700
2024-10-11,124.32730102539062,124.45152788054688,123.23796856346836,123.25708375209628,584700
2024-10-14,125.1395492553711,125.16821475267535,124.10754761056019,124.41331777534535,557200
2024-10-15,124.55665588378906,125.53131192239547,124.43242901233937,124.91975703164256,676200
2024-10-16,125.47398376464844,125.60776094437895,124.70953648878023,124.9388750457264,645000
2024-10-17,125.62689208984375,125.99000787263407,125.48356458643751,125.8657809826014,557900
2024-10-18,125.5886459350586,125.7224376956023,125.13954828722657,125.62687631824795,808700
2024-10-21,124.36552429199219,125.64597955587,124.23174712479512,125.55996849218657,941600
2024-10-22,124.38463592529297,124.51841308866501,123.58197294506078,123.96418924594737,898400
2024-10-23,123.95464324951172,124.41330574263925,123.33353809383105,123.97375843940554,777000
2024-10-24,123.7253189086914,124.05976915742777,123.18065986947495,124.05976915742777,691300
2024-10-25,122.72196197509766,124.26040661382189,122.65508068504023,124.18397501964684,716000
2024-10-28,123.55331420898438,123.66797618939808,122.88442835554108,122.9321944603014,520600
2024-10-29,122.85575103759766,123.4099602766757,122.73152418369223,123.12330535322728,728700
2024-10-30,122.78886413574219,123.39086868018202,122.47352911630313,122.60730628388778,918000
2024-10-31,122.10087585449219,122.89398863818889,122.08176795297486,122.731545959208,879600
2024-11-01,121.86197662353516,123.03730566008453,121.73775704846436,122.69330513955569,700400
2024-11-04,121.63265228271484,122.24420717832615,121.30775964362229,121.9193145392336,1149400
2024-11-05,122.9130859375,122.9130859375,121.54663424286407,121.69952659398449,558700
2024-11-06,126.47732543945312,126.71621431233056,125.48355414375567,126.219321374172,1197100
2024-11-07,125.923095703125,126.6588774802618,125.67465653580174,126.64931259419077,987500
2024-11-08,126.61109161376953,126.94554183895893,125.90397536252661,126.06641803228138,1065300
2024-11-11,126.89773559570312,127.51884065383139,126.81173912561438,126.97418176265384,1012800
2024-11-12,125.89441680908203,127.02196511842904,125.64597766819645,127.01241481399333,876700
2024-11-13,125.98997497558594,126.39130646095325,125.66507508499775,126.0950866441786,685500
2024-11-14,125.3019790649414,126.18108824676438,125.21596800124291,126.1333075626247,712400
2024-11-15,124.8910903930664,125.46442947692451,124.55665474466467,125.0726482556421,851000
2024-11-18,125.52176666259766,125.74154033731914,124.87198136345597,125.12998542198423,773800
2024-11-19,124.96753692626953,125.31153746142407,124.28910074177664,124.79554394900157,885200
2024-11-20,125.04398345947266,125.11086475727996,124.26042101252166,125.11086475727996,779500
2024-11-21,126.61109161376953,126.83086527512971,125.06309651795002,125.36886666671829,1206300
2024-11-22,127.68132019042969,127.79599676430472,126.79266058146143,126.79266058146143,1572300
2024-11-25,128.44578552246094,128.9808943402265,128.12090010890637,128.40756971288698,849900
2024-11-26,128.48397827148438,128.56997475329817,127.77686206624128,128.36930171511517,708400
2024-11-27,128.31198120117188,129.04776296041376,128.2259847123383,128.69419753862243,658200
2024-11-29,128.75152587890625,129.066860876375,128.4648563738786,128.54130254726041,458600
2024-12-02,128.0635528564453,128.84710078858487,127.66222129403921,128.7706545985142,1040100
2024-12-03,127.49018859863281,128.36929774028275,127.44240791667659,128.18773989721927,868200
2024-12-04,126.95508575439453,127.5570902971893,126.44864257987813,127.5570902971893,949600
2024-12-05,127.02194213867188,127.53795009719748,127.00284153325597,127.06972281344125,834900
2024-12-06,126.89773559570312,127.38506350682151,126.69706258488057,127.14617470283135,882100
2024-12-09,126.04730224609375,127.23218147826199,125.95174088451137,127.13663469729627,1066500
2024-12-10,125.3879623413086,126.03773291919343,125.01529637325908,126.03773291919343,1140900
2024-12-11,125.32107543945312,125.9899758335709,125.26374445266981,125.96131034017924,1072600
2024-12-12,124.88152313232422,125.4739627460865,124.7955266556071,125.39751657324354,1506400
2024-12-13,126.00907897949219,126.08552515694836,125.48353520298436,125.87530181409824,1413000
2024-12-16,125.97085571289062,126.69707248474435,125.83707855542767,126.14284866650732,1199500
2024-12-17,125.034423828125,125.41664013724862,124.58531164556506,125.19686648853342,1364500
2024-12-18,121.51798248291016,125.04398435829746,121.42242839781517,125.03443405300453,1804500
2024-12-19,121.04976654052734,122.7793268887694,121.0019858511761,122.31109946211805,2366100
2024-12-20,122.40165710449219,123.32602365750823,120.73586672445933,120.85141529841597,2032000
2024-12-23,123.02751922607422,123.08529718344175,121.70837462994294,122.2668483584864,2564200
2024-12-24,124.20223236083984,124.2118558976063,123.05639971146192,123.3548909678701,1516500
2024-12-26,124.54886627197266,124.68366924403844,123.66300137848663,123.84595141752348,1329900
2024-12-27,123.86522674560547,124.58738875197966,123.25860595867557,124.07706210953579,1454600
2024-12-30,122.5942153930664,123.09491112521026,121.81428281841893,122.89270665571689,1890100
2024-12-31,122.85418701171875,123.29711947095656,122.41126189869216,122.94085026546918,1370900
2025-01-02,122.80604553222656,124.04816494599221,122.22831745159887,123.67264132627365,1654800
2025-01-03,123.65338134765625,123.80744608936263,122.75790023856878,123.30674302502811,1192500
2025-01-06,123.34527587890625,124.51999391146144,123.11417874888073,124.01929080928458,1634800
2025-01-07,123.01789093017578,124.05779862181299,122.68088346778356,123.87484856528076,1119700
2025-01-08,123.21045684814453,123.26823479967777,122.13202568946306,122.8445641040866,1097700
2025-01-10,121.42913818359375,122.86383135318587,121.19804839196428,122.57497095020204,1829200
2025-01-13,122.47868347167969,122.53646143239196,121.08250641570918,121.13065349193398,1924600
2025-01-14,123.51858520507812,123.51858520507812,122.46904664243282,122.91197178002537,993000
2025-01-15,125.06883239746094,125.39620898687666,124.64516166178228,125.23252069216879,1038600
2025-01-16,125.86802673339844,126.02209149037331,124.94365288397302,125.11697940867573,1152700
2025-01-17,126.80203247070312,126.99460608339123,126.19541163293196,126.51316470545854,1402600
2025-01-21,128.005615234375,128.1693035133349,127.14865030780686,127.34122388938192,2503000
2025-01-22,127.11013793945312,128.08265885431567,127.10051440187706,128.02488824401172,1920200
2025-01-23,128.0634002685547,128.0634002685547,127.22569701348648,127.23532055130165,1142900
2025-01-24,128.1211700439453,128.48707017247125,127.97674351553984,128.06339943258314,979100
2025-01-27,127.79377746582031,127.8226627678882,126.8212713472161,127.10050083134647,1414400
2025-01-28,126.94645690917969,127.77453665323598,126.59019499697308,127.77453665323598,1068200
2025-01-29,126.98497772216797,128.05377812828212,126.72499527407957,127.03311010419326,1007900
2025-01-30,128.07301330566406,128.41965164010315,127.34122779625838,127.86117795170556,994800
2025-01-31,127.44715118408203,128.6122456830611,127.24493935808866,128.17893672627866,1343200
2025-02-03,127.01383972167969,127.40862509033039,125.41545117476825,125.86800714518802,2331200
2025-02-04,127.24492645263672,127.37972942548576,126.37833801181029,126.71535279014397,2123000
2025-02-05,128.37152099609375,128.48706221165943,127.10050885517886,127.85155614120198,2063700
2025-02-06,128.34263610839844,129.02628932996294,127.67825934826163,128.92037163908464,2913900
2025-02-07,127.40864562988281,128.6026107720468,127.36049855650627,128.58334900421139,833100
2025-02-10,128.1018829345703,128.19817706274085,127.35083575058785,128.0537505629062,1038000
2025-02-11,128.84332275390625,128.8722080574986,127.54344001498191,127.85155481744123,843300
2025-02-12,128.2078094482422,128.3907594889418,127.591565185709,127.70712108597421,902100
2025-02-13,128.97811889648438,129.0840365681816,128.12115398636027,128.46779230351285,2527800
2025-02-14,128.80482482910156,129.52698686495728,128.70853068068445,129.18034850004958,1590000
2025-02-18,129.50772094726562,129.50772094726562,128.37152643295414,128.67964125165307,2414600
2025-02-19,130.0469207763672,130.08544430787825,129.1321852506817,129.218841157948,2445600
2025-02-20,129.60401916503906,129.75806923301724,128.77593944340643,129.6136427029051,1868400
2025-02-21,128.37152099609375,129.6521419817416,128.22707978421354,129.58474783680268,1118700
2025-02-24,128.0634002685547,128.9107417538622,127.97674435094574,128.62187400274155,987200
2025-02-25,128.246337890625,128.7855498044391,127.60120830142432,128.2848467305734,1049400
2025-02-26,127.97673797607422,128.77593234764754,127.57232902161967,128.4004086976238,866400
2025-02-27,127.27383422851562,128.83371426683775,127.22570184518769,128.05378159388903,961800
2025-02-28,129.07443237304688,129.1514647542263,126.97534039007425,127.60122297749805,1152900
2025-03-03,127.77452850341797,129.7677027003536,126.96571057962831,129.38254081348447,1500100
2025-03-04,125.16511535644531,127.26419238706146,124.9821653103522,127.25456885026487,1648500
2025-03-05,125.91616821289062,126.35908600398767,124.36592655920448,125.16512092153195,1384000
2025-03-06,124.75105285644531,125.3672970613745,123.961496855952,124.70290579353724,1052400
2025-03-07,126.35906219482422,126.6479298737839,124.56810021617879,124.7414267005228,1042100
2025-03-10,124.68367767333984,126.36872228429141,123.70153327193535,125.2421513646317,1429100
2025-03-11,123.16232299804688,124.7703352566746,122.66161990734584,124.69330288176496,1300900
2025-03-12,122.507568359375,123.7304261481165,121.86243137143494,123.56673785326824,1198900
2025-03-13,121.67947387695312,123.05639625564935,121.34245909809846,122.45940641338706,1083100
2025-03-14,123.51858520507812,123.75930586765311,121.89131117528356,122.24758040053072,2300300
2025-03-17,125.01106262207031,125.40584805499306,123.27787082472267,123.27787082472267,1032600
2025-03-18,124.34666442871094,124.97253227220521,123.94225548011757,124.77995868131646,751600
2025-03-19,125.35769653320312,125.85839963298581,124.19260204364454,124.51035508625144,770300
2025-03-20,124.97252655029297,125.59840905755419,124.51034701483634,124.61626468883917,859300
2025-03-21,124.44915008544922,124.61393223179196,123.56715446056008,124.20684253871799,2385800
2025-03-24,125.74793243408203,125.99023998593563,125.1663883939217,125.31176700932214,1074900
2025-03-25,125.20515441894531,125.9902433307885,124.81746824139879,125.95146583946604,1484800
2025-03-26,125.3311538696289,126.15500544925304,125.02100789834579,125.42808280462435,1131600
2025-03-27,124.9046859741211,125.54438142908388,124.56546429172221,125.18577100248893,707800
2025-03-28,123.62531280517578,125.04038059042449,123.32484642007718,124.83685053398135,1045100
2025-03-31,124.99192810058594,125.4377656927596,122.87899865866137,122.87899865866137,1231400
2025-04-01,124.72053527832031,125.18577642350097,123.61562083439448,124.57515666375086,865500
2025-04-02,125.44745635986328,125.60253673964948,123.95484837493849,123.99361846988505,846400
2025-04-03,120.29115295410156,123.05345736698915,120.19423141928146,122.47192076342952,2107500
2025-04-04,113.42900848388672,118.05224065284118,113.12854948986393,117.68392844634663,3536200
2025-04-07,112.61485290527344,116.18162013438786,108.6022406968496,110.51161787085755,4019600
2025-04-08,111.24822998046875,116.34638239005626,109.71684464382386,116.1719206758228,2816700
2025-04-09,118.90515899658203,119.34130962052734,109.4648590965418,109.93008544279822,4595000
2025-04-10,115.5031509399414,117.3931540995038,112.50823343634903,117.02484192352154,1775900
2025-04-11,117.29623413085938,117.88746513727556,114.46608375582286,115.31901105407023,1397700
2025-04-14,118.53685760498047,119.07962415613152,117.42224138488989,118.51746885978812,2951700
2025-04-15,118.18793487548828,119.52546991116031,118.08131896018402,118.78885287668716,3201400
2025-04-16,116.75346374511719,118.58530814902484,115.98777103425346,117.80992846073799,2986300
2025-04-17,117.12177276611328,118.07162160721933,116.51116040767052,116.51116040767052,1159600
2025-04-21,115.04761505126953,116.60807617354574,113.79731467370135,116.3851573815858,2204100
2025-04-22,117.33500671386719,117.61608436178271,115.62916687047868,115.83270432697482,1367500
2025-04-23,118.11039733886719,120.18454945564339,117.6839336680624,119.00208738269548,1093000
2025-04-24,119.62238311767578,119.74838776951249,117.61607700666143,118.14915654603399,782300
2025-04-25,119.50608825683594,119.55454533071676,118.38177765998945,119.38977796917054,756800
2025-04-28,119.95193481445312,120.32993401094062,118.91485876864184,119.65146841610272,988300
2025-04-29,120.48500061035156,120.76607824827722,119.37039182553109,119.47700034164416,1021000
2025-04-30,120.57222747802734,120.84361072639435,118.15884656831918,119.75807033828742,1148600
2025-05-01,120.14576721191406,121.11499735146933,119.73869232801424,120.32992330471407,1109400
2025-05-02,122.02607727050781,122.30715490114933,121.09561721457686,121.61900238253287,864400
2025-05-05,121.46392822265625,122.10362370331667,121.07623466419294,121.45423385016879,935500
2025-05-06,120.7176284790039,121.5317783253035,120.2427003406893,120.7273154571933,1254900
2025-05-07,121.38639068603516,121.87100579605007,120.67885676641166,121.02778023719357,939700
2025-05-08,121.99700164794922,123.1213047767864,121.50269220092845,121.86131001851437,1259500
2025-05-09,121.87100219726562,122.43315748299631,121.62869464941338,122.36531166538327,1196200
2025-05-12,124.80777740478516,124.94346904165951,123.94515572088446,124.56546985398958,1268900
2025-05-13,124.4103775024414,125.02099720426746,124.25529713542561,124.54606912626078,930900
2025-05-14,123.63499450683594,124.32315441471351,123.47992152937897,124.30376567088193,998500
2025-05-15,125.18577575683594,125.18577575683592,123.41208272213824,123.47992854012254,879200
2025-05-16,125.95146179199219,125.97085053703036,124.78838850744852,125.0985492709424,855800
2025-05-19,126.2034683227539,126.34884693413184,125.02100631928387,125.08884474150061,1008900
2025-05-20,126.09684753417969,126.44577097727003,125.64130818377623,125.80607553339135,725900
2025-05-21,123.81915283203125,125.46684114473878,123.75130701667598,125.26331109331224,884500
2025-05-22,123.3248519897461,123.99362321253483,122.7433153325836,123.51870247189343,847200
2025-05-23,123.17945861816406,123.4896193710711,122.12300128347202,122.25869291554918,786100
2025-05-27,125.09855651855469,125.10824349699539,123.74162528357361,124.16808896344537,886100
2025-05-28,124.22623443603516,125.31176754037018,124.01300260635801,125.18577766958231,785400
2025-05-29,124.7980728149414,124.88531477110679,123.71253974449907,124.69145690343161,856900
2025-05-30,125.05008697509766,125.38930867812226,124.06146801088765,124.57515884372788,694900
2025-06-02,125.42808532714844,125.46684802835875,123.98392698663507,124.92408147573823,930200
2025-06-03,126.41668701171875,126.46515147923897,125.0694576346194,125.33115392780533,873800
2025-06-04,125.90300750732422,126.8819395556605,125.90300750732422,126.64931896422524,695800
2025-06-05,125.60255432128906,126.22286113798434,125.34087278170901,126.22286113798434,886600
2025-06-06,126.4263916015625,126.89161796372997,126.06778115460835,126.24223549444137,807200
2025-06-09,126.44578552246094,126.94977460657158,126.11623599604397,126.53301269594778,788800
2025-06-10,127.10484313964844,127.38591337997948,126.57176359149096,126.57176359149096,757900
2025-06-11,127.23084259033203,127.57006426035679,126.77530324865252,127.29868100862576,766900
2025-06-12,127.79300689697266,127.83176959742025,126.63962060070924,126.94007959433503,728100
2025-06-13,126.52332305908203,127.65733558025799,126.30040422014928,127.16301863787835,731500
2025-06-16,127.21145629882812,127.73483406888943,126.92068429800372,127.18238057767351,963000
2025-06-17,126.06778717041016,127.05639138853108,126.02900967796614,126.85286131568036,755500
2025-06-18,126.27130126953125,126.99822387345745,126.07745819967325,126.33915447808458,1158600
2025-06-20,126.46839141845703,126.92696494558375,126.20496696585721,126.80988741109493,784500
2025-06-23,127.444091796875,127.48312757135278,125.97081139773454,126.63427068599832,1283400
2025-06-24,128.41976928710938,128.65393925522346,127.81484881254573,127.91242335453948,1545100
2025-06-25,127.80508422851562,128.36121737514435,127.64897093242277,128.36121737514435,992000
2025-06-26,128.96615600585938,129.00519177928854,128.0587752587345,128.1173140310928,936700
2025-06-27,129.2978973388672,129.80524327864586,128.71247985415633,129.1222661383399,1105700
2025-06-30,130.06869506835938,130.21505689741986,129.4149872510248,129.54183119198657,1050100
2025-07-01,131.2882843017578,131.76637572315468,129.92233008031596,129.9515994645051,1278500
2025-07-02,131.7273406982422,131.81516373909133,131.01509419929926,131.44439835355018,916400
2025-07-03,132.5078887939453,132.65425059957357,131.90296834981066,132.02981227046502,860000
2025-07-07,131.4541473388672,132.45910254992765,130.88824777251924,132.29323774582667,1458600
2025-07-08,131.4346466064453,131.87370225872377,131.1516893745032,131.40536233436123,1686300
2025-07-09,131.66880798339844,131.92249584318412,131.03461810950458,131.78590041398616,819600
2025-07-10,132.4103240966797,132.66399704053333,131.49317707906368,131.6980627562345,868200
2025-07-11,131.62001037597656,131.89320121292053,131.24925989028634,131.78589006563485,896100
2025-07-14,131.756591796875,131.8248969427464,131.16142291795157,131.46389799394746,870100
2025-07-15,130.2248077392578,131.97127907670657,130.17602046315096,131.75662697206553,1037100
2025-07-16,130.8492431640625,130.91753343881666,129.50279179088437,130.53701651436887,1153400
2025-07-17,131.7371063232422,131.80539659041392,130.4004065983646,130.4004065983646,1220800
2025-07-18,131.41513061523438,132.06883835365556,131.19072703644136,132.06883835365556,1119800
2025-07-21,131.3370819091797,132.25422905338903,131.30781252268667,131.70784732180533,1151800
2025-07-22,132.16641235351562,132.34202866112565,131.24926526857095,131.24926526857095,1088100
2025-07-23,133.3372344970703,133.3372344970703,132.2834919714909,132.42983889679988,839600
2025-07-24,132.77133178710938,133.30796198027707,132.67375724733907,133.10306140187322,964600
2025-07-25,133.2786865234375,133.34697678793765,132.5371557856517,132.8884032699229,677800
2025-07-28,132.81036376953125,133.2787037342273,132.4981520141863,133.26893734676335,920100
2025-07-29,132.9664764404297,133.2201494208927,132.68353407328962,132.9664764404297,946900
2025-07-30,132.39080810546875,133.34697601743284,131.83466005534294,133.01524641970013,892100
2025-07-31,130.86874389648438,132.48837104415398,130.62482244130584,131.82491183220472,1169600
2025-08-01,129.66864013671875,130.30284485539147,128.80028034831943,130.11746216666842,1199000
2025-08-04,131.2004852294922,131.2004852294922,130.1174732761857,130.1174732761857,989200
2025-08-05,131.00535583496094,131.5517375814113,130.43945620105563,131.26878032056564,988900
2025-08-06,131.22975158691406,131.62001998596185,130.8589861863691,131.12242554400814,577100
2025-08-07,131.32733154296875,132.23471230765406,130.82972219272193,131.97127293915787,722300
2025-08-08,132.04931640625,132.4005638998887,131.62001225982667,131.62001225982667,780700
2025-08-11,131.80538940429688,132.62496189238053,131.54196496098803,132.32250168042944,898900
2025-08-12,133.30795288085938,133.30795288085938,132.13711803467325,132.27372833614066,815400
2025-08-13,134.23487854003906,134.31293520475546,133.47384466878742,133.6299579982202,1200500
2025-08-14,134.04946899414062,134.14704352745454,133.307953159419,133.59089548557566,779800
2025-08-15,133.65921020507812,134.43974697633362,133.5421177791621,134.40072609288467,811300
2025-08-18,133.66896057128906,133.88361264790075,133.3860182272743,133.54211664753186,926500
2025-08-19,133.90313720703125,134.4690368110495,133.54212330321818,133.6299463482342,1002500
2025-08-20,134.25437927246094,134.45926496434691,133.71774907597566,134.1568047320874,971900
2025-08-21,133.86410522460938,134.1470624785232,133.39578015166575,133.8445873376326,786800
2025-08-22,135.7764434814453,136.2545200092788,134.47877954286938,134.55683619569172,1059900
2025-08-25,134.9178466796875,135.74718565975184,134.8690594065451,135.6105902276244,993300
2025-08-26,135.27883911132812,135.35689576699548,134.7031880245393,134.80076256606966,1576500
2025-08-27,135.71791076660156,135.89352707744587,135.03491874589167,135.13249328821735,1071300
2025-08-28,135.87400817871094,136.01060360427783,135.38616524628844,136.00085210523193,1088700
2025-08-29,135.79595947265625,136.08866822680224,135.27884712503877,135.8154773596755,1427500
2025-09-02,135.33740234375,135.33740234375,134.25439036239496,134.9666369250454,3194800
2025-09-03,134.89833068847656,135.28861399131458,134.18608413150255,135.06419550926307,1038100
2025-09-04,135.90328979492188,135.90328979492188,134.84956206730448,135.23007899332913,939600
2025-09-05,136.15696716308594,137.56195720852932,135.64960633827917,137.35705662365842,1437200
2025-09-08,136.2545166015625,136.36184263553596,135.58130590240222,136.36184263553596,1559800
2025-09-09,136.2350311279297,136.55700927126458,136.0301305320672,136.283803514186,1499500
2025-09-10,137.35704040527344,137.4448485507995,136.38135464311762,136.59600670181456,1146500
2025-09-11,138.57666015625,138.71325557980936,137.4838967677751,137.55218703566248,1126100
2025-09-12,137.94247436523438,138.68399027382296,137.9034385929068,138.47908968856578,990100
2025-09-15,137.6887664794922,138.21564511477655,137.5033838073656,138.02051094487905,1235700
2025-09-16,137.45462036132812,138.06929229205207,137.17166314197726,137.88392449566476,896600
2025-09-17,137.7278289794922,138.62545824547922,136.99606453450198,137.6692902059387,1083300
2025-09-18,138.07907104492188,138.3620134018299,137.4546326720835,137.83514957291024,1136500
2025-09-19,137.86509704589844,138.26751117312108,137.33506481684603,138.2380666022729,1148900
2025-09-22,137.51174926757812,137.79638511564877,137.2369232843055,137.3743362759418,1325400
2025-09-23,137.96322631835938,138.68956060338712,137.55098739233532,137.63932109572096,1820900
2025-09-24,137.92398071289062,138.38529894039084,137.80618745728094,138.13009270064654,974100
2025-09-25,137.24671936035156,137.69821272598526,136.8541001544839,137.60006915718682,1080100
2025-09-26,138.17916870117188,138.45399466292827,137.67859605159236,137.708040620574,949800
2025-09-29,137.91415405273438,138.63067851052836,137.5117399467926,138.61104380537037,1054700
2025-09-30,138.34603881835938,138.4638320818779,137.29581414986484,137.7963868449163,1164000
2025-10-01,138.4736328125,138.6306805022365,137.89453630560016,138.0712037238847,1278600
2025-10-02,138.30677795410156,138.80735062588937,137.93379342793088,138.65030293309198,1112400
2025-10-03,138.93495178222656,139.59257213750527,138.64049110662168,138.64049110662168,1079400
2025-10-06,138.65029907226562,139.30791941853883,138.49326636073326,139.1018074322624,1130500
2025-10-07,138.44419860839844,138.92513660099883,137.9730704808066,138.84662772714447,1161500
2025-10-08,138.64048767089844,138.91531363414782,138.11047044945798,138.68956694509833,1248000
2025-10-09,137.72767639160156,139.02328236749722,137.48229499692744,139.02328236749722,1644300
2025-10-10,134.9303436279297,138.34604898306907,134.88126434593204,138.11049239251096,2055200
2025-10-13,136.97190856933594,137.29581383370322,136.1474306110699,136.52040017682285,1675600
2025-10-14,137.9337921142578,138.4343647812782,135.71554963796743,136.0983440249576,2139800
2025-10-15,138.30677795410156,139.4453512615441,137.34487206838685,138.65030293309198,1662800
2025-10-16,136.9130096435547,138.74845770026468,136.48113598858953,138.67974372020572,2795100
2025-10-17,137.5215606689453,137.7276876471493,136.60873401817474,136.97190869625865,2267500
2025-10-20,138.620849609375,138.72881801924382,138.05156299160222,138.16935624220818,1443400
2025-10-21,138.37548828125,138.92514027412193,138.1301068575112,138.6405044124181,1524200
2025-10-22,137.98287963867188,138.53253161419434,137.3841483845721,138.39511862031372,2000500
2025-10-23,138.31658935546875,138.53252619124143,137.7865721075037,138.32639922004296,1380200
2025-10-24,139.00364685058594,139.52385420610563,138.93494784846212,139.2588530847673,1435100
2025-10-27,139.77906799316406,139.8575918404712,139.22941603890666,139.5238617451928,1554500
2025-10-28,139.24903869628906,139.8379600750305,139.0723712688023,139.70054708357654,1656100
2025-10-29,138.79754638671875,139.53369062753765,138.08102187562548,139.07237237180638,2643700
2025-10-30,138.2478790283203,139.2392144372638,138.12027591484267,138.17916505125044,3149800
2025-10-31,137.98287963867188,138.35586418358773,137.21729081892371,137.78657750125572,2164500
2025-11-03,137.1485595703125,137.97305240670835,136.26519257468482,137.9632275660937,1732500
2025-11-04,136.589111328125,137.13876328889933,136.17687235754426,136.45169833793142,1647700
2025-11-05,137.3252410888672,137.85525828752046,136.41241455404796,136.41241455404796,1333400
2025-11-06,136.99154663085938,137.7080561852165,136.73634036831794,137.24673791650747,1821500
2025-11-07,137.67860412597656,137.67860412597656,136.16704627077698,136.91301533377145,1770000
2025-11-10,138.424560546875,138.6601320934086,137.32525661683707,138.15954442913628,1561200
2025-11-11,139.4551544189453,139.86739336004266,138.59140712699377,138.64048640074404,1152900
2025-11-12,140.23056030273438,140.65262410661396,139.769242063953,139.77906690534772,1307100
2025-11-13,138.64048767089844,140.2894434503947,138.44418555099054,140.12258589962843,2011700
2025-11-14,138.40492248535156,138.9349547079804,137.39395229343597,137.9828736570475,1751300
2025-11-17,136.9620819091797,138.75827563670057,136.58911234837845,138.21844851348172,1762000
2025-11-18,136.93263244628906,137.85526891590334,136.35353593089872,136.67744117939472,2563100
2025-11-19,137.10931396484375,137.62952133660667,136.5007728832099,136.86393256394078,1484200
2025-11-20,135.87257385253906,139.13124584717974,135.7940649886917,138.34602241668514,2707300
2025-11-21,137.51174926757812,138.34603708219402,136.06890536695042,136.45169977057247,2422200
2025-11-24,138.61105346679688,138.98403800633704,137.59025840391624,137.90435380076963,1328200
2025-11-25,140.4661407470703,140.6624428878079,138.76810551319474,139.101820650138,1164400
2025-11-26,141.7224884033203,142.16417195168492,140.51521604395228,140.53483577364466,1171300
2025-11-28,142.75308227539062,142.75308227539062,141.78136656275046,141.83044583696514,625200
2025-12-01,141.32989501953125,142.38011976090115,141.23173645593673,141.9286263129121,1392700
2025-12-02,140.88816833496094,141.486899508818,140.46611954492437,141.486899508818,1137400
2025-12-03,142.38992309570312,142.51751123683124,141.08449227692765,141.0943021410477,1146900
2025-12-04,142.42918395996094,142.69420007208663,142.01694499492788,142.35066011277954,1740300
2025-12-05,142.52734375,143.27329783935804,142.40955048975945,142.49788420227043,1109000
2025-12-08,142.1052703857422,142.89049383468532,141.967857405444,142.89049383468532,1446900
2025-12-09,142.0561981201172,143.00827916518517,141.98749911502475,142.1936111071944,1795800
2025-12-10,144.07814025878906,144.35298121320707,142.00712058586234,142.1347237100322,1805500
2025-12-11,145.0596466064453,145.14799528360885,143.87200914217783,143.87200914217783,1724200
2025-12-12,143.3125457763672,144.65724601681578,142.89049696224635,144.56889733141838,2153500
2025-12-15,143.20457458496094,144.0192426047914,142.72363664116472,143.8720197601378,2043800
2025-12-16,141.7715606689453,143.20457966403788,141.40840098799168,143.01810237982664,1705800
2025-12-17,141.39857482910156,142.35065585446827,140.95689130669965,142.0954645914319,1353300
2025-12-18,141.1531982421875,142.1543585768151,140.8096732583385,141.91878703428728,1563000
2025-12-19,141.61460876464844,142.00981547946904,141.1205928330378,141.189747223855,1532800
2025-12-22,142.52359008789062,142.65203904891243,141.96040471372046,142.049339035442,2189000
2025-12-23,142.6717987060547,142.91880667824395,142.27659198101992,142.3754012003637,1847500
2025-12-24,143.3238983154297,143.5412665293826,142.67179367357096,142.76072799831144,724600
2025-12-26,143.35353088378906,143.4721049521133,142.88915472962213,143.3140162451269,1216500
2025-12-29,142.9682159423828,143.4128272915642,142.8002523249663,143.17570927929182,1416500
2025-12-30,142.82000732421875,143.22510400210987,142.72119810848008,143.04725042901416,1269700
2025-12-31,141.80233764648438,142.81011929508176,141.77269789659445,142.81011929508176,1443900
2026-01-02,143.02749633789062,143.25475453596388,141.59485305884664,142.28647239257435,1955600
2026-01-05,144.07481384277344,144.36133645021195,143.33378994375644,143.5709079426932,2322700
2026-01-06,145.00355529785156,145.2802030220051,143.94636901115837,144.0352882633141,1958200
2026-01-07,143.36343383789062,145.08259968455803,143.2547497265129,145.08259968455803,1476300
2026-01-08,144.5885772705078,144.80594548354094,143.11641946316576,143.17569896196215,1573300
2026-01-09,145.49755859375,145.78409626067557,144.8257042009861,144.91462344541034,1366400
2026-01-12,145.87303161621094,145.9718408383747,144.84548505609266,145.06285328391644,2123100
2026-01-13,145.82362365722656,146.38680907352295,145.4975713229766,146.14967599147653,1330400
2026-01-14,146.29788208007812,146.32752182924426,145.31972512908663,145.42840923475234,1442600
2026-01-15,146.9302215576172,147.39458265233404,146.4362056376249,146.70296337957873,1964900
2026-01-16,147.0883026123047,147.2661561920798,146.6832209953701,146.98950846902537,1497300
2026-01-20,144.8158416748047,146.12003593288657,144.5787085932579,145.64578484596316,2156200
2026-01-21,146.50537109375,146.94010754837007,145.30986091971542,145.35925045450995,2115300
2026-01-22,146.6634521484375,147.43411579544468,146.52512829067135,146.87093039700187,1413200
2026-01-23,145.92242431640625,146.4855946234933,145.3790037912034,146.3966753765063,1967500
2026-01-26,146.63381958007812,146.88082755791285,146.23859776984028,146.2583626293948,1306500
2026-01-27,146.821533203125,146.9104524478696,146.03110473877865,146.28798758231937,1105600
2026-01-28,146.91046142578125,147.4439920030227,146.39668063113288,147.01914553472284,1362000
2026-01-29,147.6909942626953,148.69879095427763,146.84128628276696,147.76016372760742,1789700
2026-01-30,148.16525268554688,148.3035765320019,146.6338004079722,147.27601503590583,1785500
2026-02-02,149.2224578857422,149.38054660933128,147.700895380666,147.77993974246056,1644500
2026-02-03,150.12156677246094,150.58594296374164,148.66915869780343,149.23232903171976,2166500
2026-02-04,150.9613800048828,151.3467118240428,150.1017971181804,150.45748918787962,2125000
2026-02-05,150.1709747314453,151.31708028383716,149.8646721767835,150.635350933084,2244900
2026-02-06,153.60931396484375,153.81679221209248,151.37636739615772,151.37636739615772,1634100
2026-02-09,153.87608337402344,154.17248086351805,153.07576492387997,153.19433899584718,1573500
2026-02-10,153.7871551513672,154.47878952407498,153.6982359009916,154.03416311985714,1351400
2026-02-11,154.62698364257812,154.95303596035777,153.93536436675896,154.56770414410354,1388800
2026-02-12,152.73983764648438,155.40752058386622,152.5916389018068,154.76530592203758,2209400
2026-02-13,153.51051330566406,154.19225773696525,152.02846543802517,152.22608388131343,1672200
2026-02-17,153.27337646484375,154.16259904571143,152.34462416970672,153.67845804100824,1838800
2026-02-18,153.73776245117188,154.25152816020355,153.204216807571,153.5302691284005,1286500
2026-02-19,153.34254455566406,153.89583999553682,152.78924911579134,153.55991277506695,1281100
2026-02-20,153.6982421875,154.1033388906734,152.54224665682537,152.99674797095147,1532600
2026-02-23,152.45330810546875,154.3898419698581,152.02844659645856,153.32276582826515,1639400
2026-02-24,152.8090057373047,152.94732958981632,151.86048855138972,152.1569011142487,1366800
2026-02-25,153.17457580566406,153.46111348352127,152.2655883169213,153.26349505348063,1071800
2026-02-26,153.07577514648438,153.7278798192596,152.17667757469223,153.23386386888512,1495600
2026-02-27,153.1943359375,153.3227698216605,151.73205307256515,152.1865392648298,1373700
2026-03-02,153.20420837402344,153.59943013941054,152.0679778353942,152.40390502884665,2054800
2026-03-03,151.44552612304688,151.98894667501776,149.36077824270043,151.13923865089149,2676600
2026-03-04,151.76168823242188,152.08772545449926,150.635332600376,151.62336438554496,2083200
2026-03-05,150.25,151.57395896673307,149.2125636159124,151.0898179671806,2288700
2026-03-06,148.93592834472656,149.3805396675103,147.54279980065704,148.6098760210399,1887200
2026-03-09,149.41018676757812,149.8547981122347,146.66345926145826,147.73053553433633,2177500
2026-03-10,148.90628051757812,150.48712236574247,148.68891231357807,149.3212520680776,1476700
2026-03-11,148.49130249023438,148.91616403217293,147.77993341687394,148.63951631581892,1261600
2026-03-12,146.95986938476562,148.18501928494166,146.89069991560328,147.2859217190232,2001100
2026-03-13,146.65354919433594,148.3430901638794,146.50535045848497,147.76015503464092,1857900
2026-03-16,147.5922088623047,148.23442356168434,147.31556113861774,147.90837122815967,2494800
2026-03-17,147.77993774414062,148.79760938970713,147.6910034157178,148.64939555978262,1400200
2026-03-18,145.7445831298828,147.60208796434307,145.68530362685462,147.2266310102703,2028900
2026-03-19,145.7445831298828,146.5942911843518,144.84548554033745,145.05296380093614,1838400
2026-03-20,144.2756805419922,146.2136645628712,143.82845579329512,145.74655877773785,2972500
2026-03-23,145.77638244628906,147.17769989489747,145.47824270385198,146.1043513277584,3453300
2026-03-24,146.4521942138672,147.19757386374135,144.7030420948194,144.8819259316911,2513600
2026-03-25,147.17770385742188,147.8237087012681,146.50190020331817,147.3963497842881,1806200
2026-03-26,146.3130645751953,147.58517802784144,146.20374161450908,146.48201548447614,1437400
2026-03-27,144.8024139404297,146.30312130979084,144.48439318211447,146.00496642307894,1650100
2026-03-30,144.58377075195312,146.16398713179018,144.05703701360335,145.9155272489917,1808500
2026-03-31,147.18765258789062,147.4857923396286,145.34904323996523,145.99503292178278,2273500
2026-04-01,147.03855895996094,147.7740056891377,146.81991304492968,147.55535977410645,2067000
2026-04-02,147.19757080078125,147.74418556560562,145.89564346579158,146.06459436313955,1170200
2026-04-06,147.7740020751953,147.79388311192687,146.81990945432045,147.0385553640045,1164800
2026-04-07,148.17153930664062,148.34049021542495,147.41622668534805,147.95289338591067,1122800
2026-04-08,151.15306091308594,151.172941951199,149.86106640193483,150.03996541537487,1185100
2026-04-09,151.72947692871094,152.14688770521838,150.6163815246911,150.66607653339645,937500
2026-04-10,151.1232452392578,152.06738981436496,150.9244803547282,151.99782892893447,755700
2026-04-13,152.2462921142578,152.25622505102282,150.54681971052608,150.67602371241597,1049200
2026-04-14,152.1767120361328,152.4053060587803,151.3021435154944,151.86862419189066,965800
2026-04-15,152.10714721679688,152.60406699524782,151.6400414118699,152.49474403739708,1056300
2026-04-16,152.88233947753906,152.98171433345905,152.05745083298424,152.06738376913984,1055500
2026-04-17,154.15444946289062,154.6414362898861,153.00159197334284,153.0512869825934,1254200
2026-04-20,154.1246337890625,154.5619256019805,153.87617391033976,154.06500584453505,1105800
2026-04-21,153.39913940429688,154.64143883204534,153.15067951874718,154.50230190272904,972600
2026-04-22,153.86624145507812,154.49235003935942,153.51839155786487,154.184262215147,976300
2026-04-23,154.87002563476562,155.2178603935273,153.7867441176805,154.0948319652195,1044500
2026-04-24,153.9954376220703,155.03897219867287,153.60784079816514,154.9594632136682,880700
2026-04-27,153.64759826660156,154.73087972083482,153.48858030135966,153.84636314076002,1058800
2026-04-28,153.33949279785156,154.19419539125045,153.12086205515658,153.84636065828278,1019300
2026-04-29,153.5482177734375,153.74698265992757,152.9022281011476,153.39914789976714,830400
2026-04-30,156.22164916992188,156.38066714549112,153.5879651307189,153.75693120775423,937000
2026-05-01,155.5458221435547,156.50984771795933,155.50607523415536,156.40052476112618,1185300
2026-05-04,154.28366088867188,155.41663739615825,153.92587803552942,154.87995553405037,1107800
2026-05-05,155.366943359375,155.90361006006182,154.3333417039054,154.6513776486002,1057900
2026-05-06,155.98312377929688,156.43034857090433,155.47627103744696,156.0129377544181,914800
2026-05-07,154.2041473388672,155.62533060817077,153.87617846946145,155.50607471558249,1029400
2026-05-08,154.50230407714844,155.03897076498197,154.29359109784264,154.98927575421507,955700
2026-05-11,154.8501434326172,155.18804525223007,154.53212265086052,154.90977138139726,1213300
2026-05-12,154.9992218017578,155.2377335866181,153.79666928219808,154.83025573443118,1134400
2026-05-13,154.68118286132812,154.91970980633852,154.0550591086681,154.601673879658,782200
2026-05-14,156.27133178710938,156.65892859382134,155.29735813759717,155.50607110957483,954200
2026-05-15,154.80044555664062,155.91355618416844,154.7110036351251,155.89367514667998,1078700
2026-05-18,155.66510009765625,155.75454202135822,154.46254751921578,154.82033037881232,1066800
2026-05-19,154.94952392578125,155.6750225326261,154.3830281176398,154.7905059622902,795200
2026-05-20,155.7843475341797,156.14213037434254,154.641438131742,155.0389678809061,965600
2026-05-21,156.28126525878906,156.31107923134698,154.87994788941558,155.4166297250337,1077100
2026-05-22,157.7223358154297,157.9807438076023,156.63905432993323,157.0266511534039,839700
2026-05-26,157.70245361328125,158.69629317020323,157.55338374565824,158.229202530055,1401600
2026-05-27,157.3943634033203,158.0801151136207,157.2751075110204,157.7422133089123,870000
2026-05-28,157.3446807861328,157.84160054834553,156.77818497811222,157.31485164879538,1076100
2026-05-29,158.20932006835938,158.23913404161556,157.6229583746038,157.8714182615973,909900
2026-06-01,158.20932006835938,158.51740790186525,157.21548052038528,157.66270528401603,1189400
2026-06-02,160.1771240234375,160.27651404780875,158.85531555620074,158.9447574792617,1102600
2026-06-03,159.49136352539062,160.2963711183101,159.39198867126507,159.9087743082086,1051500
2026-06-04,159.411865234375,159.54106923466998,158.28883680223356,158.82550351190952,1281700
2026-06-05,157.2651824951172,159.11372474280188,157.08628348286967,159.01433471768783,1454600
2026-06-08,157.14590454101562,158.30869499287454,156.9173256910232,158.01055526018357,1300200
2026-06-09,157.86146545410156,158.52733611161707,155.78434450031307,157.83165148173427,1212600
2026-06-10,156.2415313720703,158.01056466028803,156.14214134540188,157.54345883156648,1383100
2026-06-11,158.0701904296875,158.74599407438504,156.60924501359216,156.80800989939797,1749000
2026-06-12,159.34230041503906,159.7696441519449,158.25901892099606,158.6764297215047,1135900
2026-06-15,159.47149658203125,160.26655606884515,159.242902573024,160.0180961880189,1388800
2026-06-16,159.43174743652344,160.3361451156142,159.26279652363652,159.85910635188708,974000
2026-06-17,158.10000610351562,160.4653492149563,157.63290027621787,159.4218145972743,1632200
2026-06-18,158.2100067138672,159.4499969482422,158.05999755859375,159.41000366210938,2746200
2026-06-22,158.38999938964844,158.97000122070312,158.17999267578125,158.50999450683594,1697500
2026-06-23,158.1300048828125,158.50999450683594,157.02000427246094,157.50999450683594,2372400
2026-06-24,157.99000549316406,158.66000366210938,157.41000366210938,158.2100067138672,2642100
2026-06-25,158.9499969482422,160.42999267578125,158.72000122070312,158.7899932861328,1419600
2026-06-26,158.22000122070312,159.11000061035156,158.0399932861328,158.5399932861328,1256400
2026-06-29,158.4499969482422,159.1699981689453,157.75,158.61000061035156,1420500
2026-06-30,158.02999877929688,158.77000427246094,157.8699951171875,158.44000244140625,1080600
2026-07-01,158.24000549316406,159.10000610351562,157.57000732421875,157.6999969482422,1717700
2026-07-02,159.47999572753906,159.74000549316406,158.27000427246094,159.10000610351562,1496900
2026-07-06,160.13999938964844,160.39999389648438,159.61000061035156,160.13999938964844,1273200
2026-07-07,160.63999938964844,161.32000732421875,160.3800048828125,160.8300018310547,1015600
2026-07-08,159.7899932861328,160.52000427246094,159.74000549316406,160.38999938964844,1281100
2026-07-09,160.5500030517578,161.16000366210938,160.17999267578125,160.38999938964844,934600
2026-07-10,161.05999755859375,161.27999877929688,160.44000244140625,160.8300018310547,1354400
2026-07-13,160.86000061035156,161.6699981689453,160.58999633789062,161.4600067138672,1598900
2026-07-14,160.17999267578125,161.35000610351562,160.16000366210938,161.07000732421875,1441300
2026-07-15,160.10000610351562,160.88999938964844,159.6699981689453,160.42999267578125,1127100
2026-07-16,160.85000610351562,161.07000732421875,160.0500030517578,160.17999267578125,1030700
2026-07-17,160.16000366210938,161.6999969482422,159.9600067138672,160.42999267578125,1196900
2026-07-20,159.41000366210938,160.85000610351562,159.2899932861328,160.50999450683594,1390900
2026-07-21,160.5,160.6300048828125,159.27999877929688,160.07000732421875,848800
2026-07-22,161.64999389648438,161.92999267578125,160.75,160.82000732421875,853300
2026-07-23,161.27999877929688,161.6999969482422,160.64999389648438,160.9199981689453,881400
2026-07-24,162.22999572753906,162.69000244140625,161.3000030517578,161.47999572753906,1424800
2026-07-27,162.72999572753906,163.52999877929688,162.25999450683594,162.9199981689453,1119200
2026-07-28,163.83999633789062,164.39999389648438,163.27000427246094,163.4499969482422,1183400
2026-07-29,161.6699981689453,164.00999450683594,161.60000610351562,163.8000030517578,1159700
2026-07-30,161.9600067138672,162.02999877929688,160.39999389648438,161.80999755859375,1693700
2026-07-31,161.9600067138672,162.4199981689453,160.64999389648438,162.10000610351562,1526900
